# r,z,V
0.0,0.0,0.0
0.0,1.0,0.0
0.0,2.0,0.0
0.0,3.0,0.0
0.0,4.0,0.0
0.0,5.0,0.0
0.0,6.0,0.0
0.0,7.0,0.0
0.0,8.0,0.0
0.0,9.0,0.0
0.0,10.0,0.0
0.0,11.0,0.0
0.0,12.0,0.0
0.0,13.0,0.0
0.0,14.0,0.0
0.0,15.0,0.0
0.0,16.0,0.0
0.0,17.0,0.0
0.0,18.0,0.0
0.0,19.0,0.0
0.0,20.0,0.0
0.0,21.0,0.0
0.0,22.0,0.0
0.0,23.0,0.0
0.0,24.0,0.0
0.0,25.0,0.0
0.0,26.0,0.0
0.0,27.0,0.0
0.0,28.0,0.0
0.0,29.0,0.0
0.0,30.0,0.0
0.0,31.0,0.0
0.0,32.0,0.0
0.0,33.0,0.0
0.0,34.0,0.0
0.0,35.0,0.0
0.0,36.0,0.0
0.0,37.0,0.0
0.0,38.0,0.0
0.0,39.0,0.0
0.0,40.0,0.0
0.0,41.0,0.0
0.0,42.0,0.0
0.0,43.0,0.0
0.0,44.0,0.0
0.0,45.0,0.0
0.0,46.0,0.0
0.0,47.0,0.0
0.0,48.0,0.0
0.0,49.0,0.0
0.0,50.0,0.0
0.0,51.0,0.0
0.0,52.0,0.0
0.0,53.0,0.0
0.0,54.0,0.0
0.0,55.0,0.0
0.0,56.0,0.0
0.0,57.0,0.0
0.0,58.0,0.0
0.0,59.0,0.0
0.0,60.0,0.0
0.0,61.0,0.0
0.0,62.0,0.0
0.0,63.0,0.0
0.0,64.0,0.0
0.0,65.0,0.0
0.0,66.0,0.0
0.0,67.0,0.0
0.0,68.0,0.0
0.0,69.0,0.0
0.0,70.0,0.0
0.0,71.0,0.0
0.0,72.0,0.0
0.0,73.0,0.0
0.0,74.0,0.0
0.0,75.0,0.0
0.0,76.0,0.0
0.0,77.0,0.0
0.0,78.0,0.0
0.0,79.0,0.0
0.0,80.0,0.0
0.0,81.0,0.0
0.0,82.0,0.0
0.0,83.0,0.0
0.0,84.0,0.0
0.0,85.0,0.0
0.0,86.0,0.0
0.0,87.0,0.0
0.0,88.0,0.0
0.0,89.0,0.0
0.0,90.0,0.0
0.0,91.0,0.0
0.0,92.0,0.0
0.0,93.0,0.0
0.0,94.0,0.0
0.0,95.0,0.0
0.0,96.0,0.0
0.0,97.0,0.0
0.0,98.0,0.0
0.0,99.0,0.0
0.0,100.0,0.0
0.0,101.0,0.0
0.0,102.0,0.0
0.0,103.0,0.0
0.0,104.0,0.0
0.0,105.0,0.0
0.0,106.0,0.0
0.0,107.0,0.0
0.0,108.0,0.0
0.0,109.0,0.0
0.0,110.0,0.0
0.0,111.0,0.0
0.0,112.0,0.0
0.0,113.0,0.0
0.0,114.0,0.0
0.0,115.0,0.0
0.0,116.0,0.0
0.0,117.0,0.0
0.0,118.0,0.0
0.0,119.0,0.0
0.0,120.0,0.0
0.0,121.0,35.0
0.0,122.0,35.0
0.0,123.0,35.0
0.0,124.0,35.0
0.0,125.0,35.0
0.0,126.0,35.0
0.0,127.0,35.0
0.0,128.0,35.0
0.0,129.0,35.0
0.0,130.0,35.0
0.0,131.0,35.0
0.0,132.0,35.0
0.0,133.0,35.0
0.0,134.0,35.0
0.0,135.0,35.0
0.0,136.0,35.0
0.0,137.0,35.0
0.0,138.0,35.0
0.0,139.0,35.0
0.0,140.0,35.0
0.0,141.0,35.0
0.0,142.0,35.0
0.0,143.0,35.0
0.0,144.0,35.0
0.0,145.0,35.0
0.0,146.0,35.0
0.0,147.0,35.0
0.0,148.0,35.0
0.0,149.0,35.0
0.0,150.0,35.0
0.0,151.0,35.0
0.0,152.0,35.0
0.0,153.0,35.0
0.0,154.0,35.0
0.0,155.0,35.0
0.0,156.0,35.0
0.0,157.0,35.0
0.0,158.0,35.0
0.0,159.0,35.0
0.0,160.0,35.0
0.0,161.0,35.0
0.0,162.0,35.0
0.0,163.0,35.0
0.0,164.0,35.0
0.0,165.0,35.0
0.0,166.0,35.0
0.0,167.0,35.0
0.0,168.0,35.0
0.0,169.0,35.0
0.0,170.0,35.0
0.0,171.0,35.0
0.0,172.0,35.0
0.0,173.0,35.0
0.0,174.0,35.0
0.0,175.0,35.0
0.0,176.0,35.0
0.0,177.0,35.0
0.0,178.0,35.0
0.0,179.0,35.0
0.0,180.0,35.0
0.0,181.0,35.0
0.0,182.0,35.0
0.0,183.0,35.0
0.0,184.0,35.0
0.0,185.0,35.0
0.0,186.0,35.0
0.0,187.0,35.0
0.0,188.0,35.0
0.0,189.0,35.0
0.0,190.0,35.0
0.0,191.0,35.0
0.0,192.0,35.0
0.0,193.0,35.0
0.0,194.0,35.0
0.0,195.0,35.0
0.0,196.0,35.0
0.0,197.0,35.0
0.0,198.0,35.0
0.0,199.0,35.0
0.0,200.0,35.0
0.0,201.0,35.0
0.0,202.0,35.0
0.0,203.0,35.0
0.0,204.0,35.0
0.0,205.0,35.0
0.0,206.0,35.0
0.0,207.0,35.0
0.0,208.0,35.0
0.0,209.0,35.0
0.0,210.0,35.0
0.0,211.0,35.0
0.0,212.0,35.0
0.0,213.0,35.0
0.0,214.0,35.0
0.0,215.0,35.0
0.0,216.0,35.0
0.0,217.0,35.0
0.0,218.0,35.0
0.0,219.0,35.0
0.0,220.0,35.0
0.0,221.0,34.0
0.0,222.0,34.0
0.0,223.0,34.0
0.0,224.0,34.0
0.0,225.0,34.0
0.0,226.0,34.0
0.0,227.0,34.0
0.0,228.0,34.0
0.0,229.0,34.0
0.0,230.0,34.0
0.0,231.0,34.0
0.0,232.0,34.0
0.0,233.0,34.0
0.0,234.0,34.0
0.0,235.0,34.0
0.0,236.0,34.0
0.0,237.0,34.0
0.0,238.0,34.0
0.0,239.0,34.0
0.0,240.0,34.0
0.0,241.0,34.0
0.0,242.0,34.0
0.0,243.0,34.0
0.0,244.0,34.0
0.0,245.0,34.0
0.0,246.0,34.0
0.0,247.0,34.0
0.0,248.0,34.0
0.0,249.0,34.0
0.0,250.0,34.0
0.0,251.0,34.0
0.0,252.0,34.0
0.0,253.0,34.0
0.0,254.0,34.0
0.0,255.0,34.0
0.0,256.0,34.0
0.0,257.0,34.0
0.0,258.0,34.0
0.0,259.0,34.0
0.0,260.0,34.0
0.0,261.0,34.0
0.0,262.0,34.0
0.0,263.0,34.0
0.0,264.0,34.0
0.0,265.0,34.0
0.0,266.0,34.0
0.0,267.0,34.0
0.0,268.0,34.0
0.0,269.0,34.0
0.0,270.0,34.0
0.0,271.0,34.0
0.0,272.0,34.0
0.0,273.0,34.0
0.0,274.0,34.0
0.0,275.0,34.0
0.0,276.0,34.0
0.0,277.0,34.0
0.0,278.0,34.0
0.0,279.0,34.0
0.0,280.0,34.0
0.0,281.0,34.0
0.0,282.0,34.0
0.0,283.0,34.0
0.0,284.0,34.0
0.0,285.0,34.0
0.0,286.0,34.0
0.0,287.0,34.0
0.0,288.0,34.0
0.0,289.0,34.0
0.0,290.0,34.0
0.0,291.0,34.0
0.0,292.0,34.0
0.0,293.0,34.0
0.0,294.0,34.0
0.0,295.0,34.0
0.0,296.0,34.0
0.0,297.0,34.0
0.0,298.0,34.0
0.0,299.0,34.0
0.0,300.0,34.0
0.0,301.0,34.0
0.0,302.0,34.0
0.0,303.0,34.0
0.0,304.0,34.0
0.0,305.0,34.0
0.0,306.0,34.0
0.0,307.0,34.0
0.0,308.0,34.0
0.0,309.0,34.0
0.0,310.0,34.0
0.0,311.0,34.0
0.0,312.0,34.0
0.0,313.0,34.0
0.0,314.0,34.0
0.0,315.0,34.0
0.0,316.0,34.0
0.0,317.0,34.0
0.0,318.0,34.0
0.0,319.0,34.0
0.0,320.0,34.0
0.0,321.0,33.0
0.0,322.0,33.0
0.0,323.0,33.0
0.0,324.0,33.0
0.0,325.0,33.0
0.0,326.0,33.0
0.0,327.0,33.0
0.0,328.0,33.0
0.0,329.0,33.0
0.0,330.0,33.0
0.0,331.0,33.0
0.0,332.0,33.0
0.0,333.0,33.0
0.0,334.0,33.0
0.0,335.0,33.0
0.0,336.0,33.0
0.0,337.0,33.0
0.0,338.0,33.0
0.0,339.0,33.0
0.0,340.0,33.0
0.0,341.0,33.0
0.0,342.0,33.0
0.0,343.0,33.0
0.0,344.0,33.0
0.0,345.0,33.0
0.0,346.0,33.0
0.0,347.0,33.0
0.0,348.0,33.0
0.0,349.0,33.0
0.0,350.0,33.0
0.0,351.0,33.0
0.0,352.0,33.0
0.0,353.0,33.0
0.0,354.0,33.0
0.0,355.0,33.0
0.0,356.0,33.0
0.0,357.0,33.0
0.0,358.0,33.0
0.0,359.0,33.0
0.0,360.0,33.0
0.0,361.0,33.0
0.0,362.0,33.0
0.0,363.0,33.0
0.0,364.0,33.0
0.0,365.0,33.0
0.0,366.0,33.0
0.0,367.0,33.0
0.0,368.0,33.0
0.0,369.0,33.0
0.0,370.0,33.0
0.0,371.0,33.0
0.0,372.0,33.0
0.0,373.0,33.0
0.0,374.0,33.0
0.0,375.0,33.0
0.0,376.0,33.0
0.0,377.0,33.0
0.0,378.0,33.0
0.0,379.0,33.0
0.0,380.0,33.0
0.0,381.0,33.0
0.0,382.0,33.0
0.0,383.0,33.0
0.0,384.0,33.0
0.0,385.0,33.0
0.0,386.0,33.0
0.0,387.0,33.0
0.0,388.0,33.0
0.0,389.0,33.0
0.0,390.0,33.0
0.0,391.0,33.0
0.0,392.0,33.0
0.0,393.0,33.0
0.0,394.0,33.0
0.0,395.0,33.0
0.0,396.0,33.0
0.0,397.0,33.0
0.0,398.0,33.0
0.0,399.0,33.0
0.0,400.0,33.0
0.0,401.0,33.0
0.0,402.0,33.0
0.0,403.0,33.0
0.0,404.0,33.0
0.0,405.0,33.0
0.0,406.0,33.0
0.0,407.0,33.0
0.0,408.0,33.0
0.0,409.0,33.0
0.0,410.0,33.0
0.0,411.0,33.0
0.0,412.0,33.0
0.0,413.0,33.0
0.0,414.0,33.0
0.0,415.0,33.0
0.0,416.0,33.0
0.0,417.0,33.0
0.0,418.0,33.0
0.0,419.0,33.0
0.0,420.0,33.0
0.0,421.0,28.0
0.0,422.0,28.0
0.0,423.0,28.0
0.0,424.0,28.0
0.0,425.0,28.0
0.0,426.0,28.0
0.0,427.0,28.0
0.0,428.0,28.0
0.0,429.0,28.0
0.0,430.0,28.0
0.0,431.0,28.0
0.0,432.0,28.0
0.0,433.0,28.0
0.0,434.0,28.0
0.0,435.0,28.0
0.0,436.0,28.0
0.0,437.0,28.0
0.0,438.0,28.0
0.0,439.0,28.0
0.0,440.0,28.0
0.0,441.0,28.0
0.0,442.0,28.0
0.0,443.0,28.0
0.0,444.0,28.0
0.0,445.0,28.0
0.0,446.0,28.0
0.0,447.0,28.0
0.0,448.0,28.0
0.0,449.0,28.0
0.0,450.0,28.0
0.0,451.0,28.0
0.0,452.0,28.0
0.0,453.0,28.0
0.0,454.0,28.0
0.0,455.0,28.0
0.0,456.0,28.0
0.0,457.0,28.0
0.0,458.0,28.0
0.0,459.0,28.0
0.0,460.0,28.0
0.0,461.0,28.0
0.0,462.0,28.0
0.0,463.0,28.0
0.0,464.0,28.0
0.0,465.0,28.0
0.0,466.0,28.0
0.0,467.0,28.0
0.0,468.0,28.0
0.0,469.0,28.0
0.0,470.0,28.0
0.0,471.0,28.0
0.0,472.0,28.0
0.0,473.0,28.0
0.0,474.0,28.0
0.0,475.0,28.0
0.0,476.0,28.0
0.0,477.0,28.0
0.0,478.0,28.0
0.0,479.0,28.0
0.0,480.0,28.0
0.0,481.0,28.0
0.0,482.0,28.0
0.0,483.0,28.0
0.0,484.0,28.0
0.0,485.0,28.0
0.0,486.0,28.0
0.0,487.0,28.0
0.0,488.0,28.0
0.0,489.0,28.0
0.0,490.0,28.0
0.0,491.0,28.0
0.0,492.0,28.0
0.0,493.0,28.0
0.0,494.0,28.0
0.0,495.0,28.0
0.0,496.0,28.0
0.0,497.0,28.0
0.0,498.0,28.0
0.0,499.0,28.0
0.0,500.0,28.0
0.0,501.0,28.0
0.0,502.0,28.0
0.0,503.0,28.0
0.0,504.0,28.0
0.0,505.0,28.0
0.0,506.0,28.0
0.0,507.0,28.0
0.0,508.0,28.0
0.0,509.0,28.0
0.0,510.0,28.0
0.0,511.0,28.0
0.0,512.0,28.0
0.0,513.0,28.0
0.0,514.0,28.0
0.0,515.0,28.0
0.0,516.0,28.0
0.0,517.0,28.0
0.0,518.0,28.0
0.0,519.0,28.0
0.0,520.0,28.0
0.0,521.0,110.0
0.0,522.0,110.0
0.0,523.0,110.0
0.0,524.0,110.0
0.0,525.0,110.0
0.0,526.0,110.0
0.0,527.0,110.0
0.0,528.0,110.0
0.0,529.0,110.0
0.0,530.0,110.0
0.0,531.0,110.0
0.0,532.0,110.0
0.0,533.0,110.0
0.0,534.0,110.0
0.0,535.0,110.0
0.0,536.0,110.0
0.0,537.0,110.0
0.0,538.0,110.0
0.0,539.0,110.0
0.0,540.0,110.0
0.0,541.0,110.0
0.0,542.0,110.0
0.0,543.0,110.0
0.0,544.0,110.0
0.0,545.0,110.0
0.0,546.0,110.0
0.0,547.0,110.0
0.0,548.0,110.0
0.0,549.0,110.0
0.0,550.0,110.0
0.0,551.0,110.0
0.0,552.0,110.0
0.0,553.0,110.0
0.0,554.0,110.0
0.0,555.0,110.0
0.0,556.0,110.0
0.0,557.0,110.0
0.0,558.0,110.0
0.0,559.0,110.0
0.0,560.0,110.0
0.0,561.0,110.0
0.0,562.0,110.0
0.0,563.0,110.0
0.0,564.0,110.0
0.0,565.0,110.0
0.0,566.0,110.0
0.0,567.0,110.0
0.0,568.0,110.0
0.0,569.0,110.0
0.0,570.0,110.0
0.0,571.0,110.0
0.0,572.0,110.0
0.0,573.0,110.0
0.0,574.0,110.0
0.0,575.0,110.0
0.0,576.0,110.0
0.0,577.0,110.0
0.0,578.0,110.0
0.0,579.0,110.0
0.0,580.0,110.0
0.0,581.0,110.0
0.0,582.0,110.0
0.0,583.0,110.0
0.0,584.0,110.0
0.0,585.0,110.0
0.0,586.0,110.0
0.0,587.0,110.0
0.0,588.0,110.0
0.0,589.0,110.0
0.0,590.0,110.0
0.0,591.0,110.0
0.0,592.0,110.0
0.0,593.0,110.0
0.0,594.0,110.0
0.0,595.0,110.0
0.0,596.0,110.0
0.0,597.0,110.0
0.0,598.0,110.0
0.0,599.0,110.0
0.0,600.0,110.0
0.0,601.0,110.0
0.0,602.0,110.0
0.0,603.0,110.0
0.0,604.0,110.0
0.0,605.0,110.0
0.0,606.0,110.0
0.0,607.0,110.0
0.0,608.0,110.0
0.0,609.0,110.0
0.0,610.0,110.0
0.0,611.0,110.0
0.0,612.0,110.0
0.0,613.0,110.0
0.0,614.0,110.0
0.0,615.0,110.0
0.0,616.0,110.0
0.0,617.0,110.0
0.0,618.0,110.0
0.0,619.0,110.0
0.0,620.0,110.0
0.0,621.0,0.0
0.0,622.0,0.0
0.0,623.0,0.0
0.0,624.0,0.0
0.0,625.0,0.0
0.0,626.0,0.0
0.0,627.0,0.0
0.0,628.0,0.0
0.0,629.0,0.0
0.0,630.0,0.0
0.0,631.0,0.0
0.0,632.0,0.0
0.0,633.0,0.0
0.0,634.0,0.0
0.0,635.0,0.0
0.0,636.0,0.0
0.0,637.0,0.0
0.0,638.0,0.0
0.0,639.0,0.0
0.0,640.0,0.0
0.0,641.0,0.0
0.0,642.0,0.0
0.0,643.0,0.0
0.0,644.0,0.0
0.0,645.0,0.0
0.0,646.0,0.0
0.0,647.0,0.0
0.0,648.0,0.0
0.0,649.0,0.0
0.0,650.0,0.0
0.0,651.0,0.0
0.0,652.0,0.0
0.0,653.0,0.0
0.0,654.0,0.0
0.0,655.0,0.0
0.0,656.0,0.0
0.0,657.0,0.0
0.0,658.0,0.0
0.0,659.0,0.0
0.0,660.0,0.0
0.0,661.0,0.0
0.0,662.0,0.0
0.0,663.0,0.0
0.0,664.0,0.0
0.0,665.0,0.0
0.0,666.0,0.0
0.0,667.0,0.0
0.0,668.0,0.0
0.0,669.0,0.0
0.0,670.0,0.0
0.0,671.0,0.0
0.0,672.0,0.0
0.0,673.0,0.0
0.0,674.0,0.0
0.0,675.0,0.0
0.0,676.0,0.0
0.0,677.0,0.0
0.0,678.0,0.0
0.0,679.0,0.0
0.0,680.0,0.0
0.0,681.0,0.0
0.0,682.0,0.0
0.0,683.0,0.0
0.0,684.0,0.0
0.0,685.0,0.0
0.0,686.0,0.0
0.0,687.0,0.0
0.0,688.0,0.0
0.0,689.0,0.0
0.0,690.0,0.0
0.0,691.0,0.0
0.0,692.0,0.0
0.0,693.0,0.0
0.0,694.0,0.0
0.0,695.0,0.0
0.0,696.0,0.0
0.0,697.0,0.0
0.0,698.0,0.0
0.0,699.0,0.0
0.0,700.0,0.0
0.0,701.0,0.0
0.0,702.0,0.0
0.0,703.0,0.0
0.0,704.0,0.0
0.0,705.0,0.0
0.0,706.0,0.0
0.0,707.0,0.0
0.0,708.0,0.0
0.0,709.0,0.0
0.0,710.0,0.0
0.0,711.0,0.0
0.0,712.0,0.0
0.0,713.0,0.0
0.0,714.0,0.0
0.0,715.0,0.0
0.0,716.0,0.0
0.0,717.0,0.0
0.0,718.0,0.0
0.0,719.0,0.0
0.0,720.0,0.0
0.0,721.0,0.0
0.0,722.0,0.0
0.0,723.0,0.0
0.0,724.0,0.0
0.0,725.0,0.0
0.0,726.0,0.0
0.0,727.0,0.0
0.0,728.0,0.0
0.0,729.0,0.0
0.0,730.0,0.0
0.0,731.0,0.0
0.0,732.0,0.0
0.0,733.0,0.0
0.0,734.0,0.0
0.0,735.0,0.0
0.0,736.0,0.0
0.0,737.0,0.0
0.0,738.0,0.0
0.0,739.0,0.0
0.0,740.0,0.0
0.0,741.0,0.0
1.0,0.0,0.0
1.0,1.0,9.130429120070545e-05
1.0,2.0,0.0001829173428820804
1.0,3.0,0.0002751489166466737
1.0,4.0,0.0003683109491371115
1.0,5.0,0.0004627183948483299
1.0,6.0,0.0005586905873447705
1.0,7.0,0.0006565519384608004
1.0,8.0,0.0007566335015636736
1.0,9.0,0.000859273542282786
1.0,10.0,0.000964819319043689
1.0,11.0,0.0010736275411513333
1.0,12.0,0.0011860663825454894
1.0,13.0,0.0013025158440053669
1.0,14.0,0.0014233700170668644
1.0,15.0,0.0015490373683386715
1.0,16.0,0.0016799432718024965
1.0,17.0,0.0018165302347644846
1.0,18.0,0.0019592607183651104
1.0,19.0,0.002108617326574218
1.0,20.0,0.0022651059367118954
1.0,21.0,0.0024292558751816025
1.0,22.0,0.0026016233822038245
1.0,23.0,0.0027827918007343085
1.0,24.0,0.002973375402510776
1.0,25.0,0.0031740196199042123
1.0,26.0,0.0033854052638670157
1.0,27.0,0.0036082488324182286
1.0,28.0,0.003843307155275356
1.0,29.0,0.004091377817410903
1.0,30.0,0.004353304270197273
1.0,31.0,0.0046299764141589485
1.0,32.0,0.004922336222548452
1.0,33.0,0.0052313785342689165
1.0,34.0,0.005558157243169519
1.0,35.0,0.005903786360399627
1.0,36.0,0.0062694468316730634
1.0,37.0,0.006656387938388083
1.0,38.0,0.007065934816059272
1.0,39.0,0.0074994902758502655
1.0,40.0,0.007958543110825687
1.0,41.0,0.008444670434683757
1.0,42.0,0.008959546879109706
1.0,43.0,0.009504947565230711
1.0,44.0,0.010082758316035001
1.0,45.0,0.01069497939940863
1.0,46.0,0.011343736905476607
1.0,47.0,0.012031287429347814
1.0,48.0,0.0127600307958647
1.0,49.0,0.013532515887141152
1.0,50.0,0.014351454938609837
1.0,51.0,0.015219730763440058
1.0,52.0,0.016140412896671005
1.0,53.0,0.01711676652880242
1.0,54.0,0.018152270842870244
1.0,55.0,0.019250630047187255
1.0,56.0,0.020415794338441335
1.0,57.0,0.021651973524552226
1.0,58.0,0.022963661162074277
1.0,59.0,0.024355651392433664
1.0,60.0,0.025833066953509613
1.0,61.0,0.02740138002721554
1.0,62.0,0.029066445026218503
1.0,63.0,0.030834524483442226
1.0,64.0,0.03271232778388145
1.0,65.0,0.03470704343905504
1.0,66.0,0.03682638529694217
1.0,67.0,0.03907863296801039
1.0,68.0,0.04147268754102951
1.0,69.0,0.04401812250729766
1.0,70.0,0.046725251691141854
1.0,71.0,0.04960519382161276
1.0,72.0,0.052669956334424284
1.0,73.0,0.05593251786401251
1.0,74.0,0.05940693290895338
1.0,75.0,0.0631084381100125
1.0,76.0,0.06705358467661167
1.0,77.0,0.07126037660511483
1.0,78.0,0.07574844052211353
1.0,79.0,0.08053920733501414
1.0,80.0,0.08565613320287771
1.0,81.0,0.09112494105937115
1.0,82.0,0.09697391248591093
1.0,83.0,0.10323421301449393
1.0,84.0,0.10994028391827876
1.0,85.0,0.11713028669618536
1.0,86.0,0.12484663817160413
1.0,87.0,0.13313662764379086
1.0,88.0,0.1420531615695995
1.0,89.0,0.1516556360128532
1.0,90.0,0.16201099455613915
1.0,91.0,0.17319498694314533
1.0,92.0,0.18529370666994865
1.0,93.0,0.19840544909553065
1.0,94.0,0.21264300414956427
1.0,95.0,0.22813647269421228
1.0,96.0,0.24503678594805872
1.0,97.0,0.2635201061002278
1.0,98.0,0.28379341214691656
1.0,99.0,0.30610162394432633
1.0,100.0,0.330736818945309
1.0,101.0,0.35805025698164356
1.0,102.0,0.3884683020552711
1.0,103.0,0.42251375731675545
1.0,104.0,0.4608349270185813
1.0,105.0,0.504245833716833
1.0,106.0,0.5537829621609492
1.0,107.0,0.6107869759566904
1.0,108.0,0.6770232593532223
1.0,109.0,0.7548645436331928
1.0,110.0,0.8475763313359411
1.0,111.0,0.9597792028440502
1.0,112.0,1.0982297017368332
1.0,113.0,1.2732061047085579
1.0,114.0,1.5011164045319125
1.0,115.0,1.8097614958750188
1.0,116.0,2.249868433220863
1.0,117.0,2.9228715110568815
1.0,118.0,4.055163717270272
1.0,119.0,6.219030077801745
1.0,120.0,11.061316588397593
1.0,121.0,23.938334544480377
1.0,122.0,28.780620549460732
1.0,123.0,30.94448589703983
1.0,124.0,32.07677657951455
1.0,125.0,32.7497776176368
1.0,126.0,33.18988199234558
1.0,127.0,33.49852398939768
1.0,128.0,33.726430652729455
1.0,129.0,33.901402864611114
1.0,130.0,34.03984860351855
1.0,131.0,34.152046129902054
1.0,132.0,34.244751969087424
1.0,133.0,34.322586681131824
1.0,134.0,34.388815746099176
1.0,135.0,34.44581187056888
1.0,136.0,34.49534041176399
1.0,137.0,34.53874200384611
1.0,138.0,34.57705309958903
1.0,139.0,34.61108768692697
1.0,140.0,34.64149403271051
1.0,141.0,34.668794899771164
1.0,142.0,34.693416608718124
1.0,143.0,34.71571037275393
1.0,144.0,34.73596821928338
1.0,145.0,34.754435014503215
1.0,146.0,34.77131767992693
1.0,147.0,34.78679231621038
1.0,148.0,34.80100978874223
1.0,149.0,34.81410012798989
1.0,150.0,34.8261760486374
1.0,151.0,34.83733576563056
1.0,152.0,34.84766528655138
1.0,153.0,34.85724026935417
1.0,154.0,34.866127559566905
1.0,155.0,34.87438644848986
1.0,156.0,34.882069730649114
1.0,157.0,34.88922457571832
1.0,158.0,34.8958932726589
1.0,159.0,34.902113846241434
1.0,160.0,34.907920591500286
1.0,161.0,34.91334451746249
1.0,162.0,34.918413738166436
1.0,163.0,34.92315379705323
1.0,164.0,34.92758795790751
1.0,165.0,34.93173744527393
1.0,166.0,34.935621664292206
1.0,167.0,34.9392583809949
1.0,168.0,34.942663890754375
1.0,169.0,34.94585315483399
1.0,170.0,34.94883993108098
1.0,171.0,34.95163687813233
1.0,172.0,34.95425565790565
1.0,173.0,34.956707015490856
1.0,174.0,34.95900086019484
1.0,175.0,34.96114632681588
1.0,176.0,34.963151840037995
1.0,177.0,34.96502516112678
1.0,178.0,34.9667734390553
1.0,179.0,34.968403245440946
1.0,180.0,34.96992061472086
1.0,181.0,34.971331069205526
1.0,182.0,34.972639649767345
1.0,183.0,34.97385093209308
1.0,184.0,34.97496904859061
1.0,185.0,34.97599769617033
1.0,186.0,34.976940149301285
1.0,187.0,34.97779925882229
1.0,188.0,34.97857745515589
1.0,189.0,34.97927673658471
1.0,190.0,34.979898660362615
1.0,191.0,34.98044431733796
1.0,192.0,34.98091430675571
1.0,193.0,34.98130869162291
1.0,194.0,34.98162694976627
1.0,195.0,34.98186790007706
1.0,196.0,34.98202961669561
1.0,197.0,34.98210930856004
1.0,198.0,34.98210317300424
1.0,199.0,34.98200619631212
1.0,200.0,34.981811902254236
1.0,201.0,34.981512011642025
1.0,202.0,34.98109599815347
1.0,203.0,34.98055048106825
1.0,204.0,34.979858404673
1.0,205.0,34.978997890827046
1.0,206.0,34.97794062659282
1.0,207.0,34.97664953053812
1.0,208.0,34.97507531681116
1.0,209.0,34.973151277836955
1.0,210.0,34.97078513679471
1.0,211.0,34.96784583905903
1.0,212.0,34.96414124804798
1.0,213.0,34.959378551671286
1.0,214.0,34.953089754854936
1.0,215.0,34.944481302407524
1.0,216.0,34.932104563207986
1.0,217.0,34.91306208443773
1.0,218.0,34.880886126891454
1.0,219.0,34.8192262828981
1.0,220.0,34.68103036899795
1.0,221.0,34.31326144413641
1.0,222.0,34.17504752836443
1.0,223.0,34.11335161941382
1.0,224.0,34.08112141106711
1.0,225.0,34.062006311135356
1.0,226.0,34.04953833313997
1.0,227.0,34.040819713793375
1.0,228.0,34.03440144663847
1.0,229.0,34.02948953559981
1.0,230.0,34.025615476804084
1.0,231.0,34.022485880499836
1.0,232.0,34.01990796049021
1.0,233.0,34.017749939334415
1.0,234.0,34.01591874034098
1.0,235.0,34.01434677741632
1.0,236.0,34.01298380287541
1.0,237.0,34.01179168814177
1.0,238.0,34.01074098228137
1.0,239.0,34.009808575832785
1.0,240.0,34.00897608194454
1.0,241.0,34.0082286859037
1.0,242.0,34.00755431700035
1.0,243.0,34.00694303755077
1.0,244.0,34.00638659001623
1.0,245.0,34.00587805203561
1.0,246.0,34.00541157494329
1.0,247.0,34.004982178825934
1.0,248.0,34.00458559460964
1.0,249.0,34.00421813693036
1.0,250.0,34.003876605092174
1.0,251.0,34.00355820119862
1.0,252.0,34.00326046599001
1.0,253.0,34.00298122434343
1.0,254.0,34.00271854251148
1.0,255.0,34.00247069073056
1.0,256.0,34.00223611398521
1.0,257.0,34.002013405618385
1.0,258.0,34.00180128685551
1.0,259.0,34.001598587660126
1.0,260.0,34.00140423204163
1.0,261.0,34.001217223772976
1.0,262.0,34.00103663556772
1.0,263.0,34.000861598102446
1.0,264.0,34.00069129179453
1.0,265.0,34.00052493807933
1.0,266.0,34.00036179292018
1.0,267.0,34.000201139606425
1.0,268.0,34.00004228337683
1.0,269.0,33.99988454520107
1.0,270.0,33.999727257051184
1.0,271.0,33.99956975624762
1.0,272.0,33.99941138100178
1.0,273.0,33.999251464970655
1.0,274.0,33.99908933273419
1.0,275.0,33.99892429422225
1.0,276.0,33.998755639790254
1.0,277.0,33.99858263416216
1.0,278.0,33.99840451072709
1.0,279.0,33.9982204645786
1.0,280.0,33.998029645566056
1.0,281.0,33.99783114989196
1.0,282.0,33.997624011297816
1.0,283.0,33.99740719048446
1.0,284.0,33.997179563562035
1.0,285.0,33.9969399082419
1.0,286.0,33.99668688827998
1.0,287.0,33.99641903488084
1.0,288.0,33.99613472521736
1.0,289.0,33.995832156661486
1.0,290.0,33.99550931640108
1.0,291.0,33.99516394473756
1.0,292.0,33.99479349103075
1.0,293.0,33.994395059953696
1.0,294.0,33.993965345885414
1.0,295.0,33.99350055185868
1.0,296.0,33.99299628891826
1.0,297.0,33.99244744986482
1.0,298.0,33.991848049581066
1.0,299.0,33.991191021013954
1.0,300.0,33.990467951764316
1.0,301.0,33.989668740090686
1.0,302.0,33.98878113992566
1.0,303.0,33.98779015090902
1.0,304.0,33.98667718796779
1.0,305.0,33.98541893188536
1.0,306.0,33.98398570796353
1.0,307.0,33.982339150914555
1.0,308.0,33.98042876071882
1.0,309.0,33.97818668439761
1.0,310.0,33.975519560935
1.0,311.0,33.9722953121981
1.0,312.0,33.96832083181628
1.0,313.0,33.96330239143926
1.0,314.0,33.95677112681588
1.0,315.0,33.94793266073973
1.0,316.0,33.93533758125917
1.0,317.0,33.91608769620553
1.0,318.0,33.883714562946906
1.0,319.0,33.821867106776146
1.0,320.0,33.68349250841047
1.0,321.0,33.31555322278293
1.0,322.0,33.177176692909335
1.0,323.0,33.11532536715618
1.0,324.0,33.08294641308906
1.0,325.0,33.06368873620688
1.0,326.0,33.05108386738566
1.0,327.0,33.04223358115112
1.0,328.0,33.035688425338094
1.0,329.0,33.03065397544324
1.0,330.0,33.02666131270024
1.0,331.0,33.0234166467869
1.0,332.0,33.020726801725864
1.0,333.0,33.01845962183691
1.0,334.0,33.01652166039132
1.0,335.0,33.0148449701535
1.0,336.0,33.01337894802637
1.0,337.0,33.01208511636599
1.0,338.0,33.01093367850498
1.0,339.0,33.009901183098044
1.0,340.0,33.00896890238457
1.0,341.0,33.00812168211231
1.0,342.0,33.007347110643295
1.0,343.0,33.0066349082296
1.0,344.0,33.00597647146884
1.0,345.0,33.00536452842329
1.0,346.0,33.00479287454685
1.0,347.0,33.004256167635916
1.0,348.0,33.00374976737268
1.0,349.0,33.00326960786739
1.0,350.0,33.00281209609027
1.0,351.0,33.00237402941828
1.0,352.0,33.00195252892894
1.0,353.0,33.00154498401851
1.0,354.0,33.00114900703851
1.0,355.0,33.00076239467592
1.0,356.0,33.00038309600548
1.0,357.0,33.0000091844656
1.0,358.0,32.99963883449706
1.0,359.0,32.99927030028303
1.0,360.0,32.99890189791808
1.0,361.0,32.998531988434735
1.0,362.0,32.99815896348558
1.0,363.0,32.99778123097874
1.0,364.0,32.99739720287166
1.0,365.0,32.997005282209635
1.0,366.0,32.99660385198909
1.0,367.0,32.99619126266153
1.0,368.0,32.99576582121768
1.0,369.0,32.995325778349674
1.0,370.0,32.99486931698386
1.0,371.0,32.99439453832114
1.0,372.0,32.99389944902667
1.0,373.0,32.99338194530335
1.0,374.0,32.99283979783549
1.0,375.0,32.99227063288821
1.0,376.0,32.991671913884645
1.0,377.0,32.99104091824334
1.0,378.0,32.99037471411284
1.0,379.0,32.989670131214716
1.0,380.0,32.98892373070788
1.0,381.0,32.98813176762132
1.0,382.0,32.98729015097416
1.0,383.0,32.986394394332386
1.0,384.0,32.985439562005425
1.0,385.0,32.98442020263173
1.0,386.0,32.98333027523007
1.0,387.0,32.98216305814508
1.0,388.0,32.980911045470464
1.0,389.0,32.97956581952963
1.0,390.0,32.97811790285549
1.0,391.0,32.97655657549218
1.0,392.0,32.974869658749796
1.0,393.0,32.97304324684928
1.0,394.0,32.97106138310494
1.0,395.0,32.96890565465177
1.0,396.0,32.96655469368909
1.0,397.0,32.963983545859
1.0,398.0,32.96116287660229
1.0,399.0,32.958057950447746
1.0,400.0,32.95462731899283
1.0,401.0,32.95082110006589
1.0,402.0,32.9465787081801
1.0,403.0,32.94182580365135
1.0,404.0,32.93647014624039
1.0,405.0,32.93039584680346
1.0,406.0,32.923455266745094
1.0,407.0,32.91545734118012
1.0,408.0,32.90615036479573
1.0,409.0,32.8951958993599
1.0,410.0,32.88212800536903
1.0,411.0,32.86628719528381
1.0,412.0,32.846708885462625
1.0,413.0,32.821925426128914
1.0,414.0,32.78959353983948
1.0,415.0,32.745742434987065
1.0,416.0,32.68312620550439
1.0,417.0,32.58725510243849
1.0,418.0,32.42578819199966
1.0,419.0,32.116971446661566
1.0,420.0,31.425542192618103
1.0,421.0,29.586314203203802
1.0,422.0,28.894926278924878
1.0,423.0,28.586192333650143
1.0,424.0,28.424849975356935
1.0,425.0,28.32914560013557
1.0,426.0,28.266738841799526
1.0,427.0,28.223140664172327
1.0,428.0,28.191106022754536
1.0,429.0,28.166665138125556
1.0,430.0,28.147475900775202
1.0,431.0,28.13207198713292
1.0,432.0,28.119490304737727
1.0,433.0,28.10907302551231
1.0,434.0,28.100356046058774
1.0,435.0,28.093002945087598
1.0,436.0,28.086764225200028
1.0,437.0,28.081451225610408
1.0,438.0,28.076918920057036
1.0,439.0,28.073054246366592
1.0,440.0,28.069768020045945
1.0,441.0,28.06698919373117
1.0,442.0,28.06466072727698
1.0,443.0,28.06273654632414
1.0,444.0,28.06117929177815
1.0,445.0,28.059958610385397
1.0,446.0,28.05904986464869
1.0,447.0,28.058433125879983
1.0,448.0,28.058092405812715
1.0,449.0,28.058015041568336
1.0,450.0,28.05819122598883
1.0,451.0,28.058613622365275
1.0,452.0,28.05927707417929
1.0,453.0,28.060178360895378
1.0,454.0,28.061316020544385
1.0,455.0,28.06269019623787
1.0,456.0,28.064302533256143
1.0,457.0,28.066156086966558
1.0,458.0,28.068255271918034
1.0,459.0,28.070605813923876
1.0,460.0,28.073214737991215
1.0,461.0,28.076090354633326
1.0,462.0,28.07924227927202
1.0,463.0,28.082681447553252
1.0,464.0,28.08642016275943
1.0,465.0,28.090472138217674
1.0,466.0,28.094852572162733
1.0,467.0,28.09957821796173
1.0,468.0,28.104667488347182
1.0,469.0,28.11014055660767
1.0,470.0,28.116019494571663
1.0,471.0,28.12232841050108
1.0,472.0,28.129093628006196
1.0,473.0,28.13634386948816
1.0,474.0,28.144110486687204
1.0,475.0,28.15242770257853
1.0,476.0,28.16133290899185
1.0,477.0,28.170866985454442
1.0,478.0,28.181074685972145
1.0,479.0,28.192005061293578
1.0,480.0,28.2037119665776
1.0,481.0,28.216254625259467
1.0,482.0,28.22969830363336
1.0,483.0,28.2441150720788
1.0,484.0,28.259584714305536
1.0,485.0,28.276195768688176
1.0,486.0,28.29404677365147
1.0,487.0,28.313247714271345
1.0,488.0,28.33392175893033
1.0,489.0,28.356207304660927
1.0,490.0,28.38026044778612
1.0,491.0,28.40625793458016
1.0,492.0,28.43440075576647
1.0,493.0,28.464918502093926
1.0,494.0,28.498074727921864
1.0,495.0,28.534173552227124
1.0,496.0,28.573567896097906
1.0,497.0,28.616669795750152
1.0,498.0,28.663963481158067
1.0,499.0,28.716022069985424
1.0,500.0,28.773529152668182
1.0,501.0,28.837306968300496
1.0,502.0,28.908353698422598
1.0,503.0,28.987893455574515
1.0,504.0,29.07744436227731
1.0,505.0,29.178912778110117
1.0,506.0,29.294726233136284
1.0,507.0,29.42802488242554
1.0,508.0,29.582943908413213
1.0,509.0,29.765041392596586
1.0,510.0,29.98196701341097
1.0,511.0,30.24454516873294
1.0,512.0,30.568604467876064
1.0,513.0,30.9782243967766
1.0,514.0,31.51184543809187
1.0,515.0,32.234599967895086
1.0,516.0,33.265333019313395
1.0,517.0,34.84168938882062
1.0,518.0,37.49407417142598
1.0,519.0,42.563268029295024
1.0,520.0,53.907594389739245
1.0,521.0,84.07612387900885
1.0,522.0,95.42039775593767
1.0,523.0,100.48948646831099
1.0,524.0,103.14171308555144
1.0,525.0,104.71785773187274
1.0,526.0,105.7483247813814
1.0,527.0,106.4707581253959
1.0,528.0,107.00400170278485
1.0,529.0,107.41318660424787
1.0,530.0,107.73675182908273
1.0,531.0,107.99877517908499
1.0,532.0,108.21508336967206
1.0,533.0,108.39649869138903
1.0,534.0,108.55066849071534
1.0,535.0,108.6831482878705
1.0,536.0,108.7980704611426
1.0,537.0,108.8985721127011
1.0,538.0,108.98707745486827
1.0,539.0,109.06548925736143
1.0,540.0,109.13532176186503
1.0,541.0,109.19779490017115
1.0,542.0,109.25390235126116
1.0,543.0,109.30446151894577
1.0,544.0,109.35015080036315
1.0,545.0,109.3915377485806
1.0,546.0,109.4291006285721
1.0,547.0,109.46324509501022
1.0,548.0,109.49431723745086
1.0,549.0,109.52261387375701
1.0,550.0,109.54839074915454
1.0,551.0,109.57186911345225
1.0,552.0,109.59324104038409
1.0,553.0,109.61267375427998
1.0,554.0,109.6303131734983
1.0,555.0,109.6462868259036
1.0,556.0,109.66070626033506
1.0,557.0,109.67366904902573
1.0,558.0,109.68526045534772
1.0,559.0,109.69555482788657
1.0,560.0,109.70461676509115
1.0,561.0,109.71250209209144
1.0,562.0,109.71925867469214
1.0,563.0,109.72492710100546
1.0,564.0,109.72954124276714
1.0,565.0,109.7331287205081
1.0,566.0,109.73571127535085
1.0,567.0,109.73730506818178
1.0,568.0,109.73792090188256
1.0,569.0,109.73756438564689
1.0,570.0,109.73623603125425
1.0,571.0,109.73393129955889
1.0,572.0,109.73064058193398
1.0,573.0,109.72634913460965
1.0,574.0,109.72103694575658
1.0,575.0,109.71467855298174
1.0,576.0,109.70724278606778
1.0,577.0,109.69869245201049
1.0,578.0,109.68898393163333
1.0,579.0,109.67806670342726
1.0,580.0,109.66588275729546
1.0,581.0,109.65236591102412
1.0,582.0,109.63744098375852
1.0,583.0,109.62102283410543
1.0,584.0,109.60301520574123
1.0,585.0,109.58330937902869
1.0,586.0,109.56178255512734
1.0,587.0,109.53829595544194
1.0,588.0,109.51269253805337
1.0,589.0,109.4847942871689
1.0,590.0,109.45439893776563
1.0,591.0,109.42127604511629
1.0,592.0,109.38516219580335
1.0,593.0,109.34575518817499
1.0,594.0,109.30270686508561
1.0,595.0,109.25561427858861
1.0,596.0,109.20400866304153
1.0,597.0,109.14734161733264
1.0,598.0,109.08496757995334
1.0,599.0,109.01612144904502
1.0,600.0,108.93988964300365
1.0,601.0,108.85517231590997
1.0,602.0,108.76063334246585
1.0,603.0,108.65463327087332
1.0,604.0,108.53513800783061
1.0,605.0,108.39959242566668
1.0,606.0,108.24474204496894
1.0,607.0,108.06637621348985
1.0,608.0,107.8589492793432
1.0,609.0,107.61500662392511
1.0,610.0,107.32428763161784
1.0,611.0,106.97227272686303
1.0,612.0,106.53772917893441
1.0,613.0,105.98835582489384
1.0,614.0,105.27258656635685
1.0,615.0,104.30304892753671
1.0,616.0,102.92031668675482
1.0,617.0,100.80559790876575
1.0,618.0,97.2473732466283
1.0,619.0,90.44703399954591
1.0,620.0,75.22877976756524
1.0,621.0,34.75849055550312
1.0,622.0,19.540195329057266
1.0,623.0,12.739773953640618
1.0,624.0,9.181425749754094
1.0,625.0,7.066541596392314
1.0,626.0,5.683601583519295
1.0,627.0,4.713813068848154
1.0,628.0,3.9977489759784848
1.0,629.0,3.448035825083447
1.0,630.0,3.0131063591310543
1.0,631.0,2.660658099655527
1.0,632.0,2.3694568366139426
1.0,633.0,2.1249813483552735
1.0,634.0,1.9169691977774093
1.0,635.0,1.7379637655952331
1.0,636.0,1.5824172096103195
1.0,637.0,1.446116492875858
1.0,638.0,1.3258045444996698
1.0,639.0,1.2189234326787426
1.0,640.0,1.1234360327986685
1.0,641.0,1.0376996273758974
1.0,642.0,0.9603745741733103
1.0,643.0,0.8903572503157977
1.0,644.0,0.8267300177254934
1.0,645.0,0.7687234279087314
1.0,646.0,0.7156872601084949
1.0,647.0,0.667068128448017
1.0,648.0,0.6223919311913816
1.0,649.0,0.5812500173385591
1.0,650.0,0.5432881300511261
1.0,651.0,0.5081975524047169
1.0,652.0,0.4757079059501881
1.0,653.0,0.44558130819671254
1.0,654.0,0.4176075441531654
1.0,655.0,0.39160010794172584
1.0,656.0,0.3673928816743074
1.0,657.0,0.34483739090603377
1.0,658.0,0.3238004677329207
1.0,659.0,0.3041623087029828
1.0,660.0,0.28581479639942853
1.0,661.0,0.26866010011264463
1.0,662.0,0.25260944762766435
1.0,663.0,0.23758210056180754
1.0,664.0,0.22350443999624
1.0,665.0,0.2103092052161919
1.0,666.0,0.1979348020060805
1.0,667.0,0.18632472965390634
1.0,668.0,0.17542704977001547
1.0,669.0,0.16519394988598704
1.0,670.0,0.15558132971488528
1.0,671.0,0.14654846522544132
1.0,672.0,0.13805768200531454
1.0,673.0,0.1300740941813576
1.0,674.0,0.1225653432155638
1.0,675.0,0.11550139323475278
1.0,676.0,0.10885431957726086
1.0,677.0,0.10259814710090229
1.0,678.0,0.09670867699467298
1.0,679.0,0.09116335816506625
1.0,680.0,0.08594114380593444
1.0,681.0,0.08102238848571311
1.0,682.0,0.07638872810868745
1.0,683.0,0.07202299714842784
1.0,684.0,0.06790912718824202
1.0,685.0,0.06403208007735643
1.0,686.0,0.060377761379102106
1.0,687.0,0.056932966208315096
1.0,688.0,0.05368530476093063
1.0,689.0,0.05062315832212434
1.0,690.0,0.04773561468269553
1.0,691.0,0.04501243235651944
1.0,692.0,0.04244398416526924
1.0,693.0,0.04002122811955525
1.0,694.0,0.037735657815346664
1.0,695.0,0.035579278750594114
1.0,696.0,0.03354456445374671
1.0,697.0,0.031624437251845466
1.0,698.0,0.029812229265229938
1.0,699.0,0.028101666832360487
1.0,700.0,0.0264868356708425
1.0,701.0,0.024962168312019375
1.0,702.0,0.023522412858351948
1.0,703.0,0.022162622897051242
1.0,704.0,0.02087812938619784
1.0,705.0,0.01966453260874454
1.0,706.0,0.018517676800937546
1.0,707.0,0.01743364378145087
1.0,708.0,0.016408730000482707
1.0,709.0,0.01543944153775832
1.0,710.0,0.014522473302751778
1.0,711.0,0.013654705142975638
1.0,712.0,0.012833182967880443
1.0,713.0,0.012055115747648767
1.0,714.0,0.011317858367561984
1.0,715.0,0.010618909329280687
1.0,716.0,0.009955895170460246
1.0,717.0,0.00932656870665238
1.0,718.0,0.008728794873948493
1.0,719.0,0.008160549371279387
1.0,720.0,0.007619905802838275
1.0,721.0,0.007105034598543793
1.0,722.0,0.006614191348698041
1.0,723.0,0.006145715895381158
1.0,724.0,0.005698021764824601
1.0,725.0,0.005269595335048054
1.0,726.0,0.0048589862822380975
1.0,727.0,0.004464806740432934
1.0,728.0,0.004085722687156458
1.0,729.0,0.003720453019729008
1.0,730.0,0.003367761812804152
1.0,731.0,0.003026457243191896
1.0,732.0,0.0026953846580068286
1.0,733.0,0.002373425285937215
1.0,734.0,0.002059490059616747
1.0,735.0,0.0017525180562186326
1.0,736.0,0.0014514710215480793
1.0,737.0,0.0011553314868098141
1.0,738.0,0.0008630979448916979
1.0,739.0,0.0005737825932429554
1.0,740.0,0.00028640711496148334
1.0,741.0,0.0
2.0,0.0,0.0
2.0,1.0,0.00018458050990180326
2.0,2.0,0.00036978516112583584
2.0,3.0,0.0005562402897592594
2.0,4.0,0.000744576286710378
2.0,5.0,0.0009354301564192926
2.0,6.0,0.0011294470716390562
2.0,7.0,0.001327283325590606
2.0,8.0,0.0015296076115610048
2.0,9.0,0.0017371043987282437
2.0,10.0,0.0019504749678035433
2.0,11.0,0.0021704412419626187
2.0,12.0,0.0023977466113963074
2.0,13.0,0.0026331602525104434
2.0,14.0,0.0028774777764276763
2.0,15.0,0.003131526071902335
2.0,16.0,0.0033961638155895198
2.0,17.0,0.0036722868770240657
2.0,18.0,0.0039608287319111216
2.0,19.0,0.004262766471117988
2.0,20.0,0.004579121162434073
2.0,21.0,0.0049109645099219825
2.0,22.0,0.005259419214659575
2.0,23.0,0.005625666336120974
2.0,24.0,0.006010945708495972
2.0,25.0,0.006416564062186142
2.0,26.0,0.006843895559582378
2.0,27.0,0.007294390742473379
2.0,28.0,0.007769577259885308
2.0,29.0,0.008271069716472674
2.0,30.0,0.008800570675482554
2.0,31.0,0.009359881494365906
2.0,32.0,0.009950903698501306
2.0,33.0,0.010575650903754846
2.0,34.0,0.011236250671768446
2.0,35.0,0.011934957635555694
2.0,36.0,0.012674155965547749
2.0,37.0,0.013456373834243904
2.0,38.0,0.014284286644613446
2.0,39.0,0.015160732994231783
2.0,40.0,0.016088718845094125
2.0,41.0,0.01707143517774042
2.0,42.0,0.018112263315392892
2.0,43.0,0.019214794495844432
2.0,44.0,0.02038283660484795
2.0,45.0,0.02162043594003153
2.0,46.0,0.022931885660958846
2.0,47.0,0.024321750077701453
2.0,48.0,0.025794875191018227
2.0,49.0,0.027356415911989635
2.0,50.0,0.029011849149403055
2.0,51.0,0.030767004460744506
2.0,52.0,0.03262808025057672
2.0,53.0,0.034601678473513
2.0,54.0,0.03669482464448027
2.0,55.0,0.03891500736961552
2.0,56.0,0.04127020304678219
2.0,57.0,0.043768921202274054
2.0,58.0,0.04642023499142522
2.0,59.0,0.04923383358356148
2.0,60.0,0.05222005987679577
2.0,61.0,0.05538997152296067
2.0,62.0,0.05875538767383722
2.0,63.0,0.0623289607027563
2.0,64.0,0.06612423433825572
2.0,65.0,0.0701557287632961
2.0,66.0,0.07443901321873493
2.0,67.0,0.07899080800693123
2.0,68.0,0.08382907563616274
2.0,69.0,0.08897314441267531
2.0,70.0,0.09444382355674129
2.0,71.0,0.10026355466733462
2.0,72.0,0.10645655813059102
2.0,73.0,0.11304902097895352
2.0,74.0,0.12006928457164447
2.0,75.0,0.1275480805381089
2.0,76.0,0.13551877349889419
2.0,77.0,0.14401766132885083
2.0,78.0,0.15308429216199593
2.0,79.0,0.16276185182853212
2.0,80.0,0.1730975824217265
2.0,81.0,0.18414328955550452
2.0,82.0,0.19595590176120678
2.0,83.0,0.20859814495878728
2.0,84.0,0.22213930017721653
2.0,85.0,0.23665611527219824
2.0,86.0,0.2522338467389376
2.0,87.0,0.2689675142193236
2.0,88.0,0.2869633570383045
2.0,89.0,0.30634059407472647
2.0,90.0,0.3272334986332588
2.0,91.0,0.34979392029369255
2.0,92.0,0.37419430380404467
2.0,93.0,0.4006313892246273
2.0,94.0,0.42933071119195415
2.0,95.0,0.4605521740152452
2.0,96.0,0.49459694423553596
2.0,97.0,0.5318161082512708
2.0,98.0,0.5726215717315978
2.0,99.0,0.6174999791989154
2.0,100.0,0.6670305985793833
2.0,101.0,0.7219086241020619
2.0,102.0,0.782975827262826
2.0,103.0,0.8512614732102854
2.0,104.0,0.9280376440889833
2.0,105.0,1.0148952964851878
2.0,106.0,1.1138505597485817
2.0,107.0,1.2274962433110157
2.0,108.0,1.3592223268249655
2.0,109.0,1.5135446133811905
2.0,110.0,1.6966076458966897
2.0,111.0,1.9169774675636126
2.0,112.0,2.1869329727188536
2.0,113.0,2.524647103312596
2.0,114.0,2.9580170546495563
2.0,115.0,3.5316622292295055
2.0,116.0,4.320176554228602
2.0,117.0,5.453784893895273
2.0,118.0,7.16723802275115
2.0,119.0,9.881635839423605
2.0,120.0,14.264000836800301
2.0,121.0,20.735293894203277
2.0,122.0,25.11765786944848
2.0,123.0,27.83205363837788
2.0,124.0,29.545503686907537
2.0,125.0,30.67910790317486
2.0,126.0,31.46761704765842
2.0,127.0,32.04125596695655
2.0,128.0,32.47461856692948
2.0,129.0,32.81232422501337
2.0,130.0,33.08227010761749
2.0,131.0,33.30262912385379
2.0,132.0,33.48568013116679
2.0,133.0,33.639989131660364
2.0,134.0,33.77170062282631
2.0,135.0,33.88533035781854
2.0,136.0,33.98426826166699
2.0,137.0,34.071107084284975
2.0,138.0,34.14786289039644
2.0,139.0,34.21612656660539
2.0,140.0,34.27717011946416
2.0,141.0,34.332022732626555
2.0,142.0,34.381526089889284
2.0,143.0,34.42637529123645
2.0,144.0,34.4671495034459
2.0,145.0,34.50433526259146
2.0,146.0,34.538344358170924
2.0,147.0,34.56952775222776
2.0,148.0,34.598186478265994
2.0,149.0,34.62458029834039
2.0,150.0,34.64893459502757
2.0,151.0,34.671445945899585
2.0,152.0,34.69228662209329
2.0,153.0,34.7116082877274
2.0,154.0,34.72954501797372
2.0,155.0,34.74621582005445
2.0,156.0,34.76172670713872
2.0,157.0,34.77617245720985
2.0,158.0,34.78963806843998
2.0,159.0,34.80220001250798
2.0,160.0,34.81392727502246
2.0,161.0,34.82488226582035
2.0,162.0,34.83512157501638
2.0,163.0,34.84469664576784
2.0,164.0,34.85365433165051
2.0,165.0,34.8620374018474
2.0,166.0,34.86988495725519
2.0,167.0,34.87723281539074
2.0,168.0,34.884113824377906
2.0,169.0,34.89055816008635
2.0,170.0,34.896593565119616
2.0,171.0,34.902245580862484
2.0,172.0,34.907537730502696
2.0,173.0,34.912491701980535
2.0,174.0,34.917127488525345
2.0,175.0,34.92146353386485
2.0,176.0,34.92551683986044
2.0,177.0,34.92930308203604
2.0,178.0,34.93283669108065
2.0,179.0,34.936130944329776
2.0,180.0,34.939198025784016
2.0,181.0,34.942049097296255
2.0,182.0,34.94469434005268
2.0,183.0,34.94714300764034
2.0,184.0,34.9494034504275
2.0,185.0,34.95148315119348
2.0,186.0,34.9533887323106
2.0,187.0,34.95512597297971
2.0,188.0,34.95669979729527
2.0,189.0,34.958114270035225
2.0,190.0,34.95937256120256
2.0,191.0,34.96047691428206
2.0,192.0,34.961428579059245
2.0,193.0,34.96222774142918
2.0,194.0,34.962873410042896
2.0,195.0,34.96336328854193
2.0,196.0,34.963693590645335
2.0,197.0,34.96385882093038
2.0,198.0,34.96385147281805
2.0,199.0,34.9636616561326
2.0,200.0,34.96327659334438
2.0,201.0,34.96267997656349
2.0,202.0,34.96185109722904
2.0,203.0,34.96076369772369
2.0,204.0,34.95938439464122
2.0,205.0,34.95767052451025
2.0,206.0,34.95556710938645
2.0,207.0,34.9530025452347
2.0,208.0,34.94988230385764
2.0,209.0,34.94607955852738
2.0,210.0,34.94142081572528
2.0,211.0,34.93566327928973
2.0,212.0,34.92845795473401
2.0,213.0,34.9192873426533
2.0,214.0,34.90735600373176
2.0,215.0,34.89139062948679
2.0,216.0,34.869261403586776
2.0,217.0,34.837248972856194
2.0,218.0,34.78864744659205
2.0,219.0,34.711426600976786
2.0,220.0,34.58652977814691
2.0,221.0,34.401930587605236
2.0,222.0,34.27699737296371
2.0,223.0,34.199703619876566
2.0,224.0,34.150992422565906
2.0,225.0,34.11883318389648
2.0,226.0,34.09651951378458
2.0,227.0,34.08033143092052
2.0,228.0,34.06813836095831
2.0,229.0,34.058666103446
2.0,230.0,34.05111819150805
2.0,231.0,34.04497595708196
2.0,232.0,34.03988909372134
2.0,233.0,34.0356133429954
2.0,234.0,34.03197359595345
2.0,235.0,34.02884124867756
2.0,236.0,34.02611983041595
2.0,237.0,34.023735618919815
2.0,238.0,34.02163133788223
2.0,239.0,34.01976183318553
2.0,240.0,34.01809103295866
2.0,241.0,34.01658977915251
2.0,242.0,34.015234244028
2.0,243.0,34.01400476539392
2.0,244.0,34.0128849680271
2.0,245.0,34.01186110179676
2.0,246.0,34.01092152784711
2.0,247.0,34.0100563244688
2.0,248.0,34.00925697286191
2.0,249.0,34.00851611300618
2.0,250.0,34.007827343904005
2.0,251.0,34.00718506718078
2.0,252.0,34.006584355695274
2.0,253.0,34.006020850364116
2.0,254.0,34.00549067104
2.0,255.0,34.0049903466464
2.0,256.0,34.00451675297733
2.0,257.0,34.004067064231435
2.0,258.0,34.00363870839853
2.0,259.0,34.00322933283672
2.0,260.0,34.002836771389184
2.0,261.0,34.00245901932415
2.0,262.0,34.00209420839851
2.0,263.0,34.00174058809582
2.0,264.0,34.001396506119036
2.0,265.0,34.00106039385807
2.0,266.0,34.000730750580345
2.0,267.0,34.00040613168153
2.0,268.0,34.0000851353348
2.0,269.0,33.999766392465915
2.0,270.0,33.9994485549255
2.0,271.0,33.99913028636331
2.0,272.0,33.99881025116282
2.0,273.0,33.99848710551442
2.0,274.0,33.99815948643166
2.0,275.0,33.99782600236209
2.0,276.0,33.99748522160435
2.0,277.0,33.99713566175546
2.0,278.0,33.99677577676724
2.0,279.0,33.99640394440338
2.0,280.0,33.99601845099793
2.0,281.0,33.99561747586111
2.0,282.0,33.995199072498394
2.0,283.0,33.9947611485157
2.0,284.0,33.99430144156508
2.0,285.0,33.99381749267652
2.0,286.0,33.993306614409065
2.0,287.0,33.99276585453978
2.0,288.0,33.99219195263221
2.0,289.0,33.99158128939665
2.0,290.0,33.990929825814156
2.0,291.0,33.990233030805015
2.0,292.0,33.98948579356725
2.0,293.0,33.98868231763452
2.0,294.0,33.98781599107557
2.0,295.0,33.98687922701858
2.0,296.0,33.9858632656036
2.0,297.0,33.98475792645682
2.0,298.0,33.98355129627346
2.0,299.0,33.98222933096183
2.0,300.0,33.98077534374461
2.0,301.0,33.97916933921111
2.0,302.0,33.977387136741655
2.0,303.0,33.9753992013137
2.0,304.0,33.97316906206455
2.0,305.0,33.97065113905816
2.0,306.0,33.96778770547024
2.0,307.0,33.964504558631184
2.0,308.0,33.96070471962576
2.0,309.0,33.95625904300801
2.0,310.0,33.950991847105776
2.0,311.0,33.94465826350919
2.0,312.0,33.93690734069067
2.0,313.0,33.92721972387051
2.0,314.0,33.91479821992968
2.0,315.0,33.89836785561162
2.0,316.0,33.875797239234295
2.0,317.0,33.843365520049176
2.0,318.0,33.79436538834151
2.0,319.0,33.71676526900438
2.0,320.0,33.59150722169412
2.0,321.0,33.40656363213354
2.0,322.0,33.28130168016839
2.0,323.0,33.2036937382531
2.0,324.0,33.15468183944954
2.0,325.0,33.122234368655235
2.0,326.0,33.099643962584985
2.0,327.0,33.083189703193284
2.0,328.0,33.070740117481556
2.0,329.0,33.061020136626105
2.0,330.0,33.05323245727278
2.0,331.0,33.04685759942379
2.0,332.0,33.04154447080145
2.0,333.0,33.03704804630835
2.0,334.0,33.03319247095712
2.0,335.0,33.02984840885432
2.0,336.0,33.026918672661424
2.0,337.0,33.02432883269499
2.0,338.0,33.022020915513636
2.0,339.0,33.01994907422271
2.0,340.0,33.01807654945828
2.0,341.0,33.01637349527478
2.0,342.0,33.014815396294765
2.0,343.0,33.01338189747353
2.0,344.0,33.01205592586996
2.0,345.0,33.01082302346813
2.0,346.0,33.009670833349475
2.0,347.0,33.00858870038371
2.0,348.0,33.00756735656404
2.0,349.0,33.006598671763996
2.0,350.0,33.00567545307115
2.0,351.0,33.00479128327725
2.0,352.0,33.003940388022635
2.0,353.0,33.003117527437375
2.0,354.0,33.00231790490729
2.0,355.0,33.00153709185966
2.0,356.0,33.000770962695675
2.0,357.0,33.000015640695736
2.0,358.0,32.99926744964894
2.0,359.0,32.9985228733786
2.0,360.0,32.99777851804412
2.0,361.0,32.99703108042447
2.0,362.0,32.996277316895466
2.0,363.0,32.99551401717278
2.0,364.0,32.99473797717259
2.0,365.0,32.9939459758415
2.0,366.0,32.993134749812775
2.0,367.0,32.992300971477384
2.0,368.0,32.99144122372777
2.0,369.0,32.99055197768061
2.0,370.0,32.98962956594899
2.0,371.0,32.988670158479316
2.0,372.0,32.98766973275261
2.0,373.0,32.986624046068314
2.0,374.0,32.98552860085242
2.0,375.0,32.98437861139901
2.0,376.0,32.983168962030526
2.0,377.0,32.98189416574983
2.0,378.0,32.980548312292505
2.0,379.0,32.9791250152615
2.0,380.0,32.977617346018384
2.0,381.0,32.976017764520364
2.0,382.0,32.97431803332437
2.0,383.0,32.97250912527391
2.0,384.0,32.970581109315376
2.0,385.0,32.96852302497326
2.0,386.0,32.96632272766089
2.0,387.0,32.96396671482888
2.0,388.0,32.9614399120603
2.0,389.0,32.95872542764462
2.0,390.0,32.95580425033478
2.0,391.0,32.952654895676076
2.0,392.0,32.94925296887406
2.0,393.0,32.945570643402846
2.0,394.0,32.94157601234639
2.0,395.0,32.93723229976977
2.0,396.0,32.932496870107734
2.0,397.0,32.92731999980075
2.0,398.0,32.92164331422053
2.0,399.0,32.91539780824283
2.0,400.0,32.90850128524541
2.0,401.0,32.90085503787623
2.0,402.0,32.89233946323764
2.0,403.0,32.88280822814125
2.0,404.0,32.8720803596421
2.0,405.0,32.8599293908765
2.0,406.0,32.846068169454554
2.0,407.0,32.83012722551963
2.0,408.0,32.81162326705116
2.0,409.0,32.78991224218887
2.0,410.0,32.76411748799099
2.0,411.0,32.73301649260042
2.0,412.0,32.6948564106113
2.0,413.0,32.64704247816759
2.0,414.0,32.585590834933775
2.0,415.0,32.50412883200109
2.0,416.0,32.39200183811345
2.0,417.0,32.23060805457518
2.0,418.0,31.986413513806905
2.0,419.0,31.5992630666448
2.0,420.0,30.973869881705543
2.0,421.0,30.050098922761308
2.0,422.0,29.424789288304318
2.0,423.0,29.037806226393986
2.0,424.0,28.793863474808813
2.0,425.0,28.632806741315235
2.0,426.0,28.52110320481343
2.0,427.0,28.440152508459263
2.0,428.0,28.37930176125158
2.0,429.0,28.332180361762724
2.0,430.0,28.294806808743424
2.0,431.0,28.264589020961594
2.0,432.0,28.23977716503959
2.0,433.0,28.219152085747016
2.0,434.0,28.201840828909283
2.0,435.0,28.187203422228762
2.0,436.0,28.17476103350189
2.0,437.0,28.16414905531342
2.0,438.0,28.155085612018276
2.0,439.0,28.147349954204387
2.0,440.0,28.140767281360983
2.0,441.0,28.13519791854819
2.0,442.0,28.130529424267174
2.0,443.0,28.12667079146361
2.0,444.0,28.123548083677274
2.0,445.0,28.121101157077984
2.0,446.0,28.11928112475781
2.0,447.0,28.118048424835038
2.0,448.0,28.11737128786337
2.0,449.0,28.117224563184706
2.0,450.0,28.11758876505397
2.0,451.0,28.118449347059922
2.0,452.0,28.11979609777544
2.0,453.0,28.121622692182704
2.0,454.0,28.123926308071457
2.0,455.0,28.12670735675647
2.0,456.0,28.129969245659
2.0,457.0,28.133718231125787
2.0,458.0,28.13796328326654
2.0,459.0,28.142716027117245
2.0,460.0,28.147990683958895
2.0,461.0,28.153804081319848
2.0,462.0,28.16017565637165
2.0,463.0,28.167127524500938
2.0,464.0,28.174684538049746
2.0,465.0,28.18287440972189
2.0,466.0,28.191727825676402
2.0,467.0,28.20127862524829
2.0,468.0,28.211563972324118
2.0,469.0,28.222624597673864
2.0,470.0,28.234505037435746
2.0,471.0,28.24725394950271
2.0,472.0,28.260924433519367
2.0,473.0,28.27557443895345
2.0,474.0,28.291267188019074
2.0,475.0,28.308071701133635
2.0,476.0,28.326063353599196
2.0,477.0,28.34532455524617
2.0,478.0,28.36594548491151
2.0,479.0,28.38802497689528
2.0,480.0,28.411671496367212
2.0,481.0,28.437004308432
2.0,482.0,28.46415478587985
2.0,483.0,28.49326797136829
2.0,484.0,28.524504351773093
2.0,485.0,28.558041977155536
2.0,486.0,28.594078902316788
2.0,487.0,28.6328361095014
2.0,488.0,28.67456092294039
2.0,489.0,28.719531115922
2.0,490.0,28.76805977514779
2.0,491.0,28.820501193172806
2.0,492.0,28.877257945441787
2.0,493.0,28.938789543293616
2.0,494.0,29.00562298013103
2.0,495.0,29.078365777009978
2.0,496.0,29.157722136679578
2.0,497.0,29.244513210805916
2.0,498.0,29.33970264212228
2.0,499.0,29.44442915925893
2.0,500.0,29.560048484608586
2.0,501.0,29.688187912411596
2.0,502.0,29.830818126961958
2.0,503.0,29.99034904595937
2.0,504.0,30.1697594429585
2.0,505.0,30.372775120489177
2.0,506.0,30.604117959908855
2.0,507.0,30.86986086198374
2.0,508.0,31.177944332092554
2.0,509.0,31.538946447430025
2.0,510.0,31.967261126728882
2.0,511.0,32.48295543339012
2.0,512.0,33.1147950346442
2.0,513.0,33.90535441080417
2.0,514.0,34.91999048869319
2.0,515.0,36.26323782407353
2.0,516.0,38.10985689676547
2.0,517.0,40.764943394614505
2.0,518.0,44.778482158947284
2.0,519.0,51.137047258977255
2.0,520.0,61.403374129797946
2.0,521.0,76.56371082868276
2.0,522.0,86.82993160108049
2.0,523.0,93.18828414319538
2.0,524.0,97.20150316734026
2.0,525.0,99.85616165435506
2.0,526.0,101.70224298964942
2.0,527.0,103.04484102980058
2.0,528.0,104.05871404467918
2.0,529.0,104.84839398959055
2.0,530.0,105.47923479556236
2.0,531.0,105.99380753578869
2.0,532.0,106.4208740525497
2.0,533.0,106.78049714612547
2.0,534.0,107.08706602553787
2.0,535.0,107.35115358673073
2.0,536.0,107.58069467165889
2.0,537.0,107.78175600560427
2.0,538.0,107.95905276915266
2.0,539.0,108.11630350354173
2.0,540.0,108.25647914422046
2.0,541.0,108.38198115288378
2.0,542.0,108.49477111998092
2.0,543.0,108.59646656050435
2.0,544.0,108.68841270789187
2.0,545.0,108.7717370373002
2.0,546.0,108.84739114392475
2.0,547.0,108.91618327481868
2.0,548.0,108.97880383517207
2.0,549.0,109.0358455831496
2.0,550.0,109.08781974039537
2.0,551.0,109.1351689543979
2.0,552.0,109.1782777917977
2.0,553.0,109.21748129550184
2.0,554.0,109.25307199745242
2.0,555.0,109.28530570021559
2.0,556.0,109.31440626304942
2.0,557.0,109.34056958025775
2.0,558.0,109.36396690011263
2.0,559.0,109.38474759727424
2.0,560.0,109.40304149716444
2.0,561.0,109.41896081833372
2.0,562.0,109.43260180263096
2.0,563.0,109.44404606832059
2.0,564.0,109.45336173959427
2.0,565.0,109.4606043660848
2.0,566.0,109.465817676737
2.0,567.0,109.46903416566553
2.0,568.0,109.47027554959321
2.0,569.0,109.46955308181447
2.0,570.0,109.46686776004566
2.0,571.0,109.46221040228424
2.0,572.0,109.45556162715108
2.0,573.0,109.44689170289686
2.0,574.0,109.43616030113158
2.0,575.0,109.42331610962381
2.0,576.0,109.4082963395281
2.0,577.0,109.39102607091424
2.0,578.0,109.37141747016538
2.0,579.0,109.34936881113178
2.0,580.0,109.32476332969185
2.0,581.0,109.29746782889924
2.0,582.0,109.26733105683097
2.0,583.0,109.23418175504031
2.0,584.0,109.19782638621764
2.0,585.0,109.15804641212601
2.0,586.0,109.11459510703364
2.0,587.0,109.06719373824423
2.0,588.0,109.01552705900058
2.0,589.0,108.95923788439121
2.0,590.0,108.89792062711153
2.0,591.0,108.83111346515447
2.0,592.0,108.75828889944127
2.0,593.0,108.67884220716535
2.0,594.0,108.59207733767536
2.0,595.0,108.49718946379541
2.0,596.0,108.39324334840539
2.0,597.0,108.27914619995177
2.0,598.0,108.15361343985414
2.0,599.0,108.01512501374928
2.0,600.0,107.86186920046869
2.0,601.0,107.69166942712513
2.0,602.0,107.50188795080236
2.0,603.0,107.28929731201515
2.0,604.0,107.0499064710722
2.0,605.0,106.77872181389534
2.0,606.0,106.46941307832992
2.0,607.0,106.11383722801739
2.0,608.0,105.70134548764833
2.0,609.0,105.21775046925406
2.0,610.0,104.64374558002044
2.0,611.0,103.95241352290215
2.0,612.0,103.10516776575119
2.0,613.0,102.04489738323835
2.0,614.0,100.68392926635767
2.0,615.0,98.88203458167672
2.0,616.0,96.40477862844465
2.0,617.0,92.84288642597083
2.0,618.0,87.45857279460611
2.0,619.0,78.92838370810946
2.0,620.0,65.15596538337009
2.0,621.0,44.81830038480544
2.0,622.0,31.04579918741096
2.0,623.0,22.51544407357422
2.0,624.0,17.13088069560065
2.0,625.0,13.568654177124229
2.0,626.0,11.090978201239405
2.0,627.0,9.288576356857847
2.0,628.0,7.927012216976981
2.0,629.0,6.86605491695564
2.0,630.0,6.018029007691171
2.0,631.0,5.325820902563879
2.0,632.0,4.750841081654802
2.0,633.0,4.266168918006849
2.0,634.0,3.852494139926147
2.0,635.0,3.495625312382604
2.0,636.0,3.184909236218732
2.0,637.0,2.9121980514203205
2.0,638.0,2.671156261688393
2.0,639.0,2.4567845811661324
2.0,640.0,2.265085847621405
2.0,641.0,2.0928259966020666
2.0,642.0,1.93736018176779
2.0,643.0,1.7965041916814086
2.0,644.0,1.6684381120038512
2.0,645.0,1.5516330983077462
2.0,646.0,1.4447951614069008
2.0,647.0,1.3468214299837142
2.0,648.0,1.2567658893456783
2.0,649.0,1.1738121810593676
2.0,650.0,1.0972519348302476
2.0,651.0,1.0264672555471823
2.0,652.0,0.9609165771116949
2.0,653.0,0.9001230416838091
2.0,654.0,0.8436650062788087
2.0,655.0,0.7911681247482507
2.0,656.0,0.7422988214808139
2.0,657.0,0.6967587677230314
2.0,658.0,0.6542802988057443
2.0,659.0,0.614622478326219
2.0,660.0,0.5775678189802184
2.0,661.0,0.5429194236816646
2.0,662.0,0.5104985994468101
2.0,663.0,0.48014274376710364
2.0,664.0,0.45170358198719524
2.0,665.0,0.42504557884821637
2.0,666.0,0.4000446186644006
2.0,667.0,0.37658679310663207
2.0,668.0,0.35456740076295434
2.0,669.0,0.3338900085764989
2.0,670.0,0.3144656850566911
2.0,671.0,0.29621226356163965
2.0,672.0,0.2790537486773237
2.0,673.0,0.2629197303348591
2.0,674.0,0.24774492008209542
2.0,675.0,0.23346867931153617
2.0,676.0,0.220034654055923
2.0,677.0,0.2073903905582583
2.0,678.0,0.19548704557895885
2.0,679.0,0.18427906957130033
2.0,680.0,0.1737239754276174
2.0,681.0,0.16378207455172036
2.0,682.0,0.15441629124432169
2.0,683.0,0.1455919406004625
2.0,684.0,0.13727657884162942
2.0,685.0,0.1294398146239016
2.0,686.0,0.12205318790705419
2.0,687.0,0.11509000822047925
2.0,688.0,0.1085252563527044
2.0,689.0,0.10233544458284997
2.0,690.0,0.09649853674102125
2.0,691.0,0.09099382651029801
2.0,692.0,0.08580187236468392
2.0,693.0,0.08090439087756411
2.0,694.0,0.07628420377141718
2.0,695.0,0.07192514380286272
2.0,696.0,0.06781201171619217
2.0,697.0,0.06393049276278807
2.0,698.0,0.06026712178152651
2.0,699.0,0.05680920878807225
2.0,700.0,0.053544810740664625
2.0,701.0,0.050462664929439724
2.0,702.0,0.04755216624911274
2.0,703.0,0.04480330734991923
2.0,704.0,0.04220666044637934
2.0,705.0,0.03975332337448208
2.0,706.0,0.037434905130857885
2.0,707.0,0.03524347712654331
2.0,708.0,0.03317156178312004
2.0,709.0,0.031212088390154612
2.0,710.0,0.029358384191459724
2.0,711.0,0.0276041343474468
2.0,712.0,0.025943375031163
2.0,713.0,0.024370457073158467
2.0,714.0,0.022880040657580168
2.0,715.0,0.021467062289447073
2.0,716.0,0.020126730739091287
2.0,717.0,0.01885449702280768
2.0,718.0,0.017646051291834622
2.0,719.0,0.016497295559409566
2.0,720.0,0.015404341270224947
2.0,721.0,0.014363484541695361
2.0,722.0,0.013371204182928262
2.0,723.0,0.012424139246833105
2.0,724.0,0.011519087295300724
2.0,725.0,0.010652984082711087
2.0,726.0,0.009822901887154664
2.0,727.0,0.009026031165749812
2.0,728.0,0.008259678791100804
2.0,729.0,0.007521251535269496
2.0,730.0,0.006808254066830425
2.0,731.0,0.00611827413386756
2.0,732.0,0.005448980190417264
2.0,733.0,0.004798108159884114
2.0,734.0,0.00416345857072049
2.0,735.0,0.003542884790492712
2.0,736.0,0.0029342895596164657
2.0,737.0,0.002335614593201912
2.0,738.0,0.0017448364087679568
2.0,739.0,0.0011599571981402287
2.0,740.0,0.0005789998504719232
2.0,741.0,0.0
3.0,0.0,0.0
3.0,1.0,0.0002796201203837301
3.0,2.0,0.0005601858010584923
3.0,3.0,0.000842645667812538
3.0,4.0,0.0011279550066132502
3.0,5.0,0.001417078344252462
3.0,6.0,0.00171099361659428
3.0,7.0,0.0020106943093462074
3.0,8.0,0.002317194244998631
3.0,9.0,0.0026315293300512937
3.0,10.0,0.0029547630072300486
3.0,11.0,0.0032879876575874585
3.0,12.0,0.003632330766794284
3.0,13.0,0.003988956033408189
3.0,14.0,0.004359070301057175
3.0,15.0,0.004743924427900483
3.0,16.0,0.005144821040426528
3.0,17.0,0.0055631152238074764
3.0,18.0,0.006000223157928446
3.0,19.0,0.006457622694082226
3.0,20.0,0.006936862939863576
3.0,21.0,0.007439564794617099
3.0,22.0,0.007967431557141922
3.0,23.0,0.008522249500689447
3.0,24.0,0.009105899586247534
3.0,25.0,0.009720358167933258
3.0,26.0,0.010367709905238387
3.0,27.0,0.011050148701688307
3.0,28.0,0.011769991922182484
3.0,29.0,0.012529681682190822
3.0,30.0,0.01333180049165872
3.0,31.0,0.014179073029289472
3.0,32.0,0.015074383352970032
3.0,33.0,0.016020777314483644
3.0,34.0,0.01702148149877303
3.0,35.0,0.0180799064595615
3.0,36.0,0.019199667576933144
3.0,37.0,0.020384589324866774
3.0,38.0,0.021638728269773606
3.0,39.0,0.022966378618226934
3.0,40.0,0.024372097619804096
3.0,41.0,0.025860712689089925
3.0,42.0,0.027437349526434823
3.0,43.0,0.029107441164921543
3.0,44.0,0.030876759185106045
3.0,45.0,0.03275142510807922
3.0,46.0,0.034737945158359436
3.0,47.0,0.03684322451242514
3.0,48.0,0.039074606162246284
3.0,49.0,0.04143988863997234
3.0,50.0,0.04394736965919671
3.0,51.0,0.04660586807787311
3.0,52.0,0.049424773153421524
3.0,53.0,0.05241407168682544
3.0,54.0,0.05558440393203953
3.0,55.0,0.05894709709730091
3.0,56.0,0.06251422921380045
3.0,57.0,0.06629867047281587
3.0,58.0,0.07031415670348952
3.0,59.0,0.07457534042016836
3.0,60.0,0.07909787601224055
3.0,61.0,0.08389848289782814
3.0,62.0,0.08899504512865067
3.0,63.0,0.09440668973969665
3.0,64.0,0.100153904273228
3.0,65.0,0.10625863434369973
3.0,66.0,0.11274442366409046
3.0,67.0,0.11963653610291247
3.0,68.0,0.1269621242630246
3.0,69.0,0.13475038302525436
3.0,70.0,0.14303275474408492
3.0,71.0,0.15184312364295058
3.0,72.0,0.16121806848661258
3.0,73.0,0.17119711050144698
3.0,74.0,0.18182302830907585
3.0,75.0,0.19314217671801673
3.0,76.0,0.20520488428315045
3.0,77.0,0.21806586700322542
3.0,78.0,0.23178473691344076
3.0,79.0,0.2464265444333846
3.0,80.0,0.26206243816672387
3.0,81.0,0.2787703839637321
3.0,82.0,0.2966360336007282
3.0,83.0,0.31575369010306037
3.0,84.0,0.3362274694700118
3.0,85.0,0.3581726146409472
3.0,86.0,0.3817170753392324
3.0,87.0,0.4070033243058213
3.0,88.0,0.4341905448854696
3.0,89.0,0.46345718495644933
3.0,90.0,0.495004046206411
3.0,91.0,0.5290579451177517
3.0,92.0,0.5658761710253027
3.0,93.0,0.6057518490187747
3.0,94.0,0.6490205298650511
3.0,95.0,0.6960682414267382
3.0,96.0,0.7473414965433374
3.0,97.0,0.8033597243543696
3.0,98.0,0.8647309413848641
3.0,99.0,0.9321715732250917
3.0,100.0,1.0065318684314377
3.0,101.0,1.0888287024582775
3.0,102.0,1.1802884930072046
3.0,103.0,1.2824038925066585
3.0,104.0,1.397009751167146
3.0,105.0,1.5263861913567316
3.0,106.0,1.6734006850029721
3.0,107.0,1.8417069480346957
3.0,108.0,2.0360283738579725
3.0,109.0,2.262569395038259
3.0,110.0,2.5296245213021793
3.0,111.0,2.8484984887174702
3.0,112.0,3.2349250096452007
3.0,113.0,3.7112947785503345
3.0,114.0,4.310201146167518
3.0,115.0,5.080091018426945
3.0,116.0,6.094051854771559
3.0,117.0,7.462315447843717
3.0,118.0,9.345332460922007
3.0,119.0,11.94880386168419
3.0,120.0,15.433096687597546
3.0,121.0,19.56583490325059
3.0,122.0,23.050126180790038
3.0,123.0,25.65359447953413
3.0,124.0,27.53660682638934
3.0,125.0,28.904864173147224
3.0,126.0,29.918817161813728
3.0,127.0,30.688697558301598
3.0,128.0,31.28759278976456
3.0,129.0,31.76394972417618
3.0,130.0,32.15036166850138
3.0,131.0,32.46921926747482
3.0,132.0,32.73625617757586
3.0,133.0,32.962777072648606
3.0,134.0,33.157076393615306
3.0,135.0,33.32535849741845
3.0,136.0,33.47234669473206
3.0,137.0,33.60169461135308
3.0,138.0,33.716269621330575
3.0,139.0,33.818351741057064
3.0,140.0,33.90977570626152
3.0,141.0,33.992034045966314
3.0,142.0,34.06635304506412
3.0,143.0,34.13374943630064
3.0,144.0,34.19507331506703
3.0,145.0,34.251040942744176
3.0,146.0,34.30226015995692
3.0,147.0,34.349250207560274
3.0,148.0,34.392457396974464
3.0,149.0,34.43226754069003
3.0,150.0,34.469015959277094
3.0,151.0,34.5029955318387
3.0,152.0,34.5344632849176
3.0,153.0,34.56364575425814
3.0,154.0,34.59074344167701
3.0,155.0,34.61593447469769
3.0,156.0,34.639377694432575
3.0,157.0,34.66121520790758
3.0,158.0,34.68157457400267
3.0,159.0,34.70057061777081
3.0,160.0,34.7183070083262
3.0,161.0,34.73487757051592
3.0,162.0,34.750367444304004
3.0,163.0,34.76485404732963
3.0,164.0,34.778407940762584
3.0,165.0,34.79109354501368
3.0,166.0,34.802969796098694
3.0,167.0,34.81409068389334
3.0,168.0,34.824505756508024
3.0,169.0,34.83426052894897
3.0,170.0,34.84339687544966
3.0,171.0,34.851953342012315
3.0,172.0,34.85996545479559
3.0,173.0,34.86746596020548
3.0,174.0,34.8744850692842
3.0,175.0,34.881050642197955
3.0,176.0,34.88718838283222
3.0,177.0,34.892921979659604
3.0,178.0,34.89827326059243
3.0,179.0,34.90326229862775
3.0,180.0,34.90790753387665
3.0,181.0,34.91222584960373
3.0,182.0,34.91623266583833
3.0,183.0,34.919941989093914
3.0,184.0,34.92336647974279
3.0,185.0,34.92651747650481
3.0,186.0,34.92940503751922
3.0,187.0,34.93203793829818
3.0,188.0,34.93442368378395
3.0,189.0,34.93656847543184
3.0,190.0,34.938477187960146
3.0,191.0,34.94015329687845
3.0,192.0,34.94159880823775
3.0,193.0,34.94281413108098
3.0,194.0,34.94379793969904
3.0,195.0,34.94454696398481
3.0,196.0,34.94505574849332
3.0,197.0,34.94531631331037
3.0,198.0,34.9453177466059
3.0,199.0,34.94504565075984
3.0,200.0,34.94448145252834
3.0,201.0,34.943601475271876
3.0,202.0,34.94237574561455
3.0,203.0,34.9407663806677
3.0,204.0,34.93872544746041
3.0,205.0,34.93619202290468
3.0,206.0,34.93308816161455
3.0,207.0,34.929313216435695
3.0,208.0,34.92473576520574
3.0,209.0,34.91918185935672
3.0,210.0,34.91241764564054
3.0,211.0,34.90412307674985
3.0,212.0,34.89385139659239
3.0,213.0,34.880965482584394
3.0,214.0,34.86453656002845
3.0,215.0,34.843182746635115
3.0,216.0,34.814818013312355
3.0,217.0,34.77629493141175
3.0,218.0,34.723031131070734
3.0,219.0,34.64915125778227
3.0,220.0,34.55007510873008
3.0,221.0,34.43244360537137
3.0,222.0,34.333312328239046
3.0,223.0,34.25932201137692
3.0,224.0,34.20589207613097
3.0,225.0,34.167146603072005
3.0,226.0,34.13850246528638
3.0,227.0,34.11681128360118
3.0,228.0,34.099985879813026
3.0,229.0,34.08664302185573
3.0,230.0,34.07585237734741
3.0,231.0,34.06697505522298
3.0,232.0,34.05956231065407
3.0,233.0,34.05329188353709
3.0,234.0,34.047927471977715
3.0,235.0,34.04329243805182
3.0,236.0,34.03925241525911
3.0,237.0,34.03570355103544
3.0,238.0,34.03256441657017
3.0,239.0,34.02977031979615
3.0,240.0,34.02726925335944
3.0,241.0,34.02501894532469
3.0,242.0,34.022984695558684
3.0,243.0,34.02113775164095
3.0,244.0,34.01945408892027
3.0,245.0,34.01791346896729
3.0,246.0,34.0164987191406
3.0,247.0,34.01519516197153
3.0,248.0,34.0139901725746
3.0,249.0,34.01287281918936
3.0,250.0,34.01183358187921
3.0,251.0,34.0108641182045
3.0,252.0,34.00995707905767
3.0,253.0,34.009105951122294
3.0,254.0,34.0083049330896
3.0,255.0,34.007548826686445
3.0,256.0,34.006832951452445
3.0,257.0,34.00615306730243
3.0,258.0,34.00550531448876
3.0,259.0,34.004886157094546
3.0,260.0,34.00429233973848
3.0,261.0,34.00372084520547
3.0,262.0,34.00316886241399
3.0,263.0,34.00263375370715
3.0,264.0,34.002113030423025
3.0,265.0,34.00160432680581
3.0,266.0,34.00110538065665
3.0,267.0,34.00061401172598
3.0,268.0,34.00012810563659
3.0,269.0,33.99964559518253
3.0,270.0,33.999164446157465
3.0,271.0,33.99868264032633
3.0,272.0,33.99819816204808
3.0,273.0,33.99770898186828
3.0,274.0,33.99721304294239
3.0,275.0,33.996708244254876
3.0,276.0,33.996192425848356
3.0,277.0,33.99566335061672
3.0,278.0,33.9951186872275
3.0,279.0,33.99455598925322
3.0,280.0,33.99397267441735
3.0,281.0,33.993365999486265
3.0,282.0,33.99273303402655
3.0,283.0,33.99207062891494
3.0,284.0,33.99137538207893
3.0,285.0,33.99064359757966
3.0,286.0,33.98987123966959
3.0,287.0,33.98905387796529
3.0,288.0,33.9881866243342
3.0,289.0,33.98726405735657
3.0,290.0,33.986280133589354
3.0,291.0,33.9852280807046
3.0,292.0,33.98410026974414
3.0,293.0,33.98288805988978
3.0,294.0,33.98158160987492
3.0,295.0,33.98016964615799
3.0,296.0,33.978639176721096
3.0,297.0,33.976975134287365
3.0,298.0,33.975159928338215
3.0,299.0,33.973172877332395
3.0,300.0,33.97098948236716
3.0,301.0,33.96858048860502
3.0,302.0,33.96591065889229
3.0,303.0,33.962937152762414
3.0,304.0,33.95960735582413
3.0,305.0,33.95585593365369
3.0,306.0,33.95160077218435
3.0,307.0,33.94673729394905
3.0,308.0,33.94113035970205
3.0,309.0,33.934602514217396
3.0,310.0,33.92691658489644
3.0,311.0,33.91774939081152
3.0,312.0,33.90665120665455
3.0,313.0,33.892982104462064
3.0,314.0,33.87581064826496
3.0,315.0,33.853752438863935
3.0,316.0,33.824719056321406
3.0,317.0,33.78556080812278
3.0,318.0,33.73169317050777
3.0,319.0,33.65723874647625
3.0,320.0,33.55761538627393
3.0,321.0,33.43946216180995
3.0,322.0,33.339832886661
3.0,323.0,33.265366612632064
3.0,324.0,33.21148114970391
3.0,325.0,33.1722990402758
3.0,326.0,33.14323567948026
3.0,327.0,33.121141272836205
3.0,328.0,33.10392727729155
3.0,329.0,33.09020914884803
3.0,330.0,33.07905528464107
3.0,331.0,33.0698255669855
3.0,332.0,33.06207005748161
3.0,333.0,33.05546533780483
3.0,334.0,33.04977397296758
3.0,335.0,33.04481821920517
3.0,336.0,33.04046262173932
3.0,337.0,33.03660225917527
3.0,338.0,33.0331546441036
3.0,339.0,33.03005403767207
3.0,340.0,33.027247388756244
3.0,341.0,33.02469138587934
3.0,342.0,33.022350285153465
3.0,343.0,33.02019428697001
3.0,344.0,33.01819830790701
3.0,345.0,33.016341039454716
3.0,346.0,33.01460421965646
3.0,347.0,33.0129720621798
3.0,348.0,33.0114308059484
3.0,349.0,33.009968354693214
3.0,350.0,33.00857398793052
3.0,351.0,33.007238124863
3.0,352.0,33.0059521324473
3.0,353.0,33.00470816517656
3.0,354.0,33.00349903335659
3.0,355.0,33.00231809040514
3.0,356.0,33.0011591393617
3.0,357.0,33.00001635048802
3.0,358.0,32.99888419244506
3.0,359.0,32.997757369365715
3.0,360.0,32.9966307680153
3.0,361.0,32.99549940725979
3.0,362.0,32.99435839542179
3.0,363.0,32.993202887306225
3.0,364.0,32.99202804769438
3.0,365.0,32.99082901242029
3.0,366.0,32.989600854961125
3.0,367.0,32.98833854881637
3.0,368.0,32.9870369347012
3.0,369.0,32.98569068184938
3.0,370.0,32.984294253529306
3.0,371.0,32.98284186496281
3.0,372.0,32.98132744482137
3.0,373.0,32.97974458725851
3.0,374.0,32.97808650671396
3.0,375.0,32.97634598108156
3.0,376.0,32.974515296512756
3.0,377.0,32.97258617792102
3.0,378.0,32.97054971944046
3.0,379.0,32.968396297176255
3.0,380.0,32.9661154793746
3.0,381.0,32.9636959143521
3.0,382.0,32.96112521199245
3.0,383.0,32.95838979676949
3.0,384.0,32.955474748445184
3.0,385.0,32.952363605447616
3.0,386.0,32.94903814683354
3.0,387.0,32.94547812399097
3.0,388.0,32.94166095673337
3.0,389.0,32.93756135963222
3.0,390.0,32.93315091022562
3.0,391.0,32.928397517171206
3.0,392.0,32.92326479383258
3.0,393.0,32.917711283242326
3.0,394.0,32.911689528058375
3.0,395.0,32.90514491137638
3.0,396.0,32.89801423934297
3.0,397.0,32.89022395618324
3.0,398.0,32.88168791874556
3.0,399.0,32.872304555682014
3.0,400.0,32.861953251156145
3.0,401.0,32.8504896493451
3.0,402.0,32.83773953897561
3.0,403.0,32.8234907451258
3.0,404.0,32.807482293744584
3.0,405.0,32.789389677447026
3.0,406.0,32.7688045762689
3.0,407.0,32.74520643489846
3.0,408.0,32.71792199091422
3.0,409.0,32.68606649961968
3.0,410.0,32.64845674863257
3.0,411.0,32.603479598916884
3.0,412.0,32.54888932760558
3.0,413.0,32.481489332568366
3.0,414.0,32.39662563038454
3.0,415.0,32.28737957646217
3.0,416.0,32.14331260399423
3.0,417.0,31.948679961494108
3.0,418.0,31.680562947863976
3.0,419.0,31.30957869984751
3.0,420.0,30.812820824946545
3.0,421.0,30.2234892718577
3.0,422.0,29.726857963241393
3.0,423.0,29.356127278057365
3.0,424.0,29.088391686521042
3.0,425.0,28.894269622323755
3.0,426.0,28.75084412213769
3.0,427.0,28.642372616692917
3.0,428.0,28.558419176914697
3.0,429.0,28.492068257039968
3.0,430.0,28.43866944925884
3.0,431.0,28.395030211549674
3.0,432.0,28.358909386150067
3.0,433.0,28.328698914221864
3.0,434.0,28.303221204248274
3.0,435.0,28.28159768586686
3.0,436.0,28.2631618554497
3.0,437.0,28.24740051685158
3.0,438.0,28.23391334648491
3.0,439.0,28.222384490087286
3.0,440.0,28.212562326694083
3.0,441.0,28.204244758221815
3.0,442.0,28.19726842424821
3.0,443.0,28.191500622627974
3.0,444.0,28.186833252148382
3.0,445.0,28.183178151820925
3.0,446.0,28.180463551574828
3.0,447.0,28.17863127336916
3.0,448.0,28.177634582834283
3.0,449.0,28.17743645481096
3.0,450.0,28.178008244715606
3.0,451.0,28.179328590222806
3.0,452.0,28.181382583554168
3.0,453.0,28.184161069883235
3.0,454.0,28.187660139247107
3.0,455.0,28.191880683483916
3.0,456.0,28.19682810180099
3.0,457.0,28.202512034727263
3.0,458.0,28.208946220463154
3.0,459.0,28.21614835747268
3.0,460.0,28.224140074535573
3.0,461.0,28.23294689396
3.0,462.0,28.2425982945653
3.0,463.0,28.25312776080766
3.0,464.0,28.264572929018982
3.0,465.0,28.27697571723656
3.0,466.0,28.290382553394032
3.0,467.0,28.304844588283736
3.0,468.0,28.320418011615807
3.0,469.0,28.337164357635025
3.0,470.0,28.355150922181387
3.0,471.0,28.374451178082644
3.0,472.0,28.395145314578194
3.0,473.0,28.417320788746213
3.0,474.0,28.441073018994842
3.0,475.0,28.46650611068622
3.0,476.0,28.49373374926719
3.0,477.0,28.522880154588847
3.0,478.0,28.554081238650376
3.0,479.0,28.587485866333793
3.0,480.0,28.623257370699253
3.0,481.0,28.661575231741022
3.0,482.0,28.702637083454565
3.0,483.0,28.746660972792338
3.0,484.0,28.79388805499932
3.0,485.0,28.84458567205722
3.0,486.0,28.89905102877739
3.0,487.0,28.957615450204568
3.0,488.0,29.020649482298037
3.0,489.0,29.0885688795187
3.0,490.0,29.1618418184279
3.0,491.0,29.24099748053414
3.0,492.0,29.326636472853256
3.0,493.0,29.419443399463052
3.0,494.0,29.52020227657721
3.0,495.0,29.629815404080542
3.0,496.0,29.749326788043177
3.0,497.0,29.879951274759023
3.0,498.0,30.023111240804614
3.0,499.0,30.180483042501557
3.0,500.0,30.35405653129769
3.0,501.0,30.546211919541847
3.0,502.0,30.759820298398914
3.0,503.0,30.99837647171425
3.0,504.0,31.26617689897278
3.0,505.0,31.568561195843994
3.0,506.0,31.912244972452434
3.0,507.0,32.305785827064476
3.0,508.0,32.76024736013981
3.0,509.0,33.29016294871324
3.0,510.0,33.91496260387591
3.0,511.0,34.66112876176656
3.0,512.0,35.56552017886119
3.0,513.0,36.680591844273486
3.0,514.0,38.082701952843514
3.0,515.0,39.88535116694585
3.0,516.0,42.25976926133632
3.0,517.0,45.46420970537094
3.0,518.0,49.87458139733961
3.0,519.0,55.97280803583637
3.0,520.0,64.13460215720355
3.0,521.0,73.81553515581501
3.0,522.0,81.97716855415275
3.0,523.0,88.07507320019735
3.0,524.0,92.48496053457072
3.0,525.0,95.68875260886779
3.0,526.0,98.06235611426513
3.0,527.0,99.86402174891694
3.0,528.0,101.26497593744867
3.0,529.0,102.37871540703397
3.0,530.0,103.28159381122211
3.0,531.0,104.02606098321323
3.0,532.0,104.64896988149592
3.0,533.0,105.17679649091542
3.0,534.0,105.62896368374136
3.0,535.0,106.01999699632398
3.0,536.0,106.36095144514518
3.0,537.0,106.66037528325029
3.0,538.0,106.92497396510954
3.0,539.0,107.1600761181008
3.0,540.0,107.36996632314381
3.0,541.0,107.55812658799714
3.0,542.0,107.72741422328708
3.0,543.0,107.8801946431083
3.0,544.0,108.01844180567005
3.0,545.0,108.14381503859771
3.0,546.0,108.2577184654193
3.0,547.0,108.36134740587818
3.0,548.0,108.45572496388138
3.0,549.0,108.54173110190247
3.0,550.0,108.62012594619951
3.0,551.0,108.69156858598824
3.0,552.0,108.756632353581
3.0,553.0,108.81581730806353
3.0,554.0,108.86956050021035
3.0,555.0,108.91824444844355
3.0,556.0,108.96220417220803
3.0,557.0,109.00173304925336
3.0,558.0,109.03708770660552
3.0,559.0,109.06849211864873
3.0,560.0,109.09614103775326
3.0,561.0,109.12020287721275
3.0,562.0,109.14082211728552
3.0,563.0,109.15812132320659
3.0,564.0,109.17220280865187
3.0,565.0,109.18315001606929
3.0,566.0,109.19102862034346
3.0,567.0,109.19588741780473
3.0,568.0,109.19775898619262
3.0,569.0,109.19666017297376
3.0,570.0,109.19259238037523
3.0,571.0,109.1855417026424
3.0,572.0,109.17547886856099
3.0,573.0,109.16235904413776
3.0,574.0,109.14612143385264
3.0,575.0,109.1266887348884
3.0,576.0,109.10396636774443
3.0,577.0,109.07784153617231
3.0,578.0,109.04818202331109
3.0,579.0,109.01483477321644
3.0,580.0,108.97762414514789
3.0,581.0,108.93634988201939
3.0,582.0,108.89078465575469
3.0,583.0,108.84067121644838
3.0,584.0,108.78571897500518
3.0,585.0,108.72560002065082
3.0,586.0,108.65994435597644
3.0,587.0,108.5883343072153
3.0,588.0,108.51029782206555
3.0,589.0,108.42530053842319
3.0,590.0,108.33273622607594
3.0,591.0,108.23191535743376
3.0,592.0,108.12205122895612
3.0,593.0,108.00224316777228
3.0,594.0,107.87145593764028
3.0,595.0,107.72849448346432
3.0,596.0,107.57197258221387
3.0,597.0,107.40027381174527
3.0,598.0,107.21150239215585
3.0,599.0,107.00342091926346
3.0,600.0,106.77337057634935
3.0,601.0,106.5181680592081
3.0,602.0,106.23397077530082
3.0,603.0,105.91609868462604
3.0,604.0,105.55879562768224
3.0,605.0,105.15490538975122
3.0,606.0,104.69542523482505
3.0,607.0,104.1688808169993
3.0,608.0,103.560435447101
3.0,609.0,102.85059724645744
3.0,610.0,102.013305080281
3.0,611.0,101.01303666213703
3.0,612.0,99.80034967413043
3.0,613.0,98.30487946241294
3.0,614.0,96.42419553464619
3.0,615.0,94.00604158942268
3.0,616.0,90.82071927729507
3.0,617.0,86.52179060327633
3.0,618.0,80.60498656186158
3.0,619.0,72.42382262533026
3.0,620.0,61.47429208813572
3.0,621.0,48.48672336570446
3.0,622.0,37.537067289001854
3.0,623.0,29.355651846651714
3.0,624.0,23.438469477243686
3.0,625.0,19.1390343665413
3.0,626.0,15.95307578507057
3.0,627.0,13.534153573183254
3.0,628.0,11.652566764655743
3.0,629.0,10.156055984188413
3.0,630.0,8.942187192254407
3.0,631.0,7.940591707582632
3.0,632.0,7.101822683486663
3.0,633.0,6.39035279425463
3.0,634.0,5.780115328984454
3.0,635.0,5.251612284438545
3.0,636.0,4.790000266520204
3.0,637.0,4.383797629530863
3.0,638.0,4.0239937049046
3.0,639.0,3.7034236946894072
3.0,640.0,3.4163221610624395
3.0,641.0,3.157999068681242
3.0,642.0,2.9246010610570092
3.0,643.0,2.712933274711051
3.0,644.0,2.520324478748612
3.0,645.0,2.344523967476232
3.0,646.0,2.1836217035737056
3.0,647.0,2.0359860122726916
3.0,648.0,1.900214343910791
3.0,649.0,1.7750941951667485
3.0,650.0,1.6595716694161138
3.0,651.0,1.5527261636218788
3.0,652.0,1.4537496700560713
3.0,653.0,1.3619299130689788
3.0,654.0,1.2766363502123064
3.0,655.0,1.1973086581591377
3.0,656.0,1.1234470350113068
3.0,657.0,1.054604165814472
3.0,658.0,0.9903783580854951
3.0,659.0,0.9304078260845554
3.0,660.0,0.8743657357650347
3.0,661.0,0.8219560678877442
3.0,662.0,0.7729099764690022
3.0,663.0,0.7269827479195762
3.0,664.0,0.6839510799349997
3.0,665.0,0.6436108148850114
3.0,666.0,0.6057748746555753
3.0,667.0,0.5702715497145806
3.0,668.0,0.5369429086771341
3.0,669.0,0.5056434919859332
3.0,670.0,0.4762390699654593
3.0,671.0,0.44860563505871676
3.0,672.0,0.4226284191154976
3.0,673.0,0.39820110864365843
3.0,674.0,0.37522505735223993
3.0,675.0,0.3536086698944996
3.0,676.0,0.3332667632225301
3.0,677.0,0.3141200789853515
3.0,678.0,0.296094759585377
3.0,679.0,0.279121959791737
3.0,680.0,0.26313741217340275
3.0,681.0,0.24808111593777707
3.0,682.0,0.23389697274466706
3.0,683.0,0.22053253617828614
3.0,684.0,0.20793870355574207
3.0,685.0,0.1960695133927425
3.0,686.0,0.18488188221068141
3.0,687.0,0.1743354402779323
3.0,688.0,0.16439230493660462
3.0,689.0,0.1550169470807401
3.0,690.0,0.14617599440872622
3.0,691.0,0.13783812273951077
3.0,692.0,0.1299738840199123
3.0,693.0,0.12255561782387395
3.0,694.0,0.11555730002705251
3.0,695.0,0.10895447078516401
3.0,696.0,0.10272410061878845
3.0,697.0,0.09684453189952309
3.0,698.0,0.09129535972948324
3.0,699.0,0.08605738453261705
3.0,700.0,0.081112505612467
3.0,701.0,0.07644368289055518
3.0,702.0,0.07203484141694035
3.0,703.0,0.06787084064763013
3.0,704.0,0.06393738849084132
3.0,705.0,0.060221016792978206
3.0,706.0,0.05670900374836174
3.0,707.0,0.05338935448496828
3.0,708.0,0.050250730861092274
3.0,709.0,0.047282436220245846
3.0,710.0,0.044474351755626404
3.0,711.0,0.041816924647804246
3.0,712.0,0.039301110305248556
3.0,713.0,0.03691836321590466
3.0,714.0,0.034660584475714164
3.0,715.0,0.03252011478144844
3.0,716.0,0.03048968674400391
3.0,717.0,0.02856241952918677
3.0,718.0,0.026731775522330293
3.0,719.0,0.02499155618942751
3.0,720.0,0.02333586271721948
3.0,721.0,0.02175909272172468
3.0,722.0,0.02025590453565866
3.0,723.0,0.018821214437024617
3.0,724.0,0.017450164295325227
3.0,725.0,0.01613811903103914
3.0,726.0,0.014880637364972435
3.0,727.0,0.013673469251395239
3.0,728.0,0.012512529502153822
3.0,729.0,0.011393894962963624
3.0,730.0,0.010313780806431397
3.0,731.0,0.009268537243272942
3.0,732.0,0.008254628296862554
3.0,733.0,0.007268627859580209
3.0,734.0,0.006307200776451379
3.0,735.0,0.005367098071912881
3.0,736.0,0.004445140181950515
3.0,737.0,0.0035382111886833084
3.0,738.0,0.0026432440494732774
3.0,739.0,0.0017572136861548056
3.0,740.0,0.0008771240661240072
3.0,741.0,0.0
4.0,0.0,0.0
4.0,1.0,0.0003762087171648636
4.0,2.0,0.0007536895056204149
4.0,3.0,0.0011337189090942282
4.0,4.0,0.0015175817339683993
4.0,5.0,0.0019065762634602299
4.0,6.0,0.002302017425544827
4.0,7.0,0.0027052428089336597
4.0,8.0,0.0031176152699624107
4.0,9.0,0.00354052981189475
4.0,10.0,0.003975415694337425
4.0,11.0,0.004423744239850627
4.0,12.0,0.004887030512772033
4.0,13.0,0.005366842120611239
4.0,14.0,0.0058648005335801
4.0,15.0,0.00638259095287529
4.0,16.0,0.006921963347830657
4.0,17.0,0.007484743469068853
4.0,18.0,0.008072833687153275
4.0,19.0,0.008688225235873755
4.0,20.0,0.009332998944762454
4.0,21.0,0.01000933880667178
4.0,22.0,0.010719532706761261
4.0,23.0,0.01146598741928543
4.0,24.0,0.012251229447949956
4.0,25.0,0.013077921569779426
4.0,26.0,0.013948863916450461
4.0,27.0,0.014867012198667597
4.0,28.0,0.015835479175676365
4.0,29.0,0.016857554712263422
4.0,30.0,0.017936707804726105
4.0,31.0,0.019076608645096235
4.0,32.0,0.02028113139714691
4.0,33.0,0.0215543784695663
4.0,34.0,0.022900684266077713
4.0,35.0,0.024324641902144735
4.0,36.0,0.025831108190197054
4.0,37.0,0.027425233074425005
4.0,38.0,0.029112466157023974
4.0,39.0,0.03089858917453251
4.0,40.0,0.03278972442597877
4.0,41.0,0.03479237067436261
4.0,42.0,0.03691341390526695
4.0,43.0,0.03916016711151675
4.0,44.0,0.04154038389467839
4.0,45.0,0.0440623026836223
4.0,46.0,0.046734663795932115
4.0,47.0,0.04956675875728605
4.0,48.0,0.05256845157114974
4.0,49.0,0.05575023395250132
4.0,50.0,0.05912325172027361
4.0,51.0,0.06269936694520103
4.0,52.0,0.06649119059097369
4.0,53.0,0.07051215281423723
4.0,54.0,0.07477654325165779
4.0,55.0,0.07929959101702369
4.0,56.0,0.08409751438179718
4.0,57.0,0.08918761241248144
4.0,58.0,0.09458832624820354
4.0,59.0,0.10031934484199873
4.0,60.0,0.10640168063687412
4.0,61.0,0.11285779256016847
4.0,62.0,0.11971167968976065
4.0,63.0,0.1269890255606932
4.0,64.0,0.1347173144661686
4.0,65.0,0.1429260023538148
4.0,66.0,0.15164666182138853
4.0,67.0,0.16091318652517947
4.0,68.0,0.1707619728500286
4.0,69.0,0.1812321669949703
4.0,70.0,0.19236589392655412
4.0,71.0,0.20420855939477098
4.0,72.0,0.21680914041797328
4.0,73.0,0.23022055878031897
4.0,74.0,0.24450005239084016
4.0,75.0,0.2597096428667773
4.0,76.0,0.2759166143277631
4.0,77.0,0.2931941063028906
4.0,78.0,0.31162173688564165
4.0,79.0,0.3312863646872965
4.0,80.0,0.3522829083764373
4.0,81.0,0.3747153397286887
4.0,82.0,0.39869777391623146
4.0,83.0,0.4243557830527149
4.0,84.0,0.4518278652297748
4.0,85.0,0.4812672095044981
4.0,86.0,0.51284370326416
4.0,87.0,0.5467463439736063
4.0,88.0,0.5831860252095277
4.0,89.0,0.6223988923768952
4.0,90.0,0.6646502770694209
4.0,91.0,0.7102394590980039
4.0,92.0,0.7595053310812323
4.0,93.0,0.8128333037892377
4.0,94.0,0.8706636408432753
4.0,95.0,0.9335017144462634
4.0,96.0,1.001930572206718
4.0,97.0,1.0766265805472568
4.0,98.0,1.1583789032023148
4.0,99.0,1.2481140875719512
4.0,100.0,1.346927215986172
4.0,101.0,1.4561218729408647
4.0,102.0,1.5772617634520347
4.0,103.0,1.7122382019532154
4.0,104.0,1.8633591427329987
4.0,105.0,2.0334681062467244
4.0,106.0,2.226104755925278
4.0,107.0,2.445724513406922
4.0,108.0,2.6980024577365302
4.0,109.0,2.990259080641065
4.0,110.0,3.3320631364829327
4.0,111.0,3.7360927512943176
4.0,112.0,4.219370006013724
4.0,113.0,4.805022057447964
4.0,114.0,5.524736697749077
4.0,115.0,6.4219864875884
4.0,116.0,7.555644427371677
4.0,117.0,9.0021765782039
4.0,118.0,10.850812123745092
4.0,119.0,13.177960884661598
4.0,120.0,15.975981675848633
4.0,121.0,19.022580855787822
4.0,122.0,21.820599563840393
4.0,123.0,24.14774415139797
4.0,124.0,25.99637341915243
4.0,125.0,27.44289716639887
4.0,126.0,28.576544548187588
4.0,127.0,29.473781589665585
4.0,128.0,30.19348124781285
4.0,129.0,30.7791160322407
4.0,130.0,31.262373676235867
4.0,131.0,31.666381269708918
4.0,132.0,32.0081608184448
4.0,133.0,32.300390364776774
4.0,134.0,32.55263857053609
4.0,135.0,32.772225825731496
4.0,136.0,32.964827098148746
4.0,137.0,33.134897688198926
4.0,138.0,33.2859771276886
4.0,139.0,33.42090879454529
4.0,140.0,33.5420004891117
4.0,141.0,33.65114335986325
4.0,142.0,33.74990093323318
4.0,143.0,33.839576601817086
4.0,144.0,33.921265242001944
4.0,145.0,33.99589318039689
4.0,146.0,34.064249344241176
4.0,147.0,34.127009846823874
4.0,148.0,34.18475746497175
4.0,149.0,34.23799728137372
4.0,150.0,34.287169250214156
4.0,151.0,34.332658451643205
4.0,152.0,34.374803425071306
4.0,153.0,34.41390307304385
4.0,154.0,34.450222324170404
4.0,155.0,34.4839968934334
4.0,156.0,34.51543721457916
4.0,157.0,34.54473179381113
4.0,158.0,34.57204999348145
4.0,159.0,34.59754444144381
4.0,160.0,34.62135303561981
4.0,161.0,34.6436007061334
4.0,162.0,34.66440088098791
4.0,163.0,34.68385679618645
4.0,164.0,34.70206258196505
4.0,165.0,34.719104251698646
4.0,166.0,34.73506051651093
4.0,167.0,34.750003542170056
4.0,168.0,34.76399956620918
4.0,169.0,34.77710948460326
4.0,170.0,34.78938932311708
4.0,171.0,34.800890697139096
4.0,172.0,34.81166117377141
4.0,173.0,34.82174463558905
4.0,174.0,34.83118155947584
4.0,175.0,34.84000930627116
4.0,176.0,34.84826233493088
4.0,177.0,34.85597243372386
4.0,178.0,34.863168882906194
4.0,179.0,34.86987863847526
4.0,180.0,34.87612645247441
4.0,181.0,34.88193501670075
4.0,182.0,34.88732504648965
4.0,183.0,34.892315388748166
4.0,184.0,34.89692307218795
4.0,185.0,34.90116338122441
4.0,186.0,34.905049872736676
4.0,187.0,34.9085944143154
4.0,188.0,34.911807164267934
4.0,189.0,34.914696568876266
4.0,190.0,34.917269297880196
4.0,191.0,34.919530190003506
4.0,192.0,34.92148212948527
4.0,193.0,34.923125920764406
4.0,194.0,34.924460080945124
4.0,195.0,34.92548061070121
4.0,196.0,34.926180659435374
4.0,197.0,34.9265501354371
4.0,198.0,34.92657516829453
4.0,199.0,34.92623745773055
4.0,200.0,34.925513398141156
4.0,201.0,34.92437298298606
4.0,202.0,34.9227783409256
4.0,203.0,34.920681849557354
4.0,204.0,34.918023599615225
4.0,205.0,34.91472803529912
4.0,206.0,34.91069937177221
4.0,207.0,34.90581535535913
4.0,208.0,34.899918584014586
4.0,209.0,34.892804374887646
4.0,210.0,34.88420354158512
4.0,211.0,34.873757820464725
4.0,212.0,34.86098459691359
4.0,213.0,34.84522661469919
4.0,214.0,34.82558181599667
4.0,215.0,34.80081124831133
4.0,216.0,34.76923575744913
4.0,217.0,34.72867336433999
4.0,218.0,34.67657726030279
4.0,219.0,34.610766756638505
4.0,220.0,34.53146247077703
4.0,221.0,34.44501781617937
4.0,222.0,34.36563936278888
4.0,223.0,34.299680271748706
4.0,224.0,34.24736065541229
4.0,225.0,34.20649906452339
4.0,226.0,34.174547673024456
4.0,227.0,34.14932322217419
4.0,228.0,34.12914501352677
4.0,229.0,34.11277227746303
4.0,230.0,34.099300862843506
4.0,231.0,34.08807113272457
4.0,232.0,34.07859779991546
4.0,233.0,34.070519622073185
4.0,234.0,34.06356412219555
4.0,235.0,34.057522997431256
4.0,236.0,34.05223488903364
4.0,237.0,34.04757322898925
4.0,238.0,34.04343755139005
4.0,239.0,34.03974722796111
4.0,240.0,34.036436874348944
4.0,241.0,34.03345296169634
4.0,242.0,34.03075126711913
4.0,243.0,34.02829495417274
4.0,244.0,34.026053092260774
4.0,245.0,34.02399952271034
4.0,246.0,34.02211196297156
4.0,247.0,34.02037131143951
4.0,248.0,34.01876108517327
4.0,249.0,34.01726697953342
4.0,250.0,34.01587650337641
4.0,251.0,34.01457869193074
4.0,252.0,34.013363862886386
4.0,253.0,34.01222342429425
4.0,254.0,34.01114970689
4.0,255.0,34.01013583251099
4.0,256.0,34.009175595757135
4.0,257.0,34.0082633718366
4.0,258.0,34.007394030879524
4.0,259.0,34.0065628719547
4.0,260.0,34.00576555939733
4.0,261.0,34.00499807443596
4.0,262.0,34.0042566665662
4.0,263.0,34.00353781711097
4.0,264.0,34.00283820094825
4.0,265.0,34.00215465813088
4.0,266.0,34.001484162708564
4.0,267.0,34.00082379967231
4.0,268.0,34.00017073851629
4.0,269.0,33.999522213488156
4.0,270.0,33.99887550009868
4.0,271.0,33.99822789709371
4.0,272.0,33.997576704446104
4.0,273.0,33.99691920569819
4.0,274.0,33.99625264612017
4.0,275.0,33.99557421414514
4.0,276.0,33.99488101837768
4.0,277.0,33.99417006676854
4.0,278.0,33.99343824100623
4.0,279.0,33.99268227184408
4.0,280.0,33.991898709079486
4.0,281.0,33.99108389101003
4.0,282.0,33.99023390764148
4.0,283.0,33.98934456153169
4.0,284.0,33.98841132096194
4.0,285.0,33.98742926828661
4.0,286.0,33.98639303836866
4.0,287.0,33.985296748748354
4.0,288.0,33.98413391636575
4.0,289.0,33.982897360976
4.0,290.0,33.98157908950929
4.0,291.0,33.980170159461245
4.0,292.0,33.978660514193265
4.0,293.0,33.977038785193194
4.0,294.0,33.97529205140392
4.0,295.0,33.9734055458302
4.0,296.0,33.971362294217194
4.0,297.0,33.969142667767116
4.0,298.0,33.9667238245673
4.0,299.0,33.96407900681576
4.0,300.0,33.96117664893137
4.0,301.0,33.957979235330235
4.0,302.0,33.954441823919495
4.0,303.0,33.950510117531906
4.0,304.0,33.94611791863155
4.0,305.0,33.94118373108892
4.0,306.0,33.93560617080661
4.0,307.0,33.929257690640526
4.0,308.0,33.92197589617718
4.0,309.0,33.91355138090487
4.0,310.0,33.90371050059406
4.0,311.0,33.892090769749416
4.0,312.0,33.878205586497586
4.0,313.0,33.86139391436733
4.0,314.0,33.84075012214864
4.0,315.0,33.815031865273546
4.0,316.0,33.78255677960915
4.0,317.0,33.74113983456066
4.0,318.0,33.68823132994874
4.0,319.0,33.62164782352392
4.0,320.0,33.54160731934017
4.0,321.0,33.4544607370629
4.0,322.0,33.37441227510705
4.0,323.0,33.30781282610661
4.0,324.0,33.25488033993548
4.0,325.0,33.21343129286298
4.0,326.0,33.18091587557365
4.0,327.0,33.15514892037379
4.0,328.0,33.13444789747256
4.0,329.0,33.11757026761565
4.0,330.0,33.103610175029395
4.0,331.0,33.09190632816147
4.0,332.0,33.08197183842384
4.0,333.0,33.073443901148956
4.0,334.0,33.06604851907452
4.0,335.0,33.0595758977709
4.0,336.0,33.05386321830646
4.0,337.0,33.0487824711714
4.0,338.0,33.04423176999684
4.0,339.0,33.04012907497825
4.0,340.0,33.03640760106111
4.0,341.0,33.033012417933186
4.0,342.0,33.02989790186106
4.0,343.0,33.027025805013864
4.0,344.0,33.02436377560109
4.0,345.0,33.021884213156284
4.0,346.0,33.01956337273421
4.0,347.0,33.01738065919519
4.0,348.0,33.01531806407695
4.0,349.0,33.01335971483834
4.0,350.0,33.01149150823278
4.0,351.0,33.00970081280614
4.0,352.0,33.00797622204121
4.0,353.0,33.00630735174189
4.0,354.0,33.00468466810902
4.0,355.0,33.00309934532079
4.0,356.0,33.00154314142527
4.0,357.0,33.000008294801496
4.0,358.0,32.9984874309172
4.0,359.0,32.996973484128844
4.0,360.0,32.99545962433199
4.0,361.0,32.99393919517975
4.0,362.0,32.99240565323543
4.0,363.0,32.99085251647101
4.0,364.0,32.989273310689114
4.0,365.0,32.98766152382935
4.0,366.0,32.98601055569871
4.0,367.0,32.98431367456704
4.0,368.0,32.98256396693197
4.0,369.0,32.98075429334722
4.0,370.0,32.97887723521162
4.0,371.0,32.97692504685763
4.0,372.0,32.97488959626663
4.0,373.0,32.9727623101889
4.0,374.0,32.970534105256725
4.0,375.0,32.968195322290974
4.0,376.0,32.96573564345955
4.0,377.0,32.96314401086686
4.0,378.0,32.960408524071696
4.0,379.0,32.95751633639699
4.0,380.0,32.95445352506984
4.0,381.0,32.95120495616112
4.0,382.0,32.94775411649562
4.0,383.0,32.944082934290485
4.0,384.0,32.94017155723611
4.0,385.0,32.93599811001613
4.0,386.0,32.93153839563349
4.0,387.0,32.92676556183674
4.0,388.0,32.9216496912614
4.0,389.0,32.916157334260355
4.0,390.0,32.91025093498296
4.0,391.0,32.90388816453958
4.0,392.0,32.89702109984094
4.0,393.0,32.889595251808196
4.0,394.0,32.88154836267282
4.0,395.0,32.87280895680694
4.0,396.0,32.863294533322275
4.0,397.0,32.85290934850583
4.0,398.0,32.84154162092229
4.0,399.0,32.82906003759844
4.0,400.0,32.815309291482315
4.0,401.0,32.80010439172125
4.0,402.0,32.78322327716717
4.0,403.0,32.76439719641228
4.0,404.0,32.74329797666047
4.0,405.0,32.71952105705637
4.0,406.0,32.69256253664168
4.0,407.0,32.661787825131526
4.0,408.0,32.626388216297215
4.0,409.0,32.58532009183891
4.0,410.0,32.53721878764409
4.0,411.0,32.480275606048416
4.0,412.0,32.41206143469644
4.0,413.0,32.32927518757501
4.0,414.0,32.22739299901595
4.0,415.0,32.100207665028655
4.0,416.0,31.939312107497642
4.0,417.0,31.733786176603033
4.0,418.0,31.470886631229664
4.0,419.0,31.139701816125292
4.0,420.0,30.74132760087364
4.0,421.0,30.307524768931998
4.0,422.0,29.909320831837707
4.0,423.0,29.578477152227954
4.0,424.0,29.31609075923872
4.0,425.0,29.111251743431648
4.0,426.0,28.951219199382578
4.0,427.0,28.82507591468888
4.0,428.0,28.72441835653245
4.0,429.0,28.643043492052737
4.0,430.0,28.576432261432704
4.0,431.0,28.521289043508613
4.0,432.0,28.475190861678527
4.0,433.0,28.436335855843776
4.0,434.0,28.403366916571642
4.0,435.0,28.375248735297056
4.0,436.0,28.35118168976587
4.0,437.0,28.330541093392956
4.0,438.0,28.312833792323953
4.0,439.0,28.297666869882413
4.0,440.0,28.284724723456822
4.0,441.0,28.273752160480303
4.0,442.0,28.26454170241674
4.0,443.0,28.25692403740722
4.0,444.0,28.250760676217627
4.0,445.0,28.245938346296043
4.0,446.0,28.2423645804043
4.0,447.0,28.239964319241146
4.0,448.0,28.238677178171148
4.0,449.0,28.238455340602783
4.0,450.0,28.23926182479445
4.0,451.0,28.24106916242193
4.0,452.0,28.243858285301563
4.0,453.0,28.24761770099225
4.0,454.0,28.252342779560344
4.0,455.0,28.258035257381948
4.0,456.0,28.264702793772752
4.0,457.0,28.27235870224057
4.0,458.0,28.28102169901182
4.0,459.0,28.29071580143938
4.0,460.0,28.301470222180217
4.0,461.0,28.313319399658567
4.0,462.0,28.3263030119749
4.0,463.0,28.340466121010643
4.0,464.0,28.355859294153497
4.0,465.0,28.372538855677796
4.0,466.0,28.39056711505652
4.0,467.0,28.41001272903914
4.0,468.0,28.430951044622987
4.0,469.0,28.453464584409392
4.0,470.0,28.477643521659008
4.0,471.0,28.50358631135752
4.0,472.0,28.531400325462656
4.0,473.0,28.561202663961826
4.0,474.0,28.593120991833924
4.0,475.0,28.62729457979362
4.0,476.0,28.663875402433295
4.0,477.0,28.703029479437575
4.0,478.0,28.744938319380413
4.0,479.0,28.789800662054496
4.0,480.0,28.837834388290084
4.0,481.0,28.889278807420055
4.0,482.0,28.944397206204336
4.0,483.0,29.003479889842655
4.0,484.0,29.066847622154462
4.0,485.0,29.134855726124893
4.0,486.0,29.207898788544266
4.0,487.0,29.28641627705219
4.0,488.0,29.370899071797588
4.0,489.0,29.461897294789093
4.0,490.0,29.560029534213275
4.0,491.0,29.66599396887722
4.0,492.0,29.780581648168777
4.0,493.0,29.90469263793622
4.0,494.0,30.039355557819277
4.0,495.0,30.185751576263314
4.0,496.0,30.345243864570733
4.0,497.0,30.519414213870913
4.0,498.0,30.71010868349665
4.0,499.0,30.919495169158594
4.0,500.0,31.150136400032856
4.0,501.0,31.405083541089486
4.0,502.0,31.687997142575465
4.0,503.0,32.00330522040336
4.0,504.0,32.35641185757827
4.0,505.0,32.753975793639434
4.0,506.0,33.20428664964483
4.0,507.0,33.71777941570952
4.0,508.0,34.30774646035933
4.0,509.0,34.99133497288229
4.0,510.0,35.79095937192173
4.0,511.0,36.736318717422016
4.0,512.0,37.86728918022381
4.0,513.0,39.23805005109422
4.0,514.0,40.92283678321958
4.0,515.0,43.023494627323416
4.0,516.0,45.677949650029475
4.0,517.0,49.065345680456
4.0,518.0,53.39472847194783
4.0,519.0,58.845109538928945
4.0,520.0,65.39858060997672
4.0,521.0,72.53433302881167
4.0,522.0,79.08758786831638
4.0,523.0,84.537535736602
4.0,524.0,88.86626688972363
4.0,525.0,92.25279062477101
4.0,526.0,94.9061497289843
4.0,527.0,97.00548430071723
4.0,528.0,98.6887159044123
4.0,529.0,100.05768449313005
4.0,530.0,101.18661941711126
4.0,531.0,102.12969302636976
4.0,532.0,102.92677369998641
4.0,533.0,103.60755181375987
4.0,534.0,104.19443219273093
4.0,535.0,104.70455147237814
4.0,536.0,105.15119048565815
4.0,537.0,105.54477164457867
4.0,538.0,105.89357092275148
4.0,539.0,106.20423227130152
4.0,540.0,106.48214381085303
4.0,541.0,106.73171633747192
4.0,542.0,106.95659188372709
4.0,543.0,107.15980170245396
4.0,544.0,107.3438871670681
4.0,545.0,107.51099326259725
4.0,546.0,107.66294152303222
4.0,547.0,107.80128747162885
4.0,548.0,107.92736619681146
4.0,549.0,108.04232882234018
4.0,550.0,108.14717187347588
4.0,551.0,108.2427611033404
4.0,552.0,108.32985092362695
4.0,553.0,108.40910035633141
4.0,554.0,108.48108618421516
4.0,555.0,108.54631385103501
4.0,556.0,108.60522652828604
4.0,557.0,108.658212684505
4.0,558.0,108.70561242470178
4.0,559.0,108.74772280418541
4.0,560.0,108.7848022979474
4.0,561.0,108.81707454542098
4.0,562.0,108.84473150162691
4.0,563.0,108.8679360576994
4.0,564.0,108.88682423308505
4.0,565.0,108.90150696203119
4.0,566.0,108.91207156082467
4.0,567.0,108.91858286792665
4.0,568.0,108.92108413540893
4.0,569.0,108.91959763929769
4.0,570.0,108.91412508375683
4.0,571.0,108.90464774556
4.0,572.0,108.89112643275863
4.0,573.0,108.87350118444378
4.0,574.0,108.8516907853415
4.0,575.0,108.82559200277602
4.0,576.0,108.7950786190349
4.0,577.0,108.76000014613082
4.0,578.0,108.72018029326829
4.0,579.0,108.67541505069335
4.0,580.0,108.62547045361438
4.0,581.0,108.57007986159536
4.0,582.0,108.50894080390495
4.0,583.0,108.44171118970188
4.0,584.0,108.36800490958812
4.0,585.0,108.28738657740072
4.0,586.0,108.19936539730554
4.0,587.0,108.10338783285053
4.0,588.0,107.99882899265094
4.0,589.0,107.88498229999647
4.0,590.0,107.7610472419057
4.0,591.0,107.62611459198207
4.0,592.0,107.47914869915115
4.0,593.0,107.3189659520224
4.0,594.0,107.14420865748737
4.0,595.0,106.95331295655673
4.0,596.0,106.7444693868893
4.0,597.0,106.51557385009149
4.0,598.0,106.2641664393604
4.0,599.0,105.98735428689304
4.0,600.0,105.68171369533547
4.0,601.0,105.34316463369481
4.0,602.0,104.96680853502805
4.0,603.0,104.54671628568705
4.0,604.0,104.07564843497964
4.0,605.0,103.54468151524578
4.0,606.0,102.94270338547885
4.0,607.0,102.2557230928619
4.0,608.0,101.46591576955419
4.0,609.0,100.55028461877203
4.0,610.0,99.47876624784512
4.0,611.0,98.2115243936392
4.0,612.0,96.69506980462141
4.0,613.0,94.85672535202444
4.0,614.0,92.59690855506351
4.0,615.0,89.7789986489262
4.0,616.0,86.2179730420669
4.0,617.0,81.67351627538932
4.0,618.0,75.86519982119754
4.0,619.0,68.55288423036244
4.0,620.0,59.760590001286246
4.0,621.0,50.18695932808496
4.0,622.0,41.39449620222539
4.0,623.0,34.0818422432415
4.0,624.0,28.27301679930805
4.0,625.0,23.72787868934326
4.0,626.0,20.16599706874582
4.0,627.0,17.347053564331095
4.0,628.0,15.08602206777709
4.0,629.0,13.246277676283027
4.0,630.0,11.728233141888166
4.0,631.0,10.45920591442293
4.0,632.0,9.385700656001777
4.0,633.0,8.467874320327887
4.0,634.0,7.675656020913375
4.0,635.0,6.986040717420644
4.0,636.0,6.381194531273954
4.0,637.0,5.847116684926122
4.0,638.0,5.372684376999143
4.0,639.0,4.948962588634706
4.0,640.0,4.568699400522654
4.0,641.0,4.225952248627872
4.0,642.0,3.915808101394004
4.0,643.0,3.6341713744990525
4.0,644.0,3.3776016890956986
4.0,645.0,3.1431882818916965
4.0,646.0,2.928452088776768
4.0,647.0,2.731268493575615
4.0,648.0,2.5498060977954595
4.0,649.0,2.382477574612023
4.0,650.0,2.227900161332375
4.0,651.0,2.0848634449865635
4.0,652.0,1.9523031560881603
4.0,653.0,1.82927948298073
4.0,654.0,1.7149592577235677
4.0,655.0,1.6086010056002265
4.0,656.0,1.5095425692378215
4.0,657.0,1.4171905770367257
4.0,658.0,1.3310116766927633
4.0,659.0,1.2505249695218397
4.0,660.0,1.1752956916136161
4.0,661.0,1.1049296800133397
4.0,662.0,1.0390687461522714
4.0,663.0,0.9773865600770947
4.0,664.0,0.9195852146172823
4.0,665.0,0.8653921161552677
4.0,666.0,0.8145574001105645
4.0,667.0,0.7668515473224065
4.0,668.0,0.7220634171277239
4.0,669.0,0.6799983943791049
4.0,670.0,0.640476876608605
4.0,671.0,0.6033328143020266
4.0,672.0,0.5684125360906619
4.0,673.0,0.5355735841387174
4.0,674.0,0.5046837938785933
4.0,675.0,0.47562035350018517
4.0,676.0,0.4482690774308116
4.0,677.0,0.4225236379375576
4.0,678.0,0.3982849875626997
4.0,679.0,0.37546072435724487
4.0,680.0,0.353964629919908
4.0,681.0,0.333716139483479
4.0,682.0,0.31463997046869707
4.0,683.0,0.29666567569185925
4.0,684.0,0.2797273433778839
4.0,685.0,0.2637632169266342
4.0,686.0,0.2487154517772265
4.0,687.0,0.23452978899789736
4.0,688.0,0.22115535770282807
4.0,689.0,0.2085443925893023
4.0,690.0,0.19665207309178478
4.0,691.0,0.1854362771434548
4.0,692.0,0.1748574501314178
4.0,693.0,0.16487838879446043
4.0,694.0,0.15546413447639829
4.0,695.0,0.14658178232241795
4.0,696.0,0.13820039442888898
4.0,697.0,0.13029083046428816
4.0,698.0,0.12282567716645233
4.0,699.0,0.11577909726194817
4.0,700.0,0.10912677242668302
4.0,701.0,0.10284576796205859
4.0,702.0,0.09691448685713791
4.0,703.0,0.09131254813983426
4.0,704.0,0.08602075009196637
4.0,705.0,0.08102096055806782
4.0,706.0,0.07629608769374403
4.0,707.0,0.07182998080520858
4.0,708.0,0.0676074072752861
4.0,709.0,0.06361396273993467
4.0,710.0,0.059836053049339186
4.0,711.0,0.056260812775955425
4.0,712.0,0.05287609124131559
4.0,713.0,0.04967037850307055
4.0,714.0,0.046632794619737634
4.0,715.0,0.043753022389144816
4.0,716.0,0.04102129913981882
4.0,717.0,0.0384283555957985
4.0,718.0,0.035965409579661343
4.0,719.0,0.033624110463250534
4.0,720.0,0.03139653424733404
4.0,721.0,0.02927513312778886
4.0,722.0,0.02725273148359582
4.0,723.0,0.025322480146109463
4.0,724.0,0.02347785288287728
4.0,725.0,0.021712605005885847
4.0,726.0,0.020020769985415895
4.0,727.0,0.018396622073239707
4.0,728.0,0.01683467271985225
4.0,729.0,0.015329636921799084
4.0,730.0,0.013876429148320116
4.0,731.0,0.012470133149336328
4.0,732.0,0.01110599712472532
4.0,733.0,0.00977940675179677
4.0,734.0,0.008485879352813641
4.0,735.0,0.007221039918674295
4.0,736.0,0.0059806140484698995
4.0,737.0,0.004760406760057869
4.0,738.0,0.0035562939898470865
4.0,739.0,0.0023642039913686313
4.0,740.0,0.0011801071944415541
4.0,741.0,0.0
5.0,0.0,0.0
5.0,1.0,0.00047412638103541194
5.0,2.0,0.0009498559916941489
5.0,3.0,0.0014287972579874306
5.0,4.0,0.0019125698959744333
5.0,5.0,0.0024028092859393092
5.0,6.0,0.0029011735384648595
5.0,7.0,0.0034093471225475464
5.0,8.0,0.003929048980478606
5.0,9.0,0.004462035488323824
5.0,10.0,0.005010109698462421
5.0,11.0,0.005575123714377166
5.0,12.0,0.0061589891434228276
5.0,13.0,0.006763678972712589
5.0,14.0,0.007391239319766847
5.0,15.0,0.00804379090255818
5.0,16.0,0.008723542182256575
5.0,17.0,0.009432790528360418
5.0,18.0,0.010173936855976763
5.0,19.0,0.010949486596619165
5.0,20.0,0.011762065942562842
5.0,21.0,0.012614422745586131
5.0,22.0,0.013509444493203735
5.0,23.0,0.014450159271690062
5.0,24.0,0.01543975561377869
5.0,25.0,0.01648158367914104
5.0,26.0,0.017579177130902044
5.0,27.0,0.01873625470687156
5.0,28.0,0.019956744303541368
5.0,29.0,0.021244785135431123
5.0,30.0,0.022604754230830717
5.0,31.0,0.02404126940545293
5.0,32.0,0.025559218404996708
5.0,33.0,0.027163762953945614
5.0,34.0,0.02886037081723579
5.0,35.0,0.030654821226844077
5.0,36.0,0.032553240179966386
5.0,37.0,0.03456210759672217
5.0,38.0,0.0366882962272348
5.0,39.0,0.03893908095555686
5.0,40.0,0.041322181755413814
5.0,41.0,0.04384577563119653
5.0,42.0,0.04651854414515407
5.0,43.0,0.049349688579739814
5.0,44.0,0.052348982661984414
5.0,45.0,0.05552679164750218
5.0,46.0,0.05889413099623614
5.0,47.0,0.06246269022344859
5.0,48.0,0.06624489844238059
5.0,49.0,0.07025395401004868
5.0,50.0,0.074503898056375
5.0,51.0,0.07900965118386732
5.0,52.0,0.08378709636248684
5.0,53.0,0.08885312423738342
5.0,54.0,0.09422572710166255
5.0,55.0,0.09992405474558425
5.0,56.0,0.10596852164908724
5.0,57.0,0.1123808757967577
5.0,58.0,0.11918432179059554
5.0,59.0,0.12640360569519338
5.0,60.0,0.1340651575028285
5.0,61.0,0.14219719591438132
5.0,62.0,0.1508298945542766
5.0,63.0,0.15999551170650633
5.0,64.0,0.16972858596110638
5.0,65.0,0.18006609741181592
5.0,66.0,0.19104770013816114
5.0,67.0,0.20271592337411265
5.0,68.0,0.21511645056044046
5.0,69.0,0.22829837171579034
5.0,70.0,0.24231452197727343
5.0,71.0,0.25722180014119056
5.0,72.0,0.2730815840017157
5.0,73.0,0.28996013520947045
5.0,74.0,0.3079291148433603
5.0,75.0,0.32706610200169467
5.0,76.0,0.3474552416850395
5.0,77.0,0.36918791485070657
5.0,78.0,0.3923635630345629
5.0,79.0,0.41709056243926723
5.0,80.0,0.4434872876135575
5.0,81.0,0.4716832637975105
5.0,82.0,0.501820558281822
5.0,83.0,0.5340553173202198
5.0,84.0,0.568559613092912
5.0,85.0,0.6055235198495567
5.0,86.0,0.6451576041581061
5.0,87.0,0.6876957691467006
5.0,88.0,0.7333986683173721
5.0,89.0,0.7825576629049923
5.0,90.0,0.8354995860043802
5.0,91.0,0.8925923438015401
5.0,92.0,0.9542516936580849
5.0,93.0,1.0209493239379972
5.0,94.0,1.0932227021571734
5.0,95.0,1.1716869781324288
5.0,96.0,1.257049625467576
5.0,97.0,1.350128391494852
5.0,98.0,1.4518736209063512
5.0,99.0,1.5633960328965075
5.0,100.0,1.6860017103767562
5.0,101.0,1.8212363226109114
5.0,102.0,1.9709416343945512
5.0,103.0,2.1373281055298663
5.0,104.0,2.3230691055015384
5.0,105.0,2.5314239749067435
5.0,106.0,2.766400211356145
5.0,107.0,3.0329685454434663
5.0,108.0,3.3373500130568163
5.0,109.0,3.6874002734115483
5.0,110.0,4.09312407790898
5.0,111.0,4.56735873525741
5.0,112.0,5.126664655111718
5.0,113.0,5.792436558917774
5.0,114.0,6.592164562619191
5.0,115.0,7.560547848662903
5.0,116.0,8.739638592506369
5.0,117.0,10.17611968425233
5.0,118.0,11.912002177651747
5.0,119.0,13.963104563783082
5.0,120.0,16.281603067126944
5.0,121.0,18.71658532603914
5.0,122.0,21.035081204206342
5.0,123.0,23.08617833105304
5.0,124.0,24.822052913162967
5.0,125.0,26.25852341469319
5.0,126.0,27.437600853345554
5.0,127.0,28.405968073926758
5.0,128.0,29.205677197177707
5.0,129.0,29.871427341226134
5.0,130.0,30.430708547847484
5.0,131.0,30.904915454221303
5.0,132.0,31.310608375315446
5.0,133.0,31.66062451440868
5.0,134.0,31.964968506326723
5.0,135.0,32.23149588216161
5.0,136.0,32.46642753763972
5.0,137.0,32.67473405066385
5.0,138.0,32.86042275303911
5.0,139.0,33.02675280585101
5.0,140.0,33.17639738467658
5.0,141.0,33.31156674030838
5.0,142.0,33.43410241262377
5.0,143.0,33.5455498292223
5.0,144.0,33.64721481366675
5.0,145.0,33.74020780712877
5.0,146.0,33.82547885651485
5.0,147.0,33.90384539044163
5.0,148.0,33.97601454160499
5.0,149.0,34.04260109534608
5.0,150.0,34.10414212967241
5.0,151.0,34.16110891678569
5.0,152.0,34.2139167695272
5.0,153.0,34.262933119291155
5.0,154.0,34.30848429212023
5.0,155.0,34.35086110767336
5.0,156.0,34.39032364102128
5.0,157.0,34.42710517732019
5.0,158.0,34.46141562287726
5.0,159.0,34.49344434619501
5.0,160.0,34.52336266496061
5.0,161.0,34.55132591836418
5.0,162.0,34.57747531016947
5.0,163.0,34.6019394410273
5.0,164.0,34.624835695150225
5.0,165.0,34.64627138709471
5.0,166.0,34.66634481975627
5.0,167.0,34.685146151683035
5.0,168.0,34.702758214739845
5.0,169.0,34.71925717585094
5.0,170.0,34.73471317628654
5.0,171.0,34.74919083997249
5.0,172.0,34.76274977833695
5.0,173.0,34.77544498233686
5.0,174.0,34.787327224277405
5.0,175.0,34.79844336018109
5.0,176.0,34.80883665110311
5.0,177.0,34.81854699490704
5.0,178.0,34.82761118312139
5.0,179.0,34.83606307558063
5.0,180.0,34.8439338039652
5.0,181.0,34.85125189841177
5.0,182.0,34.85804344494412
5.0,183.0,34.86433216951754
5.0,184.0,34.87013955309447
5.0,185.0,34.87548487520289
5.0,186.0,34.88038528698141
5.0,187.0,34.88485581272353
5.0,188.0,34.88890937728703
5.0,189.0,34.89255675966334
5.0,190.0,34.89580656599557
5.0,191.0,34.898665123063935
5.0,192.0,34.901136380656986
5.0,193.0,34.903221723538365
5.0,194.0,34.904919775143846
5.0,195.0,34.90622609153187
5.0,196.0,34.90713281888742
5.0,197.0,34.907628207471895
5.0,198.0,34.907696041780916
5.0,199.0,34.90731486772941
5.0,200.0,34.906457054203976
5.0,201.0,34.905087545404854
5.0,202.0,34.90316230173086
5.0,203.0,34.90062623721504
5.0,204.0,34.89741057805738
5.0,205.0,34.89342935483735
5.0,206.0,34.88857481458936
5.0,207.0,34.88271128114537
5.0,208.0,34.87566699513175
5.0,209.0,34.86722313641655
5.0,210.0,34.857099163610165
5.0,211.0,34.844933287443816
5.0,212.0,34.83025706219987
5.0,213.0,34.81246363611064
5.0,214.0,34.79077175320148
5.0,215.0,34.76419393198136
5.0,216.0,34.73153238355162
5.0,217.0,34.69145678773023
5.0,218.0,34.64277010827065
5.0,219.0,34.585023466555654
5.0,220.0,34.519586159142236
5.0,221.0,34.45077269049235
5.0,222.0,34.38524191678362
5.0,223.0,34.3273080248786
5.0,224.0,34.27833967442462
5.0,225.0,34.23788702947198
5.0,226.0,34.204751770866466
5.0,227.0,34.177601967677326
5.0,228.0,34.15523788376327
5.0,229.0,34.13666975039413
5.0,230.0,34.121113672105906
5.0,231.0,34.10795980052408
5.0,232.0,34.096736320207
5.0,233.0,34.087077692635795
5.0,234.0,34.078699227704604
5.0,235.0,34.071377548917305
5.0,236.0,34.06493590875686
5.0,237.0,34.05923320088469
5.0,238.0,34.05415577149939
5.0,239.0,34.0496112669995
5.0,240.0,34.04552401252169
5.0,241.0,34.041831488590326
5.0,242.0,34.03848165072964
5.0,243.0,34.035430847898965
5.0,244.0,34.03264221847846
5.0,245.0,34.030084419493456
5.0,246.0,34.02773063655659
5.0,247.0,34.02555778298389
5.0,248.0,34.02354587072848
5.0,249.0,34.021677490283565
5.0,250.0,34.01993740023198
5.0,251.0,34.018312179903404
5.0,252.0,34.01678995499994
5.0,253.0,34.01536015944717
5.0,254.0,34.014013347844845
5.0,255.0,34.012741028044786
5.0,256.0,34.01153553022264
5.0,257.0,34.010389886270794
5.0,258.0,34.00929773648212
5.0,259.0,34.00825324051054
5.0,260.0,34.007251009403106
5.0,261.0,34.00628603816175
5.0,262.0,34.005353655015476
5.0,263.0,34.004449468901846
5.0,264.0,34.003569330478406
5.0,265.0,34.00270928991864
5.0,266.0,34.00186556581847
5.0,267.0,34.00103451002432
5.0,268.0,34.00021258164539
5.0,269.0,33.99939631646953
5.0,270.0,33.99858230395124
5.0,271.0,33.99776715928187
5.0,272.0,33.99694750160797
5.0,273.0,33.99611992709733
5.0,274.0,33.99528098681907
5.0,275.0,33.99442715923331
5.0,276.0,33.993554826163525
5.0,277.0,33.99266024304996
5.0,278.0,33.9917395112656
5.0,279.0,33.99078854419691
5.0,280.0,33.98980303376862
5.0,281.0,33.98877840990252
5.0,282.0,33.98770979845486
5.0,283.0,33.986591970764565
5.0,284.0,33.98541928914991
5.0,285.0,33.98418564193265
5.0,286.0,33.98288437098179
5.0,287.0,33.98150818552198
5.0,288.0,33.98004906360268
5.0,289.0,33.97849813471167
5.0,290.0,33.97684554289013
5.0,291.0,33.975080282889174
5.0,292.0,33.97319000590269
5.0,293.0,33.97116078533789
5.0,294.0,33.96897683494031
5.0,295.0,33.96662016569088
5.0,296.0,33.96407016704734
5.0,297.0,33.96130309138385
5.0,298.0,33.958291415780835
5.0,299.0,33.955003045947
5.0,300.0,33.95140031614994
5.0,301.0,33.947438723483955
5.0,302.0,33.94306531294046
5.0,303.0,33.93821660108808
5.0,304.0,33.93281588382452
5.0,305.0,33.9267697184308
5.0,306.0,33.919963289257915
5.0,307.0,33.91225426090632
5.0,308.0,33.90346457568977
5.0,309.0,33.89336947140875
5.0,310.0,33.8816827817226
5.0,311.0,33.868037406915285
5.0,312.0,33.85195986921936
5.0,313.0,33.832838562298335
5.0,314.0,33.80988771967961
5.0,315.0,33.782115593911776
5.0,316.0,33.74832034367956
5.0,317.0,33.70716781150758
5.0,318.0,33.65745731015964
5.0,319.0,33.5987364987897
5.0,320.0,33.53237137363081
5.0,321.0,33.46267330385444
5.0,322.0,33.396298150304006
5.0,323.0,33.33755724808224
5.0,324.0,33.28781652518912
5.0,325.0,33.246623538085316
5.0,326.0,33.212777462092475
5.0,327.0,33.18494396694764
5.0,328.0,33.16192100271504
5.0,329.0,33.14271657658254
5.0,330.0,33.126544639280816
5.0,331.0,33.112793263007056
5.0,332.0,33.10098860893999
5.0,333.0,33.090763175141035
5.0,334.0,33.0818303507196
5.0,335.0,33.07396488464221
5.0,336.0,33.06698818468098
5.0,337.0,33.06075733281984
5.0,338.0,33.05515688099904
5.0,339.0,33.050092701473325
5.0,340.0,33.045487350444915
5.0,341.0,33.04127654678898
5.0,342.0,33.03740647736938
5.0,343.0,33.033831716817424
5.0,344.0,33.03051360972371
5.0,345.0,33.02741900035274
5.0,346.0,33.02451922917826
5.0,347.0,33.021789331503165
5.0,348.0,33.01920739524491
5.0,349.0,33.01675403920564
5.0,350.0,33.014411989584296
5.0,351.0,33.012165729691404
5.0,352.0,33.0100012124749
5.0,353.0,33.00790561791565
5.0,354.0,33.00586715210872
5.0,355.0,33.00387487362855
5.0,356.0,33.00191854870874
5.0,357.0,32.999988522367474
5.0,358.0,32.998075610363614
5.0,359.0,32.996170999466344
5.0,360.0,32.994266163530305
5.0,361.0,32.99235278248072
5.0,362.0,32.99042267389846
5.0,363.0,32.98846772345149
5.0,364.0,32.986479825844484
5.0,365.0,32.984450821335685
5.0,366.0,32.982372441368234
5.0,367.0,32.98023624690784
5.0,368.0,32.97803357486449
5.0,369.0,32.97575547451463
5.0,370.0,32.97339265112071
5.0,371.0,32.97093539678766
5.0,372.0,32.96837352757292
5.0,373.0,32.96569630481205
5.0,374.0,32.962892361491825
5.0,375.0,32.95994960933788
5.0,376.0,32.956855149237555
5.0,377.0,32.953595158118134
5.0,378.0,32.95015477661918
5.0,379.0,32.946517967819815
5.0,380.0,32.94266737293249
5.0,381.0,32.93858413095338
5.0,382.0,32.934247689485495
5.0,383.0,32.929635569882834
5.0,384.0,32.924723114765705
5.0,385.0,32.91948317638199
5.0,386.0,32.91388577389314
5.0,387.0,32.90789767212101
5.0,388.0,32.90148190849527
5.0,389.0,32.894597212797066
5.0,390.0,32.88719734276591
5.0,391.0,32.879230268946095
5.0,392.0,32.87063722413434
5.0,393.0,32.86135153403421
5.0,394.0,32.85129722968059
5.0,395.0,32.8403873317694
5.0,396.0,32.8285217799036
5.0,397.0,32.81558485294858
5.0,398.0,32.801442002454436
5.0,399.0,32.785935868983536
5.0,400.0,32.768881307845945
5.0,401.0,32.75005905594846
5.0,402.0,32.72920768500204
5.0,403.0,32.70601321444886
5.0,404.0,32.68009568000679
5.0,405.0,32.650991537707775
5.0,406.0,32.61813052420163
5.0,407.0,32.5808049158879
5.0,408.0,32.538128550350585
5.0,409.0,32.48898190816251
5.0,410.0,32.4319386512739
5.0,411.0,32.36516796972931
5.0,412.0,32.286307397407654
5.0,413.0,32.19230405253915
5.0,414.0,32.079234521777295
5.0,415.0,31.942145749597152
5.0,416.0,31.775034518780135
5.0,417.0,31.571236333367366
5.0,418.0,31.32475439881095
5.0,419.0,31.033333998335504
5.0,420.0,30.703812498054518
5.0,421.0,30.357754523435656
5.0,422.0,30.02844760846552
5.0,423.0,29.73745710775369
5.0,424.0,29.49162184939881
5.0,425.0,29.288689314462935
5.0,426.0,29.122665653235806
5.0,427.0,28.98689006771025
5.0,428.0,28.875363810461344
5.0,429.0,28.783139077012734
5.0,430.0,28.70629851285655
5.0,431.0,28.64179611586235
5.0,432.0,28.587277155019823
5.0,433.0,28.540919427976398
5.0,434.0,28.501306120024395
5.0,435.0,28.467328172387372
5.0,436.0,28.438110873000582
5.0,437.0,28.412958965116708
5.0,438.0,28.39131573099356
5.0,439.0,28.372732283910402
5.0,440.0,28.356844501476733
5.0,441.0,28.34335546968781
5.0,442.0,28.332022136327048
5.0,443.0,28.32264497233067
5.0,444.0,28.31506002306193
5.0,445.0,28.309132633595873
5.0,446.0,28.304752587400568
5.0,447.0,28.301830193033204
5.0,448.0,28.300293247447684
5.0,449.0,28.3000845410306
5.0,450.0,28.301159936223343
5.0,451.0,28.30348675378207
5.0,452.0,28.307042557242134
5.0,453.0,28.311814106399083
5.0,454.0,28.31779660542698
5.0,455.0,28.324993036002173
5.0,456.0,28.333413723201236
5.0,457.0,28.3430759346984
5.0,458.0,28.354003675942085
5.0,459.0,28.36622748678169
5.0,460.0,28.37978441297597
5.0,461.0,28.394717960110476
5.0,462.0,28.41107821167475
5.0,463.0,28.428921919334964
5.0,464.0,28.44831275405161
5.0,465.0,28.469321525857396
5.0,466.0,28.492026567056637
5.0,467.0,28.516514086258905
5.0,468.0,28.54287869377348
5.0,469.0,28.571223905610562
5.0,470.0,28.601662832397093
5.0,471.0,28.63431886090311
5.0,472.0,28.66932654064747
5.0,473.0,28.70683248476479
5.0,474.0,28.746996504581276
5.0,475.0,28.789992790134995
5.0,476.0,28.836011364482076
5.0,477.0,28.88525962938938
5.0,478.0,28.93796424093713
5.0,479.0,28.994373141408683
5.0,480.0,29.054758000294065
5.0,481.0,29.119416904663215
5.0,482.0,29.188677571751732
5.0,483.0,29.26290094566534
5.0,484.0,29.342485480135686
5.0,485.0,29.427872002971863
5.0,486.0,29.51954950781723
5.0,487.0,29.618061821824504
5.0,488.0,29.72401556236687
5.0,489.0,29.838089415690476
5.0,490.0,29.961045257821045
5.0,491.0,30.09374128721849
5.0,492.0,30.23714786422995
5.0,493.0,30.392366453010638
5.0,494.0,30.56065265343352
5.0,495.0,30.7434441024693
5.0,496.0,30.94239473558515
5.0,497.0,31.15941685659371
5.0,498.0,31.39673339629932
5.0,499.0,31.656943007543642
5.0,500.0,31.943101996301397
5.0,501.0,32.258827947428095
5.0,502.0,32.60843207249288
5.0,503.0,32.997089319476544
5.0,504.0,33.43105905747713
5.0,505.0,33.91797341244421
5.0,506.0,34.46721719678665
5.0,507.0,35.09043182272841
5.0,508.0,35.80218782071619
5.0,509.0,36.62088526326408
5.0,510.0,37.56995903851065
5.0,511.0,38.67948013327041
5.0,512.0,39.988241993333006
5.0,513.0,41.546363953740624
5.0,514.0,43.41824571615809
5.0,515.0,45.68517654517046
5.0,516.0,48.445672404936126
5.0,517.0,51.80909807137354
5.0,518.0,55.873872517851034
5.0,519.0,60.67704894863449
5.0,520.0,66.10657542225634
5.0,521.0,71.80887777988369
5.0,522.0,77.23813175743086
5.0,523.0,82.04076227012196
5.0,524.0,86.10471551963829
5.0,525.0,89.46704191919672
5.0,526.0,92.22615670196653
5.0,527.0,94.49141994781799
5.0,528.0,96.361341943901
5.0,529.0,97.91720528648064
5.0,530.0,99.22340198202714
5.0,531.0,100.33004262913688
5.0,532.0,101.2759108494647
5.0,533.0,102.09106669908313
5.0,534.0,102.79893297090243
5.0,535.0,103.41789645358749
5.0,536.0,103.96251313506383
5.0,537.0,104.44440859615567
5.0,538.0,104.87295044585026
5.0,539.0,105.25575219730837
5.0,540.0,105.59905310009324
5.0,541.0,105.90800643010434
5.0,542.0,106.18690006125732
5.0,543.0,106.43932651930993
5.0,544.0,106.6683151992864
5.0,545.0,106.8764359232989
5.0,546.0,107.06588072171687
5.0,547.0,107.23852884579897
5.0,548.0,107.39599885426315
5.0,549.0,107.53969058324061
5.0,550.0,107.67081921019343
5.0,551.0,107.79044303421836
5.0,552.0,107.89948628102667
5.0,553.0,107.99875789801168
5.0,554.0,108.08896713227223
5.0,555.0,108.17073648489381
5.0,556.0,108.24461252957826
5.0,557.0,108.31107497417821
5.0,558.0,108.37054426625397
5.0,559.0,108.42338799573345
5.0,560.0,108.46992627640726
5.0,561.0,108.5104362857853
5.0,562.0,108.54515606535102
5.0,563.0,108.57428771806192
5.0,564.0,108.59800004920432
5.0,565.0,108.61643076345713
5.0,566.0,108.62968822277442
5.0,567.0,108.63785286535055
5.0,568.0,108.64097825755591
5.0,569.0,108.63909187340965
5.0,570.0,108.63219554596371
5.0,571.0,108.62026568341717
5.0,572.0,108.60325316962633
5.0,573.0,108.58108304194278
5.0,574.0,108.55365384234354
5.0,575.0,108.52083673506601
5.0,576.0,108.48247426244129
5.0,577.0,108.43837883095115
5.0,578.0,108.38833077268347
5.0,579.0,108.33207606965777
5.0,580.0,108.2693235553054
5.0,581.0,108.19974167010385
5.0,582.0,108.12295454735784
5.0,583.0,108.03853748595888
5.0,584.0,107.94601153576454
5.0,585.0,107.84483721663781
5.0,586.0,107.73440702687996
5.0,587.0,107.6140367010025
5.0,588.0,107.48295477063778
5.0,589.0,107.34029028584298
5.0,590.0,107.18505809532023
5.0,591.0,107.01614137033427
5.0,592.0,106.83227052483211
5.0,593.0,106.63199792422607
5.0,594.0,106.41366713123733
5.0,595.0,106.17537557777545
5.0,596.0,105.9149287245239
5.0,597.0,105.62978371149181
5.0,598.0,105.31697935546225
5.0,599.0,104.97304890086288
5.0,600.0,104.59391019547013
5.0,601.0,104.17472674363981
5.0,602.0,103.70973023435938
5.0,603.0,103.19199240027777
5.0,604.0,102.61312903106186
5.0,605.0,101.96291322947643
5.0,606.0,101.22876579065323
5.0,607.0,100.39507926272381
5.0,608.0,99.44231581693273
5.0,609.0,98.34579939886703
5.0,610.0,97.07409891572979
5.0,611.0,95.58688020616847
5.0,612.0,93.83210727113506
5.0,613.0,91.7425498959633
5.0,614.0,89.2318203235173
5.0,615.0,86.19087313780898
5.0,616.0,82.48755299376762
5.0,617.0,77.97515034206347
5.0,618.0,72.52163808300435
5.0,619.0,66.07730812545445
5.0,620.0,58.7924705166643
5.0,621.0,51.14142757790966
5.0,622.0,43.85637712455107
5.0,623.0,37.411620754584774
5.0,624.0,31.957467064880866
5.0,625.0,27.444205784138592
5.0,626.0,23.739806891208108
5.0,627.0,20.69755716854803
5.0,628.0,18.18529683679368
5.0,629.0,16.09397527115074
5.0,630.0,14.337198703789324
5.0,631.0,12.847730095769295
5.0,632.0,11.573525774437952
5.0,633.0,10.474243040147622
5.0,634.0,9.518441352549468
5.0,635.0,8.681434280864648
5.0,636.0,7.943672637208729
5.0,637.0,7.289536603394477
5.0,638.0,6.706433536998398
5.0,639.0,6.1841220018598575
5.0,640.0,5.714202072317682
5.0,641.0,5.289728552415918
5.0,642.0,4.904914902145253
5.0,643.0,4.554905051590225
5.0,644.0,4.235595828433533
5.0,645.0,3.943497956741086
5.0,646.0,3.675626117024197
5.0,647.0,3.4294116311944562
5.0,648.0,3.2026323272276795
5.0,649.0,2.993356109983711
5.0,650.0,2.7998949683307237
5.0,651.0,2.620767550578726
5.0,652.0,2.454668235035526
5.0,653.0,2.3004417220310187
5.0,654.0,2.1570617519872495
5.0,655.0,2.0236134877697265
5.0,656.0,1.8992785611482015
5.0,657.0,1.7833226220741085
5.0,658.0,1.675084627861478
5.0,659.0,1.573967891313034
5.0,660.0,1.4794322714743153
5.0,661.0,1.3909876362721656
5.0,662.0,1.308188074022352
5.0,663.0,1.230627051282848
5.0,664.0,1.1579330553144709
5.0,665.0,1.0897659610639676
5.0,666.0,1.0258137025816294
5.0,667.0,0.9657895150140521
5.0,668.0,0.9094293564990501
5.0,669.0,0.8564897918901604
5.0,670.0,0.8067459693159909
5.0,671.0,0.7599899804086404
5.0,672.0,0.7160292519395157
5.0,673.0,0.6746852639608509
5.0,674.0,0.635792255742132
5.0,675.0,0.5991962156547028
5.0,676.0,0.5647538277937736
5.0,677.0,0.5323316702725766
5.0,678.0,0.5018053481634753
5.0,679.0,0.4730588531503126
5.0,680.0,0.44598384222329
5.0,681.0,0.4204791233785758
5.0,682.0,0.3964500495044587
5.0,683.0,0.3738081033718001
5.0,684.0,0.3524703834719783
5.0,685.0,0.3323592678359973
5.0,686.0,0.3134019739963397
5.0,687.0,0.2955302858462521
5.0,688.0,0.27868017393204303
5.0,689.0,0.26279157306455847
5.0,690.0,0.24780805218126206
5.0,691.0,0.23367663306530492
5.0,692.0,0.220347501314668
5.0,693.0,0.20777385853613806
5.0,694.0,0.195911667713173
5.0,695.0,0.18471953278505854
5.0,696.0,0.17415847305438242
5.0,697.0,0.16419182525374348
5.0,698.0,0.1547850426787674
5.0,699.0,0.14590561577244915
5.0,700.0,0.13752289248473137
5.0,701.0,0.1296080141316893
5.0,702.0,0.12213375412277439
5.0,703.0,0.1150744664259891
5.0,704.0,0.108405940309936
5.0,705.0,0.1021053592023117
5.0,706.0,0.0961511694966076
5.0,707.0,0.09052304795633746
5.0,708.0,0.08520178295878286
5.0,709.0,0.0801692488915188
5.0,710.0,0.07540829846556549
5.0,711.0,0.0709027427893313
5.0,712.0,0.0666372535943287
5.0,713.0,0.06259734786634392
5.0,714.0,0.05876929899877625
5.0,715.0,0.055140125020684536
5.0,716.0,0.05169750783373364
5.0,717.0,0.04842978420872261
5.0,718.0,0.04532587237819712
5.0,719.0,0.04237526508253855
5.0,720.0,0.03956796288629186
5.0,721.0,0.03689446864610142
5.0,722.0,0.0343457269984314
5.0,723.0,0.03191311969787255
5.0,724.0,0.02958841079011372
5.0,725.0,0.02736374233300813
5.0,726.0,0.025231584823685003
5.0,727.0,0.02318473286829947
5.0,728.0,0.02121626047786309
5.0,729.0,0.01931951629742779
5.0,730.0,0.017488083422991837
5.0,731.0,0.015715773838266486
5.0,732.0,0.01399659243601006
5.0,733.0,0.012324730341510461
5.0,734.0,0.0106945328468028
5.0,735.0,0.009100491325371808
5.0,736.0,0.007537214807613745
5.0,737.0,0.005999420211644891
5.0,738.0,0.004481907303612605
5.0,739.0,0.002979546985371053
5.0,740.0,0.0014872593942328106
5.0,741.0,0.0
6.0,0.0,0.0
6.0,1.0,0.00057314857242955
6.0,2.0,0.0011482350210167355
6.0,3.0,0.0017272040333776472
6.0,4.0,0.002312012880639384
6.0,5.0,0.0029046393588247825
6.0,6.0,0.0035070866126253757
6.0,7.0,0.00412139229803059
6.0,8.0,0.00474963255096789
6.0,9.0,0.0053939324647177015
6.0,10.0,0.006056469300045941
6.0,11.0,0.0067394843746491325
6.0,12.0,0.0074452856164186326
6.0,13.0,0.008176260967434491
6.0,14.0,0.008934880388666038
6.0,15.0,0.009723710888008923
6.0,16.0,0.010545418093201402
6.0,17.0,0.011402783022253914
6.0,18.0,0.0122987033518527
6.0,19.0,0.013236212059496757
6.0,20.0,0.014218478527438362
6.0,21.0,0.015248829199216348
6.0,22.0,0.016330748674587062
6.0,23.0,0.017467902539304546
6.0,24.0,0.018664138624956354
6.0,25.0,0.019923512190269978
6.0,26.0,0.02125028754182897
6.0,27.0,0.02264896576848753
6.0,28.0,0.0241242869452892
6.0,29.0,0.02568126065051509
6.0,30.0,0.02732516900662707
6.0,31.0,0.029061600243032715
6.0,32.0,0.03089645286562661
6.0,33.0,0.032835972568764034
6.0,34.0,0.03488675787037743
6.0,35.0,0.03705580072549037
6.0,36.0,0.039350494018729865
6.0,37.0,0.041778676291006504
6.0,38.0,0.04434864154782414
6.0,39.0,0.04706918858310619
6.0,40.0,0.049949633642984236
6.0,41.0,0.05299986491953459
6.0,42.0,0.05623035870954525
6.0,43.0,0.059652239760518415
6.0,44.0,0.06327730168727141
6.0,45.0,0.06711807398867695
6.0,46.0,0.07118784763839243
6.0,47.0,0.07550074976095432
6.0,48.0,0.08007177550506335
6.0,49.0,0.08491687158172262
6.0,50.0,0.09005297577072949
6.0,51.0,0.09549811079468469
6.0,52.0,0.10127143311681669
6.0,53.0,0.10739333897042518
6.0,54.0,0.11388552449918932
6.0,55.0,0.12077110620548782
6.0,56.0,0.12807469499026933
6.0,57.0,0.13582253385754467
6.0,58.0,0.1440425890668297
6.0,59.0,0.15276470867827152
6.0,60.0,0.16202073488732063
6.0,61.0,0.17184468797489008
6.0,62.0,0.18227290502112325
6.0,63.0,0.19334425511993522
6.0,64.0,0.205100311163553
6.0,65.0,0.21758560390551648
6.0,66.0,0.23084783550611565
6.0,67.0,0.24493818234410433
6.0,68.0,0.2599115617078497
6.0,69.0,0.27582699639370134
6.0,70.0,0.29274794959416317
6.0,71.0,0.3107427686110617
6.0,72.0,0.32988510802907284
6.0,73.0,0.35025447579632185
6.0,74.0,0.37193677176306716
6.0,75.0,0.3950249676511531
6.0,76.0,0.4196197978497482
6.0,77.0,0.44583061646848465
6.0,78.0,0.4737762912174164
6.0,79.0,0.5035862974226276
6.0,80.0,0.5354018858633448
6.0,81.0,0.5693774977920965
6.0,82.0,0.6056823068372121
6.0,83.0,0.6445020745679544
6.0,84.0,0.6860412098438273
6.0,85.0,0.7305252374211083
6.0,86.0,0.7782035832070083
6.0,87.0,0.8293529087109665
6.0,88.0,0.884280930202966
6.0,89.0,0.9433309957491031
6.0,90.0,1.006887401305489
6.0,91.0,1.0753817819292284
6.0,92.0,1.14930063393772
6.0,93.0,1.229194404249554
6.0,94.0,1.315688326207934
6.0,95.0,1.4094956018783336
6.0,96.0,1.5114333174060932
6.0,97.0,1.622441965448746
6.0,98.0,1.7436093147567557
6.0,99.0,1.8761999685755375
6.0,100.0,2.021691962802462
6.0,101.0,2.1818225542106857
6.0,102.0,2.358645610956649
6.0,103.0,2.5546041529290293
6.0,104.0,2.7726222715536823
6.0,105.0,3.0162223129590497
6.0,106.0,3.2896744676306207
6.0,107.0,3.5981881036147296
6.0,108.0,3.948155649319896
6.0,109.0,4.347461257155045
6.0,110.0,4.805864754504181
6.0,111.0,5.335464216748448
6.0,112.0,5.951218839009243
6.0,113.0,6.671464261275956
6.0,114.0,7.518247106508906
6.0,115.0,8.517103623583125
6.0,116.0,9.695557930465283
6.0,117.0,11.079114264310329
6.0,118.0,12.683073484199772
6.0,119.0,14.49894957321933
6.0,120.0,16.47761409202018
6.0,121.0,18.520195941539896
6.0,122.0,20.498857287104773
6.0,123.0,22.314727018858388
6.0,124.0,23.918676675828465
6.0,125.0,25.302220208565018
6.0,126.0,26.48065843259445
6.0,127.0,27.479495530330503
6.0,128.0,28.326255553631317
6.0,129.0,29.046474673643175
6.0,130.0,29.662199423718107
6.0,131.0,30.1917653420151
6.0,132.0,30.65013150925982
6.0,133.0,31.049395873435174
6.0,134.0,31.399318121089625
6.0,135.0,31.707782249821108
6.0,136.0,31.981180518715348
6.0,137.0,32.22472211133676
6.0,138.0,32.442677017879674
6.0,139.0,32.63856736760515
6.0,140.0,32.81531701771645
6.0,141.0,32.975368735624976
6.0,142.0,33.120776117828775
6.0,143.0,33.25327612921345
6.0,144.0,33.37434649246346
6.0,145.0,33.48525147506934
6.0,146.0,33.58707848619149
6.0,147.0,33.680767633652216
6.0,148.0,33.767135591993174
6.0,149.0,33.8468951232736
6.0,150.0,33.920670990633916
6.0,151.0,33.98901313869672
6.0,152.0,34.05240752727599
6.0,153.0,34.111285218510424
6.0,154.0,34.16602989652708
6.0,155.0,34.216984256073005
6.0,156.0,34.264455315656
6.0,157.0,34.308718991551956
6.0,158.0,34.35002391345736
6.0,159.0,34.38859475536515
6.0,160.0,34.424635016640245
6.0,161.0,34.45832948637744
6.0,162.0,34.489846297746475
6.0,163.0,34.51933877847237
6.0,164.0,34.54694698671236
6.0,165.0,34.572799119942935
6.0,166.0,34.59701267549677
6.0,167.0,34.61969553711886
6.0,168.0,34.64094685994103
6.0,169.0,34.660857918381566
6.0,170.0,34.67951278599443
6.0,171.0,34.69698900410124
6.0,172.0,34.71335810676215
6.0,173.0,34.72868615267588
6.0,174.0,34.74303413138382
6.0,175.0,34.7564583890644
6.0,176.0,34.76901094198906
6.0,177.0,34.78073981823491
6.0,178.0,34.79168929702127
6.0,179.0,34.80190018196369
6.0,180.0,34.8114099793093
6.0,181.0,34.8202531133749
6.0,182.0,34.82846105219713
6.0,183.0,34.83606247164539
6.0,184.0,34.84308333307141
6.0,185.0,34.84954699875868
6.0,186.0,34.85547426229755
6.0,187.0,34.86088341401378
6.0,188.0,34.86579022045586
6.0,189.0,34.87020793360953
6.0,190.0,34.87414721032664
6.0,191.0,34.87761605258526
6.0,192.0,34.880619649800835
6.0,193.0,34.88316022771977
6.0,194.0,34.88523678451224
6.0,195.0,34.88684481071673
6.0,196.0,34.887975870699556
6.0,197.0,34.88861713127112
6.0,198.0,34.88875070802268
6.0,199.0,34.88835289849915
6.0,200.0,34.8873931583394
6.0,201.0,34.88583286324699
6.0,202.0,34.883623685633765
6.0,203.0,34.8807055857457
6.0,204.0,34.87700419722582
6.0,205.0,34.87242753705648
6.0,206.0,34.86686173962878
6.0,207.0,34.860165643125306
6.0,208.0,34.85216382633743
6.0,209.0,34.842637838340345
6.0,210.0,34.83131523072082
6.0,211.0,34.817856385919605
6.0,212.0,34.8018395780906
6.0,213.0,34.78274629073356
6.0,214.0,34.75995165668058
6.0,215.0,34.73273082063929
6.0,216.0,34.70030184322856
6.0,217.0,34.661940243327486
6.0,218.0,34.61721280772727
6.0,219.0,34.56636572369711
6.0,220.0,34.510806160443394
6.0,221.0,34.45336230615898
6.0,222.0,34.39768976377713
6.0,223.0,34.34661633735838
6.0,224.0,34.301548427177735
6.0,225.0,34.262731062637016
6.0,226.0,34.229729481699565
6.0,227.0,34.20181725513519
6.0,228.0,34.17821009271565
6.0,229.0,34.15818037296362
6.0,230.0,34.14110004217384
6.0,231.0,34.126446959930696
6.0,232.0,34.11379533234017
6.0,233.0,34.102801008008754
6.0,234.0,34.09318653016471
6.0,235.0,34.08472793845319
6.0,236.0,34.07724379013007
6.0,237.0,34.070586357959016
6.0,238.0,34.064634653306356
6.0,239.0,34.05928897509425
6.0,240.0,34.05446662697312
6.0,241.0,34.050098583662134
6.0,242.0,34.04612685584325
6.0,243.0,34.04250243087254
6.0,244.0,34.039183624251
6.0,245.0,34.03613478358122
6.0,246.0,34.033325234134374
6.0,247.0,34.03072844544209
6.0,248.0,34.02832134055897
6.0,249.0,34.026083748338884
6.0,250.0,34.02399793996431
6.0,251.0,34.02204826131627
6.0,252.0,34.02022081460538
6.0,253.0,34.01850320662123
6.0,254.0,34.01688432496561
6.0,255.0,34.015354162304355
6.0,256.0,34.01390365549337
6.0,257.0,34.0125245605329
6.0,258.0,34.01120933424045
6.0,259.0,34.00995104350797
6.0,260.0,34.00874327618051
6.0,261.0,34.00758007375366
6.0,262.0,34.0064558625116
6.0,263.0,34.00536540230431
6.0,264.0,34.00430373179819
6.0,265.0,34.00326612821571
6.0,266.0,34.0022480623524
6.0,267.0,34.001245165606655
6.0,268.0,34.00025319157492
6.0,269.0,33.99926798762235
6.0,270.0,33.99828546059719
6.0,271.0,33.997301550759396
6.0,272.0,33.99631219958287
6.0,273.0,33.99531332416531
6.0,274.0,33.99430078528411
6.0,275.0,33.993270360506905
6.0,276.0,33.99221771066615
6.0,277.0,33.99113834979116
6.0,278.0,33.990027607967306
6.0,279.0,33.98888059590183
6.0,280.0,33.987692161704025
6.0,281.0,33.986456847328384
6.0,282.0,33.98516883608076
6.0,283.0,33.983821897256995
6.0,284.0,33.98240932001995
6.0,285.0,33.980923841104136
6.0,286.0,33.97935755890556
6.0,287.0,33.97770183687671
6.0,288.0,33.97594718886948
6.0,289.0,33.974083147339925
6.0,290.0,33.97209810658657
6.0,291.0,33.96997913934458
6.0,292.0,33.96771177755401
6.0,293.0,33.965279752018944
6.0,294.0,33.962664678973844
6.0,295.0,33.95984568290242
6.0,296.0,33.95679893837593
6.0,297.0,33.953497111785886
6.0,298.0,33.949908676258254
6.0,299.0,33.94599706667288
6.0,300.0,33.941719631189414
6.0,301.0,33.937026322561486
6.0,302.0,33.931858055832784
6.0,303.0,33.92614463528933
6.0,304.0,33.91980212579807
6.0,305.0,33.91272950421925
6.0,306.0,33.904804383188896
6.0,307.0,33.89587754391533
6.0,308.0,33.88576596598802
6.0,309.0,33.87424400782252
6.0,310.0,33.86103243460158
6.0,311.0,33.845785201247146
6.0,312.0,33.8280745112415
6.0,313.0,33.807376092326514
6.0,314.0,33.78305963629598
6.0,315.0,33.754395122680215
6.0,316.0,33.720595724082536
6.0,317.0,33.68093231243239
6.0,318.0,33.6349672711303
6.0,319.0,33.58294259400953
6.0,320.0,33.526261470216255
6.0,321.0,33.4677482899092
6.0,322.0,33.41105504412964
6.0,323.0,33.3590060818844
6.0,324.0,33.31300450983771
6.0,325.0,33.27329219777971
6.0,326.0,33.239431362969334
6.0,327.0,33.21069266862914
6.0,328.0,33.18628903518492
6.0,329.0,33.16549014580723
6.0,330.0,33.14766535045916
6.0,331.0,33.1322899886108
6.0,332.0,33.11893582733737
6.0,333.0,33.10725633577047
6.0,334.0,33.096971741790234
6.0,335.0,33.087855813446005
6.0,336.0,33.07972488429602
6.0,337.0,33.072429031965136
6.0,338.0,33.06584510483298
6.0,339.0,33.05987125256601
6.0,340.0,33.054422646202575
6.0,341.0,33.049428126872044
6.0,342.0,33.04482757278865
6.0,343.0,33.040569823018004
6.0,344.0,33.03661103009521
6.0,345.0,33.03291334758135
6.0,346.0,33.029443875673714
6.0,347.0,33.02617381179712
6.0,348.0,33.02307775863725
6.0,349.0,33.020133160652044
6.0,350.0,33.01731983790802
6.0,351.0,33.014619602731294
6.0,352.0,33.012015936958996
6.0,353.0,33.00949372429154
6.0,354.0,33.007039020195535
6.0,355.0,33.004638859809695
6.0,356.0,33.00228108847145
6.0,357.0,32.999954219544406
6.0,358.0,32.99764730483219
6.0,359.0,32.99534982551487
6.0,360.0,32.99305158862266
6.0,361.0,32.99074263969754
6.0,362.0,32.98841317576844
6.0,363.0,32.986053471711635
6.0,364.0,32.983653802800305
6.0,365.0,32.98120437878699
6.0,366.0,32.978695270674905
6.0,367.0,32.97611634772979
6.0,368.0,32.97345720397268
6.0,369.0,32.97070709389638
6.0,370.0,32.967854854491726
6.0,371.0,32.96488883552384
6.0,372.0,32.961796812758365
6.0,373.0,32.95856590828483
6.0,374.0,32.95518249001064
6.0,375.0,32.951632076673484
6.0,376.0,32.9478992175511
6.0,377.0,32.94396737537618
6.0,378.0,32.939818778420936
6.0,379.0,32.93543427231662
6.0,380.0,32.930793133954694
6.0,381.0,32.925872879886875
6.0,382.0,32.92064902741597
6.0,383.0,32.91509484227402
6.0,384.0,32.90918102617454
6.0,385.0,32.90287537897104
6.0,386.0,32.89614238270654
6.0,387.0,32.888942742036136
6.0,388.0,32.881232820636185
6.0,389.0,32.872964006011046
6.0,390.0,32.8640819320146
6.0,391.0,32.85452558635803
6.0,392.0,32.84422621786955
6.0,393.0,32.833106060424115
6.0,394.0,32.82107676666835
6.0,395.0,32.80803754913395
6.0,396.0,32.79387288813796
6.0,397.0,32.77844976909702
6.0,398.0,32.76161425393023
6.0,399.0,32.74318728665825
6.0,400.0,32.722959446273705
6.0,401.0,32.700684435866364
6.0,402.0,32.676070865026745
6.0,403.0,32.64877191940471
6.0,404.0,32.61837221027641
6.0,405.0,32.584371068833384
6.0,406.0,32.54616115718936
6.0,407.0,32.503001172209444
6.0,408.0,32.45398098614663
6.0,409.0,32.39797759152809
6.0,410.0,32.33360023224237
6.0,411.0,32.25912436408346
6.0,412.0,32.17241694033732
6.0,413.0,32.07086283920997
6.0,414.0,31.951317054702496
6.0,415.0,31.810136367461066
6.0,416.0,31.643393864169514
6.0,417.0,31.44745152501148
6.0,418.0,31.220129278303098
6.0,419.0,30.962645555575694
6.0,420.0,30.682025211526515
6.0,421.0,30.392399617218636
6.0,422.0,30.11203865711916
6.0,423.0,29.855074584040256
6.0,424.0,29.628534017982762
6.0,425.0,29.43363804828551
6.0,426.0,29.268210159049328
6.0,427.0,29.128616802224524
6.0,428.0,29.010936461558003
6.0,429.0,28.911532267330752
6.0,430.0,28.827266529200255
6.0,431.0,28.755532443927827
6.0,432.0,28.694206304263357
6.0,433.0,28.641573973311097
6.0,434.0,28.59625619325316
6.0,435.0,28.557142603492807
6.0,436.0,28.52333690073433
6.0,437.0,28.494112852894688
6.0,438.0,28.46887947550215
6.0,439.0,28.447153816932644
6.0,440.0,28.428539613078733
6.0,441.0,28.412710676610946
6.0,442.0,28.399397799495475
6.0,443.0,28.38837853254744
6.0,444.0,28.379469031774004
6.0,445.0,28.372517674308963
6.0,446.0,28.367399888292287
6.0,447.0,28.364014104299702
6.0,448.0,28.362278419375652
6.0,449.0,28.362128001921924
6.0,450.0,28.363512910987936
6.0,451.0,28.366396430075856
6.0,452.0,28.370753634895276
6.0,453.0,28.376570339301388
6.0,454.0,28.38384216404664
6.0,455.0,28.39257390087098
6.0,456.0,28.402778930008775
6.0,457.0,28.414478882774393
6.0,458.0,28.42770331404512
6.0,459.0,28.442489590056653
6.0,460.0,28.458882759248183
6.0,461.0,28.476935622111682
6.0,462.0,28.49670876857469
6.0,463.0,28.518270807483738
6.0,464.0,28.5416985564235
6.0,465.0,28.567077423925042
6.0,466.0,28.59450175159944
6.0,467.0,28.624075355150005
6.0,468.0,28.655912031194006
6.0,469.0,28.69013627557711
6.0,470.0,28.72688398002352
6.0,471.0,28.7663033597504
6.0,472.0,28.80855587975126
6.0,473.0,28.85381743996819
6.0,474.0,28.90227958938327
6.0,475.0,28.954151038042582
6.0,476.0,29.00965924151963
6.0,477.0,29.06905233761114
6.0,478.0,29.132601217382017
6.0,479.0,29.20060202428281
6.0,480.0,29.27337887566773
6.0,481.0,29.351287119302622
6.0,482.0,29.434716938263108
6.0,483.0,29.524097643412073
6.0,484.0,29.619902496349813
6.0,485.0,29.72265444083342
6.0,486.0,29.832932631197654
6.0,487.0,29.95138019407627
6.0,488.0,30.078713183132333
6.0,489.0,30.215731252984135
6.0,490.0,30.363330124457445
6.0,491.0,30.5225165092604
6.0,492.0,30.694425746659597
6.0,493.0,30.880343049369404
6.0,494.0,31.081728906195842
6.0,495.0,31.3002499165791
6.0,496.0,31.53781609604865
6.0,497.0,31.796626563847447
6.0,498.0,32.079225485892316
6.0,499.0,32.388571273942794
6.0,500.0,32.72812235143497
6.0,501.0,33.101944375180885
6.0,502.0,33.514844716109295
6.0,503.0,33.97254235544029
6.0,504.0,34.48188326381204
6.0,505.0,35.05111488696377
6.0,506.0,35.6902366380357
6.0,507.0,36.41144810366614
6.0,508.0,37.22972045239562
6.0,509.0,38.16351952637235
6.0,510.0,39.23570540997694
6.0,511.0,40.474616106073064
6.0,512.0,41.91529257640118
6.0,513.0,43.60068600498996
6.0,514.0,45.582441599723936
6.0,515.0,47.92037991079619
6.0,516.0,50.678978455287385
6.0,517.0,53.91798205386483
6.0,518.0,57.67323009141713
6.0,519.0,61.92483223946386
6.0,520.0,66.55767834343447
6.0,521.0,71.34011777919315
6.0,522.0,75.97263449845683
6.0,523.0,80.22357675718767
6.0,524.0,83.97783215903956
6.0,525.0,87.21550699987732
6.0,526.0,89.97243614906951
6.0,527.0,92.30835874775036
6.0,528.0,94.28774545923731
6.0,529.0,95.97040876916272
6.0,530.0,97.40798459523684
6.0,531.0,98.64341355628673
6.0,532.0,99.7117247538781
6.0,533.0,100.64124297287621
6.0,534.0,101.45481369605409
6.0,535.0,102.17088670328285
6.0,536.0,102.80441560761882
6.0,537.0,103.36758085475633
6.0,538.0,103.87036109099739
6.0,539.0,104.32098126067649
6.0,540.0,104.72626304871171
6.0,541.0,105.09189923967821
6.0,542.0,105.42266903612949
6.0,543.0,105.72260780835794
6.0,544.0,105.99514150113848
6.0,545.0,106.2431936869159
6.0,546.0,106.46927124183428
6.0,547.0,106.67553335147579
6.0,548.0,106.86384734500002
6.0,549.0,107.03583416094398
6.0,550.0,107.19290552088783
6.0,551.0,107.33629450947687
6.0,552.0,107.46708081742028
6.0,553.0,107.58621169481265
6.0,554.0,107.69451939423061
6.0,555.0,107.7927357581012
6.0,556.0,107.88150444883253
6.0,557.0,107.96139123227262
6.0,558.0,108.03289264619093
6.0,559.0,108.09644330770173
6.0,560.0,108.15242209214506
6.0,561.0,108.20115733276018
6.0,562.0,108.24293121525183
6.0,563.0,108.27798344356587
6.0,564.0,108.30651431751575
6.0,565.0,108.32868724494483
6.0,566.0,108.34463081103989
6.0,567.0,108.35444038581865
6.0,568.0,108.35817938390221
6.0,569.0,108.35588012323898
6.0,570.0,108.3475443940886
6.0,571.0,108.33314365479966
6.0,572.0,108.31261896596078
6.0,573.0,108.28588055134244
6.0,574.0,108.25280709854758
6.0,575.0,108.21324465989237
6.0,576.0,108.16700526705947
6.0,577.0,108.11386509063409
6.0,578.0,108.05356225608413
6.0,579.0,107.98579411435311
6.0,580.0,107.91021407168765
6.0,581.0,107.82642773769672
6.0,582.0,107.7339884810724
6.0,583.0,107.6323921026087
6.0,584.0,107.5210706865439
6.0,585.0,107.39938527417438
6.0,586.0,107.26661737133581
6.0,587.0,107.12195884181425
6.0,588.0,106.9645001151352
6.0,589.0,106.79321612642734
6.0,590.0,106.60694977880183
6.0,591.0,106.40439214163821
6.0,592.0,106.18405894637436
6.0,593.0,105.94426227172141
6.0,594.0,105.68307659781446
6.0,595.0,105.39829759992085
6.0,596.0,105.08739221586117
6.0,597.0,104.7474374899181
6.0,598.0,104.37504562265413
6.0,599.0,103.96627125299658
6.0,600.0,103.51649648848246
6.0,601.0,103.02028716194876
6.0,602.0,102.47121250148426
6.0,603.0,101.86161729394928
6.0,604.0,101.18233302348911
6.0,605.0,100.42230971591802
6.0,606.0,99.56814582009888
6.0,607.0,98.60348699781095
6.0,608.0,97.50825964766518
6.0,609.0,96.25770093198516
6.0,610.0,94.82115208011322
6.0,611.0,93.16060469102878
6.0,612.0,91.22905742320457
6.0,613.0,88.96889649680229
6.0,614.0,86.3108442848045
6.0,615.0,83.17465509480895
6.0,616.0,79.4738349690711
6.0,617.0,75.128237551548
6.0,618.0,70.0897836405163
6.0,619.0,64.38515225773224
6.0,620.0,58.16875521019225
6.0,621.0,51.75133790614354
6.0,622.0,45.53468357875403
6.0,623.0,39.82953676151909
6.0,624.0,34.790307510322464
6.0,625.0,30.44367221020709
6.0,626.0,26.741548132252912
6.0,627.0,23.60378448415104
6.0,628.0,20.943881954494916
6.0,629.0,18.681588551677592
6.0,630.0,16.747619391873783
6.0,631.0,15.084352442795431
6.0,632.0,13.644777098612757
6.0,633.0,12.390874633760662
6.0,634.0,11.29197487187587
6.0,635.0,10.323302429075492
6.0,636.0,9.464769990918963
6.0,637.0,8.700008268235818
6.0,638.0,8.015599488372857
6.0,639.0,7.400476101341892
6.0,640.0,6.845450621094459
6.0,641.0,6.342847372339601
6.0,642.0,5.886213580148504
6.0,643.0,5.470091420610193
6.0,644.0,5.089837631395853
6.0,645.0,4.741479638503231
6.0,646.0,4.421600514584868
6.0,647.0,4.1272461118112265
6.0,648.0,3.8558500247269474
6.0,649.0,3.605172262956152
6.0,650.0,3.373249213521372
6.0,651.0,3.1583522380161235
6.0,652.0,2.9589535996854024
6.0,653.0,2.773697922604774
6.0,654.0,2.601378533673052
6.0,655.0,2.440917400147481
6.0,656.0,2.2913484055451736
6.0,657.0,2.151802987476161
6.0,658.0,2.0214981187751313
6.0,659.0,1.8997258492816764
6.0,660.0,1.7858445369707772
6.0,661.0,1.6792711097150719
6.0,662.0,1.5794745784218807
6.0,663.0,1.485970224321133
6.0,664.0,1.3983147389567958
6.0,665.0,1.316101794932952
6.0,666.0,1.2389583621306859
6.0,667.0,1.1665412862739843
6.0,668.0,1.098534466741703
6.0,669.0,1.0346461788775516
6.0,670.0,0.9746068906466753
6.0,671.0,0.9181671405524515
6.0,672.0,0.8650958333861345
6.0,673.0,0.8151785380453981
6.0,674.0,0.7682161464203017
6.0,675.0,0.724023492093553
6.0,676.0,0.6824282872426279
6.0,677.0,0.6432699891867233
6.0,678.0,0.6063989521568793
6.0,679.0,0.5716754872719759
6.0,680.0,0.538969181858402
6.0,681.0,0.5081581119186699
6.0,682.0,0.47912829320471034
6.0,683.0,0.45177301510186
6.0,684.0,0.4259923961283487
6.0,685.0,0.4016928154348129
6.0,686.0,0.3787865516830083
6.0,687.0,0.3571912937796881
6.0,688.0,0.3368298467853169
6.0,689.0,0.3176297075692108
6.0,690.0,0.29952282494158955
6.0,691.0,0.28244522899498314
6.0,692.0,0.2663368353452942
6.0,693.0,0.2511411192710982
6.0,694.0,0.23680495601101184
6.0,695.0,0.22327833261450988
6.0,696.0,0.21051421783316385
6.0,697.0,0.19846830599017368
6.0,698.0,0.18709891123855538
6.0,699.0,0.17636673884176823
6.0,700.0,0.16623479953864334
6.0,701.0,0.1566682044782762
6.0,702.0,0.14763409619318166
6.0,703.0,0.13910146410311333
6.0,704.0,0.13104108920225543
6.0,705.0,0.12342537758010562
6.0,706.0,0.11622831641127253
6.0,707.0,0.10942532336813052
6.0,708.0,0.10299321189004543
6.0,709.0,0.09691005470575563
6.0,710.0,0.09115515667316186
6.0,711.0,0.08570893090727437
6.0,712.0,0.08055287773778284
6.0,713.0,0.07566947216469178
6.0,714.0,0.07104214769079614
6.0,715.0,0.06665519401239298
6.0,716.0,0.06249374465683219
6.0,717.0,0.05854368396812904
6.0,718.0,0.054791637623152624
6.0,719.0,0.05122488809792996
6.0,720.0,0.047831367255396655
6.0,721.0,0.04459957958264031
6.0,722.0,0.041518596142864475
6.0,723.0,0.038577984960653844
6.0,724.0,0.03576780571434785
6.0,725.0,0.03307854671867861
6.0,726.0,0.030501119803836466
6.0,727.0,0.028026803404944838
6.0,728.0,0.02564723713288068
6.0,729.0,0.02335437052991246
6.0,730.0,0.021140456886520227
6.0,731.0,0.018998007263640582
6.0,732.0,0.016919783150666737
6.0,733.0,0.014898755388306954
6.0,734.0,0.012928095296704818
6.0,735.0,0.01100113815986001
6.0,736.0,0.009111372480234584
6.0,737.0,0.007252407706734804
6.0,738.0,0.005417961293914647
6.0,739.0,0.003601830371230119
6.0,740.0,0.001797876301513956
6.0,741.0,0.0
7.0,0.0,0.0
7.0,1.0,0.0006730463410998857
7.0,2.0,0.0013483683996070967
7.0,3.0,0.0020282492663389437
7.0,4.0,0.0027149880526180048
7.0,5.0,0.003410906096320929
7.0,6.0,0.004118356989092804
7.0,7.0,0.004839731722890348
7.0,8.0,0.005577470205506026
7.0,9.0,0.006334065458664979
7.0,10.0,0.0071120767334973715
7.0,11.0,0.00791413287619409
7.0,12.0,0.0087429471602881
7.0,13.0,0.009601319942672446
7.0,14.0,0.010492155336675144
7.0,15.0,0.011418463290051301
7.0,16.0,0.012383378232037705
7.0,17.0,0.013390160715958813
7.0,18.0,0.014442218184960727
7.0,19.0,0.015543106335390858
7.0,20.0,0.01669655216003902
7.0,21.0,0.017906455204810632
7.0,22.0,0.019176913065431678
7.0,23.0,0.020512222729575452
7.0,24.0,0.021916908723607707
7.0,25.0,0.023395724755802486
7.0,26.0,0.02495368473443224
7.0,27.0,0.026596064955718278
7.0,28.0,0.0283284382441895
7.0,29.0,0.030156676962439646
7.0,30.0,0.032086990560174826
7.0,31.0,0.03412592972280879
7.0,32.0,0.03628042765824627
7.0,33.0,0.038557805749253646
7.0,34.0,0.040965818958376185
7.0,35.0,0.04351266340667679
7.0,36.0,0.04620702633929545
7.0,37.0,0.049058096122858906
7.0,38.0,0.05207561728966945
7.0,39.0,0.05526990353081557
7.0,40.0,0.058651898429186854
7.0,41.0,0.0622331921288825
7.0,42.0,0.06602608848054083
7.0,43.0,0.07004362619500754
7.0,44.0,0.07429965326449875
7.0,45.0,0.07880885356611711
7.0,46.0,0.08358682959652852
7.0,47.0,0.08865013568726535
7.0,48.0,0.09401637030859746
7.0,49.0,0.09970421730478299
7.0,50.0,0.10573354929746932
7.0,51.0,0.1121254786598978
7.0,52.0,0.11890247389849169
7.0,53.0,0.12608842248013202
7.0,54.0,0.13370876251529434
7.0,55.0,0.1417905600581911
7.0,56.0,0.15036265898642118
7.0,57.0,0.15945577604547123
7.0,58.0,0.16910267255960285
7.0,59.0,0.1793382713380201
7.0,60.0,0.19019985481582197
7.0,61.0,0.20172720904481342
7.0,62.0,0.21396285412886984
7.0,63.0,0.226952221978429
7.0,64.0,0.24074392657813215
7.0,65.0,0.2553899841162161
7.0,66.0,0.27094613285247127
7.0,67.0,0.2874721068182116
7.0,68.0,0.30503201804868174
7.0,69.0,0.3236946985351873
7.0,70.0,0.3435341616455437
7.0,71.0,0.36463003175331654
7.0,72.0,0.38706810722000345
7.0,73.0,0.4109409036413454
7.0,74.0,0.436348348426232
7.0,75.0,0.46339847263782
7.0,76.0,0.49220827788856253
7.0,77.0,0.5229046244249147
7.0,78.0,0.555625326122029
7.0,79.0,0.5905203004277814
7.0,80.0,0.6277529687289364
7.0,81.0,0.6675017595552578
7.0,82.0,0.709961922623588
7.0,83.0,0.7553475141843087
7.0,84.0,0.8038937784651955
7.0,85.0,0.8558597992675857
7.0,86.0,0.9115316699185357
7.0,87.0,0.9712260777533959
7.0,88.0,1.0352945851259494
7.0,89.0,1.1041285385694026
7.0,90.0,1.1781649383988624
7.0,91.0,1.2578932569856927
7.0,92.0,1.3438636148114858
7.0,93.0,1.4366963931719758
7.0,94.0,1.5370938125071323
7.0,95.0,1.6458537011276706
7.0,96.0,1.7638861734170204
7.0,97.0,1.892233678104776
7.0,98.0,2.032095439849006
7.0,99.0,2.184857135111672
7.0,100.0,2.3521273103022677
7.0,101.0,2.535781985947126
7.0,102.0,2.738019704690258
7.0,103.0,2.961429370111154
7.0,104.0,3.2090741901974833
7.0,105.0,3.484595215736085
7.0,106.0,3.7923388580174437
7.0,107.0,4.137512484672331
7.0,108.0,4.526371829932018
7.0,109.0,4.9664408277599685
7.0,110.0,5.466758292443807
7.0,111.0,6.038131513573708
7.0,112.0,6.693350126188105
7.0,113.0,7.447263878743289
7.0,114.0,8.316544982819805
7.0,115.0,9.318828075294137
7.0,116.0,10.470759223682787
7.0,117.0,11.78435922115875
7.0,118.0,13.261233222708212
7.0,119.0,14.884992537699649
7.0,120.0,16.61439711871821
7.0,121.0,18.383031208245054
7.0,122.0,20.112432063235655
7.0,123.0,21.73618391350318
7.0,124.0,23.21304668624837
7.0,125.0,24.526631652655567
7.0,126.0,25.67854391658118
7.0,127.0,26.680804206954367
7.0,128.0,27.55005851368832
7.0,129.0,28.30394138243948
7.0,130.0,28.95912491960347
7.0,131.0,29.530458754134855
7.0,132.0,30.030732386797865
7.0,133.0,30.470752957681647
7.0,134.0,30.859559115776108
7.0,135.0,31.204674613383467
7.0,136.0,31.51235498601768
7.0,137.0,31.787807384843955
7.0,138.0,32.03537798611309
7.0,139.0,32.25870758616467
7.0,140.0,32.460859118158965
7.0,141.0,32.644421189473874
7.0,142.0,32.811592024041616
7.0,143.0,32.96424729998836
7.0,144.0,33.103995196314926
7.0,145.0,33.23222099567525
7.0,146.0,33.350123500990236
7.0,147.0,33.45874470968483
7.0,148.0,33.55899425349926
7.0,149.0,33.651669444834404
7.0,150.0,33.7374719529019
7.0,151.0,33.817021570181296
7.0,152.0,33.89086778836814
7.0,153.0,33.95949940840399
7.0,154.0,34.02335271375623
7.0,155.0,34.082818285535886
7.0,156.0,34.1382468688556
7.0,157.0,34.18995427825429
7.0,158.0,34.238225674893194
7.0,159.0,34.28331914660052
7.0,160.0,34.32546887331353
7.0,161.0,34.36488777338109
7.0,162.0,34.40176987963916
7.0,163.0,34.43629231841193
7.0,164.0,34.46861711711912
7.0,165.0,34.49889269983148
7.0,166.0,34.527255279858124
7.0,167.0,34.55383000041273
7.0,168.0,34.57873202012833
7.0,169.0,34.60206738980884
7.0,170.0,34.62393390766853
7.0,171.0,34.64442179722242
7.0,172.0,34.663614387400806
7.0,173.0,34.681588638478644
7.0,174.0,34.698415686932655
7.0,175.0,34.71416125338011
7.0,176.0,34.72888608105633
7.0,177.0,34.742646250332996
7.0,178.0,34.755493531602596
7.0,179.0,34.767475623917235
7.0,180.0,34.778636436902715
7.0,181.0,34.78901626557828
7.0,182.0,34.798652010976895
7.0,183.0,34.80757729864899
7.0,184.0,34.81582264337213
7.0,185.0,34.82341551467867
7.0,186.0,34.83038044688262
7.0,187.0,34.836739050680464
7.0,188.0,34.84251006515124
7.0,189.0,34.847709309447126
7.0,190.0,34.85234966772912
7.0,191.0,34.856440968353645
7.0,192.0,34.85998988487572
7.0,193.0,34.86299972069451
7.0,194.0,34.86547019771719
7.0,195.0,34.867397110166074
7.0,196.0,34.86877195473115
7.0,197.0,34.869581394965316
7.0,198.0,34.86980665871142
7.0,199.0,34.869422719129545
7.0,200.0,34.868397340559454
7.0,201.0,34.86668982612242
7.0,202.0,34.86424952318755
7.0,203.0,34.861013901367386
7.0,204.0,34.8569062253291
7.0,205.0,34.851832607989316
7.0,206.0,34.845678432146805
7.0,207.0,34.838303912296105
7.0,208.0,34.82953879957303
7.0,209.0,34.81917610485012
7.0,210.0,34.8069651053881
7.0,211.0,34.79260410049394
7.0,212.0,34.77573435127999
7.0,213.0,34.75593785760517
7.0,214.0,34.732744194530255
7.0,215.0,34.70565508176096
7.0,216.0,34.67420016929426
7.0,217.0,34.63804093859574
7.0,218.0,34.597136181333624
7.0,219.0,34.551958513585454
7.0,220.0,34.50369034160669
7.0,221.0,34.454233121981225
7.0,222.0,34.405832289442614
7.0,223.0,34.36038885010311
7.0,224.0,34.31908430685289
7.0,225.0,34.282389917945245
7.0,226.0,34.250262655472014
7.0,227.0,34.222361716382395
7.0,228.0,34.19821398897055
7.0,229.0,34.17731794912629
7.0,230.0,34.15919942864192
7.0,231.0,34.14343617781152
7.0,232.0,34.129664679251675
7.0,233.0,34.11757791583578
7.0,234.0,34.106919282252896
7.0,235.0,34.09747532917444
7.0,236.0,34.089068735791614
7.0,237.0,34.081552018527596
7.0,238.0,34.07480219551802
7.0,239.0,34.06871633064249
7.0,240.0,34.063207907798535
7.0,241.0,34.05820386229132
7.0,242.0,34.05364219872429
7.0,243.0,34.0494700424016
7.0,244.0,34.04564208149216
7.0,245.0,34.04211928231458
7.0,246.0,34.038867862509655
7.0,247.0,34.03585843288199
7.0,248.0,34.03306531151287
7.0,249.0,34.03046594069622
7.0,250.0,34.02804042162863
7.0,251.0,34.02577111075281
7.0,252.0,34.023642298923484
7.0,253.0,34.02163992644249
7.0,254.0,34.0197513581799
7.0,255.0,34.0179651783362
7.0,256.0,34.01627103017144
7.0,257.0,34.0146594651158
7.0,258.0,34.013121826534324
7.0,259.0,34.01165013637647
7.0,260.0,34.010237009239944
7.0,261.0,34.00887556521985
7.0,262.0,34.00755936492448
7.0,263.0,34.006282340716425
7.0,264.0,34.00503874618138
7.0,265.0,34.003823100254415
7.0,266.0,34.00263014650221
7.0,267.0,34.001454806129956
7.0,268.0,34.00029214364739
7.0,269.0,33.999137325721385
7.0,270.0,33.9979855905654
7.0,271.0,33.9968322102024
7.0,272.0,33.995672461370944
7.0,273.0,33.99450158908924
7.0,274.0,33.993314777080954
7.0,275.0,33.9921071106339
7.0,276.0,33.99087354454741
7.0,277.0,33.98960886317408
7.0,278.0,33.98830764367781
7.0,279.0,33.98696421081907
7.0,280.0,33.98557259285608
7.0,281.0,33.98412646803183
7.0,282.0,33.98261910967914
7.0,283.0,33.98104332039571
7.0,284.0,33.9793913617006
7.0,285.0,33.977654870378835
7.0,286.0,33.975824766174256
7.0,287.0,33.97389114248169
7.0,288.0,33.97184314270974
7.0,289.0,33.96966881396342
7.0,290.0,33.967354938317584
7.0,291.0,33.96488683265987
7.0,292.0,33.96224811427564
7.0,293.0,33.95942042144766
7.0,294.0,33.95638308197501
7.0,295.0,33.95311271553586
7.0,296.0,33.94958275658447
7.0,297.0,33.94576287772794
7.0,298.0,33.94161829085983
7.0,299.0,33.937108895825226
7.0,300.0,33.93218823938249
7.0,301.0,33.9268022376494
7.0,302.0,33.92088760277366
7.0,303.0,33.914369901782855
7.0,304.0,33.90716115764084
7.0,305.0,33.89915688831221
7.0,306.0,33.89023246279566
7.0,307.0,33.880238652990144
7.0,308.0,33.868996278454524
7.0,309.0,33.85628992303671
7.0,310.0,33.84186088612677
7.0,311.0,33.825399934734655
7.0,312.0,33.80654119210672
7.0,313.0,33.784859913464246
7.0,314.0,33.75987927511738
7.0,315.0,33.73109494464609
7.0,316.0,33.69803082261537
7.0,317.0,33.660342946052864
7.0,318.0,33.61798492632317
7.0,319.0,33.57142446686765
7.0,320.0,33.52183929088939
7.0,321.0,33.471126405980336
7.0,322.0,33.42152699637565
7.0,323.0,33.37493802134684
7.0,324.0,33.332537107321194
7.0,325.0,33.294791812090516
7.0,326.0,33.2616555520885
7.0,327.0,33.23278411928697
7.0,328.0,33.20770111838223
7.0,329.0,33.18590186898984
7.0,330.0,33.16690914637809
7.0,331.0,33.1502977499053
7.0,332.0,33.135701290839215
7.0,333.0,33.122809965861165
7.0,334.0,33.11136444404941
7.0,335.0,33.10114861619306
7.0,336.0,33.091982544039965
7.0,337.0,33.08371617358371
7.0,338.0,33.0762239774035
7.0,339.0,33.06940050254953
7.0,340.0,33.06315672368866
7.0,341.0,33.05741707747555
7.0,342.0,33.0521170601874
7.0,343.0,33.04720128107772
7.0,344.0,33.04262188500908
7.0,345.0,33.03833726849105
7.0,346.0,33.03431103388605
7.0,347.0,33.03051113062105
7.0,348.0,33.02690915072083
7.0,349.0,33.02347974352382
7.0,350.0,33.02020013197683
7.0,351.0,33.01704970493055
7.0,352.0,33.01400967785778
7.0,353.0,33.011062801734326
7.0,354.0,33.00819311937807
7.0,355.0,33.00538575161848
7.0,356.0,33.00262671756709
7.0,357.0,32.9999027722939
7.0,358.0,32.997201270034765
7.0,359.0,32.99451003606898
7.0,360.0,32.99181725859966
7.0,361.0,32.98911138287313
7.0,362.0,32.986381021717555
7.0,363.0,32.983614863313505
7.0,364.0,32.98080159303689
7.0,365.0,32.9779298083728
7.0,366.0,32.97498794631779
7.0,367.0,32.97196420013858
7.0,368.0,32.96884644746039
7.0,369.0,32.9656221641462
7.0,370.0,32.96227834850718
7.0,371.0,32.95880142763831
7.0,372.0,32.955177173010654
7.0,373.0,32.951390594183785
7.0,374.0,32.94742584037789
7.0,375.0,32.94326607555636
7.0,376.0,32.93889335935783
7.0,377.0,32.93428849599264
7.0,378.0,32.92943088598485
7.0,379.0,32.92429833894838
7.0,380.0,32.9188668846816
7.0,381.0,32.91311053634396
7.0,382.0,32.90700104513194
7.0,383.0,32.90050759512596
7.0,384.0,32.8935964793781
7.0,385.0,32.88623069988789
7.0,386.0,32.87836953337415
7.0,387.0,32.869967998108116
7.0,388.0,32.86097626320313
7.0,389.0,32.85133892620144
7.0,390.0,32.84099419761666
7.0,391.0,32.82987290568802
7.0,392.0,32.81789735361216
7.0,393.0,32.804979924927174
7.0,394.0,32.79102145690332
7.0,395.0,32.775909252006386
7.0,396.0,32.75951472497392
7.0,397.0,32.74169051698387
7.0,398.0,32.722267035977055
7.0,399.0,32.701048195245775
7.0,400.0,32.67780624520143
7.0,401.0,32.652275379170796
7.0,402.0,32.62414390623869
7.0,403.0,32.593044537680065
7.0,404.0,32.55854243448109
7.0,405.0,32.520120393774555
7.0,406.0,32.47716067421326
7.0,407.0,32.42892274566299
7.0,408.0,32.37451656139855
7.0,409.0,32.31287113119317
7.0,410.0,32.24269932940792
7.0,411.0,32.162461645255696
7.0,412.0,32.0703356813867
7.0,413.0,31.96420502276348
7.0,414.0,31.841693241688148
7.0,415.0,31.700286739604387
7.0,416.0,31.537613519389392
7.0,417.0,31.35196269480129
7.0,418.0,31.143111748164817
7.0,419.0,30.913409112785345
7.0,420.0,30.66875388466912
7.0,421.0,30.418642141578754
7.0,422.0,30.1742914830167
7.0,423.0,29.945199020930822
7.0,424.0,29.73726592493628
7.0,425.0,29.55284374561075
7.0,426.0,29.39171414199124
7.0,427.0,29.25217147260108
7.0,428.0,29.131850079636237
7.0,429.0,29.02824381166979
7.0,430.0,28.93898483348492
7.0,431.0,28.861966486194323
7.0,432.0,28.795377341305606
7.0,433.0,28.737690093548146
7.0,434.0,28.68763112060632
7.0,435.0,28.644144263719053
7.0,436.0,28.606355709815173
7.0,437.0,28.573542602270937
7.0,438.0,28.545106401042332
7.0,439.0,28.520550678538683
7.0,440.0,28.49946304805492
7.0,441.0,28.48150040635171
7.0,442.0,28.466377100877263
7.0,443.0,28.453855284085936
7.0,444.0,28.443737224489684
7.0,445.0,28.43585899425511
7.0,446.0,28.430085459980802
7.0,447.0,28.426306119657173
7.0,448.0,28.42443182562097
7.0,449.0,28.424392016922226
7.0,450.0,28.426132576136702
7.0,451.0,28.42961398286343
7.0,452.0,28.434809928271722
7.0,453.0,28.44170609131374
7.0,454.0,28.45029927391001
7.0,455.0,28.460596611495667
7.0,456.0,28.472615079052474
7.0,457.0,28.48638101717572
7.0,458.0,28.501929914886407
7.0,459.0,28.51930617737208
7.0,460.0,28.538563128100858
7.0,461.0,28.559762974501865
7.0,462.0,28.582976997005296
7.0,463.0,28.60828569022001
7.0,464.0,28.635779124932842
7.0,465.0,28.665557258658666
7.0,466.0,28.697730471480398
7.0,467.0,28.73242005379152
7.0,468.0,28.769758930361952
7.0,469.0,28.809892346614852
7.0,470.0,28.852978809243588
7.0,471.0,28.899191007161235
7.0,472.0,28.948717013062513
7.0,473.0,29.001761493014236
7.0,474.0,29.05854723345283
7.0,475.0,29.119316716367493
7.0,476.0,29.184334062777367
7.0,477.0,29.253887081435213
7.0,478.0,29.328289756210633
7.0,479.0,29.407884919264863
7.0,480.0,29.49304746089755
7.0,481.0,29.584187839228825
7.0,482.0,29.681756264350728
7.0,483.0,29.786247344861223
7.0,484.0,29.898205604984486
7.0,485.0,30.018231698051345
7.0,486.0,30.146989773441167
7.0,487.0,30.28521588072889
7.0,488.0,30.433727941194572
7.0,489.0,30.59343725978036
7.0,490.0,30.765362219192816
7.0,491.0,30.950644268299207
7.0,492.0,31.150567020022645
7.0,493.0,31.36657878984153
7.0,494.0,31.60031966429193
7.0,495.0,31.853653779166454
7.0,496.0,32.128708335371876
7.0,497.0,32.42792059158151
7.0,498.0,32.75409506724227
7.0,499.0,33.11047309337885
7.0,500.0,33.5008180732412
7.0,501.0,33.929520009738305
7.0,502.0,34.40172441108045
7.0,503.0,34.9234912551776
7.0,504.0,35.50199159079087
7.0,505.0,36.145750142174975
7.0,506.0,36.86494399562691
7.0,507.0,37.6717671682734
7.0,508.0,38.580869611165944
7.0,509.0,39.60987227759633
7.0,510.0,40.77994498459386
7.0,511.0,42.11640058086903
7.0,512.0,43.64919593422572
7.0,513.0,45.41311416208751
7.0,514.0,47.447207766724816
7.0,515.0,49.79278372058908
7.0,516.0,52.48883247573215
7.0,517.0,55.56350771412149
7.0,518.0,59.02056025833576
7.0,519.0,62.821583443772234
7.0,520.0,66.86994684990279
7.0,521.0,71.01003641499484
7.0,522.0,75.05801305625754
7.0,523.0,78.85826139863411
7.0,524.0,82.31414838791976
7.0,525.0,85.3872634008529
7.0,526.0,88.08135195520697
7.0,527.0,90.42456107257175
7.0,528.0,92.45587315350927
7.0,529.0,94.21658571330782
7.0,530.0,95.7457403410786
7.0,531.0,97.07810776487335
7.0,532.0,98.24363092121688
7.0,533.0,99.26760715904372
7.0,534.0,100.17118914525587
7.0,535.0,100.97197899876521
7.0,536.0,101.68460605296265
7.0,537.0,102.3212418816326
7.0,538.0,102.89203918457115
7.0,539.0,103.40549630399423
7.0,540.0,103.868755773579
7.0,541.0,104.28784685892796
7.0,542.0,104.66788199923501
7.0,543.0,105.01321569347532
7.0,544.0,105.32757322219352
7.0,545.0,105.61415507997
7.0,546.0,105.87572202491296
7.0,547.0,106.11466451439604
7.0,548.0,106.3330596660042
7.0,549.0,106.53271811092277
7.0,550.0,106.71522273238382
7.0,551.0,106.881960775358
7.0,552.0,107.03415059679276
7.0,553.0,107.17286400011268
7.0,554.0,107.29904496714926
7.0,555.0,107.4135253992674
7.0,556.0,107.51703838922685
7.0,557.0,107.61022943285315
7.0,558.0,107.69366591122787
7.0,559.0,107.76784512923957
7.0,560.0,107.8332011124248
7.0,561.0,107.89011037392184
7.0,562.0,107.9388967632011
7.0,563.0,107.97983556514532
7.0,564.0,108.01315689498733
7.0,565.0,108.03904853381036
7.0,566.0,108.05765819912645
7.0,567.0,108.06909538358079
7.0,568.0,108.0734327147875
7.0,569.0,108.0707069652495
7.0,570.0,108.06091962960181
7.0,571.0,108.04403719843816
7.0,572.0,108.01999101332562
7.0,573.0,107.98867683465666
7.0,574.0,107.94995397542976
7.0,575.0,107.90364413515175
7.0,576.0,107.84952975476844
7.0,577.0,107.78735202764247
7.0,578.0,107.71680835272566
7.0,579.0,107.63754936190347
7.0,580.0,107.54917526796466
7.0,581.0,107.45123165544923
7.0,582.0,107.34320441292405
7.0,583.0,107.22451390850233
7.0,584.0,107.09450804618199
7.0,585.0,106.95245426758224
7.0,586.0,106.79753005509089
7.0,587.0,106.62881193745672
7.0,588.0,106.44526243975665
7.0,589.0,106.24571487372302
7.0,590.0,106.02885524448389
7.0,591.0,105.79320099846123
7.0,592.0,105.53707563927333
7.0,593.0,105.2585786584287
7.0,594.0,104.95554942315586
7.0,595.0,104.62552401671805
7.0,596.0,104.26568306831602
7.0,597.0,103.87278883401979
7.0,598.0,103.4431086021236
7.0,599.0,102.97232149623646
7.0,600.0,102.4554042182535
7.0,601.0,101.88649091755691
7.0,602.0,101.25870036419202
7.0,603.0,100.56392278118166
7.0,604.0,99.79255618698248
7.0,605.0,98.93318101766009
7.0,606.0,97.9721595074084
7.0,607.0,96.89314669198083
7.0,608.0,95.67650154281118
7.0,609.0,94.29859607372325
7.0,610.0,92.73104018564784
7.0,611.0,90.93988465789361
7.0,612.0,88.88494910140696
7.0,613.0,86.51957754353487
7.0,614.0,83.79138543655783
7.0,615.0,80.64496262735553
7.0,616.0,77.02800515443253
7.0,617.0,72.90274488182845
7.0,618.0,68.26414787771122
7.0,619.0,63.16373162412219
7.0,620.0,57.73111728051117
7.0,621.0,52.175049063564614
7.0,622.0,46.742132620909096
7.0,623.0,41.64111114335725
7.0,624.0,37.00160373320225
7.0,625.0,32.87512478026776
7.0,626.0,29.256636209154482
7.0,627.0,26.108364681297815
7.0,628.0,23.37799994620718
7.0,629.0,21.01012446351326
7.0,630.0,18.952345161258137
7.0,631.0,17.157996389113517
7.0,632.0,15.586886876339841
7.0,633.0,14.205055294952906
7.0,634.0,12.984098149960012
7.0,635.0,11.900372743148752
7.0,636.0,10.934221941543086
7.0,637.0,10.069283249811651
7.0,638.0,9.291899853900528
7.0,639.0,8.590631582182942
7.0,640.0,7.95585418003434
7.0,641.0,7.379433880316736
7.0,642.0,6.854463622920834
7.0,643.0,6.375049824229906
7.0,644.0,5.936139408552827
7.0,645.0,5.533379601174682
7.0,646.0,5.16300350847498
7.0,647.0,4.821736828949618
7.0,648.0,4.506721071797587
7.0,649.0,4.215450526654684
7.0,650.0,3.9457198793531028
7.0,651.0,3.695580917955031
7.0,652.0,3.4633061747786993
7.0,653.0,3.247358694835327
7.0,654.0,3.046366368931768
7.0,655.0,2.859100485247042
7.0,656.0,2.68445730959427
7.0,657.0,2.5214426377356824
7.0,658.0,2.3691583667707428
7.0,659.0,2.226791211408807
7.0,660.0,2.093602765750259
7.0,661.0,1.968921152179615
7.0,662.0,1.8521335598952693
7.0,663.0,1.742679988426184
7.0,664.0,1.640047568075525
7.0,665.0,1.5437658194377861
7.0,666.0,1.4534022727033595
7.0,667.0,1.3685588381138794
7.0,668.0,1.2888683838044865
7.0,669.0,1.2139919299310555
7.0,670.0,1.143615942260279
7.0,671.0,1.0774501437384547
7.0,672.0,1.0152253485703098
7.0,673.0,0.9566917414643544
7.0,674.0,0.9016171242823545
7.0,675.0,0.8497855530176797
7.0,676.0,0.8009959026737064
7.0,677.0,0.7550607804344944
7.0,678.0,0.711805338505807
7.0,679.0,0.6710664024119545
7.0,680.0,0.6326914789735242
7.0,681.0,0.596538053570977
7.0,682.0,0.5624727531889012
7.0,683.0,0.530370777441904
7.0,684.0,0.5001151860290644
7.0,685.0,0.4715964364397119
7.0,686.0,0.44471177216859314
7.0,687.0,0.4193648460913494
7.0,688.0,0.3954651910483812
7.0,689.0,0.3729279124558361
7.0,690.0,0.3516732268414608
7.0,691.0,0.331626210731827
7.0,692.0,0.3127163957515551
7.0,693.0,0.2948775634858669
7.0,694.0,0.2780473880776759
7.0,695.0,0.2621672688129446
7.0,696.0,0.24718201294482814
7.0,697.0,0.2330396993388884
7.0,698.0,0.21969139564942677
7.0,699.0,0.2070910476037653
7.0,700.0,0.19519522574900405
7.0,701.0,0.1839630359319857
7.0,702.0,0.17335589169634538
7.0,703.0,0.1633374422891445
7.0,704.0,0.15387336747171376
7.0,705.0,0.14493132000163259
7.0,706.0,0.13648074016677164
7.0,707.0,0.12849281018732867
7.0,708.0,0.12094028622115909
7.0,709.0,0.11379746253155351
7.0,710.0,0.10704001906663414
7.0,711.0,0.10064499356477602
7.0,712.0,0.09459064309931921
7.0,713.0,0.08885642256057574
7.0,714.0,0.08342285879303257
7.0,715.0,0.078271534112759
7.0,716.0,0.07338497185821866
7.0,717.0,0.06874662378390263
7.0,718.0,0.06434076600602924
7.0,719.0,0.06015248926461842
7.0,720.0,0.05616760437812923
7.0,721.0,0.052372634492623055
7.0,722.0,0.04875472926977649
7.0,723.0,0.045301658347699315
7.0,724.0,0.04200173357869931
7.0,725.0,0.03884380301522872
7.0,726.0,0.03581718059037099
7.0,727.0,0.0329116400170573
7.0,728.0,0.030117351367945622
7.0,729.0,0.027424874338673584
7.0,730.0,0.02482510123655035
7.0,731.0,0.02230924911093697
7.0,732.0,0.019868808703507875
7.0,733.0,0.0174955349922581
7.0,734.0,0.01518140169122704
7.0,735.0,0.012918589790215767
7.0,736.0,0.01069944721975101
7.0,737.0,0.008516474997211348
7.0,738.0,0.006362291694178338
7.0,739.0,0.004229616821977383
7.0,740.0,0.002111239753968624
7.0,741.0,0.0
8.0,0.0,0.0
8.0,1.0,0.0007735874293701762
8.0,2.0,0.0015497902439906442
8.0,3.0,0.0023312330185172527
8.0,4.0,0.0031205573034139475
8.0,5.0,0.003920432339234713
8.0,6.0,0.004733561562708887
8.0,7.0,0.005562694968833246
8.0,8.0,0.00641063446202524
8.0,9.0,0.0072802479919200245
8.0,10.0,0.008174473879619636
8.0,11.0,0.009096336858022592
8.0,12.0,0.010048951509884644
8.0,13.0,0.01103554035053094
8.0,14.0,0.012059436523326299
8.0,15.0,0.01312410407190153
8.0,16.0,0.014233140049913367
8.0,17.0,0.015390297141686592
8.0,18.0,0.016599485357095396
8.0,19.0,0.0178647971740809
8.0,20.0,0.019190509006452906
8.0,21.0,0.020581109059472243
8.0,22.0,0.022041298778793555
8.0,23.0,0.02357602363169128
8.0,24.0,0.025190474769794035
8.0,25.0,0.026890122974197267
8.0,26.0,0.02868072079377454
8.0,27.0,0.030568339923135797
8.0,28.0,0.03255937411301677
8.0,29.0,0.03466058028678831
8.0,30.0,0.03687908256082813
8.0,31.0,0.03922241744930216
8.0,32.0,0.04169853938190954
8.0,33.0,0.044315870399511695
8.0,34.0,0.047083307615985615
8.0,35.0,0.05001027787096801
8.0,36.0,0.053106747654012215
8.0,37.0,0.05638328325779555
8.0,38.0,0.0598510637692437
8.0,39.0,0.06352194736029297
8.0,40.0,0.06740848805583849
8.0,41.0,0.07152400891376962
8.0,42.0,0.07588262340831307
8.0,43.0,0.08049931639203166
8.0,44.0,0.085389971091597
8.0,45.0,0.0905714589188635
8.0,46.0,0.09606167327243337
8.0,47.0,0.10187962948207469
8.0,48.0,0.10804550685426823
8.0,49.0,0.11458076030632555
8.0,50.0,0.12150817240143283
8.0,51.0,0.12885197857194317
8.0,52.0,0.13663793127779109
8.0,53.0,0.1448934411539521
8.0,54.0,0.15364765592016003
8.0,55.0,0.16293162034397013
8.0,56.0,0.17277837316249525
8.0,57.0,0.1832231294681786
8.0,58.0,0.19430339971925364
8.0,59.0,0.20605919908198442
8.0,60.0,0.21853319366605908
8.0,61.0,0.23177094256509817
8.0,62.0,0.24582107783854484
8.0,63.0,0.2607355865781487
8.0,64.0,0.27657003298236127
8.0,65.0,0.29338388987347636
8.0,66.0,0.31124081363106243
8.0,67.0,0.3302090373779013
8.0,68.0,0.35036171277505035
8.0,69.0,0.37177738084502077
8.0,70.0,0.3945403989922086
8.0,71.0,0.4187415105078123
8.0,72.0,0.4444783811063276
8.0,73.0,0.47185629508634824
8.0,74.0,0.500988833800297
8.0,75.0,0.5319987359912887
8.0,76.0,0.5650187618598498
8.0,77.0,0.6001927683734047
8.0,78.0,0.6376768183119409
8.0,79.0,0.6776405399976014
8.0,80.0,0.7202685628966944
8.0,81.0,0.7657622576954246
8.0,82.0,0.8143416117166905
8.0,83.0,0.8662474832731125
8.0,84.0,0.9217440758832419
8.0,85.0,0.981121895998692
8.0,86.0,1.0447010517527706
8.0,87.0,1.1128351841425013
8.0,88.0,1.1859159145751144
8.0,89.0,1.2643781397825666
8.0,90.0,1.3487060994313727
8.0,91.0,1.4394406052374333
8.0,92.0,1.5371874212301182
8.0,93.0,1.64262726981799
8.0,94.0,1.75652755262535
8.0,95.0,1.879756389333175
8.0,96.0,2.013299215447097
8.0,97.0,2.158278734117254
8.0,98.0,2.3159786905668764
8.0,99.0,2.487872543398253
8.0,100.0,2.675657825837583
8.0,101.0,2.881297648487625
8.0,102.0,3.107070544161723
8.0,103.0,3.355630516293628
8.0,104.0,3.630078816283784
8.0,105.0,3.93404940208288
8.0,106.0,4.271809159051906
8.0,107.0,4.648373334106188
8.0,108.0,5.069633775767425
8.0,109.0,5.542493402064528
8.0,110.0,6.0749913779136
8.0,111.0,6.676389333455312
8.0,112.0,7.357164515283501
8.0,113.0,8.128819505595919
8.0,114.0,9.003366612580527
8.0,115.0,9.992286253197252
8.0,116.0,11.104716580964753
8.0,117.0,12.344673996376363
8.0,118.0,13.707354680120444
8.0,119.0,15.175193300282185
8.0,120.0,16.715399228974988
8.0,121.0,18.281644932209606
8.0,122.0,19.82184657865578
8.0,123.0,21.289676619769295
8.0,124.0,22.65234439850597
8.0,125.0,23.892284539079633
8.0,126.0,25.004693163449545
8.0,127.0,25.993586598298386
8.0,128.0,26.868102908009206
8.0,129.0,27.63972240474186
8.0,130.0,28.320457275871654
8.0,131.0,28.921809966311272
8.0,132.0,29.454257568436514
8.0,133.0,29.92706154065053
8.0,134.0,30.348260858029242
8.0,135.0,30.724758229937038
8.0,136.0,31.062445276687956
8.0,137.0,31.36633699657889
8.0,138.0,31.640700005071036
8.0,139.0,31.889167967906747
8.0,140.0,32.114841820927296
8.0,141.0,32.320375227452914
8.0,142.0,32.50804635439085
8.0,143.0,32.67981791924438
8.0,144.0,32.83738703348337
8.0,145.0,32.98222670367302
8.0,146.0,33.11562019099448
8.0,147.0,33.238689680671705
8.0,148.0,33.352420054372075
8.0,149.0,33.45767883985231
8.0,150.0,33.55523280634217
8.0,151.0,33.64576200086737
8.0,152.0,33.729871466281516
8.0,153.0,33.80810124440807
8.0,154.0,33.88093475300072
8.0,155.0,33.948806011451396
8.0,156.0,34.01210570450005
8.0,157.0,34.07118647316145
8.0,158.0,34.1263673576544
8.0,159.0,34.177937723890985
8.0,160.0,34.22616055673894
8.0,161.0,34.2712754121926
8.0,162.0,34.31350088504187
8.0,163.0,34.35303685660233
8.0,164.0,34.390066362279036
8.0,165.0,34.42475732368973
8.0,166.0,34.45726397479358
8.0,167.0,34.48772821199599
8.0,168.0,34.516280691693524
8.0,169.0,34.54304189383659
8.0,170.0,34.56812297193547
8.0,171.0,34.59162659893418
8.0,172.0,34.61364762835687
8.0,173.0,34.63427377249734
8.0,174.0,34.65358611743453
8.0,175.0,34.671659669993005
8.0,176.0,34.68856375778776
8.0,177.0,34.70436247148586
8.0,178.0,34.71911497246448
8.0,179.0,34.73287584944189
8.0,180.0,34.74569534977066
8.0,181.0,34.75761966367363
8.0,182.0,34.768691089927486
8.0,183.0,34.778948256103305
8.0,184.0,34.78842622485248
8.0,185.0,34.79715665418196
8.0,186.0,34.805167846226006
8.0,187.0,34.812484847175746
8.0,188.0,34.81912943577987
8.0,189.0,34.82512015752798
8.0,190.0,34.83047224453716
8.0,191.0,34.8351975722324
8.0,192.0,34.8393044948921
8.0,193.0,34.84279770436254
8.0,194.0,34.8456779551378
8.0,195.0,34.847941792127635
8.0,196.0,34.84958112398626
8.0,197.0,34.85058276855734
8.0,198.0,34.850927810860625
8.0,199.0,34.850590887935766
8.0,200.0,34.84953923578023
8.0,201.0,34.84773159767172
8.0,202.0,34.8451168215673
8.0,203.0,34.841632229933424
8.0,204.0,34.837201584522894
8.0,205.0,34.831732722658
8.0,206.0,34.8251147043308
8.0,207.0,34.81721458539922
8.0,208.0,34.80787375994834
8.0,209.0,34.79690418378047
8.0,210.0,34.784084800774394
8.0,211.0,34.76915913969258
8.0,212.0,34.75183550978649
8.0,213.0,34.7317924928863
8.0,214.0,34.70869367258935
8.0,215.0,34.68221744602167
8.0,216.0,34.652108744217756
8.0,217.0,34.618258493558464
8.0,218.0,34.580809280037755
8.0,219.0,34.54026800160839
8.0,220.0,34.49757625440974
8.0,221.0,34.45406213387162
8.0,222.0,34.41121792291185
8.0,223.0,34.37037119898945
8.0,224.0,34.33246252141162
8.0,225.0,34.297997226871765
8.0,226.0,34.26711581297295
8.0,227.0,34.2397065793803
8.0,228.0,34.21551128747128
8.0,229.0,34.19420460482732
8.0,230.0,34.175445818918355
8.0,231.0,34.15890862597154
8.0,232.0,34.144295851145785
8.0,233.0,34.131344911515036
8.0,234.0,34.11982800002023
8.0,235.0,34.109549646607086
8.0,236.0,34.10034312988086
8.0,237.0,34.0920666579214
8.0,238.0,34.08459969237284
8.0,239.0,34.07783967140695
8.0,240.0,34.071699134347845
8.0,241.0,34.066103299483636
8.0,242.0,34.06098800138224
8.0,243.0,34.056297993175846
8.0,244.0,34.05198551055872
8.0,245.0,34.048009102466295
8.0,246.0,34.044332637505974
8.0,247.0,34.040924499805676
8.0,248.0,34.03775689796174
8.0,249.0,34.03480530859627
8.0,250.0,34.03204799036622
8.0,251.0,34.02946559505226
8.0,252.0,34.027040820883094
8.0,253.0,34.02475813742704
8.0,254.0,34.02260353427748
8.0,255.0,34.0205643238373
8.0,256.0,34.01862895591608
8.0,257.0,34.01678687427536
8.0,258.0,34.01502837724189
8.0,259.0,34.0133445116312
8.0,260.0,34.01172696577131
8.0,261.0,34.01016798953278
8.0,262.0,34.008660310314696
8.0,263.0,34.00719707129549
8.0,264.0,34.00577176369367
8.0,265.0,34.004378177604835
8.0,266.0,34.00301034568541
8.0,267.0,34.00166250243531
8.0,268.0,34.00032903566502
8.0,269.0,33.99900445105988
8.0,270.0,33.997683328569536
8.0,271.0,33.99636028969954
8.0,272.0,33.9950299564255
8.0,273.0,33.99368691899065
8.0,274.0,33.992325695162506
8.0,275.0,33.99094069642018
8.0,276.0,33.98952618537003
8.0,277.0,33.98807623809823
8.0,278.0,33.98658469734403
8.0,279.0,33.98504512845675
8.0,280.0,33.983450765459466
8.0,281.0,33.98179445743677
8.0,282.0,33.980068603839975
8.0,283.0,33.978265087152145
8.0,284.0,33.976375192571226
8.0,285.0,33.97438952130115
8.0,286.0,33.9722978879103
8.0,287.0,33.970089206342855
8.0,288.0,33.96775135548593
8.0,289.0,33.96527102660512
8.0,290.0,33.96263354349284
8.0,291.0,33.95982265491704
8.0,292.0,33.956820289428876
8.0,293.0,33.953606268659975
8.0,294.0,33.95015796730906
8.0,295.0,33.946449911340295
8.0,296.0,33.94245329915906
8.0,297.0,33.93813543093941
8.0,298.0,33.93345902520154
8.0,299.0,33.92838139904222
8.0,300.0,33.92285348261021
8.0,301.0,33.916818632723356
8.0,302.0,33.91021120527118
8.0,303.0,33.90295483893081
8.0,304.0,33.89496040118418
8.0,305.0,33.88612354598417
8.0,306.0,33.876321847304894
8.0,307.0,33.86541150030235
8.0,308.0,33.853223654471215
8.0,309.0,33.83956057091002
8.0,310.0,33.82419204308943
8.0,311.0,33.806852932591454
8.0,312.0,33.78724336211306
8.0,313.0,33.76503415108717
8.0,314.0,33.739881544723204
8.0,315.0,33.71145697341997
8.0,316.0,33.679498774988964
8.0,317.0,33.643891607449575
8.0,318.0,33.6047721167289
8.0,319.0,33.56264154371042
8.0,320.0,33.51843611513226
8.0,321.0,33.47347880242435
8.0,322.0,33.42925701550353
8.0,323.0,33.387093670311764
8.0,324.0,33.34792488237197
8.0,325.0,33.31225172531501
8.0,326.0,33.28021062105603
8.0,327.0,33.2516859462172
8.0,328.0,33.22641569861092
8.0,329.0,33.20407090908137
8.0,330.0,33.18430736199643
8.0,331.0,33.16679535336087
8.0,332.0,33.151234417581605
8.0,333.0,33.137358761417644
8.0,334.0,33.12493745412566
8.0,335.0,33.11377196112339
8.0,336.0,33.103692561267714
8.0,337.0,33.0945545015965
8.0,338.0,33.08623432630122
8.0,339.0,33.078626574863094
8.0,340.0,33.07164091064945
8.0,341.0,33.06519967498702
8.0,342.0,33.059235827363274
8.0,343.0,33.05369122489817
8.0,344.0,33.0485151879565
8.0,345.0,33.04366330876675
8.0,346.0,33.03909645799603
8.0,347.0,33.03477995910061
8.0,348.0,33.03068289572731
8.0,349.0,33.02677753412153
8.0,350.0,33.023038833649515
8.0,351.0,33.019444036841094
8.0,352.0,33.015972316998266
8.0,353.0,33.01260448185489
8.0,354.0,33.00932271397729
8.0,355.0,33.00611035178467
8.0,356.0,33.00295169288404
8.0,357.0,32.999831827896955
8.0,358.0,32.99673648633556
8.0,359.0,32.99365190633007
8.0,360.0,32.99056470882546
8.0,361.0,32.98746179128203
8.0,362.0,32.98433021997474
8.0,363.0,32.98115713894899
8.0,364.0,32.97792967275998
8.0,365.0,32.97463484398224
8.0,366.0,32.97125948028894
8.0,367.0,32.967790134993045
8.0,368.0,32.964212993211696
8.0,369.0,32.9605137904699
8.0,370.0,32.95667771297854
8.0,371.0,32.95268930936554
8.0,372.0,32.948532379885535
8.0,373.0,32.94418987588932
8.0,374.0,32.939643772073254
8.0,375.0,32.93487494731685
8.0,376.0,32.92986303279718
8.0,377.0,32.92458626620396
8.0,378.0,32.919021306533864
8.0,379.0,32.913143051229994
8.0,380.0,32.90692440547285
8.0,381.0,32.90033604815755
8.0,382.0,32.893346139101055
8.0,383.0,32.885920014452914
8.0,384.0,32.878019808802875
8.0,385.0,32.86960405282506
8.0,386.0,32.86062717780902
8.0,387.0,32.85103897683355
8.0,388.0,32.84078394522616
8.0,389.0,32.82980054944346
8.0,390.0,32.81802033601032
8.0,391.0,32.80536692658358
8.0,392.0,32.7917547963424
8.0,393.0,32.777087874848625
8.0,394.0,32.76125784698799
8.0,395.0,32.744142180259004
8.0,396.0,32.7256017287585
8.0,397.0,32.70547791835924
8.0,398.0,32.68358932520583
8.0,399.0,32.65972761793547
8.0,400.0,32.63365262354214
8.0,401.0,32.605086439323394
8.0,402.0,32.573706286620144
8.0,403.0,32.539135976301246
8.0,404.0,32.50093562917417
8.0,405.0,32.4585895145113
8.0,406.0,32.411491707083115
8.0,407.0,32.35892964669979
8.0,408.0,32.30006579260498
8.0,409.0,32.233918467343514
8.0,410.0,32.15934394893095
8.0,411.0,32.075024211172305
8.0,412.0,31.97946787714131
8.0,413.0,31.871037463290286
8.0,414.0,31.74802301369494
8.0,415.0,31.608790967836015
8.0,416.0,31.452042761827606
8.0,417.0,31.277211968190144
8.0,418.0,31.084992626067834
8.0,419.0,30.877902357761382
8.0,420.0,30.660634317140538
8.0,421.0,30.439816071077185
8.0,422.0,30.22289806520951
8.0,423.0,30.016509055370097
8.0,424.0,29.82534457576596
8.0,425.0,29.651925832448793
8.0,426.0,29.496951659050726
8.0,427.0,29.359861657531237
8.0,428.0,29.23936454085428
8.0,429.0,29.133835309436495
8.0,430.0,29.041573870360754
8.0,431.0,28.96095395473121
8.0,432.0,28.890496775989206
8.0,433.0,28.82889833709876
8.0,434.0,28.77503041493109
8.0,435.0,28.727928377952015
8.0,436.0,28.686773317090225
8.0,437.0,28.650872982270638
8.0,438.0,28.619643484501328
8.0,439.0,28.592592964630533
8.0,440.0,28.569307308550044
8.0,441.0,28.549438113033446
8.0,442.0,28.53269247661073
8.0,443.0,28.518824612361843
8.0,444.0,28.507628786631866
8.0,445.0,28.498933600614265
8.0,446.0,28.49259715840797
8.0,447.0,28.488503204061406
8.0,448.0,28.486557822785407
8.0,449.0,28.48668684965763
8.0,450.0,28.488833620902344
8.0,451.0,28.492957257749882
8.0,452.0,28.499031144239336
8.0,453.0,28.507041823074843
8.0,454.0,28.516987986620297
8.0,455.0,28.52887981209228
8.0,456.0,28.54273832653514
8.0,457.0,28.558595069374817
8.0,458.0,28.576491741980362
8.0,459.0,28.5964801266683
8.0,460.0,28.61862196555867
8.0,461.0,28.64298909368799
8.0,462.0,28.6696635161151
8.0,463.0,28.69873773368353
8.0,464.0,28.730315005684325
8.0,465.0,28.764509863286786
8.0,466.0,28.80144856027254
8.0,467.0,28.841269783575054
8.0,468.0,28.884125308713756
8.0,469.0,28.930180931093936
8.0,470.0,28.97961735751311
8.0,471.0,29.032631397543422
8.0,472.0,29.089437139538934
8.0,473.0,29.150267460316915
8.0,474.0,29.21537555537875
8.0,475.0,29.28503684936269
8.0,476.0,29.359550978145304
8.0,477.0,29.439244215000873
8.0,478.0,29.524472040234834
8.0,479.0,29.615622242665086
8.0,480.0,29.713118265283647
8.0,481.0,29.817423204428977
8.0,482.0,29.929044194815877
8.0,483.0,30.048537618336898
8.0,484.0,30.176514899388643
8.0,485.0,30.313649364876557
8.0,486.0,30.46068397748837
8.0,487.0,30.618440478501405
8.0,488.0,30.787829817755902
8.0,489.0,30.96986449268482
8.0,490.0,31.165672778330684
8.0,491.0,31.37651559833995
8.0,492.0,31.603806177043566
8.0,493.0,31.84913341619865
8.0,494.0,32.11428937688357
8.0,495.0,32.401302103631856
8.0,496.0,32.712474535175595
8.0,497.0,33.05043118051368
8.0,498.0,33.41817384606192
8.0,499.0,33.81914873844092
8.0,500.0,34.25732699720218
8.0,501.0,34.73730185764319
8.0,502.0,35.264405461236834
8.0,503.0,35.844849465643456
8.0,504.0,36.48589324145154
8.0,505.0,37.196044011568304
8.0,506.0,37.985291688325624
8.0,507.0,38.86537923789799
8.0,508.0,39.85010316335195
8.0,509.0,40.955628458600685
8.0,510.0,42.20078191672113
8.0,511.0,43.607254037814485
8.0,512.0,45.199583019254064
8.0,513.0,47.004708860745524
8.0,514.0,49.05076540058764
8.0,515.0,51.36463985605757
8.0,516.0,53.967731415460975
8.0,517.0,56.86943918613533
8.0,518.0,60.05849724981623
8.0,519.0,63.49374066542381
8.0,520.0,67.09833320994434
8.0,521.0,70.76372291658994
8.0,522.0,74.36787096106715
8.0,523.0,77.80222386649343
8.0,524.0,80.98994238703092
8.0,525.0,83.88985702989534
8.0,526.0,86.49069578823924
8.0,527.0,88.80185011145589
8.0,528.0,90.84470994689737
8.0,529.0,92.64615163869779
8.0,530.0,94.23429650003887
8.0,531.0,95.63607028709423
8.0,532.0,96.87599520866857
8.0,533.0,97.97574394677821
8.0,534.0,98.95412361250415
8.0,535.0,99.8272775503163
8.0,536.0,100.60897860302208
8.0,537.0,101.31094394183708
8.0,538.0,101.94313549558781
8.0,539.0,102.51403016928914
8.0,540.0,103.03085461506683
8.0,541.0,103.49978520176604
8.0,542.0,103.92611613089291
8.0,543.0,104.3143998504674
8.0,544.0,104.66856376725326
8.0,545.0,104.9920071840531
8.0,546.0,105.2876817134347
8.0,547.0,105.55815812198145
8.0,548.0,105.80568191348422
8.0,549.0,106.03221970896301
8.0,550.0,106.23949798339213
8.0,551.0,106.42903555074125
8.0,552.0,106.6021708355073
8.0,553.0,106.76008486045785
8.0,554.0,106.90382064422035
8.0,555.0,107.03429962483158
8.0,556.0,107.15233558143862
8.0,557.0,107.25864645673727
8.0,558.0,107.35386441264767
8.0,559.0,107.43854437389417
8.0,560.0,107.51317130565162
8.0,561.0,107.57816637456396
8.0,562.0,107.63389218759995
8.0,563.0,107.68065718022113
8.0,564.0,107.71871931910168
8.0,565.0,107.74828913083331
8.0,566.0,107.76953220717158
8.0,567.0,107.78257114964231
8.0,568.0,107.78748709867347
8.0,569.0,107.78432076864203
8.0,570.0,107.77307313431687
8.0,571.0,107.75370565289799
8.0,572.0,107.72614017056456
8.0,573.0,107.6902583625847
8.0,574.0,107.64590086039398
8.0,575.0,107.59286587974943
8.0,576.0,107.530907507065
8.0,577.0,107.45973342149419
8.0,578.0,107.37900221080734
8.0,579.0,107.28832001843605
8.0,580.0,107.18723667553104
8.0,581.0,107.07524100889293
8.0,582.0,106.95175546605915
8.0,583.0,106.81612969181629
8.0,584.0,106.66763317186914
8.0,585.0,106.50544650570887
8.0,586.0,106.32865137896272
8.0,587.0,106.13621870095896
8.0,588.0,105.92699490190537
8.0,589.0,105.69968572201685
8.0,590.0,105.4528373644206
8.0,591.0,105.18481415357157
8.0,592.0,104.89377237670296
8.0,593.0,104.57762917133826
8.0,594.0,104.23402583230501
8.0,595.0,103.86028398824472
8.0,596.0,103.45335355176493
8.0,597.0,103.00975028121061
8.0,598.0,102.52548115120446
8.0,599.0,101.9959544836843
8.0,600.0,101.41587202525636
8.0,601.0,100.77909872784575
8.0,602.0,100.07850614633821
8.0,603.0,99.30578391291088
8.0,604.0,98.45121418967373
8.0,605.0,97.50340326499173
8.0,606.0,96.44896660026917
8.0,607.0,95.27216620200156
8.0,608.0,93.95450759820055
8.0,609.0,92.47431737646778
8.0,610.0,90.80634977752699
8.0,611.0,88.92151586267954
8.0,612.0,86.78690503959342
8.0,613.0,84.36638321637365
8.0,614.0,81.62221328407136
8.0,615.0,78.51832888960637
8.0,616.0,75.02602416720853
8.0,617.0,71.13268938712334
8.0,618.0,66.85343469442559
8.0,619.0,62.24347713127376
8.0,620.0,57.405883938730945
8.0,621.0,52.48626628336135
8.0,622.0,47.64832589525759
8.0,623.0,43.03767276145348
8.0,624.0,38.7573717618005
8.0,625.0,34.86263638313446
8.0,626.0,31.368572014569548
8.0,627.0,28.26256294475334
8.0,628.0,25.515896089552292
8.0,629.0,23.092496602904298
8.0,630.0,20.954617592148416
8.0,631.0,19.066113839803723
8.0,632.0,17.394062264432517
8.0,633.0,15.909360009672554
8.0,634.0,14.586745942110461
8.0,635.0,13.404529739014613
8.0,636.0,12.344198446738513
8.0,637.0,11.389993923385507
8.0,638.0,10.528509771709794
8.0,639.0,9.748328598823207
8.0,640.0,9.039707009601617
8.0,641.0,8.39430707218325
8.0,642.0,7.804970705589685
8.0,643.0,7.265531002860821
8.0,644.0,6.770655549849257
8.0,645.0,6.315716031982724
8.0,646.0,5.896680216276683
8.0,647.0,5.510021882946933
8.0,648.0,5.152646080856143
8.0,649.0,4.821826460828069
8.0,650.0,4.5151530869557694
8.0,651.0,4.230488351309951
8.0,652.0,3.965930113436593
8.0,653.0,3.719780287380475
8.0,654.0,3.490518480852999
8.0,655.0,3.276779307817306
8.0,656.0,3.0773332967546723
8.0,657.0,2.891070280280496
8.0,658.0,2.7169853958154655
8.0,659.0,2.554166759439666
8.0,660.0,2.4017850778619665
8.0,661.0,2.2590843800243574
8.0,662.0,2.1253742212571685
8.0,663.0,2.0000226239006937
8.0,664.0,1.882450164201921
8.0,665.0,1.7721245277357296
8.0,666.0,1.6685559793749483
8.0,667.0,1.571293112665779
8.0,668.0,1.479919346909995
8.0,669.0,1.3940495690890418
8.0,670.0,1.3133274016628522
8.0,671.0,1.23742251885089
8.0,672.0,1.1660284985063722
8.0,673.0,1.0988606531755662
8.0,674.0,1.0356543288039306
8.0,675.0,0.9761631327169338
8.0,676.0,0.9201575772590765
8.0,677.0,0.8674236168377855
8.0,678.0,0.8177615601350463
8.0,679.0,0.7709848501315238
8.0,680.0,0.7269191871568412
8.0,681.0,0.685401501761331
8.0,682.0,0.6462792445764712
8.0,683.0,0.6094095136854545
8.0,684.0,0.5746584774350335
8.0,685.0,0.5419006267328401
8.0,686.0,0.5110183045587504
8.0,687.0,0.4819010602048184
8.0,688.0,0.45444526496793153
8.0,689.0,0.4285535503300978
8.0,690.0,0.40413449366799725
8.0,691.0,0.381102126165775
8.0,692.0,0.35937567570699336
8.0,693.0,0.3388791332222379
8.0,694.0,0.3195410424936784
8.0,695.0,0.30129411588696253
8.0,696.0,0.28407506278762706
8.0,697.0,0.2678242474135867
8.0,698.0,0.25248554915578636
8.0,699.0,0.23800605653445794
8.0,700.0,0.22433595393744765
8.0,701.0,0.21142824685994877
8.0,702.0,0.19923867050039018
8.0,703.0,0.18772544227671678
8.0,704.0,0.17684918850982392
8.0,705.0,0.16657272089024325
8.0,706.0,0.15686097809684468
8.0,707.0,0.1476808234343183
8.0,708.0,0.13900099873365446
8.0,709.0,0.13079194082226764
8.0,710.0,0.12302574545810571
8.0,711.0,0.11567600065296503
8.0,712.0,0.10871775872353427
8.0,713.0,0.10212738478156566
8.0,714.0,0.09588253525780017
8.0,715.0,0.0899620201134467
8.0,716.0,0.0843457864184406
8.0,717.0,0.0790147930374259
8.0,718.0,0.07395099803125034
8.0,719.0,0.06913724473536557
8.0,720.0,0.06455725190995475
8.0,721.0,0.060195510265637124
8.0,722.0,0.05603727441873036
8.0,723.0,0.052068469033301625
8.0,724.0,0.04827568174817379
8.0,725.0,0.044646078199594236
8.0,726.0,0.0411673951791745
8.0,727.0,0.03782786388082665
8.0,728.0,0.034616202626632356
8.0,729.0,0.031521547747663047
8.0,730.0,0.02853344527999503
8.0,731.0,0.025641788943516618
8.0,732.0,0.02283681026467982
8.0,733.0,0.020109023161935528
8.0,734.0,0.017449211996718336
8.0,735.0,0.01484838230994534
8.0,736.0,0.012297746339256286
8.0,737.0,0.009788679479001803
8.0,738.0,0.007312702830753178
8.0,739.0,0.004861444980111425
8.0,740.0,0.0024266211696042576
8.0,741.0,0.0
9.0,0.0,0.0
9.0,1.0,0.0008745363237010138
9.0,2.0,0.00175202939720816
9.0,3.0,0.002635445545849886
9.0,4.0,0.0035277719009241602
9.0,5.0,0.004432024458064177
9.0,6.0,0.005351261100514308
9.0,7.0,0.006288588280076522
9.0,8.0,0.007247175973366502
9.0,9.0,0.008230263129190769
9.0,10.0,0.009241174702348282
9.0,11.0,0.010283326017631256
9.0,12.0,0.01136024203242139
9.0,13.0,0.012475560776218933
9.0,14.0,0.013633055002394055
9.0,15.0,0.01483663487342361
9.0,16.0,0.016090372173915814
9.0,17.0,0.017398502425832768
9.0,18.0,0.01876545184959981
9.0,19.0,0.020195839110851196
9.0,20.0,0.02169450523443796
9.0,21.0,0.02326651520508334
9.0,22.0,0.0249171910608904
9.0,23.0,0.026652113595274467
9.0,24.0,0.02847715888274524
9.0,25.0,0.03039850035927652
9.0,26.0,0.032422649064454065
9.0,27.0,0.034556456412903364
9.0,28.0,0.03680715847430737
9.0,29.0,0.03918237979071583
9.0,30.0,0.04169018206064737
9.0,31.0,0.044339069407403515
9.0,32.0,0.04713804188699568
9.0,33.0,0.05009660267269569
9.0,34.0,0.053224816870794396
9.0,35.0,0.056533321158710986
9.0,36.0,0.06003338847004465
9.0,37.0,0.06373694071040598
9.0,38.0,0.06765661996699472
9.0,39.0,0.07180580503145126
9.0,40.0,0.07619868990329477
9.0,41.0,0.08085030497707625
9.0,42.0,0.08577660374861512
9.0,43.0,0.09099448968044761
9.0,44.0,0.09652191219160121
9.0,45.0,0.10237790040840437
9.0,46.0,0.10858266973124295
9.0,47.0,0.11515766391717326
9.0,48.0,0.12212567378208737
9.0,49.0,0.1295108893602757
9.0,50.0,0.13733903263262237
9.0,51.0,0.14563742188343273
9.0,52.0,0.15443512076438826
9.0,53.0,0.1637630174432598
9.0,54.0,0.17365399284549973
9.0,55.0,0.1841430177930464
9.0,56.0,0.1952673439454569
9.0,57.0,0.20706662290017644
9.0,58.0,0.21958312422972615
9.0,59.0,0.23286188151176876
9.0,60.0,0.2469509429910727
9.0,61.0,0.26190155080179434
9.0,62.0,0.277768431258277
9.0,63.0,0.29461001522308866
9.0,64.0,0.31248877696606747
9.0,65.0,0.33147150585679785
9.0,66.0,0.35162970528755516
9.0,67.0,0.3730399288173129
9.0,68.0,0.3957842540544254
9.0,69.0,0.4199507003143425
9.0,70.0,0.4456337969137001
9.0,71.0,0.47293510469524347
9.0,72.0,0.5019639043355728
9.0,73.0,0.5328378512611182
9.0,74.0,0.5656838179408343
9.0,75.0,0.600638721512134
9.0,76.0,0.6378505655107658
9.0,77.0,0.677479493017998
9.0,78.0,0.7196990891631019
9.0,79.0,0.7646977313481492
9.0,80.0,0.8126802360223272
9.0,81.0,0.8638696038109003
9.0,82.0,0.9185091252586652
9.0,83.0,0.9768646558264026
9.0,84.0,1.0392273395925054
9.0,85.0,1.1059166020189748
9.0,86.0,1.1772837139879984
9.0,87.0,1.2537157662781828
9.0,88.0,1.3356403876603178
9.0,89.0,1.4235310749055303
9.0,90.0,1.5179135109447992
9.0,91.0,1.6193727835346472
9.0,92.0,1.7285619412552102
9.0,93.0,1.8462118645154513
9.0,94.0,1.973142973628187
9.0,95.0,2.110278845913167
9.0,96.0,2.258662381478044
9.0,97.0,2.419474719443542
9.0,98.0,2.5940576974362153
9.0,99.0,2.7839402174960135
9.0,100.0,2.9908694820800994
9.0,101.0,3.2168476129515766
9.0,102.0,3.464174717236532
9.0,103.0,3.73549888715237
9.0,104.0,4.033873936279952
9.0,105.0,4.3628246556618295
9.0,106.0,4.7264189318748295
9.0,107.0,5.129343765642636
9.0,108.0,5.576979708538317
9.0,109.0,6.07546264875335
9.0,110.0,6.631714406274884
9.0,111.0,7.253410944356839
9.0,112.0,7.94884033472011
9.0,113.0,8.726579863606954
9.0,114.0,9.594898248407821
9.0,115.0,10.560772874065485
9.0,116.0,11.62842819344643
9.0,117.0,12.797388038194375
9.0,118.0,14.06024653578019
9.0,119.0,15.400727047468628
9.0,120.0,16.793030559590235
9.0,121.0,18.203627875707667
9.0,122.0,19.59592654725461
9.0,123.0,20.93639736135093
9.0,124.0,22.199241271378995
9.0,125.0,23.36818158904238
9.0,126.0,24.435812375449185
9.0,127.0,25.401657378861206
9.0,128.0,26.269940951426776
9.0,129.0,27.047640359702047
9.0,130.0,27.743024184572644
9.0,131.0,28.36466955720358
9.0,132.0,28.9208643750776
9.0,133.0,29.419284407463465
9.0,134.0,29.86685125988065
9.0,135.0,30.269700584839605
9.0,136.0,30.633212676125847
9.0,137.0,30.962074253677113
9.0,138.0,31.26035289922171
9.0,139.0,31.531573073818194
9.0,140.0,31.778788234675893
9.0,141.0,32.00464608997488
9.0,142.0,32.21144633367736
9.0,143.0,32.40119064374278
9.0,144.0,32.57562574648985
9.0,145.0,32.73628003370116
9.0,146.0,32.88449479666612
9.0,147.0,33.02145058999029
9.0,148.0,33.14818968882213
9.0,149.0,33.2656350026135
9.0,150.0,33.37460623828092
9.0,151.0,33.475833514413694
9.0,152.0,33.56996906631532
9.0,153.0,33.657597113605554
9.0,154.0,33.73924241269542
9.0,155.0,33.81537747144588
9.0,156.0,33.88642886322027
9.0,157.0,33.95278255216316
9.0,158.0,34.01478860648545
9.0,159.0,34.07276516734176
9.0,160.0,34.12700200720097
9.0,161.0,34.17776351595896
9.0,162.0,34.2252914179254
9.0,163.0,34.269807038878334
9.0,164.0,34.31151340379573
9.0,165.0,34.3505969724557
9.0,166.0,34.387229276580555
9.0,167.0,34.421568258563106
9.0,168.0,34.453759562302196
9.0,169.0,34.483937572385635
9.0,170.0,34.51222644156841
9.0,171.0,34.53874090132073
9.0,172.0,34.56358708656075
9.0,173.0,34.586863169525614
9.0,174.0,34.608660026248536
9.0,175.0,34.62906173193794
9.0,176.0,34.64814610187972
9.0,177.0,34.665985076328504
9.0,178.0,34.68264515969349
9.0,179.0,34.69818771523881
9.0,180.0,34.712669319628
9.0,181.0,34.72614198168781
9.0,182.0,34.7386534239392
9.0,183.0,34.750247234682305
9.0,184.0,34.76096308347611
9.0,185.0,34.770836811340516
9.0,186.0,34.77990058277998
9.0,187.0,34.788182914499835
9.0,188.0,34.79570876202411
9.0,189.0,34.80249948249187
9.0,190.0,34.80857284866454
9.0,191.0,34.81394293552169
9.0,192.0,34.818620047841854
9.0,193.0,34.822610512731785
9.0,194.0,34.825916498191276
9.0,195.0,34.8285356835049
9.0,196.0,34.83046093433878
9.0,197.0,34.83167980919715
9.0,198.0,34.83217404091302
9.0,199.0,34.83191881982422
9.0,200.0,34.83088201262073
9.0,201.0,34.82902314386847
9.0,202.0,34.826292266536846
9.0,203.0,34.82262855392561
9.0,204.0,34.81795874202697
9.0,205.0,34.812195279450876
9.0,206.0,34.80523435095109
9.0,207.0,34.796953714731785
9.0,208.0,34.787210652716
9.0,209.0,34.77584021021553
9.0,210.0,34.762654392579265
9.0,211.0,34.74744307482415
9.0,212.0,34.72997812499429
9.0,213.0,34.710022628091146
9.0,214.0,34.68734802581215
9.0,215.0,34.66176219140403
9.0,216.0,34.63315124534458
9.0,217.0,34.601535197430536
9.0,218.0,34.56713168645409
9.0,219.0,34.53041143124357
9.0,220.0,34.492116895913405
9.0,221.0,34.45321107511069
9.0,222.0,34.41474419758158
9.0,223.0,34.377678673278325
9.0,224.0,34.34275579379004
9.0,225.0,34.31044451557861
9.0,226.0,34.280960115787416
9.0,227.0,34.254319639188076
9.0,228.0,34.230405622005854
9.0,229.0,34.209021727682874
9.0,230.0,34.18993454012191
9.0,231.0,34.172901629758144
9.0,232.0,34.1576886640172
9.0,233.0,34.14407861969537
9.0,234.0,34.131875869853744
9.0,235.0,34.120907078724315
9.0,236.0,34.111020354269925
9.0,237.0,34.10208346944053
9.0,238.0,34.09398176017928
9.0,239.0,34.0866159399887
9.0,240.0,34.07990006233913
9.0,241.0,34.07375964274303
9.0,242.0,34.068130030307856
9.0,243.0,34.06295496574411
9.0,244.0,34.058185370368676
9.0,245.0,34.05377828647494
9.0,246.0,34.049696002690176
9.0,247.0,34.045905287340226
9.0,248.0,34.0423767629529
9.0,249.0,34.039084352506805
9.0,250.0,34.03600483216375
9.0,251.0,34.03311742892388
9.0,252.0,34.030403499132056
9.0,253.0,34.02784623311457
9.0,254.0,34.02543042213755
9.0,255.0,34.02314223870048
9.0,256.0,34.020969065782985
9.0,257.0,34.018899330874554
9.0,258.0,34.01692237921608
9.0,259.0,34.01502834619995
9.0,260.0,34.01320806175569
9.0,261.0,34.01145295026584
9.0,262.0,34.00975495697906
9.0,263.0,34.00810646767512
9.0,264.0,34.006500250540284
9.0,265.0,34.004929389921415
9.0,266.0,34.00338723883343
9.0,267.0,34.00186736256838
9.0,268.0,34.0003634981709
9.0,269.0,33.99886950461421
9.0,270.0,33.99737932633873
9.0,271.0,33.99588694730456
9.0,272.0,33.994386356143295
9.0,273.0,33.99287150172612
9.0,274.0,33.991336257691465
9.0,275.0,33.98977437727184
9.0,276.0,33.988179454958455
9.0,277.0,33.98654487822262
9.0,278.0,33.98486378386236
9.0,279.0,33.98312900392223
9.0,280.0,33.981333013807784
9.0,281.0,33.9794678691073
9.0,282.0,33.977525141797024
9.0,283.0,33.975495843718925
9.0,284.0,33.97337034602993
9.0,285.0,33.97113828366036
9.0,286.0,33.968788451421226
9.0,287.0,33.966308681657864
9.0,288.0,33.96368570787367
9.0,289.0,33.96090500470147
9.0,290.0,33.9579506061634
9.0,291.0,33.95480489256708
9.0,292.0,33.951448345073516
9.0,293.0,33.9478592575653
9.0,294.0,33.944013401319246
9.0,295.0,33.93988363048429
9.0,296.0,33.935439419491274
9.0,297.0,33.93064631767248
9.0,298.0,33.925465306901536
9.0,299.0,33.919852043826396
9.0,300.0,33.91375596676353
9.0,301.0,33.90711924537591
9.0,302.0,33.89987554954694
9.0,303.0,33.89194861706924
9.0,304.0,33.88325060332675
9.0,305.0,33.873680213346134
9.0,306.0,33.86312064050828
9.0,307.0,33.851437391300536
9.0,308.0,33.838476157703944
9.0,309.0,33.82406104874443
9.0,310.0,33.80799371540407
9.0,311.0,33.790054255816734
9.0,312.0,33.770005272361836
9.0,313.0,33.747601094198
9.0,314.0,33.72260485563157
9.0,315.0,33.69481657205645
9.0,316.0,33.6641148986635
9.0,317.0,33.63051277561589
9.0,318.0,33.59422111471908
9.0,319.0,33.55570425512881
9.0,320.0,33.515698579182754
9.0,321.0,33.47516130352404
9.0,322.0,33.43513713650534
9.0,323.0,33.39658323205422
9.0,324.0,33.36023584690313
9.0,325.0,33.32655913117191
9.0,326.0,33.29576374367371
9.0,327.0,33.267862306532336
9.0,328.0,33.242733090965054
9.0,329.0,33.22017566079958
9.0,330.0,33.19995262991826
9.0,331.0,33.1818177359444
9.0,332.0,33.165532916943356
9.0,333.0,33.150877531069746
9.0,334.0,33.13765241155903
9.0,335.0,33.1256807683548
9.0,336.0,33.11480731044106
9.0,337.0,33.104896473081304
9.0,338.0,33.09583028709687
9.0,339.0,33.08750619848702
9.0,340.0,33.07983500343514
9.0,341.0,33.07273897431498
9.0,342.0,33.06615020498842
9.0,343.0,33.06000917142317
9.0,344.0,33.05426349540133
9.0,345.0,33.04886688596353
9.0,346.0,33.043778240230694
9.0,347.0,33.038960876074675
9.0,348.0,33.03438188262262
9.0,349.0,33.030011563784534
9.0,350.0,33.02582296727103
9.0,351.0,33.02179147720414
9.0,352.0,33.01789446890087
9.0,353.0,33.014111005798455
9.0,354.0,33.010421582335695
9.0,355.0,33.00680789345949
9.0,356.0,33.0032526390233
9.0,357.0,32.999739343462664
9.0,358.0,32.99625220290595
9.0,359.0,32.9927759390518
9.0,360.0,32.98929567550732
9.0,361.0,32.98579681426735
9.0,362.0,32.98226493136619
9.0,363.0,32.97868566725746
9.0,364.0,32.975044634201204
9.0,365.0,32.971327313698794
9.0,366.0,32.96751896948584
9.0,367.0,32.963604546269046
9.0,368.0,32.95956858297802
9.0,369.0,32.95539510755132
9.0,370.0,32.95106754534382
9.0,371.0,32.946568604705725
9.0,372.0,32.94188017520002
9.0,373.0,32.93698319823156
9.0,374.0,32.93185754899094
9.0,375.0,32.92648188537952
9.0,376.0,32.92083350628777
9.0,377.0,32.91488817041757
9.0,378.0,32.9086199214772
9.0,379.0,32.90200086603279
9.0,380.0,32.89500095321627
9.0,381.0,32.88758769714013
9.0,382.0,32.879725894392834
9.0,383.0,32.87137727136322
9.0,384.0,32.862500116572996
9.0,385.0,32.853048825783816
9.0,386.0,32.84297341724048
9.0,387.0,32.83221893664109
9.0,388.0,32.820724810376404
9.0,389.0,32.808424056801734
9.0,390.0,32.7952424137106
9.0,391.0,32.78109727963434
9.0,392.0,32.76589652443284
9.0,393.0,32.749537051449074
9.0,394.0,32.73190316063919
9.0,395.0,32.71286457528803
9.0,396.0,32.692274171217505
9.0,397.0,32.66996524618926
9.0,398.0,32.64574835298854
9.0,399.0,32.6194075043053
9.0,400.0,32.590695755116734
9.0,401.0,32.55932994261572
9.0,402.0,32.5249845818047
9.0,403.0,32.487284693701
9.0,404.0,32.445797608561456
9.0,405.0,32.400023614525104
9.0,406.0,32.34938570985231
9.0,407.0,32.29321871410578
9.0,408.0,32.23075869292185
9.0,409.0,32.16113410264744
9.0,410.0,32.08336148218705
9.0,411.0,31.996349965774165
9.0,412.0,31.898921640511013
9.0,413.0,31.78985764622725
9.0,414.0,31.667983644526963
9.0,415.0,31.532310186602047
9.0,416.0,31.382241589508897
9.0,417.0,31.217854151659044
9.0,418.0,31.040214674860966
9.0,419.0,30.85165773461046
9.0,420.0,30.655878854395823
9.0,421.0,30.457678455909402
9.0,422.0,30.262295248228728
9.0,423.0,30.07453099537249
9.0,424.0,29.898083912261857
9.0,425.0,29.735292620387348
9.0,426.0,29.5872293425323
9.0,427.0,29.45397718414344
9.0,428.0,29.334948689664625
9.0,429.0,29.229164075076522
9.0,430.0,29.13546015273934
9.0,431.0,29.05263072275194
9.0,432.0,28.979512105416905
9.0,433.0,28.915029271868665
9.0,434.0,28.85821628065691
9.0,435.0,28.80822082945872
9.0,436.0,28.764300042589046
9.0,437.0,28.72581166394729
9.0,438.0,28.692203595320063
9.0,439.0,28.6630030667263
9.0,440.0,28.63780652160212
9.0,441.0,28.61627033728518
9.0,442.0,28.598102782500067
9.0,443.0,28.583056932308182
9.0,444.0,28.57092474160532
9.0,445.0,28.56153188940776
9.0,446.0,28.554733565631064
9.0,447.0,28.550410801243732
9.0,448.0,28.54846753573219
9.0,449.0,28.548828036722533
9.0,450.0,28.551434897847557
9.0,451.0,28.5562472455677
9.0,452.0,28.56323941053437
9.0,453.0,28.572399705817954
9.0,454.0,28.58372959187366
9.0,455.0,28.59724287741072
9.0,456.0,28.61296525557014
9.0,457.0,28.630933827636888
9.0,458.0,28.65119692957936
9.0,459.0,28.673813914081
9.0,460.0,28.698855216635913
9.0,461.0,28.72640235716788
9.0,462.0,28.75654821722625
9.0,463.0,28.789397242121147
9.0,464.0,28.8250659183435
9.0,465.0,28.863683173222256
9.0,466.0,28.905391056732157
9.0,467.0,28.950345350149906
9.0,468.0,28.998716470701986
9.0,469.0,29.05069031522171
9.0,470.0,29.10646942121465
9.0,471.0,29.166274087668082
9.0,472.0,29.23034384368222
9.0,473.0,29.298938908059906
9.0,474.0,29.372342038522337
9.0,475.0,29.450860416581545
9.0,476.0,29.534827978891304
9.0,477.0,29.624607846913047
9.0,478.0,29.72059528035336
9.0,479.0,29.823220816072848
9.0,480.0,29.932954036359508
9.0,481.0,30.050307643829747
9.0,482.0,30.175842311022578
9.0,483.0,30.310172005606024
9.0,484.0,30.453970292023232
9.0,485.0,30.607977345761533
9.0,486.0,30.773008226645626
9.0,487.0,30.949962199385865
9.0,488.0,31.13983371239392
9.0,489.0,31.343724899496376
9.0,490.0,31.562860308261744
9.0,491.0,31.79860383116778
9.0,492.0,32.05247867686839
9.0,493.0,32.32619051939575
9.0,494.0,32.62165485362174
9.0,495.0,32.94102892449604
9.0,496.0,33.286749525010904
9.0,497.0,33.66157734354324
9.0,498.0,34.06864950528791
9.0,499.0,34.51154137576498
9.0,500.0,34.99433966207278
9.0,501.0,35.521728239929416
9.0,502.0,36.09908896829248
9.0,503.0,36.732618867722266
9.0,504.0,37.42946530201004
9.0,505.0,38.19787890163418
9.0,506.0,39.047382436235
9.0,507.0,39.98894895437391
9.0,508.0,41.03517608411655
9.0,509.0,42.20043082820412
9.0,510.0,43.5009211456292
9.0,511.0,44.95462151616927
9.0,512.0,46.58094006952316
9.0,513.0,48.399962131630346
9.0,514.0,50.43104959442419
9.0,515.0,52.690538481598935
9.0,516.0,55.18831451413941
9.0,517.0,57.9232499926757
9.0,518.0,60.877981252487466
9.0,519.0,64.01436107102415
9.0,520.0,67.27193191225183
9.0,521.0,70.57212481364034
9.0,522.0,73.82919320031793
9.0,523.0,76.96456640511094
9.0,524.0,79.9177834735997
9.0,525.0,82.65069204515757
9.0,526.0,85.14592156990082
9.0,527.0,87.40233570410143
9.0,528.0,89.42980971919218
9.0,529.0,91.24466736542452
9.0,530.0,92.86625637228082
9.0,531.0,94.31464598829531
9.0,532.0,95.6092262658266
9.0,533.0,96.76795157327302
9.0,534.0,97.80700761836877
9.0,535.0,98.74073696926953
9.0,536.0,99.5817105081496
9.0,537.0,100.34087217208214
9.0,538.0,101.02771310190008
9.0,539.0,101.65044971496012
9.0,540.0,102.21619240016643
9.0,541.0,102.73109835944109
9.0,542.0,103.20050658373445
9.0,543.0,103.62905493161978
9.0,544.0,104.0207807071452
9.0,545.0,104.37920636592045
9.0,546.0,104.70741234480515
9.0,547.0,105.00809871912513
9.0,548.0,105.28363743327951
9.0,549.0,105.53611647138463
9.0,550.0,105.76737729966968
9.0,551.0,105.97904658239064
9.0,552.0,106.17256313022375
9.0,553.0,106.34920079185582
9.0,554.0,106.51008795831613
9.0,555.0,106.65622418275454
9.0,556.0,106.78849437154469
9.0,557.0,106.90768090900603
9.0,558.0,107.01447401564879
9.0,559.0,107.10948061129893
9.0,560.0,107.19323186800845
9.0,561.0,107.26618966774517
9.0,562.0,107.32875206294283
9.0,563.0,107.3812579221639
9.0,564.0,107.42399079116929
9.0,565.0,107.45718213481777
9.0,566.0,107.48101393499444
9.0,567.0,107.49562080371315
9.0,568.0,107.50109153978904
9.0,569.0,107.49747028873321
9.0,570.0,107.4847571926458
9.0,571.0,107.46290869431151
9.0,572.0,107.43183734353471
9.0,573.0,107.39141127638877
9.0,574.0,107.34145317770144
9.0,575.0,107.28173890401237
9.0,576.0,107.21199553893835
9.0,577.0,107.13189906303674
9.0,578.0,107.04107136925535
9.0,579.0,106.93907680718443
9.0,580.0,106.82541794173036
9.0,581.0,106.69953070427496
9.0,582.0,106.56077856898901
9.0,583.0,106.40844591747941
9.0,584.0,106.24173015999195
9.0,585.0,106.059732746836
9.0,586.0,105.86144855652043
9.0,587.0,105.64575374305063
9.0,588.0,105.4113914214159
9.0,589.0,105.15695519054823
9.0,590.0,104.88086972738648
9.0,591.0,104.58136832158037
9.0,592.0,104.25646638399968
9.0,593.0,103.90393060232182
9.0,594.0,103.52124249892024
9.0,595.0,103.10555577727591
9.0,596.0,102.65364583250239
9.0,597.0,102.16185041369637
9.0,598.0,101.625999322212
9.0,599.0,101.04133163597979
9.0,600.0,100.40239779688227
9.0,601.0,99.70294459072313
9.0,602.0,98.93578003051536
9.0,603.0,98.09261626503337
9.0,604.0,97.16388833482745
9.0,605.0,96.13854911761489
9.0,606.0,95.00384286600507
9.0,607.0,93.74506631559764
9.0,608.0,92.34533491937532
9.0,609.0,90.78538867729772
9.0,610.0,89.04349614394287
9.0,611.0,87.09555434009737
9.0,612.0,84.91553529889039
9.0,613.0,82.47650087285993
9.0,614.0,79.7524816211988
9.0,615.0,76.72156548678409
9.0,616.0,73.3704915240972
9.0,617.0,69.7007711943381
9.0,618.0,65.73569417434872
9.0,619.0,61.52642881944005
9.0,620.0,57.154070187603764
9.0,621.0,52.72400741422623
9.0,622.0,48.3512563190153
9.0,623.0,44.14120470581291
9.0,624.0,40.17494496251961
9.0,625.0,36.50364143095245
9.0,626.0,33.15057840997204
9.0,627.0,30.117260608430644
9.0,628.0,27.390418918693296
9.0,629.0,24.948131696512394
9.0,630.0,22.76441843882676
9.0,631.0,20.812328439672388
9.0,632.0,19.065819612011133
9.0,633.0,17.500773267084217
9.0,634.0,16.095440579059854
9.0,635.0,14.830542461384924
9.0,636.0,13.68917347587803
9.0,637.0,12.656607618381045
9.0,638.0,11.720064436295587
9.0,639.0,10.868470082573605
9.0,640.0,10.09223071673564
9.0,641.0,9.383027384194607
9.0,642.0,8.733634613818122
9.0,643.0,8.137763246262425
9.0,644.0,7.589925134744207
9.0,645.0,7.085318027970644
9.0,646.0,6.619727448098288
9.0,647.0,6.189443797938203
9.0,648.0,5.791191819438976
9.0,649.0,5.422071114874349
9.0,650.0,5.0795053829360555
9.0,651.0,4.761199595060744
9.0,652.0,4.465103238984512
9.0,653.0,4.189379269323898
9.0,654.0,3.932377255330965
9.0,655.0,3.6926106682391975
9.0,656.0,3.46873706003212
9.0,657.0,3.2595412874382
9.0,658.0,3.0639207174021132
9.0,659.0,2.8808727122100724
9.0,660.0,2.7094834600508286
9.0,661.0,2.5489185464150377
9.0,662.0,2.398414423863539
9.0,663.0,2.2572712401782984
9.0,664.0,2.124846248540562
9.0,665.0,2.0005483018839962
9.0,666.0,1.8838327038975913
9.0,667.0,1.7741969454057467
9.0,668.0,1.6711766358075877
9.0,669.0,1.5743421740202792
9.0,670.0,1.483295498012231
9.0,671.0,1.3976674654059285
9.0,672.0,1.3171152284153123
9.0,673.0,1.2413201581145872
9.0,674.0,1.169985702004173
9.0,675.0,1.1028357283541719
9.0,676.0,1.0396127597020899
9.0,677.0,0.9800766444621397
9.0,678.0,0.9240030859567957
9.0,679.0,0.871182571016864
9.0,680.0,0.8214191334757273
9.0,681.0,0.7745294861137226
9.0,682.0,0.7303419718589027
9.0,683.0,0.6886958577956991
9.0,684.0,0.649440437999179
9.0,685.0,0.612434457593705
9.0,686.0,0.5775453391785972
9.0,687.0,0.5446487119153565
9.0,688.0,0.5136277395823783
9.0,689.0,0.48437273498400435
9.0,690.0,0.4567805723060524
9.0,691.0,0.4307543712070429
9.0,692.0,0.40620297970215097
9.0,693.0,0.38304071543035617
9.0,694.0,0.3611869080407972
9.0,695.0,0.3405656875598091
9.0,696.0,0.32110557738858264
9.0,697.0,0.30273932159141914
9.0,698.0,0.2854035212838633
9.0,699.0,0.26903849415468073
9.0,700.0,0.2535879483387102
9.0,701.0,0.2389988686647757
9.0,702.0,0.22522122314950951
9.0,703.0,0.2122078714028796
9.0,704.0,0.19991429971007474
9.0,705.0,0.1882985477794179
9.0,706.0,0.17732096904600897
9.0,707.0,0.166944172554422
9.0,708.0,0.15713280565591173
9.0,709.0,0.1478535083117058
9.0,710.0,0.13907471579255598
9.0,711.0,0.13076662309160708
9.0,712.0,0.12290100559194925
9.0,713.0,0.11545119160944974
9.0,714.0,0.10839189928699268
9.0,715.0,0.10169921556160542
9.0,716.0,0.09535044778586418
9.0,717.0,0.08932410764126748
9.0,718.0,0.08359977618766844
9.0,719.0,0.07815809143483728
9.0,720.0,0.07298062568744723
9.0,721.0,0.0680498756459534
9.0,722.0,0.06334915105365334
9.0,723.0,0.05886256633176759
9.0,724.0,0.05457493965118761
9.0,725.0,0.05047178521922881
9.0,726.0,0.046539221995640014
9.0,727.0,0.04276396584328889
9.0,728.0,0.03913324718883236
9.0,729.0,0.03563480232927229
9.0,730.0,0.032256799404752325
9.0,731.0,0.028987828219627254
9.0,732.0,0.02581683395004565
9.0,733.0,0.022733104893610825
9.0,734.0,0.019726213379223815
9.0,735.0,0.016786000904925085
9.0,736.0,0.013902525753080992
9.0,737.0,0.011066045012642802
9.0,738.0,0.008266968430070147
9.0,739.0,0.005495836840844473
9.0,740.0,0.002743281806220786
9.0,741.0,0.0
10.0,0.0,0.0
10.0,1.0,0.0009756555640768543
10.0,2.0,0.001954609368165219
10.0,3.0,0.0029401712355601696
10.0,4.0,0.00393567238648517
10.0,5.0,0.004944478944245819
10.0,6.0,0.005970000133483472
10.0,7.0,0.007015703863742203
10.0,8.0,0.008085123469939753
10.0,9.0,0.009181875531563294
10.0,10.0,0.010309665318740323
10.0,11.0,0.011472307011397466
10.0,12.0,0.01267372802262289
10.0,13.0,0.01391799179082827
10.0,14.0,0.015209301163117972
10.0,15.0,0.01655202394499038
10.0,16.0,0.017950695540413404
10.0,17.0,0.019410047458161325
10.0,18.0,0.020935009422562927
10.0,19.0,0.022530741053550754
10.0,20.0,0.024202633683009622
10.0,21.0,0.025956345447472915
10.0,22.0,0.027797803070176756
10.0,23.0,0.029733240631650053
10.0,24.0,0.031769201607628576
10.0,25.0,0.033912581614278625
10.0,26.0,0.03617063102786668
10.0,27.0,0.03855100203894448
10.0,28.0,0.041061752222133624
10.0,29.0,0.04371139627842995
10.0,30.0,0.04650891097394166
10.0,31.0,0.0494637920029886
10.0,32.0,0.052586060774755534
10.0,33.0,0.05588632689389286
10.0,34.0,0.0593757973458705
10.0,35.0,0.06306634516864326
10.0,36.0,0.06697052167362635
10.0,37.0,0.07110163197461257
10.0,38.0,0.0754737509850623
10.0,39.0,0.08010180658260783
10.0,40.0,0.08500160024901324
10.0,41.0,0.09018989878509166
10.0,42.0,0.09568446061270963
10.0,43.0,0.10150413712198286
10.0,44.0,0.10766890584213093
10.0,45.0,0.11419998270843539
10.0,46.0,0.12111986353974083
10.0,47.0,0.1284524487672901
10.0,48.0,0.1362230949431294
10.0,49.0,0.14445875379019732
10.0,50.0,0.15318803582340923
10.0,51.0,0.16244136597812894
10.0,52.0,0.17225106187476208
10.0,53.0,0.1826515087845099
10.0,54.0,0.19367925563594157
10.0,55.0,0.20537321271386322
10.0,56.0,0.21777476922846264
10.0,57.0,0.23092801795666085
10.0,58.0,0.2448798991189125
10.0,59.0,0.2596804572179602
10.0,60.0,0.27538301715944263
10.0,61.0,0.2920444798950683
10.0,62.0,0.3097255382674237
10.0,63.0,0.3284910198240035
10.0,64.0,0.3484101518814805
10.0,65.0,0.369556962180887
10.0,66.0,0.3920106053123852
10.0,67.0,0.4158558349178698
10.0,68.0,0.441183407114057
10.0,69.0,0.46809064197540706
10.0,70.0,0.49668192424528723
10.0,71.0,0.5270693772078201
10.0,72.0,0.5593734872069902
10.0,73.0,0.5937239202408787
10.0,74.0,0.6302603052089059
10.0,75.0,0.6691332333378696
10.0,76.0,0.7105052464814764
10.0,77.0,0.7545520728054748
10.0,78.0,0.8014638820504714
10.0,79.0,0.851446829168149
10.0,80.0,0.9047246599029938
10.0,81.0,0.9615406592807821
10.0,82.0,1.0221597205499835
10.0,83.0,1.0868708304180905
10.0,84.0,1.155989755702086
10.0,85.0,1.2298622460088198
10.0,86.0,1.3088675501410063
10.0,87.0,1.3934225851459803
10.0,88.0,1.4839865751976042
10.0,89.0,1.5810665312434529
10.0,90.0,1.6852234174977767
10.0,91.0,1.797079418143885
10.0,92.0,1.9173261914565483
10.0,93.0,2.046734580299807
10.0,94.0,2.186165721841617
10.0,95.0,2.3365840952411703
10.0,96.0,2.4990725189469765
10.0,97.0,2.6748497146649624
10.0,98.0,2.865290518356117
10.0,99.0,3.0719494162441823
10.0,100.0,3.296587508298369
10.0,101.0,3.5412035409721296
10.0,102.0,3.808068954964862
10.0,103.0,4.0997672426328435
10.0,104.0,4.419236886583539
10.0,105.0,4.769816990031534
10.0,106.0,5.155292879728387
10.0,107.0,5.579937589074843
10.0,108.0,6.048541506747249
10.0,109.0,6.566418585295158
10.0,110.0,7.139370530513181
10.0,111.0,7.773582478534138
10.0,112.0,8.475412715592743
10.0,113.0,9.251029078525264
10.0,114.0,10.105837687434969
10.0,115.0,11.043656751366218
10.0,116.0,12.065621452241713
10.0,117.0,13.168886711522129
10.0,118.0,14.345334541219879
10.0,119.0,15.580679196841498
10.0,120.0,16.854511432346346
10.0,121.0,18.141760624855557
10.0,122.0,19.415587460680552
10.0,123.0,20.650921298607347
10.0,124.0,21.827352855865367
10.0,125.0,22.93059633269697
10.0,126.0,23.95253366713587
10.0,127.0,24.89031968766878
10.0,128.0,25.7450894639444
10.0,129.0,26.52066107300744
10.0,130.0,27.22244048280003
10.0,131.0,27.856595357259586
10.0,132.0,28.42948378840798
10.0,133.0,28.94729069611661
10.0,134.0,29.41581754714071
10.0,135.0,29.84037803130941
10.0,136.0,30.22576224999915
10.0,137.0,30.57624292364647
10.0,138.0,30.89560503928723
10.0,139.0,31.187187332385903
10.0,140.0,31.45392788846514
10.0,141.0,31.698409771960332
10.0,142.0,31.92290396327112
10.0,143.0,32.12940871442742
10.0,144.0,32.31968459503027
10.0,145.0,32.495285522971116
10.0,146.0,32.65758572577281
10.0,147.0,32.807803274265126
10.0,148.0,32.947020291067936
10.0,149.0,33.07620051186746
10.0,150.0,33.19620427976442
10.0,151.0,33.30780158985155
10.0,152.0,33.41168319546666
10.0,153.0,33.50847031509017
10.0,154.0,33.59872288240131
10.0,155.0,33.68294680879932
10.0,156.0,33.7616001451111
10.0,157.0,33.835098556362894
10.0,158.0,33.90381995501652
10.0,159.0,33.96810866430493
10.0,160.0,34.028278927956194
10.0,161.0,34.0846181061415
10.0,162.0,34.13738935418647
10.0,163.0,34.18683409982431
10.0,164.0,34.23317410266178
10.0,165.0,34.27661339313684
10.0,166.0,34.31733986673315
10.0,167.0,34.355526816154345
10.0,168.0,34.39133417287186
10.0,169.0,34.42490972891862
10.0,170.0,34.45639010853642
10.0,171.0,34.485901750629495
10.0,172.0,34.51356167165391
10.0,173.0,34.539478261300715
10.0,174.0,34.563751881942565
10.0,175.0,34.58647551651899
10.0,176.0,34.60773523812486
10.0,177.0,34.62761073891424
10.0,178.0,34.646175694568875
10.0,179.0,34.66349819529056
10.0,180.0,34.679641023044155
10.0,181.0,34.694661999612954
10.0,182.0,34.708614189009545
10.0,183.0,34.72154617254225
10.0,184.0,34.73350218410971
10.0,185.0,34.74452231779619
10.0,186.0,34.75464259947031
10.0,187.0,34.76389512817427
10.0,188.0,34.772308083126276
10.0,189.0,34.779905795686275
10.0,190.0,34.786708686104724
10.0,191.0,34.792733257717394
10.0,192.0,34.79799195216569
10.0,193.0,34.802493051276784
10.0,194.0,34.80624043261364
10.0,195.0,34.80923335692165
10.0,196.0,34.81146609759968
10.0,197.0,34.812927582794416
10.0,198.0,34.81360086341124
10.0,199.0,34.8134625705309
10.0,200.0,34.81248218005231
10.0,201.0,34.810621243738524
10.0,202.0,34.8078324141386
10.0,203.0,34.804058427159596
10.0,204.0,34.79923089420489
10.0,205.0,34.793269096189626
10.0,206.0,34.78607869340206
10.0,207.0,34.77755062977263
10.0,208.0,34.76756029340784
10.0,209.0,34.75596742138645
10.0,210.0,34.74261712622675
10.0,211.0,34.72734295219453
10.0,212.0,34.70997288299136
10.0,213.0,34.69033980010594
10.0,214.0,34.66829780139413
10.0,215.0,34.64374587114406
10.0,216.0,34.61665916324838
10.0,217.0,34.58712612474489
10.0,218.0,34.55538542070905
10.0,219.0,34.52185155669472
10.0,220.0,34.487113604667115
10.0,221.0,34.45189347942139
10.0,222.0,34.41696327938639
10.0,223.0,34.38304426687061
10.0,224.0,34.35072420775687
10.0,225.0,34.32041564092991
10.0,226.0,34.292354600842195
10.0,227.0,34.26662622589679
10.0,228.0,34.24320167759408
10.0,229.0,34.22197524279347
10.0,230.0,34.20279560855643
10.0,231.0,34.185489503475054
10.0,232.0,34.169878005044765
10.0,233.0,34.15578696149466
10.0,234.0,34.143052984997865
10.0,235.0,34.13152646324724
10.0,236.0,34.121072567671405
10.0,237.0,34.11157110474757
10.0,238.0,34.10291565388213
10.0,239.0,34.0950124087746
10.0,240.0,34.0877788594492
10.0,241.0,34.0811425131182
10.0,242.0,34.07503965236761
10.0,243.0,34.06941423332131
10.0,244.0,34.06421686933496
10.0,245.0,34.05940396514752
10.0,246.0,34.054936931619444
10.0,247.0,34.05078153226602
10.0,248.0,34.04690729098096
10.0,249.0,34.04328700742173
10.0,250.0,34.0398963137278
10.0,251.0,34.03671331717955
10.0,252.0,34.033718267976845
10.0,253.0,34.03089329547759
10.0,254.0,34.02822215748387
10.0,255.0,34.025690044504934
10.0,256.0,34.02328338851617
10.0,257.0,34.02098971642471
10.0,258.0,34.01879750217649
10.0,259.0,34.01669605571959
10.0,260.0,34.01467540672183
10.0,261.0,34.01272621906194
10.0,262.0,34.010839697584316
10.0,263.0,34.0090075208176
10.0,264.0,34.00722176443722
10.0,265.0,34.00547484679111
10.0,266.0,34.003759464311045
10.0,267.0,34.00206854572971
10.0,268.0,34.00039519575959
10.0,269.0,33.99873265476784
10.0,270.0,33.997074247754504
10.0,271.0,33.995413346815766
10.0,272.0,33.993743322886104
10.0,273.0,33.99205750863367
10.0,274.0,33.990349150634444
10.0,275.0,33.98861137044267
10.0,276.0,33.986837114863604
10.0,277.0,33.985019112838785
10.0,278.0,33.983149821277024
10.0,279.0,33.98122137507721
10.0,280.0,33.97922552554131
10.0,281.0,33.977153580288906
10.0,282.0,33.9749963305596
10.0,283.0,33.97274397688706
10.0,284.0,33.97038604051682
10.0,285.0,33.96791126939864
10.0,286.0,33.96530752737149
10.0,287.0,33.96256167314829
10.0,288.0,33.95965941867142
10.0,289.0,33.95658517108963
10.0,290.0,33.95332184851881
10.0,291.0,33.94985067127026
10.0,292.0,33.94615091885914
10.0,293.0,33.94219965162103
10.0,294.0,33.93797138689442
10.0,295.0,33.93343772542311
10.0,296.0,33.928566917114956
10.0,297.0,33.923323358481646
10.0,298.0,33.91766700998734
10.0,299.0,33.91155272288599
10.0,300.0,33.9049294641087
10.0,301.0,33.897739428899015
10.0,302.0,33.8899170351109
10.0,303.0,33.88138779795759
10.0,304.0,33.87206709917668
10.0,305.0,33.861858882490246
10.0,306.0,33.8506543469001
10.0,307.0,33.83833076056017
10.0,308.0,33.82475061010093
10.0,309.0,33.80976142224926
10.0,310.0,33.793196783549405
10.0,311.0,33.774879319916685
10.0,312.0,33.75462670127798
10.0,313.0,33.73226202890707
10.0,314.0,33.70763015399739
10.0,315.0,33.68062128186008
10.0,316.0,33.651202257559376
10.0,317.0,33.61945362822444
10.0,318.0,33.58560657237844
10.0,319.0,33.55006846534314
10.0,320.0,33.51342161114578
10.0,321.0,33.47638146570307
10.0,322.0,33.43971398475073
10.0,323.0,33.40413455431062
10.0,324.0,33.370225338319905
10.0,325.0,33.338393501427326
10.0,326.0,33.308869939994196
10.0,327.0,33.28173484671621
10.0,328.0,33.256954638426656
10.0,329.0,33.23441901721591
10.0,330.0,33.21397225389591
10.0,331.0,33.19543679057424
10.0,332.0,33.17862955637503
10.0,333.0,33.16337235268779
10.0,334.0,33.14949785422762
10.0,335.0,33.13685258599926
10.0,336.0,33.12529793864867
10.0,337.0,33.11470998693833
10.0,338.0,33.1049786338377
10.0,339.0,33.09600642063126
10.0,340.0,33.08770721402294
10.0,341.0,33.08000489713103
10.0,342.0,33.07283213139378
10.0,343.0,33.06612922605237
10.0,344.0,33.059843123984706
10.0,345.0,33.053926508151385
10.0,346.0,33.048337016650315
10.0,347.0,33.0430365622893
10.0,348.0,33.037990738534965
10.0,349.0,33.03316830842508
10.0,350.0,33.02854075711989
10.0,351.0,33.02408190828202
10.0,352.0,33.01976758495048
10.0,353.0,33.015575319350965
10.0,354.0,33.01148409213552
10.0,355.0,33.00747410965996
10.0,356.0,33.003526599072906
10.0,357.0,32.99962363374468
10.0,358.0,32.995747967498886
10.0,359.0,32.99188289388111
10.0,360.0,32.988012107081985
10.0,361.0,32.98411958432128
10.0,362.0,32.9801894640032
10.0,363.0,32.97620594296593
10.0,364.0,32.972153164428
10.0,365.0,32.96801512347645
10.0,366.0,32.96377555863489
10.0,367.0,32.95941785992696
10.0,368.0,32.95492495857903
10.0,369.0,32.95027923242347
10.0,370.0,32.945462388434365
10.0,371.0,32.940455360190946
10.0,372.0,32.93523817766952
10.0,373.0,32.9297898509811
10.0,374.0,32.92408822109039
10.0,375.0,32.918109823029845
10.0,376.0,32.91182970991661
10.0,377.0,32.90522128722604
10.0,378.0,32.898256100494514
10.0,379.0,32.890903629837716
10.0,380.0,32.88313102884573
10.0,381.0,32.874902865089034
10.0,382.0,32.86618079360954
10.0,383.0,32.85692322427861
10.0,384.0,32.84708490749215
10.0,385.0,32.83661650236673
10.0,386.0,32.82546404408637
10.0,387.0,32.81356837724874
10.0,388.0,32.80086446285171
10.0,389.0,32.78728062754452
10.0,390.0,32.77273765223534
10.0,391.0,32.7571477691603
10.0,392.0,32.74041345201087
10.0,393.0,32.72242606701831
10.0,394.0,32.70306425483089
10.0,395.0,32.68219210803756
10.0,396.0,32.659656997340086
10.0,397.0,32.635287107156
10.0,398.0,32.60888851664336
10.0,399.0,32.580241885527144
10.0,400.0,32.54909857018204
10.0,401.0,32.51517624200543
10.0,402.0,32.47815384836263
10.0,403.0,32.437666045391566
10.0,404.0,32.393297031535475
10.0,405.0,32.344574088072385
10.0,406.0,32.29096103199771
10.0,407.0,32.2318523530942
10.0,408.0,32.16656894612233
10.0,409.0,32.09435729143066
10.0,410.0,32.01439453877753
10.0,411.0,31.92580348275969
10.0,412.0,31.827682571398856
10.0,413.0,31.71915792600255
10.0,414.0,31.59946492013979
10.0,415.0,31.468066289751253
10.0,416.0,31.324808548777764
10.0,417.0,31.170107396233266
10.0,418.0,31.005132352312874
10.0,419.0,30.831934687838586
10.0,420.0,30.65344107601157
10.0,421.0,30.473244818244357
10.0,422.0,30.295192579612547
10.0,423.0,30.122879159251813
10.0,424.0,29.959234228823796
10.0,425.0,29.806313573463676
10.0,426.0,29.665292752668037
10.0,427.0,29.536595060143
10.0,428.0,29.42007617545071
10.0,429.0,29.315209617119983
10.0,430.0,29.22124318069407
10.0,431.0,29.137317111048947
10.0,432.0,29.06254571135645
10.0,433.0,28.99606944206257
10.0,434.0,28.937084967945847
10.0,435.0,28.88486023053813
10.0,436.0,28.838739580075018
10.0,437.0,28.798143072195707
10.0,438.0,28.76256225938329
10.0,439.0,28.731554464743155
10.0,440.0,28.704736307059076
10.0,441.0,28.681777400523274
10.0,442.0,28.662394275567674
10.0,443.0,28.64634499565436
10.0,444.0,28.633424223322226
10.0,445.0,28.62345905013237
10.0,446.0,28.616305238908765
10.0,447.0,28.611844152146517
10.0,448.0,28.609979984209257
10.0,449.0,28.61063757471338
10.0,450.0,28.613760415715998
10.0,451.0,28.619309147365176
10.0,452.0,28.627260156549305
10.0,453.0,28.637604592799782
10.0,454.0,28.65034741822379
10.0,455.0,28.66550682394865
10.0,456.0,28.68311363057313
10.0,457.0,28.703211021152747
10.0,458.0,28.725854223279676
10.0,459.0,28.751110502808782
10.0,460.0,28.77905908359506
10.0,461.0,28.809791368213155
10.0,462.0,28.843411071060572
10.0,463.0,28.88003465005598
10.0,464.0,28.91979164506323
10.0,465.0,28.962825319693444
10.0,466.0,29.009293211447066
10.0,467.0,29.059367996823823
10.0,468.0,29.113238273674437
10.0,469.0,29.17110967724988
10.0,470.0,29.23320593039409
10.0,471.0,29.299770254353753
10.0,472.0,29.371066740102727
10.0,473.0,29.44738211726325
10.0,474.0,29.529027521759147
10.0,475.0,29.616340710998625
10.0,476.0,29.709688331398745
10.0,477.0,29.809468700571045
10.0,478.0,29.916114715974874
10.0,479.0,30.030097368662986
10.0,480.0,30.151929485449777
10.0,481.0,30.282170198594837
10.0,482.0,30.421429784080566
10.0,483.0,30.570375394164454
10.0,484.0,30.729737351635023
10.0,485.0,30.90031656692022
10.0,486.0,31.082992783738153
10.0,487.0,31.27873426261587
10.0,488.0,31.488608662639134
10.0,489.0,31.71379579676272
10.0,490.0,31.95560209794679
10.0,491.0,32.215477561608246
10.0,492.0,32.49503510745991
10.0,493.0,32.79607324696586
10.0,494.0,33.120602139503276
10.0,495.0,33.47087407723105
10.0,496.0,33.84941865286374
10.0,497.0,34.2590838237837
10.0,498.0,34.70308329787363
10.0,499.0,35.18505158694706
10.0,500.0,35.7091072153849
10.0,501.0,36.279925334493306
10.0,502.0,36.90281987376689
10.0,503.0,37.58383565541731
10.0,504.0,38.32984903468101
10.0,505.0,39.14867470711938
10.0,506.0,40.049172592674346
10.0,507.0,41.04134492222918
10.0,508.0,42.1364057442335
10.0,509.0,43.34679536326743
10.0,510.0,44.686096485824116
10.0,511.0,46.168789693972656
10.0,512.0,47.80976083420334
10.0,513.0,49.62344903713764
10.0,514.0,51.622508365158026
10.0,515.0,53.81587203199702
10.0,516.0,56.206186747129294
10.0,517.0,58.78677335106821
10.0,518.0,61.538598367289104
10.0,519.0,64.42817736322775
10.0,520.0,67.40767867550011
10.0,521.0,70.41834881039286
10.0,522.0,73.39728963380787
10.0,523.0,76.2857457497698
10.0,524.0,79.03588168708912
10.0,525.0,81.6142072795663
10.0,526.0,84.00168138125133
10.0,527.0,86.19161518664778
10.0,528.0,88.18664376564543
10.0,529.0,89.99568663706532
10.0,530.0,91.63138208843338
10.0,531.0,93.10815131217096
10.0,532.0,94.4408600201191
10.0,533.0,95.64396635725087
10.0,534.0,96.73102824777817
10.0,535.0,97.71445873897474
10.0,536.0,98.6054420931204
10.0,537.0,99.41394807080984
10.0,538.0,100.14880137080587
10.0,539.0,100.81777853397395
10.0,540.0,101.42771474537389
10.0,541.0,101.98461042915787
10.0,542.0,102.49373178896128
10.0,543.0,102.9597026773125
10.0,544.0,103.38658662566554
10.0,545.0,103.77795917733353
10.0,546.0,104.13697094949408
10.0,547.0,104.46640236451088
10.0,548.0,104.76871085875766
10.0,549.0,105.04607157858202
10.0,550.0,105.30041233461911
10.0,551.0,105.53344366590314
10.0,552.0,105.74668463867151
10.0,553.0,105.9414850323621
10.0,554.0,106.11904439102786
10.0,555.0,106.2804284136093
10.0,556.0,106.426583045226
10.0,557.0,106.55834659711202
10.0,558.0,106.67646017495692
10.0,559.0,106.78157662822967
10.0,560.0,106.87426824612506
10.0,561.0,106.9550333219657
10.0,562.0,107.02430177908083
10.0,563.0,107.08243990716059
10.0,564.0,107.12975438505079
10.0,565.0,107.1664955788459
10.0,566.0,107.19286028508827
10.0,567.0,107.20899385651407
10.0,568.0,107.21499188137147
10.0,569.0,107.21090130809357
10.0,570.0,107.19672119227845
10.0,571.0,107.17240291560833
10.0,572.0,107.1378500622084
10.0,573.0,107.09291776163587
10.0,574.0,107.03741169341137
10.0,575.0,106.97108652197761
10.0,576.0,106.89364396563488
10.0,577.0,106.80473022661077
10.0,578.0,106.70393299195953
10.0,579.0,106.59077768755667
10.0,580.0,106.46472319652436
10.0,581.0,106.32515667414292
10.0,582.0,106.171387665166
10.0,583.0,106.00264109722683
10.0,584.0,105.8180493403832
10.0,585.0,105.61664283611202
10.0,586.0,105.39733945488794
10.0,587.0,105.1589319980326
10.0,588.0,104.90007395085954
10.0,589.0,104.61926279099217
10.0,590.0,104.31482087768164
10.0,591.0,103.9848730814716
10.0,592.0,103.6273210607256
10.0,593.0,103.23981315846316
10.0,594.0,102.81970966142308
10.0,595.0,102.36404216422163
10.0,596.0,101.86946657477831
10.0,597.0,101.33220824655037
10.0,598.0,100.74799856842039
10.0,599.0,100.11200129505963
10.0,600.0,99.41872788993096
10.0,601.0,98.66194026625675
10.0,602.0,97.8345407014926
10.0,603.0,96.92844839041953
10.0,604.0,95.93446454238013
10.0,605.0,94.84212919780427
10.0,606.0,93.63957793711177
10.0,607.0,92.31341171237756
10.0,608.0,90.84860368594903
10.0,609.0,89.22847990796585
10.0,610.0,87.43483187364217
10.0,611.0,85.44824457043723
10.0,612.0,83.24875735963106
10.0,613.0,80.81700687927501
10.0,614.0,78.13602244929699
10.0,615.0,75.19382283173356
10.0,616.0,71.98685801140276
10.0,617.0,68.5240863534579
10.0,618.0,64.83103719669424
10.0,619.0,60.95262335849764
10.0,620.0,56.95300202578726
10.0,621.0,52.910979625286444
10.0,622.0,48.910920499027306
10.0,623.0,45.03162958788177
10.0,624.0,41.33726110438582
10.0,625.0,37.872723387398935
10.0,626.0,34.66353978491447
10.0,627.0,31.718661127613775
10.0,628.0,29.034528308311735
10.0,629.0,26.599149391984813
10.0,630.0,24.395541376384436
10.0,631.0,22.404326888076454
10.0,632.0,20.605529560613558
10.0,633.0,18.979716855887617
10.0,634.0,17.508660910998124
10.0,635.0,16.175666485454943
10.0,636.0,14.965683474825774
10.0,637.0,13.865287468697135
10.0,638.0,12.86258653528931
10.0,639.0,11.947090912453213
10.0,640.0,11.109569650429291
10.0,641.0,10.341907264727023
10.0,642.0,9.63696875290892
10.0,643.0,8.988475958773057
10.0,644.0,8.390897389429291
10.0,645.0,7.839350739303888
10.0,646.0,7.329518115593792
10.0,647.0,6.857572120206752
10.0,648.0,6.420112298047856
10.0,649.0,6.014109985204071
10.0,650.0,5.636861143955214
10.0,651.0,5.285945402141949
10.0,652.0,4.959191107167896
10.0,653.0,4.654644851002848
10.0,654.0,4.370545499822311
10.0,655.0,4.105301396990743
10.0,656.0,3.857470954776889
10.0,657.0,3.6257454714199673
10.0,658.0,3.408934524888809
10.0,659.0,3.2059529067290846
10.0,660.0,3.0158095446013666
10.0,661.0,2.8375974711681913
10.0,662.0,2.6704853554421364
10.0,663.0,2.513709724495588
10.0,664.0,2.366568437189937
10.0,665.0,2.2284145909147686
10.0,666.0,2.098651452597275
10.0,667.0,1.9767276360442538
10.0,668.0,1.8621331349530428
10.0,669.0,1.7543954664059176
10.0,670.0,1.653076543895847
10.0,671.0,1.5577695617461147
10.0,672.0,1.468096513558076
10.0,673.0,1.383705649726962
10.0,674.0,1.3042694957030747
10.0,675.0,1.229482756626104
10.0,676.0,1.1590607256297671
10.0,677.0,1.0927375403369441
10.0,678.0,1.0302648978367785
10.0,679.0,0.9714105904854767
10.0,680.0,0.91595746376365
10.0,681.0,0.8637021757188308
10.0,682.0,0.8144543485299692
10.0,683.0,0.7680355085792131
10.0,684.0,0.7242783935394236
10.0,685.0,0.6830260396009952
10.0,686.0,0.6441312142129229
10.0,687.0,0.6074556242279117
10.0,688.0,0.5728694507595833
10.0,689.0,0.5402506575356968
10.0,690.0,0.5094846091872437
10.0,691.0,0.4804634633461585
10.0,692.0,0.4530858574254429
10.0,693.0,0.4272563712810212
10.0,694.0,0.4028852704477816
10.0,695.0,0.3798880287394306
10.0,696.0,0.3581851181752303
10.0,697.0,0.33770158289098795
10.0,698.0,0.31836686777577894
10.0,699.0,0.3001144366417918
10.0,700.0,0.282881633002258
10.0,701.0,0.2666093366956358
10.0,702.0,0.2512418513603132
10.0,703.0,0.2367265947034958
10.0,704.0,0.223014008129367
10.0,705.0,0.21005727664116092
10.0,706.0,0.19781225680632503
10.0,707.0,0.18623722292440534
10.0,708.0,0.17529281010278588
10.0,709.0,0.1649417838459796
10.0,710.0,0.15514899549745517
10.0,711.0,0.14588117283294105
10.0,712.0,0.13710688551986033
10.0,713.0,0.12879635464781924
10.0,714.0,0.12092142618442678
10.0,715.0,0.11345539766539264
10.0,716.0,0.10637299789737281
10.0,717.0,0.09965022926984855
10.0,718.0,0.0932643521825591
10.0,719.0,0.08719374164081267
10.0,720.0,0.08141787507524068
10.0,721.0,0.07591720204867132
10.0,722.0,0.07067313429582794
10.0,723.0,0.06566792750910871
10.0,724.0,0.06088467256056965
10.0,725.0,0.05630718845043967
10.0,726.0,0.05192001378733838
10.0,727.0,0.04770831008071922
10.0,728.0,0.04365785265100601
10.0,729.0,0.039754943528266806
10.0,730.0,0.035986401044392186
10.0,731.0,0.03233948166743949
10.0,732.0,0.028801867595177166
10.0,733.0,0.025361596909516882
10.0,734.0,0.022007048546349637
10.0,735.0,0.018726880198733163
10.0,736.0,0.015510010083242293
10.0,737.0,0.01234556205522075
10.0,738.0,0.009222843627871584
10.0,739.0,0.006131297788774778
10.0,740.0,0.0030604767554259105
10.0,741.0,0.0
11.0,0.0,0.0
11.0,1.0,0.0010767056270980105
11.0,2.0,0.0021570511547182127
11.0,3.0,0.0032446882646898815
11.0,4.0,0.004343294238860929
11.0,5.0,0.005456581872044132
11.0,6.0,0.006588315497333415
11.0,7.0,0.0077423192021261154
11.0,8.0,0.00892249523195912
11.0,9.0,0.010132830686032985
11.0,10.0,0.011377418476819275
11.0,11.0,0.012660462689198362
11.0,12.0,0.01398630228116731
11.0,13.0,0.015359415301247315
11.0,14.0,0.016784445526624357
11.0,15.0,0.018266205747111335
11.0,16.0,0.019809707551234887
11.0,17.0,0.02142016390205332
11.0,18.0,0.023103022299397397
11.0,19.0,0.024863966893637863
11.0,20.0,0.026708955273926464
11.0,21.0,0.02864422039107121
11.0,22.0,0.030676311247753177
11.0,23.0,0.0328120949316255
11.0,24.0,0.03505880151479016
11.0,25.0,0.037424026533867054
11.0,26.0,0.0399157804433665
11.0,27.0,0.042542491921751246
11.0,28.0,0.04531306226781773
11.0,29.0,0.04823686996191565
11.0,30.0,0.05132383044741262
11.0,31.0,0.05458440243577127
11.0,32.0,0.058029653578326644
11.0,33.0,0.06167126907477376
11.0,34.0,0.06552162381599072
11.0,35.0,0.06959379394008798
11.0,36.0,0.07390163611759262
11.0,37.0,0.07845980280063358
11.0,38.0,0.08328382943093249
11.0,39.0,0.0883901542498666
11.0,40.0,0.09379621434181631
11.0,41.0,0.0995204710207691
11.0,42.0,0.10558251578232805
11.0,43.0,0.11200310246262847
11.0,44.0,0.11880426436901467
11.0,45.0,0.12600935462763133
11.0,46.0,0.13364317600486122
11.0,47.0,0.1417320311317639
11.0,48.0,0.15030386682807742
11.0,49.0,0.15938833622867135
11.0,50.0,0.16901695979520107
11.0,51.0,0.17922320179015688
11.0,52.0,0.19004265062899434
11.0,53.0,0.20151311267510533
11.0,54.0,0.21367481517486764
11.0,55.0,0.22657052101343517
11.0,56.0,0.2402457582228616
11.0,57.0,0.25474896018567045
11.0,58.0,0.27013172666002255
11.0,59.0,0.28644899500095045
11.0,60.0,0.30375933887040224
11.0,61.0,0.32212517743872465
11.0,62.0,0.3416131195268939
11.0,63.0,0.3622942195524562
11.0,64.0,0.3842443769013849
11.0,65.0,0.4075446497268632
11.0,66.0,0.43228172202440024
11.0,67.0,0.45854828945950216
11.0,68.0,0.4864436101328898
11.0,69.0,0.5160739806504263
11.0,70.0,0.5475533912031139
11.0,71.0,0.5810041154360182
11.0,72.0,0.6165574966240073
11.0,73.0,0.6543546820072552
11.0,74.0,0.6945475750595203
11.0,75.0,0.7372997544709984
11.0,76.0,0.782787638526511
11.0,77.0,0.8312016417068153
11.0,78.0,0.8827476120461952
11.0,79.0,0.9376482955952656
11.0,80.0,0.9961451277224369
11.0,81.0,1.0585000990855238
11.0,82.0,1.124998009105124
11.0,83.0,1.1959488588670337
11.0,84.0,1.2716907120152219
11.0,85.0,1.3525927831217508
11.0,86.0,1.4390591013963097
11.0,87.0,1.5315325212928386
11.0,88.0,1.630499451855051
11.0,89.0,1.7364950940841857
11.0,90.0,1.8501095878898792
11.0,91.0,1.971994882140813
11.0,92.0,2.102872765197123
11.0,93.0,2.2435438996686905
11.0,94.0,2.3948983386437472
11.0,95.0,2.557927398764523
11.0,96.0,2.7337374026117156
11.0,97.0,2.923565183701497
11.0,98.0,3.128795872030204
11.0,99.0,3.3509828173462797
11.0,100.0,3.591870080416003
11.0,101.0,3.85341716154722
11.0,102.0,4.137826067597354
11.0,103.0,4.4475698259226295
11.0,104.0,4.785421652144177
11.0,105.0,5.154482482041746
11.0,106.0,5.558203967220405
11.0,107.0,6.000401540950703
11.0,108.0,6.485250235385887
11.0,109.0,7.017251788550967
11.0,110.0,7.601157818284142
11.0,111.0,8.241828060469986
11.0,112.0,8.94399838281094
11.0,113.0,9.711929775492722
11.0,114.0,10.548913094163833
11.0,115.0,11.456618087413702
11.0,116.0,12.434309323843548
11.0,117.0,13.478009741191883
11.0,118.0,14.579775699986941
11.0,119.0,15.727331448139624
11.0,120.0,16.904345818886984
11.0,121.0,18.091540122267148
11.0,122.0,19.268548534787097
11.0,123.0,20.416092346267195
11.0,124.0,21.517840349432333
11.0,125.0,22.56151673125539
11.0,126.0,23.539177770669912
11.0,127.0,24.446846302897217
11.0,128.0,25.283786772710997
11.0,129.0,26.051668783156938
11.0,130.0,26.75378302207362
11.0,131.0,27.394390289016126
11.0,132.0,27.978226237516267
11.0,133.0,28.510150365032768
11.0,134.0,28.994914025824517
11.0,135.0,29.437018668292428
11.0,136.0,29.840639007831065
11.0,137.0,30.209590132730963
11.0,138.0,30.547323320098666
11.0,139.0,30.856939100390957
11.0,140.0,31.141210251557276
11.0,141.0,31.40260932937941
11.0,142.0,31.64333783346195
11.0,143.0,31.865354719344392
11.0,144.0,32.070403463452294
11.0,145.0,32.26003678945878
11.0,146.0,32.435639157175395
11.0,147.0,32.5984466832861
11.0,148.0,32.74956492415399
11.0,149.0,32.88998437784349
11.0,150.0,33.02059422334814
11.0,151.0,33.142194190180845
11.0,152.0,33.25550507095805
11.0,153.0,33.3611777520726
11.0,154.0,33.459801240008474
11.0,155.0,33.551909526596404
11.0,156.0,33.63798773106743
11.0,157.0,33.71847733178175
11.0,158.0,33.79378088986333
11.0,159.0,33.86426605315814
11.0,160.0,33.93026921325075
11.0,161.0,33.99209858596986
11.0,162.0,34.05003706439319
11.0,163.0,34.10434460241078
11.0,164.0,34.1552604588438
11.0,165.0,34.20300505227589
11.0,166.0,34.24778174118594
11.0,167.0,34.2897782750547
11.0,168.0,34.329168218291926
11.0,169.0,34.36611209073473
11.0,170.0,34.40075851575363
11.0,171.0,34.43324511970135
11.0,172.0,34.463699464311915
11.0,173.0,34.49223975718261
11.0,174.0,34.51897561349362
11.0,175.0,34.54400861654312
11.0,176.0,34.567432942479634
11.0,177.0,34.58933580003076
11.0,178.0,34.60979794330074
11.0,179.0,34.6288940122278
11.0,180.0,34.646692951769424
11.0,181.0,34.663258268610505
11.0,182.0,34.67864836964193
11.0,183.0,34.6929167454957
11.0,184.0,34.70611223665198
11.0,185.0,34.71827915007668
11.0,186.0,34.72945745718323
11.0,187.0,34.739682845839106
11.0,188.0,34.74898685043242
11.0,189.0,34.75739683748963
11.0,190.0,34.76493606397021
11.0,191.0,34.77162359044695
11.0,192.0,34.77747425927122
11.0,193.0,34.78249852457984
11.0,194.0,34.78670233712983
11.0,195.0,34.79008687550256
11.0,196.0,34.792648319706174
11.0,197.0,34.794377463851475
11.0,198.0,34.79525935784343
11.0,199.0,34.79527278148098
11.0,200.0,34.794389737504126
11.0,201.0,34.79257477805843
11.0,202.0,34.789784354634406
11.0,203.0,34.785966027693526
11.0,204.0,34.78105774573631
11.0,205.0,34.774987075689005
11.0,206.0,34.767670648747696
11.0,207.0,34.75901379794547
11.0,208.0,34.74891077203661
11.0,209.0,34.737245681018976
11.0,210.0,34.72389477797402
11.0,211.0,34.708730510800955
11.0,212.0,34.69162823042539
11.0,213.0,34.67247621741724
11.0,214.0,34.651189906119875
11.0,215.0,34.6277304786284
11.0,216.0,34.602127335284294
11.0,217.0,34.57450198553336
11.0,218.0,34.54508882407866
11.0,219.0,34.51424556494933
11.0,220.0,34.4824453946761
11.0,221.0,34.45024530676485
11.0,222.0,34.4182330023537
11.0,223.0,34.38696475602952
11.0,224.0,34.35691231264146
11.0,225.0,34.32843121933362
11.0,226.0,34.30175296714902
11.0,227.0,34.276995420129474
11.0,228.0,34.25418357204457
11.0,229.0,34.23327342957648
11.0,230.0,34.21417445532676
11.0,231.0,34.1967681511472
11.0,232.0,34.180922246412536
11.0,233.0,34.16650071064516
11.0,234.0,34.153370417092056
11.0,235.0,34.141405176636276
11.0,236.0,34.130487965708994
11.0,237.0,34.12051184954952
11.0,238.0,34.11138013221379
11.0,239.0,34.10300596668406
11.0,240.0,34.09531172608594
11.0,241.0,34.08822820049809
11.0,242.0,34.081693789658495
11.0,243.0,34.07565367176921
11.0,244.0,34.07005905414125
11.0,245.0,34.064866450228216
11.0,246.0,34.06003705898861
11.0,247.0,34.055536179288275
11.0,248.0,34.051332721741154
11.0,249.0,34.04739874940759
11.0,250.0,34.043709103211874
11.0,251.0,34.04024104643269
11.0,252.0,34.03697398036253
11.0,253.0,34.03388916985754
11.0,254.0,34.03096952806754
11.0,255.0,34.028199403715774
11.0,256.0,34.02556441765386
11.0,257.0,34.02305129655758
11.0,258.0,34.020647747918424
11.0,259.0,34.018342328408835
11.0,260.0,34.01612434713962
11.0,261.0,34.01398375980121
11.0,262.0,34.011911092514154
11.0,263.0,34.009897355019035
11.0,264.0,34.007933979311495
11.0,265.0,34.00601274674708
11.0,266.0,34.00412573700494
11.0,267.0,34.002265265115206
11.0,268.0,34.00042383724993
11.0,269.0,33.99859409447042
11.0,270.0,33.996768772487385
11.0,271.0,33.99494064943964
11.0,272.0,33.99310250716108
11.0,273.0,33.99124708059029
11.0,274.0,33.98936701826925
11.0,275.0,33.98745483107516
11.0,276.0,33.98550284967371
11.0,277.0,33.98350317016906
11.0,278.0,33.981447606042714
11.0,279.0,33.97932762802599
11.0,280.0,33.97713430765537
11.0,281.0,33.97485824815424
11.0,282.0,33.972489516087414
11.0,283.0,33.97001755924533
11.0,284.0,33.96743112192123
11.0,285.0,33.964718144645495
11.0,286.0,33.961865657251344
11.0,287.0,33.95885965370876
11.0,288.0,33.95568495527523
11.0,289.0,33.95232505150773
11.0,290.0,33.94876192329137
11.0,291.0,33.94497583824937
11.0,292.0,33.940945120219006
11.0,293.0,33.93664588370612
11.0,294.0,33.93205173251394
11.0,295.0,33.92713341386661
11.0,296.0,33.92185842496349
11.0,297.0,33.91619056398555
11.0,298.0,33.91008942117652
11.0,299.0,33.903509804166625
11.0,300.0,33.89640109460655
11.0,301.0,33.8887065366645
11.0,302.0,33.88036246289219
11.0,303.0,33.87129747495334
11.0,304.0,33.86143160940831
11.0,305.0,33.850675546814074
11.0,306.0,33.83892995377283
11.0,307.0,33.82608510559127
11.0,308.0,33.812021004756545
11.0,309.0,33.796608316882526
11.0,310.0,33.7797105645932
11.0,311.0,33.76118817411698
11.0,312.0,33.740905102189615
11.0,313.0,33.718738861198716
11.0,314.0,33.69459466796881
11.0,315.0,33.668424039266505
11.0,316.0,33.6402471923161
11.0,317.0,33.6101769396046
11.0,318.0,33.578439399901114
11.0,319.0,33.54538443818528
11.0,320.0,33.511477758078804
11.0,321.0,33.477269243643725
11.0,322.0,33.44333980328336
11.0,323.0,33.4102392439507
11.0,324.0,33.378433114836945
11.0,325.0,33.34827104850744
11.0,326.0,33.319978852691904
11.0,327.0,33.2936689488778
11.0,328.0,33.26936108224785
11.0,329.0,33.24700621445569
11.0,330.0,33.22650892259941
11.0,331.0,33.20774599197005
11.0,332.0,33.19058056280564
11.0,333.0,33.17487215190678
11.0,334.0,33.16048327698114
11.0,335.0,33.14728349887797
11.0,336.0,33.13515161233604
11.0,337.0,33.12397657666577
11.0,338.0,33.11365763045008
11.0,339.0,33.104103907944804
11.0,340.0,33.095233776634416
11.0,341.0,33.086974038968414
11.0,342.0,33.07925909283886
11.0,343.0,33.07203010370744
11.0,344.0,33.06523422423157
11.0,345.0,33.05882387276151
11.0,346.0,33.05275608265556
11.0,347.0,33.04699191601208
11.0,348.0,33.04149594617313
11.0,349.0,33.0362357953134
11.0,350.0,33.03118173093671
11.0,351.0,33.02630630447303
11.0,352.0,33.02158403809472
11.0,353.0,33.01699114119046
11.0,354.0,33.012505265933186
11.0,355.0,33.008105281833096
11.0,356.0,33.003771082337494
11.0,357.0,32.999483401589735
11.0,358.0,32.995223658097245
11.0,359.0,32.990973801271736
11.0,360.0,32.98671618128705
11.0,361.0,32.98243341567491
11.0,362.0,32.978108276818325
11.0,363.0,32.97372357084246
11.0,364.0,32.96926203582588
11.0,365.0,32.96470622655607
11.0,366.0,32.960038417594795
11.0,367.0,32.9552404882628
11.0,368.0,32.95029382525476
11.0,369.0,32.9451792025507
11.0,370.0,32.93987667839618
11.0,371.0,32.93436546474572
11.0,372.0,32.928623813122314
11.0,373.0,32.92262886767827
11.0,374.0,32.91635653370364
11.0,375.0,32.90978130739928
11.0,376.0,32.902876119548786
11.0,377.0,32.895612133547125
11.0,378.0,32.88795855486872
11.0,379.0,32.87988238663504
11.0,380.0,32.87134819282232
11.0,381.0,32.86231779746573
11.0,382.0,32.85274998579402
11.0,383.0,32.84260012874978
11.0,384.0,32.83181980105689
11.0,385.0,32.820356306671606
11.0,386.0,32.8081521857082
11.0,387.0,32.79514460819145
11.0,388.0,32.781264732200725
11.0,389.0,32.76643692224697
11.0,390.0,32.75057790831404
11.0,391.0,32.73359577074743
11.0,392.0,32.71538883363036
11.0,393.0,32.69584434009909
11.0,394.0,32.67483699408126
11.0,395.0,32.65222722976366
11.0,396.0,32.62785929599043
11.0,397.0,32.60155900650109
11.0,398.0,32.573131250382154
11.0,399.0,32.54235711076092
11.0,400.0,32.50899070679654
11.0,401.0,32.472755625599795
11.0,402.0,32.433341114498354
11.0,403.0,32.39039797195585
11.0,404.0,32.34353444387521
11.0,405.0,32.2923122547021
11.0,406.0,32.23624338982765
11.0,407.0,32.174788193311905
11.0,408.0,32.107356037549
11.0,409.0,32.033309986768955
11.0,410.0,31.951977849230193
11.0,411.0,31.862672393856077
11.0,412.0,31.76472457340985
11.0,413.0,31.657533634367546
11.0,414.0,31.54063795581843
11.0,415.0,31.413808012269502
11.0,416.0,31.27715847798891
11.0,417.0,31.131267688141996
11.0,418.0,30.977281302975527
11.0,419.0,30.816964497178734
11.0,420.0,30.652662539049274
11.0,421.0,30.487142492673453
11.0,422.0,30.323327563037754
11.0,423.0,30.163986464693654
11.0,424.0,30.011467775177476
11.0,425.0,29.867541643827636
11.0,426.0,29.73336039596834
11.0,427.0,29.60951073574768
11.0,428.0,29.49611745233027
11.0,429.0,29.39296290176169
11.0,430.0,29.299599170788614
11.0,431.0,29.21544106827387
11.0,432.0,29.13983704173016
11.0,433.0,29.072119324552936
11.0,434.0,29.011637255904848
11.0,435.0,28.957777544589856
11.0,436.0,28.90997543821069
11.0,437.0,28.86771944520819
11.0,438.0,28.830552143223088
11.0,439.0,28.798068348416074
11.0,440.0,28.769912060121907
11.0,441.0,28.745772578759983
11.0,442.0,28.72538059017635
11.0,443.0,28.7085041611965
11.0,444.0,28.69494514843999
11.0,445.0,28.68453575587236
11.0,446.0,28.677135625174667
11.0,447.0,28.672629104913913
11.0,448.0,28.670923045248937
11.0,449.0,28.671944728160778
11.0,450.0,28.675640276928206
11.0,451.0,28.68197314079485
11.0,452.0,28.690923008677014
11.0,453.0,28.70248474184881
11.0,454.0,28.716667693657747
11.0,455.0,28.733495002516328
11.0,456.0,28.753003240912438
11.0,457.0,28.775242003209947
11.0,458.0,28.800273828919728
11.0,459.0,28.82817404036634
11.0,460.0,28.859030904335036
11.0,461.0,28.892945692412194
11.0,462.0,28.930033061554983
11.0,463.0,28.97042132524397
11.0,464.0,29.014253047951744
11.0,465.0,29.061685529058636
11.0,466.0,29.112891619625206
11.0,467.0,29.16806043436917
11.0,468.0,29.227398412660182
11.0,469.0,29.29113028785471
11.0,470.0,29.359500429185502
11.0,471.0,29.432774113613373
11.0,472.0,29.511239202571044
11.0,473.0,29.5952077806168
11.0,474.0,29.685018242355365
11.0,475.0,29.78103738629239
11.0,476.0,29.883663014640966
11.0,477.0,29.99332660209845
11.0,478.0,30.110496547209056
11.0,479.0,30.23568157726277
11.0,480.0,30.369434837834493
11.0,481.0,30.51235825059692
11.0,482.0,30.665107692183987
11.0,483.0,30.828398596724753
11.0,484.0,31.003012562401864
11.0,485.0,31.189804591956875
11.0,486.0,31.389711583177814
11.0,487.0,31.603761737383927
11.0,488.0,31.833085548317843
11.0,489.0,32.07892809103537
11.0,490.0,32.342663332755016
11.0,491.0,32.625810252326076
11.0,492.0,32.93005156384972
11.0,493.0,33.25725491248175
11.0,494.0,33.60949742071199
11.0,495.0,33.989093538077626
11.0,496.0,34.39862714419862
11.0,497.0,34.8409879111852
11.0,498.0,35.31941287692373
11.0,499.0,35.83753316203095
11.0,500.0,36.39942656508973
11.0,501.0,37.00967554035727
11.0,502.0,37.673430509870876
11.0,503.0,38.39647671220067
11.0,504.0,39.18530243234725
11.0,505.0,40.04716355161876
11.0,506.0,40.99013731265558
11.0,507.0,42.02315297895501
11.0,508.0,43.15598191959627
11.0,509.0,44.39916059487784
11.0,510.0,45.76381044258234
11.0,511.0,47.26130580037418
11.0,512.0,48.90273026771464
11.0,513.0,50.698054391336846
11.0,514.0,52.6549752144362
11.0,515.0,54.77739119097502
11.0,516.0,57.063565072910265
11.0,517.0,59.504164274374624
11.0,518.0,62.080562275752925
11.0,519.0,64.7639822740568
11.0,520.0,67.51614528739049
11.0,521.0,70.29186583183386
11.0,522.0,73.04341037939346
11.0,523.0,75.72559135018426
11.0,524.0,78.30012555922767
11.0,525.0,80.73822988611268
11.0,526.0,83.02126934588324
11.0,527.0,85.13990072471545
11.0,528.0,87.09237392762708
11.0,529.0,88.88257231997177
11.0,530.0,90.5181755348955
11.0,531.0,92.00913435617643
11.0,532.0,93.36651016335227
11.0,533.0,94.60165257586848
11.0,534.0,95.72565568545355
11.0,535.0,96.74902592591685
11.0,536.0,97.68150180287839
11.0,537.0,98.53197681375363
11.0,538.0,99.30848934704892
11.0,539.0,100.01825326097781
11.0,540.0,100.66771143181907
11.0,541.0,101.26260020493316
11.0,542.0,101.80801737389015
11.0,543.0,102.30848890912823
11.0,544.0,102.76803198169507
11.0,545.0,103.19021279564618
11.0,546.0,103.57819885307171
11.0,547.0,103.9348054956931
11.0,548.0,104.26253710091896
11.0,549.0,104.56362323297346
11.0,550.0,104.84005031535962
11.0,551.0,105.09358922620997
11.0,552.0,105.32581935290587
11.0,553.0,105.53814948166416
11.0,554.0,105.7318359588769
11.0,555.0,105.90799844171882
11.0,556.0,106.06763356430055
11.0,557.0,106.21162678170225
11.0,558.0,106.34076261708427
11.0,559.0,106.45573353270345
11.0,560.0,106.55714756317913
11.0,561.0,106.64553490510754
11.0,562.0,106.72135352785354
11.0,563.0,106.78499398554288
11.0,564.0,106.83678343234776
11.0,565.0,106.87698901683454
11.0,566.0,106.90582060280995
11.0,567.0,106.92343299534518
11.0,568.0,106.92992757047831
11.0,569.0,106.92535349509923
11.0,570.0,106.909708390356
11.0,571.0,106.8829386359541
11.0,572.0,106.84493912568865
11.0,573.0,106.79555268389389
11.0,574.0,106.73456891090765
11.0,575.0,106.6617226795383
11.0,576.0,106.57669200781454
11.0,577.0,106.47909554084644
11.0,578.0,106.36848932228959
11.0,579.0,106.24436309602979
11.0,580.0,106.10613577021361
11.0,581.0,105.9531502871072
11.0,582.0,105.78466747699642
11.0,583.0,105.59985913524352
11.0,584.0,105.39779983878368
11.0,585.0,105.17745772670891
11.0,586.0,104.93768368820768
11.0,587.0,104.67719915449231
11.0,588.0,104.39458185032834
11.0,589.0,104.08824965652246
11.0,590.0,103.75644183330408
11.0,591.0,103.39719769064612
11.0,592.0,103.00833183058823
11.0,593.0,102.58740596379725
11.0,594.0,102.13169628782471
11.0,595.0,101.63815634134312
11.0,596.0,101.10337419878107
11.0,597.0,100.52352387497986
11.0,598.0,99.89430977470029
11.0,599.0,99.2109041819898
11.0,600.0,98.46787688735355
11.0,601.0,97.65911755031578
11.0,602.0,96.77775091701297
11.0,603.0,95.81604726501875
11.0,604.0,94.76533099343189
11.0,605.0,93.6158941367355
11.0,606.0,92.35692433077183
11.0,607.0,90.97646377665147
11.0,608.0,89.46142260509417
11.0,609.0,87.79768227005846
11.0,610.0,85.97033720304714
11.0,611.0,83.96414035525429
11.0,612.0,81.76423248247814
11.0,613.0,79.35724531371181
11.0,614.0,76.73285824447848
11.0,615.0,73.88584423951326
11.0,616.0,70.81853422053224
11.0,617.0,67.54344589473274
11.0,618.0,64.08556230463422
11.0,619.0,60.4834806314229
11.0,620.0,56.78854270937511
11.0,621.0,53.06135305476883
11.0,622.0,49.36593205385186
11.0,623.0,45.762882585685134
11.0,624.0,42.30354320152857
11.0,625.0,39.026506147852466
11.0,626.0,35.956747854921275
11.0,627.0,33.10677772813811
11.0,628.0,30.47891665450768
11.0,629.0,28.067925812632513
11.0,630.0,25.863470999087387
11.0,631.0,23.852168505473795
11.0,632.0,22.019141731655303
11.0,633.0,20.34912432074527
11.0,634.0,18.827189344295547
11.0,635.0,17.439194801755285
11.0,636.0,16.172025154250115
11.0,637.0,15.013694665039539
11.0,638.0,13.953360621054864
11.0,639.0,12.98128223142213
11.0,640.0,12.088748426537656
11.0,641.0,11.267991292209807
11.0,642.0,10.512094466524948
11.0,643.0,9.814903488047854
11.0,644.0,9.170940791156665
11.0,645.0,8.575327951948173
11.0,646.0,8.023715060809755
11.0,647.0,7.512218071309739
11.0,648.0,7.037362958736969
11.0,649.0,6.596036955855054
11.0,650.0,6.185445415283459
11.0,651.0,5.803074460793019
11.0,652.0,5.446657985992323
11.0,653.0,5.114149227039404
11.0,654.0,4.803695570651821
11.0,655.0,4.51361693122088
11.0,656.0,4.242386475949487
11.0,657.0,3.988614134324814
11.0,658.0,3.751031776040128
11.0,659.0,3.528480577095166
11.0,660.0,3.3198995444548838
11.0,661.0,3.1243157817151843
11.0,662.0,2.940835534627566
11.0,663.0,2.7686366436336347
11.0,664.0,2.60696149627524
11.0,665.0,2.455111136910869
11.0,666.0,2.312439669635123
11.0,667.0,2.178349630987596
11.0,668.0,2.0522875033458687
11.0,669.0,1.9337400562958393
11.0,670.0,1.82223071614139
11.0,671.0,1.7173166551571935
11.0,672.0,1.6185858260078696
11.0,673.0,1.525654632383935
11.0,674.0,1.4381654837958548
11.0,675.0,1.3557849212890118
11.0,676.0,1.278201582709054
11.0,677.0,1.2051246870879055
11.0,678.0,1.136282326293245
11.0,679.0,1.0714202340239767
11.0,680.0,1.0103003391005856
11.0,681.0,0.9526997618003662
11.0,682.0,0.8984095786173323
11.0,683.0,0.8472340013550432
11.0,684.0,0.7989893142223715
11.0,685.0,0.7535032007421413
11.0,686.0,0.7106138224563018
11.0,687.0,0.670169266075432
11.0,688.0,0.6320267395066842
11.0,689.0,0.5960521173311584
11.0,690.0,0.5621192348287836
11.0,691.0,0.5301095142475521
11.0,692.0,0.49991134134282655
11.0,693.0,0.4714197583060338
11.0,694.0,0.44453591033062856
11.0,695.0,0.419166793730364
11.0,696.0,0.39522476239126164
11.0,697.0,0.37262732170499163
11.0,698.0,0.35129668661657554
11.0,699.0,0.33115961365765095
11.0,700.0,0.31214700376705556
11.0,701.0,0.2941937660307906
11.0,702.0,0.27723845962331156
11.0,703.0,0.2612231839209781
11.0,704.0,0.24609325485140685
11.0,705.0,0.23179711690239702
11.0,706.0,0.21828604992520464
11.0,707.0,0.20551409925523992
11.0,708.0,0.19343780963107166
11.0,709.0,0.18201617021033978
11.0,710.0,0.17121037276933426
11.0,711.0,0.16098376886361768
11.0,712.0,0.15130164988608044
11.0,713.0,0.14213121400693007
11.0,714.0,0.1334413660090368
11.0,715.0,0.12520269196195577
11.0,716.0,0.11738727703604795
11.0,717.0,0.10996868613237645
11.0,718.0,0.10292179811241904
11.0,719.0,0.09622279082968527
11.0,720.0,0.08984899040840394
11.0,721.0,0.08377885931117428
11.0,722.0,0.07799185946458655
11.0,723.0,0.07246844215618847
11.0,724.0,0.06718992394294572
11.0,725.0,0.06213847730507606
11.0,726.0,0.05729701838884723
11.0,727.0,0.05264919745823266
11.0,728.0,0.04817929762017719
11.0,729.0,0.04387222421061847
11.0,730.0,0.03971341373073726
11.0,731.0,0.03568882138411463
11.0,732.0,0.03178483951878457
11.0,733.0,0.027988282599111892
11.0,734.0,0.024286314502396704
11.0,735.0,0.020666430264016312
11.0,736.0,0.017116391620246175
11.0,737.0,0.013624204909534943
11.0,738.0,0.010178064286155274
11.0,739.0,0.006766325195124056
11.0,740.0,0.0033774547050731945
11.0,741.0,0.0
12.0,0.0,0.0
12.0,1.0,0.0011774464357915133
12.0,2.0,0.002358872836894242
12.0,3.0,0.00354827313844664
12.0,4.0,0.004749667079371251
12.0,5.0,0.005967116492321358
12.0,6.0,0.007204735187230638
12.0,7.0,0.008466707747174647
12.0,8.0,0.00975729765097115
12.0,9.0,0.0110808687650963
12.0,10.0,0.012441891901646506
12.0,11.0,0.013844969203688173
12.0,12.0,0.015294839344741771
12.0,13.0,0.01679640501523727
12.0,14.0,0.01835473698273206
12.0,15.0,0.019975104900721057
12.0,16.0,0.021662980465330484
12.0,17.0,0.0234240717849009
12.0,18.0,0.02526432588927159
12.0,19.0,0.02718996691971771
12.0,20.0,0.029207498271618726
12.0,21.0,0.031323744889998346
12.0,22.0,0.03354585535593886
12.0,23.0,0.035881348603789
12.0,24.0,0.03833811629687407
12.0,25.0,0.04092447431921013
12.0,26.0,0.043649165827778544
12.0,27.0,0.04652141791532413
12.0,28.0,0.04955094577584915
12.0,29.0,0.052748014987041895
12.0,30.0,0.05612344728411778
12.0,31.0,0.059688688972205285
12.0,32.0,0.06345581887299966
12.0,33.0,0.06743762345101209
12.0,34.0,0.07164760757993835
12.0,35.0,0.07610007705455787
12.0,36.0,0.08081015292207444
12.0,37.0,0.08579386215680085
12.0,38.0,0.0910681564195685
12.0,39.0,0.09665101179917047
12.0,40.0,0.10256145300479999
12.0,41.0,0.1088196632316719
12.0,42.0,0.11544701496312824
12.0,43.0,0.12246619120447129
12.0,44.0,0.12990122428029424
12.0,45.0,0.13777762990875786
12.0,46.0,0.14612245563542375
12.0,47.0,0.15496442950085165
12.0,48.0,0.1643340200670805
12.0,49.0,0.17426360177857653
12.0,50.0,0.18478752892754233
12.0,51.0,0.1959423202401808
12.0,52.0,0.20776674961307143
12.0,53.0,0.22030205299727057
12.0,54.0,0.23359203934733866
12.0,55.0,0.24768332355618564
12.0,56.0,0.2626254618267228
12.0,57.0,0.27847121527160534
12.0,58.0,0.2952767148919997
12.0,59.0,0.31310176155257996
12.0,60.0,0.332010026994764
12.0,61.0,0.35206939730010817
12.0,62.0,0.373352217959074
12.0,63.0,0.39593568974047855
12.0,64.0,0.41990216789118834
12.0,65.0,0.4453396216623112
12.0,66.0,0.47234200037670826
12.0,67.0,0.5010097708936443
12.0,68.0,0.5314503667457885
12.0,69.0,0.5637788217801828
12.0,70.0,0.598118323097538
12.0,71.0,0.6346009642934648
12.0,72.0,0.6733684288835935
12.0,73.0,0.7145728933943566
12.0,74.0,0.7583778758018564
12.0,75.0,0.8049593277348192
12.0,76.0,0.8545066928275945
12.0,77.0,0.9072242392314543
12.0,78.0,0.9633323865257433
12.0,79.0,1.0230693455551498
12.0,80.0,1.0866927907636166
12.0,81.0,1.1544818953406928
12.0,82.0,1.226739449955841
12.0,83.0,1.3037944088842808
12.0,84.0,1.3860045878569442
12.0,85.0,1.473759873106176
12.0,86.0,1.5674856723443165
12.0,87.0,1.6676469854343543
12.0,88.0,1.774752835091161
12.0,89.0,1.8893614564088428
12.0,90.0,2.0120859981345607
12.0,91.0,2.1436011574435687
12.0,92.0,2.284650514938027
12.0,93.0,2.4360550132597267
12.0,94.0,2.5987223555829924
12.0,95.0,2.7736577788215
12.0,96.0,2.9619759692307865
12.0,97.0,3.1649145552394167
12.0,98.0,3.383848886517319
12.0,99.0,3.6203084352731687
12.0,100.0,3.875994350730675
12.0,101.0,4.152798225127683
12.0,102.0,4.452821162732232
12.0,103.0,4.778392555582853
12.0,104.0,5.132086686276821
12.0,105.0,5.516735172270854
12.0,106.0,5.935431416390765
12.0,107.0,6.3915224189671695
12.0,108.0,6.888580616438214
12.0,109.0,7.430346733956746
12.0,110.0,8.020631253521854
12.0,111.0,8.663160353214547
12.0,112.0,9.361350090920789
12.0,113.0,10.117994730386908
12.0,114.0,10.934861005291928
12.0,115.0,11.812195900233393
12.0,116.0,12.748181237202722
12.0,117.0,13.738407437613567
12.0,118.0,14.775482478225115
12.0,119.0,15.848926461188585
12.0,120.0,16.94549570690093
12.0,121.0,18.050005298376675
12.0,122.0,19.14656802921466
12.0,123.0,20.219998960332894
12.0,124.0,21.257054367863834
12.0,125.0,22.24725428735904
12.0,126.0,23.18320660642707
12.0,127.0,24.060501634443447
12.0,128.0,24.87732105810923
12.0,129.0,25.633911702969343
12.0,130.0,26.332040119366496
12.0,131.0,26.974500362736965
12.0,132.0,27.564708256993725
12.0,133.0,28.10638971970279
12.0,134.0,28.603354944934615
12.0,135.0,29.059344341419834
12.0,136.0,29.477929999608122
12.0,137.0,29.862458542979482
12.0,138.0,30.216022965350202
12.0,139.0,30.54145444147791
12.0,140.0,30.841326776022246
12.0,141.0,31.117968846056886
12.0,142.0,31.373481202022585
12.0,143.0,31.609754841392224
12.0,144.0,31.82849027552455
12.0,145.0,32.031216293266404
12.0,146.0,32.21930751289048
12.0,147.0,32.39400078063133
12.0,148.0,32.55640994677996
12.0,149.0,32.70753935533644
12.0,150.0,32.848295756132586
12.0,151.0,32.97949907437812
12.0,152.0,33.10189180508208
12.0,153.0,33.21614748744268
12.0,154.0,33.3228780350792
12.0,155.0,33.422640365922526
12.0,156.0,33.51594209790022
12.0,157.0,33.6032467327941
12.0,158.0,33.68497808037556
12.0,159.0,33.76152432246658
12.0,160.0,33.83324145618387
12.0,161.0,33.90045649524046
12.0,162.0,33.96347015865496
12.0,163.0,34.02255940775308
12.0,164.0,34.07797955405771
12.0,165.0,34.129966283618906
12.0,166.0,34.17873731642562
12.0,167.0,34.224494033336335
12.0,168.0,34.26742278751627
12.0,169.0,34.307696221440715
12.0,170.0,34.34547430661808
12.0,171.0,34.38090541702467
12.0,172.0,34.41412715498255
12.0,173.0,34.44526723136848
12.0,174.0,34.474444121546725
12.0,175.0,34.50176779050415
12.0,176.0,34.527340212068516
12.0,177.0,34.551255967767815
12.0,178.0,34.573602654326265
12.0,179.0,34.59446137776899
12.0,180.0,34.613907067716006
12.0,181.0,34.63200888246815
12.0,182.0,34.64883044339824
12.0,183.0,34.66443016200748
12.0,184.0,34.678861403340136
12.0,185.0,34.692172741932595
12.0,186.0,34.70440805933549
12.0,187.0,34.715606732208435
12.0,188.0,34.725803665475816
12.0,189.0,34.735029412343735
12.0,190.0,34.74331014118466
12.0,191.0,34.750667683874696
12.0,192.0,34.757119431192194
12.0,193.0,34.762678302714434
12.0,194.0,34.76735256263629
12.0,195.0,34.771145702113394
12.0,196.0,34.77405616595591
12.0,197.0,34.77607713835992
12.0,198.0,34.77719617338478
12.0,199.0,34.77739488122199
12.0,200.0,34.776648467288915
12.0,201.0,34.77492533668362
12.0,202.0,34.77218657984477
12.0,203.0,34.768385564241825
12.0,204.0,34.76346748194563
12.0,205.0,34.757369111214075
12.0,206.0,34.75001870406826
12.0,207.0,34.74133632762037
12.0,208.0,34.73123467735556
12.0,209.0,34.719620808622416
12.0,210.0,34.70639895540221
12.0,211.0,34.69147502298376
12.0,212.0,34.67476303915392
12.0,213.0,34.656194143121134
12.0,214.0,34.635728173691554
12.0,215.0,34.613367810315154
12.0,216.0,34.589174149073756
12.0,217.0,34.563281809976324
12.0,218.0,34.53591009992815
12.0,219.0,34.50736609172993
12.0,220.0,34.47803535254057
12.0,221.0,34.44835850456057
12.0,222.0,34.418795813132576
12.0,223.0,34.38978711412779
12.0,224.0,34.36171640072808
12.0,225.0,34.33488837571295
12.0,226.0,34.309519175920514
12.0,227.0,34.28573943436494
12.0,228.0,34.26360543637933
12.0,229.0,34.24311420136441
12.0,230.0,34.224219048886575
12.0,231.0,34.20684370523624
12.0,232.0,34.19089387830686
12.0,233.0,34.17626620270939
12.0,234.0,34.162854673801135
12.0,235.0,34.150555086735025
12.0,236.0,34.139267833618675
12.0,237.0,34.1288995709378
12.0,238.0,34.11936400605142
12.0,239.0,34.1105821632373
12.0,240.0,34.10248223841127
12.0,241.0,34.094999273266616
12.0,242.0,34.08807466283015
12.0,243.0,34.08165564638744
12.0,244.0,34.07569474465246
12.0,245.0,34.070149248736705
12.0,246.0,34.06498070068201
12.0,247.0,34.060154447821056
12.0,248.0,34.05563920269215
12.0,249.0,34.05140667837101
12.0,250.0,34.04743123025706
12.0,251.0,34.043689567004115
12.0,252.0,34.04016046423403
12.0,253.0,34.03682453892276
12.0,254.0,34.03366402200816
12.0,255.0,34.03066258332679
12.0,256.0,34.02780515073575
12.0,257.0,34.02507777415548
12.0,258.0,34.02246748069557
12.0,259.0,34.01996216838497
12.0,260.0,34.01755048881692
12.0,261.0,34.01522176307929
12.0,262.0,34.012965885219785
12.0,263.0,34.01077325450532
12.0,264.0,34.00863469444848
12.0,265.0,34.006541396790496
12.0,266.0,34.00448485193041
12.0,267.0,34.00245680097219
12.0,268.0,34.000449174203055
12.0,269.0,33.998454048220076
12.0,270.0,33.99646358966069
12.0,271.0,33.99447001487215
12.0,272.0,33.992465536445636
12.0,273.0,33.990442323146006
12.0,274.0,33.98839244696735
12.0,275.0,33.98630784112153
12.0,276.0,33.98418024533107
12.0,277.0,33.98200115958928
12.0,278.0,33.979761785236015
12.0,279.0,33.977452971943
12.0,280.0,33.975065151765975
12.0,281.0,33.97258827635591
12.0,282.0,33.97001174062003
12.0,283.0,33.96732430647978
12.0,284.0,33.964514011964155
12.0,285.0,33.96156807688363
12.0,286.0,33.95847279207408
12.0,287.0,33.955213401084876
12.0,288.0,33.95177396284661
12.0,289.0,33.948137201849306
12.0,290.0,33.94428433571567
12.0,291.0,33.94019488440798
12.0,292.0,33.93584645215681
12.0,293.0,33.93121448420216
12.0,294.0,33.926271990651074
12.0,295.0,33.9209892377911
12.0,296.0,33.91533340078927
12.0,297.0,33.90926817736914
12.0,298.0,33.902753359344224
12.0,299.0,33.895744363211975
12.0,300.0,33.88819172293877
12.0,301.0,33.8800405529668
12.0,302.0,33.871229998186074
12.0,303.0,33.86169269660683
12.0,304.0,33.851354300172645
12.0,305.0,33.840133118249426
12.0,306.0,33.827939985947
12.0,307.0,33.81467849699608
12.0,308.0,33.80024580406594
12.0,309.0,33.78453425036534
12.0,310.0,33.76743418070143
12.0,311.0,33.748838341899685
12.0,312.0,33.72864833064671
12.0,313.0,33.706783496996024
12.0,314.0,33.68319253278923
12.0,315.0,33.65786753343155
12.0,316.0,33.63085957704803
12.0,317.0,33.60229375805534
12.0,318.0,33.57238035563656
12.0,319.0,33.54141784403871
12.0,320.0,33.509783628363145
12.0,321.0,33.477910541106795
12.0,322.0,33.446251438955926
12.0,323.0,33.41523907017978
12.0,324.0,33.38525067106412
12.0,325.0,33.35658446198898
12.0,326.0,33.3294503821327
12.0,327.0,33.30397309883416
12.0,328.0,33.280203174237876
12.0,329.0,33.25813209744206
12.0,330.0,33.23770786105242
12.0,331.0,33.21884902101967
12.0,332.0,33.20145628164398
12.0,333.0,33.18542139659255
12.0,334.0,33.17063361245584
12.0,335.0,33.15698406608237
12.0,336.0,33.14436859041049
12.0,337.0,33.13268934232766
12.0,338.0,33.12185559673296
12.0,339.0,33.111783974941396
12.0,340.0,33.10239830561528
12.0,341.0,33.09362926295743
12.0,342.0,33.08541387886984
12.0,343.0,33.07769499939361
12.0,344.0,33.07042072460651
12.0,345.0,33.06354386432163
12.0,346.0,33.057021419190725
12.0,347.0,33.05081410274327
12.0,348.0,33.044885899405976
12.0,349.0,33.03920366816836
12.0,350.0,33.03373677966399
12.0,351.0,33.0284567957576
12.0,352.0,33.02333717535246
12.0,353.0,33.01835301737118
12.0,354.0,33.013480821801984
12.0,355.0,33.00869828271568
12.0,356.0,33.00398409163554
12.0,357.0,32.99931776860293
12.0,358.0,32.99467949672027
12.0,359.0,32.99004998118688
12.0,360.0,32.985410305753184
12.0,361.0,32.9807418114271
12.0,362.0,32.97602596718686
12.0,363.0,32.971244261475675
12.0,364.0,32.96637808073057
12.0,365.0,32.96140860778967
12.0,366.0,32.95631670259534
12.0,367.0,32.951082802245274
12.0,368.0,32.94568679864213
12.0,369.0,32.94010793514946
12.0,370.0,32.93432467600379
12.0,371.0,32.928314594398714
12.0,372.0,32.922054228148575
12.0,373.0,32.9155189535058
12.0,374.0,32.9086828208404
12.0,375.0,32.90151840755375
12.0,376.0,32.89399662635669
12.0,377.0,32.88608654920111
12.0,378.0,32.87775517900421
12.0,379.0,32.86896723446015
12.0,380.0,32.85968487363032
12.0,381.0,32.84986742665651
12.0,382.0,32.83947105632788
12.0,383.0,32.82844842188179
12.0,384.0,32.81674825723004
12.0,385.0,32.80431494394636
12.0,386.0,32.791087982018674
12.0,387.0,32.77700144351669
12.0,388.0,32.761983303293206
12.0,389.0,32.745954736525185
12.0,390.0,32.72882926766331
12.0,391.0,32.7105118652108
12.0,392.0,32.69089785693876
12.0,393.0,32.66987176499548
12.0,394.0,32.647305925929764
12.0,395.0,32.62305900180886
12.0,396.0,32.59697424022226
12.0,397.0,32.56887760079541
12.0,398.0,32.53857560570404
12.0,399.0,32.50585305474362
12.0,400.0,32.47047047897679
12.0,401.0,32.4321615222073
12.0,402.0,32.3906301779607
12.0,403.0,32.34554817398412
12.0,404.0,32.29655256135174
12.0,405.0,32.243244008103225
12.0,406.0,32.1851861243413
12.0,407.0,32.121906708232466
12.0,408.0,32.05290173008503
12.0,409.0,31.977643577776174
12.0,410.0,31.895595094116818
12.0,411.0,31.806231672590435
12.0,412.0,31.709073478838636
12.0,413.0,31.603730068491874
12.0,414.0,31.48995831241806
12.0,415.0,31.367732813055756
12.0,416.0,31.23732378493971
12.0,417.0,31.09937233771472
12.0,418.0,30.95494630565992
12.0,419.0,30.80555542264187
12.0,420.0,30.653104991512137
12.0,421.0,30.49977849928031
12.0,422.0,30.34786059581324
12.0,423.0,30.199536573055763
12.0,424.0,30.05671534732114
12.0,425.0,29.92091209261263
12.0,426.0,29.793201920903677
12.0,427.0,29.674235093588237
12.0,428.0,29.564292869508584
12.0,429.0,29.463362843221297
12.0,430.0,29.37121685220568
12.0,431.0,29.28748146782754
12.0,432.0,29.21169595625222
12.0,433.0,29.14335699114343
12.0,434.0,29.081950920862226
12.0,435.0,29.026975980431157
12.0,436.0,28.977956386023884
12.0,437.0,28.934450719389424
12.0,438.0,28.89605598216248
12.0,439.0,28.86240900538738
12.0,440.0,28.833185860036377
12.0,441.0,28.808100340848895
12.0,442.0,28.786901658576998
12.0,443.0,28.76937204398605
12.0,444.0,28.75532410875934
12.0,445.0,28.744598478961237
12.0,446.0,28.73706139709713
12.0,447.0,28.732602725535358
12.0,448.0,28.73113397440427
12.0,449.0,28.732586757537472
12.0,450.0,28.736911264264073
12.0,451.0,28.744075146792476
12.0,452.0,28.754062393033838
12.0,453.0,28.766872591861205
12.0,454.0,28.78252015021508
12.0,455.0,28.801033880589657
12.0,456.0,28.822456510879743
12.0,457.0,28.846844547911612
12.0,458.0,28.874268040293586
12.0,459.0,28.904810684686538
12.0,460.0,28.938569815164108
12.0,461.0,28.97565673207918
12.0,462.0,29.016196904355134
12.0,463.0,29.060330513387896
12.0,464.0,29.108212867016043
12.0,465.0,29.160015163038647
12.0,466.0,29.21592512574869
12.0,467.0,29.276148005923222
12.0,468.0,29.340907463456666
12.0,469.0,29.410446833897158
12.0,470.0,29.48503029477702
12.0,471.0,29.564944443907095
12.0,472.0,29.65049980354587
12.0,473.0,29.74203277390693
12.0,474.0,29.83990754964859
12.0,475.0,29.944518534863004
12.0,476.0,30.05629277214908
12.0,477.0,30.175692934589165
12.0,478.0,30.30322040098498
12.0,479.0,30.43941897836067
12.0,480.0,30.584878800475902
12.0,481.0,30.74024098424374
12.0,482.0,30.906202585770572
12.0,483.0,31.083522459498717
12.0,484.0,31.273027580868185
12.0,485.0,31.475620462390008
12.0,486.0,31.692287249152237
12.0,487.0,31.92410715591301
12.0,488.0,32.17226286514723
12.0,489.0,32.43805258661152
12.0,490.0,32.7229034383871
12.0,491.0,33.0283868925835
12.0,492.0,33.356235989392324
12.0,493.0,33.70836510188775
12.0,494.0,34.086891989303446
12.0,495.0,34.494162936210145
12.0,496.0,34.9327807071892
12.0,497.0,35.405636055470765
12.0,498.0,35.91594238995117
12.0,499.0,36.467274095073165
12.0,500.0,37.06360770341063
12.0,501.0,37.70936575221559
12.0,502.0,38.409461507095834
12.0,503.0,39.1693428373003
12.0,504.0,39.99503116369397
12.0,505.0,40.89315049571557
12.0,506.0,41.87093791019252
12.0,507.0,42.93622424482441
12.0,508.0,44.09736817341787
12.0,509.0,45.36312218832482
12.0,510.0,46.74240180872046
12.0,511.0,48.243924502362496
12.0,512.0,49.875680685201175
12.0,513.0,51.64420337081342
12.0,514.0,53.553617643962376
12.0,515.0,55.604487310854104
12.0,516.0,57.79253712744673
12.0,517.0,60.1074197395093
12.0,518.0,62.53179957525048
12.0,519.0,65.04110566897026
12.0,520.0,67.60429101538085
12.0,521.0,70.18575949413554
12.0,522.0,72.74826859618848
12.0,523.0,75.25621990872699
12.0,524.0,77.6785618376298
12.0,525.0,79.99071650763155
12.0,526.0,82.17533910480388
12.0,527.0,84.22207065121943
12.0,528.0,86.12662187739052
12.0,529.0,87.88954008819366
12.0,530.0,89.51493136194041
12.0,531.0,91.00930710054826
12.0,532.0,92.38063346381168
12.0,533.0,93.63760089169115
12.0,534.0,94.7890950532502
12.0,535.0,95.843835612767
12.0,536.0,96.81014537425132
12.0,537.0,97.69581607791125
12.0,538.0,98.50804239641563
12.0,539.0,99.25340240982612
12.0,540.0,99.9378679876219
12.0,541.0,100.56683357176166
12.0,542.0,101.14515500687779
12.0,543.0,101.67719312295606
12.0,544.0,102.16685831639748
12.0,545.0,102.61765407116218
12.0,546.0,103.03271795925181
12.0,547.0,103.41485957742789
12.0,548.0,103.7665950070081
12.0,549.0,104.09017788555285
12.0,550.0,104.38762711236538
12.0,551.0,104.66075148957576
12.0,552.0,104.91117147597251
12.0,553.0,105.14033838357159
12.0,554.0,105.34955123178018
12.0,555.0,105.53997154367464
12.0,556.0,105.7126362942087
12.0,557.0,105.86846922550065
12.0,558.0,106.00829072365765
12.0,559.0,106.13282639977734
12.0,560.0,106.24271455665473
12.0,561.0,106.33851261576655
12.0,562.0,106.42070267957132
12.0,563.0,106.48969624195647
12.0,564.0,106.54583822219112
12.0,565.0,106.58941027942278
12.0,566.0,106.62063358921861
12.0,567.0,106.6396709881996
12.0,568.0,106.64662867885555
12.0,569.0,106.64155735310585
12.0,570.0,106.6244529403352
12.0,571.0,106.59525679325455
12.0,572.0,106.55385553270885
12.0,573.0,106.50008032069643
12.0,574.0,106.43370579864246
12.0,575.0,106.35444841615062
12.0,576.0,106.26196440253162
12.0,577.0,106.15584706124136
12.0,578.0,106.03562365287631
12.0,579.0,105.9007514995395
12.0,580.0,105.75061358630367
12.0,581.0,105.58451324170723
12.0,582.0,105.4016681782818
12.0,583.0,105.20120341909642
12.0,584.0,104.98214339007751
12.0,585.0,104.74340264142931
12.0,586.0,104.4837754684408
12.0,587.0,104.20192382417217
12.0,588.0,103.89636377537043
12.0,589.0,103.56544981464498
12.0,590.0,103.20735725242791
12.0,591.0,102.82006191621954
12.0,592.0,102.40131734937603
12.0,593.0,101.94862865552794
12.0,594.0,101.45922316332265
12.0,595.0,100.93001700815131
12.0,596.0,100.35757784522232
12.0,597.0,99.73808283999229
12.0,598.0,99.06727234761436
12.0,599.0,98.34039872451022
12.0,600.0,97.55217125639359
12.0,601.0,96.69669750488626
12.0,602.0,95.7674234513725
12.0,603.0,94.75707478407915
12.0,604.0,93.65760477252857
12.0,605.0,92.46015542796601
12.0,606.0,91.15504355346233
12.0,607.0,89.73178672574902
12.0,608.0,88.17919182534074
12.0,609.0,86.4855348711195
12.0,610.0,84.63887070252206
12.0,611.0,82.62751738107444
12.0,612.0,80.44076589895064
12.0,613.0,78.06985992010878
12.0,614.0,75.50927094191472
12.0,615.0,72.7582454491069
12.0,616.0,69.82251905486616
12.0,617.0,66.71597055833551
12.0,618.0,63.4618509184856
12.0,619.0,60.093114760167865
12.0,620.0,56.65140176971928
12.0,621.0,53.18445169933491
12.0,622.0,49.742210499577865
12.0,623.0,46.37241613200416
12.0,624.0,43.11670469848356
12.0,625.0,40.008025426824204
12.0,626.0,37.069622056703274
12.0,627.0,34.315364308023746
12.0,628.0,31.75097683829729
12.0,629.0,29.375693243112313
12.0,630.0,27.183970173364546
12.0,631.0,25.167034412190876
12.0,632.0,23.314158004608363
12.0,633.0,21.613637900781523
12.0,634.0,20.053505623401946
12.0,635.0,18.622011549396177
12.0,636.0,17.30793454040062
12.0,637.0,16.100761634148085
12.0,638.0,14.990776510675776
12.0,639.0,13.969085305840343
12.0,640.0,13.027602583256632
12.0,641.0,12.159012299135902
12.0,642.0,11.356715581834612
12.0,643.0,10.614771793460495
12.0,644.0,9.927838559065476
12.0,645.0,9.291112854726142
12.0,646.0,8.700275797498506
12.0,647.0,8.151441161534898
12.0,648.0,7.641108891639865
12.0,649.0,7.166122756634349
12.0,650.0,6.723632863356308
12.0,651.0,6.311061853987232
12.0,652.0,5.9260753320218456
12.0,653.0,5.566555267949004
12.0,654.0,5.230576911598398
12.0,655.0,4.916387989699452
12.0,656.0,4.622390753945115
12.0,657.0,4.347125717890517
12.0,658.0,4.089257699428658
12.0,659.0,3.847563071389766
12.0,660.0,3.6209188843495195
12.0,661.0,3.4082928226368168
12.0,662.0,3.208734695333183
12.0,663.0,3.0213684733277173
12.0,664.0,2.8453856016131374
12.0,665.0,2.6800386399926337
12.0,666.0,2.5246359795639903
12.0,667.0,2.3785367236662425
12.0,668.0,2.2411464911842347
12.0,669.0,2.1119132613327602
12.0,670.0,1.9903240221927179
12.0,671.0,1.875901368815106
12.0,672.0,1.768200812660381
12.0,673.0,1.6668079722229838
12.0,674.0,1.57133640223623
12.0,675.0,1.4814252535176877
12.0,676.0,1.396737513398127
12.0,677.0,1.3169580398103191
12.0,678.0,1.2417921290519742
12.0,679.0,1.1709638505866011
12.0,680.0,1.1042148769507105
12.0,681.0,1.0413030620298338
12.0,682.0,0.9820014821594808
12.0,683.0,0.9260972130686314
12.0,684.0,0.8733905421121355
12.0,685.0,0.8236939085959768
12.0,686.0,0.7768312554427277
12.0,687.0,0.7326371049413793
12.0,688.0,0.6909560246034809
12.0,689.0,0.6516418160479853
12.0,690.0,0.6145570748142997
12.0,691.0,0.5795724744978773
12.0,692.0,0.546566404192584
12.0,693.0,0.5154243334346668
12.0,694.0,0.4860385140098584
12.0,695.0,0.4583074139669517
12.0,696.0,0.43213547294044435
12.0,697.0,0.4074325956302789
12.0,698.0,0.38411395170651436
12.0,699.0,0.3620995208477764
12.0,700.0,0.34131392982279685
12.0,701.0,0.3216860425348362
12.0,702.0,0.3031488281016269
12.0,703.0,0.2856389904413919
12.0,704.0,0.2690968621632889
12.0,705.0,0.2534660691100794
12.0,706.0,0.2386934456759368
12.0,707.0,0.22472873043550437
12.0,708.0,0.2115244991636923
12.0,709.0,0.19903588826492752
12.0,710.0,0.18722054231035629
12.0,711.0,0.1760383624609906
12.0,712.0,0.16545146578487993
12.0,713.0,0.15542395626419475
12.0,714.0,0.14592189352663165
12.0,715.0,0.13691308435533858
12.0,716.0,0.12836705877932403
12.0,717.0,0.12025488027914956
12.0,718.0,0.11254912744163326
12.0,719.0,0.1052237212833598
12.0,720.0,0.09825391089435388
12.0,721.0,0.09161611649354907
12.0,722.0,0.08528791767137518
12.0,723.0,0.07924791095262833
12.0,724.0,0.07347569940465086
12.0,725.0,0.06795176361852336
12.0,726.0,0.06265745158217599
12.0,727.0,0.05757486210444657
12.0,728.0,0.052686833964615765
12.0,729.0,0.047976840898813856
12.0,730.0,0.04342897913198145
12.0,731.0,0.039027873124896396
12.0,732.0,0.03475866067371925
12.0,733.0,0.030606908680573277
12.0,734.0,0.026558595071473387
12.0,735.0,0.02260003390553037
12.0,736.0,0.018717853415638985
12.0,737.0,0.014898929812251162
12.0,738.0,0.011130360793854432
12.0,739.0,0.007399407431836034
12.0,740.0,0.003693462530391214
12.0,741.0,0.0
13.0,0.0,0.0
13.0,1.0,0.0012776370654094679
13.0,2.0,0.002559592793690141
13.0,3.0,0.0038501998169634386
13.0,4.0,0.005153821123341027
13.0,5.0,0.006474861808495292
13.0,6.0,0.007817788079871144
13.0,7.0,0.009187136993184618
13.0,8.0,0.010587538277238889
13.0,9.0,0.012023722263777554
13.0,10.0,0.013500544742236033
13.0,11.0,0.015022993300328767
13.0,12.0,0.016596215427447512
13.0,13.0,0.01822552349562722
13.0,14.0,0.019916426343066947
13.0,15.0,0.02167463314094891
13.0,16.0,0.023506088704985488
13.0,17.0,0.025416976513293155
13.0,18.0,0.0274137580143283
13.0,19.0,0.029503175085071196
13.0,20.0,0.031692293628676385
13.0,21.0,0.03398850579114307
13.0,22.0,0.03639957817206873
13.0,23.0,0.038933654152449176
13.0,24.0,0.041599307077834616
13.0,25.0,0.04440554309075882
13.0,26.0,0.04736185968828718
13.0,27.0,0.050478249500870244
13.0,28.0,0.053765264676906316
13.0,29.0,0.057234022106855256
13.0,30.0,0.06089627414746465
13.0,31.0,0.06476441585739334
13.0,32.0,0.06885156264498345
13.0,33.0,0.0731715601614648
13.0,34.0,0.07773906954086837
13.0,35.0,0.0825695806916665
13.0,36.0,0.08767950589847563
13.0,37.0,0.09308619736594709
13.0,38.0,0.09880805007290988
13.0,39.0,0.10486452455752757
13.0,40.0,0.11127626006005786
13.0,41.0,0.11806510370089186
13.0,42.0,0.12525423512397646
13.0,43.0,0.13286820341592367
13.0,44.0,0.14093306467578395
13.0,45.0,0.14947642826236285
13.0,46.0,0.15852760897696724
13.0,47.0,0.1681176845181845
13.0,48.0,0.17827966428469436
13.0,49.0,0.18904856027595032
13.0,50.0,0.20046157491795735
13.0,51.0,0.21255818809251256
13.0,52.0,0.22538036688044547
13.0,53.0,0.23897267195461927
13.0,54.0,0.253382492749079
13.0,55.0,0.2686601771421817
13.0,56.0,0.28485929633098894
13.0,57.0,0.3020368026001961
13.0,58.0,0.3202533291541183
13.0,59.0,0.33957338186619
13.0,60.0,0.3600656805551659
13.0,61.0,0.3818033920065788
13.0,62.0,0.404864520752899
13.0,63.0,0.429332192441382
13.0,64.0,0.4552951041918622
13.0,65.0,0.4828478696718169
13.0,66.0,0.5120915416943256
13.0,67.0,0.5431340333047515
13.0,68.0,0.5760907286216227
13.0,69.0,0.6110849980423626
13.0,70.0,0.6482489176532501
13.0,71.0,0.6877239015895054
13.0,72.0,0.729661555950562
13.0,73.0,0.7742244577490388
13.0,74.0,0.8215871765590613
13.0,75.0,0.8719372378076101
13.0,76.0,0.9254763548640047
13.0,77.0,0.9824216252371946
13.0,78.0,1.043007028122995
13.0,79.0,1.1074849160810576
13.0,80.0,1.1761278489702855
13.0,81.0,1.2492304617281282
13.0,82.0,1.327111726028591
13.0,83.0,1.4101172977768532
13.0,84.0,1.4986223235918796
13.0,85.0,1.5930344003299972
13.0,86.0,1.693797075172964
13.0,87.0,1.801393584055425
13.0,88.0,1.9163512312207658
13.0,89.0,2.0392461122970995
13.0,90.0,2.1707085985124492
13.0,91.0,2.31142928777804
13.0,92.0,2.462165851203121
13.0,93.0,2.6237504775676084
13.0,94.0,2.7970983434819896
13.0,95.0,2.9832167904176523
13.0,96.0,3.1832156068631767
13.0,97.0,3.3983180331333713
13.0,98.0,3.6298727946728797
13.0,99.0,3.8793666273472627
13.0,100.0,4.148437378684892
13.0,101.0,4.438886813497828
13.0,102.0,4.7526927352471775
13.0,103.0,5.092018877296651
13.0,104.0,5.459221252639396
13.0,105.0,5.856848163631947
13.0,106.0,6.287630923237587
13.0,107.0,6.754460409049832
13.0,108.0,7.26034399971727
13.0,109.0,7.808335211481201
13.0,110.0,8.40142783988191
13.0,111.0,9.042404940860813
13.0,112.0,9.733634485605798
13.0,113.0,10.476805979489276
13.0,114.0,11.272610370671858
13.0,115.0,12.12037744901336
13.0,116.0,13.017704452191694
13.0,117.0,13.960131969591803
13.0,118.0,14.94094605087441
13.0,119.0,15.951194709925446
13.0,120.0,16.979991681127967
13.0,121.0,18.01512648792931
13.0,122.0,19.043916390847908
13.0,123.0,20.05415088937592
13.0,124.0,21.034943669895846
13.0,125.0,21.977342674092835
13.0,126.0,22.874633854954855
13.0,127.0,23.72235768040926
13.0,128.0,24.518111241434845
13.0,129.0,25.261224155473382
13.0,130.0,25.95238717190119
13.0,131.0,26.59328957028823
13.0,132.0,27.18629906815557
13.0,133.0,27.734198439073314
13.0,134.0,28.23998116644999
13.0,135.0,28.70670042358854
13.0,136.0,29.137363214112746
13.0,137.0,29.534860007230684
13.0,138.0,29.901921672637908
13.0,139.0,30.241096033011694
13.0,140.0,30.554738583468914
13.0,141.0,30.84501249948278
13.0,142.0,31.11389498453338
13.0,143.0,31.363187159216572
13.0,144.0,31.594526180209066
13.0,145.0,31.809398043369942
13.0,146.0,32.00915068221779
13.0,147.0,32.19500649027124
13.0,148.0,32.36807435117372
13.0,149.0,32.529360640053014
13.0,150.0,32.67977950202415
13.0,151.0,32.82016202518989
13.0,152.0,32.9512647065981
13.0,153.0,33.073776892006514
13.0,154.0,33.18832761755386
13.0,155.0,33.29549155533873
13.0,156.0,33.39579449203654
13.0,157.0,33.48971804553017
13.0,158.0,33.577704037972
13.0,159.0,33.66015822664871
13.0,160.0,33.737453796503935
13.0,161.0,33.809934310764575
13.0,162.0,33.87791650856585
13.0,163.0,33.94169264194497
13.0,164.0,34.00153272707168
13.0,165.0,34.0576863995877
13.0,166.0,34.110384736193375
13.0,167.0,34.159841731525624
13.0,168.0,34.20625578098865
13.0,169.0,34.2498108592633
13.0,170.0,34.29067773474266
13.0,171.0,34.329014911575015
13.0,172.0,34.364969629991414
13.0,173.0,34.398678619590505
13.0,174.0,34.430268927328704
13.0,175.0,34.459858518706426
13.0,176.0,34.4875569654407
13.0,177.0,34.51346592258333
13.0,178.0,34.537679700252994
13.0,179.0,34.5602856379155
13.0,180.0,34.58136457848785
13.0,181.0,34.60099115556603
13.0,182.0,34.61923418330748
13.0,183.0,34.636156867930936
13.0,184.0,34.65181712270761
13.0,185.0,34.666267711292654
13.0,186.0,34.67955649366163
13.0,187.0,34.69172650555829
13.0,188.0,34.702816138139525
13.0,189.0,34.712859154929205
13.0,190.0,34.72188480523835
13.0,191.0,34.729917777541836
13.0,192.0,34.736978244579355
13.0,193.0,34.743081750342114
13.0,194.0,34.748239183681044
13.0,195.0,34.752456595968944
13.0,196.0,34.75573510135697
13.0,197.0,34.75807062559756
13.0,198.0,34.759453737596175
13.0,199.0,34.75986934082651
13.0,200.0,34.75929645811443
13.0,201.0,34.757707903283965
13.0,202.0,34.75507007970263
13.0,203.0,34.75134272527986
13.0,204.0,34.746478863380425
13.0,205.0,34.74042482178707
13.0,206.0,34.73312061904369
13.0,207.0,34.72450064652525
13.0,208.0,34.7144950101863
13.0,209.0,34.70303154718454
13.0,210.0,34.690038952934806
13.0,211.0,34.67545109717277
13.0,212.0,34.65921295698872
13.0,213.0,34.64128813904477
13.0,214.0,34.621668112489864
13.0,215.0,34.60038256253158
13.0,216.0,34.577510082655365
13.0,217.0,34.553187425143335
13.0,218.0,34.527615230185624
13.0,219.0,34.50105754256718
13.0,220.0,34.473833202604574
13.0,221.0,34.44629840187935
13.0,222.0,34.41882240661965
13.0,223.0,34.391760556606926
13.0,224.0,34.36542998402007
13.0,225.0,34.34009216631891
13.0,226.0,34.3159443035214
13.0,227.0,34.29311882909109
13.0,228.0,34.27168911612398
13.0,229.0,34.25167871891664
13.0,230.0,34.233072032754286
13.0,231.0,34.21582463507118
13.0,232.0,34.19987247608002
13.0,233.0,34.18513938469231
13.0,234.0,34.17154294894879
13.0,235.0,34.15899881134951
13.0,236.0,34.147423732394714
13.0,237.0,34.13673758134448
13.0,238.0,34.12686460280663
13.0,239.0,34.11773406695697
13.0,240.0,34.10928056816786
13.0,241.0,34.101444005092915
13.0,242.0,34.09416943020765
13.0,243.0,34.08740674763909
13.0,244.0,34.08111039534193
13.0,245.0,34.075238959760604
13.0,246.0,34.06975482762816
13.0,247.0,34.064623808743534
13.0,248.0,34.059814815962255
13.0,249.0,34.05529953150659
13.0,250.0,34.05105213470756
13.0,251.0,34.047049020590805
13.0,252.0,34.04326857712493
13.0,253.0,34.0396909533016
13.0,254.0,34.03629788050018
13.0,255.0,34.033072483140614
13.0,256.0,34.02999913666001
13.0,257.0,34.02706331303676
13.0,258.0,34.02425146794671
13.0,259.0,34.021550914049065
13.0,260.0,34.0189497307761
13.0,261.0,34.01643665930133
13.0,262.0,34.01400102949058
13.0,263.0,34.01163267152798
13.0,264.0,34.00932185555365
13.0,265.0,34.007059215841394
13.0,266.0,34.004835699475485
13.0,267.0,34.002642499706134
13.0,268.0,34.00047101065506
13.0,269.0,33.998312767020174
13.0,270.0,33.996159402255344
13.0,271.0,33.99400259216817
13.0,272.0,33.99183401431064
13.0,273.0,33.989645293228705
13.0,274.0,33.98742795894123
13.0,275.0,33.98517339166908
13.0,276.0,33.98287277727718
13.0,277.0,33.980517049237484
13.0,278.0,33.97809683876335
13.0,279.0,33.97560241154162
13.0,280.0,33.97302360999161
13.0,281.0,33.97034978192525
13.0,282.0,33.96756971190144
13.0,283.0,33.96467153842323
13.0,284.0,33.961642670715634
13.0,285.0,33.958469690331576
13.0,286.0,33.95513824884818
13.0,287.0,33.95163294882965
13.0,288.0,33.9479372169333
13.0,289.0,33.944033158116596
13.0,290.0,33.93990139756382
13.0,291.0,33.93552090098813
13.0,292.0,33.930868777896386
13.0,293.0,33.92592006023797
13.0,294.0,33.92064745944547
13.0,295.0,33.915021096454275
13.0,296.0,33.90900820706293
13.0,297.0,33.902572820478575
13.0,298.0,33.8956754146766
13.0,299.0,33.888272552141665
13.0,300.0,33.88031650470054
13.0,301.0,33.87175488179226
13.0,302.0,33.86253028324656
13.0,303.0,33.85258001126914
13.0,304.0,33.84183588804381
13.0,305.0,33.83022425040997
13.0,306.0,33.817666213888614
13.0,307.0,33.80407833780594
13.0,308.0,33.78937385447619
13.0,309.0,33.77346467503058
13.0,310.0,33.75626441259482
13.0,311.0,33.73769269268904
13.0,312.0,33.71768099016111
13.0,313.0,33.69618014998915
13.0,314.0,33.67316953108198
13.0,315.0,33.648667361919266
13.0,316.0,33.622741349955376
13.0,317.0,33.59551793702017
13.0,318.0,33.56718795131371
13.0,319.0,33.53800613120044
13.0,320.0,33.50828244420018
13.0,321.0,33.478364651534136
13.0,322.0,33.44861396426453
13.0,323.0,33.41937805225621
13.0,324.0,33.390966700066606
13.0,325.0,33.36363437071118
13.0,326.0,33.33757152390133
13.0,327.0,33.31290413826505
13.0,328.0,33.28969936207177
13.0,329.0,33.26797476624223
13.0,330.0,33.2477089519431
13.0,331.0,33.22885190298087
13.0,332.0,33.21133412722141
13.0,333.0,33.19507417323917
13.0,334.0,33.179984464254346
13.0,335.0,33.165975603405435
13.0,336.0,33.152959393259536
13.0,337.0,33.14085083545608
13.0,338.0,33.12956935548072
13.0,339.0,33.11903946044337
13.0,340.0,33.109190997866115
13.0,341.0,33.0999591417302
13.0,342.0,33.091284203903506
13.0,343.0,33.08311133606036
13.0,344.0,33.0753901752174
13.0,345.0,33.068074460323174
13.0,346.0,33.06112164861957
13.0,347.0,33.05449253787188
13.0,348.0,33.048150911830916
13.0,349.0,33.042063203178635
13.0,350.0,33.036198187323365
13.0,351.0,33.030526694419486
13.0,352.0,33.02502135287884
13.0,353.0,33.01965634724364
13.0,354.0,33.014407205592136
13.0,355.0,33.00925059583258
13.0,356.0,33.00416414898848
13.0,357.0,32.99912628560869
13.0,358.0,32.994116066887386
13.0,359.0,32.989113043358266
13.0,360.0,32.98409712655838
13.0,361.0,32.97904845305038
13.0,362.0,32.973947270241645
13.0,363.0,32.9687738096356
13.0,364.0,32.963508181192935
13.0,365.0,32.95813025037509
13.0,366.0,32.9526195359738
13.0,367.0,32.946955085910986
13.0,368.0,32.94111537372583
13.0,369.0,32.935078168211355
13.0,370.0,32.92882042371795
13.0,371.0,32.92231813852122
13.0,372.0,32.915546233758874
13.0,373.0,32.908478394913594
13.0,374.0,32.90108693351566
13.0,375.0,32.893342605248584
13.0,376.0,32.88521444747188
13.0,377.0,32.876669566155215
13.0,378.0,32.867672940731616
13.0,379.0,32.85818717025238
13.0,380.0,32.848172234974626
13.0,381.0,32.8375851896975
13.0,382.0,32.826379868703896
13.0,383.0,32.81450651106975
13.0,384.0,32.80191139200199
13.0,385.0,32.78853636090468
13.0,386.0,32.77431837771237
13.0,387.0,32.759188939634136
13.0,388.0,32.74307349585128
13.0,389.0,32.72589073336875
13.0,390.0,32.70755183788347
13.0,391.0,32.68795960385094
13.0,392.0,32.667007504742095
13.0,393.0,32.6445785893317
13.0,394.0,32.6205443240733
13.0,395.0,32.59476324140116
13.0,396.0,32.56707952741754
13.0,397.0,32.53732140860084
13.0,398.0,32.50529949363373
13.0,399.0,32.47080494244844
13.0,400.0,32.43360765996539
13.0,401.0,32.393454424706796
13.0,402.0,32.350067227191396
13.0,403.0,32.30314181460422
13.0,404.0,32.25234685861797
13.0,405.0,32.19732391156627
13.0,406.0,32.137688812079965
13.0,407.0,32.07303499211294
13.0,408.0,32.0029397144596
13.0,409.0,31.926974082537416
13.0,410.0,31.844718254400263
13.0,411.0,31.755782975253318
13.0,412.0,31.65983886722662
13.0,413.0,31.556654014475104
13.0,414.0,31.44613979477303
13.0,415.0,31.328402640128772
13.0,416.0,31.203797204438104
13.0,417.0,31.072972625055286
13.0,418.0,30.93690091206457
13.0,419.0,30.796874554882404
13.0,420.0,30.654463255873512
13.0,421.0,30.511426744788118
13.0,422.0,30.369593208274573
13.0,423.0,30.230724331598353
13.0,424.0,30.09639373796018
13.0,425.0,29.96789981070078
13.0,426.0,29.846222456439595
13.0,427.0,29.73202072744521
13.0,428.0,29.625661260468302
13.0,429.0,29.527264562553473
13.0,430.0,29.436758248838764
13.0,431.0,29.35392883660616
13.0,432.0,29.278467668392366
13.0,433.0,29.210008540711215
13.0,434.0,29.148157107760476
13.0,435.0,29.092512469032634
13.0,436.0,29.042682521017102
13.0,437.0,28.99829403516942
13.0,438.0,28.958999058543522
13.0,439.0,28.924478304088254
13.0,440.0,28.894442746878763
13.0,441.0,28.86863368107218
13.0,442.0,28.846822108309034
13.0,443.0,28.82880740361494
13.0,444.0,28.814415907400214
13.0,445.0,28.803499199297814
13.0,446.0,28.79593258221518
13.0,447.0,28.791613424866537
13.0,448.0,28.7904598350866
13.0,449.0,28.792409253441495
13.0,450.0,28.79741741899433
13.0,451.0,28.80545726415965
13.0,452.0,28.816518188350344
13.0,453.0,28.830605248036992
13.0,454.0,28.847738719539763
13.0,455.0,28.867953559313626
13.0,456.0,28.891299228522687
13.0,457.0,28.917839396867702
13.0,458.0,28.94765200438429
13.0,459.0,28.9808291878536
13.0,460.0,29.01747756278777
13.0,461.0,29.05771836011296
13.0,462.0,29.10168792060358
13.0,463.0,29.14953803925945
13.0,464.0,29.20143667445984
13.0,465.0,29.257568507752193
13.0,466.0,29.318135880581394
13.0,467.0,29.38335958820502
13.0,468.0,29.45348006835281
13.0,469.0,29.5287584601784
13.0,470.0,29.60947808224018
13.0,471.0,29.69594580152308
13.0,472.0,29.78849385354096
13.0,473.0,29.887481583454804
13.0,474.0,29.99329767992951
13.0,475.0,30.10636237140756
13.0,476.0,30.227130168909174
13.0,477.0,30.35609262703265
13.0,478.0,30.493781720755518
13.0,479.0,30.640773314467047
13.0,480.0,30.797691335902496
13.0,481.0,30.96521213949832
13.0,482.0,31.144069689001302
13.0,483.0,31.33506105583723
13.0,484.0,31.539052882770953
13.0,485.0,31.756988325633838
13.0,486.0,31.989895144985827
13.0,487.0,32.23889448083664
13.0,488.0,32.505211006410335
13.0,489.0,32.79018401680514
13.0,490.0,33.095280171312176
13.0,491.0,33.422107465270045
13.0,492.0,33.77243116357046
13.0,493.0,34.148191276703095
13.0,494.0,34.55152229688068
13.0,495.0,34.98477473796142
13.0,496.0,35.45053911469945
13.0,497.0,35.95167176906268
13.0,498.0,36.491322949337004
13.0,499.0,37.072966202371745
13.0,500.0,37.700428951208906
13.0,501.0,38.37792254727737
13.0,502.0,39.11007054816883
13.0,503.0,39.9019319446031
13.0,504.0,40.759015911308
13.0,505.0,41.687281885261584
13.0,506.0,42.693117695866846
13.0,507.0,43.78328469162302
13.0,508.0,44.96481671125465
13.0,509.0,46.24485529074819
13.0,510.0,47.630401508719835
13.0,511.0,49.12796223011636
13.0,512.0,50.74307120353355
13.0,513.0,52.47967205670034
13.0,514.0,54.339368208742776
13.0,515.0,56.32057340700349
13.0,516.0,58.4176414359701
13.0,517.0,60.62010686477922
13.0,518.0,62.91222123779113
13.0,519.0,65.2729917976596
13.0,520.0,67.67689295405685
13.0,521.0,70.09529564129483
13.0,522.0,72.49846311017431
13.0,523.0,74.85776381163726
13.0,524.0,77.14766717544926
13.0,525.0,79.3471729593877
13.0,526.0,81.44052267832933
13.0,527.0,83.41723831016293
13.0,528.0,85.27165841984069
13.0,529.0,87.00217888041146
13.0,530.0,88.61038248783534
13.0,531.0,90.10018946111659
13.0,532.0,91.4771072318495
13.0,533.0,92.74761339156139
13.0,534.0,93.91867663635873
13.0,535.0,94.99740294942333
13.0,536.0,95.99078726202879
13.0,537.0,96.90554858428602
13.0,538.0,97.74802875809112
13.0,539.0,98.5241374899245
13.0,540.0,99.23933022637233
13.0,541.0,99.89860811787393
13.0,542.0,100.50653247525908
13.0,543.0,101.06724785791255
13.0,544.0,101.58451001361686
13.0,545.0,102.06171576319453
13.0,546.0,102.50193319189246
13.0,547.0,102.9079308399612
13.0,548.0,103.28220534148751
13.0,549.0,103.62700700845538
13.0,550.0,103.94436330876674
13.0,551.0,104.23610011547467
13.0,552.0,104.50386087228931
13.0,553.0,104.74912372097329
13.0,554.0,104.97321678454307
13.0,555.0,105.17733172088715
13.0,556.0,105.3625357224669
13.0,557.0,105.52978210289601
13.0,558.0,105.67991960020818
13.0,559.0,105.81370054807996
13.0,560.0,105.93178798983293
13.0,561.0,106.03476189346256
13.0,562.0,106.1231244864587
13.0,563.0,106.19730487712819
13.0,564.0,106.25766292711343
13.0,565.0,106.30449255333367
13.0,566.0,106.33802437272912
13.0,567.0,106.35842788264799
13.0,568.0,106.36581304147808
13.0,569.0,106.36023145948685
13.0,570.0,106.341677017614
13.0,571.0,106.31008614299274
13.0,572.0,106.26533751326413
13.0,573.0,106.20725143806735
13.0,574.0,106.13558864448653
13.0,575.0,106.05004873432081
13.0,576.0,105.95026799427022
13.0,577.0,105.83581684532709
13.0,578.0,105.70619656554364
13.0,579.0,105.56083558885679
13.0,580.0,105.39908496512416
13.0,581.0,105.2202132974191
13.0,582.0,105.02340068976812
13.0,583.0,104.80773203078286
13.0,584.0,104.57218909072516
13.0,585.0,104.31564176223851
13.0,586.0,104.03683786274253
13.0,587.0,103.73439182904336
13.0,588.0,103.40677165980111
13.0,589.0,103.05228443445401
13.0,590.0,102.6690597032131
13.0,591.0,102.25503107924142
13.0,592.0,101.80791527875834
13.0,593.0,101.32518896361903
13.0,594.0,100.80406262018785
13.0,595.0,100.24145190980677
13.0,596.0,99.63394580270331
13.0,597.0,98.97777214461665
13.0,598.0,98.26876024376985
13.0,599.0,97.5023016256775
13.0,600.0,96.67330922604923
13.0,601.0,95.7761772365875
13.0,602.0,94.80474334452386
13.0,603.0,93.75225771422264
13.0,604.0,92.61136333713439
13.0,605.0,91.37409604961788
13.0,606.0,90.03191397531563
13.0,607.0,88.57577124401742
13.0,608.0,86.9962535920737
13.0,609.0,85.28379952192095
13.0,610.0,83.42903323693952
13.0,611.0,81.42323927741984
13.0,612.0,79.25900496726098
13.0,613.0,76.93104817799394
13.0,614.0,74.43722353289412
13.0,615.0,71.77966199682596
13.0,616.0,68.96593830181281
13.0,617.0,66.01008951407859
13.0,618.0,62.933237152642235
13.0,619.0,59.763535293061636
13.0,620.0,56.53521606658908
13.0,621.0,53.28667227017489
13.0,622.0,50.05777996598344
13.0,623.0,46.88693001113438
13.0,624.0,43.808350647087636
13.0,625.0,40.85019010275213
13.0,626.0,38.03356206314193
13.0,627.0,35.37249375910148
13.0,628.0,32.87454803471009
13.0,629.0,30.541841892718164
13.0,630.0,28.372213847689583
13.0,631.0,26.360363485944482
13.0,632.0,24.498857575221237
13.0,633.0,22.778957789526814
13.0,634.0,21.191263038314908
13.0,635.0,19.72618405274319
13.0,636.0,18.3742761786028
13.0,637.0,17.126460474008507
13.0,638.0,15.974159141806858
13.0,639.0,14.909369172518055
13.0,640.0,13.924691590577861
13.0,641.0,13.013331379763079
13.0,642.0,12.169077606383414
13.0,643.0,11.386272289122328
13.0,644.0,10.659772378152896
13.0,645.0,9.98490946631692
13.0,646.0,9.357448684279735
13.0,647.0,8.773549293656103
13.0,648.0,8.22972693446094
13.0,649.0,7.72281899791178
13.0,650.0,7.249952373649944
13.0,651.0,6.808514568096877
13.0,652.0,6.396127142912882
13.0,653.0,6.0106222797108435
13.0,654.0,5.650021318001463
13.0,655.0,5.3125160146461505
13.0,656.0,4.9964513601122675
13.0,657.0,4.700310698647112
13.0,658.0,4.422702013297633
13.0,659.0,4.162346141991272
13.0,660.0,3.9180658237440897
13.0,661.0,3.688776364039377
13.0,662.0,3.4734768582430906
13.0,663.0,3.27124278182397
13.0,664.0,3.0812189235267553
13.0,665.0,2.9026134845907445
13.0,666.0,2.734692353784165
13.0,667.0,2.576774389973197
13.0,668.0,2.4282267520963194
13.0,669.0,2.288461111685347
13.0,670.0,2.156929814977634
13.0,671.0,2.0331228287108267
13.0,672.0,1.9165645615786566
13.0,673.0,1.8068113906488015
13.0,674.0,1.703449008045262
13.0,675.0,1.6060904093097417
13.0,676.0,1.5143736609829863
13.0,677.0,1.427960258372503
13.0,678.0,1.3465332326157833
13.0,679.0,1.2697958054266734
13.0,680.0,1.1974697718498366
13.0,681.0,1.1292943950438419
13.0,682.0,1.0650250145191449
13.0,683.0,1.0044321359669486
13.0,684.0,0.9473002252662246
13.0,685.0,0.8934269576176117
13.0,686.0,0.8426221657370856
13.0,687.0,0.7947072197393027
13.0,688.0,0.7495141042609269
13.0,689.0,0.7068849061413325
13.0,690.0,0.6666710001588125
13.0,691.0,0.6287326259458358
13.0,692.0,0.592938165896824
13.0,693.0,0.5591637962096342
13.0,694.0,0.5272928435781148
13.0,695.0,0.49721549798395387
13.0,696.0,0.4688282372066698
13.0,697.0,0.44203359116276963
13.0,698.0,0.41673962519216046
13.0,699.0,0.3928597474788641
13.0,700.0,0.3703122436147649
13.0,701.0,0.3490201200331144
13.0,702.0,0.3289106835915223
13.0,703.0,0.3099154150793559
13.0,704.0,0.29196958856620897
13.0,705.0,0.2750121699634984
13.0,706.0,0.2589854717019543
13.0,707.0,0.24383507207991525
13.0,708.0,0.2295095015021429
13.0,709.0,0.2159601789664136
13.0,710.0,0.20314112664609305
13.0,711.0,0.19100892037901906
13.0,712.0,0.17952242983111646
13.0,713.0,0.16864278027791577
13.0,714.0,0.1583331159643253
13.0,715.0,0.14855857082563503
13.0,716.0,0.13928605297376478
13.0,717.0,0.1304842223040268
13.0,718.0,0.12212329430207866
13.0,719.0,0.11417502273515992
13.0,720.0,0.10661252119557606
13.0,721.0,0.0994102492886045
13.0,722.0,0.09254385051476378
13.0,723.0,0.08599014054749209
13.0,724.0,0.0797269602134093
13.0,725.0,0.07373316460632036
13.0,726.0,0.06798849005671205
13.0,727.0,0.0624735429587252
13.0,728.0,0.05716967973089325
13.0,729.0,0.052058994342757396
13.0,730.0,0.047124210361279575
13.0,731.0,0.04234866625639343
13.0,732.0,0.03771621870395553
13.0,733.0,0.033211224826861056
13.0,734.0,0.0288184559877057
13.0,735.0,0.02452307618585022
13.0,736.0,0.020310565622632136
13.0,737.0,0.016166694526283932
13.0,738.0,0.012077455810713518
13.0,739.0,0.008029033640514651
13.0,740.0,0.004007744531904126
13.0,741.0,0.0
14.0,0.0,0.0
14.0,1.0,0.0013770374460623162
14.0,2.0,0.0027587289341458464
14.0,3.0,0.0041497448320693695
14.0,4.0,0.005554785661025996
14.0,5.0,0.006978601134195581
14.0,6.0,0.008426001702098881
14.0,7.0,0.009901880520379493
14.0,8.0,0.011411222933524647
14.0,9.0,0.012959131593137085
14.0,10.0,0.014550834108474886
14.0,11.0,0.01619171154480914
14.0,12.0,0.01788730448052146
14.0,13.0,0.019643345126901347
14.0,14.0,0.02146576204647153
14.0,15.0,0.023360716151067648
14.0,16.0,0.02533460435493942
14.0,17.0,0.027394099727507264
14.0,18.0,0.029546154378003488
14.0,19.0,0.03179804406334658
14.0,20.0,0.03415737062913805
14.0,21.0,0.03663211140218187
14.0,22.0,0.03923062154616289
14.0,23.0,0.04196168860315092
14.0,24.0,0.044834535162030856
14.0,25.0,0.047858878954722406
14.0,26.0,0.05104493628237123
14.0,27.0,0.054403488121047214
14.0,28.0,0.05794588480603157
14.0,29.0,0.061684118659747184
14.0,30.0,0.06563083049966671
14.0,31.0,0.06979938936981846
14.0,32.0,0.07420390151473251
14.0,33.0,0.0788592978771008
14.0,34.0,0.08378134627106466
14.0,35.0,0.08898674740504649
14.0,36.0,0.09449315109543245
14.0,37.0,0.10031926168844624
14.0,38.0,0.10648485928350018
14.0,39.0,0.11301091556529261
14.0,40.0,0.11991962115933577
14.0,41.0,0.1272345130503385
14.0,42.0,0.1349805093764249
14.0,43.0,0.1431840498087971
14.0,44.0,0.15187313931324567
14.0,45.0,0.16107750310732494
14.0,46.0,0.17082864118724508
14.0,47.0,0.18115999977287203
14.0,48.0,0.19210703872690035
14.0,49.0,0.2037074217584079
14.0,50.0,0.21600109926462527
14.0,51.0,0.22903052000786525
14.0,52.0,0.2428407324078865
14.0,53.0,0.2574796209570993
14.0,54.0,0.2729980296088054
14.0,55.0,0.28945002688045074
14.0,56.0,0.30689305575263714
14.0,57.0,0.3253882322670669
14.0,58.0,0.3450005273154932
14.0,59.0,0.36579910461605203
14.0,60.0,0.38785754098504877
14.0,61.0,0.4112542109349762
14.0,62.0,0.4360725535562028
14.0,63.0,0.46240151270290536
14.0,64.0,0.4903358605581872
14.0,65.0,0.5199767045648633
14.0,66.0,0.5514318802249674
14.0,67.0,0.5848165387255224
14.0,68.0,0.6202536246844982
14.0,69.0,0.6578745619902564
14.0,70.0,0.6978198362460349
14.0,71.0,0.7402398009056426
14.0,72.0,0.7852953893344599
14.0,73.0,0.8331590691593169
14.0,74.0,0.8840157154628513
14.0,75.0,0.9380637487113729
14.0,76.0,0.9955162090021024
14.0,77.0,1.0566021223900803
14.0,78.0,1.1215678267404345
14.0,79.0,1.1906786231865394
14.0,80.0,1.2642204174460328
14.0,81.0,1.342501727929398
14.0,82.0,1.4258557227226176
14.0,83.0,1.5146426737797605
14.0,84.0,1.6092524892177902
14.0,85.0,1.7101077238250015
14.0,86.0,1.8176667281440138
14.0,87.0,1.9324273478022498
14.0,88.0,2.05493083264861
14.0,89.0,2.1857663772595677
14.0,90.0,2.325575949136402
14.0,91.0,2.4750598311793195
14.0,92.0,2.6349825244930436
14.0,93.0,2.806179431695664
14.0,94.0,2.989563940249471
14.0,95.0,3.1861352952266535
14.0,96.0,3.396986820407211
14.0,97.0,3.6233147976318447
14.0,98.0,3.8664274356336543
14.0,99.0,4.127754066021436
14.0,100.0,4.408853745078216
14.0,101.0,4.711423059569505
14.0,102.0,5.037301844515762
14.0,103.0,5.388475992020886
14.0,104.0,5.767075242557872
14.0,105.0,6.175364107783432
14.0,106.0,6.615722544647398
14.0,107.0,7.090613050104758
14.0,108.0,7.602529184104961
14.0,109.0,8.153920660174022
14.0,110.0,8.747088934413606
14.0,111.0,9.38404845358125
14.0,112.0,10.06634955264141
14.0,113.0,10.79486353276603
14.0,114.0,11.569536008920762
14.0,115.0,12.389125048342441
14.0,116.0,13.250952106493955
14.0,117.0,14.150707789854618
14.0,118.0,15.082363435386153
14.0,119.0,16.03824056043915
14.0,120.0,17.009273340032077
14.0,121.0,17.985465010791
14.0,122.0,18.956490173266115
14.0,123.0,19.912352038281835
14.0,124.0,20.843984729170465
14.0,125.0,21.743709685517924
14.0,126.0,22.605498140192537
14.0,127.0,23.42504056886104
14.0,128.0,24.199658269031907
14.0,129.0,24.928109122254128
14.0,130.0,25.610338529468113
14.0,131.0,26.247217548683203
14.0,132.0,26.840296241766165
14.0,133.0,27.39158875142334
14.0,134.0,27.903396197743643
14.0,135.0,28.378167925028816
14.0,136.0,28.81839708955316
14.0,137.0,29.226545748647478
14.0,138.0,29.604993382191896
14.0,139.0,29.95600398556078
14.0,140.0,30.2817067419471
14.0,141.0,30.584086943115572
14.0,142.0,30.864983778576832
14.0,143.0,31.126093142028978
14.0,144.0,31.36897334664693
14.0,145.0,31.59505292814022
14.0,146.0,31.805639243642908
14.0,147.0,32.00192766453667
14.0,148.0,32.185010541884004
14.0,149.0,32.355886082154775
14.0,150.0,32.515466564358995
14.0,151.0,32.66458620865122
14.0,152.0,32.80400825503756
14.0,153.0,32.934431641903956
14.0,154.0,33.056496903428766
14.0,155.0,33.170791706553416
14.0,156.0,33.27785567288401
14.0,157.0,33.37818491284327
14.0,158.0,33.47223592744703
14.0,159.0,33.560429300271686
14.0,160.0,33.643152837914975
14.0,161.0,33.72076457193576
14.0,162.0,33.79359528102229
14.0,163.0,33.86195093516502
14.0,164.0,33.92611472070955
14.0,165.0,33.986349036686576
14.0,166.0,34.042897122024385
14.0,167.0,34.095984693082514
14.0,168.0,34.14582125276473
14.0,169.0,34.19260144028686
14.0,170.0,34.236506085470815
14.0,171.0,34.27770332685993
14.0,172.0,34.31634946101954
14.0,173.0,34.35258987303572
14.0,174.0,34.38655971982538
14.0,175.0,34.418384707385066
14.0,176.0,34.448181638469784
14.0,177.0,34.47605906324248
14.0,178.0,34.502117714777164
14.0,179.0,34.52645105358454
14.0,180.0,34.54914560884753
14.0,181.0,34.570281432312704
14.0,182.0,34.58993235865811
14.0,183.0,34.60816638015972
14.0,184.0,34.62504583587402
14.0,185.0,34.64062771510151
14.0,186.0,34.654963781963744
14.0,187.0,34.66810081285929
14.0,188.0,34.68008066044453
14.0,189.0,34.6909404279875
14.0,190.0,34.70071247477652
14.0,191.0,34.70942452867678
14.0,192.0,34.717099633874305
14.0,193.0,34.72375620248973
14.0,194.0,34.729407906017315
14.0,195.0,34.734063668571665
14.0,196.0,34.737727506858064
14.0,197.0,34.740398473557185
14.0,198.0,34.742070459966
14.0,199.0,34.742732111963136
14.0,200.0,34.74236662966691
14.0,201.0,34.74095170703243
14.0,202.0,34.73845940253128
14.0,203.0,34.73485620735618
14.0,204.0,34.730103132952244
14.0,205.0,34.72415610628808
14.0,206.0,34.71696653831748
14.0,207.0,34.708482388906944
14.0,208.0,34.69864964703197
14.0,209.0,34.68741458586333
14.0,210.0,34.674726749570695
14.0,211.0,34.66054302354214
14.0,212.0,34.64483269321401
14.0,213.0,34.62758368252219
14.0,214.0,34.60880959579037
14.0,215.0,34.58855729001925
14.0,216.0,34.566913982272894
14.0,217.0,34.54401288321964
14.0,218.0,34.52003571188085
14.0,219.0,34.49521078921164
14.0,220.0,34.46980552487647
14.0,221.0,34.44411344946814
14.0,222.0,34.41843699010725
14.0,223.0,34.393068759222935
14.0,224.0,34.368274328636765
14.0,225.0,34.344279252015156
14.0,226.0,34.32126154704577
14.0,227.0,34.29934976938506
14.0,228.0,34.278625519565175
14.0,229.0,34.25912904683271
14.0,230.0,34.24086634518126
14.0,231.0,34.22381668555919
14.0,232.0,34.20793964250584
14.0,233.0,34.19318128171609
14.0,234.0,34.17947919920654
14.0,235.0,34.16676652928974
14.0,236.0,34.15497490664904
14.0,237.0,34.144036647124686
14.0,238.0,34.1338861973053
14.0,239.0,34.12446111224102
14.0,240.0,34.115702586432676
14.0,241.0,34.10755574792669
14.0,242.0,34.09996970030503
14.0,243.0,34.092897474482804
14.0,244.0,34.08629584433018
14.0,245.0,34.08012513309999
14.0,246.0,34.07434894677072
14.0,247.0,34.068933938232895
14.0,248.0,34.06384953026431
14.0,249.0,34.059067686297404
14.0,250.0,34.05456265485227
14.0,251.0,34.0503107666317
14.0,252.0,34.046290211507454
14.0,253.0,34.04248086717724
14.0,254.0,34.03886410985148
14.0,255.0,34.035422673065234
14.0,256.0,34.03214048893544
14.0,257.0,34.02900257311109
14.0,258.0,34.02599489201903
14.0,259.0,34.02310426927197
14.0,260.0,34.02031827418177
14.0,261.0,34.017625145141764
14.0,262.0,34.01501369508717
14.0,263.0,34.01247324788096
14.0,264.0,34.009993556963614
14.0,265.0,34.007564751340944
14.0,266.0,34.00517726421444
14.0,267.0,34.00282178567982
14.0,268.0,34.00048919859071
14.0,269.0,33.99817053548289
14.0,270.0,33.99585691927267
14.0,271.0,33.993539522210135
14.0,272.0,33.991209509243475
14.0,273.0,33.98885799697515
14.0,274.0,33.98647599763602
14.0,275.0,33.984054376072876
14.0,276.0,33.981583792274165
14.0,277.0,33.97905465435712
14.0,278.0,33.97645705746942
14.0,279.0,33.97378073056815
14.0,280.0,33.971014969287545
14.0,281.0,33.968148574007294
14.0,282.0,33.96516977392322
14.0,283.0,33.96206615349061
14.0,284.0,33.958824564467804
14.0,285.0,33.95543103730363
14.0,286.0,33.9518706773695
14.0,287.0,33.94812755728426
14.0,288.0,33.94418459298186
14.0,289.0,33.94002341244732
14.0,290.0,33.9356242068596
14.0,291.0,33.930965571008244
14.0,292.0,33.926024324883244
14.0,293.0,33.92077532169731
14.0,294.0,33.915191236738465
14.0,295.0,33.90924234152423
14.0,296.0,33.90289626100085
14.0,297.0,33.896117718987604
14.0,298.0,33.8888682747447
14.0,299.0,33.881106059368044
14.0,300.0,33.8727855234668
14.0,301.0,33.863857213232905
14.0,302.0,33.85426760104255
14.0,303.0,33.843959004218576
14.0,304.0,33.83286964253372
14.0,305.0,33.82093389646861
14.0,306.0,33.808082854120684
14.0,307.0,33.794245250138395
14.0,308.0,33.77934893149349
14.0,309.0,33.76332299638819
14.0,310.0,33.74610077260579
14.0,311.0,33.72762378032845
14.0,312.0,33.70784678748455
14.0,313.0,33.68674394867921
14.0,314.0,33.664315847701374
14.0,315.0,33.64059697739422
14.0,316.0,33.61566285100254
14.0,317.0,33.58963554971603
14.0,318.0,33.562686244055094
14.0,319.0,33.53503320727697
14.0,320.0,33.50693431087605
14.0,321.0,33.478673981923
14.0,322.0,33.45054598895381
14.0,323.0,33.42283466069595
14.0,324.0,33.395797671539086
14.0,325.0,33.36965299833795
14.0,326.0,33.344571414651284
14.0,327.0,33.32067450306633
14.0,328.0,33.29803717446043
14.0,329.0,33.27669321389876
14.0,330.0,33.25664238896178
14.0,331.0,33.23785792737715
14.0,332.0,33.220293555564105
14.0,333.0,33.20388963469283
14.0,334.0,33.18857821106364
14.0,335.0,33.174286975369206
14.0,336.0,33.16094223499224
14.0,337.0,33.14847104860665
14.0,338.0,33.13680268471444
14.0,339.0,33.12586955544133
14.0,340.0,33.115607754908744
14.0,341.0,33.105957311419765
14.0,342.0,33.09686223498046
14.0,343.0,33.08827042893326
14.0,344.0,33.080133508959726
14.0,345.0,33.0724065708135
14.0,346.0,33.06504792457704
14.0,347.0,33.05801882132842
14.0,348.0,33.05128317422166
14.0,349.0,33.04480729258697
14.0,350.0,33.03855962128258
14.0,351.0,33.032510501614944
14.0,352.0,33.02663193963208
14.0,353.0,33.020897398686195
14.0,354.0,33.01528159732851
14.0,355.0,33.009760331627895
14.0,356.0,33.004310298969564
14.0,357.0,32.99890894554572
14.0,358.0,32.993534310805394
14.0,359.0,32.98816489475589
14.0,360.0,32.9827795175397
14.0,361.0,32.97735720123613
14.0,362.0,32.97187703927264
14.0,363.0,32.96631808774079
14.0,364.0,32.96065923969526
14.0,365.0,32.95487912132565
14.0,366.0,32.94895596646807
14.0,367.0,32.94286751317384
14.0,368.0,32.936590873864446
14.0,369.0,32.93010242784487
14.0,370.0,32.92337768242522
14.0,371.0,32.916391156701884
14.0,372.0,32.909116228614316
14.0,373.0,32.90152500482935
14.0,374.0,32.893588148066414
14.0,375.0,32.88527472713262
14.0,376.0,32.87655201789373
14.0,377.0,32.86738532637558
14.0,378.0,32.85773775543294
14.0,379.0,32.84756999230473
14.0,380.0,32.836840031285384
14.0,381.0,32.82550291514696
14.0,382.0,32.81351040190522
14.0,383.0,32.80081064707219
14.0,384.0,32.787347799930124
14.0,385.0,32.77306161069601
14.0,386.0,32.75788693867758
14.0,387.0,32.74175326532151
14.0,388.0,32.724584093579345
14.0,389.0,32.706296345035994
14.0,390.0,32.686799627620076
14.0,391.0,32.665995493855036
14.0,392.0,32.643776554591035
14.0,393.0,32.62002557859732
14.0,394.0,32.594614437126076
14.0,395.0,32.56740303799625
14.0,396.0,32.5382381070789
14.0,397.0,32.50695198312925
14.0,398.0,32.473361291931326
14.0,399.0,32.437265700610894
14.0,400.0,32.39844664374735
14.0,401.0,32.35666628119807
14.0,402.0,32.311666635840965
14.0,403.0,32.263169270403345
14.0,404.0,32.21087555731821
14.0,405.0,32.15446805897592
14.0,406.0,32.093613242822
14.0,407.0,32.02796627135252
14.0,408.0,31.957178310375316
14.0,409.0,31.88090732567271
14.0,410.0,31.798832953671127
14.0,411.0,31.710676424930718
14.0,412.0,31.616225820033023
14.0,413.0,31.515366881421063
14.0,414.0,31.40811820609546
14.0,415.0,31.294668770506384
14.0,416.0,31.17541346930642
14.0,417.0,31.05098098758845
14.0,418.0,30.92224639261523
14.0,419.0,30.790321345056988
14.0,420.0,30.656516565106056
14.0,421.0,30.522276773859296
14.0,422.0,30.38909461633093
14.0,423.0,30.258416921149756
14.0,424.0,30.131558627711094
14.0,425.0,30.009637748661813
14.0,426.0,29.893537848555336
14.0,427.0,29.783898297519624
14.0,428.0,29.681126884300205
14.0,429.0,29.585427752712768
14.0,430.0,29.496836971112007
14.0,431.0,29.41526014398249
14.0,432.0,29.340507645655837
14.0,433.0,29.27232554229601
14.0,434.0,29.210420900311206
14.0,435.0,29.154481844685673
14.0,436.0,29.10419249520141
14.0,437.0,29.059243924214584
14.0,438.0,29.01934154538823
14.0,439.0,28.98421009301788
14.0,440.0,28.95359643483069
14.0,441.0,28.927271172158278
14.0,442.0,28.905029027520953
14.0,443.0,28.88668877484761
14.0,444.0,28.87209251834028
14.0,445.0,28.8611049406391
14.0,446.0,28.85361219749596
14.0,447.0,28.849521003578975
14.0,448.0,28.848757507479277
14.0,449.0,28.851266464261954
14.0,450.0,28.85701025596277
14.0,451.0,28.865968255765193
14.0,452.0,28.878136056781468
14.0,453.0,28.893525061578895
14.0,454.0,28.912161933879815
14.0,455.0,28.934088415689867
14.0,456.0,28.959360997119486
14.0,457.0,28.988050952477206
14.0,458.0,29.020244218587965
14.0,459.0,29.056041640600142
14.0,460.0,29.09555905152865
14.0,461.0,29.138927722909184
14.0,462.0,29.18629464414003
14.0,463.0,29.237823179982435
14.0,464.0,29.293693555950227
14.0,465.0,29.35410373296292
14.0,466.0,29.41927011395666
14.0,467.0,29.489428655504565
14.0,468.0,29.564835821006973
14.0,469.0,29.64576996000529
14.0,470.0,29.732532545109834
14.0,471.0,29.825449862530018
14.0,472.0,29.924874583901385
14.0,473.0,30.031187826918803
14.0,474.0,30.144801130202048
14.0,475.0,30.266158961704683
14.0,476.0,30.395741185641633
14.0,477.0,30.53406611955683
14.0,478.0,30.681693608186134
14.0,479.0,30.83922875879533
14.0,480.0,31.0073257687606
14.0,481.0,31.18669250407203
14.0,482.0,31.378095266277096
14.0,483.0,31.5823644215125
14.0,484.0,31.80040033845169
14.0,485.0,32.033180324340016
14.0,486.0,32.28176601707799
14.0,487.0,32.54731193721797
14.0,488.0,32.83107466863178
14.0,489.0,33.13442338215594
14.0,490.0,33.458851176378566
14.0,491.0,33.80598794856691
14.0,492.0,34.17761425916268
14.0,493.0,34.57567687439053
14.0,494.0,35.00230540189315
14.0,495.0,35.45983061808914
14.0,496.0,35.95080377414454
14.0,497.0,36.4780172788694
14.0,498.0,37.04452576067145
14.0,499.0,37.65366748879895
14.0,500.0,38.30908457901892
14.0,501.0,39.01474115371586
14.0,502.0,39.77493679384849
14.0,503.0,40.59431298700446
14.0,504.0,41.47784801139102
14.0,505.0,42.430835531154955
14.0,506.0,43.4588393794538
14.0,507.0,44.567616321756454
14.0,508.0,45.76299551511703
14.0,509.0,47.05070285492442
14.0,510.0,48.436116418561376
14.0,511.0,49.92394123069005
14.0,512.0,51.51779440183571
14.0,513.0,53.21970142968523
14.0,514.0,55.02951839203221
14.0,515.0,56.94431826628376
14.0,516.0,58.95780747161874
14.0,517.0,61.05987061251548
14.0,518.0,63.23636338427966
14.0,519.0,65.46927508676347
14.0,520.0,67.73734363107322
14.0,521.0,70.01712461919442
14.0,522.0,72.28440250899983
14.0,523.0,74.51573022566059
14.0,524.0,76.68984032216862
14.0,525.0,78.78871403062183
14.0,526.0,80.79819625532147
14.0,527.0,82.70815802952045
14.0,528.0,84.51228939775201
14.0,529.0,86.20764407316635
14.0,530.0,87.79405594611457
14.0,531.0,89.27352528734032
14.0,532.0,90.64964089584859
14.0,533.0,91.92707625252308
14.0,534.0,93.11117460063485
14.0,535.0,94.20762353046764
14.0,536.0,95.22221034999714
14.0,537.0,96.16064621597216
14.0,538.0,97.0284455029377
14.0,539.0,97.83084831335523
14.0,540.0,98.57277515025935
14.0,541.0,99.25880521883224
14.0,542.0,99.89317117631191
14.0,543.0,100.47976524203787
14.0,544.0,101.02215248743545
14.0,545.0,101.52358860937646
14.0,546.0,101.98703994091836
14.0,547.0,102.4152044316955
14.0,548.0,102.81053247586166
14.0,549.0,103.17524709352337
14.0,550.0,103.51136295627603
14.0,551.0,103.82070414462693
14.0,552.0,104.10492044789328
14.0,553.0,104.36550225886825
14.0,554.0,104.60379403651895
14.0,555.0,104.82100643935081
14.0,556.0,105.01822718524417
14.0,557.0,105.19643073371113
14.0,558.0,105.35648689045125
14.0,559.0,105.49916839668178
14.0,560.0,105.62515763027682
14.0,561.0,105.73505243631028
14.0,562.0,105.82937123493627
14.0,563.0,105.90855737537207
14.0,564.0,105.97298290350523
14.0,565.0,106.022951662476
14.0,566.0,106.05870191405927
14.0,567.0,106.08040835150265
14.0,568.0,106.08818371324027
14.0,569.0,106.08207982045926
14.0,570.0,106.06208827070708
14.0,571.0,106.0281405636758
14.0,572.0,105.98010791484826
14.0,573.0,105.9178004867456
14.0,574.0,105.84096631710307
14.0,575.0,105.74928962727131
14.0,576.0,105.64238881331192
14.0,577.0,105.51981375607883
14.0,578.0,105.38104277474159
14.0,579.0,105.22547881196908
14.0,580.0,105.05244519546004
14.0,581.0,104.86118051448852
14.0,582.0,104.65083297418258
14.0,583.0,104.4204537150306
14.0,584.0,104.16898947613271
14.0,585.0,103.89527403735963
14.0,586.0,103.59801883338096
14.0,587.0,103.27580212303344
14.0,588.0,102.92705712288294
14.0,589.0,102.55005844194757
14.0,590.0,102.142907250477
14.0,591.0,101.70351448847045
14.0,592.0,101.22958259337939
14.0,593.0,100.71858505724808
14.0,594.0,100.16774439076299
14.0,595.0,99.57400788546396
14.0,596.0,98.93402195701908
14.0,597.0,98.24410469489666
14.0,598.0,97.50021781772729
14.0,599.0,96.69793818524239
14.0,600.0,95.83243087514658
14.0,601.0,94.89842502689862
14.0,602.0,93.89019595556138
14.0,603.0,92.80155666758301
14.0,604.0,91.6258648634986
14.0,605.0,90.35605178075888
14.0,606.0,88.98468297380842
14.0,607.0,87.50406201947195
14.0,608.0,85.9063923269199
14.0,609.0,84.18401283303355
14.0,610.0,82.32972616238264
14.0,611.0,80.33723494982856
14.0,612.0,78.20169844754658
14.0,613.0,75.92040822073399
14.0,614.0,73.49356333029893
14.0,615.0,70.92509353598923
14.0,616.0,68.22344205014838
14.0,617.0,65.40217619204347
14.0,618.0,62.48026525503672
14.0,619.0,59.48186241608384
14.0,620.0,56.43547977540459
14.0,621.0,53.37255411202576
14.0,622.0,50.325553897111114
14.0,623.0,47.325913818834294
14.0,624.0,44.40214179203929
14.0,625.0,41.578384691978215
14.0,626.0,38.87360338285279
14.0,627.0,36.301354583476645
14.0,628.0,33.87006871549308
14.0,629.0,31.583660491378897
14.0,630.0,29.442311640803794
14.0,631.0,27.443294024246388
14.0,632.0,25.58174477895701
14.0,633.0,23.85134190100156
14.0,634.0,22.24486080505113
14.0,635.0,20.754610507918336
14.0,636.0,19.372761729297117
14.0,637.0,18.091582421084475
14.0,638.0,16.903599504243076
14.0,639.0,15.801702379224368
14.0,640.0,14.779203616806006
14.0,641.0,13.829867574666975
14.0,642.0,12.947917291958571
14.0,643.0,12.12802574466878
14.0,644.0,11.365297829136974
14.0,645.0,10.65524590778539
14.0,646.0,9.993762729466857
14.0,647.0,9.377092601535807
14.0,648.0,8.801803157706924
14.0,649.0,8.264757520987564
14.0,650.0,7.763088422705705
14.0,651.0,7.2941735249938855
14.0,652.0,6.855613116889674
14.0,653.0,6.445209171339628
14.0,654.0,6.060946752821029
14.0,655.0,5.700976656271414
14.0,656.0,5.363600193399945
14.0,657.0,5.047254977306665
14.0,658.0,4.750502598654989
14.0,659.0,4.472017050821432
14.0,660.0,4.210574796217097
14.0,661.0,3.9650453533180476
14.0,662.0,3.73438330288591
14.0,663.0,3.51762062059508
14.0,664.0,3.3138602413744915
14.0,665.0,3.1222697913425597
14.0,666.0,2.9420763970943438
14.0,667.0,2.7725615360115965
14.0,668.0,2.61305683841812
14.0,669.0,2.4629398316260245
14.0,670.0,2.321630534243621
14.0,671.0,2.1885879157843418
14.0,672.0,2.0633071242271908
14.0,673.0,1.9453165204425118
14.0,674.0,1.83417541351766
14.0,675.0,1.729471558969817
14.0,676.0,1.6308193027545448
14.0,677.0,1.5378574556308664
14.0,678.0,1.4502477675067764
14.0,679.0,1.3676731086556733
14.0,680.0,1.289836212286381
14.0,681.0,1.2164581076481862
14.0,682.0,1.1472770814083808
14.0,683.0,1.0820473188935043
14.0,684.0,1.0205380447910029
14.0,685.0,0.9625323375480891
14.0,686.0,0.9078264176994295
14.0,687.0,0.856228607325576
14.0,688.0,0.8075587404255044
14.0,689.0,0.7616472447472072
14.0,690.0,0.7183346534453424
14.0,691.0,0.6774707908655417
14.0,692.0,0.6389143685420609
14.0,693.0,0.6025322598984969
14.0,694.0,0.5681991666711856
14.0,695.0,0.5357969701783593
14.0,696.0,0.5052144566743352
14.0,697.0,0.4763467349880416
14.0,698.0,0.4490950112537853
14.0,699.0,0.423366064445504
14.0,700.0,0.39907206249491023
14.0,701.0,0.3761300886402754
14.0,702.0,0.354461992211644
14.0,703.0,0.3339939598425507
14.0,704.0,0.3146563952365447
14.0,705.0,0.2963835302114528
14.0,706.0,0.27911332860967547
14.0,707.0,0.2627871328998478
14.0,708.0,0.24734958809271165
14.0,709.0,0.23274832024739708
14.0,710.0,0.21893387683441717
14.0,711.0,0.20585943400922616
14.0,712.0,0.193480750346991
14.0,713.0,0.18175590017494878
14.0,714.0,0.17064523800815792
14.0,715.0,0.16011115559053246
14.0,716.0,0.1501180547010497
14.0,717.0,0.1406321258538855
14.0,718.0,0.13162132743187388
14.0,719.0,0.12305518424899456
14.0,720.0,0.11490477121125503
14.0,721.0,0.10714253015792394
14.0,722.0,0.09974225645663835
14.0,723.0,0.09267893271965899
14.0,724.0,0.08592871691566561
14.0,725.0,0.0794687917090849
14.0,726.0,0.07327735282036546
14.0,727.0,0.0673334728642369
14.0,728.0,0.06161708881699388
14.0,729.0,0.05610887933671634
14.0,730.0,0.050790250303258525
14.0,731.0,0.045643224692675365
14.0,732.0,0.04065042524564127
14.0,733.0,0.03579497604173775
14.0,734.0,0.031060481426874422
14.0,735.0,0.026430938492411144
14.0,736.0,0.02189071145338456
14.0,737.0,0.017424454284015324
14.0,738.0,0.013017079787386743
14.0,739.0,0.008653691673768128
14.0,740.0,0.004319547599795061
14.0,741.0,0.0
15.0,0.0,0.0
15.0,1.0,0.0014754078840906865
15.0,2.0,0.002955802290798174
15.0,3.0,0.004446185860754306
15.0,4.0,0.005951596262160055
15.0,5.0,0.0074771197470057775
15.0,6.0,0.009027913082089271
15.0,7.0,0.010609214776362686
15.0,8.0,0.01222637026688711
15.0,9.0,0.013884841056817962
15.0,10.0,0.015590233396757051
15.0,11.0,0.017348305583013167
15.0,12.0,0.019165000385383456
15.0,13.0,0.021046450769176384
15.0,14.0,0.022999016334822524
15.0,15.0,0.02502928774499053
15.0,16.0,0.02714412745988891
15.0,17.0,0.02935067317299554
15.0,18.0,0.03165638314885476
15.0,19.0,0.034069038997929256
15.0,20.0,0.03659679595161631
15.0,21.0,0.03924818533908577
15.0,22.0,0.04203217016775765
15.0,23.0,0.04495814770341749
15.0,24.0,0.048036010764290364
15.0,25.0,0.05127615085109859
15.0,26.0,0.054689525610095054
15.0,27.0,0.05828766301312689
15.0,28.0,0.062082735500743016
15.0,29.0,0.06608756577508247
15.0,30.0,0.0703157081999194
15.0,31.0,0.0747814568429532
15.0,32.0,0.07949993478722475
15.0,33.0,0.08448710514618771
15.0,34.0,0.08975986903259356
15.0,35.0,0.09533608037210956
15.0,36.0,0.10123465338435443
15.0,37.0,0.10747558214196794
15.0,38.0,0.11408005854752779
15.0,39.0,0.12107049772883452
15.0,40.0,0.12847066764939755
15.0,41.0,0.1363057216022679
15.0,42.0,0.14460234077624454
15.0,43.0,0.15338877531615766
15.0,44.0,0.1626950013889911
15.0,45.0,0.1725527725260479
15.0,46.0,0.18299579300177687
15.0,47.0,0.1940597814728438
15.0,48.0,0.20578266280897775
15.0,49.0,0.21820464640847395
15.0,50.0,0.2313684390193503
15.0,51.0,0.24531934055659937
15.0,52.0,0.26010548094187874
15.0,53.0,0.27577793679582696
15.0,54.0,0.2923909959290513
15.0,55.0,0.3100022989597611
15.0,56.0,0.32867313583820573
15.0,57.0,0.3484686172799431
15.0,58.0,0.3694580086387811
15.0,59.0,0.39171493709288685
15.0,60.0,0.4153177693470822
15.0,61.0,0.44034986181847574
15.0,62.0,0.466899990110603
15.0,63.0,0.4950626510882754
15.0,64.0,0.5249385539034522
15.0,65.0,0.5566349849153908
15.0,66.0,0.5902663723620994
15.0,67.0,0.6259547276844818
15.0,68.0,0.6638302988537168
15.0,69.0,0.704032104936947
15.0,70.0,0.7467086967649537
15.0,71.0,0.7920188057025608
15.0,72.0,0.8401322349587254
15.0,73.0,0.8912306486985799
15.0,74.0,0.9455086230745773
15.0,75.0,1.0031746082646573
15.0,76.0,1.0644521754696683
15.0,77.0,1.1295811924123307
15.0,78.0,1.1988193113169232
15.0,79.0,1.2724434080378753
15.0,80.0,1.3507513665351611
15.0,81.0,1.434063843145932
15.0,82.0,1.522726415171298
15.0,83.0,1.617111744516027
15.0,84.0,1.7176221710433865
15.0,85.0,1.8246923627585436
15.0,86.0,1.9387924467870123
15.0,87.0,2.060431243773307
15.0,88.0,2.1901600367364153
15.0,89.0,2.328576489696891
15.0,90.0,2.4763291491815145
15.0,91.0,2.634122129972115
15.0,92.0,2.8027204100087815
15.0,93.0,2.9829553080769147
15.0,94.0,3.1757305410478263
15.0,95.0,3.3820283798356123
15.0,96.0,3.602916235577964
15.0,97.0,3.8395530915074585
15.0,98.0,4.093195980522972
15.0,99.0,4.365205734009753
15.0,100.0,4.657051958187083
15.0,101.0,4.970316131961104
15.0,102.0,5.3066923626599625
15.0,103.0,5.667984151641746
15.0,104.0,6.0560960448447
15.0,105.0,6.473017722297038
15.0,106.0,6.920798501028116
15.0,107.0,7.40150884637233
15.0,108.0,7.917185981816819
15.0,109.0,8.46975958311451
15.0,110.0,9.060954663181194
15.0,111.0,9.69216875713673
15.0,112.0,10.364323400941458
15.0,113.0,11.07769238932293
15.0,114.0,11.831715328711786
15.0,115.0,12.62481084602657
15.0,116.0,13.45421245393905
15.0,117.0,14.31585617052305
15.0,118.0,15.204353484847596
15.0,119.0,16.11307902657577
15.0,120.0,17.034390199284775
15.0,121.0,17.959972265953763
15.0,122.0,18.8812752786102
15.0,123.0,19.789984472615362
15.0,124.0,20.678457196207287
15.0,125.0,21.540067995811533
15.0,126.0,22.36942824904987
15.0,127.0,23.162473833981345
15.0,128.0,23.91643809417236
15.0,129.0,24.62973945779976
15.0,130.0,25.301817302175156
15.0,131.0,25.93294516178479
15.0,132.0,26.52404428025754
15.0,133.0,27.076511867332357
15.0,134.0,27.59207257628781
15.0,135.0,28.072655687789997
15.0,136.0,28.520297993328434
15.0,137.0,28.937069487877295
15.0,138.0,29.325018978008323
15.0,139.0,29.686135591454537
15.0,140.0,30.022323277989223
15.0,141.0,30.335384896871158
15.0,142.0,30.62701386503619
15.0,143.0,30.89879092027319
15.0,144.0,31.15218487423864
15.0,145.0,31.3885557074589
15.0,146.0,31.609159542552504
15.0,147.0,31.815154389720135
15.0,148.0,32.00760662073381
15.0,149.0,32.18749739692619
15.0,150.0,32.35572925126902
15.0,151.0,32.51313223981009
15.0,152.0,32.660469994214175
15.0,153.0,32.79844519418959
15.0,154.0,32.92770485700034
15.0,155.0,33.04884501709089
15.0,156.0,33.162415221393175
15.0,157.0,33.268922440817974
15.0,158.0,33.36883483196485
15.0,159.0,33.462584963194374
15.0,160.0,33.55057293733874
15.0,161.0,33.63316903215079
15.0,162.0,33.71071628405294
15.0,163.0,33.783532640369195
15.0,164.0,33.8519130967002
15.0,165.0,33.91613144778853
15.0,166.0,33.97644205884303
15.0,167.0,34.03308128886155
15.0,168.0,34.08626896310398
15.0,169.0,34.136209529890486
15.0,170.0,34.18309328921543
15.0,171.0,34.22709733257574
15.0,172.0,34.26838657208933
15.0,173.0,34.30711450312477
15.0,174.0,34.343424069352444
15.0,175.0,34.377448279811404
15.0,176.0,34.40931093795038
15.0,177.0,34.43912713809184
15.0,178.0,34.467003880493394
15.0,179.0,34.49304046671869
15.0,180.0,34.51732901783251
15.0,181.0,34.53995478373719
15.0,182.0,34.56099657759522
15.0,183.0,34.58052701054648
15.0,184.0,34.598612852163406
15.0,185.0,34.61531519899039
15.0,186.0,34.63068976817423
15.0,187.0,34.64478700589948
15.0,188.0,34.65765231928832
15.0,189.0,34.6693261290941
15.0,190.0,34.67984404366008
15.0,191.0,34.689236859411416
15.0,192.0,34.697530680468525
15.0,193.0,34.70474687108868
15.0,194.0,34.71090212621997
15.0,195.0,34.71600838315844
15.0,196.0,34.72007285336031
15.0,197.0,34.72309790814998
15.0,198.0,34.7250810930506
15.0,199.0,34.72601501773142
15.0,200.0,34.725887395199706
15.0,201.0,34.72468099455541
15.0,202.0,34.722373784895716
15.0,203.0,34.71893905803127
15.0,204.0,34.71434581848997
15.0,205.0,34.708559259120634
15.0,206.0,34.70154162853829
15.0,207.0,34.693253343955455
15.0,208.0,34.68365467298729
15.0,209.0,34.67270786318145
15.0,210.0,34.66038003452911
15.0,211.0,34.646646689358185
15.0,212.0,34.63149606458099
15.0,213.0,34.61493403478783
15.0,214.0,34.59698953993455
15.0,215.0,34.57771991446248
15.0,216.0,34.557215670090784
15.0,217.0,34.53560369562428
15.0,218.0,34.51304811585043
15.0,219.0,34.48974777291749
15.0,220.0,34.4659300314154
15.0,221.0,34.44184090278936
15.0,222.0,34.417732636294346
15.0,223.0,34.39385026135662
15.0,224.0,34.37041917331783
15.0,225.0,34.347635254617224
15.0,226.0,34.325658664189135
15.0,227.0,34.30461131226766
15.0,228.0,34.284577692968845
15.0,229.0,34.26560807395904
15.0,230.0,34.247723242033
15.0,231.0,34.2309198181854
15.0,232.0,34.2151756368006
15.0,233.0,34.20045463031883
15.0,234.0,34.18671112119194
15.0,235.0,34.17389330836188
15.0,236.0,34.16194608703565
15.0,237.0,34.150813149050585
15.0,238.0,34.140438578691835
15.0,239.0,34.1307679296734
15.0,240.0,34.12174899235645
15.0,241.0,34.11333222568176
15.0,242.0,34.10547103151129
15.0,243.0,34.098121824484764
15.0,244.0,34.0912440433859
15.0,245.0,34.084800040209004
15.0,246.0,34.07875496820452
15.0,247.0,34.07307659534566
15.0,248.0,34.06773514682412
15.0,249.0,34.062703099131
15.0,250.0,34.05795501684332
15.0,251.0,34.05346735468304
15.0,252.0,34.04921830683806
15.0,253.0,34.04518762843481
15.0,254.0,34.041356504064254
15.0,255.0,34.03770739182772
15.0,256.0,34.0342239119281
15.0,257.0,34.03089071246067
15.0,258.0,34.027693376272765
15.0,259.0,34.02461830597555
15.0,260.0,34.02165264626394
15.0,261.0,34.01878418509284
15.0,262.0,34.01600128844504
15.0,263.0,34.0132928146304
15.0,264.0,34.01064805864311
15.0,265.0,34.008056676778736
15.0,266.0,34.00550863799998
15.0,267.0,34.00299415635802
15.0,268.0,34.000503647071106
15.0,269.0,33.99802766450269
15.0,270.0,33.99555686089396
15.0,271.0,33.99308192785437
15.0,272.0,33.990593555853636
15.0,273.0,33.98808237730518
15.0,274.0,33.98553892500527
15.0,275.0,33.982953574930015
15.0,276.0,33.98031650180671
15.0,277.0,33.97761761969978
15.0,278.0,33.97484653281083
15.0,279.0,33.971992471799666
15.0,280.0,33.969044237738835
15.0,281.0,33.9659901319077
15.0,282.0,33.96281789058417
15.0,283.0,33.95951460577835
15.0,284.0,33.956066648252595
15.0,285.0,33.95245957636415
15.0,286.0,33.94867804441996
15.0,287.0,33.944705696555104
15.0,288.0,33.94052505736808
15.0,289.0,33.93611740774024
15.0,290.0,33.9314626548936
15.0,291.0,33.92653918758151
15.0,292.0,33.92132372371453
15.0,293.0,33.91579114404017
15.0,294.0,33.90991431813035
15.0,295.0,33.90366391964706
15.0,296.0,33.89700823728553
15.0,297.0,33.88991298298852
15.0,298.0,33.88234110600186
15.0,299.0,33.874252621317034
15.0,300.0,33.86560446658124
15.0,301.0,33.856350406885696
15.0,302.0,33.84644101218987
15.0,303.0,33.83582374353424
15.0,304.0,33.824443190507864
15.0,305.0,33.81224152004442
15.0,306.0,33.79915920369313
15.0,307.0,33.78513611182527
15.0,308.0,33.77011306627196
15.0,309.0,33.75403395811077
15.0,310.0,33.736848520849875
15.0,311.0,33.7185158343343
15.0,312.0,33.69900856649856
15.0,313.0,33.6783178752514
15.0,314.0,33.656458733623445
15.0,315.0,33.63347526160247
15.0,316.0,33.60944541357489
15.0,317.0,33.584484184023765
15.0,318.0,33.55874437759133
15.0,319.0,33.53241409886105
15.0,320.0,33.505710474526836
15.0,321.0,33.47886978813773
15.0,322.0,33.45213499353665
15.0,323.0,33.42574226895659
15.0,324.0,33.39990853017434
15.0,325.0,33.37482156436048
15.0,326.0,33.35063375138884
15.0,327.0,33.32745955181535
15.0,328.0,33.30537627549166
15.0,329.0,33.284427284523936
15.0,330.0,33.264626678651474
15.0,331.0,33.245964623364785
15.0,332.0,33.22841267234081
15.0,333.0,33.21192866457501
15.0,334.0,33.19646096272462
15.0,335.0,33.18195195115243
15.0,336.0,33.16834080494372
15.0,337.0,33.15556560062833
15.0,338.0,33.1435648638168
15.0,339.0,33.13227865502736
15.0,340.0,33.12164929102665
15.0,341.0,33.11162178379495
15.0,342.0,33.1021440710196
15.0,343.0,33.09316709086278
15.0,344.0,33.08464475122728
15.0,345.0,33.07653382129117
15.0,346.0,33.06879377890456
15.0,347.0,33.06138662373886
15.0,348.0,33.05427668026689
15.0,349.0,33.047430388368944
15.0,350.0,33.040816101386696
15.0,351.0,33.034403881137436
15.0,352.0,33.02816530889174
15.0,353.0,33.022073295766
15.0,354.0,33.01610191284361
15.0,355.0,33.01022621957102
15.0,356.0,33.00442211335732
15.0,357.0,32.99866617452304
15.0,358.0,32.99293553296004
15.0,359.0,32.98720772637387
15.0,360.0,32.9814605804512
15.0,361.0,32.97567207646127
15.0,362.0,32.969820241016414
15.0,363.0,32.96388301893173
15.0,364.0,32.95783816861732
15.0,365.0,32.951663136101686
15.0,366.0,32.94533495211667
15.0,367.0,32.938830103190256
15.0,368.0,32.93212442644603
15.0,369.0,32.92519297356841
15.0,370.0,32.91800989916438
15.0,371.0,32.91054831314196
15.0,372.0,32.90278015812782
15.0,373.0,32.89467604533948
15.0,374.0,32.88620511598387
15.0,375.0,32.877334855014055
15.0,376.0,32.86803093062112
15.0,377.0,32.858256979319876
15.0,378.0,32.84797441656557
15.0,379.0,32.83714218539042
15.0,380.0,32.82571652981643
15.0,381.0,32.81365069776885
15.0,382.0,32.80089466734085
15.0,383.0,32.787394792995606
15.0,384.0,32.773093472968114
15.0,385.0,32.757928726001005
15.0,386.0,32.74183378650218
15.0,387.0,32.724736597629736
15.0,388.0,32.7065593198309
15.0,389.0,32.687217725815835
15.0,390.0,32.666620608940455
15.0,391.0,32.644669068105536
15.0,392.0,32.62125580735369
15.0,393.0,32.59626430707237
15.0,394.0,32.5695680193327
15.0,395.0,32.54102944160045
15.0,396.0,32.510499241287945
15.0,397.0,32.477815289457546
15.0,398.0,32.44280180583025
15.0,399.0,32.40526848952034
15.0,400.0,32.36500988364613
15.0,401.0,32.32180488430864
15.0,402.0,32.27541671352462
15.0,403.0,32.225593332467824
15.0,404.0,32.17206872079249
15.0,405.0,32.11456510056546
15.0,406.0,32.052796671212576
15.0,407.0,31.98647505893625
15.0,408.0,31.91531718555404
15.0,409.0,31.839055834941135
15.0,410.0,31.757453632140837
15.0,411.0,31.670320540266736
15.0,412.0,31.577535190516823
15.0,413.0,31.479069369623026
15.0,414.0,31.375014775473787
15.0,415.0,31.265609655832826
15.0,416.0,31.151262384697272
15.0,417.0,31.032567472790067
15.0,418.0,30.910309566996908
15.0,419.0,30.785450884778708
15.0,420.0,30.65909998490856
15.0,421.0,30.532462431350336
15.0,422.0,30.406778532005912
15.0,423.0,30.2832561052873
15.0,424.0,30.163008230119242
15.0,425.0,30.047003918650137
15.0,426.0,29.936036920872816
15.0,427.0,29.830713176960856
15.0,428.0,29.731454873574144
15.0,429.0,29.638516481890907
15.0,430.0,29.55200841442316
15.0,431.0,29.47192370169242
15.0,432.0,29.398164852765248
15.0,433.0,29.330568392174676
15.0,434.0,29.268926320455673
15.0,435.0,29.213003673454512
15.0,436.0,29.162552659038102
15.0,437.0,29.117323300657553
15.0,438.0,29.07707149268925
15.0,439.0,29.04156454387001
15.0,440.0,29.01058512988479
15.0,441.0,28.983933630858594
15.0,442.0,28.961429662170406
15.0,443.0,28.94291262397947
15.0,444.0,28.92824196276766
15.0,445.0,28.917296843142616
15.0,446.0,28.909975842111393
15.0,447.0,28.906196273743618
15.0,448.0,28.905893709629066
15.0,449.0,28.909021243078136
15.0,450.0,28.91554904060789
15.0,451.0,28.9254636892714
15.0,452.0,28.938767877293994
15.0,453.0,28.955479889896417
15.0,454.0,28.97563346087839
15.0,455.0,28.99927744265044
15.0,456.0,29.026475843407102
15.0,457.0,29.057307679270973
15.0,458.0,29.091867200762287
15.0,459.0,29.13026392911838
15.0,460.0,29.17262307363095
15.0,461.0,29.219085754829717
15.0,462.0,29.269809616893287
15.0,463.0,29.32496924457229
15.0,464.0,29.384756980234204
15.0,465.0,29.449383547743903
15.0,466.0,29.519079090859137
15.0,467.0,29.594094025235318
15.0,468.0,29.67470032357617
15.0,469.0,29.761192626427988
15.0,470.0,29.853889809817716
15.0,471.0,29.953136396788206
15.0,472.0,30.05930445556494
15.0,473.0,30.172795367280454
15.0,474.0,30.294042117487283
15.0,475.0,30.423511491759154
15.0,476.0,30.561706841171194
15.0,477.0,30.709170797009406
15.0,478.0,30.86648861220162
15.0,479.0,31.03429150967295
15.0,480.0,31.21326072695217
15.0,481.0,31.404131639873505
15.0,482.0,31.607698666448204
15.0,483.0,31.82482033785582
15.0,484.0,32.056425248626105
15.0,485.0,32.3035182775674
15.0,486.0,32.56718780019888
15.0,487.0,32.848613287138875
15.0,488.0,33.14907401230491
15.0,489.0,33.46995826199297
15.0,490.0,33.812773759711014
15.0,491.0,34.17915867924299
15.0,492.0,34.570893927416776
15.0,493.0,34.98991601851349
15.0,494.0,35.438331141282276
15.0,495.0,35.91842962770504
15.0,496.0,36.43270125660804
15.0,497.0,36.983850373513356
15.0,498.0,37.57481093638426
15.0,499.0,38.20876003928799
15.0,500.0,38.88912943684215
15.0,501.0,39.61961286061975
15.0,502.0,40.40416765044361
15.0,503.0,41.24700723831971
15.0,504.0,42.152581442018935
15.0,505.0,43.12553925329351
15.0,506.0,44.170668950714365
15.0,507.0,45.29280799243306
15.0,508.0,46.496715429696216
15.0,509.0,47.78689788656546
15.0,510.0,49.167381867218225
15.0,511.0,50.641426086789586
15.0,512.0,52.21117333259539
15.0,513.0,53.87724816606258
15.0,514.0,55.63831992005479
15.0,515.0,57.490665142461594
15.0,516.0,59.42778285781567
15.0,517.0,61.440131343801134
15.0,518.0,63.515064588057385
15.0,519.0,65.63703775119436
15.0,520.0,67.78812151846763
15.0,521.0,69.94881064855313
15.0,522.0,72.0990474059104
15.0,523.0,74.21932368620242
15.0,524.0,76.29170443354019
15.0,525.0,78.30063617969279
15.0,526.0,80.23346135025379
15.0,527.0,82.08062370820396
15.0,528.0,83.835604734356
15.0,529.0,85.49466037386814
15.0,530.0,87.05643618987125
15.0,531.0,88.52152976552077
15.0,532.0,89.89205356058147
15.0,533.0,91.17123255890726
15.0,534.0,92.36305595468468
15.0,535.0,93.47198941413644
15.0,536.0,94.50274717170902
15.0,537.0,95.46011792374279
15.0,538.0,96.34883699238642
15.0,539.0,97.17349611266717
15.0,540.0,97.93848325436362
15.0,541.0,98.6479452815762
15.0,542.0,99.30576791049445
15.0,543.0,99.91556803774168
15.0,544.0,100.48069498680492
15.0,545.0,101.00423763712531
15.0,546.0,101.48903550958134
15.0,547.0,101.93769206538245
15.0,548.0,102.35258925268704
15.0,549.0,102.7359023573663
15.0,550.0,103.08961474002902
15.0,551.0,103.41553198314172
15.0,552.0,103.71529531520316
15.0,553.0,103.99039410103701
15.0,554.0,104.24217739483205
15.0,555.0,104.4718644946426
15.0,556.0,104.68055453770185
15.0,557.0,104.86923516196939
15.0,558.0,105.03879026929496
15.0,559.0,105.19000696962165
15.0,560.0,105.3235817136263
15.0,561.0,105.4401257311758
15.0,562.0,105.54016974332104
15.0,563.0,105.6241680959481
15.0,564.0,105.69250223789872
15.0,565.0,105.74548371966735
15.0,566.0,105.7833565885723
15.0,567.0,105.80629938382252
15.0,568.0,105.81442655994684
15.0,569.0,105.8077895694628
15.0,570.0,105.78637738587405
15.0,571.0,105.75011672562243
15.0,572.0,105.69887170285983
15.0,573.0,105.63244320352764
15.0,574.0,105.5505676654089
15.0,575.0,105.45291557828357
15.0,576.0,105.33908934345645
15.0,577.0,105.20862083383892
15.0,578.0,105.0609682460521
15.0,579.0,104.8955126118803
15.0,580.0,104.71155351224124
15.0,581.0,104.50830438612999
15.0,582.0,104.28488692910828
15.0,583.0,104.04032499821936
15.0,584.0,103.77353746983185
15.0,585.0,103.4833304922008
15.0,586.0,103.16838853374401
15.0,587.0,102.82726469708983
15.0,588.0,102.45836966131127
15.0,589.0,102.05995976008617
15.0,590.0,101.63012353521961
15.0,591.0,101.16676733227307
15.0,592.0,100.66759928690506
15.0,593.0,100.13011237139425
15.0,594.0,99.55156592169189
15.0,595.0,98.92896650152717
15.0,596.0,98.25904771222456
15.0,597.0,97.53825014678847
15.0,598.0,96.76270149331705
15.0,599.0,95.9281985995192
15.0,600.0,95.03019225246985
15.0,601.0,94.06377754394728
15.0,602.0,93.02369187820379
15.0,603.0,91.90432521250007
15.0,604.0,90.69974664866307
15.0,605.0,89.40375449057946
15.0,606.0,88.00995669945358
15.0,607.0,86.51189189251934
15.0,608.0,84.90320057929692
15.0,609.0,83.17785871261985
15.0,610.0,81.33048318020967
15.0,611.0,79.35671779923409
15.0,612.0,77.25370034962765
15.0,613.0,75.02060232812897
15.0,614.0,72.65921515787784
15.0,615.0,70.17453723010912
15.0,616.0,67.57528997224988
15.0,617.0,64.87427101880472
15.0,618.0,62.08843937719945
15.0,619.0,59.238639863496616
15.0,620.0,56.34891301264108
15.0,621.0,53.44541048720587
15.0,622.0,50.55502204333293
15.0,623.0,47.70389710721392
15.0,624.0,44.91607172939885
15.0,625.0,42.2123839857157
15.0,626.0,39.60978385250166
15.0,627.0,37.12105762641202
15.0,628.0,34.754913031509886
15.0,629.0,32.51633236564972
15.0,630.0,30.407088485476415
15.0,631.0,28.426331814234988
15.0,632.0,26.571176443057183
15.0,633.0,24.837239840654096
15.0,634.0,23.21910975196047
15.0,635.0,21.710730136491737
15.0,636.0,20.305706497407048
15.0,637.0,18.99753936273064
15.0,638.0,17.779795329435814
15.0,639.0,16.646227976600382
15.0,640.0,15.590858096597458
15.0,641.0,14.60802364867943
15.0,642.0,13.692406091867863
15.0,643.0,12.839040500092807
15.0,644.0,12.043313273432728
15.0,645.0,11.300952352815502
15.0,646.0,10.608011661457175
15.0,647.0,9.960852989005913
15.0,648.0,9.35612571013807
15.0,649.0,8.790746523148508
15.0,650.0,8.26187882277567
15.0,651.0,7.766913307231072
15.0,652.0,7.303449009242581
15.0,653.0,6.869276036148601
15.0,654.0,6.462358992935887
15.0,655.0,6.080822212703707
15.0,656.0,5.722935669541757
15.0,657.0,5.387102621415284
15.0,658.0,5.07184782216554
15.0,659.0,4.775807316325778
15.0,660.0,4.497718652583669
15.0,661.0,4.236412516220469
15.0,662.0,3.99080462913512
15.0,663.0,3.759888912947724
15.0,664.0,3.5427307839238034
15.0,665.0,3.3384615727611746
15.0,666.0,3.1462729610815616
15.0,667.0,2.965412424613934
15.0,668.0,2.795178598896916
15.0,669.0,2.634917552515676
15.0,670.0,2.484018907685272
15.0,671.0,2.3419127858467905
15.0,672.0,2.2080665417855934
15.0,673.0,2.0819822541663133
15.0,674.0,1.963193959397695
15.0,675.0,1.8512655846682913
15.0,676.0,1.745788590286142
15.0,677.0,1.6463802630374418
15.0,678.0,1.5526816938775978
15.0,679.0,1.4643563656927823
15.0,680.0,1.3810884077258003
15.0,681.0,1.3025814247845566
15.0,682.0,1.2285569813274209
15.0,683.0,1.1587536294660055
15.0,684.0,1.0929255847955348
15.0,685.0,1.030841918717778
15.0,686.0,0.972285395369395
15.0,687.0,0.9170518002844668
15.0,688.0,0.8649489135437303
15.0,689.0,0.8157959519594996
15.0,690.0,0.7694226581579514
15.0,691.0,0.7256688375846321
15.0,692.0,0.6843835468916333
15.0,693.0,0.6454247103522828
15.0,694.0,0.6086583938529702
15.0,695.0,0.5739584879462566
15.0,696.0,0.5412060560984533
15.0,697.0,0.5102890737385598
15.0,698.0,0.4811018413089656
15.0,699.0,0.4535447703907507
15.0,700.0,0.42752385364110046
15.0,701.0,0.40295049047757575
15.0,702.0,0.37974100723631693
15.0,703.0,0.35781651604462916
15.0,704.0,0.3371024795569737
15.0,705.0,0.3175285975880754
15.0,706.0,0.29902841162464283
15.0,707.0,0.28153921457055725
15.0,708.0,0.2650016909270209
15.0,709.0,0.24935984564896002
15.0,710.0,0.23456067646304155
15.0,711.0,0.2205541183752201
15.0,712.0,0.20729274507701131
15.0,713.0,0.19473172609789755
15.0,714.0,0.18282855465299075
15.0,715.0,0.17154301481645093
15.0,716.0,0.1608369335021766
15.0,717.0,0.15067415535794607
15.0,718.0,0.14102031685616415
15.0,719.0,0.13184282688306165
15.0,720.0,0.12311066115768995
15.0,721.0,0.11479434672418312
15.0,722.0,0.10686577512125886
15.0,723.0,0.09929818918466835
15.0,724.0,0.0920660135621657
15.0,725.0,0.085144842403016
15.0,726.0,0.07851128595935952
15.0,727.0,0.07214295788419774
15.0,728.0,0.06601833678303616
15.0,729.0,0.06011675196451038
15.0,730.0,0.054418258909157774
15.0,731.0,0.04890362242052269
15.0,732.0,0.043554205063317045
15.0,733.0,0.03835194674967333
15.0,734.0,0.033279265268759274
15.0,735.0,0.028319031414614074
15.0,736.0,0.02345448078503679
15.0,737.0,0.01866918361556513
15.0,738.0,0.0139469670683783
15.0,739.0,0.009271878982568874
15.0,740.0,0.00462811990481592
15.0,741.0,0.0
16.0,0.0,0.0
16.0,1.0,0.0015725109481197867
16.0,2.0,0.0031503358760921443
16.0,3.0,0.00473880739203887
16.0,4.0,0.0063432925074046334
16.0,5.0,0.007969214362395826
16.0,6.0,0.009622065393356444
16.0,7.0,0.011307432401281752
16.0,8.0,0.013031007362196824
16.0,9.0,0.01479861609017801
16.0,10.0,0.016616226950206064
16.0,11.0,0.0184899833763421
16.0,12.0,0.02042621075912644
16.0,13.0,0.022431453092635733
16.0,14.0,0.02451247832513843
16.0,15.0,0.026676319425964237
16.0,16.0,0.028930278509121547
16.0,17.0,0.03128197263258434
16.0,18.0,0.03373933703033282
16.0,19.0,0.03631067598325073
16.0,20.0,0.03900466552608071
16.0,21.0,0.041830409761187216
16.0,22.0,0.04479744344386163
16.0,23.0,0.047915794148441
16.0,24.0,0.05119598517904245
16.0,25.0,0.05464910404279958
16.0,26.0,0.058286806184421676
16.0,27.0,0.062121390274682504
16.0,28.0,0.06616580332737877
16.0,29.0,0.07043372337399181
16.0,30.0,0.07493956659212701
16.0,31.0,0.07969857801108522
16.0,32.0,0.08472684136350482
16.0,33.0,0.09004137855342485
16.0,34.0,0.0956601630398523
16.0,35.0,0.10160222890124725
16.0,36.0,0.10788768867386214
16.0,37.0,0.1145378529675027
16.0,38.0,0.12157525381616616
16.0,39.0,0.1290237759432597
16.0,40.0,0.13690868684158156
16.0,41.0,0.14525678095669653
16.0,42.0,0.15409641790301448
16.0,43.0,0.16345768103772831
16.0,44.0,0.17337242544637096
16.0,45.0,0.18387445262415308
16.0,46.0,0.19499957013638092
16.0,47.0,0.2067857844186864
16.0,48.0,0.21927337434572594
16.0,49.0,0.2325051045186602
16.0,50.0,0.24652631537309586
16.0,51.0,0.2613851597563896
16.0,52.0,0.2771327126898606
16.0,53.0,0.2938232345692068
16.0,54.0,0.31151430428812593
16.0,55.0,0.33026711304653605
16.0,56.0,0.3501466252700689
16.0,57.0,0.3712219078134143
16.0,58.0,0.3935663240069502
16.0,59.0,0.4172579040347968
16.0,60.0,0.4423795785491417
16.0,61.0,0.46901959723262
16.0,62.0,0.4972718097963858
16.0,63.0,0.5272361412640745
16.0,64.0,0.5590189298778355
16.0,65.0,0.5927334695399906
16.0,66.0,0.6285004162732524
16.0,67.0,0.666448410615359
16.0,68.0,0.7067145669126806
16.0,69.0,0.7494451913876997
16.0,70.0,0.7947963718017244
16.0,71.0,0.8429348105241007
16.0,72.0,0.8940385361034127
16.0,73.0,0.9482978750860436
16.0,74.0,1.0059163119085281
16.0,75.0,1.067111628554728
16.0,76.0,1.132116945019413
16.0,77.0,1.2011820622205176
16.0,78.0,1.2745747220979184
16.0,79.0,1.3525821964467504
16.0,80.0,1.435512813332222
16.0,81.0,1.5236978423509815
16.0,82.0,1.6174933419109108
16.0,83.0,1.717282399001979
16.0,84.0,1.8234773587304183
16.0,85.0,1.9365224821363585
16.0,86.0,2.0568966225572494
16.0,87.0,2.185116364697027
16.0,88.0,2.321739206860908
16.0,89.0,2.467367231444905
16.0,90.0,2.622650828471231
16.0,91.0,2.788292909352964
16.0,92.0,2.9650531487033724
16.0,93.0,3.153752667460987
16.0,94.0,3.3552786475400134
16.0,95.0,3.5705892393110745
16.0,96.0,3.8007181685475926
16.0,97.0,4.046779304834158
16.0,98.0,4.309970454765388
16.0,99.0,4.591576466682426
16.0,100.0,4.892970674029573
16.0,101.0,5.215614476225339
16.0,102.0,5.5610537177602675
16.0,103.0,5.930911231939667
16.0,104.0,6.326873696722199
16.0,105.0,6.750671606845136
16.0,106.0,7.204049921210783
16.0,107.0,7.6887276623587635
16.0,108.0,8.206343669217713
16.0,109.0,8.758386793162092
16.0,110.0,9.346108377068584
16.0,111.0,9.970416927851952
16.0,112.0,10.631755808929768
16.0,113.0,11.329968594339237
16.0,114.0,12.064159568862584
16.0,115.0,12.83256238980103
16.0,116.0,13.632433550885754
16.0,117.0,14.459991710468906
16.0,118.0,15.31042353970589
16.0,119.0,16.17797366369359
16.0,120.0,17.05612549640954
16.0,121.0,17.937865924380404
16.0,122.0,18.816009061326636
16.0,123.0,19.683541764360903
16.0,124.0,20.533947388539097
16.0,125.0,21.361470470308983
16.0,126.0,22.161297562166542
16.0,127.0,22.929647173352063
16.0,128.0,23.663775617554634
16.0,129.0,24.361916340433623
16.0,130.0,25.023173382847244
16.0,131.0,25.647390041721707
16.0,132.0,26.235009369275932
16.0,133.0,26.78693952598737
16.0,134.0,27.304431471919607
16.0,135.0,27.788973637846937
16.0,136.0,28.242204402914282
16.0,137.0,28.665842289004633
16.0,138.0,29.06163171180669
16.0,139.0,29.43130257829768
16.0,140.0,29.776540932124025
16.0,141.0,30.098968923410027
16.0,142.0,30.40013166222832
16.0,143.0,30.681489759666093
16.0,144.0,30.94441570414391
16.0,145.0,31.190193439210677
16.0,146.0,31.420019803653005
16.0,147.0,31.635007632708017
16.0,148.0,31.836189547478888
16.0,149.0,32.02452251931392
16.0,150.0,32.20089247235316
16.0,151.0,32.36611918640421
16.0,152.0,32.5209609064811
16.0,153.0,32.66611902066382
16.0,154.0,32.80224229597119
16.0,155.0,32.929931086095884
16.0,156.0,33.049741048043614
16.0,157.0,33.16218680570301
16.0,158.0,33.26774512406255
16.0,159.0,33.36685804031643
16.0,160.0,33.45993553089395
16.0,161.0,33.54735816008163
16.0,162.0,33.62947929867231
16.0,163.0,33.70662735307658
16.0,164.0,33.77910759988169
16.0,165.0,33.847204058703966
16.0,166.0,33.91118100370066
16.0,167.0,33.97128453789207
16.0,168.0,34.027743835752624
16.0,169.0,34.080772469074155
16.0,170.0,34.130569426799966
16.0,171.0,34.17732023455699
16.0,172.0,34.22119779016452
16.0,173.0,34.26236331158743
16.0,174.0,34.300967019596854
16.0,175.0,34.33714894241755
16.0,176.0,34.37103947101215
16.0,177.0,34.402760043173906
16.0,178.0,34.43242359183693
16.0,179.0,34.46013512673989
16.0,180.0,34.485992091942215
16.0,181.0,34.51008485935178
16.0,182.0,34.53249700814424
16.0,183.0,34.55330574130699
16.0,184.0,34.5725820968291
16.0,185.0,34.59039129589906
16.0,186.0,34.60679289351832
16.0,187.0,34.621841065101194
16.0,188.0,34.63558470261331
16.0,189.0,34.64806764516721
16.0,190.0,34.65932872608443
16.0,191.0,34.669401952945165
16.0,192.0,34.67831651153179
16.0,193.0,34.68609690224936
16.0,194.0,34.69276290950719
16.0,195.0,34.698329705512336
16.0,196.0,34.702807799634144
16.0,197.0,34.70620312901934
16.0,198.0,34.70851701404719
16.0,199.0,34.709746270717176
16.0,200.0,34.70988321867503
16.0,201.0,34.708915876620544
16.0,202.0,34.70682810265111
16.0,203.0,34.703599975096004
16.0,204.0,34.69920819443875
16.0,205.0,34.69362680943821
16.0,206.0,34.68682807322197
16.0,207.0,34.67878373906739
16.0,208.0,34.66946662019992
16.0,209.0,34.65885271453732
16.0,210.0,34.646923708759076
16.0,211.0,34.63367010798344
16.0,212.0,34.61909472833497
16.0,213.0,34.60321665522993
16.0,214.0,34.58607522261232
16.0,215.0,34.567733868515006
16.0,216.0,34.54828316867721
16.0,217.0,34.52784266558116
16.0,218.0,34.506560687938354
16.0,219.0,34.48461186966099
16.0,220.0,34.462191967130686
16.0,221.0,34.439510379256845
16.0,222.0,34.416780879209746
16.0,223.0,34.39421181920988
16.0,224.0,34.37199686056311
16.0,225.0,34.350307482631884
16.0,226.0,34.329287794952215
16.0,227.0,34.30905203392158
16.0,228.0,34.289684373505594
16.0,229.0,34.27124072057298
16.0,230.0,34.253751735810965
16.0,231.0,34.23722664382828
16.0,232.0,34.22165719534414
16.0,233.0,34.20702156779546
16.0,234.0,34.19328783595312
16.0,235.0,34.180417031100184
16.0,236.0,34.16836561753648
16.0,237.0,34.15708753325051
16.0,238.0,34.146535715662466
16.0,239.0,34.1366632988353
16.0,240.0,34.12742442795516
16.0,241.0,34.118774871263916
16.0,242.0,34.110672371526
16.0,243.0,34.103076895706366
16.0,244.0,34.09595071447743
16.0,245.0,34.08925844788551
16.0,246.0,34.08296700032306
16.0,247.0,34.07704550265495
16.0,248.0,34.07146518021294
16.0,249.0,34.066199250314675
16.0,250.0,34.061222767147335
16.0,251.0,34.05651250685766
16.0,252.0,34.05204681230873
16.0,253.0,34.0478054818609
16.0,254.0,34.043769624802295
16.0,255.0,34.03992156081531
16.0,256.0,34.03624469013474
16.0,257.0,34.03272340577554
16.0,258.0,34.02934297894233
16.0,259.0,34.02608948360786
16.0,260.0,34.02294969598944
16.0,261.0,34.019911029931436
16.0,262.0,34.01696144854431
16.0,263.0,34.01408940842281
16.0,264.0,34.011283781331116
16.0,265.0,34.008533805219535
16.0,266.0,34.005829013865295
16.0,267.0,34.003159192734074
16.0,268.0,34.00051431460221
16.0,269.0,33.997884498438104
16.0,270.0,33.99525994915986
16.0,271.0,33.992630917828194
16.0,272.0,33.989987643793945
16.0,273.0,33.98732031457154
16.0,274.0,33.98461900868298
16.0,275.0,33.98187365360591
16.0,276.0,33.979073967618355
16.0,277.0,33.97620941418407
16.0,278.0,33.97326914104445
16.0,279.0,33.97024192932011
16.0,280.0,33.96711612799129
16.0,281.0,33.963879595870864
16.0,282.0,33.96051962948071
16.0,283.0,33.95702289591626
16.0,284.0,33.95337535200418
16.0,285.0,33.949562165987615
16.0,286.0,33.94556762581848
16.0,287.0,33.94137504765408
16.0,288.0,33.936966671342525
16.0,289.0,33.93232355413532
16.0,290.0,33.927425452136696
16.0,291.0,33.92225069876454
16.0,292.0,33.91677607263449
16.0,293.0,33.91097666277869
16.0,294.0,33.904825726956645
16.0,295.0,33.898294550550425
16.0,296.0,33.89135230603074
16.0,297.0,33.88396592156176
16.0,298.0,33.87609996452299
16.0,299.0,33.867716551903435
16.0,300.0,33.85877530165032
16.0,301.0,33.84923334367391
16.0,302.0,33.83904541646959
16.0,303.0,33.82816407907923
16.0,304.0,33.81654008028506
16.0,305.0,33.804122929629166
16.0,306.0,33.790861730088324
16.0,307.0,33.776706331016186
16.0,308.0,33.761608872382865
16.0,309.0,33.74552577764297
16.0,310.0,33.72842024885088
16.0,311.0,33.71026527429837
16.0,312.0,33.69104711764113
16.0,313.0,33.670769163002355
16.0,314.0,33.649455895327186
16.0,315.0,33.627156650763865
16.0,316.0,33.6039486551222
16.0,317.0,33.57993875498087
16.0,318.0,33.55526324499889
16.0,319.0,33.53008529554566
16.0,320.0,33.50458978012509
16.0,321.0,33.47897571009247
16.0,322.0,33.45344697829015
16.0,323.0,33.42820248397145
16.0,324.0,33.4034268759622
16.0,325.0,33.379282986772715
16.0,326.0,33.35590665859244
16.0,327.0,33.333404169700096
16.0,328.0,33.311852059368945
16.0,329.0,33.29129885711894
16.0,330.0,33.2717681177559
16.0,331.0,33.253262169231206
16.0,332.0,33.235766088512065
16.0,333.0,33.21925154345449
16.0,334.0,33.20368027631229
16.0,335.0,33.18900710737914
16.0,336.0,33.17518242326669
16.0,337.0,33.16215416494137
16.0,338.0,33.14986936380082
16.0,339.0,33.13827528886207
16.0,340.0,33.12732026981836
16.0,341.0,33.11695426127497
16.0,342.0,33.10712920071607
16.0,343.0,33.097799212522744
16.0,344.0,33.08892069157597
16.0,345.0,33.08045230500049
16.0,346.0,33.07235492848517
16.0,347.0,33.064591545908215
16.0,348.0,33.057127115563596
16.0,349.0,33.04992842625875
16.0,350.0,33.0429639369127
16.0,351.0,33.036203620927004
16.0,352.0,33.02961880169362
16.0,353.0,33.02318200093389
16.0,354.0,33.016866780412414
16.0,355.0,33.010647600751575
16.0,356.0,33.004499672826846
16.0,357.0,32.9983988285649
16.0,358.0,32.992321381870816
16.0,359.0,32.986244010329386
16.0,360.0,32.980143623687134
16.0,361.0,32.97399725411002
16.0,362.0,32.96778192937293
16.0,363.0,32.961474568740904
16.0,364.0,32.955051857618244
16.0,365.0,32.94849014584383
16.0,366.0,32.9417653203422
16.0,367.0,32.93485270244737
16.0,368.0,32.92772691491948
16.0,369.0,32.92036177471569
16.0,370.0,32.91273015049871
16.0,371.0,32.90480384698715
16.0,372.0,32.896553448731574
16.0,373.0,32.88794819175874
16.0,374.0,32.87895578889335
16.0,375.0,32.86954228383513
16.0,376.0,32.859671852642236
16.0,377.0,32.84930663463579
16.0,378.0,32.83840650383279
16.0,379.0,32.82692887017115
16.0,380.0,32.81482841371284
16.0,381.0,32.802056848673935
16.0,382.0,32.78856261219588
16.0,383.0,32.77429058267577
16.0,384.0,32.75918171401044
16.0,385.0,32.74317269902063
16.0,386.0,32.726195539688845
16.0,387.0,32.708177146583786
16.0,388.0,32.68903883646404
16.0,389.0,32.668695860527755
16.0,390.0,32.64705682418039
16.0,391.0,32.62402314245688
16.0,392.0,32.5994883851498
16.0,393.0,32.57333767004798
16.0,394.0,32.545446954151124
16.0,395.0,32.51568239985017
16.0,396.0,32.48389966658315
16.0,397.0,32.44994333060911
16.0,398.0,32.41364629228499
16.0,399.0,32.374829410289216
16.0,400.0,32.3333012440318
16.0,401.0,32.2888581968764
16.0,402.0,32.24128498156818
16.0,403.0,32.19035577462156
16.0,404.0,32.13583604191915
16.0,405.0,32.07748549521778
16.0,406.0,32.015062233144334
16.0,407.0,31.94832861460651
16.0,408.0,31.877058956315555
16.0,409.0,31.80104961360823
16.0,410.0,31.720131431805072
16.0,411.0,31.634184909190783
16.0,412.0,31.543157618694483
16.0,413.0,31.447083567086242
16.0,414.0,31.34610307393792
16.0,415.0,31.240481666729064
16.0,416.0,31.13062525242357
16.0,417.0,31.017088926434127
16.0,418.0,30.9005760916082
16.0,419.0,30.78192576082433
16.0,420.0,30.662086680844144
16.0,421.0,30.542079682250662
16.0,422.0,30.42295138994653
16.0,423.0,30.305725037041803
16.0,424.0,30.191354180003504
16.0,425.0,30.080685072540252
16.0,426.0,29.9744308035432
16.0,427.0,29.8731586478213
16.0,428.0,29.777289209021504
16.0,429.0,29.687105301423497
16.0,430.0,29.60276715598541
16.0,431.0,29.524331413734146
16.0,432.0,29.451771050716992
16.0,433.0,29.38499486198282
16.0,434.0,29.323864942081094
16.0,435.0,29.2682120006829
16.0,436.0,29.21784788724252
16.0,437.0,29.172575854016042
16.0,438.0,29.13219834341853
16.0,439.0,29.096523075277606
16.0,440.0,29.06536729668241
16.0,441.0,29.038560986516142
16.0,442.0,29.01594881192051
16.0,443.0,28.9973915679514
16.0,444.0,28.98276679946558
16.0,445.0,28.97196927052162
16.0,446.0,28.964910893112545
16.0,447.0,28.961520732874888
16.0,448.0,28.96174463764004
16.0,449.0,28.96554507926521
16.0,450.0,28.972900707582365
16.0,451.0,28.98380619552159
16.0,452.0,28.998271840883323
16.0,453.0,29.016323502995814
16.0,454.0,29.03800231534346
16.0,455.0,29.063364758031806
16.0,456.0,29.0924825124261
16.0,457.0,29.125442691130466
16.0,458.0,29.162347850409542
16.0,459.0,29.203316389454
16.0,460.0,29.24848273060995
16.0,461.0,29.29799789710448
16.0,462.0,29.35202987095988
16.0,463.0,29.410764360062256
16.0,464.0,29.47440534685178
16.0,465.0,29.543176060010722
16.0,466.0,29.617319732449268
16.0,467.0,29.69710079918757
16.0,468.0,29.782805890303575
16.0,469.0,29.874745284508577
16.0,470.0,29.97325417147736
16.0,471.0,30.078694400182545
16.0,472.0,30.191456055494843
16.0,473.0,30.311959551719262
16.0,474.0,30.440657580742435
16.0,475.0,30.57803761462129
16.0,476.0,30.72462429706175
16.0,477.0,30.880982434485468
16.0,478.0,31.04771991928044
16.0,479.0,31.22549130637436
16.0,480.0,31.415001375109604
16.0,481.0,31.617009407224074
16.0,482.0,31.83233351309518
16.0,483.0,32.061855745177766
16.0,484.0,32.30652733075579
16.0,485.0,32.56737476799006
16.0,486.0,32.8455061150723
16.0,487.0,33.14211821550995
16.0,488.0,33.458504180846916
16.0,489.0,33.79606186147021
16.0,490.0,34.15630260492189
16.0,491.0,34.54086099890316
16.0,492.0,34.95150485038947
16.0,493.0,35.39014602668031
16.0,494.0,35.85885131385791
16.0,495.0,36.359853780980764
16.0,496.0,36.89556362567259
16.0,497.0,37.468578740602446
16.0,498.0,38.081693657166866
16.0,499.0,38.73790667869927
16.0,500.0,39.44042332284136
16.0,501.0,40.19265519398875
16.0,502.0,40.99821156432963
16.0,503.0,41.86088175371204
16.0,504.0,42.78460440202428
16.0,505.0,43.77342038922366
16.0,506.0,44.83140413607533
16.0,507.0,45.96256878687468
16.0,508.0,47.1707391875089
16.0,509.0,48.45938817230527
16.0,510.0,49.83143158789054
16.0,511.0,51.28898134481398
16.0,512.0,52.833058942077365
16.0,513.0,54.463279820332694
16.0,514.0,56.17752660721797
16.0,515.0,57.97164120943716
16.0,516.0,59.839175286781234
16.0,517.0,61.771247894039575
16.0,518.0,63.75655925371726
16.0,519.0,65.78160124998554
16.0,520.0,67.83108116783261
16.0,521.0,69.88854157002271
16.0,522.0,71.93711887309608
16.0,523.0,73.96035258830253
16.0,524.0,75.9429438925742
16.0,525.0,77.87137547331426
16.0,526.0,79.73433525229794
16.0,527.0,81.5229268149633
16.0,528.0,83.23068315714791
16.0,529.0,84.85342422920648
16.0,530.0,86.38900737245983
16.0,531.0,87.8370192793612
16.0,532.0,89.1984491884367
16.0,533.0,90.4753730700978
16.0,534.0,91.67066708632206
16.0,535.0,92.78776043766887
16.0,536.0,93.83043030576574
16.0,537.0,94.80263789613471
16.0,538.0,95.70840131579797
16.0,539.0,96.5517004698702
16.0,540.0,97.33640823964649
16.0,541.0,98.06624307112573
16.0,542.0,98.7447380987972
16.0,543.0,99.3752231446943
16.0,544.0,99.96081612040958
16.0,545.0,100.50442146470455
16.0,546.0,101.00873337107203
16.0,547.0,101.47624242644748
16.0,548.0,101.9092442979098
16.0,549.0,102.30984973825318
16.0,550.0,102.67999512480154
16.0,551.0,103.02145318820025
16.0,552.0,103.33584350519679
16.0,553.0,103.62464262009026
16.0,554.0,103.88919358834572
16.0,555.0,104.13071490411454
16.0,556.0,104.35030874009236
16.0,557.0,104.54896849284233
16.0,558.0,104.72758564826204
16.0,559.0,104.8869559542724
16.0,560.0,105.02778497471931
16.0,561.0,105.15069298489236
16.0,562.0,105.2562193276804
16.0,563.0,105.34482615312665
16.0,564.0,105.41690169824525
16.0,565.0,105.47276298663441
16.0,566.0,105.51265813922194
16.0,567.0,105.53676812976482
16.0,568.0,105.54520820948485
16.0,569.0,105.53802878734831
16.0,570.0,105.51521602287842
16.0,571.0,105.47669187039953
16.0,572.0,105.4223138638785
16.0,573.0,105.35187433344923
16.0,574.0,105.26509937484921
16.0,575.0,105.16164721493203
16.0,576.0,105.04110632623667
16.0,577.0,104.90299288579865
16.0,578.0,104.74674796255144
16.0,579.0,104.5717339806133
16.0,580.0,104.37723087389556
16.0,581.0,104.16243143194684
16.0,582.0,103.92643628377846
16.0,583.0,103.66824797369435
16.0,584.0,103.38676460866974
16.0,585.0,103.08077248892381
16.0,586.0,102.74893823819917
16.0,587.0,102.389799810433
16.0,588.0,102.00175693566491
16.0,589.0,101.58306036155638
16.0,590.0,101.13180051863715
16.0,591.0,100.64589497295928
16.0,592.0,100.12307539550486
16.0,593.0,99.56087346949961
16.0,594.0,98.95660663140242
16.0,595.0,98.30736321223633
16.0,596.0,97.60998815479287
16.0,597.0,96.86106916757326
16.0,598.0,96.0569249587265
16.0,599.0,95.19359594363304
16.0,600.0,94.26683982940071
16.0,601.0,93.27213335654513
16.0,602.0,92.20468377022533
16.0,603.0,91.05945264242897
16.0,604.0,89.83119724833043
16.0,605.0,88.51453386712387
16.0,606.0,87.1040300778455
16.0,607.0,85.59433205985539
16.0,608.0,83.98033511075018
16.0,609.0,82.25740333187254
16.0,610.0,80.42164470524531
16.0,611.0,78.47024240130655
16.0,612.0,76.4018391720393
16.0,613.0,74.21696078142526
16.0,614.0,71.9184544205786
16.0,615.0,69.5119017237764
16.0,616.0,67.00595357381205
16.0,617.0,64.41252100635305
16.0,618.0,61.74675679978313
16.0,619.0,59.02677300886502
16.0,620.0,56.27307258970545
16.0,621.0,53.50771772820989
16.0,622.0,50.753312283455344
16.0,623.0,48.03191605781601
16.0,624.0,45.364027236220274
16.0,625.0,42.76775068985465
16.0,626.0,40.25822958864919
16.0,627.0,37.84736288519177
16.0,628.0,35.543786883326035
16.0,629.0,33.35306606726411
16.0,630.0,31.278027876253994
16.0,631.0,29.31917561910368
16.0,632.0,27.475126848218633
16.0,633.0,25.743036661240154
16.0,634.0,24.11898204138502
16.0,635.0,22.59829300769957
16.0,636.0,21.175827625882192
16.0,637.0,19.84619150594529
16.0,638.0,18.603908238683
16.0,639.0,17.44354647584932
16.0,640.0,16.35981212675607
16.0,641.0,15.347611403810342
16.0,642.0,14.402092078923987
16.0,643.0,13.518667012358147
16.0,644.0,12.693025479761642
16.0,645.0,11.921134578804361
16.0,646.0,11.199234641022421
16.0,647.0,10.52382955826585
16.0,648.0,9.891674810520156
16.0,649.0,9.299763187377003
16.0,650.0,8.745310259677751
16.0,651.0,8.225739030752782
16.0,652.0,7.738665385262272
16.0,653.0,7.281883441246193
16.0,654.0,6.853352172236225
16.0,655.0,6.451182230379863
16.0,656.0,6.073624198954872
16.0,657.0,5.719057119101754
16.0,658.0,5.385978445151254
16.0,659.0,5.072994237922115
16.0,660.0,4.778810711539519
16.0,661.0,4.502225935825215
16.0,662.0,4.242122789060754
16.0,663.0,3.9974619710139034
16.0,664.0,3.7672761587014123
16.0,665.0,3.5506641305386477
16.0,666.0,3.3467859321589666
16.0,667.0,3.1548579293096823
16.0,668.0,2.9741488122759043
16.0,669.0,2.803975418941425
16.0,670.0,2.6436994310865556
16.0,671.0,2.4927238336666253
16.0,672.0,2.3504901801864033
16.0,673.0,2.2164755770247377
16.0,674.0,2.090190416498497
16.0,675.0,1.9711757949396211
16.0,676.0,1.8590016304037351
16.0,677.0,1.7532644399867638
16.0,678.0,1.6535857744461837
16.0,679.0,1.5596102941251282
16.0,680.0,1.4710044653346157
16.0,681.0,1.3874548855894544
16.0,682.0,1.3086671968325732
16.0,683.0,1.2343646198727531
16.0,684.0,1.1642870478057823
16.0,685.0,1.0981897569530827
16.0,686.0,1.0358426505025453
16.0,687.0,0.9770291192097836
16.0,688.0,0.9215454106494099
16.0,689.0,0.8691996177368944
16.0,690.0,0.8198111533037501
16.0,691.0,0.7732098483591452
16.0,692.0,0.7292355151888723
16.0,693.0,0.6877371403899809
16.0,694.0,0.6485725225122597
16.0,695.0,0.6116075474174739
16.0,696.0,0.5767158887685564
16.0,697.0,0.5437783553082598
16.0,698.0,0.5126826443629684
16.0,699.0,0.48332275229965466
16.0,700.0,0.4555987727335672
16.0,701.0,0.4294163627833309
16.0,702.0,0.4046865789223494
16.0,703.0,0.38132539276986704
16.0,704.0,0.35925355855820584
16.0,705.0,0.33839617312020254
16.0,706.0,0.3186825698006935
16.0,707.0,0.30004591806559966
16.0,708.0,0.2824231393998776
16.0,709.0,0.26575454260049175
16.0,710.0,0.24998375780092436
16.0,711.0,0.23505740404303635
16.0,712.0,0.22092503807129457
16.0,713.0,0.20753885122591528
16.0,714.0,0.19485363007504658
16.0,715.0,0.18282648004865182
16.0,716.0,0.1714167953374206
16.0,717.0,0.1605860070056085
16.0,718.0,0.15029755989222376
16.0,719.0,0.1405166832111447
16.0,720.0,0.13121037245181386
16.0,721.0,0.12234718070417748
16.0,722.0,0.11389720377971026
16.0,723.0,0.10583189069333807
16.0,724.0,0.09812403041678187
16.0,725.0,0.09074758011471325
16.0,726.0,0.08367765210574614
16.0,727.0,0.0768903585897523
16.0,728.0,0.07036279753108718
16.0,729.0,0.06407291273160354
16.0,730.0,0.057999477468915435
16.0,731.0,0.05212196886790414
16.0,732.0,0.04642054822647942
16.0,733.0,0.040875948719462644
16.0,734.0,0.035469451427402654
16.0,735.0,0.030182785472404838
16.0,736.0,0.02499809883371153
16.0,737.0,0.019897870066717477
16.0,738.0,0.014864873043508926
16.0,739.0,0.009882099445046371
16.0,740.0,0.004932716606660216
16.0,741.0,0.0
17.0,0.0,0.0
17.0,1.0,0.0016681108006795515
17.0,2.0,0.003341858631936217
17.0,3.0,0.005026898731050588
17.0,4.0,0.006728925904653079
17.0,5.0,0.008453689838029485
17.0,6.0,0.010207019872437875
17.0,7.0,0.011994837679088393
17.0,8.0,0.01382318571375975
17.0,9.0,0.01569823752482051
17.0,10.0,0.01762633015546982
17.0,11.0,0.019613972366356196
17.0,12.0,0.021667881267402583
17.0,13.0,0.023794988750858535
17.0,14.0,0.02600248265046485
17.0,15.0,0.02829781170042129
17.0,16.0,0.030688731539903147
17.0,17.0,0.03318330853780043
17.0,18.0,0.03578997098571211
17.0,19.0,0.03851751215787365
17.0,20.0,0.04137514706622438
17.0,21.0,0.044372515160261625
17.0,22.0,0.047519743054227286
17.0,23.0,0.05082744731341474
17.0,24.0,0.054306803606723235
17.0,25.0,0.05796955007506594
17.0,26.0,0.06182806341344202
17.0,27.0,0.06589536337461029
17.0,28.0,0.07018519634459051
17.0,29.0,0.07471204160197202
17.0,30.0,0.07949120302080137
17.0,31.0,0.08453881778437354
17.0,32.0,0.0898719569315381
17.0,33.0,0.0955086373155147
17.0,34.0,0.10146793180590039
17.0,35.0,0.1077699853903486
17.0,36.0,0.11443613595762975
17.0,37.0,0.12148893556585669
17.0,38.0,0.12895228286510693
17.0,39.0,0.13685145070390609
17.0,40.0,0.14521323140721093
17.0,41.0,0.15406597206758835
17.0,42.0,0.1634397340808131
17.0,43.0,0.17336633767521475
17.0,44.0,0.18387953732902457
17.0,45.0,0.19501507733769954
17.0,46.0,0.20681088500227454
17.0,47.0,0.2193071393288388
17.0,48.0,0.23254648419527163
17.0,49.0,0.24657411263035617
17.0,50.0,0.2614380025495979
17.0,51.0,0.2771890194873427
17.0,52.0,0.2938811779561464
17.0,53.0,0.3115717660207415
17.0,54.0,0.330321635898653
17.0,55.0,0.3501953543911438
17.0,56.0,0.371261527029106
17.0,57.0,0.3935929791395155
17.0,58.0,0.4172671186793336
17.0,59.0,0.4423661536489702
17.0,60.0,0.46897749978392056
17.0,61.0,0.49719404116891347
17.0,62.0,0.5271145902158899
17.0,63.0,0.5588441997316175
17.0,64.0,0.5924946841534084
17.0,65.0,0.6281849930352945
17.0,66.0,0.6660418044000046
17.0,67.0,0.7061999716985061
17.0,68.0,0.7488032024354968
17.0,69.0,0.7940045931934725
17.0,70.0,0.8419674094688924
17.0,71.0,0.8928657264022154
17.0,72.0,0.9468853290844644
17.0,73.0,1.0042244802495635
17.0,74.0,1.065094964209197
17.0,75.0,1.1297230069489879
17.0,76.0,1.1983504912890757
17.0,77.0,1.2712360594897387
17.0,78.0,1.348656532044377
17.0,79.0,1.4309082277608185
17.0,80.0,1.5183086233390832
17.0,81.0,1.6111979303142363
17.0,82.0,1.7099410363419256
17.0,83.0,1.8149293810905105
17.0,84.0,1.9265832211921528
17.0,85.0,2.0453538457573734
17.0,86.0,2.1717262020131036
17.0,87.0,2.306221481254737
17.0,88.0,2.4494001255411217
17.0,89.0,2.6018647890253894
17.0,90.0,2.764263707794435
17.0,91.0,2.937293986732545
17.0,92.0,3.1217052380229546
17.0,93.0,3.3183030386560537
17.0,94.0,3.527952601155319
17.0,95.0,3.751582057505287
17.0,96.0,3.990185676121986
17.0,97.0,4.244826302882768
17.0,98.0,4.516637219816999
17.0,99.0,4.806822541891196
17.0,100.0,5.116656146239857
17.0,101.0,5.447478001999073
17.0,102.0,5.800687607611942
17.0,103.0,6.1777330657547855
17.0,104.0,6.580095143908896
17.0,105.0,7.009264479103007
17.0,106.0,7.46671095179111
17.0,107.0,7.9538431699475485
17.0,108.0,8.471957099530085
17.0,109.0,9.022172158285047
17.0,110.0,9.605354754495988
17.0,111.0,10.222029310605532
17.0,112.0,10.872279478709974
17.0,113.0,11.555643443386769
17.0,114.0,12.271010970105513
17.0,115.0,13.01653176397338
17.0,116.0,13.789548355168009
17.0,117.0,14.586567131594139
17.0,118.0,15.40328146520277
17.0,119.0,16.234656073126324
17.0,120.0,17.07507569448929
17.0,121.0,17.918550422807552
17.0,122.0,18.758960821196435
17.0,123.0,19.590316952001796
17.0,124.0,20.40700349189212
17.0,125.0,21.203985064059697
17.0,126.0,21.97695491468221
17.0,127.0,22.722419273657593
17.0,128.0,23.43772048033709
17.0,129.0,24.121008015571444
17.0,130.0,24.771171386314023
17.0,131.0,25.387748483533514
17.0,132.0,25.970822629541836
17.0,133.0,26.520917879750158
17.0,134.0,27.0389002368143
17.0,135.0,27.525888672925085
17.0,136.0,27.983178666925433
17.0,137.0,28.41217829649758
17.0,138.0,28.814356866691902
17.0,139.0,29.191204392085588
17.0,140.0,29.544200968398577
17.0,141.0,29.874793974942733
17.0,142.0,30.184382132573848
17.0,143.0,30.47430457592198
17.0,144.0,30.7458342876827
17.0,145.0,31.000174425298407
17.0,146.0,31.238457246736484
17.0,147.0,31.461744503602137
17.0,148.0,31.67102929588511
17.0,149.0,31.867238508722277
17.0,150.0,32.05123602486925
17.0,151.0,32.223826003678035
17.0,152.0,32.385756546692626
17.0,153.0,32.53772314941988
17.0,154.0,32.68037233397686
17.0,155.0,32.81430492930708
17.0,156.0,32.940079434330286
17.0,157.0,33.05821497156998
17.0,158.0,33.16919428618804
17.0,159.0,33.27346632300369
17.0,160.0,33.37144884333664
17.0,161.0,33.46353063015125
17.0,162.0,33.55007374287845
17.0,163.0,33.631415381251756
17.0,164.0,33.707869814886095
17.0,165.0,33.77972994618014
17.0,166.0,33.84726895631328
17.0,167.0,33.91074160894249
17.0,168.0,33.970385653178475
17.0,169.0,34.02642290702987
17.0,170.0,34.0790604540702
17.0,171.0,34.128491541074126
17.0,172.0,34.174896600246605
17.0,173.0,34.21844399053083
17.0,174.0,34.25929087235092
17.0,175.0,34.29758381728615
17.0,176.0,34.33345955771266
17.0,177.0,34.367045485218746
17.0,178.0,34.39846029349598
17.0,179.0,34.427814382115244
17.0,180.0,34.455210407559846
17.0,181.0,34.480743605804044
17.0,182.0,34.50450226349348
17.0,183.0,34.526567970152946
17.0,184.0,34.54701601919159
17.0,185.0,34.56591559851569
17.0,186.0,34.58333012929026
17.0,187.0,34.59931740230061
17.0,188.0,34.61392986133507
17.0,189.0,34.62721469197737
17.0,190.0,34.639214056310465
17.0,191.0,34.64996514124324
17.0,192.0,34.659500352396186
17.0,193.0,34.66784733113213
17.0,194.0,34.67502911870177
17.0,195.0,34.6810641557925
17.0,196.0,34.685966434455004
17.0,197.0,34.68974550264421
17.0,198.0,34.69240663284325
17.0,199.0,34.693950868753554
17.0,200.0,34.69437525811558
17.0,201.0,34.69367300174431
17.0,202.0,34.69183382598478
17.0,203.0,34.68884432722629
17.0,204.0,34.68468859689283
17.0,205.0,34.67934889505291
17.0,206.0,34.6728066812977
17.0,207.0,34.665043786104974
17.0,208.0,34.65604402207086
17.0,209.0,34.645795016309805
17.0,210.0,34.63429052750573
17.0,211.0,34.62153298845918
17.0,212.0,34.607536450928315
17.0,213.0,34.59232957216049
17.0,214.0,34.57595866970941
17.0,215.0,34.558490330591816
17.0,216.0,34.540013433924905
17.0,217.0,34.520639965772055
17.0,218.0,34.5005044559234
17.0,219.0,34.47976155178169
17.0,220.0,34.45858186107366
17.0,221.0,34.43714606695117
17.0,222.0,34.41563800896667
17.0,223.0,34.39423726197257
17.0,224.0,34.373112211241335
17.0,225.0,34.3524141639856
17.0,226.0,34.332273174446996
17.0,227.0,34.312795610499776
17.0,228.0,34.29406356087076
17.0,229.0,34.27613563875909
17.0,230.0,34.259048962685874
17.0,231.0,34.24282175011051
17.0,232.0,34.227456317819325
17.0,233.0,34.21294204809595
17.0,234.0,34.19925826594492
17.0,235.0,34.18637675580349
17.0,236.0,34.17426399709119
17.0,237.0,34.16288296448463
17.0,238.0,34.15219464290435
17.0,239.0,34.14215915946706
17.0,240.0,34.13273670233042
17.0,241.0,34.12388814640293
17.0,242.0,34.11557554925444
17.0,243.0,34.10776243780469
17.0,244.0,34.10041403314766
17.0,245.0,34.09349733012436
17.0,246.0,34.086981162167504
17.0,247.0,34.08083616485987
17.0,248.0,34.07503475410173
17.0,249.0,34.06955103143962
17.0,250.0,34.06436072051359
17.0,251.0,34.05944104844933
17.0,252.0,34.05477066647082
17.0,253.0,34.05032952642301
17.0,254.0,34.04609879945085
17.0,255.0,34.04206075740408
17.0,256.0,34.03819869632567
17.0,257.0,34.03449682705052
17.0,258.0,34.03094020615855
17.0,259.0,34.02751463704392
17.0,260.0,34.02420660876401
17.0,261.0,34.021003207251255
17.0,262.0,34.01789206135296
17.0,263.0,34.0148612630731
17.0,264.0,34.01189931957231
17.0,265.0,34.00899508099107
17.0,266.0,34.00613769697921
17.0,267.0,34.00331655054739
17.0,268.0,34.000521217654324
17.0,269.0,33.99774140553433
17.0,270.0,33.9949669138944
17.0,271.0,33.99218757620125
17.0,272.0,33.98939322107697
17.0,273.0,33.98657361506132
17.0,274.0,33.98371842281717
17.0,275.0,33.9808171498947
17.0,276.0,33.977859100354394
17.0,277.0,33.97483331804347
17.0,278.0,33.971728540215025
17.0,279.0,33.96853313578923
17.0,280.0,33.96523505350357
17.0,281.0,33.96182175559001
17.0,282.0,33.95828015896036
17.0,283.0,33.95459656272383
17.0,284.0,33.95075658094491
17.0,285.0,33.94674506252423
17.0,286.0,33.942546014258895
17.0,287.0,33.938142511938
17.0,288.0,33.933516612953085
17.0,289.0,33.92864925823721
17.0,290.0,33.92352017480053
17.0,291.0,33.91810776973809
17.0,292.0,33.91238902528048
17.0,293.0,33.90633938912142
17.0,294.0,33.89993266865129
17.0,295.0,33.89314092728515
17.0,296.0,33.88593439169424
17.0,297.0,33.87828137311932
17.0,298.0,33.87014821338757
17.0,299.0,33.861499265409755
17.0,300.0,33.85229692282844
17.0,301.0,33.84250171737463
17.0,302.0,33.83207250532463
17.0,303.0,33.820966772692245
17.0,304.0,33.80914108945956
17.0,305.0,33.79655175436719
17.0,306.0,33.78315566860826
17.0,307.0,33.768911487274146
17.0,308.0,33.75378108554078
17.0,309.0,33.737731378663625
17.0,310.0,33.720736504876214
17.0,311.0,33.70278036183656
17.0,312.0,33.683859427123224
17.0,313.0,33.6639857439132
17.0,314.0,33.64318986031288
17.0,315.0,33.62152344197964
17.0,316.0,33.59906118729817
17.0,317.0,33.575901649190975
17.0,318.0,33.552166571727355
17.0,319.0,33.5279984737484
17.0,320.0,33.50355639804444
17.0,321.0,33.479010038323494
17.0,322.0,33.45453273271
17.0,323.0,33.430294056060845
17.0,324.0,33.406452813145826
17.0,325.0,33.383151164612514
17.0,326.0,33.360510375203916
17.0,327.0,33.33862839536128
17.0,328.0,33.31757919621623
17.0,329.0,33.297413588330706
17.0,330.0,33.27816113457289
17.0,331.0,33.25983275857413
17.0,332.0,33.24242368103823
17.0,333.0,33.22591640009828
17.0,334.0,33.210283508019174
17.0,335.0,33.19549022108678
17.0,336.0,33.18149655787648
17.0,337.0,33.168259151355215
17.0,338.0,33.155732709521175
17.0,339.0,33.14387115749998
17.0,340.0,33.132628504676724
17.0,341.0,33.121959478535224
17.0,342.0,33.11181997119158
17.0,343.0,33.102167331861715
17.0,344.0,33.09296054434081
17.0,345.0,33.08416030965778
17.0,346.0,33.07572906529128
17.0,347.0,33.0676309487468
17.0,348.0,33.05983173147648
17.0,349.0,33.052298720771084
17.0,350.0,33.04500065297666
17.0,351.0,33.037907567565384
17.0,352.0,33.030990685132
17.0,353.0,33.024222272233075
17.0,354.0,33.01757551761098
17.0,355.0,33.01102439701344
17.0,356.0,33.00454355386859
17.0,357.0,32.99810816777876
17.0,358.0,32.99169384169834
17.0,359.0,32.985276474662065
17.0,360.0,32.97883215518725
17.0,361.0,32.97233703706905
17.0,362.0,32.965767237459815
17.0,363.0,32.959098713626155
17.0,364.0,32.95230716346628
17.0,365.0,32.94536790059974
17.0,366.0,32.938255754677996
17.0,367.0,32.93094494184068
17.0,368.0,32.92340896188148
17.0,369.0,32.915620460822566
17.0,370.0,32.90755112171409
17.0,371.0,32.899171515772395
17.0,372.0,32.89045098325861
17.0,373.0,32.88135746925281
17.0,374.0,32.87185739064452
17.0,375.0,32.86191545215515
17.0,376.0,32.851494494973174
17.0,377.0,32.840555288096084
17.0,378.0,32.829056353575275
17.0,379.0,32.81695372766456
17.0,380.0,32.804200757065104
17.0,381.0,32.79074782383108
17.0,382.0,32.7765421065555
17.0,383.0,32.76152726267884
17.0,384.0,32.7456431484846
17.0,385.0,32.728825452729154
17.0,386.0,32.71100537008639
17.0,387.0,32.692109181485804
17.0,388.0,32.67205787808105
17.0,389.0,32.65076668743333
17.0,390.0,32.62814465059727
17.0,391.0,32.60409410116137
17.0,392.0,32.57851020902808
17.0,393.0,32.55128043437336
17.0,394.0,32.52228407201822
17.0,395.0,32.491391729459224
17.0,396.0,32.45846494141642
17.0,397.0,32.42335576756909
17.0,398.0,32.38590660669444
17.0,399.0,32.34595008578727
17.0,400.0,32.30330929847769
17.0,401.0,32.257798274591636
17.0,402.0,32.20922300918594
17.0,403.0,32.157382968113694
17.0,404.0,32.10207346296033
17.0,405.0,32.04308885212627
17.0,406.0,31.980227020582543
17.0,407.0,31.913295112487305
17.0,408.0,31.84211698140441
17.0,409.0,31.76654226469199
17.0,410.0,31.686457425816272
17.0,411.0,31.60179841084453
17.0,412.0,31.51256488786025
17.0,413.0,31.418835150345696
17.0,414.0,31.320780960520256
17.0,415.0,31.218680589137637
17.0,416.0,31.112928548502783
17.0,417.0,31.00403968096339
17.0,418.0,30.892646010327738
17.0,419.0,30.7794846433387
17.0,420.0,30.665376696051517
17.0,421.0,30.551197917220637
17.0,422.0,30.43784384939363
17.0,423.0,30.326192785658968
17.0,424.0,30.21707094338313
17.0,425.0,30.11122309741701
17.0,426.0,30.009291544530406
17.0,427.0,29.911804024806266
17.0,428.0,29.81917063691342
17.0,429.0,29.731687957186725
17.0,430.0,29.649548862948098
17.0,431.0,29.572855614427265
17.0,432.0,29.50163481578571
17.0,433.0,29.435852373341703
17.0,434.0,29.375427881288072
17.0,435.0,29.320247347273565
17.0,436.0,29.270174411205303
17.0,437.0,29.22505950487565
17.0,438.0,29.184747510796665
17.0,439.0,29.149083598530215
17.0,440.0,29.117917947549582
17.0,441.0,29.091109073313074
17.0,442.0,29.068526482643588
17.0,443.0,29.050052328911278
17.0,444.0,29.035582762259278
17.0,445.0,29.02502857739072
17.0,446.0,29.01831581799398
17.0,447.0,29.01538587742357
17.0,448.0,29.01619572851374
17.0,449.0,29.020717771813363
17.0,450.0,29.028939921258395
17.0,451.0,29.04086537828781
17.0,452.0,29.05651270969061
17.0,453.0,29.07591565113937
17.0,454.0,29.099123255049598
17.0,455.0,29.12619978209822
17.0,456.0,29.15722496288618
17.0,457.0,29.192294010754583
17.0,458.0,29.231518022720582
17.0,459.0,29.275024134087754
17.0,460.0,29.32295607558587
17.0,461.0,29.375474485125086
17.0,462.0,29.43275763554295
17.0,463.0,29.495001918436493
17.0,464.0,29.56242275814771
17.0,465.0,29.635255285213283
17.0,466.0,29.713755455926965
17.0,467.0,29.798200937642104
17.0,468.0,29.88889245877361
17.0,469.0,29.986154934517348
17.0,470.0,30.090339079195957
17.0,471.0,30.201822808736768
17.0,472.0,30.32101315571747
17.0,473.0,30.448347994106445
17.0,474.0,30.58429830717283
17.0,475.0,30.729370290462523
17.0,476.0,30.884108033760413
17.0,477.0,31.049096069796885
17.0,478.0,31.22496254326127
17.0,479.0,31.412382284632987
17.0,480.0,31.612080550824253
17.0,481.0,31.824836714314078
17.0,482.0,32.05148866921418
17.0,483.0,32.29293723256842
17.0,484.0,32.55015131237232
17.0,485.0,32.82417311487489
17.0,486.0,33.1161241597688
17.0,487.0,33.42721136446838
17.0,488.0,33.75873395287615
17.0,489.0,34.11209042717814
17.0,490.0,34.48878632706103
17.0,491.0,34.89044197135341
17.0,492.0,35.318800845298725
17.0,493.0,35.77573774838624
17.0,494.0,36.26326725479804
17.0,495.0,36.78355146027123
17.0,496.0,37.33890737626542
17.0,497.0,37.93181270711456
17.0,498.0,38.564910057920734
17.0,499.0,39.24100792683039
17.0,500.0,39.963078044812406
17.0,501.0,40.73424684359012
17.0,502.0,41.55777992303758
17.0,503.0,42.4370565252979
17.0,504.0,43.37553202747371
17.0,505.0,44.376684608451484
17.0,506.0,45.44394332562457
17.0,507.0,46.58059326705948
17.0,508.0,47.78965502141413
17.0,509.0,49.07373503169147
17.0,510.0,50.4348462700681
17.0,511.0,51.8741998568515
17.0,512.0,53.39197342544017
17.0,513.0,54.98706591007941
17.0,514.0,56.65685613732222
17.0,515.0,58.39698820155385
17.0,516.0,60.20121400584217
17.0,517.0,62.06132547226273
17.0,518.0,63.96720849151958
17.0,519.0,65.90704064354934
17.0,520.0,67.86763928007075
17.0,521.0,69.83494266037036
17.0,522.0,71.79458395998215
17.0,523.0,73.7324982070195
17.0,524.0,75.6354962738655
17.0,525.0,77.49174600235511
17.0,526.0,79.2911202351918
17.0,527.0,81.02539451499459
17.0,528.0,82.68830094814435
17.0,529.0,84.27546038189024
17.0,530.0,85.78422482394203
17.0,531.0,87.21346277203313
17.0,532.0,88.56331764743486
17.0,533.0,89.83496252253013
17.0,534.0,91.03036828954147
17.0,535.0,92.15209520317924
17.0,536.0,93.20311331892684
17.0,537.0,94.1866527519794
17.0,538.0,95.10608286780258
17.0,539.0,95.96481731807151
17.0,540.0,96.7662417921725
17.0,541.0,97.51366054288131
17.0,542.0,98.21025850430473
17.0,543.0,98.8590755957411
17.0,544.0,99.46299076041393
17.0,545.0,100.02471322904367
17.0,546.0,100.54677937182072
17.0,547.0,101.0315534462924
17.0,548.0,101.48123125208478
17.0,549.0,101.89784561660274
17.0,550.0,102.28327316324678
17.0,551.0,102.63924171140908
17.0,552.0,102.96733802935515
17.0,553.0,103.26901556983847
17.0,554.0,103.54560205763886
17.0,555.0,103.79830674179017
17.0,556.0,104.02822725025403
17.0,557.0,104.23635598093789
17.0,558.0,104.42358598593063
17.0,559.0,104.59071636664814
17.0,560.0,104.73845712622563
17.0,561.0,104.86743355889004
17.0,562.0,104.97819009484078
17.0,563.0,105.07119373016354
17.0,564.0,105.1468369226974
17.0,565.0,105.20544012651257
17.0,566.0,105.24725380289976
17.0,567.0,105.27246012017481
17.0,568.0,105.28117413427998
17.0,569.0,105.27344470037063
17.0,570.0,105.24925485995185
17.0,571.0,105.2085219907538
17.0,572.0,105.15109741576987
17.0,573.0,105.07676579517286
17.0,574.0,104.98524394910505
17.0,575.0,104.8761794713003
17.0,576.0,104.74914873312615
17.0,577.0,104.60365467410668
17.0,578.0,104.43912393047273
17.0,579.0,104.2549037340282
17.0,580.0,104.05025808576877
17.0,581.0,103.82436367349125
17.0,582.0,103.57630499268107
17.0,583.0,103.30506917882367
17.0,584.0,103.00953996912686
17.0,585.0,102.68849134503641
17.0,586.0,102.34058023945518
17.0,587.0,101.96433891192935
17.0,588.0,101.55816635474788
17.0,589.0,101.12031940129863
17.0,590.0,100.64890290180105
17.0,591.0,100.14185973483663
17.0,592.0,99.59696006171357
17.0,593.0,99.01179073911518
17.0,594.0,98.3837444052771
17.0,595.0,97.71000938496006
17.0,596.0,96.98756014328946
17.0,597.0,96.2131497945046
17.0,598.0,95.383304773418
17.0,599.0,94.49432373026723
17.0,600.0,93.54228136387044
17.0,601.0,92.52304006531904
17.0,602.0,91.43227097147637
17.0,603.0,90.2654883816249
17.0,604.0,89.01810024514437
17.0,605.0,87.68547986039178
17.0,606.0,86.26306248882364
17.0,607.0,84.7464727268178
17.0,608.0,83.13168628494469
17.0,609.0,81.41523085465047
17.0,610.0,79.59442672161975
17.0,611.0,77.66766640960768
17.0,612.0,75.63472542950568
17.0,613.0,73.49709131879298
17.0,614.0,71.25828746622679
17.0,615.0,68.92416110777498
17.0,616.0,66.5030945016436
17.0,617.0,64.00609594011904
17.0,618.0,61.44672729303
17.0,619.0,58.840838836894
17.0,620.0,56.20610219523986
17.0,621.0,53.56136496613999
17.0,622.0,50.92588055584446
17.0,623.0,48.318494038462795
17.0,624.0,45.756871976527805
17.0,625.0,43.256857039844014
17.0,626.0,40.832000906471904
17.0,627.0,38.49329907423094
17.0,628.0,36.24911833816967
17.0,629.0,34.10528777524725
17.0,630.0,32.065309826063256
17.0,631.0,30.130648253261825
17.0,632.0,28.30105184468398
17.0,633.0,26.574883403760236
17.0,634.0,24.94943034756085
17.0,635.0,23.421184288538537
17.0,636.0,21.98608146582752
17.0,637.0,20.63970353493584
17.0,638.0,19.377439131962547
17.0,639.0,18.194611151241364
17.0,640.0,17.08657310905591
17.0,641.0,16.04878072839843
17.0,642.0,15.076842138042723
17.0,643.0,14.166552151832489
17.0,644.0,13.313912991971234
17.0,645.0,12.5151457681986
17.0,646.0,11.766693935072817
17.0,647.0,11.065221990495026
17.0,648.0,10.407609720794765
17.0,649.0,9.79094447582084
17.0,650.0,9.2125111401445
17.0,651.0,8.669781760490773
17.0,652.0,8.160404086145322
17.0,653.0,7.6821906523867245
17.0,654.0,7.233107417735868
17.0,655.0,6.811263385307974
17.0,656.0,6.414900080248287
17.0,657.0,6.042382195846731
17.0,658.0,5.6921882083406805
17.0,659.0,5.362902204486649
17.0,660.0,5.053205690246425
17.0,661.0,4.761870584307897
17.0,662.0,4.487752156840124
17.0,663.0,4.22978309212583
17.0,664.0,3.986967441224732
17.0,665.0,3.7583756258873113
17.0,666.0,3.5431392734394405
17.0,667.0,3.340447029692259
17.0,668.0,3.149540147602377
17.0,669.0,2.969708985376635
17.0,670.0,2.8002892323025828
17.0,671.0,2.6406589821306423
17.0,672.0,2.490235494375373
17.0,673.0,2.3484727483283208
17.0,674.0,2.2148586532368855
17.0,675.0,2.0889130029550422
17.0,676.0,1.9701850623515407
17.0,677.0,1.8582518557554137
17.0,678.0,1.7527160691892978
17.0,679.0,1.653204617124676
17.0,680.0,1.5593668105716305
17.0,681.0,1.470873156242965
17.0,682.0,1.3874137492621363
17.0,683.0,1.3086972668049686
17.0,684.0,1.2344495514061165
17.0,685.0,1.1644127677134248
17.0,686.0,1.098344148298572
17.0,687.0,1.036015287539821
17.0,688.0,0.9772110266859214
17.0,689.0,0.921728863279728
17.0,690.0,0.869377956175867
17.0,691.0,0.8199786325072755
17.0,692.0,0.7733614965800208
17.0,693.0,0.7293670193172225
17.0,694.0,0.6878447375857428
17.0,695.0,0.6486529134517083
17.0,696.0,0.6116578126464645
17.0,697.0,0.5767334229369723
17.0,698.0,0.5437608022043561
17.0,699.0,0.512627846853487
17.0,700.0,0.48322870143097646
17.0,701.0,0.4554635693378859
17.0,702.0,0.4292381771148665
17.0,703.0,0.40446362083364396
17.0,704.0,0.3810558791730708
17.0,705.0,0.35893568979164964
17.0,706.0,0.338028106147882
17.0,707.0,0.31826239893187785
17.0,708.0,0.299571652277225
17.0,709.0,0.2818926859821054
17.0,710.0,0.2651656873425137
17.0,711.0,0.24933415044423052
17.0,712.0,0.23434454033826332
17.0,713.0,0.22014624615212902
17.0,714.0,0.20669127474367632
17.0,715.0,0.19393421477757994
17.0,716.0,0.18183195734594174
17.0,717.0,0.17034366849512197
17.0,718.0,0.15943053460097262
17.0,719.0,0.14905574112136763
17.0,720.0,0.13918424076889693
17.0,721.0,0.1297827365132044
17.0,722.0,0.1208194708112069
17.0,723.0,0.11226421109670112
17.0,724.0,0.10408805851315
17.0,725.0,0.09626343431095574
17.0,726.0,0.0887639066850429
17.0,727.0,0.08156417665677952
17.0,728.0,0.07463992175162895
17.0,729.0,0.06796778007626285
17.0,730.0,0.06152520968342501
17.0,731.0,0.055290469668039764
17.0,732.0,0.04924249415955068
17.0,733.0,0.04336086935600572
17.0,734.0,0.03762572116046003
17.0,735.0,0.03201768715091422
17.0,736.0,0.026517816938472733
17.0,737.0,0.02110753813506799
17.0,738.0,0.015768568558179315
17.0,739.0,0.010482875308629095
17.0,740.0,0.005232597980739155
17.0,741.0,0.0
18.0,0.0,0.0
18.0,1.0,0.0017619752565857943
18.0,2.0,0.003529903902655738
18.0,3.0,0.005309760182597015
18.0,4.0,0.007107556853182241
18.0,5.0,0.008929369507934139
18.0,6.0,0.01078135131097967
18.0,7.0,0.012669761065033251
18.0,8.0,0.014600975301058678
18.0,9.0,0.016581520370052717
18.0,10.0,0.01861808217757932
18.0,11.0,0.020717542589579554
18.0,12.0,0.02288698711461792
18.0,13.0,0.025133745928189972
18.0,14.0,0.027465399823678852
18.0,15.0,0.02988982617833853
18.0,16.0,0.032415203516817086
18.0,17.0,0.035050062765506575
18.0,18.0,0.03780329080045589
18.0,19.0,0.040684187365540074
18.0,20.0,0.04370246801017025
18.0,21.0,0.046868327081299545
18.0,22.0,0.05019244049617018
18.0,23.0,0.05368603525922408
18.0,24.0,0.057360892561977926
18.0,25.0,0.061229424324281134
18.0,26.0,0.06530467716821625
18.0,27.0,0.06960041653986744
18.0,28.0,0.07413113216804391
18.0,29.0,0.07891213038903297
18.0,30.0,0.0839595417753213
18.0,31.0,0.08929042236322259
18.0,32.0,0.09492276422330706
18.0,33.0,0.10087560638116252
18.0,34.0,0.10716904920198425
18.0,35.0,0.11382437590030564
18.0,36.0,0.12086407172865013
18.0,37.0,0.1283119570956166
18.0,38.0,0.13619321268571416
18.0,39.0,0.144534525350096
18.0,40.0,0.1533641204454474
18.0,41.0,0.16271192183209734
18.0,42.0,0.1726095929087367
18.0,43.0,0.18309071225373388
18.0,44.0,0.1941908250552251
18.0,45.0,0.20594763616955575
18.0,46.0,0.21840107390994787
18.0,47.0,0.2315935025789033
18.0,48.0,0.24556980089190328
18.0,49.0,0.2603775963780011
18.0,50.0,0.27606736108856283
18.0,51.0,0.29269267066404864
18.0,52.0,0.3103103204248557
18.0,53.0,0.3289806123870611
18.0,54.0,0.34876749536915486
18.0,55.0,0.3697388838231714
18.0,56.0,0.3919668262371997
18.0,57.0,0.41552786035254835
18.0,58.0,0.4405032149211595
18.0,59.0,0.4669792067302056
18.0,60.0,0.495047481714166
18.0,61.0,0.5248054602361252
18.0,62.0,0.5563566246891377
18.0,63.0,0.589811020723515
18.0,64.0,0.6252855998381148
18.0,65.0,0.6629047857334516
18.0,66.0,0.7028008820298748
18.0,67.0,0.7451147147063809
18.0,68.0,0.7899961170265886
18.0,69.0,0.8376046611263434
18.0,70.0,0.8881102345071947
18.0,71.0,0.9416938762793736
18.0,72.0,0.9985484621980324
18.0,73.0,1.0588796638319795
18.0,74.0,1.1229067620195359
18.0,75.0,1.1908637502244046
18.0,76.0,1.263000299324765
18.0,77.0,1.3395830294073283
18.0,78.0,1.4208966516431065
18.0,79.0,1.507245435289823
18.0,80.0,1.5989545544009691
18.0,81.0,1.6963717779694947
18.0,82.0,1.799869049170038
18.0,83.0,1.9098444247916468
18.0,84.0,2.0267239105209582
18.0,85.0,2.150963668313275
18.0,86.0,2.2830521192786346
18.0,87.0,2.4235124197492195
18.0,88.0,2.572904817597643
18.0,89.0,2.7318293617439378
18.0,90.0,2.900928448374219
18.0,91.0,3.080889662051282
18.0,92.0,3.2724483597117744
18.0,93.0,3.476390425023689
18.0,94.0,3.6935545864265578
18.0,95.0,3.9248346711084805
18.0,96.0,4.171181104463762
18.0,97.0,4.433601936276936
18.0,98.0,4.713162578139153
18.0,99.0,5.010984394321928
18.0,100.0,5.328241153586043
18.0,101.0,5.666153290383231
18.0,102.0,6.025978755173357
18.0,103.0,6.409000168919978
18.0,104.0,6.816506820335473
18.0,105.0,7.249771018576474
18.0,106.0,7.710017203405491
18.0,107.0,8.19838333544533
18.0,108.0,8.715873196681247
18.0,109.0,9.263299695245946
18.0,110.0,9.841218832373427
18.0,111.0,10.449856049179354
18.0,112.0,11.089026912107101
18.0,113.0,11.758056853325973
18.0,114.0,12.455705465468064
18.0,115.0,13.180103782261634
18.0,116.0,13.928713259613788
18.0,117.0,14.698316662255788
18.0,118.0,15.485048789892453
18.0,119.0,16.284472948352704
18.0,120.0,17.091702879745238
18.0,121.0,17.901564563691483
18.0,122.0,18.70878475470233
18.0,123.0,19.508189399500814
18.0,124.0,20.294892174294965
18.0,125.0,21.064456285766664
18.0,126.0,21.81301640091365
18.0,127.0,22.537355117709176
18.0,128.0,23.23493369072182
18.0,129.0,23.90388291701767
18.0,130.0,24.542962116487082
18.0,131.0,25.151496411474476
18.0,132.0,25.729301020518136
18.0,133.0,26.27660099747292
18.0,134.0,26.7939519156987
18.0,135.0,27.282166213278522
18.0,136.0,27.742247158429787
18.0,137.0,28.175332152421767
18.0,138.0,28.582645028220032
18.0,139.0,28.965457438545307
18.0,140.0,29.32505796382619
18.0,141.0,29.662728462343136
18.0,142.0,29.979726064870736
18.0,143.0,30.277270326232326
18.0,144.0,30.556534072569843
18.0,145.0,30.818637659174847
18.0,146.0,31.064645418746156
18.0,147.0,31.295564248415193
18.0,148.0,31.512343343037468
18.0,149.0,31.71587521699288
18.0,150.0,31.90699719886341
18.0,151.0,32.08649368042223
18.0,152.0,32.255098429143416
18.0,153.0,32.41349733688501
18.0,154.0,32.562330997493156
18.0,155.0,32.702197541453124
18.0,156.0,32.83365517472073
18.0,157.0,32.9572248808662
18.0,158.0,33.07339276885596
18.0,159.0,33.1826125407112
18.0,160.0,33.28530758452495
18.0,161.0,33.38187317220746
18.0,162.0,33.47267828335119
18.0,163.0,33.558067533614874
18.0,164.0,33.63836274074138
18.0,165.0,33.71386460198159
18.0,166.0,33.784854025468036
18.0,167.0,33.8515935825278
18.0,168.0,33.91432863175002
18.0,169.0,33.973288573762645
18.0,170.0,34.02868779531248
18.0,171.0,34.08072675284847
18.0,172.0,34.12959276186357
18.0,173.0,34.17546093302982
18.0,174.0,34.218494829127316
18.0,175.0,34.25884727440165
18.0,176.0,34.29666089828042
18.0,177.0,34.33206883554762
18.0,178.0,34.36519517306386
18.0,179.0,34.39615555551727
18.0,180.0,34.425057548689495
18.0,181.0,34.45200116306621
18.0,182.0,34.47707914491227
18.0,183.0,34.50037742797304
18.0,184.0,34.52197536179613
18.0,185.0,34.54194610018948
18.0,186.0,34.560356774930504
18.0,187.0,34.57726882866759
18.0,188.0,34.592738141524954
18.0,189.0,34.60681531592362
18.0,190.0,34.61954576386376
18.0,191.0,34.630969952015725
18.0,192.0,34.64112345905039
18.0,193.0,34.6500371918291
18.0,194.0,34.657737425703104
18.0,195.0,34.664246007506335
18.0,196.0,34.66958039820772
18.0,197.0,34.673753886792284
18.0,198.0,34.676775665277695
18.0,199.0,34.67865109080134
18.0,200.0,34.67938183913763
18.0,201.0,34.67896627152847
18.0,202.0,34.677399735099335
18.0,203.0,34.674675115851564
18.0,204.0,34.67078338079362
18.0,205.0,34.66571442446016
18.0,206.0,34.659457969663016
18.0,207.0,34.65200482796427
18.0,208.0,34.64334827254195
18.0,209.0,34.633485803195455
18.0,210.0,34.62242103609457
18.0,211.0,34.610165942281
18.0,212.0,34.59674311102103
18.0,213.0,34.58218816707241
18.0,214.0,34.566551925969684
18.0,215.0,34.54990230105678
18.0,216.0,34.532325463590524
18.0,217.0,34.51392620988337
18.0,218.0,34.4948270681002
18.0,219.0,34.475166212541424
18.0,220.0,34.45509396176717
18.0,221.0,34.434768247909865
18.0,222.0,34.41434920941479
18.0,223.0,34.39399360775932
18.0,224.0,34.373849418329584
18.0,225.0,34.354051287387854
18.0,226.0,34.33471702454333
18.0,227.0,34.315945492227826
18.0,228.0,34.29781570286297
18.0,229.0,34.280387148496835
18.0,230.0,34.26370094698627
18.0,231.0,34.24778169846405
18.0,232.0,34.232639621960686
18.0,233.0,34.21827290855371
18.0,234.0,34.20466996071935
18.0,235.0,34.19181155252846
18.0,236.0,34.17967268930509
18.0,237.0,34.16822427934471
18.0,238.0,34.15743446967514
18.0,239.0,34.14726979729154
18.0,240.0,34.137696044669426
18.0,241.0,34.12867895992683
18.0,242.0,34.12018474424576
18.0,243.0,34.11218045999327
18.0,244.0,34.10463426536569
18.0,245.0,34.09751561617498
18.0,246.0,34.09079534065044
18.0,247.0,34.084445714342905
18.0,248.0,34.078440441260504
18.0,249.0,34.07275465610094
18.0,250.0,34.06736485523578
18.0,251.0,34.062248860833456
18.0,252.0,34.0573857286077
18.0,253.0,34.052755694651516
18.0,254.0,34.04834007567301
18.0,255.0,34.04412121036899
18.0,256.0,34.040082360732406
18.0,257.0,34.0362076541864
18.0,258.0,34.03248199018522
18.0,259.0,34.02889098596795
18.0,260.0,34.02542089010985
18.0,261.0,34.022058532816196
18.0,262.0,34.01879124663162
18.0,263.0,34.015606821123896
18.0,264.0,34.012493430178736
18.0,265.0,34.00943959036385
18.0,266.0,34.00643409384372
18.0,267.0,34.00346596944368
18.0,268.0,34.00052442003938
18.0,269.0,33.99759878522485
18.0,270.0,33.99467848196101
18.0,271.0,33.9917529677104
18.0,272.0,33.98881168310809
18.0,273.0,33.985844014414646
18.0,274.0,33.98283923696769
18.0,275.0,33.979786475801184
18.0,276.0,33.97667464863278
18.0,277.0,33.97349242349421
18.0,278.0,33.97022816000896
18.0,279.0,33.96686986288199
18.0,280.0,33.96340512023786
18.0,281.0,33.95982105185168
18.0,282.0,33.956104243381944
18.0,283.0,33.95224068833302
18.0,284.0,33.94821571719018
18.0,285.0,33.94401393236632
18.0,286.0,33.93961913163282
18.0,287.0,33.93501423585453
18.0,288.0,33.93018120688246
18.0,289.0,33.92510096894292
18.0,290.0,33.91975332259888
18.0,291.0,33.914116862588784
18.0,292.0,33.90816889201941
18.0,293.0,33.90188534280089
18.0,294.0,33.89524069858618
18.0,295.0,33.88820792954605
18.0,296.0,33.8807584396977
18.0,297.0,33.872862036743236
18.0,298.0,33.864486930609914
18.0,299.0,33.85559977280447
18.0,300.0,33.846165749572535
18.0,301.0,33.836148744854626
18.0,302.0,33.82551159411794
18.0,303.0,33.814216450226596
18.0,304.0,33.80222529073938
18.0,305.0,33.789500592242625
18.0,306.0,33.77600620626742
18.0,307.0,33.76170846093916
18.0,308.0,33.7465775174866
18.0,309.0,33.730588988419456
18.0,310.0,33.71372581806943
18.0,311.0,33.695980385066306
18.0,312.0,33.67735676246812
18.0,313.0,33.65787300875993
18.0,314.0,33.63756332487906
18.0,315.0,33.61647984381827
18.0,316.0,33.59469379652875
18.0,317.0,33.57229576966097
18.0,318.0,33.549394821420506
18.0,319.0,33.526116293757696
18.0,320.0,33.50259832209837
18.0,321.0,33.47898720923111
18.0,322.0,33.455432031564676
18.0,323.0,33.432078966517466
18.0,324.0,33.40906589824799
18.0,325.0,33.386517790872894
18.0,326.0,33.36454319660942
18.0,327.0,33.34323206661581
18.0,328.0,33.322654864174325
18.0,329.0,33.30286282038172
18.0,330.0,33.28388909625569
18.0,331.0,33.26575056955382
18.0,332.0,33.24844998682293
18.0,333.0,33.231978250834786
18.0,334.0,33.2163166744879
18.0,335.0,33.201439078883176
18.0,336.0,33.187313666292184
18.0,337.0,33.173904633023376
18.0,338.0,33.161173516901165
18.0,339.0,33.14908029260281
18.0,340.0,33.13758423695275
18.0,341.0,33.126644595831344
18.0,342.0,33.116221079095645
18.0,343.0,33.10627421778113
18.0,344.0,33.096765603611864
18.0,345.0,33.08765804188421
18.0,346.0,33.07891562813585
18.0,347.0,33.070503775833124
18.0,348.0,33.06238919598924
18.0,349.0,33.0545398535125
18.0,350.0,33.04692489287325
18.0,351.0,33.03951455729187
18.0,352.0,33.03228008691535
18.0,353.0,33.02519362124131
18.0,354.0,33.01822808502198
18.0,355.0,33.01135708527556
18.0,356.0,33.0045547929324
18.0,357.0,32.9977958401093
18.0,358.0,32.991055201070274
18.0,359.0,32.98430809199291
18.0,360.0,32.977529852151626
18.0,361.0,32.970695846360705
18.0,362.0,32.96378134571659
18.0,363.0,32.95676143170111
18.0,364.0,32.94961087489086
18.0,365.0,32.94230403898487
18.0,366.0,32.934814755316275
18.0,367.0,32.9271162246059
18.0,368.0,32.91918088471645
18.0,369.0,32.91098030758784
18.0,370.0,32.90248505735075
18.0,371.0,32.893664579589995
18.0,372.0,32.88448704662144
18.0,373.0,32.87491923591357
18.0,374.0,32.864926359003434
18.0,375.0,32.85447192557209
18.0,376.0,32.843517552133285
18.0,377.0,32.83202280792517
18.0,378.0,32.81994499918933
18.0,379.0,32.807238992768646
18.0,380.0,32.79385697159196
18.0,381.0,32.77974823178128
18.0,382.0,32.764858905037855
18.0,383.0,32.74913172538756
18.0,384.0,32.73250571482868
18.0,385.0,32.714915916977546
18.0,386.0,32.696293044103726
18.0,387.0,32.676563177548985
18.0,388.0,32.65564737800373
18.0,389.0,32.63346135776694
18.0,390.0,32.60991506321702
18.0,391.0,32.58491233353634
18.0,392.0,32.55835047702958
18.0,393.0,32.530119947623845
18.0,394.0,32.500103958388706
18.0,395.0,32.46817823505773
18.0,396.0,32.43421074570104
18.0,397.0,32.39806163537862
18.0,398.0,32.359583206790106
18.0,399.0,32.31862020879427
18.0,400.0,32.275010285774776
18.0,401.0,32.22858489091904
18.0,402.0,32.17917053527014
18.0,403.0,32.12659072279396
18.0,404.0,32.070668463803756
18.0,405.0,32.01122976003777
18.0,406.0,31.948107958967746
18.0,407.0,31.88114938366071
18.0,408.0,31.81022008861647
18.0,409.0,31.735214081005513
18.0,410.0,31.656062696068922
18.0,411.0,31.572745249164686
18.0,412.0,31.48530030940899
18.0,413.0,31.393837304285505
18.0,414.0,31.298547279026995
18.0,415.0,31.199712004894597
18.0,416.0,31.09770978527003
18.0,417.0,30.993016916048735
18.0,418.0,30.88620324497793
18.0,419.0,30.777921416588836
18.0,420.0,30.668889405670036
18.0,421.0,30.55986758396066
18.0,422.0,30.45163174243617
18.0,423.0,30.34494493988739
18.0,424.0,30.240530530328833
18.0,425.0,30.139049256343995
18.0,426.0,30.04108179807109
18.0,427.0,29.94711807170258
18.0,428.0,29.85755281516261
18.0,429.0,29.77268712951444
18.0,430.0,29.69273432295738
18.0,431.0,29.61782912837933
18.0,432.0,29.548038513262462
18.0,433.0,29.483373422935383
18.0,434.0,29.423800118748737
18.0,435.0,29.369250999567864
18.0,436.0,29.31963405747415
18.0,437.0,29.27484130104289
18.0,438.0,29.23475560940961
18.0,439.0,29.19925659895381
18.0,440.0,29.16822509637461
18.0,441.0,29.141546898012642
18.0,442.0,29.11911542570084
18.0,443.0,29.1008339766562
18.0,444.0,29.086617142321607
18.0,445.0,29.07639208080758
18.0,446.0,29.070099167790904
18.0,447.0,29.067692692994576
18.0,448.0,29.069141079279618
18.0,449.0,29.074427279341535
18.0,450.0,29.08354878682575
18.0,451.0,29.096517912239484
18.0,452.0,29.11336172810255
18.0,453.0,29.13412233561746
18.0,454.0,29.15885683129757
18.0,455.0,29.18763763247311
18.0,456.0,29.220552518801966
18.0,457.0,29.25770505843698
18.0,458.0,29.29921475799595
18.0,459.0,29.3452176165557
18.0,460.0,29.395866407210136
18.0,461.0,29.451331378945763
18.0,462.0,29.511800688527348
18.0,463.0,29.577481268061447
18.0,464.0,29.648599425476352
18.0,465.0,29.725401896507552
18.0,466.0,29.808156634167688
18.0,467.0,29.89715406697775
18.0,468.0,29.99270810177934
18.0,469.0,30.095157614697694
18.0,470.0,30.204867696981243
18.0,471.0,30.322231411062397
18.0,472.0,30.447671315521283
18.0,473.0,30.581641525433874
18.0,474.0,30.72462955975844
18.0,475.0,30.877158752582854
18.0,476.0,31.039790473777824
18.0,477.0,31.213126945173485
18.0,478.0,31.397813892386907
18.0,479.0,31.59454382624053
18.0,480.0,31.804059188708933
18.0,481.0,32.02715616294948
18.0,482.0,32.26468837652189
18.0,483.0,32.51757129950286
18.0,484.0,32.7867865585787
18.0,485.0,33.0733869653843
18.0,486.0,33.37850146730401
18.0,487.0,33.703340806451735
18.0,488.0,34.049203072908995
18.0,489.0,34.41747991054106
18.0,490.0,34.809662522901064
18.0,491.0,35.22734818621487
18.0,492.0,35.672246350741666
18.0,493.0,36.14618494836473
18.0,494.0,36.65111587707894
18.0,495.0,37.18912013320564
18.0,496.0,37.76241138363044
18.0,497.0,38.37333821755838
18.0,498.0,39.024383595506556
18.0,499.0,39.71816139073354
18.0,500.0,40.457408144912286
18.0,501.0,41.24496946020826
18.0,502.0,42.08377863528481
18.0,503.0,42.9768264010349
18.0,504.0,43.9271188183691
18.0,505.0,44.93762169971518
18.0,506.0,46.01118831690185
18.0,507.0,47.15046875981082
18.0,508.0,48.35779826372158
18.0,509.0,49.63506418744673
18.0,510.0,50.98355138924606
18.0,511.0,52.403769465031495
18.0,512.0,53.89526700837027
18.0,513.0,55.45644336017392
18.0,514.0,57.08437132476523
18.0,515.0,58.77465000209955
18.0,516.0,60.521308768162925
18.0,517.0,62.31678568558023
18.0,518.0,64.15199957070625
18.0,519.0,66.01652890245616
18.0,520.0,67.89889756456685
18.0,521.0,69.78695365525337
18.0,522.0,71.66831127671759
18.0,523.0,73.53081511425219
18.0,524.0,75.36298222022927
18.0,525.0,77.15438078793726
18.0,526.0,78.89591587710186
18.0,527.0,80.5800082507365
18.0,528.0,82.20066641372786
18.0,529.0,83.75346491461515
18.0,530.0,85.23544828479686
18.0,531.0,86.64498372402369
18.0,532.0,87.98158376127344
18.0,533.0,89.24571781837565
18.0,534.0,90.43862639908674
18.0,535.0,91.56214810004104
18.0,536.0,92.61856489780729
18.0,537.0,93.61046885626861
18.0,538.0,94.54065034448148
18.0,539.0,95.4120070782467
18.0,540.0,96.22747169461533
18.0,541.0,96.98995580657768
18.0,542.0,97.70230773967668
18.0,543.0,98.36728184713284
18.0,544.0,98.9875169522398
18.0,545.0,99.56552226120445
18.0,546.0,100.10366888728777
18.0,547.0,100.60418584863463
18.0,548.0,101.06915924133246
18.0,549.0,101.50053387642153
18.0,550.0,101.90011652415079
18.0,551.0,102.26958035227076
18.0,552.0,102.61047002146212
18.0,553.0,102.92420721030906
18.0,554.0,103.21209625584841
18.0,555.0,103.47532978394334
18.0,556.0,103.71499416997715
18.0,557.0,103.9320747486275
18.0,558.0,104.12746072248225
18.0,559.0,104.30194969553561
18.0,560.0,104.45625186209325
18.0,561.0,104.59099376107048
18.0,562.0,104.70672168962675
18.0,563.0,104.80390465582889
18.0,564.0,104.88293701744338
18.0,565.0,104.94414064776383
18.0,566.0,104.98776682282671
18.0,567.0,105.01399762717925
18.0,568.0,105.02294711648999
18.0,569.0,105.01466198760937
18.0,570.0,104.98912203648665
18.0,571.0,104.9462401064759
18.0,572.0,104.88586184857442
18.0,573.0,104.80776494734191
18.0,574.0,104.71165817469628
18.0,575.0,104.59717987641343
18.0,576.0,104.46389629405056
18.0,577.0,104.31129927859354
18.0,578.0,104.13880383934854
18.0,579.0,103.94574503691554
18.0,580.0,103.73137470548926
18.0,581.0,103.49485746796228
18.0,582.0,103.23526657287749
18.0,583.0,102.95157897515082
18.0,584.0,102.64267023753085
18.0,585.0,102.30730863983074
18.0,586.0,101.94414912845434
18.0,587.0,101.55172646976767
18.0,588.0,101.12844830891699
18.0,589.0,100.67258749325727
18.0,590.0,100.18227445415675
18.0,591.0,99.65548903324368
18.0,592.0,99.09005267710573
18.0,593.0,98.48362046333361
18.0,594.0,97.83367407269105
18.0,595.0,97.13751532399372
18.0,596.0,96.3922616690292
18.0,597.0,95.59484353012634
18.0,598.0,94.74200529017179
18.0,599.0,93.83031023449146
18.0,600.0,92.85615183044865
18.0,601.0,91.81577223296861
18.0,602.0,90.7052911374619
18.0,603.0,89.52074658164591
18.0,604.0,88.25815159555268
18.0,605.0,86.91356891696947
18.0,606.0,85.48320812073256
18.0,607.0,83.96354732769733
18.0,608.0,82.3514831447612
18.0,609.0,80.64450918573402
18.0,610.0,78.84092361434848
18.0,611.0,76.94006093630658
18.0,612.0,74.9425412699418
18.0,613.0,72.85052287816477
18.0,614.0,70.66794008358153
18.0,615.0,68.4007006530702
18.0,616.0,66.05681468849387
18.0,617.0,63.6464235161717
18.0,618.0,61.18170308455339
18.0,619.0,58.6766238563775
18.0,620.0,56.14656755805478
18.0,621.0,53.607818875567666
18.0,622.0,51.07697286096774
18.0,623.0,48.57031153441028
18.0,624.0,46.10321128612811
18.0,625.0,43.68963454477566
18.0,626.0,41.34174651309935
18.0,627.0,39.06967500472126
18.0,628.0,36.88141381848221
18.0,629.0,34.7828515441858
18.0,630.0,32.77790041963685
18.0,631.0,30.868693602324353
18.0,632.0,29.055823039487663
18.0,633.0,27.338591856888797
18.0,634.0,25.715263571679
18.0,635.0,24.18329370955577
18.0,636.0,22.73953727550836
18.0,637.0,21.380427066290714
18.0,638.0,20.10212352158693
18.0,639.0,18.90063618888601
18.0,640.0,17.771920744759466
18.0,641.0,16.711953427867872
18.0,642.0,15.716787558724576
18.0,643.0,14.78259401758877
18.0,644.0,13.905689941271664
18.0,645.0,13.082556859484994
18.0,646.0,12.309851788138612
18.0,647.0,11.584411752347822
18.0,648.0,10.903254554878375
18.0,649.0,10.263575639872771
18.0,650.0,9.662743324926529
18.0,651.0,9.098291800912081
18.0,652.0,8.56791379294886
18.0,653.0,8.06945198277844
18.0,654.0,7.600890835535232
18.0,655.0,7.160347744922573
18.0,656.0,6.746064980444585
18.0,657.0,6.356401241905492
18.0,658.0,5.989824205245436
18.0,659.0,5.644902806659447
18.0,660.0,5.320300586738703
18.0,661.0,5.014768815240578
18.0,662.0,4.727140678088164
18.0,663.0,4.456325240619056
18.0,664.0,4.20130244111032
18.0,665.0,3.9611178340904756
18.0,666.0,3.734878316502838
18.0,667.0,3.5217475690865934
18.0,668.0,3.320942428107553
18.0,669.0,3.1317289371925567
18.0,670.0,2.9534192774023444
18.0,671.0,2.785368345547793
18.0,672.0,2.626971161637527
18.0,673.0,2.477659897612331
18.0,674.0,2.336901690119987
18.0,675.0,2.204196052991664
18.0,676.0,2.079073032836179
18.0,677.0,1.9610909479744096
18.0,678.0,1.8498348334608767
18.0,679.0,1.7449144578710023
18.0,680.0,1.645963012575343
18.0,681.0,1.5526353654470875
18.0,682.0,1.4646069563739836
18.0,683.0,1.3815722535570087
18.0,684.0,1.3032438233529222
18.0,685.0,1.229350960423324
18.0,686.0,1.1596389051423537
18.0,687.0,1.0938676235341298
18.0,688.0,1.0318111497726075
18.0,689.0,0.9732564957370912
18.0,690.0,0.9180030996976949
18.0,691.0,0.8658618485438696
18.0,692.0,0.8166546167052382
18.0,693.0,0.7702133867769215
18.0,694.0,0.7263798651749338
18.0,695.0,0.685004689090608
18.0,696.0,0.645947107410994
18.0,697.0,0.6090742637644947
18.0,698.0,0.5742609329244639
18.0,699.0,0.5413888712273885
18.0,700.0,0.5103466000840208
18.0,701.0,0.48102881631626015
18.0,702.0,0.45333621557547843
18.0,703.0,0.42717495620060564
18.0,704.0,0.4024565163292709
18.0,705.0,0.3790972057648687
18.0,706.0,0.3570180513964049
18.0,707.0,0.3361443523068579
18.0,708.0,0.3164055888194714
18.0,709.0,0.2977350167081046
18.0,710.0,0.2800695957832593
18.0,711.0,0.26334961959723463
18.0,712.0,0.247518659990323
18.0,713.0,0.2325232291355771
18.0,714.0,0.21831273689888708
18.0,715.0,0.20483918245312027
18.0,716.0,0.19205712167700187
18.0,717.0,0.17992338589694828
18.0,718.0,0.16839705686843304
18.0,719.0,0.15743921048467202
18.0,720.0,0.14701289715832067
18.0,721.0,0.13708290857637143
18.0,722.0,0.1276157615360241
18.0,723.0,0.1185794860305232
18.0,724.0,0.10994361079615023
18.0,725.0,0.1016789711890177
18.0,726.0,0.0937576948746907
18.0,727.0,0.08615302810507236
18.0,728.0,0.07883932013174622
18.0,729.0,0.07179186661824018
18.0,730.0,0.06498689148573489
18.0,731.0,0.05840140630180996
18.0,732.0,0.05201318837510317
18.0,733.0,0.045800655049268175
18.0,734.0,0.039742836953473686
18.0,735.0,0.03381926620147291
18.0,736.0,0.028009943779104284
18.0,737.0,0.02229524070447555
18.0,738.0,0.01665585859314829
18.0,739.0,0.01107274287755775
18.0,740.0,0.005527035636329028
18.0,741.0,0.0
19.0,0.0,0.0
19.0,1.0,0.0018538749213875276
19.0,2.0,0.00371401371682931
19.0,3.0,0.005586700475479406
19.0,4.0,0.007478263223855754
19.0,5.0,0.009395090919713191
19.0,6.0,0.011343660967587392
19.0,7.0,0.01333055328122338
19.0,8.0,0.015362481882723765
19.0,9.0,0.017446306331241626
19.0,10.0,0.019589067704372045
19.0,11.0,0.021797997702953657
19.0,12.0,0.024080559325907355
19.0,13.0,0.026444453977532784
19.0,14.0,0.02889766716403185
19.0,15.0,0.03144847395090942
19.0,16.0,0.034105490031219717
19.0,17.0,0.03687767590694236
19.0,18.0,0.03977439370594437
19.0,19.0,0.042805410492954325
19.0,20.0,0.045980961244828575
19.0,21.0,0.04931175173454548
19.0,22.0,0.05280902811320416
19.0,23.0,0.05648457985498792
19.0,24.0,0.06035081644014337
19.0,25.0,0.06442077090094213
19.0,26.0,0.06870818415358158
19.0,27.0,0.07322750974580261
19.0,28.0,0.07799400644830208
19.0,29.0,0.08302374487504106
19.0,30.0,0.08833370901767064
19.0,31.0,0.09394180549113658
19.0,32.0,0.09986697477937277
19.0,33.0,0.10612920395331829
19.0,34.0,0.11274964849463759
19.0,35.0,0.11975064944282279
19.0,36.0,0.12715586677826807
19.0,37.0,0.13499030208228674
19.0,38.0,0.14328044459430636
19.0,39.0,0.15205430061648262
19.0,40.0,0.16134155351550097
19.0,41.0,0.17117360127578166
19.0,42.0,0.18158373189852312
19.0,43.0,0.19260717070884287
19.0,44.0,0.20428127281833142
19.0,45.0,0.21664558202743714
19.0,46.0,0.22974204226906744
19.0,47.0,0.24361507022488813
19.0,48.0,0.25831178796389026
19.0,49.0,0.27388211171826915
19.0,50.0,0.2903790082814433
19.0,51.0,0.3078586027757659
19.0,52.0,0.32638046179017094
19.0,53.0,0.3460077234301251
19.0,54.0,0.36680741066897277
19.0,55.0,0.3888505875144978
19.0,56.0,0.4122127066356101
19.0,57.0,0.4369737961263539
19.0,58.0,0.4632188461687626
19.0,59.0,0.49103803164324356
19.0,60.0,0.5205271434194616
19.0,61.0,0.5517878529728866
19.0,62.0,0.5849281948802313
19.0,63.0,0.6200628806775591
19.0,64.0,0.6573138402967288
19.0,65.0,0.6968105936612142
19.0,66.0,0.7386908601532247
19.0,67.0,0.7831009979033766
19.0,68.0,0.8301966919327696
19.0,69.0,0.8801434727511875
19.0,70.0,0.9331174955613777
19.0,71.0,0.9893061516073833
19.0,72.0,1.0489089527061892
19.0,73.0,1.1121382506984792
19.0,74.0,1.1792202434596215
19.0,75.0,1.250395819618896
19.0,76.0,1.3259217038453832
19.0,77.0,1.4060714453734589
19.0,78.0,1.4911367212942466
19.0,79.0,1.581428487734822
19.0,80.0,1.6772784592938959
19.0,81.0,1.7790404398976771
19.0,82.0,1.8870919930051842
19.0,83.0,2.001835963402934
19.0,84.0,2.123702344054587
19.0,85.0,2.253149987438934
19.0,86.0,2.3906686571662386
19.0,87.0,2.536780903149721
19.0,88.0,2.69204425337394
19.0,89.0,2.8570531837463182
19.0,90.0,3.032441348415359
19.0,91.0,3.218883501183232
19.0,92.0,3.4170975676666084
19.0,93.0,3.627846253991334
19.0,94.0,3.8519386111269758
19.0,95.0,4.090230875320675
19.0,96.0,4.343626938228373
19.0,97.0,4.613077673994992
19.0,98.0,4.8995793793596
19.0,99.0,5.2041704273478455
19.0,100.0,5.527926258595692
19.0,101.0,5.871951653865249
19.0,102.0,6.2373702576680286
19.0,103.0,6.62531013587921
19.0,104.0,7.036885208291865
19.0,105.0,7.473171250403178
19.0,106.0,7.935176314556341
19.0,107.0,8.423804406788484
19.0,108.0,8.939812626363615
19.0,109.0,9.48376123588704
19.0,110.0,10.055957866587333
19.0,111.0,10.656396738559186
19.0,112.0,11.284695960918565
19.0,113.0,11.940036033952197
19.0,114.0,12.621105081442632
19.0,115.0,13.326056283287956
19.0,116.0,14.052484784897787
19.0,117.0,14.797430068159363
19.0,118.0,15.55740970164034
19.0,119.0,16.328486742271373
19.0,120.0,17.106370594761632
19.0,121.0,17.886545679544998
19.0,122.0,18.664419285295317
19.0,123.0,19.435475797869078
19.0,124.0,20.195424552693026
19.0,125.0,20.94032850249238
19.0,126.0,21.666705076322014
19.0,127.0,22.371593580808888
19.0,128.0,23.052588949709694
19.0,129.0,23.707844114206125
19.0,130.0,24.33604691138795
19.0,131.0,24.936377515958267
19.0,132.0,25.508453671367835
19.0,133.0,26.052269190789
19.0,134.0,26.568131255788995
19.0,135.0,27.056599635113535
19.0,136.0,27.518430888179086
19.0,137.0,27.95452843341639
19.0,138.0,28.365899685685015
19.0,139.0,28.75361973100512
19.0,140.0,29.118801745226794
19.0,141.0,29.46257299331476
19.0,142.0,29.78605625904525
19.0,143.0,30.090355399686118
19.0,144.0,30.37654486634119
19.0,145.0,30.645661973044
19.0,146.0,30.898701884337342
19.0,147.0,31.13661426499082
19.0,148.0,31.360301715844745
19.0,149.0,31.570619096287317
19.0,150.0,31.76837398954566
19.0,151.0,31.954327537800932
19.0,152.0,32.12919600103056
19.0,153.0,32.2936523595664
19.0,154.0,32.448328380024016
19.0,155.0,32.5938165296423
19.0,156.0,32.73067219952748
19.0,157.0,32.85941566635667
19.0,158.0,32.98053427610649
19.0,159.0,33.094484309839864
19.0,160.0,33.20169302617093
19.0,161.0,33.302560361792565
19.0,162.0,33.397460787889095
19.0,163.0,33.48674481947392
19.0,164.0,33.570740673665846
19.0,165.0,33.64975558618303
19.0,166.0,33.72407727711312
19.0,167.0,33.793975085524444
19.0,168.0,33.85970125706683
19.0,169.0,33.9214919133732
19.0,170.0,33.9795681792918
19.0,171.0,34.03413700552238
19.0,172.0,34.08539215381961
19.0,173.0,34.133514890942116
19.0,174.0,34.17867484917859
19.0,175.0,34.221030608262886
19.0,176.0,34.26073044688431
19.0,177.0,34.29791282736769
19.0,178.0,34.332707051916124
19.0,179.0,34.36523366293396
19.0,180.0,34.39560501588982
19.0,181.0,34.42392560638393
19.0,182.0,34.45029256987713
19.0,183.0,34.474795945108575
19.0,184.0,34.49751910963207
19.0,185.0,34.518538988090036
19.0,186.0,34.53792643165304
19.0,187.0,34.55574637908804
19.0,188.0,34.572058187972594
19.0,189.0,34.58691575665911
19.0,190.0,34.600367815779116
19.0,191.0,34.61245802040575
19.0,192.0,34.6232252122495
19.0,193.0,34.63270349401297
19.0,194.0,34.640922476350866
19.0,195.0,34.64790735122658
19.0,196.0,34.65367914388487
19.0,197.0,34.65825480974647
19.0,198.0,34.661647521131734
19.0,199.0,34.66386682362434
19.0,200.0,34.66491900066614
19.0,201.0,34.664807340582065
19.0,202.0,34.663532638962586
19.0,203.0,34.66109364509605
19.0,204.0,34.65748777902799
19.0,205.0,34.65271184035812
19.0,206.0,34.64676302509852
19.0,207.0,34.6396399775014
19.0,208.0,34.631344173047374
19.0,209.0,34.62188135127069
19.0,210.0,34.611263256237855
19.0,211.0,34.599509372770505
19.0,212.0,34.58664885328082
19.0,213.0,34.57272226892846
19.0,214.0,34.55778329988108
19.0,215.0,34.5418999409021
19.0,216.0,34.525155277484274
19.0,217.0,34.50764740355598
19.0,218.0,34.48948856529565
19.0,219.0,34.470803217558945
19.0,220.0,34.451725242674186
19.0,221.0,34.43239425372866
19.0,222.0,34.41295146369679
19.0,223.0,34.39353525624196
19.0,224.0,34.37427704837848
19.0,225.0,34.35529758986169
19.0,226.0,34.33670416252521
19.0,227.0,34.318588628788085
19.0,228.0,34.301026542838066
19.0,229.0,34.28407705613715
19.0,230.0,34.26778364744566
19.0,231.0,34.252175311536305
19.0,232.0,34.23726818943122
19.0,233.0,34.223067297477854
19.0,234.0,34.20956837967169
19.0,235.0,34.19675961590363
19.0,236.0,34.18462327270998
19.0,237.0,34.173137101374714
19.0,238.0,34.16227561507927
19.0,239.0,34.152011098223326
19.0,240.0,34.14231450025462
19.0,241.0,34.13315609293287
19.0,242.0,34.12450604588048
19.0,243.0,34.11633481098173
19.0,244.0,34.10861346324593
19.0,245.0,34.10131389355989
19.0,246.0,34.094408989946
19.0,247.0,34.08787270536996
19.0,248.0,34.08168013718267
19.0,249.0,34.075807518776905
19.0,250.0,34.07023223783102
19.0,251.0,34.06493278493394
19.0,252.0,34.05988873742648
19.0,253.0,34.055080686234
19.0,254.0,34.050490202092035
19.0,255.0,34.04609975352699
19.0,256.0,34.04189266546354
19.0,257.0,34.0378530358014
19.0,258.0,34.03396569200269
19.0,259.0,34.03021611022122
19.0,260.0,34.02659037271918
19.0,261.0,34.02307509135884
19.0,262.0,34.0196573670345
19.0,263.0,34.01632471805818
19.0,264.0,34.01306504181776
19.0,265.0,34.009866547852084
19.0,266.0,34.00671772139452
19.0,267.0,34.003607260524376
19.0,268.0,34.000524040955504
19.0,269.0,33.997457056434506
19.0,270.0,33.994395383979004
19.0,271.0,33.99132812658489
19.0,272.0,33.988244378043696
19.0,273.0,33.9851331669721
19.0,274.0,33.981983420306506
19.0,275.0,33.978783907652144
19.0,276.0,33.975523202549354
19.0,277.0,33.97218962614929
19.0,278.0,33.968771205370075
19.0,279.0,33.965255614949456
19.0,280.0,33.9616301316762
19.0,281.0,33.9578815739719
19.0,282.0,33.953996251530256
19.0,283.0,33.94995990179005
19.0,284.0,33.945757634606366
19.0,285.0,33.94137386537803
19.0,286.0,33.93679225491817
19.0,287.0,33.93199563972799
19.0,288.0,33.926965968199895
19.0,289.0,33.92168422979965
19.0,290.0,33.916130390389085
19.0,291.0,33.9102833242159
19.0,292.0,33.90412075388188
19.0,293.0,33.89761919252117
19.0,294.0,33.89075389832773
19.0,295.0,33.883498839784124
19.0,296.0,33.87582668143953
19.0,297.0,33.867708793337236
19.0,298.0,33.85911529473061
19.0,299.0,33.85001514072365
19.0,300.0,33.840376264419874
19.0,301.0,33.83016578944901
19.0,302.0,33.81935032819908
19.0,303.0,33.807896386792656
19.0,304.0,33.79577089432849
19.0,305.0,33.78294188136721
19.0,306.0,33.7693793235983
19.0,307.0,33.75505617284682
19.0,308.0,33.73994958000942
19.0,309.0,33.72404231510086
19.0,310.0,33.707324359517784
19.0,311.0,33.68979463625449
19.0,312.0,33.67146279921856
19.0,313.0,33.65235098403291
19.0,314.0,33.63249537046567
19.0,315.0,33.611947392326066
19.0,316.0,33.59077439456739
19.0,317.0,33.56905955908727
19.0,318.0,33.54690093752285
19.0,319.0,33.52440951877671
19.0,320.0,33.50170634410225
19.0,321.0,33.478918823795205
19.0,322.0,33.456176509292824
19.0,323.0,33.43360667905969
19.0,324.0,33.41133011033781
19.0,325.0,33.38945739473205
19.0,326.0,33.36808605224289
19.0,327.0,33.34729859656429
19.0,328.0,33.32716156610653
19.0,329.0,33.30772544641459
19.0,330.0,33.289025324751364
19.0,331.0,33.27108209540931
19.0,332.0,33.25390401883399
19.0,333.0,33.23748846657316
19.0,334.0,33.221823706447246
19.0,335.0,33.20689062555917
19.0,336.0,33.192664317507194
19.0,337.0,33.17911549376819
19.0,338.0,33.16621170059442
19.0,339.0,33.15391833977315
19.0,340.0,33.14219950516565
19.0,341.0,33.131018649211285
19.0,342.0,33.120339103831135
19.0,343.0,33.1101244715103
19.0,344.0,33.100338913836666
19.0,345.0,33.09094734801311
19.0,346.0,33.08191557778426
19.0,347.0,33.073210361698585
19.0,348.0,33.06479944386741
19.0,349.0,33.05665154236617
19.0,350.0,33.04873632007548
19.0,351.0,33.04102432590559
19.0,352.0,33.03348693211587
19.0,353.0,33.02609624912532
19.0,354.0,33.01882504565605
19.0,355.0,33.01164664954283
19.0,356.0,33.00453486020301
19.0,357.0,32.99746384230155
19.0,358.0,32.99040803558414
19.0,359.0,32.98334204468358
19.0,360.0,32.9762405485215
19.0,361.0,32.969078187299615
19.0,362.0,32.961829471911614
19.0,363.0,32.954468667769504
19.0,364.0,32.9469697035714
19.0,365.0,32.93930605074039
19.0,366.0,32.93145063019917
19.0,367.0,32.923375685631086
19.0,368.0,32.91505268644631
19.0,369.0,32.90645219267667
19.0,370.0,32.89754375197487
19.0,371.0,32.88829575364543
19.0,372.0,32.878675317240365
19.0,373.0,32.86864813296872
19.0,374.0,32.858178339216856
19.0,375.0,32.84722834636473
19.0,376.0,32.83575870037908
19.0,377.0,32.82372788692667
19.0,378.0,32.811092178117846
19.0,379.0,32.79780541382483
19.0,380.0,32.78381882880084
19.0,381.0,32.769080808432875
19.0,382.0,32.75353669402391
19.0,383.0,32.73712851108989
19.0,384.0,32.71979475189829
19.0,385.0,32.70147007628068
19.0,386.0,32.68208507310815
19.0,387.0,32.66156593711334
19.0,388.0,32.63983421570717
19.0,389.0,32.61680647155617
19.0,390.0,32.59239402932936
19.0,391.0,32.56650264438643
19.0,392.0,32.539032277671026
19.0,393.0,32.50987680821503
19.0,394.0,32.47892388628519
19.0,395.0,32.446054754772796
19.0,396.0,32.41114426455384
19.0,397.0,32.37406091123832
19.0,398.0,32.33466714666255
19.0,399.0,32.29281979679096
19.0,400.0,32.24837087228803
19.0,401.0,32.20116861165909
19.0,402.0,32.15105907962651
19.0,403.0,32.09788816906098
19.0,404.0,32.04150436227832
19.0,405.0,31.981762097818752
19.0,406.0,31.918526112250202
19.0,407.0,31.85167656764632
19.0,408.0,31.781115298652352
19.0,409.0,31.706772884096605
19.0,410.0,31.628616750191657
19.0,411.0,31.546659792826123
19.0,412.0,31.460969476151334
19.0,413.0,31.37167655861112
19.0,414.0,31.278983067918436
19.0,415.0,31.183168324418023
19.0,416.0,31.084592401015115
19.0,417.0,30.983695729079663
19.0,418.0,30.880994449279928
19.0,419.0,30.77707073040676
19.0,420.0,30.67255854506096
19.0,421.0,30.56812524000342
19.0,422.0,30.464450611394447
19.0,423.0,30.362204828372597
19.0,424.0,30.262027522249927
19.0,425.0,30.164509367582575
19.0,426.0,30.07017789986049
19.0,427.0,29.979487856070993
19.0,428.0,29.892816595987668
19.0,429.0,29.81046374143519
19.0,430.0,29.732654735812755
19.0,431.0,29.65954691335627
19.0,432.0,29.591237603830052
19.0,433.0,29.527772918244985
19.0,434.0,29.469157008576296
19.0,435.0,29.41536076513861
19.0,436.0,29.36633011397237
19.0,437.0,29.32199318092701
19.0,438.0,29.28226676798185
19.0,439.0,29.24706159300539
19.0,440.0,29.216286898321453
19.0,441.0,29.189853952477492
19.0,442.0,29.167679118728273
19.0,443.0,29.149686018100866
19.0,444.0,29.13580747884429
19.0,445.0,29.12598677089997
19.0,446.0,29.120178815526266
19.0,447.0,29.11835082948399
19.0,448.0,29.120483088384983
19.0,449.0,29.12656923025672
19.0,450.0,29.13661678124317
19.0,451.0,29.150647290874534
19.0,452.0,29.168696760726775
19.0,453.0,29.19081572552522
19.0,454.0,29.21706967659942
19.0,455.0,29.247539162865518
19.0,456.0,29.282320268467494
19.0,457.0,29.321524781879763
19.0,458.0,29.36528076690522
19.0,459.0,29.41373283263501
19.0,460.0,29.467042825326523
19.0,461.0,29.525390223528994
19.0,462.0,29.588972972521958
19.0,463.0,29.65800802523232
19.0,464.0,29.73273233894574
19.0,465.0,29.813403582123556
19.0,466.0,29.900301313724256
19.0,467.0,29.993727877642705
19.0,468.0,30.094009787360584
19.0,469.0,30.201498832793945
19.0,470.0,30.316573696562077
19.0,471.0,30.439641302048766
19.0,472.0,30.571138691882464
19.0,473.0,30.71153465053584
19.0,474.0,30.86133188015172
19.0,475.0,31.021068935448344
19.0,476.0,31.191322736097465
19.0,477.0,31.3727108551717
19.0,478.0,31.5658944097271
19.0,479.0,31.77158074502203
19.0,480.0,31.990526743822116
19.0,481.0,32.22354194459962
19.0,482.0,32.47149230207968
19.0,483.0,32.735303764360516
19.0,484.0,33.015966496922196
19.0,485.0,33.31453891415039
19.0,486.0,33.63215233761139
19.0,487.0,33.97001542066417
19.0,488.0,34.32941913525121
19.0,489.0,34.71174142663967
19.0,490.0,35.118452289580816
19.0,491.0,35.55111831704213
19.0,492.0,36.01140740386381
19.0,493.0,36.50109256957109
19.0,494.0,37.022055469360495
19.0,495.0,37.57628842304509
19.0,496.0,38.16589535868221
19.0,497.0,38.79309030137941
19.0,498.0,39.46019355620995
19.0,499.0,40.169623938491284
19.0,500.0,40.923886871213725
19.0,501.0,41.72555635510937
19.0,502.0,42.57725024972897
19.0,503.0,43.48159651514383
19.0,504.0,44.44118952966187
19.0,505.0,45.45853394669433
19.0,506.0,46.53597520631591
19.0,507.0,47.67561451906065
19.0,508.0,48.879208251702664
19.0,509.0,50.14805103427748
19.0,510.0,51.4828448329759
19.0,511.0,52.88355663863546
19.0,512.0,54.3492713511543
19.0,513.0,55.87804778601155
19.0,514.0,57.466790130832564
19.0,515.0,59.111148302890626
19.0,516.0,60.805463607620844
19.0,517.0,62.54277437892593
19.0,518.0,64.31489479347006
19.0,519.0,66.1125728663192
19.0,520.0,67.92572647710683
19.0,521.0,69.74374490028588
19.0,522.0,71.55583491254366
19.0,523.0,73.35138220403246
19.0,524.0,75.12029746702372
19.0,525.0,76.85331791461913
19.0,526.0,78.54224325045953
19.0,527.0,80.18009364091218
19.0,528.0,81.76118843468444
19.0,529.0,83.28115176701402
19.0,530.0,84.73685808439025
19.0,531.0,86.12633245213324
19.0,532.0,87.44862183678485
19.0,533.0,88.70365104734071
19.0,534.0,89.89207540343132
19.0,535.0,91.01513834115592
19.0,536.0,92.07454022556702
19.0,537.0,93.07232135517621
19.0,538.0,94.01076104054489
19.0,539.0,94.89229246268225
19.0,540.0,95.71943282748778
19.0,541.0,96.49472707071476
19.0,542.0,97.22070376488053
19.0,543.0,97.89984117826022
19.0,544.0,98.5345420870091
19.0,545.0,99.12711552664635
19.0,546.0,99.67976435711375
19.0,547.0,100.19457723263001
19.0,548.0,100.67352418261932
19.0,549.0,101.11845479125945
19.0,550.0,101.5310984622114
19.0,551.0,101.91306608127316
19.0,552.0,102.26585276297934
19.0,553.0,102.59084124047278
19.0,554.0,102.88930570919514
19.0,555.0,103.16241586474538
19.0,556.0,103.41124101161124
19.0,557.0,103.63675411584926
19.0,558.0,103.83983570298008
19.0,559.0,104.0212775737633
19.0,560.0,104.18178623558893
19.0,561.0,104.3219861000411
19.0,562.0,104.44242232254044
19.0,563.0,104.54356339878528
19.0,564.0,104.62580336045603
19.0,565.0,104.68946374061798
19.0,566.0,104.73479511064075
19.0,567.0,104.7619784097062
19.0,568.0,104.77112582371586
19.0,569.0,104.76228148232437
19.0,570.0,104.73542168336502
19.0,571.0,104.69045495935477
19.0,572.0,104.62722164645689
19.0,573.0,104.5454933156664
19.0,574.0,104.44497167721161
19.0,575.0,104.32528736270766
19.0,576.0,104.1859981468869
19.0,577.0,104.02658705843986
19.0,578.0,103.84645989360916
19.0,579.0,103.64494262798087
19.0,580.0,103.42127819394085
19.0,581.0,103.17462316712606
19.0,582.0,102.9040437867048
19.0,583.0,102.6085119044093
19.0,584.0,102.28690025046485
19.0,585.0,101.93797766947867
19.0,586.0,101.5604036874691
19.0,587.0,101.15272313234047
19.0,588.0,100.71336015763715
19.0,589.0,100.24061247934378
19.0,590.0,99.73264518878868
19.0,591.0,99.18748506783
19.0,592.0,98.60301482029038
19.0,593.0,97.9769683065708
19.0,594.0,97.30692630209887
19.0,595.0,96.5903140920045
19.0,596.0,95.8244006076309
19.0,597.0,95.0063007306361
19.0,598.0,94.13298075571795
19.0,599.0,93.20126905652535
19.0,600.0,92.20787233956403
19.0,601.0,91.14940004490093
19.0,602.0,90.02239774162585
19.0,603.0,88.82339260278465
19.0,604.0,87.54895219177627
19.0,605.0,86.19575994435228
19.0,606.0,84.76070852808873
19.0,607.0,83.2410140380182
19.0,608.0,81.63435106749618
19.0,609.0,79.93900964913009
19.0,610.0,78.15407094833105
19.0,611.0,76.27959828786632
19.0,612.0,74.31683451804025
19.0,613.0,72.26839528452913
19.0,614.0,70.13844144599061
19.0,615.0,67.93281283463172
19.0,616.0,65.65910109644466
19.0,617.0,63.326642207276656
19.0,618.0,60.94641065145771
19.0,619.0,58.530807547494376
19.0,620.0,56.093343894542464
19.0,621.0,53.648236140225556
19.0,622.0,51.2099417184279
19.0,623.0,48.79267427697089
19.0,624.0,46.40993920097429
19.0,625.0,44.074129171214196
19.0,626.0,41.79620736716557
19.0,627.0,39.58549557348219
19.0,628.0,37.44956828578806
19.0,629.0,35.39424519718877
19.0,630.0,33.423663935576265
19.0,631.0,31.540413783393067
19.0,632.0,29.745707961232483
19.0,633.0,28.03957684239735
19.0,634.0,26.421065156694652
19.0,635.0,24.88842294766253
19.0,636.0,23.43928106571743
19.0,637.0,22.070808025750075
19.0,638.0,20.779844841550386
19.0,639.0,19.563019119719787
19.0,640.0,18.416838144224577
19.0,641.0,17.337764235439966
19.0,642.0,16.322273220234724
19.0,643.0,15.36689975933295
19.0,644.0,14.468270381608399
19.0,645.0,13.623127708615348
19.0,646.0,12.828346298384107
19.0,647.0,12.08094310187279
19.0,648.0,11.378082461823114
19.0,649.0,10.717078168624031
19.0,650.0,10.095392073528023
19.0,651.0,9.510631389873131
19.0,652.0,8.960543862144718
19.0,653.0,8.443012654375622
19.0,654.0,7.956049918256129
19.0,655.0,7.497790700495233
19.0,656.0,7.066486009219918
19.0,657.0,6.660496570945321
19.0,658.0,6.2782860137480645
19.0,659.0,5.918414923687129
19.0,660.0,5.579534464316763
19.0,661.0,5.260380949921567
19.0,662.0,4.959770041814696
19.0,663.0,4.676591919200217
19.0,664.0,4.409806089799917
19.0,665.0,4.1584371627282435
19.0,666.0,3.9215702551846836
19.0,667.0,3.698347331935306
19.0,668.0,3.487963162293358
19.0,669.0,3.2896621726876654
19.0,670.0,3.102734897101219
19.0,671.0,2.926515283465316
19.0,672.0,2.760377578855137
19.0,673.0,2.603734031415596
19.0,674.0,2.456032154542288
19.0,675.0,2.316752770351169
19.0,676.0,2.1854076022300584
19.0,677.0,2.0615376115604285
19.0,678.0,1.944710873946512
19.0,679.0,1.8345211668991013
19.0,680.0,1.7305860909437352
19.0,681.0,1.6325458717155157
19.0,682.0,1.5400616926186401
19.0,683.0,1.4528146799917558
19.0,684.0,1.3705044188703561
19.0,685.0,1.2928480944692609
19.0,686.0,1.219579166846083
19.0,687.0,1.150446645908836
19.0,688.0,1.0852139044182254
19.0,689.0,1.0236580671083588
19.0,690.0,0.9655689445546608
19.0,691.0,0.9107485198582416
19.0,692.0,0.8590099885127005
19.0,693.0,0.8101773285169532
19.0,694.0,0.764084433566531
19.0,695.0,0.7205747544919691
19.0,696.0,0.6795005149419845
19.0,697.0,0.6407224137549469
19.0,698.0,0.6041089138488966
19.0,699.0,0.5695359965745939
19.0,700.0,0.5368865158293089
19.0,701.0,0.5060499966562094
19.0,702.0,0.4769220476963237
19.0,703.0,0.4494041973281814
19.0,704.0,0.4234033584996771
19.0,705.0,0.39883169657520884
19.0,706.0,0.3756061413748471
19.0,707.0,0.35364828163957707
19.0,708.0,0.33288391977270393
19.0,709.0,0.3132429884685049
19.0,710.0,0.29465914421949696
19.0,711.0,0.27706970219734406
19.0,712.0,0.2604152650753545
19.0,713.0,0.24463967271724732
19.0,714.0,0.22968966328006207
19.0,715.0,0.21551483466818044
19.0,716.0,0.20206733523843348
19.0,717.0,0.1893018343233227
19.0,718.0,0.17717524016630987
19.0,719.0,0.165646677117497
19.0,720.0,0.1546772286901453
19.0,721.0,0.14422991929077433
19.0,722.0,0.13426948051387538
19.0,723.0,0.12476233549195051
19.0,724.0,0.11567638673912017
19.0,725.0,0.10698100139958285
19.0,726.0,0.09864681911646844
19.0,727.0,0.0906457366233255
19.0,728.0,0.08295073425553479
19.0,729.0,0.07553585847184933
19.0,730.0,0.06837606574476295
19.0,731.0,0.06144720172042671
19.0,732.0,0.05472586132387473
19.0,733.0,0.048189363367956255
19.0,734.0,0.041815625791144444
19.0,735.0,0.03558313461120755
19.0,736.0,0.02947083327899384
19.0,737.0,0.023458084941834736
19.0,738.0,0.017524574947423138
19.0,739.0,0.011650265436521305
19.0,740.0,0.005815310067764881
19.0,741.0,0.0
20.0,0.0,0.0
20.0,1.0,0.001943585409407597
20.0,2.0,0.0038937368718757045
20.0,3.0,0.005857043424663497
20.0,4.0,0.007840136545947856
20.0,5.0,0.009849716965096825
20.0,6.0,0.011892570892409618
20.0,7.0,0.013975600956314149
20.0,8.0,0.016105839512719426
20.0,9.0,0.018290484016440425
20.0,10.0,0.02053690772712275
20.0,11.0,0.022852699832960004
20.0,12.0,0.025245673884957295
20.0,13.0,0.027723913006253976
20.0,14.0,0.030295776405970667
20.0,15.0,0.03296995002743698
20.0,16.0,0.0357554515173261
20.0,17.0,0.03866168669114767
20.0,18.0,0.04169845336321047
20.0,19.0,0.044876004038300034
20.0,20.0,0.048205049043713796
20.0,21.0,0.051696825892628154
20.0,22.0,0.055363102201620044
20.0,23.0,0.0592162522144828
20.0,24.0,0.0632692600380054
20.0,25.0,0.06753580386569827
20.0,26.0,0.07203026012201334
20.0,27.0,0.07676779598452499
20.0,28.0,0.0817643750932765
20.0,29.0,0.08703685903854841
20.0,30.0,0.09260301536884645
20.0,31.0,0.09848162879082048
20.0,32.0,0.10469251229804093
20.0,33.0,0.11125662892150999
20.0,34.0,0.11819610690357013
20.0,35.0,0.12553437294369357
20.0,36.0,0.13329617245973294
20.0,37.0,0.14150771539658225
20.0,38.0,0.1501967027530359
20.0,39.0,0.15939248616323734
20.0,40.0,0.16912610202467165
20.0,41.0,0.17943044622735574
20.0,42.0,0.1903403174005677
20.0,43.0,0.20189260835643316
20.0,44.0,0.21412636018421288
20.0,45.0,0.2270829721980345
20.0,46.0,0.24080626885308146
20.0,47.0,0.2553427302473455
20.0,48.0,0.27074157412002814
20.0,49.0,0.28705500926103633
20.0,50.0,0.3043383351855851
20.0,51.0,0.32265022116059827
20.0,52.0,0.34205282653937863
20.0,53.0,0.3626121085302531
20.0,54.0,0.3843979666310373
20.0,55.0,0.407484582752593
20.0,56.0,0.43195059372564454
20.0,57.0,0.45787946796190526
20.0,58.0,0.4853597106274794
20.0,59.0,0.5144852816889446
20.0,60.0,0.5453558390701002
20.0,61.0,0.5780772037014447
20.0,62.0,0.6127616468110254
20.0,63.0,0.6495284084821397
20.0,64.0,0.6885040361809776
20.0,65.0,0.7298229643318752
20.0,66.0,0.7736279122518255
20.0,67.0,0.8200705333654628
20.0,68.0,0.8693118818796858
20.0,69.0,0.9215231414489162
20.0,70.0,0.9768861711316795
20.0,71.0,1.0355943245072912
20.0,72.0,1.0978530866071523
20.0,73.0,1.16388099553516
20.0,74.0,1.233910382968292
20.0,75.0,1.3081884109897344
20.0,76.0,1.386977929069994
20.0,77.0,1.470558638645047
20.0,78.0,1.559228078651581
20.0,79.0,1.653302928639252
20.0,80.0,1.7531201320027134
20.0,81.0,1.8590383439110008
20.0,82.0,1.9714391948380265
20.0,83.0,2.0907288804095185
20.0,84.0,2.2173395552797195
20.0,85.0,2.351731045135026
20.0,86.0,2.4943923386666755
20.0,87.0,2.6458433728203232
20.0,88.0,2.806636552913986
20.0,89.0,2.977358513891128
20.0,90.0,3.1586315372075107
20.0,91.0,3.351115113391392
20.0,92.0,3.5555070274560574
20.0,93.0,3.772544427916346
20.0,94.0,4.003004204782093
20.0,95.0,4.247703090388584
20.0,96.0,4.507496737639685
20.0,97.0,4.783278120991354
20.0,98.0,5.075974422182275
20.0,99.0,5.386542655427883
20.0,100.0,5.715963083312364
20.0,101.0,6.065230575195099
20.0,102.0,6.435342849437658
20.0,103.0,6.827285668145427
20.0,104.0,7.242013866289015
20.0,105.0,7.680428292674879
20.0,106.0,8.143347634914642
20.0,107.0,8.631475435808369
20.0,108.0,9.145361671751878
20.0,109.0,9.685359831431375
20.0,110.0,10.251579754166892
20.0,111.0,10.843838347946866
20.0,112.0,11.461609889996128
20.0,113.0,12.103979668589398
20.0,114.0,12.769604329085642
20.0,115.0,13.456684115808278
20.0,116.0,14.16295121898851
20.0,117.0,14.885679286294236
20.0,118.0,15.621716823000654
20.0,119.0,16.367546498796997
20.0,120.0,17.119368566809243
20.0,121.0,17.873204902202996
20.0,122.0,18.625016229401833
20.0,123.0,19.370824387349813
20.0,124.0,20.10682955661641
20.0,125.0,20.829514297732647
20.0,126.0,21.535726969871526
20.0,127.0,22.222741037118368
20.0,128.0,22.888288468063756
20.0,129.0,23.53056924652086
20.0,130.0,24.14823971764472
20.0,131.0,24.740384828717044
20.0,132.0,25.306478474094593
20.0,133.0,25.84633713563166
20.0,134.0,26.36007018187967
20.0,135.0,26.84803058442011
20.0,136.0,27.31076775453129
20.0,137.0,27.7489846198519
20.0,138.0,28.1634992007721
20.0,139.0,28.555211624433014
20.0,140.0,28.925075947303025
20.0,141.0,29.27407709338394
20.0,142.0,29.603211880518437
20.0,143.0,29.913474211953194
20.0,144.0,30.205843315279385
20.0,145.0,30.481275097206943
20.0,146.0,30.740695555637398
20.0,147.0,30.984996400725255
20.0,148.0,31.21503193618713
20.0,149.0,31.431617455596836
20.0,150.0,31.63552831552418
20.0,151.0,31.82750003105609
20.0,152.0,32.00822864790993
20.0,153.0,32.17837180544302
20.0,154.0,32.33854981530206
20.0,155.0,32.48934721718843
20.0,156.0,32.63131418797503
20.0,157.0,32.76496829527067
20.0,158.0,32.89079600861811
20.0,159.0,33.009254476036666
20.0,160.0,33.12077300576028
20.0,161.0,33.225754768369804
20.0,162.0,33.32457817893043
20.0,163.0,33.417598475632055
20.0,164.0,33.5051489698573
20.0,165.0,33.58754248137022
20.0,166.0,33.66507244611226
20.0,167.0,33.738014204809446
20.0,168.0,33.80662597081319
20.0,169.0,33.87114997814521
20.0,170.0,33.93181331820519
20.0,171.0,33.9888289577453
20.0,172.0,34.042396456163125
20.0,173.0,34.092702865611805
20.0,174.0,34.13992334140691
20.0,175.0,34.18422193663646
20.0,176.0,34.22575211788345
20.0,177.0,34.26465746604894
20.0,178.0,34.30107210871231
20.0,179.0,34.335121337879855
20.0,180.0,34.36692196923616
20.0,181.0,34.396582886469105
20.0,182.0,34.424205336642366
20.0,183.0,34.449883409822284
20.0,184.0,34.47370427899518
20.0,185.0,34.49574862309086
20.0,186.0,34.516090819436315
20.0,187.0,34.53479931809916
20.0,188.0,34.55193679499276
20.0,189.0,34.56756048595776
20.0,190.0,34.58172230955238
20.0,191.0,34.59446917073243
20.0,192.0,34.605843064403636
20.0,193.0,34.61588136132864
20.0,194.0,34.624616907114394
20.0,195.0,34.632078307541576
20.0,196.0,34.63829004330723
20.0,197.0,34.64327277882801
20.0,198.0,34.64704352118357
20.0,199.0,34.64961598586511
20.0,200.0,34.65100083895994
20.0,201.0,34.65120616481962
20.0,202.0,34.65023784237551
20.0,203.0,34.6481001709924
20.0,204.0,34.64479644110485
20.0,205.0,34.64032977978218
20.0,206.0,34.63470397424372
20.0,207.0,34.627924586457006
20.0,208.0,34.62000006077148
20.0,209.0,34.61094310931499
20.0,210.0,34.60077206197382
20.0,211.0,34.589512421610486
20.0,212.0,34.57719828029114
20.0,213.0,34.56387378013419
20.0,214.0,34.54959423723248
20.0,215.0,34.53442706119256
20.0,216.0,34.51845207458488
20.0,217.0,34.501761358601065
20.0,218.0,34.484458281561636
20.0,219.0,34.46665591356452
20.0,220.0,34.448474622819326
20.0,221.0,34.43003920462245
20.0,222.0,34.411475509240354
20.0,223.0,34.39290704309169
20.0,224.0,34.37445159461852
20.0,225.0,34.35621834973209
20.0,226.0,34.338305482045975
20.0,227.0,34.32079854034319
20.0,228.0,34.30376946669739
20.0,229.0,34.287276401049056
20.0,230.0,34.27136398565274
20.0,231.0,34.256064229258655
20.0,232.0,34.24139761094346
20.0,233.0,34.227374470811164
20.0,234.0,34.2139964004201
20.0,235.0,34.20125771240274
20.0,236.0,34.18914675815541
20.0,237.0,34.17764721136747
20.0,238.0,34.16673913591901
20.0,239.0,34.15639998134826
20.0,240.0,34.146605358036574
20.0,241.0,34.137329745189675
20.0,242.0,34.128547003186405
20.0,243.0,34.12023084198613
20.0,244.0,34.11235512759453
20.0,245.0,34.10489417076429
20.0,246.0,34.09782288588811
20.0,247.0,34.09111695431493
20.0,248.0,34.08475288436672
20.0,249.0,34.0787080919723
20.0,250.0,34.07296089829462
20.0,251.0,34.067490558502094
20.0,252.0,34.062277222481384
20.0,253.0,34.05730193270582
20.0,254.0,34.052546564900325
20.0,255.0,34.04799380859857
20.0,256.0,34.043627098418916
20.0,257.0,34.03943058573901
20.0,258.0,34.035389066994874
20.0,259.0,34.03148795144105
20.0,260.0,34.02771319008867
20.0,261.0,34.024051242276514
20.0,262.0,34.02048900707805
20.0,263.0,34.017013789995325
20.0,264.0,34.01361323755445
20.0,265.0,34.01027530456636
20.0,266.0,34.00698819195695
20.0,267.0,34.00374031451946
20.0,268.0,34.00052024162874
20.0,269.0,33.99731666510826
20.0,270.0,33.99411834225216
20.0,271.0,33.99091406326243
20.0,272.0,33.98769259588186
20.0,273.0,33.98444265177244
20.0,274.0,33.98115283200941
20.0,275.0,33.977811591743965
20.0,276.0,33.97440718580525
20.0,277.0,33.97092763101069
20.0,278.0,33.96736065116971
20.0,279.0,33.96369363648109
20.0,280.0,33.95991358734624
20.0,281.0,33.95600707045263
20.0,282.0,33.95196016102348
20.0,283.0,33.947758395479255
20.0,284.0,33.94338671214046
20.0,285.0,33.93882940087001
20.0,286.0,33.93407004291092
20.0,287.0,33.92909145877129
20.0,288.0,33.92387564898109
20.0,289.0,33.9184037428849
20.0,290.0,33.91265594387874
20.0,291.0,33.906611484008394
20.0,292.0,33.90024858003325
20.0,293.0,33.89354440217746
20.0,294.0,33.88647505160367
20.0,295.0,33.879015556814856
20.0,296.0,33.871139889316275
20.0,297.0,33.86282100852092
20.0,298.0,33.854030940972244
20.0,299.0,33.84474090445227
20.0,300.0,33.834921487133926
20.0,301.0,33.82454289345725
20.0,302.0,33.81357527177264
20.0,303.0,33.80198913615347
20.0,304.0,33.78975590068552
20.0,305.0,33.77684853691
20.0,306.0,33.76324237153573
20.0,307.0,33.74891602723036
20.0,308.0,33.73385251343021
20.0,309.0,33.71804045083694
20.0,310.0,33.70147541217526
20.0,311.0,33.68416132817874
20.0,312.0,33.666111900980006
20.0,313.0,33.64735192630133
20.0,314.0,33.62791841984802
20.0,315.0,33.607861407794836
20.0,316.0,33.58724425305956
20.0,317.0,33.56614338065266
20.0,318.0,33.5446473165083
20.0,319.0,33.522854989804195
20.0,320.0,33.50087334235703
20.0,321.0,33.478814352562395
20.0,322.0,33.45679167839287
20.0,323.0,33.43491716022284
20.0,324.0,33.41329746325034
20.0,325.0,33.3920311007084
20.0,326.0,33.371206041523614
20.0,327.0,33.350898011167956
20.0,328.0,33.3311695275677
20.0,329.0,33.31206962422367
20.0,330.0,33.29363417233617
20.0,331.0,33.27588666826687
20.0,332.0,33.25883935449852
20.0,333.0,33.242494537959445
20.0,334.0,33.22684599661843
20.0,335.0,33.211880380703086
20.0,336.0,33.19757854520425
20.0,337.0,33.183916768629096
20.0,338.0,33.17086783398265
20.0,339.0,33.158401962747696
20.0,340.0,33.14648760105353
20.0,341.0,33.13509206912948
20.0,342.0,33.12418208217039
20.0,343.0,33.113724162849586
20.0,344.0,33.10368495346402
20.0,345.0,33.094031451043584
20.0,346.0,33.08473116870605
20.0,347.0,33.07575224734525
20.0,348.0,33.06706351449576
20.0,349.0,33.05863451494617
20.0,350.0,33.05043550317992
20.0,351.0,33.042437423354265
20.0,352.0,33.03461186034039
20.0,353.0,33.02693098961657
20.0,354.0,33.01936750328227
20.0,355.0,33.01189454300498
20.0,356.0,33.00448561112496
20.0,357.0,32.99711449458156
20.0,358.0,32.98975516691693
20.0,359.0,32.9823817075844
20.0,360.0,32.97496819778982
20.0,361.0,32.96748863726664
20.0,362.0,32.959916835020564
20.0,363.0,32.95222632415375
20.0,364.0,32.94439024736748
20.0,365.0,32.9363812694471
20.0,366.0,32.928171456590114
20.0,367.0,32.91973218552895
20.0,368.0,32.91103401523012
20.0,369.0,32.90204659120608
20.0,370.0,32.892738507775206
20.0,371.0,32.883077205822325
20.0,372.0,32.87302882356535
20.0,373.0,32.862558085831594
20.0,374.0,32.85162814112941
20.0,375.0,32.84020044041667
20.0,376.0,32.8282345582457
20.0,377.0,32.81568805905306
20.0,378.0,32.80251630029878
20.0,379.0,32.788672284595236
20.0,380.0,32.77410644322155
20.0,381.0,32.7587664730977
20.0,382.0,32.74259710003349
20.0,383.0,32.7255399009113
20.0,384.0,32.70753304786695
20.0,385.0,32.6885111184974
20.0,386.0,32.66840482539975
20.0,387.0,32.64714082142706
20.0,388.0,32.62464142443933
20.0,389.0,32.600824431575774
20.0,390.0,32.57560285788727
20.0,391.0,32.54888478469729
20.0,392.0,32.520573144663146
20.0,393.0,32.49056564650043
20.0,394.0,32.45875466016017
20.0,395.0,32.42502728591329
20.0,396.0,32.38926542428278
20.0,397.0,32.35134609423907
20.0,398.0,32.311141815485776
20.0,399.0,32.2685213297379
20.0,400.0,32.22335047794008
20.0,401.0,32.17549353793236
20.0,402.0,32.12481484015363
20.0,403.0,32.07118099302388
20.0,404.0,32.01446352867841
20.0,405.0,31.95454231504396
20.0,406.0,31.891309516288036
20.0,407.0,31.824674430715397
20.0,408.0,31.754568915154156
20.0,409.0,31.6809536510349
20.0,410.0,31.603824817867856
20.0,411.0,31.523221277048673
20.0,412.0,31.439231608822748
20.0,413.0,31.352000888080717
20.0,414.0,31.26173628771794
20.0,415.0,31.168711207632246
20.0,416.0,31.073266880014568
20.0,417.0,30.975811185227276
20.0,418.0,30.87681382367481
20.0,419.0,30.776798030037664
20.0,420.0,30.676328603149067
20.0,421.0,30.57599724289
20.0,422.0,30.476405754800975
20.0,423.0,30.37814879715062
20.0,424.0,30.281797091096674
20.0,425.0,30.18788278677653
20.0,426.0,30.096887509984168
20.0,427.0,30.009234135070617
20.0,428.0,29.92528198532583
20.0,429.0,29.845325737550855
20.0,430.0,29.769597068346094
20.0,431.0,29.698268902677864
20.0,432.0,29.63146107182621
20.0,433.0,29.569247240779593
20.0,434.0,29.51166201483062
20.0,435.0,29.458708308497094
20.0,436.0,29.41036410549989
20.0,437.0,29.366588945318775
20.0,438.0,29.327329453182013
20.0,439.0,29.292524436042754
20.0,440.0,29.262108970416676
20.0,441.0,29.23601811282579
20.0,442.0,29.214189697887033
20.0,443.0,29.196566905533814
20.0,444.0,29.183100057782298
20.0,445.0,29.173748345459256
20.0,446.0,29.168480919570516
20.0,447.0,29.167278053265097
20.0,448.0,29.1701317764637
20.0,449.0,29.177046691513684
20.0,450.0,29.18804033959649
20.0,451.0,29.20314383006171
20.0,452.0,29.22240207311522
20.0,453.0,29.245874334606622
20.0,454.0,29.27363442765573
20.0,455.0,29.305771269085795
20.0,456.0,29.342389092987958
20.0,457.0,29.383608060636337
20.0,458.0,29.42956453935155
20.0,459.0,29.48041180211834
20.0,460.0,29.53632040296855
20.0,461.0,29.597478993255052
20.0,462.0,29.6640948179572
20.0,463.0,29.73639467072792
20.0,464.0,29.814625532372258
20.0,465.0,29.899055684963727
20.0,466.0,29.98997551306406
20.0,467.0,30.087698797393095
20.0,468.0,30.19256370029081
20.0,469.0,30.304934260886142
20.0,470.0,30.42520158819987
20.0,471.0,30.553785581891557
20.0,472.0,30.691136358678772
20.0,473.0,30.83773622494217
20.0,474.0,30.994101364127634
20.0,475.0,31.16078408898927
20.0,476.0,31.338374818424764
20.0,477.0,31.527504636801257
20.0,478.0,31.728847586835705
20.0,479.0,31.943123559498922
20.0,480.0,32.17110092284397
20.0,481.0,32.41359975557951
20.0,482.0,32.67149481658917
20.0,483.0,32.94571911390329
20.0,484.0,33.23726719039581
20.0,485.0,33.54719898051919
20.0,486.0,33.87664333556431
20.0,487.0,34.226802052351125
20.0,488.0,34.598953473231305
20.0,489.0,34.994456457795856
20.0,490.0,35.41475374899018
20.0,491.0,35.861375477520696
20.0,492.0,36.33594175858921
20.0,493.0,36.840165037242706
20.0,494.0,37.375851034254644
20.0,495.0,37.94489881948644
20.0,496.0,38.54929871852901
20.0,497.0,39.19112839902186
20.0,498.0,39.87254564583434
20.0,499.0,40.595777938706995
20.0,500.0,41.36310710279204
20.0,501.0,42.17684888357458
20.0,502.0,43.03932548036803
20.0,503.0,43.95283067355215
20.0,504.0,44.91958546231581
20.0,505.0,45.941683846526004
20.0,506.0,47.02102690337053
20.0,507.0,48.15924530848196
20.0,508.0,49.357609408620675
20.0,509.0,50.616928450429235
20.0,510.0,51.937440177978885
20.0,511.0,53.31869514864142
20.0,512.0,54.75944038583023
20.0,513.0,56.25751053306222
20.0,514.0,57.809735041814875
20.0,515.0,59.41187288996436
20.0,516.0,61.058585370893226
20.0,517.0,62.74345811526203
20.0,518.0,64.45907943150877
20.0,519.0,66.19717897540303
20.0,520.0,67.94882327456247
20.0,521.0,69.70465918134262
20.0,522.0,71.45518860085478
20.0,523.0,73.1910546278694
20.0,524.0,74.90331626887307
20.0,525.0,76.5836918557045
20.0,526.0,78.22475455199859
20.0,527.0,79.82007094387542
20.0,528.0,81.36427934968295
20.0,529.0,82.85311172257103
20.0,530.0,84.28336639519198
20.0,531.0,85.6528426375103
20.0,532.0,86.96024778522573
20.0,533.0,88.20508819027987
20.0,534.0,89.38755279732534
20.0,535.0,90.50839721119235
20.0,536.0,91.5688331990475
20.0,537.0,92.57042762350586
20.0,538.0,93.51501239802244
20.0,539.0,94.40460666224001
20.0,540.0,95.24135071608634
20.0,541.0,96.02745140226645
20.0,542.0,96.76513757223007
20.0,543.0,97.45662475632473
20.0,544.0,98.10408749160518
20.0,545.0,98.7096383771271
20.0,546.0,99.27531247940874
20.0,547.0,99.8030563222369
20.0,548.0,100.2947203709799
20.0,549.0,100.75205445624073
20.0,550.0,101.17670533639296
20.0,551.0,101.57021602571659
20.0,552.0,101.93402633427311
20.0,553.0,102.2694743764575
20.0,554.0,102.57779868975446
20.0,555.0,102.86014080026828
20.0,556.0,103.11754802718352
20.0,557.0,103.35097640127137
20.0,558.0,103.56129360595978
20.0,559.0,103.74928182423507
20.0,560.0,103.91564049189219
20.0,561.0,104.06098882729407
20.0,562.0,104.18586821365652
20.0,563.0,104.29074427657932
20.0,564.0,104.37600879754758
20.0,565.0,104.44198126929001
20.0,566.0,104.48891029155746
20.0,567.0,104.51697457037376
20.0,568.0,104.52628377290078
20.0,569.0,104.5168789544306
20.0,570.0,104.48873286066494
20.0,571.0,104.44174977311634
20.0,572.0,104.37576525037261
20.0,573.0,104.29054538335917
20.0,574.0,104.1857859662798
20.0,575.0,104.06111115154673
20.0,576.0,103.91607203934433
20.0,577.0,103.75014472105453
20.0,578.0,103.56272827690219
20.0,579.0,103.35314219972364
20.0,580.0,103.12062379666
20.0,581.0,102.86432499649315
20.0,582.0,102.5833091690715
20.0,583.0,102.27654734551702
20.0,584.0,101.94291450579001
20.0,585.0,101.58118529146022
20.0,586.0,101.19002987938798
20.0,587.0,100.76800935601632
20.0,588.0,100.31357141139502
20.0,589.0,99.8250456937769
20.0,590.0,99.30063974930113
20.0,591.0,98.73843491730031
20.0,592.0,98.13638324369688
20.0,593.0,97.49230485350122
20.0,594.0,96.80388702871488
20.0,595.0,96.06868455822627
20.0,596.0,95.28412284982865
20.0,597.0,94.44750356435306
20.0,598.0,93.55601457454364
20.0,599.0,92.60674427132156
20.0,600.0,91.59670238996706
20.0,601.0,90.52284768003723
20.0,602.0,89.38212495894149
20.0,603.0,88.17151211194499
20.0,604.0,86.88807978733166
20.0,605.0,85.52906429960623
20.0,606.0,84.09195622775727
20.0,607.0,82.57460447647964
20.0,608.0,80.97533705711406
20.0,609.0,79.29309635129958
20.0,610.0,77.52758734287394
20.0,611.0,75.67943284471092
20.0,612.0,73.75032969128645
20.0,613.0,71.74319475154331
20.0,614.0,69.66228953707095
20.0,615.0,67.51330773487915
20.0,616.0,65.30341180178897
20.0,617.0,63.041203343246934
20.0,618.0,60.73661810265962
20.0,619.0,58.400739821723114
20.0,620.0,56.0455380199604
20.0,621.0,53.683541251908224
20.0,622.0,51.32746862594501
20.0,623.0,48.989845761563885
20.0,624.0,46.68263630331085
20.0,625.0,44.41691514777711
20.0,626.0,42.202606208317555
20.0,627.0,40.04829621471478
20.0,628.0,37.96112967731422
20.0,629.0,35.94677917414369
20.0,630.0,34.00948190896346
20.0,631.0,32.15212712046555
20.0,632.0,30.376380641887856
20.0,633.0,28.682830757265595
20.0,634.0,27.07114433178092
20.0,635.0,25.540221847459154
20.0,636.0,24.088345557408147
20.0,637.0,22.713314521952526
20.0,638.0,21.41256529427394
20.0,639.0,20.183275715492567
20.0,640.0,19.02245339735718
20.0,641.0,17.927008317995643
20.0,642.0,16.893812378104382
20.0,643.0,15.919746049004152
20.0,644.0,15.00173526016046
20.0,645.0,14.13677866890733
20.0,646.0,13.32196828918415
20.0,647.0,12.55450334496168
20.0,648.0,11.831699995256482
20.0,649.0,11.15099645764003
20.0,650.0,10.509955844129932
20.0,651.0,9.906265936672819
20.0,652.0,9.33773793985331
20.0,653.0,8.802303208186537
20.0,654.0,8.298009777348856
20.0,655.0,7.82301753531948
20.0,656.0,7.375593713743093
20.0,657.0,6.954107429879032
20.0,658.0,6.557024855481503
20.0,659.0,6.1829036788672385
20.0,660.0,5.830388364243219
20.0,661.0,5.498204839759261
20.0,662.0,5.18515606714636
20.0,663.0,4.890117109705066
20.0,664.0,4.6120311136173475
20.0,665.0,4.349904818193054
20.0,666.0,4.102804980127679
20.0,667.0,3.8698543353233354
20.0,668.0,3.650228457899941
20.0,669.0,3.443152154035364
20.0,670.0,3.2478967269720163
20.0,671.0,3.0637767691476605
20.0,672.0,2.8901477952208987
20.0,673.0,2.7264033932751683
20.0,674.0,2.57197318524819
20.0,675.0,2.426320297426823
20.0,676.0,2.2889396086559173
20.0,677.0,2.1593555023967714
20.0,678.0,2.0371203659211488
20.0,679.0,1.9218125895014473
20.0,680.0,1.8130352834096262
20.0,681.0,1.7104144935414105
20.0,682.0,1.6135981068359018
20.0,683.0,1.5222542563637802
20.0,684.0,1.436070389437218
20.0,685.0,1.3547518386828024
20.0,686.0,1.2780210304647337
20.0,687.0,1.2056162016138001
20.0,688.0,1.1372907287778804
20.0,689.0,1.072811973258036
20.0,690.0,1.0119607145211467
20.0,691.0,0.9545301080117495
20.0,692.0,0.9003252083324992
20.0,693.0,0.8491620269840632
20.0,694.0,0.800867132673364
20.0,695.0,0.7552767977200048
20.0,696.0,0.7122366646275811
20.0,697.0,0.6716009714217248
20.0,698.0,0.6332322750534661
20.0,699.0,0.5970007472371736
20.0,700.0,0.5627839464815058
20.0,701.0,0.5304661771080138
20.0,702.0,0.4999383027553592
20.0,703.0,0.4710971622098472
20.0,704.0,0.44384541812896317
20.0,705.0,0.4180910241283597
20.0,706.0,0.3937471032441753
20.0,707.0,0.3707314614180063
20.0,708.0,0.34896649088321313
20.0,709.0,0.32837872578788035
20.0,710.0,0.3088987662645915
20.0,711.0,0.2904608724461693
20.0,712.0,0.27300290547478034
20.0,713.0,0.2564659566087612
20.0,714.0,0.24079430185673817
20.0,715.0,0.22593506325643978
20.0,716.0,0.2118381741922541
20.0,717.0,0.1984560702572459
20.0,718.0,0.18574366263612838
20.0,719.0,0.17365805624695665
20.0,720.0,0.1621585288524706
20.0,721.0,0.15120627442415177
20.0,722.0,0.14076438588882653
20.0,723.0,0.13079762186998256
20.0,724.0,0.12127239118804037
20.0,725.0,0.11215654131623645
20.0,726.0,0.10341934293595763
20.0,727.0,0.09503129860062728
20.0,728.0,0.08696412580520038
20.0,729.0,0.07919058448427348
20.0,730.0,0.07168445718997962
20.0,731.0,0.06442039416242012
20.0,732.0,0.05737388932504556
20.0,733.0,0.050521141758496514
20.0,734.0,0.04383902631898731
20.0,735.0,0.03730497042239639
20.0,736.0,0.030896918170723743
20.0,737.0,0.02459322141312112
20.0,738.0,0.01837259632941524
20.0,739.0,0.01221402777976226
20.0,740.0,0.006096717343491478
20.0,741.0,0.0
21.0,0.0,0.0
21.0,1.0,0.0020308862875702957
21.0,2.0,0.004068633521336765
21.0,3.0,0.0061201247713887335
21.0,4.0,0.008192291197379156
21.0,5.0,0.010292130642317139
21.0,6.0,0.012426737751859748
21.0,7.0,0.014603319353808616
21.0,8.0,0.0168292290473362
21.0,9.0,0.019111979692473094
21.0,10.0,0.021459282794424994
21.0,11.0,0.023879058440297685
21.0,12.0,0.026379479817017538
21.0,13.0,0.028968980950173043
21.0,14.0,0.031656306712131745
21.0,15.0,0.034450518740446225
21.0,16.0,0.03736105131584911
21.0,17.0,0.040397715865520774
21.0,18.0,0.04357076311910924
21.0,19.0,0.04689088663571491
21.0,20.0,0.05036929168038127
21.0,21.0,0.054017698253441875
21.0,22.0,0.05784841717061995
21.0,23.0,0.061874353120034656
21.0,24.0,0.06610908847680572
21.0,25.0,0.07056688696728064
21.0,26.0,0.07526278580466988
21.0,27.0,0.08021260060282391
21.0,28.0,0.0854330264838806
21.0,29.0,0.09094164495624345
21.0,30.0,0.09675703471963665
21.0,31.0,0.10289878130505335
21.0,32.0,0.10938759838832153
21.0,33.0,0.11624534108516427
21.0,34.0,0.1234951386829572
21.0,35.0,0.13116141259338956
21.0,36.0,0.13927002152539875
21.0,37.0,0.14784828522326363
21.0,38.0,0.15692514323392098
21.0,39.0,0.1665311857020358
21.0,40.0,0.17669882703460957
21.0,41.0,0.18746234518944604
21.0,42.0,0.19885807171216865
21.0,43.0,0.2109244411437983
21.0,44.0,0.22370219910353156
21.0,45.0,0.2372344636586724
21.0,46.0,0.25156695335488255
21.0,47.0,0.26674806264185696
21.0,48.0,0.28282911201595534
21.0,49.0,0.2998644398828128
21.0,50.0,0.3179116772806449
21.0,51.0,0.3370318588920823
21.0,52.0,0.35728972516594415
21.0,53.0,0.3787538555711487
21.0,54.0,0.4014970013367218
21.0,55.0,0.42559624447708894
21.0,56.0,0.4511333648309319
21.0,57.0,0.4781950288856887
21.0,58.0,0.5068731953213212
21.0,59.0,0.5372653382273938
21.0,60.0,0.5694748959516607
21.0,61.0,0.6036115339377108
21.0,62.0,0.6397916423401755
21.0,63.0,0.678138644410929
21.0,64.0,0.7187835490644934
21.0,65.0,0.761865311492062
21.0,66.0,0.8075314476204294
21.0,67.0,0.8559384544035197
21.0,68.0,0.9072524938706329
21.0,69.0,0.9616498812725114
21.0,70.0,1.0193178470760271
21.0,71.0,1.0804551017147388
21.0,72.0,1.1452726843111547
21.0,73.0,1.21399461300997
21.0,74.0,1.286858829150152
21.0,75.0,1.3641179417276674
21.0,76.0,1.4460402747962855
21.0,77.0,1.5329107130061377
21.0,78.0,1.6250318575410414
21.0,79.0,1.7227249761009547
21.0,80.0,1.8263312676724206
21.0,81.0,1.936212913504771
21.0,82.0,2.052754441892322
21.0,83.0,2.1763638647000056
21.0,84.0,2.307474117730118
21.0,85.0,2.4465442472698213
21.0,86.0,2.5940608759788297
21.0,87.0,2.7505393714795994
21.0,88.0,2.916525246907339
21.0,89.0,3.092595192657018
21.0,90.0,3.279358257642383
21.0,91.0,3.4774565476940795
21.0,92.0,3.6875659388054705
21.0,93.0,3.9103961309590103
21.0,94.0,4.146690507074561
21.0,95.0,4.397225067901951
21.0,96.0,4.662806859402507
21.0,97.0,4.944271094275196
21.0,98.0,5.242477321848417
21.0,99.0,5.558303767915858
21.0,100.0,5.892640129661962
21.0,101.0,6.246377869964052
21.0,102.0,6.620398242460946
21.0,103.0,7.0155570503256595
21.0,104.0,7.43266637875598
21.0,105.0,7.872472362331402
21.0,106.0,8.335629380048085
21.0,107.0,8.82266999647405
21.0,108.0,9.333971451766885
21.0,109.0,9.869718591632337
21.0,110.0,10.429864808143408
21.0,111.0,11.014091827789288
21.0,112.0,11.62177101804731
21.0,113.0,12.25192820944427
21.0,114.0,12.903215799401599
21.0,115.0,13.573894957424379
21.0,116.0,14.261832017800657
21.0,117.0,14.964511437670875
21.0,118.0,15.679068010924711
21.0,119.0,16.402338284253585
21.0,120.0,17.130930529465903
21.0,121.0,17.861309338842986
21.0,122.0,18.58989036264968
21.0,123.0,19.313138155359642
21.0,124.0,20.027660913027397
21.0,125.0,20.730295068408054
21.0,126.0,21.418175262855456
21.0,127.0,22.088785761897864
21.0,128.0,22.73999266843489
21.0,129.0,23.370056880080607
21.0,130.0,23.977630480872975
21.0,131.0,24.561738945473426
21.0,132.0,25.12175324172203
21.0,133.0,25.65735465142788
21.0,134.0,26.168496075337384
21.0,135.0,26.655361819607325
21.0,136.0,27.1183285346896
21.0,137.0,27.557928143380117
21.0,138.0,27.974814328550476
21.0,139.0,28.369732472024886
21.0,140.0,28.743493846952124
21.0,141.0,29.09695338247454
21.0,142.0,29.430991393148375
21.0,143.0,29.746498334570777
21.0,144.0,30.044362824935103
21.0,145.0,30.325461935673854
21.0,146.0,30.590653982385447
21.0,147.0,30.8407728604331
21.0,148.0,31.076624210302967
21.0,149.0,31.298982534241535
21.0,150.0,31.50858961851068
21.0,151.0,31.706153462654726
21.0,152.0,31.892348132662047
21.0,153.0,32.06781380833204
21.0,154.0,32.233157489995364
21.0,155.0,32.38895368950783
21.0,156.0,32.535745604153604
21.0,157.0,32.674046139916676
21.0,158.0,32.804339303738956
21.0,159.0,32.92708136241945
21.0,160.0,33.042702299151784
21.0,161.0,33.1516069890016
21.0,162.0,33.2541766287242
21.0,163.0,33.35076986065612
21.0,164.0,33.441724125588514
21.0,165.0,33.52735669933752
21.0,166.0,33.607965944064475
21.0,167.0,33.683832241849544
21.0,168.0,33.75521913543451
21.0,169.0,33.822374155096185
21.0,170.0,33.88552984888733
21.0,171.0,33.944904505906706
21.0,172.0,34.00070308111331
21.0,173.0,34.05311782166011
21.0,174.0,34.10232909383023
21.0,175.0,34.1485059207126
21.0,176.0,34.191806719779734
21.0,177.0,34.232379760658915
21.0,178.0,34.27036382200117
21.0,179.0,34.30588857797418
21.0,180.0,34.33907518279157
21.0,181.0,34.37003659417384
21.0,182.0,34.39887809350701
21.0,183.0,34.425697554131226
21.0,184.0,34.45058590479156
21.0,185.0,34.47362735041573
21.0,186.0,34.49489978649275
21.0,187.0,34.514474980175166
21.0,188.0,34.53241894366551
21.0,189.0,34.54879208423063
21.0,190.0,34.56364954581707
21.0,191.0,34.57704133814612
21.0,192.0,34.58901265789305
21.0,193.0,34.59960400974119
21.0,194.0,34.60885152186508
21.0,195.0,34.61678707598207
21.0,196.0,34.62343863687502
21.0,197.0,34.62883041432876
21.0,198.0,34.63298323313013
21.0,199.0,34.63591475721865
21.0,200.0,34.637639934581955
21.0,201.0,34.638171322059584
21.0,202.0,34.63751964717368
21.0,203.0,34.635694278195544
21.0,204.0,34.63270394833968
21.0,205.0,34.628557414474606
21.0,206.0,34.6232643809407
21.0,207.0,34.61683637231979
21.0,208.0,34.60928786315693
21.0,209.0,34.60063734287362
21.0,210.0,34.59090859111711
21.0,211.0,34.58013182546797
21.0,212.0,34.5683449545849
21.0,213.0,34.55559457616217
21.0,214.0,34.541936910860656
21.0,215.0,34.52743829860635
21.0,216.0,34.512175428751114
21.0,217.0,34.4962349535282
21.0,218.0,34.47971268576229
21.0,219.0,34.46271211004355
21.0,220.0,34.4453424933631
21.0,221.0,34.42771644544301
21.0,222.0,34.409947314177806
21.0,223.0,34.392146365043146
21.0,224.0,34.37442016949965
21.0,225.0,34.356868161147986
21.0,226.0,34.33958072518927
21.0,227.0,34.322637701116044
21.0,228.0,34.30610754492214
21.0,229.0,34.2900469294989
21.0,230.0,34.2745009246537
21.0,231.0,34.259503475365555
21.0,232.0,34.24507827048107
21.0,233.0,34.23123971709125
21.0,234.0,34.21799411275547
21.0,235.0,34.2053407633821
21.0,236.0,34.19327316122525
21.0,237.0,34.18178001284894
21.0,238.0,34.17084625415344
21.0,239.0,34.16045387801582
21.0,240.0,34.150582724976424
21.0,241.0,34.141211087382864
21.0,242.0,34.13231628072146
21.0,243.0,34.12387504820024
21.0,244.0,34.115863948464245
21.0,245.0,34.10825960227199
21.0,246.0,34.101038940247335
21.0,247.0,34.09417933425283
21.0,248.0,34.08765874515465
21.0,249.0,34.08145577501051
21.0,250.0,34.075549746874735
21.0,251.0,34.06992070545106
21.0,252.0,34.06454945261177
21.0,253.0,34.059417516316834
21.0,254.0,34.05450715839332
21.0,255.0,34.04980132521079
21.0,256.0,34.04528363878677
21.0,257.0,34.04093833802306
21.0,258.0,34.03675026024829
21.0,259.0,34.03270477851699
21.0,260.0,34.02878777796704
21.0,261.0,34.024985592439855
21.0,262.0,34.02128497820114
21.0,263.0,34.01767305165901
21.0,264.0,34.01413726180335
21.0,265.0,34.01066532984404
21.0,266.0,34.007245220963405
21.0,267.0,34.00386508609562
21.0,268.0,34.00051323311359
21.0,269.0,33.99717807060218
21.0,270.0,33.99384807831632
21.0,271.0,33.9905117525851
21.0,272.0,33.98715757571778
21.0,273.0,33.98377396256328
21.0,274.0,33.98034922846722
21.0,275.0,33.97687153647468
21.0,276.0,33.97332886343723
21.0,277.0,33.96970894737696
21.0,278.0,33.96599925140776
21.0,279.0,33.962186910884554
21.0,280.0,33.9582586949546
21.0,281.0,33.95420095332466
21.0,282.0,33.949999575534136
21.0,283.0,33.945639937533876
21.0,284.0,33.94110685923726
21.0,285.0,33.93638455169778
21.0,286.0,33.93145657424563
21.0,287.0,33.92630578399745
21.0,288.0,33.92091429506925
21.0,289.0,33.915263433624325
21.0,290.0,33.90933370347219
21.0,291.0,33.903104752094045
21.0,292.0,33.89655534965967
21.0,293.0,33.88966337476159
21.0,294.0,33.882405817824406
21.0,295.0,33.874758799951934
21.0,296.0,33.866697617170885
21.0,297.0,33.858196812093105
21.0,298.0,33.84923028254893
21.0,299.0,33.83977143360024
21.0,300.0,33.82979338245651
21.0,301.0,33.81926922682458
21.0,302.0,33.8081723859327
21.0,303.0,33.79647702766952
21.0,304.0,33.784158589198434
21.0,305.0,33.77119440436809
21.0,306.0,33.75756443946461
21.0,307.0,33.74325214463232
21.0,308.0,33.728245409534324
21.0,309.0,33.71253761538666
21.0,310.0,33.69612874891675
21.0,311.0,33.67902654434971
21.0,312.0,33.66124758665147
21.0,313.0,33.64281830975807
21.0,314.0,33.62377579104563
21.0,315.0,33.604168252857654
21.0,316.0,33.584055162712865
21.0,317.0,33.563506856021476
21.0,318.0,33.54260361251854
21.0,319.0,33.521434179903316
21.0,320.0,33.50009377112945
21.0,321.0,33.47868163966171
21.0,322.0,33.45729836883507
21.0,323.0,33.436043067980854
21.0,324.0,33.41501066140852
21.0,325.0,33.394289462461074
21.0,326.0,33.37395916966772
21.0,327.0,33.35408938796405
21.0,328.0,33.33473870321109
21.0,329.0,33.315954301240815
21.0,330.0,33.29777206534491
21.0,331.0,33.28021707282906
21.0,332.0,33.26330438591861
21.0,333.0,33.24704004364388
21.0,334.0,33.23142216062069
21.0,335.0,33.216442061233785
21.0,336.0,33.20208538816701
21.0,337.0,33.18833314506793
21.0,338.0,33.175162645731504
21.0,339.0,33.16254835445463
21.0,340.0,33.15046261416281
21.0,341.0,33.13887626090439
21.0,342.0,33.12775913557061
21.0,343.0,33.117080496088754
21.0,344.0,33.10680934814152
21.0,345.0,33.09691469633245
21.0,346.0,33.08736573721982
21.0,347.0,33.07813199166646
21.0,348.0,33.069183399816914
21.0,349.0,33.06049037034085
21.0,350.0,33.052023809017086
21.0,351.0,33.04375511208868
21.0,352.0,33.035656151741485
21.0,353.0,33.02769923290954
21.0,354.0,33.019857051778075
21.0,355.0,33.01210262902816
21.0,356.0,33.004409251976156
21.0,357.0,32.9967503925148
21.0,358.0,32.989099639500445
21.0,359.0,32.98143060629041
21.0,360.0,32.97371685720192
21.0,361.0,32.96593180723823
21.0,362.0,32.95804864455165
21.0,363.0,32.95004022339817
21.0,364.0,32.94187898327373
21.0,365.0,32.933536835105095
21.0,366.0,32.92498507689374
21.0,367.0,32.91619427246935
21.0,368.0,32.90713416292887
21.0,369.0,32.89777353683618
21.0,370.0,32.8880801363958
21.0,371.0,32.878020517709565
21.0,372.0,32.867559950428465
21.0,373.0,32.85666226654732
21.0,374.0,32.8452897522242
21.0,375.0,32.83340298361587
21.0,376.0,32.820960709670885
21.0,377.0,32.8079196737319
21.0,378.0,32.7942344864693
21.0,379.0,32.779857432502446
21.0,380.0,32.7647383333792
21.0,381.0,32.74882433946782
21.0,382.0,32.73205978422073
21.0,383.0,32.71438596333389
21.0,384.0,32.69574098379656
21.0,385.0,32.67605953521852
21.0,386.0,32.65527274086542
21.0,387.0,32.63330793072602
21.0,388.0,32.610088507596295
21.0,389.0,32.58553373876763
21.0,390.0,32.55955865927217
21.0,391.0,32.53207391019814
21.0,392.0,32.50298571478291
21.0,393.0,32.47219580778725
21.0,394.0,32.43960153980985
21.0,395.0,32.40509596549628
21.0,396.0,32.368568158768504
21.0,397.0,32.32990355912257
21.0,398.0,32.28898461602577
21.0,399.0,32.24569153172611
21.0,400.0,32.19990339475899
21.0,401.0,32.151499499952756
21.0,402.0,32.1003611706582
21.0,403.0,32.04637386898933
21.0,404.0,31.989429924693997
21.0,405.0,31.92943164384774
21.0,406.0,31.866295122638956
21.0,407.0,31.799954474060815
21.0,408.0,31.730366751033415
21.0,409.0,31.657517175015734
21.0,410.0,31.581424861031977
21.0,411.0,31.502148495867257
21.0,412.0,31.419792020608476
21.0,413.0,31.33450959092881
21.0,414.0,31.246509727598383
21.0,415.0,31.156057795275512
21.0,416.0,31.063476694367882
21.0,417.0,30.969144949036004
21.0,418.0,30.873492293763046
21.0,419.0,30.776992270615317
21.0,420.0,30.68015243470764
21.0,421.0,30.583502215707856
21.0,422.0,30.487579599414403
21.0,423.0,30.392917101444073
21.0,424.0,30.300028463992028
21.0,425.0,30.209396528865597
21.0,426.0,30.121463488636667
21.0,427.0,30.036623507272502
21.0,428.0,29.955218383319046
21.0,429.0,29.877535673743903
21.0,430.0,29.80380949404884
21.0,431.0,29.73422304632445
21.0,432.0,29.668912910663494
21.0,433.0,29.607974069429023
21.0,434.0,29.55146576468287
21.0,435.0,29.49941725674418
21.0,436.0,29.451833759765893
21.0,437.0,29.40870176913736
21.0,438.0,29.369994232871136
21.0,439.0,29.335674897985704
21.0,440.0,29.305702412733666
21.0,441.0,29.280033578823883
21.0,442.0,29.25862641183541
21.0,443.0,29.241442422276677
21.0,444.0,29.228448815893422
21.0,445.0,29.21962001581048
21.0,446.0,29.214939224665436
21.0,447.0,29.21439940554642
21.0,448.0,29.21800441023378
21.0,449.0,29.22576960502274
21.0,450.0,29.23772273043038
21.0,451.0,29.253904316558252
21.0,452.0,29.27436839878457
21.0,453.0,29.299182829093397
21.0,454.0,29.32842993768497
21.0,455.0,29.36220681628858
21.0,456.0,29.40062598941289
21.0,457.0,29.44381572352781
21.0,458.0,29.491920753248035
21.0,459.0,29.54510265521128
21.0,460.0,29.603540662332634
21.0,461.0,29.66743213160904
21.0,462.0,29.736993472110115
21.0,463.0,29.81246073031011
21.0,464.0,29.89409065333408
21.0,465.0,29.982161412545423
21.0,466.0,30.076973821673427
21.0,467.0,30.178852218322326
21.0,468.0,30.288145856128413
21.0,469.0,30.40522996384802
21.0,470.0,30.53050733092715
21.0,471.0,30.66440956419385
21.0,472.0,30.80739888648787
21.0,473.0,30.959969611004883
21.0,474.0,31.122650172129095
21.0,475.0,31.296004836234566
21.0,476.0,31.48063598150397
21.0,477.0,31.67718606017681
21.0,478.0,31.88634013832378
21.0,479.0,32.108828116175
21.0,480.0,32.34542752712237
21.0,481.0,32.59696600686098
21.0,482.0,32.864324329605914
21.0,483.0,33.148439088773664
21.0,484.0,33.45030591192489
21.0,485.0,33.770982268758736
21.0,486.0,34.11159074631779
21.0,487.0,34.473321824131496
21.0,488.0,34.85743699572217
21.0,489.0,35.26527123154967
21.0,490.0,35.69823558510423
21.0,491.0,36.15781888252302
21.0,492.0,36.64558922958228
21.0,493.0,37.16319419814775
21.0,494.0,37.712360328134366
21.0,495.0,38.2948906987849
21.0,496.0,38.912661072246586
21.0,497.0,39.56761322210937
21.0,498.0,40.2617457827088
21.0,499.0,40.997101065685456
21.0,500.0,41.77574799606306
21.0,501.0,42.59975945523681
21.0,502.0,43.47118403493128
21.0,503.0,44.39201041517715
21.0,504.0,45.36412436775079
21.0,505.0,46.38925675759412
21.0,506.0,47.46892287826105
21.0,507.0,48.60435212035493
21.0,508.0,49.79640924546857
21.0,509.0,51.04550763039673
21.0,510.0,52.351517529357295
21.0,511.0,53.7136719584276
21.0,512.0,55.130475802886906
21.0,513.0,56.59962349608784
21.0,514.0,58.11793341036428
21.0,515.0,59.68130626166325
21.0,516.0,61.2847163916615
21.0,517.0,62.922242220593105
21.0,518.0,64.58714143790463
21.0,519.0,66.27197155413354
21.0,520.0,67.96875353731387
21.0,521.0,69.66917009548061
21.0,522.0,71.36478731600633
21.0,523.0,73.04728398787148
21.0,524.0,74.708673220583
21.0,525.0,76.3415007143078
21.0,526.0,77.93900833484285
21.0,527.0,79.49525464036408
21.0,528.0,81.0051899690807
21.0,529.0,82.46468685339262
21.0,530.0,83.87053115651848
21.0,531.0,85.22038042372738
21.0,532.0,86.51269808395665
21.0,533.0,87.74667105893784
21.0,534.0,88.92211863571963
21.0,535.0,90.03939826294537
21.0,536.0,91.0993135305528
21.0,537.0,92.10302730485922
21.0,538.0,93.05198266962321
21.0,539.0,93.94783246130046
21.0,540.0,94.79237821806944
21.0,541.0,95.5875180203473
21.0,542.0,96.3352030504912
21.0,543.0,97.03740177783413
21.0,544.0,97.69607120715388
21.0,545.0,98.3131339916461
21.0,546.0,98.89046079658819
21.0,547.0,99.42985684295827
21.0,548.0,99.93305211138417
21.0,549.0,100.40169434804649
21.0,550.0,100.83734448299285
21.0,551.0,101.24147382127349
21.0,552.0,101.61546273167356
21.0,553.0,101.96060038651366
21.0,554.0,102.27808535815208
21.0,555.0,102.56902678509665
21.0,556.0,102.83444595963417
21.0,557.0,103.07527817853675
21.0,558.0,103.29237472581595
21.0,559.0,103.48650493328748
21.0,560.0,103.65835818261466
21.0,561.0,103.80854588084482
21.0,562.0,103.93760325165263
21.0,563.0,104.04599104802062
21.0,564.0,104.13409699590528
21.0,565.0,104.20223713989468
21.0,566.0,104.25065686019904
21.0,567.0,104.27953179174168
21.0,568.0,104.28896836957736
21.0,569.0,104.27900428767931
21.0,570.0,104.24960854717706
21.0,571.0,104.2006814352681
21.0,572.0,104.13205406107865
21.0,573.0,104.04348784278737
21.0,574.0,103.93467352189133
21.0,575.0,103.80523015172659
21.0,576.0,103.65470358610125
21.0,577.0,103.48256496843044
21.0,578.0,103.28820869860701
21.0,579.0,103.07095043267182
21.0,580.0,102.83002454655292
21.0,581.0,102.56458167627066
21.0,582.0,102.27368572428749
21.0,583.0,101.95631100623103
21.0,584.0,101.61133889288467
21.0,585.0,101.23755469071722
21.0,586.0,100.83364409134033
21.0,587.0,100.39819001335577
21.0,588.0,99.92966915763054
21.0,589.0,99.42644919631711
21.0,590.0,98.88678592904786
21.0,591.0,98.30882144743588
21.0,592.0,97.6905826837468
21.0,593.0,97.02998153839415
21.0,594.0,96.32481604375651
21.0,595.0,95.57277395372704
21.0,596.0,94.77143834450533
21.0,597.0,93.91829685587885
21.0,598.0,93.01075433136258
21.0,599.0,92.04615076078962
21.0,600.0,91.02178447766514
21.0,601.0,89.93494278063434
21.0,602.0,88.78294007707946
21.0,603.0,87.5631658711122
21.0,604.0,86.27314264358041
21.0,605.0,84.91059578643382
21.0,606.0,83.47353513554867
21.0,607.0,81.96034947876495
21.0,608.0,80.36991227162147
21.0,609.0,78.70169816084922
21.0,610.0,76.95590611065131
21.0,611.0,75.13358578386693
21.0,612.0,73.23675949165907
21.0,613.0,71.26853273907392
21.0,614.0,69.23318221575961
21.0,615.0,67.13621169658707
21.0,616.0,64.9843636734189
21.0,617.0,62.78557859346827
21.0,618.0,60.54889388950283
21.0,619.0,58.28428234156358
21.0,620.0,56.0024324188789
21.0,621.0,53.714482356525345
21.0,622.0,51.43172264639432
21.0,623.0,49.1652884622728
21.0,624.0,46.92586213510502
21.0,625.0,44.723407219501674
21.0,626.0,42.5669487883988
21.0,627.0,40.46441177416762
21.0,628.0,38.42251991958962
21.0,629.0,36.446754984532696
21.0,630.0,34.54136826580328
21.0,631.0,32.709436454074265
21.0,632.0,30.952949478981875
21.0,633.0,29.272920997709594
21.0,634.0,27.669510164011125
21.0,635.0,26.142147937487866
21.0,636.0,24.689659992478546
21.0,637.0,23.310383152743597
21.0,638.0,22.00227085102766
21.0,639.0,20.762987528936517
21.0,640.0,19.589989872338283
21.0,641.0,18.480596615331272
21.0,642.0,17.432046078650224
21.0,643.0,16.441544001629307
21.0,644.0,15.506301296583901
21.0,645.0,14.623564484656466
21.0,646.0,13.790638452326222
21.0,647.0,13.004904174185615
21.0,648.0,12.26383085594011
21.0,649.0,11.564984916362766
21.0,650.0,10.906035029241053
21.0,651.0,10.284755407949486
21.0,652.0,9.69902634245961
21.0,653.0,9.14683396914135
21.0,654.0,8.626268117442976
21.0,655.0,8.135520055856862
21.0,656.0,7.6728788626140085
21.0,657.0,7.2367281260049845
21.0,658.0,6.825541621074078
21.0,659.0,6.437879581927557
21.0,660.0,6.0723841685481235
21.0,661.0,5.727775684757942
21.0,662.0,5.402848120958858
21.0,663.0,5.096465531410731
21.0,664.0,4.8075578104741
21.0,665.0,4.535117340860996
21.0,666.0,4.27819508037058
21.0,667.0,4.035897529640053
21.0,668.0,3.807383157303628
21.0,669.0,3.591859698065899
21.0,670.0,3.3885809155458224
21.0,671.0,3.1968442200583675
21.0,672.0,3.0159877526444787
21.0,673.0,2.8453883006941276
21.0,674.0,2.6844586788865974
21.0,675.0,2.53264591575244
21.0,676.0,2.389428904274025
21.0,677.0,2.2543168311235546
21.0,678.0,2.126847069479831
21.0,679.0,2.0065838233931044
21.0,680.0,1.8931162366982937
21.0,681.0,1.7860572267551251
21.0,682.0,1.6850417854087467
21.0,683.0,1.5897259786373579
21.0,684.0,1.4997854178687302
21.0,685.0,1.414914404487232
21.0,686.0,1.334824552195692
21.0,687.0,1.2592440576938126
21.0,688.0,1.1879164570367649
21.0,689.0,1.1206000059964352
21.0,690.0,1.0570665554421996
21.0,691.0,0.997101026890843
21.0,692.0,0.9405003937954733
21.0,693.0,0.8870732395676382
21.0,694.0,0.8366388333061725
21.0,695.0,0.789026759142417
21.0,696.0,0.7440760763838286
21.0,697.0,0.7016350104058189
21.0,698.0,0.661560188443186
21.0,699.0,0.6237163834493082
21.0,700.0,0.5879758178619804
21.0,701.0,0.5542179528926854
21.0,702.0,0.5223288535421882
21.0,703.0,0.4922010166887209
21.0,704.0,0.46373279145131696
21.0,705.0,0.43682824023370853
21.0,706.0,0.4113966092466775
21.0,707.0,0.3873522173500396
21.0,708.0,0.3646139721640528
21.0,709.0,0.3431052821488609
21.0,710.0,0.3227536142720876
21.0,711.0,0.3034904252854655
21.0,712.0,0.28525075738223166
21.0,713.0,0.26797318508461737
21.0,714.0,0.2515994457300159
21.0,715.0,0.2360743987793065
21.0,716.0,0.22134568832306498
21.0,717.0,0.2073637119667941
21.0,718.0,0.19408131285455404
21.0,719.0,0.18145375558941848
21.0,720.0,0.16943844553764803
21.0,721.0,0.15799490950647335
21.0,722.0,0.14708454032226814
21.0,723.0,0.13667058021766235
21.0,724.0,0.1267178888762828
21.0,725.0,0.1171929276811127
21.0,726.0,0.1080635495898077
21.0,727.0,0.09929898256944393
21.0,728.0,0.09086963981318237
21.0,729.0,0.08274710083587912
21.0,730.0,0.07490394066748884
21.0,731.0,0.06731370721180475
21.0,732.0,0.059950768156571334
21.0,733.0,0.052790283305855924
21.0,734.0,0.04580806803313551
21.0,735.0,0.038980559388118806
21.0,736.0,0.03228469498851582
21.0,737.0,0.025697871775874473
21.0,738.0,0.01919783929548631
21.0,739.0,0.012762650034054074
21.0,740.0,0.006370566076125004
21.0,741.0,0.0
22.0,0.0,0.0
22.0,1.0,0.0021155634389929436
22.0,2.0,0.004238272870189677
22.0,3.0,0.006375299281518202
22.0,4.0,0.008533859812203835
22.0,5.0,0.01072124691203171
22.0,6.0,0.012944845982201093
22.0,7.0,0.015212169023879472
22.0,8.0,0.01753086909625272
22.0,9.0,0.019908778786939158
22.0,10.0,0.022353921830159804
22.0,11.0,0.0248745567429472
22.0,12.0,0.02747918596205195
22.0,13.0,0.030176605005968114
22.0,14.0,0.0329759095097899
22.0,15.0,0.03588655029412203
22.0,16.0,0.038918338702898445
22.0,17.0,0.04208150798656625
22.0,18.0,0.045386717379248265
22.0,19.0,0.048845120235577515
22.0,20.0,0.052468367320981965
22.0,21.0,0.05626868217968572
22.0,22.0,0.06025886415586485
22.0,23.0,0.06445237151520078
22.0,24.0,0.06886332476584862
22.0,25.0,0.07350659810821833
22.0,26.0,0.0783978236838729
22.0,27.0,0.08355349198873324
22.0,28.0,0.08899095774607567
22.0,29.0,0.09472854998805581
22.0,30.0,0.10078558032693688
22.0,31.0,0.10718246348981239
22.0,32.0,0.11394072885127049
22.0,33.0,0.12108315229774476
22.0,34.0,0.12863377198639225
22.0,35.0,0.13661803252009888
22.0,36.0,0.14506280601301852
22.0,37.0,0.15399654967661083
22.0,38.0,0.1634493334038888
22.0,39.0,0.1734530120029312
22.0,40.0,0.1840412606615126
22.0,41.0,0.19524976321954138
22.0,42.0,0.2071162570457788
22.0,43.0,0.21968073891712964
22.0,44.0,0.23298552103226675
22.0,45.0,0.24707545626646576
22.0,46.0,0.2619980072660973
22.0,47.0,0.27780349307584074
22.0,48.0,0.29454517350638865
22.0,49.0,0.3122795193896913
22.0,50.0,0.33106631469317593
22.0,51.0,0.3509689529515096
22.0,52.0,0.37205455991744235
22.0,53.0,0.3943943190485459
22.0,54.0,0.4180636178402717
22.0,55.0,0.4431424056156259
22.0,56.0,0.4697153670819277
22.0,57.0,0.49787231608126026
22.0,58.0,0.5277084003483034
22.0,59.0,0.5593245353275783
22.0,60.0,0.5928276445813042
22.0,61.0,0.6283311382587267
22.0,62.0,0.6659551940992261
22.0,63.0,0.7058272856335777
22.0,64.0,0.7480825092264917
22.0,65.0,0.792864167569582
22.0,66.0,0.8403241486692284
22.0,67.0,0.8906235706038435
22.0,68.0,0.9439332187190401
22.0,69.0,1.0004342578792997
22.0,70.0,1.0603187342699423
22.0,71.0,1.1237903613317004
22.0,72.0,1.191065092305787
22.0,73.0,1.2623719854696476
22.0,74.0,1.3379538526094081
22.0,75.0,1.4180682077160514
22.0,76.0,1.5029879944800366
22.0,77.0,1.593002619702485
22.0,78.0,1.6884187589910555
22.0,79.0,1.7895614709415761
22.0,80.0,1.896775073429973
22.0,81.0,2.0104243258513144
22.0,82.0,2.130895357197102
22.0,83.0,2.2585968894188904
22.0,84.0,2.393961180584373
22.0,85.0,2.5374452400423833
22.0,86.0,2.6895317221294497
22.0,87.0,2.850730049434716
22.0,88.0,3.021577150322848
22.0,89.0,3.2026383550897095
22.0,90.0,3.3945078081408435
22.0,91.0,3.5978089266996123
22.0,92.0,3.8131942288079226
22.0,93.0,4.041345038185824
22.0,94.0,4.282970345129108
22.0,95.0,4.53880529776791
22.0,96.0,4.809608549915352
22.0,97.0,5.096158897160797
22.0,98.0,5.399250368028176
22.0,99.0,5.7196861555731
22.0,100.0,6.0582705002975485
22.0,101.0,6.4157988752710295
22.0,102.0,6.793045554408216
22.0,103.0,7.190748923441345
22.0,104.0,7.609593652317418
22.0,105.0,8.05019019330843
22.0,106.0,8.513050893055189
22.0,107.0,8.998563456305885
22.0,108.0,9.506961426410701
22.0,109.0,10.038292930995345
22.0,110.0,10.592387987553565
22.0,111.0,11.168826365694299
22.0,112.0,11.766907111414517
22.0,113.0,12.385622542377826
22.0,114.0,13.023638510565785
22.0,115.0,13.679284179644595
22.0,116.0,14.350553127460264
22.0,117.0,15.03511846785529
22.0,118.0,15.73036256999759
22.0,119.0,16.433422156309422
22.0,120.0,17.141246881291902
22.0,121.0,17.850669410990978
22.0,122.0,18.558482448630613
22.0,123.0,19.261518620904383
22.0,124.0,19.95672750348663
22.0,125.0,20.641245700210668
22.0,126.0,21.31245542152489
22.0,127.0,21.96802958184339
22.0,128.0,22.60596151825327
22.0,129.0,23.22458011145675
22.0,130.0,23.822550887380107
22.0,131.0,24.398865793360798
22.0,132.0,24.95282345963168
22.0,133.0,25.484003193103227
22.0,134.0,25.99223450016721
22.0,135.0,26.47756494711535
22.0,136.0,26.940227463934136
22.0,137.0,27.38060908779889
22.0,138.0,27.799221441409973
22.0,139.0,28.196674194177994
22.0,140.0,28.57365117171043
22.0,141.0,28.930889850967176
22.0,142.0,29.269163529657074
22.0,143.0,29.58926663382189
22.0,144.0,29.892002282618133
22.0,145.0,30.178172469577945
22.0,146.0,30.44856994147329
22.0,147.0,30.703972125536627
22.0,148.0,30.9451362159459
22.0,149.0,31.17279580497372
22.0,150.0,31.38765822546219
22.0,151.0,31.590403036510374
22.0,152.0,31.78168087820937
22.0,153.0,31.962113170235284
22.0,154.0,32.13229193279899
22.0,155.0,32.29278023831349
22.0,156.0,32.44411261552062
22.0,157.0,32.58679593774192
22.0,158.0,32.72131015122264
22.0,159.0,32.84810938952572
22.0,160.0,32.96762285679108
22.0,161.0,33.08025603294843
22.0,162.0,33.18639160500085
22.0,163.0,33.28639067922601
22.0,164.0,33.38059369578352
22.0,165.0,33.469321598439336
22.0,166.0,33.55287669560303
22.0,167.0,33.63154376048962
22.0,168.0,33.70559081957733
22.0,169.0,33.77527017033377
22.0,170.0,33.8408190892849
22.0,171.0,33.90246076320299
22.0,172.0,33.96040491576754
22.0,173.0,34.01484865332853
22.0,174.0,34.065977013081415
22.0,175.0,34.11396372746614
22.0,176.0,34.15897169892584
22.0,177.0,34.201153688544686
22.0,178.0,34.240652723522125
22.0,179.0,34.27760271637205
22.0,180.0,34.31212881169959
22.0,181.0,34.344347942576675
22.0,182.0,34.3743691233894
22.0,183.0,34.402293950154196
22.0,184.0,34.428216846356996
22.0,185.0,34.45222551420176
22.0,186.0,34.474401140693836
22.0,187.0,34.494818807315035
22.0,188.0,34.51354766430867
22.0,189.0,34.5306513072527
22.0,190.0,34.54618792878882
22.0,191.0,34.56021067223304
22.0,192.0,34.57276777207921
22.0,193.0,34.58390289736851
22.0,194.0,34.59365529540513
22.0,195.0,34.60206014129187
22.0,196.0,34.60914870355505
22.0,197.0,34.61494872107837
22.0,198.0,34.61948461462401
22.0,199.0,34.62277791800301
22.0,200.0,34.624847565100296
22.0,201.0,34.62571040733026
22.0,202.0,34.62538160991366
22.0,203.0,34.623875289855846
22.0,204.0,34.62120505425298
22.0,205.0,34.61738478740254
22.0,206.0,34.61242935178581
22.0,207.0,34.60635553222653
22.0,208.0,34.59918288876323
22.0,209.0,34.590934821656106
22.0,210.0,34.58163950725044
22.0,211.0,34.571330975522066
22.0,212.0,34.560049975966585
22.0,213.0,34.54784486832647
22.0,214.0,34.53477217608646
22.0,215.0,34.52089701568586
22.0,216.0,34.506293049886466
22.0,217.0,34.49104218314236
22.0,218.0,34.47523369341297
22.0,219.0,34.45896306214417
22.0,220.0,34.4423302782703
22.0,221.0,34.425437946210934
22.0,222.0,34.40838906015923
22.0,223.0,34.39128482428472
22.0,224.0,34.37422242487963
22.0,225.0,34.35729312372584
22.0,226.0,34.34058055560358
22.0,227.0,34.324159528886206
22.0,228.0,34.30809514630544
22.0,229.0,34.292442455923194
22.0,230.0,34.27724638855513
22.0,231.0,34.26254212718578
22.0,232.0,34.24835563913698
22.0,233.0,34.234704491072364
22.0,234.0,34.22159868754007
22.0,235.0,34.20904165619693
22.0,236.0,34.19703114950833
22.0,237.0,34.1855602000044
22.0,238.0,34.1746179312017
22.0,239.0,34.16419037358032
22.0,240.0,34.1542611146715
22.0,241.0,34.14481193836766
22.0,242.0,34.13582330202786
22.0,243.0,34.12727480564276
22.0,244.0,34.119145515018445
22.0,245.0,34.1114142877838
22.0,246.0,34.10405997359477
22.0,247.0,34.09706162934622
22.0,248.0,34.09039862803197
22.0,249.0,34.08405079305162
22.0,250.0,34.07799844291397
22.0,251.0,34.072222469002156
22.0,252.0,34.06670433734477
22.0,253.0,34.06142612824412
22.0,254.0,34.05637051066824
22.0,255.0,34.05152075693054
22.0,256.0,34.04686070057591
22.0,257.0,34.04237473518186
22.0,258.0,34.03804776304432
22.0,259.0,34.03386518411806
22.0,260.0,34.02981284022347
22.0,261.0,34.02587699797528
22.0,262.0,34.022044291426155
22.0,263.0,34.01830170133937
22.0,264.0,34.01463649795821
22.0,265.0,34.01103621797527
22.0,266.0,34.007488608302516
22.0,267.0,34.00398160143198
22.0,268.0,34.000503260554794
22.0,269.0,33.997041753588455
22.0,270.0,33.993585299664176
22.0,271.0,33.9901221418416
22.0,272.0,33.986640494793164
22.0,273.0,33.98312851608987
22.0,274.0,33.97957425482305
22.0,275.0,33.975965621299046
22.0,276.0,33.97229033633533
22.0,277.0,33.968535899239185
22.0,278.0,33.96468953759657
22.0,279.0,33.96073817353841
22.0,280.0,33.956668374024204
22.0,281.0,33.952466315645026
22.0,282.0,33.94811773572555
22.0,283.0,33.94360789632321
22.0,284.0,33.93892153699118
22.0,285.0,33.93404283928141
22.0,286.0,33.9289553828171
22.0,287.0,33.92364211260031
22.0,288.0,33.91808530125997
22.0,289.0,33.912266522947995
22.0,290.0,33.90616662642439
22.0,291.0,33.89976572148309
22.0,292.0,33.8930431701092
22.0,293.0,33.88597759441625
22.0,294.0,33.87854689666612
22.0,295.0,33.870728301804235
22.0,296.0,33.8624984217995
22.0,297.0,33.853833351066505
22.0,298.0,33.84470879623868
22.0,299.0,33.835100248709715
22.0,300.0,33.82498320689984
22.0,301.0,33.81433345565862
22.0,302.0,33.80312741251322
22.0,303.0,33.791342546128
22.0,304.0,33.77895787730888
22.0,305.0,33.765954563319866
22.0,306.0,33.75231657251284
22.0,307.0,33.73803144081236
22.0,308.0,33.72309110760528
22.0,309.0,33.70749280676963
22.0,310.0,33.691239993520426
22.0,311.0,33.67434326040738
22.0,312.0,33.656821200900296
22.0,313.0,33.63870114987145
22.0,314.0,33.620019740384876
22.0,315.0,33.60082319296167
22.0,316.0,33.58116727684142
22.0,317.0,33.56111687480436
22.0,318.0,33.54074512658318
22.0,319.0,33.520132136890794
22.0,320.0,33.49936329392259
22.0,321.0,33.47852726327078
22.0,322.0,33.457713778889655
22.0,323.0,33.43701135643473
22.0,324.0,33.41650508360608
22.0,325.0,33.39627461328043
22.0,326.0,33.37639248013918
22.0,327.0,33.356922807120625
22.0,328.0,33.337920445679586
22.0,329.0,33.31943053821842
22.0,330.0,33.30148847487546
22.0,331.0,33.28412017954929
22.0,332.0,33.26734266083363
22.0,333.0,33.25116474836202
22.0,334.0,33.235587949078244
22.0,335.0,33.22060735813946
22.0,336.0,33.20621257688767
22.0,337.0,33.19238859775251
22.0,338.0,33.179116629587355
22.0,339.0,33.166374846905875
22.0,340.0,33.15413905213705
22.0,341.0,33.14238325146287
22.0,342.0,33.13108014146027
22.0,343.0,33.12020151772318
22.0,344.0,33.109718604567576
22.0,345.0,33.09960232308783
22.0,346.0,33.089823494477066
22.0,347.0,33.08035299953758
22.0,348.0,33.071161886851705
22.0,349.0,33.06222145328456
22.0,350.0,33.05350328377631
22.0,351.0,33.04497927683379
22.0,352.0,33.03662163672925
22.0,353.0,33.028402861998366
22.0,354.0,33.02029570513182
22.0,355.0,33.01227313685441
22.0,356.0,33.0043082836818
22.0,357.0,32.996374376606134
22.0,358.0,32.98844467328344
22.0,359.0,32.98049239666175
22.0,360.0,32.97249064593639
22.0,361.0,32.96441232844713
22.0,362.0,32.95623006168571
22.0,363.0,32.94791610025191
22.0,364.0,32.9394422299225
22.0,365.0,32.93077969041185
22.0,366.0,32.92189906165301
22.0,367.0,32.91277018241618
22.0,368.0,32.90336202839407
22.0,369.0,32.89364262629542
22.0,370.0,32.883578922990765
22.0,371.0,32.87313669446146
22.0,372.0,32.86228040511039
22.0,373.0,32.85097311088796
22.0,374.0,32.83917630790219
22.0,375.0,32.826849829177384
22.0,376.0,32.81395168194351
22.0,377.0,32.80043793786615
22.0,378.0,32.78626255893506
22.0,379.0,32.77137728174078
22.0,380.0,32.755731432853146
22.0,381.0,32.73927180898278
22.0,382.0,32.721942484355424
22.0,383.0,32.70368469064792
22.0,384.0,32.68443662144305
22.0,385.0,32.664133319053526
22.0,386.0,32.64270648514386
22.0,387.0,32.62008438649585
22.0,388.0,32.59619168694348
22.0,389.0,32.570949391522376
22.0,390.0,32.54427472381424
22.0,391.0,32.51608113868753
22.0,392.0,32.48627828199243
22.0,393.0,32.45477211728494
22.0,394.0,32.421465022576875
22.0,395.0,32.38625609694868
22.0,396.0,32.34904147238537
22.0,397.0,32.309714892192325
22.0,398.0,32.268168344230666
22.0,399.0,32.22429303276865
22.0,400.0,32.177980469174734
22.0,401.0,32.12912398639842
22.0,402.0,32.07762044534541
22.0,403.0,32.023372453466486
22.0,404.0,31.96629084149641
22.0,405.0,31.906297720681234
22.0,406.0,31.843329825078992
22.0,407.0,31.77734243954818
22.0,408.0,31.708313546685893
22.0,409.0,31.636248438067284
22.0,410.0,31.56118431527124
22.0,411.0,31.483195037159568
22.0,412.0,31.40239540495126
22.0,413.0,31.318945043851805
22.0,414.0,31.23305115563057
22.0,415.0,31.144970156899806
22.0,416.0,31.055007456773193
22.0,417.0,30.96351548656277
22.0,418.0,30.87088939226531
22.0,419.0,30.777560794924597
22.0,420.0,30.683989364137346
22.0,421.0,30.590653023610095
22.0,422.0,30.498036894194748
22.0,423.0,30.40662211359278
22.0,424.0,30.31687478532019
22.0,425.0,30.22923621582043
22.0,426.0,30.144114505916658
22.0,427.0,30.061878374569982
22.0,428.0,29.98285288180565
22.0,429.0,29.907317554218313
22.0,430.0,29.835506206365583
22.0,431.0,29.767608708138013
22.0,432.0,29.703773795505175
22.0,433.0,29.644113115700623
22.0,434.0,29.58870558639029
22.0,435.0,29.537602342484995
22.0,436.0,29.49083142905241
22.0,437.0,29.44840264993573
22.0,438.0,29.410311826639592
22.0,439.0,29.376545003797425
22.0,440.0,29.347081926186526
22.0,441.0,29.321899416210208
22.0,442.0,29.300974011298383
22.0,443.0,29.284284548669923
22.0,444.0,29.27181406202035
22.0,445.0,29.263551711754495
22.0,446.0,29.259494099924932
22.0,447.0,29.259646711649328
22.0,448.0,29.264024811447232
22.0,449.0,29.27265454991611
22.0,450.0,29.285573583160613
22.0,451.0,29.302831971960387
22.0,452.0,29.324492637034346
22.0,453.0,29.35063214901885
22.0,454.0,29.38134110490731
22.0,455.0,29.416724882042804
22.0,456.0,29.456903998718516
22.0,457.0,29.502014885862494
22.0,458.0,29.552210278084146
22.0,459.0,29.607660042618257
22.0,460.0,29.66855163540224
22.0,461.0,29.735091017227557
22.0,462.0,29.80750320168118
22.0,463.0,29.88603328224299
22.0,464.0,29.97094709406783
22.0,465.0,30.062532371970168
22.0,466.0,30.161099545132583
22.0,467.0,30.266983043676138
22.0,468.0,30.380542243660432
22.0,469.0,30.502162938497747
22.0,470.0,30.63225845033147
22.0,471.0,30.77127128118917
22.0,472.0,30.9196744052394
22.0,473.0,31.077973112486156
22.0,474.0,31.246706493612198
22.0,475.0,31.426449485169222
22.0,476.0,31.617814553518205
22.0,477.0,31.821453943440186
22.0,478.0,32.038061558368845
22.0,479.0,32.26837540206727
22.0,480.0,32.51317963640888
22.0,481.0,32.77330718519784
22.0,482.0,33.04964192451217
22.0,483.0,33.343121384447336
22.0,484.0,33.6547389851477
22.0,485.0,33.98554671983269
22.0,486.0,34.33665728451269
22.0,487.0,34.70924654515903
22.0,488.0,35.104555310273184
22.0,489.0,35.52389126443172
22.0,490.0,35.96862998667258
22.0,491.0,36.44021585666976
22.0,492.0,36.94016171185532
22.0,493.0,37.47004798402214
22.0,494.0,38.0315200974065
22.0,495.0,38.62628475768995
22.0,496.0,39.256103811359885
22.0,497.0,39.92278618313799
22.0,498.0,40.628176453779666
22.0,499.0,41.374140455195445
22.0,500.0,42.162546336747404
22.0,501.0,42.99524137597701
22.0,502.0,43.87402294068303
22.0,503.0,44.80060387238915
22.0,504.0,45.77657081039427
22.0,505.0,46.80333594779452
22.0,506.0,47.88208116010248
22.0,507.0,49.01369561391064
22.0,508.0,50.19870670402875
22.0,509.0,51.437206597714244
22.0,510.0,52.72877573517175
22.0,511.0,54.072407292312036
22.0,512.0,55.466435880212856
22.0,513.0,56.9084763638477
22.0,514.0,58.39537772007156
22.0,515.0,59.923198817481975
22.0,516.0,61.48721109825533
22.0,517.0,63.081933721093534
22.0,518.0,64.70120328621337
22.0,519.0,66.33827919129646
22.0,520.0,67.98598096695287
22.0,521.0,69.63685214256441
22.0,522.0,71.28334079543791
22.0,523.0,72.91798637267956
22.0,524.0,74.53360023400002
22.0,525.0,76.1234294751124
22.0,526.0,77.68129424395516
22.0,527.0,79.20169301138239
22.0,528.0,80.67987226342666
22.0,529.0,82.11186151542904
22.0,530.0,83.49447594666503
22.0,531.0,84.82529200670224
22.0,532.0,86.10260121027457
22.0,533.0,87.32534873628781
22.0,534.0,88.49306204640908
22.0,535.0,89.60577507992156
22.0,536.0,90.66395165326622
22.0,537.0,91.66841168576663
22.0,538.0,92.62026201289214
22.0,539.0,93.52083362289662
22.0,540.0,94.37162563527174
22.0,541.0,95.17425662776279
22.0,542.0,95.93042277999022
22.0,543.0,96.64186276686706
22.0,544.0,97.31032850535806
22.0,545.0,97.93756140938697
22.0,546.0,98.52527320056998
22.0,547.0,99.07513087628082
22.0,548.0,99.58874498548249
22.0,549.0,100.06766086157248
22.0,550.0,100.51335212631305
22.0,551.0,100.9272161895103
22.0,552.0,101.31057123014662
22.0,553.0,101.66465445067948
22.0,554.0,101.99062124652647
22.0,555.0,102.28954512757116
22.0,556.0,102.56241816783172
22.0,557.0,102.81015184132818
22.0,558.0,103.03357813311716
22.0,559.0,103.23345078376008
22.0,560.0,103.41044665150618
22.0,561.0,103.565167034115
22.0,562.0,103.6981390166591
22.0,563.0,103.80981665857963
22.0,564.0,103.90058215888496
22.0,565.0,103.97074677535772
22.0,566.0,104.02055170264958
22.0,567.0,104.0501686417217
22.0,568.0,104.05970032713591
22.0,569.0,104.04918069732163
22.0,570.0,104.01857503317561
22.0,571.0,103.96777970042683
22.0,572.0,103.89662187837138
22.0,573.0,103.80485885958382
22.0,574.0,103.6921773597717
22.0,575.0,103.5581923714776
22.0,576.0,103.40244605749176
22.0,577.0,103.22440616774068
22.0,578.0,103.02346453322525
22.0,579.0,102.7989350729724
22.0,580.0,102.55005192739648
22.0,581.0,102.27596710985058
22.0,582.0,101.97574835319546
22.0,583.0,101.64837650457876
22.0,584.0,101.29274321439762
22.0,585.0,100.90764824234071
22.0,586.0,100.49179720427954
22.0,587.0,100.04379906453423
22.0,588.0,99.56216428769785
22.0,589.0,99.04530295281265
22.0,590.0,98.49152385215838
22.0,591.0,97.89903389802642
22.0,592.0,97.26593899121733
22.0,593.0,96.5902457233929
22.0,594.0,95.86986522700131
22.0,595.0,95.10261862576311
22.0,596.0,94.28624558915453
22.0,597.0,93.41841555412911
22.0,598.0,92.49674332777585
22.0,599.0,91.51880875558724
22.0,600.0,90.48218236859367
22.0,601.0,89.3844567782721
22.0,602.0,88.22328585043
22.0,603.0,86.99643137556357
22.0,604.0,85.70181917212848
22.0,605.0,84.33760398674976
22.0,606.0,82.90224461914106
22.0,607.0,81.39458775202824
22.0,608.0,79.81396075350017
22.0,609.0,78.16027030295604
22.0,610.0,76.43410515303908
22.0,611.0,74.63683750279394
22.0,612.0,72.77071877060212
22.0,613.0,70.83896166540997
22.0,614.0,68.84580219682641
22.0,615.0,66.7965321211158
22.0,616.0,64.69749544306289
22.0,617.0,62.55604118564283
22.0,618.0,60.380429943497646
22.0,619.0,58.17969242145765
22.0,620.0,55.963445278563924
22.0,621.0,53.741671134307246
22.0,622.0,51.524476430167454
22.0,623.0,49.3218405969753
22.0,624.0,47.14337391123879
22.0,625.0,44.9980974687362
22.0,626.0,42.894259012744556
22.0,627.0,40.83919140698375
22.0,628.0,38.83921916225097
22.0,629.0,36.89961110700692
22.0,630.0,35.02457685056424
22.0,631.0,33.21729909561631
22.0,632.0,31.47999559670692
22.0,633.0,29.814001062427216
22.0,634.0,28.219862862307703
22.0,635.0,26.697442193859295
22.0,636.0,25.246016762215756
22.0,637.0,23.864379161005157
22.0,638.0,22.550929573933477
22.0,639.0,21.30375931841267
22.0,640.0,20.12072584857962
22.0,641.0,18.99951732530849
22.0,642.0,17.937708573322766
22.0,643.0,16.93280737430546
22.0,644.0,15.982293466725151
22.0,645.0,15.083649512782117
22.0,646.0,14.234386539374349
22.0,647.0,13.432063123449998
22.0,648.0,12.67430075154243
22.0,649.0,11.958794498742591
22.0,650.0,11.283321297556842
22.0,651.0,10.64574478021225
22.0,652.0,10.044018794122266
22.0,653.0,9.476188424228878
22.0,654.0,8.940390471004966
22.0,655.0,8.434852098102471
22.0,656.0,7.9578894764462085
22.0,657.0,7.507905051900573
22.0,658.0,7.0833851689849645
22.0,659.0,6.68289661991043
22.0,660.0,6.305083779600342
22.0,661.0,5.948664861309094
22.0,662.0,5.612428898417447
22.0,663.0,5.295231969946696
22.0,664.0,4.995994231937292
22.0,665.0,4.713696268110061
22.0,666.0,4.447376286184806
22.0,667.0,4.196126678555972
22.0,668.0,3.9590914426533326
22.0,669.0,3.735462991795472
22.0,670.0,3.5244798234684547
22.0,671.0,3.3254235929502816
22.0,672.0,3.137617032053874
22.0,673.0,2.960421281764257
22.0,674.0,2.7932340516793
22.0,675.0,2.6354871987620996
22.0,676.0,2.4866451111406938
22.0,677.0,2.3462025154829753
22.0,678.0,2.2136830658202498
22.0,679.0,2.0886373602508956
22.0,680.0,1.9706417146220025
22.0,681.0,1.859296369128891
22.0,682.0,1.7542244271185747
22.0,683.0,1.6550702329537337
22.0,684.0,1.5614984573189337
22.0,685.0,1.4731926290076667
22.0,686.0,1.3898543495619693
22.0,687.0,1.3112019631425533
22.0,688.0,1.2369698848997568
22.0,689.0,1.1669073946345243
22.0,690.0,1.1007780648580148
22.0,691.0,1.0383586654512178
22.0,692.0,0.9794386788527158
22.0,693.0,0.9238193043273202
22.0,694.0,0.8713130490918878
22.0,695.0,0.8217428220858639
22.0,696.0,0.7749415910900758
22.0,697.0,0.7307515570479327
22.0,698.0,0.6890238683504223
22.0,699.0,0.6496178677885517
22.0,700.0,0.6124008561747828
22.0,701.0,0.5772474049226267
22.0,702.0,0.5440391620593305
22.0,703.0,0.5126642242371188
22.0,704.0,0.4830169789743425
22.0,705.0,0.4549975306152161
22.0,706.0,0.42851157332731105
22.0,707.0,0.40346986615310093
22.0,708.0,0.37978813190068017
22.0,709.0,0.35738657698069537
22.0,710.0,0.33618981186376895
22.0,711.0,0.3161264118793237
22.0,712.0,0.2971288553857678
22.0,713.0,0.27913312213122565
22.0,714.0,0.2620786456985635
22.0,715.0,0.245907946399131
22.0,716.0,0.2305665949207399
22.0,717.0,0.21600287705034546
22.0,718.0,0.20216776577489276
22.0,719.0,0.18901461541277725
22.0,720.0,0.17649913970005615
22.0,721.0,0.16457913315817715
22.0,722.0,0.15321445294576377
22.0,723.0,0.14236676550551108
22.0,724.0,0.13199953017836458
22.0,725.0,0.12207776935911532
22.0,726.0,0.11256805205854922
22.0,727.0,0.10343828595810982
22.0,728.0,0.09465769926929377
22.0,729.0,0.08619665321533043
22.0,730.0,0.07802662067813106
22.0,731.0,0.07012001775142038
22.0,732.0,0.06245017778594807
22.0,733.0,0.05499120075571678
22.0,734.0,0.04771792141364988
22.0,735.0,0.040605775292006804
22.0,736.0,0.03363075976469929
22.0,737.0,0.026769315565903
22.0,738.0,0.01999827962289409
22.0,739.0,0.013294781024238539
22.0,740.0,0.006636184539307156
22.0,741.0,0.0
23.0,0.0,0.0
23.0,1.0,0.0021974078127637007
23.0,2.0,0.004402238038001234
23.0,3.0,0.006621937003062319
23.0,4.0,0.008864003021553168
23.0,5.0,0.011136006487256236
23.0,6.0,0.01344562243771521
23.0,7.0,0.01580064716712345
23.0,8.0,0.018209035622496293
23.0,9.0,0.020678914884413487
23.0,10.0,0.023218626745444563
23.0,11.0,0.025836738421294685
23.0,12.0,0.028542090675161606
23.0,13.0,0.03134380614038564
23.0,14.0,0.03425134337335572
23.0,15.0,0.03727450319245215
23.0,16.0,0.040423489066248916
23.0,17.0,0.04370891190268236
23.0,18.0,0.04714185720895391
23.0,19.0,0.050733888799851794
23.0,20.0,0.05449712320135729
23.0,21.0,0.05844423278836291
23.0,22.0,0.06258852794602264
23.0,23.0,0.06694396019530673
23.0,24.0,0.07152521267520025
23.0,25.0,0.07634770387026155
23.0,26.0,0.0814276870335486
23.0,27.0,0.08678225519435713
23.0,28.0,0.09242945020703154
23.0,29.0,0.09838826979021027
23.0,30.0,0.10467878696136473
23.0,31.0,0.11132215994215298
23.0,32.0,0.11834076282365691
23.0,33.0,0.12575819926694753
23.0,34.0,0.13359944534072335
23.0,35.0,0.14189086805316298
23.0,36.0,0.1506603814133098
23.0,37.0,0.1599374709511123
23.0,38.0,0.16975336417789846
23.0,39.0,0.18014106238770136
23.0,40.0,0.1911355268321027
23.0,41.0,0.20277371924915785
23.0,42.0,0.215094805225463
23.0,43.0,0.22814020507097582
23.0,44.0,0.24195381601814758
23.0,45.0,0.25658207525347143
23.0,46.0,0.2720742028016996
23.0,47.0,0.28848227873976506
23.0,48.0,0.30586150883511576
23.0,49.0,0.32427031820624663
23.0,50.0,0.34377064202931645
23.0,51.0,0.36442803817287717
23.0,52.0,0.3863120055567732
23.0,53.0,0.40949611857678075
23.0,54.0,0.43405837599362135
23.0,55.0,0.4600813602744658
23.0,56.0,0.4876526202048518
23.0,57.0,0.5168648586039135
23.0,58.0,0.5478163521816537
23.0,59.0,0.580611171424377
23.0,60.0,0.6153596415520267
23.0,61.0,0.6521785987035417
23.0,62.0,0.6911918961627962
23.0,63.0,0.7325307012732525
23.0,64.0,0.7763340513615602
23.0,65.0,0.8227491960325317
23.0,66.0,0.8719322073705349
23.0,67.0,0.9240483723387893
23.0,68.0,0.9792728617917985
23.0,69.0,1.0377911775167812
23.0,70.0,1.099799884208137
23.0,71.0,1.1655071150731269
23.0,72.0,1.2351333699912435
23.0,73.0,1.308912082301531
23.0,74.0,1.3870904845767695
23.0,75.0,1.4699302368251053
23.0,76.0,1.5577083581732842
23.0,77.0,1.6507179126680576
23.0,78.0,1.749268999976671
23.0,79.0,1.853689488406957
23.0,80.0,1.9643260494631771
23.0,81.0,2.0815449173758926
23.0,82.0,2.205732939512205
23.0,83.0,2.3372983258515605
23.0,84.0,2.4766716677547507
23.0,85.0,2.6243066169923557
23.0,86.0,2.780680796381851
23.0,87.0,2.946296312900875
23.0,88.0,3.121680441497158
23.0,89.0,3.3073858263646216
23.0,90.0,3.5039907593116895
23.0,91.0,3.7120988526860366
23.0,92.0,3.932338651248883
23.0,93.0,4.165362464988498
23.0,94.0,4.411844944773345
23.0,95.0,4.672480641216204
23.0,96.0,4.947981039871119
23.0,97.0,5.239070267808655
23.0,98.0,5.546479934078465
23.0,99.0,5.870942257329644
23.0,100.0,6.2131819215581086
23.0,101.0,6.573905790622236
23.0,102.0,6.95379093129735
23.0,103.0,7.353470099920878
23.0,104.0,7.77351521658082
23.0,105.0,8.214418095414825
23.0,106.0,8.676569142219302
23.0,107.0,9.160233540677352
23.0,108.0,9.665525985471492
23.0,109.0,10.192383909991834
23.0,110.0,10.740540783299323
23.0,111.0,11.30949999282918
23.0,112.0,11.898511483295849
23.0,113.0,12.506552214216665
23.0,114.0,13.132313030656688
23.0,115.0,13.774193198306143
23.0,116.0,14.430305055509747
23.0,117.0,15.09848946063049
23.0,118.0,15.77634344400596
23.0,119.0,16.461259241550874
23.0,120.0,17.150474275023576
23.0,121.0,17.841129263075594
23.0,122.0,18.530332159050854
23.0,123.0,19.215223640769956
23.0,124.0,19.893041048180816
23.0,125.0,20.561176494155486
23.0,126.0,21.217226844309497
23.0,127.0,21.85903275009432
23.0,128.0,22.484706300003694
23.0,129.0,23.092646466160694
23.0,130.0,23.681543755287095
23.0,131.0,24.250374742723377
23.0,132.0,24.79838894179334
23.0,133.0,25.325089259970724
23.0,134.0,25.83020863607014
23.0,135.0,26.313683921269792
23.0,136.0,26.77562917400998
23.0,137.0,27.216308885667303
23.0,138.0,27.636112711231235
23.0,139.0,28.035531653109665
23.0,140.0,28.415136755905603
23.0,141.0,28.775559833863987
23.0,142.0,29.117476941802316
23.0,143.0,29.441593858425602
23.0,144.0,29.748634105663363
23.0,145.0,30.039328659322013
23.0,146.0,30.314407800615314
23.0,147.0,30.57459423932566
23.0,148.0,30.82059794950447
23.0,149.0,31.053111870921395
23.0,150.0,31.27280893890136
23.0,151.0,31.480339637315407
23.0,152.0,31.676330568216486
23.0,153.0,31.86138327794248
23.0,154.0,32.03607386224799
23.0,155.0,32.200952631581025
23.0,156.0,32.35654438190745
23.0,157.0,32.50334858729034
23.0,158.0,32.641840075269414
23.0,159.0,32.77246953010651
23.0,160.0,32.89566439401168
23.0,161.0,33.01182953499927
23.0,162.0,33.121348255162935
23.0,163.0,33.22458302753128
23.0,164.0,33.32187653479172
23.0,165.0,33.413552414601206
23.0,166.0,33.49991628115033
23.0,167.0,33.5812564422105
23.0,168.0,33.65784487542629
23.0,169.0,33.72993789623913
23.0,170.0,33.79777707364654
23.0,171.0,33.86158983848626
23.0,172.0,33.92159033169832
23.0,173.0,33.977979949055495
23.0,174.0,34.03094812020229
23.0,175.0,34.08067279003131
23.0,176.0,34.12732112999887
23.0,177.0,34.17104995884566
23.0,178.0,34.212006389630474
23.0,179.0,34.25032819398394
23.0,180.0,34.286144389466905
23.0,181.0,34.31957555245499
23.0,182.0,34.35073435117769
23.0,183.0,34.37972581296868
23.0,184.0,34.406647808946175
23.0,185.0,34.43159128196985
23.0,186.0,34.454640689600495
23.0,187.0,34.47587419988284
23.0,188.0,34.49536410016837
23.0,189.0,34.513176968982876
23.0,190.0,34.52937405969472
23.0,191.0,34.54401145840715
23.0,192.0,34.557140453477786
23.0,193.0,34.568807691754905
23.0,194.0,34.57905554772894
23.0,195.0,34.58792229358772
23.0,196.0,34.59544248530883
23.0,197.0,34.60164716582303
23.0,198.0,34.60656428934939
23.0,199.0,34.610218980903035
23.0,200.0,34.61263402378146
23.0,201.0,34.613830201457624
23.0,202.0,34.61382687453711
23.0,203.0,34.61264243028144
23.0,204.0,34.61029497136807
23.0,205.0,34.606802889890936
23.0,206.0,34.602185676099765
23.0,207.0,34.596464612363846
23.0,208.0,34.589663680180394
23.0,209.0,34.581810330175195
23.0,210.0,34.572936416473645
23.0,211.0,34.563078940712664
23.0,212.0,34.55228087844748
23.0,213.0,34.54059172911334
23.0,214.0,34.528068038677155
23.0,215.0,34.514773542135515
23.0,216.0,34.50077916766293
23.0,217.0,34.486162577206024
23.0,218.0,34.471007503873665
23.0,219.0,34.45540261496586
23.0,220.0,34.43944020255464
23.0,221.0,34.423214498417195
23.0,222.0,34.406819957652516
23.0,223.0,34.390349360334106
23.0,224.0,34.373892087561416
23.0,225.0,34.357532431975834
23.0,226.0,34.34134826558224
23.0,227.0,34.32540989380672
23.0,228.0,34.30977935474079
23.0,229.0,34.29450994593513
23.0,230.0,34.27964617469155
23.0,231.0,34.26522388151356
23.0,232.0,34.25127069273195
23.0,233.0,34.23780654560666
23.0,234.0,34.22484442793573
23.0,235.0,34.2123910906745
23.0,236.0,34.20044787798433
23.0,237.0,34.1890114584225
23.0,238.0,34.17807460918995
23.0,239.0,34.16762686280472
23.0,240.0,34.15765517355487
23.0,241.0,34.14814443447789
23.0,242.0,34.139078003032104
23.0,243.0,34.1304380824112
23.0,244.0,34.122206113129025
23.0,245.0,34.11436303383524
23.0,246.0,34.10688955943896
23.0,247.0,34.0997663447458
23.0,248.0,34.09297417348793
23.0,249.0,34.086494048632034
23.0,250.0,34.080307315003914
23.0,251.0,34.07439569702313
23.0,252.0,34.06874137371101
23.0,253.0,34.063326980348066
23.0,254.0,34.05813565034632
23.0,255.0,34.05315099317593
23.0,256.0,34.04835711371946
23.0,257.0,34.04373857530588
23.0,258.0,34.03928040403971
23.0,259.0,34.034968043040266
23.0,260.0,34.0307873468644
23.0,261.0,34.02672453101398
23.0,262.0,34.02276615984169
23.0,263.0,34.01889909393207
23.0,264.0,34.01511047365914
23.0,265.0,34.01138766603128
23.0,266.0,34.00771824522953
23.0,267.0,34.004089939818044
23.0,268.0,34.00049061103003
23.0,269.0,33.99690820079242
23.0,270.0,33.99333070816503
23.0,271.0,33.9897461383458
23.0,272.0,33.98614247745366
23.0,273.0,33.98250764252651
23.0,274.0,33.9788294547362
23.0,275.0,33.97509559034026
23.0,276.0,33.97129355241322
23.0,277.0,33.96741062275695
23.0,278.0,33.963433832325364
23.0,279.0,33.959349914245706
23.0,280.0,33.95514527331944
23.0,281.0,33.950805940581546
23.0,282.0,33.94631754261277
23.0,283.0,33.941665258509
23.0,284.0,33.93683379029225
23.0,285.0,33.93180732384271
23.0,286.0,33.92656950252547
23.0,287.0,33.92110339464373
23.0,288.0,33.915391473608594
23.0,289.0,33.90941559591978
23.0,290.0,33.90315699292377
23.0,291.0,33.89659626535237
23.0,292.0,33.88971339407665
23.0,293.0,33.882487759962444
23.0,294.0,33.874898184139006
23.0,295.0,33.86692298542549
23.0,296.0,33.8585400644827
23.0,297.0,33.84972701519941
23.0,298.0,33.84046127138839
23.0,299.0,33.83072029276477
23.0,300.0,33.82048179672959
23.0,301.0,33.80972404264808
23.0,302.0,33.79842617292546
23.0,303.0,33.78656861874257
23.0,304.0,33.77413357086622
23.0,305.0,33.76110552182279
23.0,306.0,33.74747187293206
23.0,307.0,33.73322360673655
23.0,308.0,33.71835600704159
23.0,309.0,33.70286941618226
23.0,310.0,33.686769995817336
23.0,311.0,33.670070465673824
23.0,312.0,33.652790768564444
23.0,313.0,33.634958621353725
23.0,314.0,33.616609887331165
23.0,315.0,33.59778872491451
23.0,316.0,33.578547451665514
23.0,317.0,33.55894609532843
23.0,318.0,33.53905160036772
23.0,319.0,33.51893670481474
23.0,320.0,33.4986785084972
23.0,321.0,33.478356804382855
23.0,322.0,33.45805224764276
23.0,323.0,33.43784447560033
23.0,324.0,33.41781027639188
23.0,325.0,33.398021919021545
23.0,326.0,33.37854572037697
23.0,327.0,33.35944091948129
23.0,328.0,33.34075888198928
23.0,329.0,33.32254264729054
23.0,330.0,33.304826789627555
23.0,331.0,33.28763756147073
23.0,332.0,33.27099326209731
23.0,333.0,33.25490478176572
23.0,334.0,33.23937626198895
23.0,335.0,33.224405825934134
23.0,336.0,33.209986333455696
23.0,337.0,33.19610612835415
23.0,338.0,33.18274975155725
23.0,339.0,33.16989860174649
23.0,340.0,33.15753153433609
23.0,341.0,33.14562538989543
23.0,342.0,33.134155455592584
23.0,343.0,33.12309585505208
23.0,344.0,33.11241987861693
23.0,345.0,33.10210024941727
23.0,346.0,33.092109342736194
23.0,347.0,33.08241935121375
23.0,348.0,33.07300241734003
23.0,349.0,33.063830721238496
23.0,350.0,33.05487654862197
23.0,351.0,33.046112321490526
23.0,352.0,33.037510619974796
23.0,353.0,33.02904417200469
23.0,354.0,33.02068584314007
23.0,355.0,33.012408597093994
23.0,356.0,33.00418546376768
23.0,357.0,32.99598947897741
23.0,358.0,32.98779363776388
23.0,359.0,32.97957081890318
23.0,360.0,32.97129372816326
23.0,361.0,32.962934811116185
23.0,362.0,32.954466189263556
23.0,363.0,32.9458595631849
23.0,364.0,32.93708614321688
23.0,365.0,32.92811654394126
23.0,366.0,32.91892071025954
23.0,367.0,32.909467803535605
23.0,368.0,32.89972612336415
23.0,369.0,32.88966298526058
23.0,370.0,32.87924463811693
23.0,371.0,32.86843613312887
23.0,372.0,32.85720123683743
23.0,373.0,32.845502290987056
23.0,374.0,32.83330012116831
23.0,375.0,32.82055388753227
23.0,376.0,32.80722098941727
23.0,377.0,32.79325690736274
23.0,378.0,32.778615104802675
23.0,379.0,32.76324686273168
23.0,380.0,32.747101180714346
23.0,381.0,32.73012460702401
23.0,382.0,32.712261143052814
23.0,383.0,32.693452074015056
23.0,384.0,32.67363588363992
23.0,385.0,32.65274809395118
23.0,386.0,32.63072120128573
23.0,387.0,32.607484538693896
23.0,388.0,32.58296425038
23.0,389.0,32.55708319750149
23.0,390.0,32.52976099671475
23.0,391.0,32.500914000265304
23.0,392.0,32.47045543612863
23.0,393.0,32.438295506922856
23.0,394.0,32.40434168469072
23.0,395.0,32.3684989906414
23.0,396.0,32.3306705168689
23.0,397.0,32.29075796961088
23.0,398.0,32.248662511669465
23.0,399.0,32.204285673105815
23.0,400.0,32.15753062755388
23.0,401.0,32.10830358966904
23.0,402.0,32.05651564685227
23.0,403.0,32.002084760050785
23.0,404.0,31.9449382536257
23.0,405.0,31.885015495257402
23.0,406.0,31.822271076958838
23.0,407.0,31.75667814407559
23.0,408.0,31.688232151958086
23.0,409.0,31.61695461792862
23.0,410.0,31.54289709300435
23.0,411.0,31.466144821065853
23.0,412.0,31.38682024369612
23.0,413.0,31.305085721391485
23.0,414.0,31.22114558796763
23.0,415.0,31.135246862611883
23.0,416.0,31.04767877616717
23.0,417.0,30.95877049835106
23.0,418.0,30.868887391290645
23.0,419.0,30.778425370739633
23.0,420.0,30.687803983803903
23.0,421.0,30.597458049215547
23.0,422.0,30.507828756182136
23.0,423.0,30.41935425604356
23.0,424.0,30.332460777434452
23.0,425.0,30.247554278802102
23.0,426.0,30.165013575214694
23.0,427.0,30.085184724386803
23.0,428.0,30.00837736249806
23.0,429.0,29.93486246943086
23.0,430.0,29.864872011265277
23.0,431.0,29.798599704539267
23.0,432.0,29.73620322182401
23.0,433.0,29.67780698065694
23.0,434.0,29.623505835859657
23.0,435.0,29.573368823630496
23.0,436.0,29.527443358746677
23.0,437.0,29.485759090729786
23.0,438.0,29.448331926051107
23.0,439.0,29.415167483088332
23.0,440.0,29.38626458117206
23.0,441.0,29.361618071131865
23.0,442.0,29.341221678569926
23.0,443.0,29.325070183391055
23.0,444.0,29.313161653643327
23.0,445.0,29.305499053709894
23.0,446.0,29.302091975296705
23.0,447.0,29.30295779537566
23.0,448.0,29.308123030241866
23.0,449.0,29.317624167634754
23.0,450.0,29.33150876207079
23.0,451.0,29.34983605083992
23.0,452.0,29.372677890059183
23.0,453.0,29.400119243735258
23.0,454.0,29.43225903923101
23.0,455.0,29.469210598677908
23.0,456.0,29.51110247406235
23.0,457.0,29.558078873611286
23.0,458.0,29.61030052194379
23.0,459.0,29.667945121248074
23.0,460.0,29.731208270936193
23.0,461.0,29.800303994131404
23.0,462.0,29.875465743429302
23.0,463.0,29.9569470167128
23.0,464.0,30.045022470193423
23.0,465.0,30.1399886430828
23.0,466.0,30.24216519528823
23.0,467.0,30.351895757238356
23.0,468.0,30.46954930670011
23.0,469.0,30.595521157355893
23.0,470.0,30.73023448646629
23.0,471.0,30.874141472877955
23.0,472.0,31.027724983886564
23.0,473.0,31.191499869358193
23.0,474.0,31.36601481119059
23.0,475.0,31.551853774062458
23.0,476.0,31.749638013080894
23.0,477.0,31.96002767184574
23.0,478.0,32.18372393144738
23.0,479.0,32.421470730956266
23.0,480.0,32.67405702140863
23.0,481.0,32.94231855953814
23.0,482.0,33.22714020023267
23.0,483.0,33.52945767714243
23.0,484.0,33.85025982138905
23.0,485.0,34.1905901868531
23.0,486.0,34.55154901498422
23.0,487.0,34.93429448041227
23.0,488.0,35.34004412283963
23.0,489.0,35.77007537043798
23.0,490.0,36.225726019438554
23.0,491.0,36.70839352741538
23.0,492.0,37.219533928066106
23.0,493.0,37.76065916335852
23.0,494.0,38.33333356639906
23.0,495.0,38.93916821542543
23.0,496.0,39.579813802535384
23.0,497.0,40.256950653973014
23.0,498.0,40.97227645096231
23.0,499.0,41.72749021322917
23.0,500.0,42.52427302024605
23.0,501.0,43.36426400310639
23.0,502.0,44.24903207859343
23.0,503.0,45.18004203992124
23.0,504.0,46.15861562481683
23.0,505.0,47.18588646635226
23.0,506.0,48.26274996058772
23.0,507.0,49.38980757415429
23.0,508.0,50.56730741305678
23.0,509.0,51.79508160100856
23.0,510.0,53.07248347189998
23.0,511.0,54.398326484054536
23.0,512.0,55.77082922963329
23.0,513.0,57.18756975326169
23.0,514.0,58.645454519224494
23.0,515.0,60.14070571135305
23.0,516.0,61.66887184399702
23.0,517.0,63.22486405492678
23.0,518.0,64.8030205852262
23.0,519.0,66.39719832873035
23.0,520.0,68.00088960582492
23.0,521.0,69.60735840465748
23.0,522.0,71.2097898356548
23.0,523.0,72.80144365462945
23.0,524.0,74.3758036953491
23.0,525.0,75.9267140976549
23.0,526.0,77.44849601523075
23.0,527.0,78.93603913845625
23.0,528.0,80.38486606362667
23.0,529.0,81.79116854497526
23.0,530.0,83.15181794938648
23.0,531.0,84.46435249988956
23.0,532.0,85.72694603966994
23.0,533.0,86.93836227714
23.0,534.0,88.09789954348113
23.0,535.0,89.20532961407912
23.0,536.0,90.26083459825891
23.0,537.0,91.26494420295124
23.0,538.0,92.21847594522852
23.0,539.0,93.12247932027513
23.0,540.0,93.97818525606147
23.0,541.0,94.78696089596977
23.0,542.0,95.55027019348593
23.0,543.0,96.26963980189105
23.0,544.0,96.94663027020081
23.0,545.0,97.58281179624468
23.0,546.0,98.17974434006943
23.0,547.0,98.73896132530598
23.0,548.0,99.26195667676124
23.0,549.0,99.75017450879899
23.0,550.0,100.20500122895473
23.0,551.0,100.62775950303889
23.0,552.0,101.01970388369541
23.0,553.0,101.38201768852961
23.0,554.0,101.71581096313982
23.0,555.0,102.02211924613098
23.0,556.0,102.30190299029556
23.0,557.0,102.55604747333979
23.0,558.0,102.78536305446686
23.0,559.0,102.9905857117141
23.0,560.0,103.1723777032916
23.0,561.0,103.33132837675981
23.0,562.0,103.46795494387658
23.0,563.0,103.58270332410137
23.0,564.0,103.67594883976905
23.0,565.0,103.74799693787625
23.0,566.0,103.79908367986056
23.0,567.0,103.82937624121644
23.0,568.0,103.83897311598369
23.0,569.0,103.82790433146246
23.0,570.0,103.79613131880166
23.0,571.0,103.74354680620533
23.0,572.0,103.66997432930906
23.0,573.0,103.57516778574706
23.0,574.0,103.45881057679425
23.0,575.0,103.32051482313206
23.0,576.0,103.15982014643966
23.0,577.0,102.976192564495
23.0,578.0,102.7690229419034
23.0,579.0,102.53762560635558
23.0,580.0,102.28123652585315
23.0,581.0,101.9990117218384
23.0,582.0,101.69002527152682
23.0,583.0,101.35326764388132
23.0,584.0,100.98764368704525
23.0,585.0,100.59197108784565
23.0,586.0,100.16497859509846
23.0,587.0,99.70530491303121
23.0,588.0,99.21149754326848
23.0,589.0,98.68201258042397
23.0,590.0,98.11521474315934
23.0,591.0,97.50937876126741
23.0,592.0,96.86269142451319
23.0,593.0,96.17325554906755
23.0,594.0,95.43909521361985
23.0,595.0,94.65816367591292
23.0,596.0,93.82835338762048
23.0,597.0,92.94750968514208
23.0,598.0,92.01344764561631
23.0,599.0,91.02397384161807
23.0,600.0,89.97691252654182
23.0,601.0,88.87013808002185
23.0,602.0,87.70161319262242
23.0,603.0,86.46943456731026
23.0,604.0,85.1718853586281
23.0,605.0,83.80749579526368
23.0,606.0,82.37511059325958
23.0,607.0,80.87396383618675
23.0,608.0,79.30375881359554
23.0,609.0,77.66475217887422
23.0,610.0,75.957838269803
23.0,611.0,74.1846311902042
23.0,612.0,72.34753859850493
23.0,613.0,70.4498231105499
23.0,614.0,68.4956439046754
23.0,615.0,66.49007386790075
23.0,616.0,64.43908529289367
23.0,617.0,62.349501288920486
23.0,618.0,60.22890917122707
23.0,619.0,58.08553773462602
23.0,620.0,55.92810044785217
23.0,621.0,53.76561276178891
23.0,622.0,51.607191418533745
23.0,623.0,49.461848562966296
23.0,624.0,47.338291034934024
23.0,625.0,45.2447376667225
23.0,626.0,43.18876242662726
23.0,627.0,41.177171670714664
23.0,628.0,39.21591744708169
23.0,629.0,37.31004887327599
23.0,630.0,35.46369771307342
23.0,631.0,33.680095476475444
23.0,632.0,31.96161486849214
23.0,633.0,30.309831131797655
23.0,634.0,28.72559564154184
23.0,635.0,27.2091179112234
23.0,636.0,25.760049680335804
23.0,637.0,24.377568978794724
23.0,638.0,23.060459691262377
23.0,639.0,21.807186323797964
23.0,640.0,20.615961099268027
23.0,641.0,19.484804443426203
23.0,642.0,18.411597059734444
23.0,643.0,17.394125468034748
23.0,644.0,16.430119774988327
23.0,645.0,15.5172859265256
23.0,646.0,14.653331425226074
23.0,647.0,13.835986857458378
23.0,648.0,13.06302222322723
23.0,649.0,12.332260359797925
23.0,650.0,11.641586367225704
23.0,651.0,10.988955212418778
23.0,652.0,10.372396307039828
23.0,653.0,9.79001710976236
23.0,654.0,9.240004441641586
23.0,655.0,8.720625450145176
23.0,656.0,8.230226824326072
23.0,657.0,7.767234100510862
23.0,658.0,7.330149598034871
23.0,659.0,6.917550747107218
23.0,660.0,6.528087306756877
23.0,661.0,6.1604791735145
23.0,662.0,5.813513254881831
23.0,663.0,5.48604105888444
23.0,664.0,5.176975463716628
23.0,665.0,4.8852882779714815
23.0,666.0,4.610007055970469
23.0,667.0,4.35021274357302
23.0,668.0,4.105036627416678
23.0,669.0,3.8736581313685763
23.0,670.0,3.6553019475375286
23.0,671.0,3.4492360159624025
23.0,672.0,3.254768859253639
23.0,673.0,3.071247757468587
23.0,674.0,2.8980562919297967
23.0,675.0,2.734612714511583
23.0,676.0,2.580367696317111
23.0,677.0,2.4348028831006507
23.0,678.0,2.297428838840833
23.0,679.0,2.1677837749184974
23.0,680.0,2.0454316756975413
23.0,681.0,1.9299611871400535
23.0,682.0,1.8209839102964147
23.0,683.0,1.7181334344518546
23.0,684.0,1.621063784272189
23.0,685.0,1.5294485828035655
23.0,686.0,1.4429796384875968
23.0,687.0,1.3613662240315396
23.0,688.0,1.2843337903183396
23.0,689.0,1.211623348105642
23.0,690.0,1.1429902968359202
23.0,691.0,1.0782038971699184
23.0,692.0,1.0170462037399324
23.0,693.0,0.9593116175909496
23.0,694.0,0.90480591295018
23.0,695.0,0.8533458596866575
23.0,696.0,0.8047583351542179
23.0,697.0,0.758880007759485
23.0,698.0,0.7155565258534364
23.0,699.0,0.6746422544044921
23.0,700.0,0.6359995337565508
23.0,701.0,0.5994984622330773
23.0,702.0,0.5650162183447978
23.0,703.0,0.532436882902273
23.0,704.0,0.5016508189461124
23.0,705.0,0.47255452762257705
23.0,706.0,0.44505008072725083
23.0,707.0,0.41904500520541116
23.0,708.0,0.3944517637517353
23.0,709.0,0.37118766333992176
23.0,710.0,0.34917437981176874
23.0,711.0,0.32833788632442695
23.0,712.0,0.3086080182976425
23.0,713.0,0.2899184180975347
23.0,714.0,0.27220613709627905
23.0,715.0,0.25541159329359736
23.0,716.0,0.2394782075836329
23.0,717.0,0.22435237135417596
23.0,718.0,0.20998311435548855
23.0,719.0,0.19632207961700285
23.0,720.0,0.1833232205764757
23.0,721.0,0.17094278091838086
23.0,722.0,0.1591390188526739
23.0,723.0,0.14787218971181876
23.0,724.0,0.1371042954698535
23.0,725.0,0.12679906813902447
23.0,726.0,0.11692174279460361
23.0,727.0,0.10743903999014669
23.0,728.0,0.0983189607041086
23.0,729.0,0.08953076614715069
23.0,730.0,0.08104479317517832
23.0,731.0,0.07283242999493793
23.0,732.0,0.06486595069650178
23.0,733.0,0.05711848547636969
23.0,734.0,0.04956387303220664
23.0,735.0,0.042176624017280166
23.0,736.0,0.03493179011271558
23.0,737.0,0.027804919504593028
23.0,738.0,0.020771941505176698
23.0,739.0,0.013809112905369928
23.0,740.0,0.006892917057125868
23.0,741.0,0.0
24.0,0.0,0.0
24.0,1.0,0.002276217917675685
24.0,2.0,0.004560123368114957
24.0,3.0,0.00685943075440148
24.0,4.0,0.009181904087914446
24.0,5.0,0.011535388337212491
24.0,6.0,0.01392782838205358
24.0,7.0,0.01636730518951528
24.0,8.0,0.01886205133926685
24.0,9.0,0.021420492382708826
24.0,10.0,0.02405125930625854
24.0,11.0,0.026763235441154002
24.0,12.0,0.029565566247948347
24.0,13.0,0.032467712161392596
24.0,14.0,0.03547945610085822
24.0,15.0,0.0386109626566094
24.0,16.0,0.041872783757757555
24.0,17.0,0.04527592463354124
24.0,18.0,0.048831848103000265
24.0,19.0,0.05255254777795268
24.0,20.0,0.05645055147726556
24.0,21.0,0.06053900217747828
24.0,22.0,0.06483166109982064
24.0,23.0,0.06934299696037756
24.0,24.0,0.07408818933041746
24.0,25.0,0.07908322679120186
24.0,26.0,0.08434491122836837
24.0,27.0,0.08989096555761728
24.0,28.0,0.09574003968255577
24.0,29.0,0.10191182852728066
24.0,30.0,0.10842708046502732
24.0,31.0,0.11530772647293444
24.0,32.0,0.12257689192692436
24.0,33.0,0.13025903778358294
24.0,34.0,0.13837997673587413
24.0,35.0,0.1469670274280661
24.0,36.0,0.15604903607816062
24.0,37.0,0.16565654484517198
24.0,38.0,0.1758218201485786
24.0,39.0,0.18657903643406598
24.0,40.0,0.19796431255893826
24.0,41.0,0.21001591234370004
24.0,42.0,0.22277429054619674
24.0,43.0,0.23628231174307157
24.0,44.0,0.2505853075852823
24.0,45.0,0.265731315726254
24.0,46.0,0.2817711502379065
24.0,47.0,0.2987586624915683
24.0,48.0,0.3167508268167869
24.0,49.0,0.3358080254464563
24.0,50.0,0.35599415171967635
24.0,51.0,0.3773769214226913
24.0,52.0,0.4000279960697777
24.0,53.0,0.42402332320343805
24.0,54.0,0.44944328252950927
24.0,55.0,0.47637305797796464
24.0,56.0,0.5049028097127335
24.0,57.0,0.5351280809888624
24.0,58.0,0.567149999291666
24.0,59.0,0.6010757212413729
24.0,60.0,0.6370186663206533
24.0,61.0,0.6750990032498114
24.0,62.0,0.7154439199060384
24.0,63.0,0.758188154683028
24.0,64.0,0.8034743062429113
24.0,65.0,0.8514534133264984
24.0,66.0,0.9022853078392787
24.0,67.0,0.9561392463059721
24.0,68.0,1.0131943093695739
24.0,69.0,1.0736400874576468
24.0,70.0,1.1376771289111367
24.0,71.0,1.2055176812589918
24.0,72.0,1.2773861886598359
24.0,73.0,1.3535200881857599
24.0,74.0,1.4341703547162383
24.0,75.0,1.519602348403169
24.0,76.0,1.6100964011119596
24.0,77.0,1.7059487061898644
24.0,78.0,1.80747193430103
24.0,79.0,1.9149961489119436
24.0,80.0,2.0288694299229064
24.0,81.0,2.149458786746768
24.0,82.0,2.2771507541243636
24.0,83.0,2.412352257703423
24.0,84.0,2.555491125986836
24.0,85.0,2.707016838794984
24.0,86.0,2.867400870030313
24.0,87.0,3.0371372146482023
24.0,88.0,3.216742435896583
24.0,89.0,3.406755818299874
24.0,90.0,3.6077389370287625
24.0,91.0,3.8202752197771903
24.0,92.0,4.044968782130946
24.0,93.0,4.282443098002664
24.0,94.0,4.533338752465923
24.0,95.0,4.798310819764519
24.0,96.0,5.0780250781876735
24.0,97.0,5.373153584952931
24.0,98.0,5.6843687905175795
24.0,99.0,6.012336702817689
24.0,100.0,6.357708262922413
24.0,101.0,6.721109451645075
24.0,102.0,7.103129304024497
24.0,103.0,7.504306405590831
24.0,104.0,7.92511312432703
24.0,105.0,8.365938283874323
24.0,106.0,8.827067704262264
24.0,107.0,9.308663556874167
24.0,108.0,9.81074225320273
24.0,109.0,10.33315217620612
24.0,110.0,10.875551375890756
24.0,111.0,11.437386974446184
24.0,112.0,12.017876821648288
24.0,113.0,12.615995511354566
24.0,114.0,13.23046553456208
24.0,115.0,13.859755725160431
24.0,116.0,14.502087549989424
24.0,117.0,15.15545086470496
24.0,118.0,15.817628814527374
24.0,119.0,16.486232329693387
24.0,120.0,17.158742506602376
24.0,121.0,17.832559871198995
24.0,122.0,18.505057477338454
24.0,123.0,19.173635808703278
24.0,124.0,19.835775877038724
24.0,125.0,20.489088485228613
24.0,126.0,21.131356608049536
24.0,127.0,21.76056988700646
24.0,128.0,22.374949530419855
24.0,129.0,22.972964068359882
24.0,130.0,23.55333564176187
24.0,131.0,24.11503844692364
24.0,132.0,24.65728988732362
24.0,133.0,25.179536588524638
24.0,134.0,25.681436052017972
24.0,135.0,26.16283605841591
24.0,136.0,26.62375236112901
24.0,137.0,27.06434641541043
24.0,138.0,27.484903264827263
24.0,139.0,27.88581089352239
24.0,140.0,28.26754076424313
24.0,141.0,28.63063048842494
24.0,142.0,28.97566805498989
24.0,143.0,29.30327832304164
24.0,144.0,29.614111032671136
24.0,145.0,29.90883090751221
24.0,146.0,30.188109026149547
24.0,147.0,30.452615981776724
24.0,148.0,30.703015991625264
24.0,149.0,30.93996246669464
24.0,150.0,31.164094221035747
24.0,151.0,31.376032843983182
24.0,152.0,31.576380446606723
24.0,153.0,31.765718325686816
24.0,154.0,31.94460579181968
24.0,155.0,32.1135797240875
24.0,156.0,32.27315413118546
24.0,157.0,32.42382029638065
24.0,158.0,32.56604681542302
24.0,159.0,32.700280114596445
24.0,160.0,32.82694478295481
24.0,161.0,32.94644431088876
24.0,162.0,33.059161590226154
24.0,163.0,33.1654597688568
24.0,164.0,33.265682833258396
24.0,165.0,33.36015650948176
24.0,166.0,33.449188871931284
24.0,167.0,33.533071245545116
24.0,168.0,33.61207880510846
24.0,169.0,33.68647145045095
24.0,170.0,33.75649437460892
24.0,171.0,33.82237889543417
24.0,172.0,33.884342980407766
24.0,173.0,33.942592025820225
24.0,174.0,33.99731933235862
24.0,175.0,34.04870682816108
24.0,176.0,34.096925493457114
24.0,177.0,34.14213602717329
24.0,178.0,34.184489221626876
24.0,179.0,34.22412657457608
24.0,180.0,34.26118061676892
24.0,181.0,34.295775472832304
24.0,182.0,34.328027145738716
24.0,183.0,34.35804403104016
24.0,184.0,34.38592716331949
24.0,185.0,34.411770689248804
24.0,186.0,34.435662082066
24.0,187.0,34.45768257997832
24.0,188.0,34.477907375836836
24.0,189.0,34.4964060286903
24.0,190.0,34.51324263728377
24.0,191.0,34.528476234242525
24.0,192.0,34.54216095392232
24.0,193.0,34.554346420865436
24.0,194.0,34.56507792493318
24.0,195.0,34.57439681831763
24.0,196.0,34.58234071369386
24.0,197.0,34.58894390696737
24.0,198.0,34.59423761700094
24.0,199.0,34.598250453811545
24.0,200.0,34.60100872034765
24.0,201.0,34.602536946756345
24.0,202.0,34.602858274019525
24.0,203.0,34.60199507201231
24.0,204.0,34.59996941885216
24.0,205.0,34.59680381056499
24.0,206.0,34.592521735164105
24.0,207.0,34.5871484610653
24.0,208.0,34.58071167765364
24.0,209.0,34.57324231543574
24.0,210.0,34.56477518413591
24.0,211.0,34.55534973163699
24.0,212.0,34.54501056209864
24.0,213.0,34.533807993746066
24.0,214.0,34.5217982998066
24.0,215.0,34.50904389993728
24.0,216.0,34.49561316375861
24.0,217.0,34.4815800973799
24.0,218.0,34.467023611079604
24.0,219.0,34.45202666090417
24.0,220.0,34.43667501349211
24.0,221.0,34.42105595695559
24.0,222.0,34.40525675669969
24.0,223.0,34.38936319708432
24.0,224.0,34.37345803498981
24.0,225.0,34.35761969505967
24.0,226.0,34.3419210276945
24.0,227.0,34.326428419244394
24.0,228.0,34.311201048075006
24.0,229.0,34.29629052365955
24.0,230.0,34.281740673365285
24.0,231.0,34.267587670027616
24.0,232.0,34.25386025051274
24.0,233.0,34.24058019270082
24.0,234.0,34.22776280495883
24.0,235.0,34.21541758664699
24.0,236.0,34.2035488304949
24.0,237.0,34.192156325860495
24.0,238.0,34.181235955531896
24.0,239.0,34.17078034779741
24.0,240.0,34.16077939756679
24.0,241.0,34.15122081907308
24.0,242.0,34.14209056173391
24.0,243.0,34.13337324927251
24.0,244.0,34.12505248779569
24.0,245.0,34.11711119759588
24.0,246.0,34.10953182554252
24.0,247.0,34.102296585516946
24.0,248.0,34.09538759293679
24.0,249.0,34.0887870324461
24.0,250.0,34.08247723281405
24.0,251.0,34.076440779353426
24.0,252.0,34.07066054525686
24.0,253.0,34.06511976343002
24.0,254.0,34.059802027245965
24.0,255.0,34.05469133332573
24.0,256.0,34.04977206161845
24.0,257.0,34.0450289977685
24.0,258.0,34.040447299772
24.0,259.0,34.036012506175744
24.0,260.0,34.03171049443746
24.0,261.0,34.02752747934142
24.0,262.0,34.02344996657744
24.0,263.0,34.01946474437228
24.0,264.0,34.015558834621835
24.0,265.0,34.01171947973843
24.0,266.0,34.007934092832045
24.0,267.0,34.00419024107366
24.0,268.0,34.00047559584396
24.0,269.0,33.9967779134399
24.0,270.0,33.993084985728146
24.0,271.0,33.98938461872023
24.0,272.0,33.98566458403761
24.0,273.0,33.98191259571229
24.0,274.0,33.97811626266042
24.0,275.0,33.97426306400835
24.0,276.0,33.97034030276817
24.0,277.0,33.96633508003684
24.0,278.0,33.96223425016949
24.0,279.0,33.95802439435823
24.0,280.0,33.9536917778222
24.0,281.0,33.94922232356502
24.0,282.0,33.94460157247347
24.0,283.0,33.93981465851592
24.0,284.0,33.934846273210745
24.0,285.0,33.929680644217584
24.0,286.0,33.92430150646625
24.0,287.0,33.91869208708121
24.0,288.0,33.91283508663249
24.0,289.0,33.90671267470808
24.0,290.0,33.90030648635021
24.0,291.0,33.893597634438784
24.0,292.0,33.886566728487935
24.0,293.0,33.87919391238453
24.0,294.0,33.8714589153641
24.0,295.0,33.863341126527914
24.0,296.0,33.854819690875985
24.0,297.0,33.84587363516499
24.0,298.0,33.83648202494236
24.0,299.0,33.82662415907748
24.0,300.0,33.81627980590138
24.0,301.0,33.805429484874814
24.0,302.0,33.79405479949598
24.0,303.0,33.782138821878696
24.0,304.0,33.76966653434552
24.0,305.0,33.756625322977094
24.0,306.0,33.74300552516274
24.0,307.0,33.728801017683296
24.0,308.0,33.714009840406845
24.0,309.0,33.69863483047385
24.0,310.0,33.68268425176748
24.0,311.0,33.6661723809771
24.0,312.0,33.6491200240658
24.0,313.0,33.631554913125896
24.0,314.0,33.61351195149724
24.0,315.0,33.595033255175444
24.0,316.0,33.5761679653313
24.0,317.0,33.55697179480348
24.0,318.0,33.53750630864112
24.0,319.0,33.51783793482124
24.0,320.0,33.498036744973774
24.0,321.0,33.47817504277876
24.0,322.0,33.45832583796637
24.0,323.0,33.43856127320873
24.0,324.0,33.41895109745636
24.0,325.0,33.39956125350524
24.0,326.0,33.38045265672239
24.0,327.0,33.36168020409181
24.0,328.0,33.34329205139569
24.0,329.0,33.32532915717176
24.0,330.0,33.30782509046537
24.0,331.0,33.290806068804415
24.0,332.0,33.27429119708233
24.0,333.0,33.25829286003576
24.0,334.0,33.24281723092808
24.0,335.0,33.227864852231285
24.0,336.0,33.213431255663195
24.0,337.0,33.199507589913864
24.0,338.0,33.18608123313864
24.0,339.0,33.17313637341707
24.0,340.0,33.160654543188855
24.0,341.0,33.14861510390983
24.0,342.0,33.13699567245387
24.0,343.0,33.125772495406274
24.0,344.0,33.114920764514586
24.0,345.0,33.104414886540184
24.0,346.0,33.09422869946046
24.0,347.0,33.08433565349065
24.0,348.0,33.07470894545853
24.0,349.0,33.0653216292765
24.0,350.0,33.05614668632345
24.0,351.0,33.04715708249286
24.0,352.0,33.038325790226324
24.0,353.0,33.02962580646865
24.0,354.0,33.02103013890106
24.0,355.0,33.012511795970504
24.0,356.0,33.004043746781946
24.0,357.0,32.99559889146537
24.0,358.0,32.987150001513946
24.0,359.0,32.978669676349234
24.0,360.0,32.97013026875602
24.0,361.0,32.96150383164115
24.0,362.0,32.95276203159671
24.0,363.0,32.94387608846629
24.0,364.0,32.934816678893
24.0,365.0,32.925553870327356
24.0,366.0,32.91605701560312
24.0,367.0,32.90629468236642
24.0,368.0,32.89623453920217
24.0,369.0,32.88584328107632
24.0,370.0,32.87508650726275
24.0,371.0,32.86392864323618
24.0,372.0,32.85233281060375
24.0,373.0,32.84026074595988
24.0,374.0,32.8276726632177
24.0,375.0,32.814527170263595
24.0,376.0,32.80078112455303
24.0,377.0,32.78638954904208
24.0,378.0,32.77130548274036
24.0,379.0,32.755479898452236
24.0,380.0,32.738861551294946
24.0,381.0,32.721396902408905
24.0,382.0,32.70302997043791
24.0,383.0,32.6837022677878
24.0,384.0,32.663352662986384
24.0,385.0,32.641917339579805
24.0,386.0,32.61932968148164
24.0,387.0,32.59552026957665
24.0,388.0,32.57041680804723
24.0,389.0,32.543944180649035
24.0,390.0,32.51602444402699
24.0,391.0,32.486576974884116
24.0,392.0,32.45551856686823
24.0,393.0,32.42276371177088
24.0,394.0,32.38822484979828
24.0,395.0,32.351812842346455
24.0,396.0,32.31343744077546
24.0,397.0,32.2730080240146
24.0,398.0,32.23043436630948
24.0,399.0,32.18562772677882
24.0,400.0,32.138502007430965
24.0,401.0,32.088975287471726
24.0,402.0,32.03697146070863
24.0,403.0,31.98242229398615
24.0,404.0,31.9252696044093
24.0,405.0,31.865467872758224
24.0,406.0,31.802986947786167
24.0,407.0,31.737815143012497
24.0,408.0,31.669962319988826
24.0,409.0,31.59946322695394
24.0,410.0,31.52638061023926
24.0,411.0,31.450808324367273
24.0,412.0,31.372873878817003
24.0,413.0,31.292740614904453
24.0,414.0,31.21060889737971
24.0,415.0,31.12671652774666
24.0,416.0,31.041337775756432
24.0,417.0,30.954781332773955
24.0,418.0,30.867386687716852
24.0,419.0,30.779519417228187
24.0,420.0,30.691565068438866
24.0,421.0,30.60392235440436
24.0,422.0,30.51699551089701
24.0,423.0,30.431186702506196
24.0,424.0,30.346888385693255
24.0,425.0,30.26447653794479
24.0,426.0,30.184304559484648
24.0,427.0,30.106698631168676
24.0,428.0,30.031954122547216
24.0,429.0,29.960333647540377
24.0,430.0,29.892066142047184
24.0,431.0,29.827347415041906
24.0,432.0,29.76634140143728
24.0,433.0,29.70918251340178
24.0,434.0,29.655978265053264
24.0,435.0,29.60681259517287
24.0,436.0,29.561749075082176
24.0,437.0,29.52083449995562
24.0,438.0,29.48410208937388
24.0,439.0,29.45157487904658
24.0,440.0,29.42326856589982
24.0,441.0,29.39919446131572
24.0,442.0,29.379361835776482
24.0,443.0,29.363780365064677
24.0,444.0,29.352461965319538
24.0,445.0,29.34542276654827
24.0,446.0,29.34268450263123
24.0,447.0,29.3442760955051
24.0,448.0,29.35023469387781
24.0,449.0,29.360606965386896
24.0,450.0,29.375449880532564
24.0,451.0,29.39483180498597
24.0,452.0,29.41883311501833
24.0,453.0,29.44754716883913
24.0,454.0,29.48108082506286
24.0,455.0,29.519555356832868
24.0,456.0,29.56310693017642
24.0,457.0,29.611887510832286
24.0,458.0,29.666065346699263
24.0,459.0,29.725825905892926
24.0,460.0,29.79137239743627
24.0,461.0,29.862926770231947
24.0,462.0,29.94073029848555
24.0,463.0,30.025044664607407
24.0,464.0,30.116152630090227
24.0,465.0,30.214359220265806
24.0,466.0,30.31999249685355
24.0,467.0,30.433404858343504
24.0,468.0,30.554973926524188
24.0,469.0,30.68510397235893
24.0,470.0,30.82422692477968
24.0,471.0,30.97280392751811
24.0,472.0,31.13132647350889
24.0,473.0,31.30031809234528
24.0,474.0,31.48033560678073
24.0,475.0,31.671970942176827
24.0,476.0,31.87585249153481
24.0,477.0,32.09264702599372
24.0,478.0,32.32306113981604
24.0,479.0,32.56784322263109
24.0,480.0,32.82778493344552
24.0,481.0,33.10372316810899
24.0,482.0,33.39654147845245
24.0,483.0,33.707171928585524
24.0,484.0,34.03659632730835
24.0,485.0,34.38584780933264
24.0,486.0,34.75601168051365
24.0,487.0,35.14822647862148
24.0,488.0,35.5636841348128
24.0,489.0,36.0036301558246
24.0,490.0,36.46936267389675
24.0,491.0,36.9622312408492
24.0,492.0,37.483634165800105
24.0,493.0,38.035015216624494
24.0,494.0,38.6178584283336
24.0,495.0,39.233681771604644
24.0,496.0,39.884028364259244
24.0,497.0,40.5704559094969
24.0,498.0,41.294522991798864
24.0,499.0,42.057772860659476
24.0,500.0,42.861713315373734
24.0,501.0,43.70779331757863
24.0,502.0,44.59737500586124
24.0,503.0,45.531701841251234
24.0,504.0,46.511861763870016
24.0,505.0,47.53874637205945
24.0,506.0,48.61300543428756
24.0,507.0,49.734998283639655
24.0,508.0,50.90474211910416
24.0,509.0,52.12185958465606
24.0,510.0,53.38552661977836
24.0,511.0,54.69442394733684
24.0,512.0,56.046694202370695
24.0,513.0,57.43990889562226
24.0,514.0,58.87104779403096
24.0,515.0,60.336494989148086
24.0,516.0,61.8320537404941
24.0,517.0,63.352983082631845
24.0,518.0,64.8940562686139
24.0,519.0,66.44964126327599
24.0,520.0,68.01380013739264
24.0,521.0,69.58040414054624
24.0,522.0,71.14325819940989
24.0,523.0,72.6962291795448
24.0,524.0,74.23337037700132
24.0,525.0,75.74903654581733
24.0,526.0,77.2379832719272
24.0,527.0,78.69544737533839
24.0,528.0,80.1172053191615
24.0,529.0,81.49960967906489
24.0,530.0,82.83960393702685
24.0,531.0,84.13471836448424
24.0,532.0,85.38304933659263
24.0,533.0,86.58322606129342
24.0,534.0,87.73436762336061
24.0,535.0,88.83603418664477
24.0,536.0,89.88817473899745
24.0,537.0,90.8910743321377
24.0,538.0,91.8453022536574
24.0,539.0,92.75166302581577
24.0,540.0,93.61115076113298
24.0,541.0,94.424907885942
24.0,542.0,95.19418810979238
24.0,543.0,95.92032405154039
24.0,544.0,96.60469903128602
24.0,545.0,97.2487230951568
24.0,546.0,97.8538126368731
24.0,547.0,98.42137352021106
24.0,548.0,98.95278706533254
24.0,549.0,99.44939874641553
24.0,550.0,99.9125090406913
24.0,551.0,100.34336627050563
24.0,552.0,100.74316098912338
24.0,553.0,101.11302176258621
24.0,554.0,101.45401201668304
24.0,555.0,101.76712781027605
24.0,556.0,102.05329631748918
24.0,557.0,102.31337487924729
24.0,558.0,102.54815051047372
24.0,559.0,102.75833971087555
24.0,560.0,102.94458855916173
24.0,561.0,103.10747291497665
24.0,562.0,103.24749879289617
24.0,563.0,103.36510269987106
24.0,564.0,103.46065207774612
24.0,565.0,103.53444560216263
24.0,566.0,103.58671355134047
24.0,567.0,103.61761795070514
24.0,568.0,103.62725277487681
24.0,569.0,103.6156438640173
24.0,570.0,103.58274890150541
24.0,571.0,103.52845705871546
24.0,572.0,103.45258871779679
24.0,573.0,103.35489482593124
24.0,574.0,103.23505635525919
24.0,575.0,103.0926833696476
24.0,576.0,102.9273142359827
24.0,577.0,102.73841442992128
24.0,578.0,102.52537553835774
24.0,579.0,102.28751385953795
24.0,580.0,102.02406926977474
24.0,581.0,101.73420371231254
24.0,582.0,101.41700004742349
24.0,583.0,101.07146057921499
24.0,584.0,100.69650607345504
24.0,585.0,100.29097454923192
24.0,586.0,99.85362074115208
24.0,587.0,99.38311549211707
24.0,588.0,98.87804606537455
24.0,589.0,98.33691662570473
24.0,590.0,97.75814998246938
24.0,591.0,97.14008984920635
24.0,592.0,96.4810048302323
24.0,593.0,95.77909340967648
24.0,594.0,95.03249128404056
24.0,595.0,94.23928034748018
24.0,596.0,93.39750080808626
24.0,597.0,92.5051657804932
24.0,598.0,91.56027995992045
24.0,599.0,90.5608617369259
24.0,600.0,89.50497043994021
24.0,601.0,88.39073801050765
24.0,602.0,87.21640677556266
24.0,603.0,85.98037242475314
24.0,604.0,84.6812336409757
24.0,605.0,83.31784705235427
24.0,606.0,81.88938843796124
24.0,607.0,80.39541807150785
24.0,608.0,78.83595023943724
24.0,609.0,77.21152365360972
24.0,610.0,75.52327155715396
24.0,611.0,73.77298684585872
24.0,612.0,71.96317971222607
24.0,613.0,70.09712196008661
24.0,614.0,68.17887478463355
24.0,615.0,66.2132939978011
24.0,616.0,64.20601022274698
24.0,617.0,62.16337969227985
24.0,618.0,60.09240594234868
24.0,619.0,58.0006316927872
24.0,620.0,55.89600559380565
24.0,621.0,53.78672767309995
24.0,622.0,51.681082392494304
24.0,623.0,49.58726635533038
24.0,624.0,47.5132213576168
24.0,625.0,45.466479800246
24.0,626.0,43.45403141884806
24.0,627.0,41.482215094460216
24.0,628.0,39.556640518755984
24.0,629.0,37.68213888663046
24.0,630.0,35.86274304999822
24.0,631.0,34.10169260067666
24.0,632.0,32.40146159617515
24.0,633.0,30.763802693963836
24.0,634.0,29.189804726239167
24.0,635.0,27.679957601591976
24.0,636.0,26.234222324682317
24.0,637.0,24.852101147952393
24.0,638.0,23.5327069844244
24.0,639.0,22.27482844693091
24.0,640.0,21.07699092678403
24.0,641.0,19.93751119517356
24.0,642.0,18.854546881821097
24.0,643.0,17.826139052547088
24.0,644.0,16.85024980129949
24.0,645.0,15.924793472954365
24.0,646.0,15.047663693200375
24.0,647.0,14.216754974173469
24.0,648.0,13.429981138881457
24.0,649.0,12.685289343501895
24.0,650.0,11.980671901951398
24.0,651.0,11.314174634603585
24.0,652.0,10.683903861325284
24.0,653.0,10.088030682059003
24.0,654.0,9.524794569765875
24.0,655.0,8.99250484346489
24.0,656.0,8.489541956553161
24.0,657.0,8.014357106544534
24.0,658.0,7.565472023809113
24.0,659.0,7.141477400698188
24.0,660.0,6.74103175382485
24.0,661.0,6.362859152135936
24.0,662.0,6.005747549826864
24.0,663.0,5.668546141666528
24.0,664.0,5.350163434689546
24.0,665.0,5.049564449823212
24.0,666.0,4.765768708510424
24.0,667.0,4.497847422597944
24.0,668.0,4.244921507796261
24.0,669.0,4.006158850442196
24.0,670.0,3.78077241564541
24.0,671.0,3.568017643264151
24.0,672.0,3.367190688897911
24.0,673.0,3.177625977177153
24.0,674.0,2.9986945941177705
24.0,675.0,2.8298020099430157
24.0,676.0,2.670386628598594
24.0,677.0,2.5199176821670997
24.0,678.0,2.3778939353434803
24.0,679.0,2.243841747220324
24.0,680.0,2.117313923699725
24.0,681.0,1.997887938738972
24.0,682.0,1.8851649249620503
24.0,683.0,1.7787680444786116
24.0,684.0,1.678341606628663
24.0,685.0,1.583549577623289
24.0,686.0,1.494074813915933
24.0,687.0,1.4096176997560272
24.0,688.0,1.3298954847975843
24.0,689.0,1.2546410389352116
24.0,690.0,1.1836022832138877
24.0,691.0,1.1165410518504806
24.0,692.0,1.0532326061511494
24.0,693.0,0.9934645942919713
24.0,694.0,0.937036638686732
24.0,695.0,0.8837593848308335
24.0,696.0,0.833454153330878
24.0,697.0,0.7859520698578925
24.0,698.0,0.7410937738125123
24.0,699.0,0.6987286221566034
24.0,700.0,0.6587144474206786
24.0,701.0,0.620916828869486
24.0,702.0,0.5852088932482353
24.0,703.0,0.5514706473780229
24.0,704.0,0.5195888156777786
24.0,705.0,0.4894562288751409
24.0,706.0,0.46097169292921514
24.0,707.0,0.43403942908069515
24.0,708.0,0.4085689693366657
24.0,709.0,0.3844746435714289
24.0,710.0,0.3616754972204313
24.0,711.0,0.3400948215826598
24.0,712.0,0.319660089808968
24.0,713.0,0.30030252695099835
24.0,714.0,0.28195706072284443
24.0,715.0,0.26456192819345864
24.0,716.0,0.24805863815301002
24.0,717.0,0.23239161165895256
24.0,718.0,0.2175081531529031
24.0,719.0,0.20335812234818856
24.0,720.0,0.18989391152273716
24.0,721.0,0.1770701464810344
24.0,722.0,0.164843667696358
24.0,723.0,0.15317325829547868
24.0,724.0,0.14201962694230721
24.0,725.0,0.13134516098195018
24.0,726.0,0.12111390914996341
24.0,727.0,0.11129135817583036
24.0,728.0,0.10184441356976236
24.0,729.0,0.09274119812636886
24.0,730.0,0.08395102918628869
24.0,731.0,0.0754442376005726
24.0,732.0,0.06719213998911146
24.0,733.0,0.05916687682661244
24.0,734.0,0.051341378325310105
24.0,735.0,0.04368922038571759
24.0,736.0,0.036184582818742476
24.0,737.0,0.028802121969736808
24.0,738.0,0.021516920065952648
24.0,739.0,0.01430437337169098
24.0,740.0,0.007140131501876578
24.0,741.0,0.0
25.0,0.0,0.0
25.0,1.0,0.0023517983805558694
25.0,2.0,0.004711539534652543
25.0,3.0,0.007087191806947241
25.0,4.0,0.009486779132583481
25.0,5.0,0.011918402517424629
25.0,6.0,0.014390274863178338
25.0,7.0,0.01691073871870772
25.0,8.0,0.019488306273265425
25.0,9.0,0.022131673750207415
25.0,10.0,0.024849766940330045
25.0,11.0,0.02765175262356246
25.0,12.0,0.030547090028941185
25.0,13.0,0.03354553968916464
25.0,14.0,0.03665722123336153
25.0,15.0,0.039892620103983464
25.0,16.0,0.043262652113462925
25.0,17.0,0.04677866848308578
25.0,18.0,0.05045252762518977
25.0,19.0,0.0542965989997462
25.0,20.0,0.058323842620280626
25.0,21.0,0.06254781226631123
25.0,22.0,0.06698274325410081
25.0,23.0,0.07164355559231914
25.0,24.0,0.07654595060854244
25.0,25.0,0.08170641469205775
25.0,26.0,0.0871423254242557
25.0,27.0,0.09287195661696335
25.0,28.0,0.09891459466012673
25.0,29.0,0.10529054563708176
25.0,30.0,0.11202126267684265
25.0,31.0,0.1191293560099773
25.0,32.0,0.12663873219608732
25.0,33.0,0.1345746080761505
25.0,34.0,0.14296366283909812
25.0,35.0,0.1518340569293273
25.0,36.0,0.16121559802033625
25.0,37.0,0.1711397660502623
25.0,38.0,0.18163989428595306
25.0,39.0,0.19275120178542943
25.0,40.0,0.20451099086304855
25.0,41.0,0.21695868841612925
25.0,42.0,0.23013606124127425
25.0,43.0,0.24408726781314027
25.0,44.0,0.2588590930534372
25.0,45.0,0.2745010123126216
25.0,46.0,0.291065447355905
25.0,47.0,0.3086078444724259
25.0,48.0,0.3271869536152296
25.0,49.0,0.3468649227450797
25.0,50.0,0.3677076022409482
25.0,51.0,0.3897846577733192
25.0,52.0,0.4131699022834495
25.0,53.0,0.43794142986769086
25.0,54.0,0.46418197780000614
25.0,55.0,0.49197908408496505
25.0,56.0,0.5214254821569521
25.0,57.0,0.5526192849105607
25.0,58.0,0.5856644148338258
25.0,59.0,0.6206708174290217
25.0,60.0,0.6577549295996452
25.0,61.0,0.6970399253999526
25.0,62.0,0.7386562254573409
25.0,63.0,0.7827417778881711
25.0,64.0,0.8294426113416861
25.0,65.0,0.878913153624025
25.0,66.0,0.9313168305141175
25.0,67.0,0.9868264240477395
25.0,68.0,1.0456247184603473
25.0,69.0,1.107904899055083
25.0,70.0,1.1738712453004347
25.0,71.0,1.2437395695347073
25.0,72.0,1.3177379551422863
25.0,73.0,1.3961072317396879
25.0,74.0,1.4791017531250978
25.0,75.0,1.5669899016347497
25.0,76.0,1.6600548957175518
25.0,77.0,1.758595310268509
25.0,78.0,1.8629258965456676
25.0,79.0,1.9733780966857644
25.0,80.0,2.0903008483295924
25.0,81.0,2.2140610591327907
25.0,82.0,2.3450443536659384
25.0,83.0,2.483655456145061
25.0,84.0,2.6303188163378697
25.0,85.0,2.785478824186114
25.0,86.0,2.949600222640956
25.0,87.0,3.123168044252302
25.0,88.0,3.30668767990538
25.0,89.0,3.5006843826414777
25.0,90.0,3.7057028101413696
25.0,91.0,3.922305883320727
25.0,92.0,4.151073556027186
25.0,93.0,4.3926007452549936
25.0,94.0,4.647495005356665
25.0,95.0,4.916373166725005
25.0,96.0,5.199857510628503
25.0,97.0,5.4985706748270955
25.0,98.0,5.813129855262612
25.0,99.0,6.144139483533277
25.0,100.0,6.492182954790522
25.0,101.0,6.857812594988462
25.0,102.0,7.241538483456965
25.0,103.0,7.643815372373674
25.0,104.0,8.065028414207736
25.0,105.0,8.505477057960006
25.0,106.0,8.965357996671306
25.0,107.0,9.444746731663589
25.0,108.0,9.943578894286038
25.0,109.0,10.4616311774205
25.0,110.0,10.998503338885968
25.0,111.0,11.553601446501032
25.0,112.0,12.126124126225376
25.0,113.0,12.715052209252597
25.0,114.0,13.319143659571706
25.0,115.0,13.93693413031265
25.0,116.0,14.566744783439992
25.0,117.0,15.20669723632
25.0,118.0,15.854736554257848
25.0,119.0,16.508661230962865
25.0,120.0,17.166160026681418
25.0,121.0,17.82485352951037
25.0,122.0,18.482339339116972
25.0,123.0,19.136237999978277
25.0,124.0,19.78423818494347
25.0,125.0,20.424138256279672
25.0,126.0,21.053883103330694
25.0,127.0,21.671594122442336
25.0,128.0,22.275592208704555
25.0,129.0,22.8644127016968
25.0,130.0,23.43681320405866
25.0,131.0,23.99177413671743
25.0,132.0,24.52849366498845
25.0,133.0,25.046377344234422
25.0,134.0,25.545024366194323
25.0,135.0,26.024210802272382
25.0,136.0,26.483871604761934
25.0,137.0,26.92408153620759
25.0,138.0,27.345036488582625
25.0,139.0,27.747035044981722
25.0,140.0,28.130461424148592
25.0,141.0,28.495769373721437
25.0,142.0,28.843467894256353
25.0,143.0,29.174108155210984
25.0,144.0,29.488272313625565
25.0,145.0,29.78656347733679
25.0,146.0,30.069597428474427
25.0,147.0,30.337995296292636
25.0,148.0,30.592377753911006
25.0,149.0,30.833359918612356
25.0,150.0,31.06154752113363
25.0,151.0,31.27753353828103
25.0,152.0,31.48189586095152
25.0,153.0,31.67519521745052
25.0,154.0,31.85797393629793
25.0,155.0,32.030754797008925
25.0,156.0,32.19404056492625
25.0,157.0,32.348313486215005
25.0,158.0,32.49403534812595
25.0,159.0,32.6316474056494
25.0,160.0,32.761570784991704
25.0,161.0,32.884206687052476
25.0,162.0,32.999937003024534
25.0,163.0,33.10912468467053
25.0,164.0,33.212114479913986
25.0,165.0,33.30923339349511
25.0,166.0,33.4007914792421
25.0,167.0,33.48708233925375
25.0,168.0,33.56838393039834
25.0,169.0,33.644959067786736
25.0,170.0,33.71705621788471
25.0,171.0,33.78490998447837
25.0,172.0,33.84874187119769
25.0,173.0,33.90876073685058
25.0,174.0,33.96516351738287
25.0,175.0,34.0181356434504
25.0,176.0,34.0678517168228
25.0,177.0,34.114475887185584
25.0,178.0,34.15816248142853
25.0,179.0,34.19905633952095
25.0,180.0,34.237293397526074
25.0,181.0,34.27300098441612
25.0,182.0,34.30629836140453
25.0,183.0,34.33729698309586
25.0,184.0,34.36610099711889
25.0,185.0,34.39280747429587
25.0,186.0,34.417506873818745
25.0,187.0,34.44028324837557
25.0,188.0,34.46121468142083
25.0,189.0,34.480373474575416
25.0,190.0,34.49782656504128
25.0,191.0,34.513635704212746
25.0,192.0,34.52785786506275
25.0,193.0,34.540545422816336
25.0,194.0,34.551746564188065
25.0,195.0,34.56150548310019
25.0,196.0,34.56986280581164
25.0,197.0,34.57685581672371
25.0,198.0,34.58251891526084
25.0,199.0,34.586883888146865
25.0,200.0,34.5899804144834
25.0,201.0,34.591836400317355
25.0,202.0,34.592478546207865
25.0,203.0,34.59193275559004
25.0,204.0,34.59022477204118
25.0,205.0,34.58738066242262
25.0,206.0,34.58342751646323
25.0,207.0,34.57839398644603
25.0,208.0,34.572311017603205
25.0,209.0,34.565212397158035
25.0,210.0,34.55713545093411
25.0,211.0,34.54812151879094
25.0,212.0,34.538216516844116
25.0,213.0,34.52747122356805
25.0,214.0,34.515941582002576
25.0,215.0,34.50368866871214
25.0,216.0,34.49077861658886
25.0,217.0,34.477282168070204
25.0,218.0,34.46327415425078
25.0,219.0,34.44883261472742
25.0,220.0,34.434037871728584
25.0,221.0,34.418971315915314
25.0,222.0,34.40371423337943
25.0,223.0,34.38834646395871
25.0,224.0,34.37294522018973
25.0,225.0,34.35758386848547
25.0,226.0,34.34233097906412
25.0,227.0,34.32724943640835
25.0,228.0,34.3123958778265
25.0,229.0,34.29782023224255
25.0,230.0,34.2835655857717
25.0,231.0,34.269668130787096
25.0,232.0,34.25615739375954
25.0,233.0,34.24305649543284
25.0,234.0,34.2303826209344
25.0,235.0,34.21814746252535
25.0,236.0,34.20635780560764
25.0,237.0,34.19501603743935
25.0,238.0,34.18412074753133
25.0,239.0,34.17366721831528
25.0,240.0,34.1636479742665
25.0,241.0,34.15405320610851
25.0,242.0,34.14487123591854
25.0,243.0,34.136088855222845
25.0,244.0,34.12769169728516
25.0,245.0,34.11966448846716
25.0,246.0,34.111991333303074
25.0,247.0,34.10465588881987
25.0,248.0,34.097641574884335
25.0,249.0,34.09093168528325
25.0,250.0,34.08450953778225
25.0,251.0,34.07835853611585
25.0,252.0,34.07246227340919
25.0,253.0,34.06680455767824
25.0,254.0,34.061369480250605
25.0,255.0,34.05614141511858
25.0,256.0,34.05110506165907
25.0,257.0,34.046245425880855
25.0,258.0,34.04154784455277
25.0,259.0,34.03699795435368
25.0,260.0,34.03258170266716
25.0,261.0,34.02828530898357
25.0,262.0,34.024095266150894
25.0,263.0,34.019998297093096
25.0,264.0,34.01598134919136
25.0,265.0,34.01203154842438
25.0,266.0,34.00813618873614
25.0,267.0,34.00428268501292
25.0,268.0,34.000458558714676
25.0,269.0,33.99665139062476
25.0,270.0,33.992848803630736
25.0,271.0,33.98903841587166
25.0,272.0,33.98520782131306
25.0,273.0,33.98134454374082
25.0,274.0,33.97743601565825
25.0,275.0,33.9734695335167
25.0,276.0,33.96943223545784
25.0,277.0,33.965311058222646
25.0,278.0,33.96109271436919
25.0,279.0,33.95676365146947
25.0,280.0,33.952310029664595
25.0,281.0,33.94771768406238
25.0,282.0,33.94297210387274
25.0,283.0,33.93805839938936
25.0,284.0,33.932961284517106
25.0,285.0,33.92766505040294
25.0,286.0,33.922153553974525
25.0,287.0,33.91641020123452
25.0,288.0,33.91041794553334
25.0,289.0,33.90415928481602
25.0,290.0,33.897616274808875
25.0,291.0,33.89077054615521
25.0,292.0,33.88360333953388
25.0,293.0,33.87609555064062
25.0,294.0,33.86822779643315
25.0,295.0,33.859980498202404
25.0,296.0,33.85133399046006
25.0,297.0,33.842268654585666
25.0,298.0,33.83276508387147
25.0,299.0,33.82280428176337
25.0,300.0,33.8123678973482
25.0,301.0,33.80143850183754
25.0,302.0,33.789999906810095
25.0,303.0,33.778037528459734
25.0,304.0,33.76553879400097
25.0,305.0,33.752493592858336
25.0,306.0,33.738894762215956
25.0,307.0,33.724738605277594
25.0,308.0,33.71002542297176
25.0,309.0,33.69476005061062
25.0,310.0,33.678952369812485
25.0,311.0,33.66261777925766
25.0,312.0,33.64577758501411
25.0,313.0,33.62845928845239
25.0,314.0,33.61069672825694
25.0,315.0,33.59253005659516
25.0,316.0,33.574005512437225
25.0,317.0,33.55517498639225
25.0,318.0,33.53609536015741
25.0,319.0,33.51682764149476
25.0,320.0,33.49743590771214
25.0,321.0,33.47798610929778
25.0,322.0,33.45854477455335
25.0,323.0,33.43917768770709
25.0,324.0,33.41994859312143
25.0,325.0,33.400917997560015
25.0,326.0,33.38214211238704
25.0,327.0,33.36367198579093
25.0,328.0,33.345552840079236
25.0,329.0,33.32782363234088
25.0,330.0,33.31051682471067
25.0,331.0,33.293658354890496
25.0,332.0,33.27726777416422
25.0,333.0,33.26135852811907
25.0,334.0,33.24593834198135
25.0,335.0,33.23100968254242
25.0,336.0,33.216570264032356
25.0,337.0,33.202613574202
25.0,338.0,33.18912939884149
25.0,339.0,33.17610432758532
25.0,340.0,33.16352223104381
25.0,341.0,33.15136469750706
25.0,342.0,33.139611429591184
25.0,343.0,33.12824059179603
25.0,344.0,33.11722911752092
25.0,345.0,33.10655296645537
25.0,346.0,33.09618734722864
25.0,347.0,33.08610689393311
25.0,348.0,33.076285816557956
25.0,349.0,33.06669801004778
25.0,350.0,33.05731714662456
25.0,351.0,33.048116731128594
25.0,352.0,33.03907014854334
25.0,353.0,33.03015067780946
25.0,354.0,33.021331505850696
25.0,355.0,33.01258570978741
25.0,356.0,33.00388624642447
25.0,357.0,32.99520591048419
25.0,358.0,32.986517306328786
25.0,359.0,32.97779278779905
25.0,360.0,32.96900441710153
25.0,361.0,32.960123890187795
25.0,362.0,32.95112248628744
25.0,363.0,32.94197098149909
25.0,364.0,32.93263959137195
25.0,365.0,32.92309787446458
25.0,366.0,32.91331466962401
25.0,367.0,32.90325799065408
25.0,368.0,32.89289495946754
25.0,369.0,32.88219169265389
25.0,370.0,32.87111323145433
25.0,371.0,32.85962342090914
25.0,372.0,32.84768483761878
25.0,373.0,32.835258662283074
25.0,374.0,32.82230460647892
25.0,375.0,32.808780779807485
25.0,376.0,32.79464361748256
25.0,377.0,32.77984774403727
25.0,378.0,32.764345904455205
25.0,379.0,32.74808882755183
25.0,380.0,32.73102516481117
25.0,381.0,32.71310135829048
25.0,382.0,32.694261593414886
25.0,383.0,32.6744476787496
25.0,384.0,32.65359902197303
25.0,385.0,32.63165253236605
25.0,386.0,32.60854263330272
25.0,387.0,32.58420120311385
25.0,388.0,32.55855764301099
25.0,389.0,32.53153887839873
25.0,390.0,32.503069508469665
25.0,391.0,32.47307189830804
25.0,392.0,32.44146644561352
25.0,393.0,32.40817180406574
25.0,394.0,32.37310531354279
25.0,395.0,32.33618340667647
25.0,396.0,32.29732226056088
25.0,397.0,32.256438449661815
25.0,398.0,32.21344988702768
25.0,399.0,32.16827679440574
25.0,400.0,32.120843004845796
25.0,401.0,32.071077319064756
25.0,402.0,32.01891523150104
25.0,403.0,31.964300721371792
25.0,404.0,31.907188429749397
25.0,405.0,31.847545882082347
25.0,406.0,31.78535607177315
25.0,407.0,31.720620015753557
25.0,408.0,31.65335958024442
25.0,409.0,31.583620127039083
25.0,410.0,31.511473252437547
25.0,411.0,31.437019103819292
25.0,412.0,31.360388523432377
25.0,413.0,31.28174445175102
25.0,414.0,31.201282843360808
25.0,415.0,31.11923251386677
25.0,416.0,31.035854226909887
25.0,417.0,30.951438488100738
25.0,418.0,30.86630247829621
25.0,419.0,30.780785703474077
25.0,420.0,30.695244964925713
25.0,421.0,30.61004835935906
25.0,422.0,30.525569072888022
25.0,423.0,30.442178762343474
25.0,424.0,30.360241366603514
25.0,425.0,30.280107119560473
25.0,426.0,30.20210757248087
25.0,427.0,30.12655126993447
25.0,428.0,30.05372077050064
25.0,429.0,29.983870480602786
25.0,430.0,29.91722586494892
25.0,431.0,29.853983348178918
25.0,432.0,29.79431139120429
25.0,433.0,29.738351965480916
25.0,434.0,29.686222895634845
25.0,435.0,29.63802026482206
25.0,436.0,29.59382139256241
25.0,437.0,29.553687589751362
25.0,438.0,29.51766726540974
25.0,439.0,29.485798613390163
25.0,440.0,29.458112521427157
25.0,441.0,29.43463495006489
25.0,442.0,29.415389482466395
25.0,443.0,29.400399300458727
25.0,444.0,29.389689333765922
25.0,445.0,29.38328783370128
25.0,446.0,29.381228153008696
25.0,447.0,29.383549969877798
25.0,448.0,29.39030076450955
25.0,449.0,29.401536767214935
25.0,450.0,29.417324208109548
25.0,451.0,29.437740065361147
25.0,452.0,29.46287316099685
25.0,453.0,29.492824778161758
25.0,454.0,29.527709666445084
25.0,455.0,29.567656586234854
25.0,456.0,29.612809275734463
25.0,457.0,29.66332696943108
25.0,458.0,29.719385368374454
25.0,459.0,29.78117716992712
25.0,460.0,29.848913073816522
25.0,461.0,29.922822352153748
25.0,462.0,30.003153916366394
25.0,463.0,30.090176949839062
25.0,464.0,30.184182054800488
25.0,465.0,30.28548196445003
25.0,466.0,30.394412783724178
25.0,467.0,30.511334792885403
25.0,468.0,30.636633791239955
25.0,469.0,30.770721999245612
25.0,470.0,30.91403950901524
25.0,471.0,31.067055286313547
25.0,472.0,31.230268725257634
25.0,473.0,31.40421074423355
25.0,474.0,31.589445433604556
25.0,475.0,31.786571229465636
25.0,476.0,31.996222631115188
25.0,477.0,32.219071422214654
25.0,478.0,32.455828417584385
25.0,479.0,32.70724468080429
25.0,480.0,32.974113235323
25.0,481.0,33.25727019825447
25.0,482.0,33.55759635590506
25.0,483.0,33.87601809215584
25.0,484.0,34.21350867956253
25.0,485.0,34.571088823092566
25.0,486.0,34.94982745037138
25.0,487.0,35.35084161277175
25.0,488.0,35.77529646706831
25.0,489.0,36.22440417085778
25.0,490.0,36.699422628066635
25.0,491.0,37.2016528804288
25.0,492.0,37.73243603843763
25.0,493.0,38.29314850495877
25.0,494.0,38.88519633475404
25.0,495.0,39.51000743887735
25.0,496.0,40.169022425661055
25.0,497.0,40.86368275089491
25.0,498.0,41.595416929433576
25.0,499.0,42.36562347070461
25.0,500.0,43.17565128709812
25.0,501.0,44.02677628476619
25.0,502.0,44.92017495686383
25.0,503.0,45.85689383819106
25.0,504.0,46.83781583764661
25.0,505.0,47.86362261357192
25.0,506.0,48.9347543828792
25.0,507.0,50.05136683586421
25.0,508.0,51.21328712502826
25.0,509.0,52.41996929974223
25.0,510.0,53.67045187961543
25.0,511.0,54.96331871093717
25.0,512.0,56.2966664712016
25.0,513.0,57.66808052513865
25.0,514.0,59.07462274896491
25.0,515.0,60.512832944790624
25.0,516.0,61.97874685302387
25.0,517.0,63.467931279465326
25.0,518.0,64.97553763778023
25.0,519.0,66.49637229609561
25.0,520.0,68.02498253839468
25.0,521.0,69.55575403924192
25.0,522.0,71.08301635662686
25.0,523.0,72.60115064380686
25.0,524.0,74.10469511881047
25.0,525.0,75.58844252545369
25.0,526.0,77.04752602452523
25.0,527.0,78.47748951255996
25.0,528.0,79.87434104666573
25.0,529.0,81.23458792886457
25.0,530.0,82.55525455246288
25.0,531.0,83.83388375754188
25.0,532.0,85.06852443943822
25.0,533.0,86.25770732803154
25.0,534.0,87.40041222500584
25.0,535.0,88.49602876361087
25.0,536.0,89.54431366108986
25.0,537.0,90.54534603415048
25.0,538.0,91.49948301053514
25.0,539.0,92.4073164990628
25.0,540.0,93.26963256208873
25.0,541.0,94.0873736169204
25.0,542.0,94.86160426858144
25.0,543.0,95.5934805572484
25.0,544.0,96.28422298464835
25.0,545.0,96.9350928596884
25.0,546.0,97.54737206816448
25.0,547.0,98.12234571985415
25.0,548.0,98.66128764434747
25.0,549.0,99.16544820367322
25.0,550.0,99.63604433456571
25.0,551.0,100.07425135965809
25.0,552.0,100.48119645890621
25.0,553.0,100.85795343722644
25.0,554.0,101.2055386709606
25.0,555.0,101.52490797291
25.0,556.0,101.81695424945039
25.0,557.0,102.08250579084917
25.0,558.0,102.32232505270034
25.0,559.0,102.53710786471184
25.0,560.0,102.72748290076821
25.0,561.0,102.89401143451923
25.0,562.0,103.03718718228413
25.0,563.0,103.15743633906513
25.0,564.0,103.2551175703827
25.0,565.0,103.33052214197055
25.0,566.0,103.38387390549991
25.0,567.0,103.41532939458075
25.0,568.0,103.42497770065111
25.0,569.0,103.4128404523379
25.0,570.0,103.3788715166372
25.0,571.0,103.3229568129653
25.0,572.0,103.24491380562482
25.0,573.0,103.14449113221481
25.0,574.0,103.02136788024632
25.0,575.0,102.87515303578645
25.0,576.0,102.7053845636591
25.0,577.0,102.51152870994378
25.0,578.0,102.29297893519049
25.0,579.0,102.04905513752782
25.0,580.0,101.77900252578745
25.0,581.0,101.48199087282921
25.0,582.0,101.15711346509875
25.0,583.0,100.80338655345413
25.0,584.0,100.4197485830292
25.0,585.0,100.0050600873841
25.0,586.0,99.55810349411318
25.0,587.0,99.07758381441522
25.0,588.0,98.56212944276433
25.0,589.0,98.01029413505556
25.0,590.0,97.42055938143324
25.0,591.0,96.79133834750795
25.0,592.0,96.12098060162775
25.0,593.0,95.40777891560381
25.0,594.0,94.64997736680108
25.0,595.0,93.84578214586276
25.0,596.0,92.99337430880193
25.0,597.0,92.0909259851341
25.0,598.0,91.13661927435668
25.0,599.0,90.12866941572298
25.0,600.0,89.06535140755267
25.0,601.0,87.94503165859972
25.0,602.0,86.76620369098711
25.0,603.0,85.52752933844016
25.0,604.0,84.22788413352917
25.0,605.0,82.86640797959689
25.0,606.0,81.44255923547006
25.0,607.0,79.95617269221228
25.0,608.0,78.40751873131691
25.0,609.0,76.7973632689537
25.0,610.0,75.12702473883448
25.0,611.0,73.39842674704799
25.0,612.0,71.61414168413437
25.0,613.0,69.77742324358049
25.0,614.0,67.89222272803663
25.0,615.0,65.96318726819192
25.0,616.0,63.995635585438855
25.0,617.0,61.99551097295791
25.0,618.0,59.969309348911885
25.0,619.0,57.92398497853744
25.0,620.0,55.86683499104699
25.0,621.0,53.80536869673755
25.0,622.0,51.74716585498458
25.0,623.0,49.69973224435495
25.0,624.0,47.670357912652065
25.0,625.0,45.66598648275009
25.0,626.0,43.69309961550373
25.0,627.0,41.757622708970935
25.0,628.0,39.86485286113309
25.0,629.0,38.01941181587348
25.0,630.0,36.225221597949556
25.0,631.0,34.48550268355233
25.0,632.0,32.80279014057058
25.0,633.0,31.17896608424854
25.0,634.0,29.61530308368884
25.0,635.0,28.112516737665192
25.0,636.0,26.670822410607244
25.0,637.0,25.289995079610307
25.0,638.0,23.969428202401332
25.0,639.0,22.708191576224227
25.0,640.0,21.50508508657543
25.0,641.0,20.358689237812914
25.0,642.0,19.26741015588335
25.0,643.0,18.229520618540487
25.0,644.0,17.2431953220264
25.0,645.0,16.306542334035363
25.0,646.0,15.417629221406683
25.0,647.0,14.574505986946225
25.0,648.0,13.775223414852467
25.0,649.0,13.017849006708227
25.0,650.0,12.300479118554026
25.0,651.0,11.621249452155965
25.0,652.0,10.978342473126865
25.0,653.0,10.369993845271276
25.0,654.0,9.794496399508821
25.0,655.0,9.250203652726215
25.0,656.0,8.735531342055753
25.0,657.0,8.24895891822211
25.0,658.0,7.789029420325902
25.0,659.0,7.354349611455347
25.0,660.0,6.943588766769031
25.0,661.0,6.55547793771399
25.0,662.0,6.188808065498665
25.0,663.0,5.842428719408661
25.0,664.0,5.515245825325299
25.0,665.0,5.206220118025348
25.0,666.0,4.914364683843037
25.0,667.0,4.638743289662782
25.0,668.0,4.378467873326102
25.0,669.0,4.132696856738006
25.0,670.0,3.9006326710925916
25.0,671.0,3.68152012255753
25.0,672.0,3.4746440068469937
25.0,673.0,3.2793275689076498
25.0,674.0,3.0949302389326387
25.0,675.0,2.9208462089796274
25.0,676.0,2.756502307288114
25.0,677.0,2.6013567023204898
25.0,678.0,2.4548969220860184
25.0,679.0,2.3166386878969103
25.0,680.0,2.186124078779774
25.0,681.0,2.0629204919824087
25.0,682.0,1.9466189483737102
25.0,683.0,1.836833173503624
25.0,684.0,1.7331980373840066
25.0,685.0,1.6353687480478631
25.0,686.0,1.5430194177263443
25.0,687.0,1.4558423599230477
25.0,688.0,1.373546773380347
25.0,689.0,1.2958581333671195
25.0,690.0,1.2225169847008028
25.0,691.0,1.1532784180263804
25.0,692.0,1.0879109633498751
25.0,693.0,1.026196142414461
25.0,694.0,0.967927454584034
25.0,695.0,0.9129099968978093
25.0,696.0,0.8609595346359834
25.0,697.0,0.811902181188775
25.0,698.0,0.7655735461841182
25.0,699.0,0.7218184678951421
25.0,700.0,0.6804902323752808
25.0,701.0,0.6414503517196815
25.0,702.0,0.6045678482120311
25.0,703.0,0.569719072331142
25.0,704.0,0.5367870464510639
25.0,705.0,0.5056613170323092
25.0,706.0,0.4762373529234192
25.0,707.0,0.4484164266901719
25.0,708.0,0.42210506303782197
25.0,709.0,0.3972149447077905
25.0,710.0,0.3736624069731613
25.0,711.0,0.35136836396965243
25.0,712.0,0.33025784561232024
25.0,713.0,0.31025994062638673
25.0,714.0,0.29130737259131867
25.0,715.0,0.27333645629859255
25.0,716.0,0.2562867099519426
25.0,717.0,0.24010082180517942
25.0,718.0,0.2247242958364003
25.0,719.0,0.21010542591163045
25.0,720.0,0.19619497250830206
25.0,721.0,0.18294614191197225
25.0,722.0,0.1703142917925929
25.0,723.0,0.15825691317407667
25.0,724.0,0.14673336286794228
25.0,725.0,0.13570484616117548
25.0,726.0,0.12513417428776719
25.0,727.0,0.11498574596115145
25.0,728.0,0.10522532821683273
25.0,729.0,0.09582003507351272
25.0,730.0,0.08673813021112821
25.0,731.0,0.07794900118126769
25.0,732.0,0.06942298249602516
25.0,733.0,0.06113132392492793
25.0,734.0,0.05304603266237505
25.0,735.0,0.04513983434633614
25.0,736.0,0.03738603304690972
25.0,737.0,0.02975846372260276
25.0,738.0,0.022231368830647722
25.0,739.0,0.0147793410006392
25.0,740.0,0.007377215109429096
25.0,741.0,0.0
26.0,0.0,0.0
26.0,1.0,0.0024239625535831073
26.0,2.0,0.004856110472783009
26.0,3.0,0.007304657713492656
26.0,4.0,0.009777871011001754
26.0,5.0,0.012284103238352984
26.0,6.0,0.014831813563510972
26.0,7.0,0.017429605945241036
26.0,8.0,0.02008624563463237
26.0,9.0,0.0228107031852867
26.0,10.0,0.025612167687506144
26.0,11.0,0.028500096681835393
26.0,12.0,0.03148422653126666
26.0,13.0,0.034574628644486224
26.0,14.0,0.03778171741371752
26.0,15.0,0.04111631317657548
26.0,16.0,0.04458964817490763
26.0,17.0,0.04821343671220681
26.0,18.0,0.05199987962231636
26.0,19.0,0.05596174211319626
26.0,20.0,0.06011235727398122
26.0,21.0,0.06446571213589229
26.0,22.0,0.0690364507922741
26.0,23.0,0.07383996925399737
26.0,24.0,0.07889241881019812
26.0,25.0,0.08421081030907254
26.0,26.0,0.08981301844757951
26.0,27.0,0.09571789616957006
26.0,28.0,0.10194528064120383
26.0,29.0,0.10851611852738619
26.0,30.0,0.11545247448661078
26.0,31.0,0.12277766816420399
26.0,32.0,0.13051628612625035
26.0,33.0,0.13869433149464733
26.0,34.0,0.1473392403351614
26.0,35.0,0.15648004495519227
26.0,36.0,0.1661473958662144
26.0,37.0,0.1763737398707284
26.0,38.0,0.18719334883457195
26.0,39.0,0.19864251380488268
26.0,40.0,0.21075958195295647
26.0,41.0,0.22358516808992257
26.0,42.0,0.23716220127553417
26.0,43.0,0.2515361552319378
26.0,44.0,0.26675510625695154
26.0,45.0,0.28286998417736453
26.0,46.0,0.29993464335498454
26.0,47.0,0.31800613596685673
26.0,48.0,0.3371447980454993
26.0,49.0,0.35741454702033404
26.0,50.0,0.37888298488515854
26.0,51.0,0.4016217220768854
26.0,52.0,0.4257065000059943
26.0,53.0,0.4512175434763448
26.0,54.0,0.47823970493714874
26.0,55.0,0.5068628477479101
26.0,56.0,0.537182014597392
26.0,57.0,0.5692978439714852
26.0,58.0,0.6033167652127228
26.0,59.0,0.6393514505285981
26.0,60.0,0.6775210391015509
26.0,61.0,0.7179516268417676
26.0,62.0,0.7607765217555398
26.0,63.0,0.806136773344352
26.0,64.0,0.8541814610330575
26.0,65.0,0.9050682645677032
26.0,66.0,0.9589637866010519
26.0,67.0,1.0160441645348988
26.0,68.0,1.076495427228633
26.0,69.0,1.1405141473135123
26.0,70.0,1.2083078302480261
26.0,71.0,1.280095603986991
26.0,72.0,1.356108636002658
26.0,73.0,1.436590854023626
26.0,74.0,1.521799382824876
26.0,75.0,1.6120052851534907
26.0,76.0,1.7074940045898794
26.0,77.0,1.8085661091985632
26.0,78.0,1.9155377189401765
26.0,79.0,2.028741225293859
26.0,80.0,2.1485256707180134
26.0,81.0,2.275257404536224
26.0,82.0,2.4093203667359337
26.0,83.0,2.5511166226042836
26.0,84.0,2.701066482415202
26.0,85.0,2.8596088332425755
26.0,86.0,3.0272009983434653
26.0,87.0,3.2043187527652135
26.0,88.0,3.3914557900367632
26.0,89.0,3.589123267332881
26.0,90.0,3.797848701458168
26.0,91.0,4.018174838981363
26.0,92.0,4.250657748793204
26.0,93.0,4.495864754316714
26.0,94.0,4.754371429344358
26.0,95.0,5.026758268632895
26.0,96.0,5.313606235734291
26.0,97.0,5.615491797298298
26.0,98.0,5.932980633315175
26.0,99.0,6.266620642216738
26.0,100.0,6.616933435115548
26.0,101.0,6.98440497073665
26.0,102.0,7.369474561377162
26.0,103.0,7.7725229721567155
26.0,104.0,8.193858927351178
26.0,105.0,8.63370487077395
26.0,106.0,9.092181438668476
26.0,107.0,9.56929167974062
26.0,108.0,10.064904687331415
26.0,109.0,10.578739917074348
26.0,110.0,11.110352094432114
26.0,111.0,11.659118224822615
26.0,112.0,12.224226808253503
26.0,113.0,12.804670911799791
26.0,114.0,13.39924523734553
26.0,115.0,14.006548748356836
26.0,116.0,14.624992739752011
26.0,117.0,15.252815494501965
26.0,118.0,15.888102820441178
26.0,119.0,16.528814888569794
26.0,120.0,17.1728178612289
26.0,121.0,17.817919927546175
26.0,122.0,18.46190951769544
26.0,123.0,19.10259477587962
26.0,124.0,19.737841774453425
26.0,125.0,20.365610549045183
26.0,126.0,20.983986726319102
26.0,127.0,21.591208361626943
26.0,128.0,22.185686475122633
26.0,129.0,22.76601970738001
26.0,130.0,23.331002388271227
26.0,131.0,23.87962716241631
26.0,132.0,24.411082055620778
26.0,133.0,24.924743545677433
26.0,134.0,25.420165775362523
26.0,135.0,25.897067560518813
26.0,136.0,26.355317295592553
26.0,137.0,26.794917268862633
26.0,138.0,27.21598729221968
26.0,139.0,27.618748918363686
26.0,140.0,28.003509910870836
26.0,141.0,28.37065000130854
26.0,142.0,28.72060739226755
26.0,143.0,29.05386685288588
26.0,144.0,29.370948720981193
26.0,145.0,29.672399533763066
26.0,146.0,29.958783517663733
26.0,147.0,30.2306755886901
26.0,148.0,30.488655057614935
26.0,149.0,30.733300658960538
26.0,150.0,30.965186093067125
26.0,151.0,31.184876690754894
26.0,152.0,31.39292640261406
26.0,153.0,31.589875724621237
26.0,154.0,31.776249783286957
26.0,155.0,31.952557198485337
26.0,156.0,32.11928897108168
26.0,157.0,32.276918020030806
26.0,158.0,32.42589863968081
26.0,159.0,32.56666650650346
26.0,160.0,32.69963852797371
26.0,161.0,32.82521316465062
26.0,162.0,32.94377053816361
26.0,163.0,33.055672955224836
26.0,164.0,33.16126517845909
26.0,165.0,33.260875070755766
26.0,166.0,33.35481396044064
26.0,167.0,33.44337734846086
26.0,168.0,33.5268453201662
26.0,169.0,33.605483275667666
26.0,170.0,33.67954235575223
26.0,171.0,33.749260168772324
26.0,172.0,33.81486120927249
26.0,173.0,33.87655756414989
26.0,174.0,33.934549310501154
26.0,175.0,33.989025190504776
26.0,176.0,34.04016298065278
26.0,177.0,34.08813012959251
26.0,178.0,34.1330840949449
26.0,179.0,34.17517294177721
26.0,180.0,34.214535646126414
26.0,181.0,34.25130265428965
26.0,182.0,34.28559615434544
26.0,183.0,34.31753059837649
26.0,184.0,34.34721294500355
26.0,185.0,34.374743148249586
26.0,186.0,34.40021437559557
26.0,187.0,34.42371346865375
26.0,188.0,34.44532114269272
26.0,189.0,34.46511242575726
26.0,190.0,34.48315684711333
26.0,191.0,34.49951886302427
26.0,192.0,34.51425804319018
26.0,193.0,34.5274294930765
26.0,194.0,34.53908404912219
26.0,195.0,34.54926870919998
26.0,196.0,34.55802684893473
26.0,197.0,34.565398673230916
26.0,198.0,34.57142146701063
26.0,199.0,34.57613008113672
26.0,200.0,34.57955723041501
26.0,201.0,34.58173402561489
26.0,202.0,34.58269032839255
26.0,203.0,34.582455335949966
26.0,204.0,34.581057994923995
26.0,205.0,34.57852763472545
26.0,206.0,34.574894428641045
26.0,207.0,34.570190054560356
26.0,208.0,34.564448170631955
26.0,209.0,34.55770505796547
26.0,210.0,34.550000051662614
26.0,211.0,34.541376092615245
26.0,212.0,34.53188002843982
26.0,213.0,34.52156297923058
26.0,214.0,34.51048040811166
26.0,215.0,34.498692202207934
26.0,216.0,34.48626242376047
26.0,217.0,34.47325903651813
26.0,218.0,34.459753296380384
26.0,219.0,34.44581911971176
26.0,220.0,34.43153215353713
26.0,221.0,34.41696887181052
26.0,222.0,34.40220545452334
26.0,223.0,34.38731677717097
26.0,224.0,34.37237528751293
26.0,225.0,34.35745008529217
26.0,226.0,34.342605985316396
26.0,227.0,34.32790285254378
26.0,228.0,34.31339498063591
26.0,229.0,34.29913076818054
26.0,230.0,34.285152452389525
26.0,231.0,34.271496122566326
26.0,232.0,34.25819176741648
26.0,233.0,34.2452635554314
26.0,234.0,34.232730106111674
26.0,235.0,34.2206049378571
26.0,236.0,34.208896862017575
26.0,237.0,34.19761050232898
26.0,238.0,34.18674672536151
26.0,239.0,34.176303157650324
26.0,240.0,34.16627459223735
26.0,241.0,34.156653456953435
26.0,242.0,34.14743016309906
26.0,243.0,34.13859350229042
26.0,244.0,34.13013092405351
26.0,245.0,34.12202885581159
26.0,246.0,34.1142729097841
26.0,247.0,34.10684813102096
26.0,248.0,34.09973914142839
26.0,249.0,34.092930325746416
26.0,250.0,34.08640592353404
26.0,251.0,34.08015016445005
26.0,252.0,34.0741473193293
26.0,253.0,34.06838179558774
26.0,254.0,34.06283815740973
26.0,255.0,34.05750119062562
26.0,256.0,34.052355900358236
26.0,257.0,34.047387552970825
26.0,258.0,34.0425816577782
26.0,259.0,34.03792399198712
26.0,260.0,34.03340057150647
26.0,261.0,34.02899766335766
26.0,262.0,34.02470174931188
26.0,263.0,34.02049952908064
26.0,264.0,34.01637787947786
26.0,265.0,34.01232385079957
26.0,266.0,34.00832462342932
26.0,267.0,34.00436749914727
26.0,268.0,34.00043985653105
26.0,269.0,33.99652913845988
26.0,270.0,33.99262280727269
26.0,271.0,33.988708329417975
26.0,272.0,33.98477313108707
26.0,273.0,33.98080458077974
26.0,274.0,33.97678994601168
26.0,275.0,33.9727163745043
26.0,276.0,33.96857085256151
26.0,277.0,33.96434018564407
26.0,278.0,33.96001095912176
26.0,279.0,33.95556951916307
26.0,280.0,33.95100193680511
26.0,281.0,33.94629399039418
26.0,282.0,33.941431134297474
26.0,283.0,33.936398484594456
26.0,284.0,33.93118079431184
26.0,285.0,33.925762444723624
26.0,286.0,33.9201274297606
26.0,287.0,33.914259356166625
26.0,288.0,33.908141440753916
26.0,289.0,33.9017565238186
26.0,290.0,33.8950870842082
26.0,291.0,33.88811527183103
26.0,292.0,33.880822947061056
26.0,293.0,33.87319173983788
26.0,294.0,33.865203121662944
26.0,295.0,33.85683850052273
26.0,296.0,33.84807933538671
26.0,297.0,33.83890727764286
26.0,298.0,33.82930433910288
26.0,299.0,33.81925309116069
26.0,300.0,33.80873689699209
26.0,301.0,33.79774017816422
26.0,302.0,33.786248718685236
26.0,303.0,33.774250003780686
26.0,304.0,33.761733595994535
26.0,305.0,33.74869154049734
26.0,306.0,33.73511879979634
26.0,307.0,33.72101370274962
26.0,308.0,33.70637840368447
26.0,309.0,33.6912193283075
26.0,310.0,33.67554759664796
26.0,311.0,33.659379391714644
26.0,312.0,33.64273625951731
26.0,313.0,33.62564530417679
26.0,314.0,33.60813926358158
26.0,315.0,33.59025643116873
26.0,316.0,33.57204041711182
26.0,317.0,33.5535397260286
26.0,318.0,33.53480716171215
26.0,319.0,33.51589905640915
26.0,320.0,33.49687435825445
26.0,321.0,33.47779359737269
26.0,322.0,33.45871778459018
26.0,323.0,33.439707278895234
26.0,324.0,33.42082068544928
26.0,325.0,33.40211382081596
26.0,326.0,33.38363879828419
26.0,327.0,33.36544325539066
26.0,328.0,33.34756975510203
26.0,329.0,33.330055360861174
26.0,330.0,33.31293139274443
26.0,331.0,33.296223345641465
26.0,332.0,33.279950958336634
26.0,333.0,33.26412840403299
26.0,334.0,33.24876458217244
26.0,335.0,33.23386348146363
26.0,336.0,33.21942459289728
26.0,337.0,33.20544334891356
26.0,338.0,33.191911570745695
26.0,339.0,33.17881790949316
26.0,340.0,33.16614826706964
26.0,341.0,33.153886192273696
26.0,342.0,33.14201324097877
26.0,343.0,33.130509304262205
26.0,344.0,33.11935289421246
26.0,345.0,33.10852139835266
26.0,346.0,33.09799129106209
26.0,347.0,33.087738318866265
26.0,348.0,33.07773764490257
26.0,349.0,33.06796397464533
26.0,350.0,33.058391643856105
26.0,351.0,33.04899469578094
26.0,352.0,33.0397469233246
26.0,353.0,33.030621908222784
26.0,354.0,33.021593027068114
26.0,355.0,33.01263346149451
26.0,356.0,33.00371617601397
26.0,357.0,32.99481390651104
26.0,358.0,32.985899116115654
26.0,359.0,32.97694396764851
26.0,360.0,32.96792026220268
26.0,361.0,32.95879939976751
26.0,362.0,32.949552303918665
26.0,363.0,32.940149373730776
26.0,364.0,32.93056039700189
26.0,365.0,32.92075449574177
26.0,366.0,32.91070002966751
26.0,367.0,32.900364537004116
26.0,368.0,32.88971462956103
26.0,369.0,32.878715930283555
26.0,370.0,32.86733296103866
26.0,371.0,32.85552907830091
26.0,372.0,32.843266354839855
26.0,373.0,32.83050551512025
26.0,374.0,32.81720581241162
26.0,375.0,32.80332496596156
26.0,376.0,32.788819035684135
26.0,377.0,32.77364236398477
26.0,378.0,32.75774745120145
26.0,379.0,32.74108490620837
26.0,380.0,32.72360332728888
26.0,381.0,32.70524926744736
26.0,382.0,32.685967127527746
26.0,383.0,32.66569914468042
26.0,384.0,32.644385307484406
26.0,385.0,32.621963379442754
26.0,386.0,32.59836884982539
26.0,387.0,32.57353500861237
26.0,388.0,32.54739295195185
26.0,389.0,32.51987173081686
26.0,390.0,32.49089843650604
26.0,391.0,32.46039845248962
26.0,392.0,32.42829565321691
26.0,393.0,32.39451279697942
26.0,394.0,32.35897187997011
26.0,395.0,32.32159471670414
26.0,396.0,32.282303499592075
26.0,397.0,32.24102162077361
26.0,398.0,32.197674492975544
26.0,399.0,32.152190669253784
26.0,400.0,32.10450297935412
26.0,401.0,32.05454999647738
26.0,402.0,32.002277528245344
26.0,403.0,31.947640454582718
26.0,404.0,31.89060457516819
26.0,405.0,31.83114879081432
26.0,406.0,31.76926724112356
26.0,407.0,31.704971715842895
26.0,408.0,31.638293912718556
26.0,409.0,31.56928784543951
26.0,410.0,31.498031919848067
26.0,411.0,31.424630968455975
26.0,412.0,31.34921771244104
26.0,413.0,31.271953942072678
26.0,414.0,31.19303085854519
26.0,415.0,31.112668902293283
26.0,416.0,31.031116525523387
26.0,417.0,30.948648315691262
26.0,418.0,30.86556199030299
26.0,419.0,30.782174794877676
26.0,420.0,30.698818917480295
26.0,421.0,30.615836588665548
26.0,422.0,30.53357456043874
26.0,423.0,30.452378732236024
26.0,424.0,30.372588636434607
26.0,425.0,30.294532573960957
26.0,426.0,30.218523048635554
26.0,427.0,30.144853236754642
26.0,428.0,30.073794015458468
26.0,429.0,30.005592194366475
26.0,430.0,29.940469336257003
26.0,431.0,29.878621730961292
26.0,432.0,29.820220801092127
26.0,433.0,29.765414466657838
26.0,434.0,29.714328688215982
26.0,435.0,29.667069725694052
26.0,436.0,29.623726314893894
26.0,437.0,29.584372341691274
26.0,438.0,29.549069221569248
26.0,439.0,29.517868621358545
26.0,440.0,29.490814742592132
26.0,441.0,29.467946859934962
26.0,442.0,29.449301341389376
26.0,443.0,29.434913892795148
26.0,444.0,29.424821252053572
26.0,445.0,29.41906311536378
26.0,446.0,29.417683511214072
26.0,447.0,29.420732436118055
26.0,448.0,29.42826695176676
26.0,449.0,29.440352583431714
26.0,450.0,29.457064199199003
26.0,451.0,29.478487231952176
26.0,452.0,29.50471840154795
26.0,453.0,29.535866818978885
26.0,454.0,29.57205460717528
26.0,455.0,29.61341793889064
26.0,456.0,29.660107603741025
26.0,457.0,29.712290022787858
26.0,458.0,29.770147800844637
26.0,459.0,29.833880752344665
26.0,460.0,29.903706469987014
26.0,461.0,29.97986138896052
26.0,462.0,30.062601396014085
26.0,463.0,30.15220295255274
26.0,464.0,30.248963762098104
26.0,465.0,30.353203966928547
26.0,466.0,30.465266886286003
26.0,467.0,30.585520295658174
26.0,468.0,30.714357242474993
26.0,469.0,30.85219741125024
26.0,470.0,30.999488017257775
26.0,471.0,31.156705253859887
26.0,472.0,31.324355256980766
26.0,473.0,31.502975622183893
26.0,474.0,31.693136422700412
26.0,475.0,31.89544177208847
26.0,476.0,32.11053086489632
26.0,477.0,32.3390795446485
26.0,478.0,32.58180131734489
26.0,479.0,32.83944886227728
26.0,480.0,33.1128149424573
26.0,481.0,33.402733765088406
26.0,482.0,33.71008167712453
26.0,483.0,34.035778240281594
26.0,484.0,34.38078655116608
26.0,485.0,34.74611383918945
26.0,486.0,35.13281118559269
26.0,487.0,35.541973377993166
26.0,488.0,35.974737717753484
26.0,489.0,36.43228276910421
26.0,490.0,36.91582583735606
26.0,491.0,37.42662013252776
26.0,492.0,37.96595037270357
26.0,493.0,38.53512774545264
26.0,494.0,39.135482948687894
26.0,495.0,39.76835819069329
26.0,496.0,40.435096844953456
26.0,497.0,41.137031610125916
26.0,498.0,41.87546986556613
26.0,499.0,42.651677069837255
26.0,500.0,43.46685692979249
26.0,501.0,44.322129237875366
26.0,502.0,45.21850421626043
26.0,503.0,46.15685440422922
26.0,504.0,47.13788315015507
26.0,505.0,48.16209100907134
26.0,506.0,49.22973947402799
26.0,507.0,50.34081375363491
26.0,508.0,51.49498453643562
26.0,509.0,52.69157098486931
26.0,510.0,53.92950548954828
26.0,511.0,55.20730295782304
26.0,512.0,56.5230356600101
26.0,513.0,57.87431670647054
26.0,514.0,59.258293292618774
26.0,515.0,60.67165254430376
26.0,516.0,62.110640538238684
26.0,517.0,63.571096314060036
26.0,518.0,65.04850010083717
26.0,519.0,66.5380358500655
26.0,520.0,68.03466544415183
26.0,521.0,69.53321275624744
26.0,522.0,71.02845328400113
26.0,523.0,72.51520624044082
26.0,524.0,73.98842418076256
26.0,525.0,75.4432770141526
26.0,526.0,76.87522619117689
26.0,527.0,78.28008714037405
26.0,528.0,79.65407745892534
26.0,529.0,80.99385077916386
26.0,530.0,82.29651573739486
26.0,531.0,83.55964162342866
26.0,532.0,84.78125155676133
26.0,533.0,85.9598057159589
26.0,534.0,87.09417609695507
26.0,535.0,88.18361550011628
26.0,536.0,89.22772217515528
26.0,537.0,90.22640245740028
26.0,538.0,91.17983239857344
26.0,539.0,92.0884201276173
26.0,540.0,92.95276942094458
26.0,541.0,93.77364562097125
26.0,542.0,94.55194393570318
26.0,543.0,95.28866078098503
26.0,544.0,95.98486789665567
26.0,545.0,96.64168956836393
26.0,546.0,97.26028252825614
26.0,547.0,97.84181866287834
26.0,548.0,98.38747005454671
26.0,549.0,98.89839637032786
26.0,550.0,99.37573415108675
26.0,551.0,99.82058795440261
26.0,552.0,100.23402297166808
26.0,553.0,100.61705904011616
26.0,554.0,100.97066575767148
26.0,555.0,101.29575859840341
26.0,556.0,101.59319583041226
26.0,557.0,101.86377611129791
26.0,558.0,102.10823665618572
26.0,559.0,102.32725182647351
26.0,560.0,102.52143212345483
26.0,561.0,102.6913234019941
26.0,562.0,102.83740637272895
26.0,563.0,102.96009616899188
26.0,564.0,103.05974212664249
26.0,565.0,103.13662750881379
26.0,566.0,103.1909693996259
26.0,567.0,103.22291845055597
26.0,568.0,103.23255877642066
26.0,569.0,103.21990763334766
26.0,570.0,103.18491524651107
26.0,571.0,103.12746436677872
26.0,572.0,103.04736999359082
26.0,573.0,102.94437878908745
26.0,574.0,102.81816868983127
26.0,575.0,102.66834818708902
26.0,576.0,102.49445585126601
26.0,577.0,102.29595951846926
26.0,578.0,102.07225578503751
26.0,579.0,101.822669177143
26.0,580.0,101.54645171340778
26.0,581.0,101.24278218004528
26.0,582.0,100.91076591142412
26.0,583.0,100.54943435253877
26.0,584.0,100.15774527520286
26.0,585.0,99.73458288738088
26.0,586.0,99.27875879152415
26.0,587.0,98.7890130015641
26.0,588.0,98.26401606460381
26.0,589.0,97.70237147548234
26.0,590.0,97.10261952689889
26.0,591.0,96.46324177001708
26.0,592.0,95.78266733016233
26.0,593.0,95.05928024523769
26.0,594.0,94.29142917443887
26.0,595.0,93.47743863720746
26.0,596.0,92.61562322445091
26.0,597.0,91.7043039207668
26.0,598.0,90.74182804771617
26.0,599.0,89.72659190905674
26.0,600.0,88.65706766017716
26.0,601.0,87.53183335250208
26.0,602.0,86.34960758924652
26.0,603.0,85.10928749337948
26.0,604.0,83.8099911894212
26.0,605.0,82.45110308027752
26.0,606.0,81.03232269362634
26.0,607.0,79.55371476152128
26.0,608.0,78.01576068616326
26.0,609.0,76.41940827757375
26.0,610.0,74.76611919122102
26.0,611.0,73.05791017146223
26.0,612.0,71.29738693542775
26.0,613.0,69.48776633381964
26.0,614.0,67.63288553887588
26.0,615.0,65.73719415024009
26.0,616.0,63.80572879223979
26.0,617.0,61.844067386747646
26.0,618.0,59.858264557993316
26.0,619.0,57.85476759704893
26.0,620.0,55.840316999108666
26.0,621.0,53.82183350139837
26.0,622.0,51.80629791386517
26.0,623.0,49.80062733371626
26.0,624.0,47.811554970377195
26.0,625.0,45.8455171464822
26.0,626.0,43.90855381779927
26.0,627.0,42.00622446358453
26.0,628.0,40.14354346193381
26.0,629.0,38.32493425071333
26.0,630.0,36.55420388246225
26.0,631.0,34.834534979644815
26.0,632.0,33.16849486618054
26.0,633.0,31.558057537741583
26.0,634.0,30.004637473659635
26.0,635.0,28.509130648468147
26.0,636.0,27.071961880169145
26.0,637.0,25.693134292761865
26.0,638.0,24.37228067306748
26.0,639.0,23.108713229753487
26.0,640.0,21.90147230860009
26.0,641.0,20.749371300772637
26.0,642.0,19.651038968345986
26.0,643.0,18.60495699280408
26.0,644.0,17.609494445983444
26.0,645.0,16.66293736081121
26.0,646.0,15.763515383590029
26.0,647.0,14.909423887674091
26.0,648.0,14.098843663038021
26.0,649.0,13.329956644982566
26.0,650.0,12.600959830471043
26.0,651.0,11.910075857164657
26.0,652.0,11.255562371070173
26.0,653.0,10.635718633870223
26.0,654.0,10.048891446034757
26.0,655.0,9.49347880014245
26.0,656.0,8.967933281323765
26.0,657.0,8.470763593165712
26.0,658.0,8.000536166949647
26.0,659.0,7.555875203456716
26.0,660.0,7.135463050517488
26.0,661.0,6.738039245770177
26.0,662.0,6.362400078620389
26.0,663.0,6.007396990587921
26.0,664.0,5.671935624000982
26.0,665.0,5.354973836572482
26.0,666.0,5.055520451947691
26.0,667.0,4.772633069520439
26.0,668.0,4.505416666762642
26.0,669.0,4.253021329315519
26.0,670.0,4.0146408072200765
26.0,671.0,3.7895102495900383
26.0,672.0,3.576904782340118
26.0,673.0,3.376137302532016
26.0,674.0,3.1865571206045185
26.0,675.0,3.007547848796034
26.0,676.0,2.838526133585927
26.0,677.0,2.6789396581352114
26.0,678.0,2.528265978651222
26.0,679.0,2.38601065082166
26.0,680.0,2.2517061756242334
26.0,681.0,2.124910252979472
26.0,682.0,2.005204837049278
26.0,683.0,1.8921945158674984
26.0,684.0,1.7855056726118421
26.0,685.0,1.684784987113135
26.0,686.0,1.5896986973712013
26.0,687.0,1.4999312171091999
26.0,688.0,1.4151844905256976
26.0,689.0,1.3351767191030774
26.0,690.0,1.2596418019526976
26.0,691.0,1.1883281646596768
26.0,692.0,1.1209982773781482
26.0,693.0,1.05742757842416
26.0,694.0,0.9974040623668041
26.0,695.0,0.940727291243386
26.0,696.0,0.887208045166331
26.0,697.0,0.8366674143437385
26.0,698.0,0.7889365051091407
26.0,699.0,0.7438556063258184
26.0,700.0,0.7012739441964954
26.0,701.0,0.6610489170697117
26.0,702.0,0.6230458928648768
26.0,703.0,0.5871375067551629
26.0,704.0,0.5532034955266372
26.0,705.0,0.5211300530655015
26.0,706.0,0.4908096964428149
26.0,707.0,0.4621406745720367
26.0,708.0,0.43502686126320306
26.0,709.0,0.40937721283186823
26.0,710.0,0.38510568379249005
26.0,711.0,0.36213072958747233
26.0,712.0,0.3403752409856464
26.0,713.0,0.3197660884579088
26.0,714.0,0.30023407171160627
26.0,715.0,0.281713502566485
26.0,716.0,0.26414216638930593
26.0,717.0,0.2474609406207261
26.0,718.0,0.231613765177222
26.0,719.0,0.21654729404701878
26.0,720.0,0.20221087199953047
26.0,721.0,0.18855621690783622
26.0,722.0,0.1755374003508057
26.0,723.0,0.16311055853239495
26.0,724.0,0.15123387458001075
26.0,725.0,0.13986731611864922
26.0,726.0,0.1289726172624924
26.0,727.0,0.11851304106621925
26.0,728.0,0.10845335937692206
26.0,729.0,0.09875963852728717
26.0,730.0,0.089399215363178
26.0,731.0,0.08034050466521502
26.0,732.0,0.07155296979518627
26.0,733.0,0.06300695043511541
26.0,734.0,0.05467362640428183
26.0,735.0,0.0465248643892614
26.0,736.0,0.03853317357386255
26.0,737.0,0.030671570100804513
26.0,738.0,0.022913523230236224
26.0,739.0,0.015232836324459898
26.0,740.0,0.0076035823076612856
26.0,741.0,0.0
27.0,0.0,0.0
27.0,1.0,0.002492530885785872
27.0,2.0,0.004993478695404809
27.0,3.0,0.007511287429795935
27.0,4.0,0.010054459958258778
27.0,5.0,0.012631580758401754
27.0,6.0,0.015251352798642532
27.0,7.0,0.017922616322759842
27.0,8.0,0.020654391205722912
27.0,9.0,0.02345589217430586
27.0,10.0,0.026336577028245975
27.0,11.0,0.029306158703108914
27.0,12.0,0.03237465976372875
27.0,13.0,0.03555242173542532
27.0,14.0,0.03885016629682437
27.0,15.0,0.042279002330829596
27.0,16.0,0.0458504942694641
27.0,17.0,0.0495766673469407
27.0,18.0,0.053470083580360116
27.0,19.0,0.05754384574410055
27.0,20.0,0.06181168150735109
27.0,21.0,0.06628794669219328
27.0,22.0,0.07098771813237652
27.0,23.0,0.07592679682726255
27.0,24.0,0.0811218101363304
27.0,25.0,0.08659021549799545
27.0,26.0,0.0923504126314512
27.0,27.0,0.09842174855366456
27.0,28.0,0.10482464052470931
27.0,29.0,0.1115805831683731
27.0,30.0,0.11871228296947905
27.0,31.0,0.12624366838387532
27.0,32.0,0.1342000367766871
27.0,33.0,0.14260806849626995
27.0,34.0,0.15149598723109017
27.0,35.0,0.16089357911964894
27.0,36.0,0.17083236760078785
27.0,37.0,0.18134563873755397
27.0,38.0,0.19246863174093934
27.0,39.0,0.20423857179975652
27.0,40.0,0.2166948775705273
27.0,41.0,0.2298792029267971
27.0,42.0,0.2438356628269004
27.0,43.0,0.2586108855232122
27.0,44.0,0.274254258342845
27.0,45.0,0.2908179920276001
27.0,46.0,0.3083573880871729
27.0,47.0,0.32693091707017596
27.0,48.0,0.3466005092704363
27.0,49.0,0.36743164885269775
27.0,50.0,0.38949368980318666
27.0,51.0,0.4128599679421566
27.0,52.0,0.4376081441001442
27.0,53.0,0.463820336131521
27.0,54.0,0.4915834913536338
27.0,55.0,0.5209895407141977
27.0,56.0,0.552135802531934
27.0,57.0,0.5851251609424325
27.0,58.0,0.6200665028981794
27.0,59.0,0.6570749228896362
27.0,60.0,0.696272194961055
27.0,61.0,0.7377870054304722
27.0,62.0,0.7817554613019698
27.0,63.0,0.8283213522272427
27.0,64.0,0.877636696071263
27.0,65.0,0.9298620305825919
27.0,66.0,0.9851669958965331
27.0,67.0,1.043730655192968
27.0,68.0,1.1057421124606193
27.0,69.0,1.171400859658348
27.0,70.0,1.2409174259278632
27.0,71.0,1.3145137462181185
27.0,72.0,1.39242383506747
27.0,73.0,1.4748941680065555
27.0,74.0,1.5621843686943748
27.0,75.0,1.654567589291145
27.0,76.0,1.7523311936768462
27.0,77.0,1.855777115869117
27.0,78.0,1.9652225136950274
27.0,79.0,2.0810000745629895
27.0,80.0,2.20345860256356
27.0,81.0,2.3329632276736434
27.0,82.0,2.469895873937871
27.0,83.0,2.614655310526709
27.0,84.0,2.7676574283814688
27.0,85.0,2.9293350484230674
27.0,86.0,3.1001379078028424
27.0,87.0,3.280532111012119
27.0,88.0,3.4709996938749
27.0,89.0,3.6720375668269125
27.0,90.0,3.8841564849413985
27.0,91.0,4.107879289806196
27.0,92.0,4.343739068687222
27.0,93.0,4.59227645499187
27.0,94.0,4.854036713585311
27.0,95.0,5.129565816408694
27.0,96.0,5.4194061533539815
27.0,97.0,5.724091071996032
27.0,98.0,6.0441389011759465
27.0,99.0,6.380045653614788
27.0,100.0,6.732277089326576
27.0,101.0,7.101259359522167
27.0,102.0,7.487368966956197
27.0,103.0,7.8909213212969584
27.0,104.0,8.312158718455454
27.0,105.0,8.75123712590901
27.0,106.0,9.208212742003981
27.0,107.0,9.68302786146202
27.0,108.0,10.175497194538437
27.0,109.0,10.685294352568706
27.0,110.0,11.21193983708306
27.0,111.0,11.754790409849218
27.0,112.0,12.313031317709976
27.0,113.0,12.885671319168903
27.0,114.0,13.471541979665071
27.0,115.0,14.069301063413176
27.0,116.0,14.677441253869294
27.0,117.0,15.294303663615242
27.0,118.0,15.91809688557305
27.0,119.0,16.546920471138776
27.0,120.0,17.178792968008523
27.0,121.0,17.811682791785966
27.0,122.0,18.443541529648726
27.0,123.0,19.072337551050847
27.0,124.0,19.696089311223623
27.0,125.0,20.312896222502395
27.0,126.0,20.920966691654392
27.0,127.0,21.518641597446347
27.0,128.0,22.10441334102408
27.0,129.0,22.67693935493538
27.0,130.0,23.235050822417165
27.0,131.0,23.777756068064374
27.0,132.0,24.304239851572333
27.0,133.0,24.81385839282204
27.0,134.0,25.306131594818687
27.0,135.0,25.780732411880116
27.0,136.0,26.2374748364696
27.0,137.0,26.676300382504536
27.0,138.0,27.097264401830934
27.0,139.0,27.500521947073143
27.0,140.0,27.886314327828213
27.0,141.0,28.254955892873635
27.0,142.0,28.606822005937616
27.0,143.0,28.942337597447754
27.0,144.0,29.261967120839437
27.0,145.0,29.566205192281537
27.0,146.0,29.855568649538547
27.0,147.0,30.13058924979192
27.0,148.0,30.39180768812449
27.0,149.0,30.639768131783686
27.0,150.0,30.87501392537072
27.0,151.0,31.09808366024627
27.0,152.0,31.309508253533824
27.0,153.0,31.50980824155556
27.0,154.0,31.699491932013864
27.0,155.0,31.87905363795198
27.0,156.0,32.048972640087456
27.0,157.0,32.20971212121109
27.0,158.0,32.36171872173855
27.0,159.0,32.50542198090331
27.0,160.0,32.64123431378572
27.0,161.0,32.76955080850202
27.0,162.0,32.89074949282619
27.0,163.0,33.005191373070694
27.0,164.0,33.11322089144132
27.0,165.0,33.21516612187213
27.0,166.0,33.31133934552276
27.0,167.0,33.40203734198745
27.0,168.0,33.4875420306552
27.0,169.0,33.5681208134177
27.0,170.0,33.644027244999066
27.0,171.0,33.71550139658943
27.0,172.0,33.78277052973401
27.0,173.0,33.846049460187764
27.0,174.0,33.905541218435914
27.0,175.0,33.961437400325785
27.0,176.0,34.01391880352072
27.0,177.0,34.06315575679051
27.0,178.0,34.10930872627659
27.0,179.0,34.152528619243704
27.0,180.0,34.19295735742679
27.0,181.0,34.23072815397869
27.0,182.0,34.26596605374411
27.0,183.0,34.29878818440303
27.0,184.0,34.32930426555712
27.0,185.0,34.35761683691576
27.0,186.0,34.38382173980308
27.0,187.0,34.408008326850585
27.0,188.0,34.43025992110041
27.0,189.0,34.45065401318933
27.0,190.0,34.46926270473824
27.0,191.0,34.48615290050671
27.0,192.0,34.50138674425123
27.0,193.0,34.515021814781626
27.0,194.0,34.5271115638683
27.0,195.0,34.537705526397374
27.0,196.0,34.54684977098023
27.0,197.0,34.55458713515135
27.0,198.0,34.560957699627366
27.0,199.0,34.56599905912623
27.0,200.0,34.569746829990066
27.0,201.0,34.572234964816495
27.0,202.0,34.57349629933473
27.0,203.0,34.57356291343374
27.0,204.0,34.57246671548893
27.0,205.0,34.570239842286675
27.0,206.0,34.566915266331556
27.0,207.0,34.56252721183955
27.0,208.0,34.557111752748426
27.0,209.0,34.55070720211631
27.0,210.0,34.543354647573075
27.0,211.0,34.535098250632075
27.0,212.0,34.52598564747167
27.0,213.0,34.51606808004575
27.0,214.0,34.50540058229198
27.0,215.0,34.494041866624435
27.0,216.0,34.48205422927761
27.0,217.0,34.469503142972634
27.0,218.0,34.4564568564185
27.0,219.0,34.442985698207345
27.0,220.0,34.42916140968561
27.0,221.0,34.415056234331196
27.0,222.0,34.40074209103291
27.0,223.0,34.38628958253905
27.0,224.0,34.37176716026176
27.0,225.0,34.35724020885869
27.0,226.0,34.342770353613986
27.0,227.0,34.3284147546026
27.0,228.0,34.31422566349108
27.0,229.0,34.30025000125639
27.0,230.0,34.28652920329237
27.0,231.0,34.27309908531449
27.0,232.0,34.2599899513325
27.0,233.0,34.24722669796316
27.0,234.0,34.23482911837955
27.0,235.0,34.22281216789654
27.0,236.0,34.21118638325415
27.0,237.0,34.199958230489514
27.0,238.0,34.1891305665595
27.0,239.0,34.17870300497819
27.0,240.0,34.16867236548379
27.0,241.0,34.15903301358953
27.0,242.0,34.14977726483314
27.0,243.0,34.14089567406151
27.0,244.0,34.13237737845603
27.0,245.0,34.12421032753609
27.0,246.0,34.11638156166929
27.0,247.0,34.10887738370524
27.0,248.0,34.10168357722678
27.0,249.0,34.094785526181546
27.0,250.0,34.0881683808236
27.0,251.0,34.08181713396544
27.0,252.0,34.07571674368297
27.0,253.0,34.06985217507344
27.0,254.0,34.064208488430815
27.0,255.0,34.05877085459141
27.0,256.0,34.053524616199525
27.0,257.0,34.04845528347079
27.0,258.0,34.043548574841736
27.0,259.0,34.03879039864702
27.0,260.0,34.034166878151055
27.0,261.0,34.0296643234094
27.0,262.0,34.0252692445435
27.0,263.0,34.02096831701978
27.0,264.0,34.01674838609453
27.0,265.0,34.01259642791477
27.0,266.0,34.00849954733079
27.0,267.0,34.00444493658936
27.0,268.0,34.00041986816687
27.0,269.0,33.99641165236565
27.0,270.0,33.99240762643745
27.0,271.0,33.98839511208318
27.0,272.0,33.98436140189263
27.0,273.0,33.98029371756846
27.0,274.0,33.976179194587644
27.0,275.0,33.97200484190941
27.0,276.0,33.96775752575883
27.0,277.0,33.96342393163157
27.0,278.0,33.958990548210224
27.0,279.0,33.95444363265028
27.0,280.0,33.94976919587332
27.0,281.0,33.94495297242034
27.0,282.0,33.93998040873879
27.0,283.0,33.934836639340574
27.0,284.0,33.92950648023332
27.0,285.0,33.92397441374436
27.0,286.0,33.918224589964964
27.0,287.0,33.91224082342083
27.0,288.0,33.90600660632005
27.0,289.0,33.89950512127645
27.0,290.0,33.89271927127623
27.0,291.0,33.88563171387427
27.0,292.0,33.878224914076554
27.0,293.0,33.87048120674999
27.0,294.0,33.86238287992913
27.0,295.0,33.85391227341705
27.0,296.0,33.84505190109654
27.0,297.0,33.83578459448659
27.0,298.0,33.826093672986836
27.0,299.0,33.81596314087334
27.0,300.0,33.80537791326266
27.0,301.0,33.79432407275471
27.0,302.0,33.78278915518934
27.0,303.0,33.77076246666497
27.0,304.0,33.758235425590776
27.0,305.0,33.745201930857945
27.0,306.0,33.73165874414985
27.0,307.0,33.71760588484941
27.0,308.0,33.703047018887034
27.0,309.0,33.687989836263085
27.0,310.0,33.67244639184968
27.0,311.0,33.65643340070269
27.0,312.0,33.639972457499624
27.0,313.0,33.62309017031038
27.0,314.0,33.60581817766829
27.0,315.0,33.58819304327511
27.0,316.0,33.570256003413604
27.0,317.0,33.552052572370144
27.0,318.0,33.5336319943007
27.0,319.0,33.51504656350864
27.0,320.0,33.49635081914975
27.0,321.0,33.477600653782225
27.0,322.0,33.45885235719615
27.0,323.0,33.440161646062556
27.0,324.0,33.42158270731791
27.0,325.0,33.40316730527607
27.0,326.0,33.38496397499285
27.0,327.0,33.36701733964992
27.0,328.0,33.34936756016849
27.0,329.0,33.33204993624621
27.0,330.0,33.31509465057791
27.0,331.0,33.298526657629615
27.0,332.0,33.2823656965387
27.0,333.0,33.26662641733619
27.0,334.0,33.25131859518408
27.0,335.0,33.236447416430394
27.0,336.0,33.22201381311749
27.0,337.0,33.2080148294293
27.0,338.0,33.19444400307725
27.0,339.0,33.18129174718452
27.0,340.0,33.168545723877266
27.0,341.0,33.156191197335595
27.0,342.0,33.14421136576805
27.0,343.0,33.13258766104395
27.0,344.0,33.12130002289802
27.0,345.0,33.11032713573245
27.0,346.0,33.099646641426325
27.0,347.0,33.089235313828276
27.0,348.0,33.07906921410268
27.0,349.0,33.069123808894965
27.0,350.0,33.059374075849135
27.0,351.0,33.049794573687954
27.0,352.0,33.040359506670356
27.0,353.0,33.03104275509707
27.0,354.0,33.02181790712411
27.0,355.0,33.01265825741046
27.0,356.0,33.003536813634284
27.0,357.0,32.99442626976368
27.0,358.0,32.98529899332294
27.0,359.0,32.97612697845983
27.0,360.0,32.96688181875327
27.0,361.0,32.95753464406718
27.0,362.0,32.94805608261278
27.0,363.0,32.938416184607576
27.0,364.0,32.928584376458666
27.0,365.0,32.91852937351478
27.0,366.0,32.908219128633704
27.0,367.0,32.897620735827665
27.0,368.0,32.88670037511572
27.0,369.0,32.87542320861437
27.0,370.0,32.86375332345148
27.0,371.0,32.851653621846516
27.0,372.0,32.839085763984336
27.0,373.0,32.82601005387684
27.0,374.0,32.81238538448592
27.0,375.0,32.798169121694215
27.0,376.0,32.7833170546692
27.0,377.0,32.76778328114962
27.0,378.0,32.75152016712459
27.0,379.0,32.734478237943065
27.0,380.0,32.71660615293482
27.0,381.0,32.69785060867905
27.0,382.0,32.678156336336045
27.0,383.0,32.65746602589626
27.0,384.0,32.63572035686068
27.0,385.0,32.612857955576494
27.0,386.0,32.588815473641716
27.0,387.0,32.56352759464989
27.0,388.0,32.53692717941055
27.0,389.0,32.50894534364281
27.0,390.0,32.479511694805055
27.0,391.0,32.44855450841263
27.0,392.0,32.416001087741705
27.0,393.0,32.381778073102474
27.0,394.0,32.34581196228952
27.0,395.0,32.308029593372964
27.0,396.0,32.268358869167926
27.0,397.0,32.22672945808444
27.0,398.0,32.18307376767183
27.0,399.0,32.137327906706346
27.0,400.0,32.08943294719329
27.0,401.0,32.03933617953861
27.0,402.0,31.986992683864152
27.0,403.0,31.9323668827647
27.0,404.0,31.87543440498872
27.0,405.0,31.816183890579772
27.0,406.0,31.75461906732052
27.0,407.0,31.69076068715691
27.0,408.0,31.62464864744732
27.0,409.0,31.556343839119254
27.0,410.0,31.48593004051167
27.0,411.0,31.413515354277077
27.0,412.0,31.339233508008704
27.0,413.0,31.26324448447342
27.0,414.0,31.18573482487218
27.0,415.0,31.106917066131867
27.0,416.0,31.027028711299565
27.0,417.0,30.946330224286623
27.0,418.0,30.865102539021287
27.0,419.0,30.783643633952096
27.0,420.0,30.702264773074827
27.0,421.0,30.621286029056627
27.0,422.0,30.541031788890464
27.0,423.0,30.461825891729216
27.0,424.0,30.383987152799516
27.0,425.0,30.307824899918714
27.0,426.0,30.233635269445067
27.0,427.0,30.16169780789568
27.0,428.0,30.092273073122456
27.0,429.0,30.0256006705524
27.0,430.0,29.961898353436073
27.0,431.0,29.901361517013058
27.0,432.0,29.844163670488143
27.0,433.0,29.790457140852705
27.0,434.0,29.740374582427158
27.0,435.0,29.694030505753528
27.0,436.0,29.651523422206196
27.0,437.0,29.61293780458671
27.0,438.0,29.57834650297267
27.0,439.0,29.547812816440686
27.0,440.0,29.521392910252775
27.0,441.0,29.4991377819453
27.0,442.0,29.48109551454581
27.0,443.0,29.467313019094544
27.0,444.0,29.45783804728309
27.0,445.0,29.452720668755184
27.0,446.0,29.45201502955193
27.0,447.0,29.45578057261233
27.0,448.0,29.464083566537006
27.0,449.0,29.476998105403137
27.0,450.0,29.49460745118051
27.0,451.0,29.517004860616677
27.0,452.0,29.54429479055336
27.0,453.0,29.576593601239974
27.0,454.0,29.614030672170166
27.0,455.0,29.65674902733609
27.0,456.0,29.704906403826556
27.0,457.0,29.75867583827285
27.0,458.0,29.818246723666864
27.0,459.0,29.883825389321547
27.0,460.0,29.955636174429696
27.0,461.0,30.033922027107828
27.0,462.0,30.11894561663253
27.0,463.0,30.210989970802384
27.0,464.0,30.310359642600208
27.0,465.0,30.417381399073317
27.0,466.0,30.532405452129137
27.0,467.0,30.655806206048364
27.0,468.0,30.787983555790515
27.0,469.0,30.929363693603275
27.0,470.0,31.080400471005387
27.0,471.0,31.241576257076073
27.0,472.0,31.413403351455088
27.0,473.0,31.59642487696119
27.0,474.0,31.791216219578445
27.0,475.0,31.998385925028106
27.0,476.0,32.21857712663888
27.0,477.0,32.45246839808666
27.0,478.0,32.700775109826445
27.0,479.0,32.96425016680602
27.0,480.0,33.24368520698152
27.0,481.0,33.53991112143897
27.0,482.0,33.853798972285404
27.0,483.0,34.18626015098136
27.0,484.0,34.53824684518028
27.0,485.0,34.91075163671289
27.0,486.0,35.30480728530321
27.0,487.0,35.72148549829432
27.0,488.0,36.16189572172316
27.0,489.0,36.62718272831653
27.0,490.0,37.11852401297118
27.0,491.0,37.63712574511748
27.0,492.0,38.18421825972253
27.0,493.0,38.76104981126926
27.0,494.0,39.36887954337013
27.0,495.0,40.00896837984651
27.0,496.0,40.68256876788596
27.0,497.0,41.39091197698954
27.0,498.0,42.13519388185495
27.0,499.0,42.91655796290814
27.0,500.0,43.73607648870406
27.0,501.0,44.59472869831222
27.0,502.0,45.49337704751919
27.0,503.0,46.432740502582575
27.0,504.0,47.41336613520116
27.0,505.0,48.435598273151555
27.0,506.0,49.499546757323444
27.0,507.0,50.60505394049348
27.0,508.0,51.75166236963713
27.0,509.0,52.938583239733155
27.0,510.0,54.16466797529411
27.0,511.0,55.42838344365154
27.0,512.0,56.727793445702524
27.0,513.0,58.060547182251895
27.0,514.0,59.423877293989015
27.0,515.0,60.814607925978144
27.0,516.0,62.22917483229975
27.0,517.0,63.663657144077966
27.0,518.0,65.1138216588455
27.0,519.0,66.57517795988245
27.0,520.0,68.04304373951948
27.0,521.0,69.5126172360299
27.0,522.0,70.97905487182399
27.0,523.0,72.43755010175651
27.0,524.0,73.88341102673478
27.0,525.0,75.31213281638628
27.0,526.0,76.71946295841396
27.0,527.0,78.10145634907794
27.0,528.0,79.45451945868224
27.0,529.0,80.77544205529266
27.0,530.0,82.06141713461756
27.0,531.0,83.31004892349952
27.0,532.0,84.51935069290606
27.0,533.0,85.68773314492255
27.0,534.0,86.81398562254414
27.0,535.0,87.89725122316457
27.0,536.0,88.93699804303014
27.0,537.0,89.9329875082572
27.0,538.0,90.88524166137061
27.0,539.0,91.794010011299
27.0,540.0,92.65973733293157
27.0,541.0,93.48303263951561
27.0,542.0,94.26464025499342
27.0,543.0,95.00541289611401
27.0,544.0,95.70628732695222
27.0,545.0,96.36826229183202
27.0,546.0,96.99237903265814
27.0,547.0,97.5797039972847
27.0,548.0,98.13131387918553
27.0,549.0,98.64828257622045
27.0,550.0,99.13167010729305
27.0,551.0,99.58251310952797
27.0,552.0,100.00181689263783
27.0,553.0,100.39054873927682
27.0,554.0,100.74963238637932
27.0,555.0,101.07994345800815
27.0,556.0,101.38230575104105
27.0,557.0,101.65748823163679
27.0,558.0,101.90620261088395
27.0,559.0,102.12910144520333
27.0,560.0,102.32677659407742
27.0,561.0,102.4997580659239
27.0,562.0,102.6485130445605
27.0,563.0,102.77344520905775
27.0,564.0,102.87489409488745
27.0,565.0,102.9531346879138
27.0,566.0,103.00837695071532
27.0,567.0,103.04076554877697
27.0,568.0,103.05037942455702
27.0,569.0,103.03723156084052
27.0,570.0,103.00126852774419
27.0,571.0,102.94237022721421
27.0,572.0,102.86034937450158
27.0,573.0,102.75495120211122
27.0,574.0,102.6258528704957
27.0,575.0,102.47266314252994
27.0,576.0,102.2949217513978
27.0,577.0,102.09209909102678
27.0,578.0,101.86359560557491
27.0,579.0,101.6087415804822
27.0,580.0,101.32679666096628
27.0,581.0,101.01694987590888
27.0,582.0,100.6783194459414
27.0,583.0,100.30995323199691
27.0,584.0,99.91082906069438
27.0,585.0,99.47985586483901
27.0,586.0,99.01587483856939
27.0,587.0,98.51766163175627
27.0,588.0,97.98392875257609
27.0,589.0,97.4133292935312
27.0,590.0,96.80446112522414
27.0,591.0,96.1558727669918
27.0,592.0,95.46607005814606
27.0,593.0,94.73352493245817
27.0,594.0,93.95668539817632
27.0,595.0,93.13398811211403
27.0,596.0,92.26387261795573
27.0,597.0,91.34479870237291
27.0,598.0,90.37526587951916
27.0,599.0,89.3538364805663
27.0,600.0,88.27916124645695
27.0,601.0,87.15000885168674
27.0,602.0,85.96529805860605
27.0,603.0,84.72413377327581
27.0,604.0,83.42584538164576
27.0,605.0,82.07002834029961
27.0,606.0,80.65658693500939
27.0,607.0,79.18577873767941
27.0,608.0,77.65825808240155
27.0,609.0,76.07511855219056
27.0,610.0,74.43793117241113
27.0,611.0,72.74877781328834
27.0,612.0,71.01027603964387
27.0,613.0,69.22559471959609
27.0,614.0,67.39845662402864
27.0,615.0,65.53312773068193
27.0,616.0,63.63439017499033
27.0,617.0,61.70749974284445
27.0,618.0,59.758126328833676
27.0,619.0,57.792280090282134
27.0,620.0,55.816223639204196
27.0,621.0,53.836374951375696
27.0,622.0,51.85920298754994
27.0,623.0,49.89112198702804
27.0,624.0,47.938387069969544
27.0,625.0,46.006997134752794
27.0,626.0,44.10260699306846
27.0,627.0,42.23045350021139
27.0,628.0,40.395295918065294
27.0,629.0,38.601373371440985
27.0,630.0,36.85237766452401
27.0,631.0,35.1514425348865
27.0,632.0,33.501146078396644
27.0,633.0,31.903526292872716
27.0,634.0,30.360105711743653
27.0,635.0,28.87192472489324
27.0,636.0,27.439579512830402
27.0,637.0,26.063264433132076
27.0,638.0,24.74281519207023
27.0,639.0,23.477753180270096
27.0,640.0,22.267327879339035
27.0,641.0,21.110558307597483
27.0,642.0,20.006270954166844
27.0,643.0,18.953135662973757
27.0,644.0,17.949697331784574
27.0,645.0,16.99440523381547
27.0,646.0,16.085638098688708
27.0,647.0,15.221726965627303
27.0,648.0,14.400974095945445
27.0,649.0,13.6216700544604
27.0,650.0,12.882107311608932
27.0,651.0,12.180592499970594
27.0,652.0,11.515455689690189
27.0,653.0,10.88505879780017
27.0,654.0,10.287801482079415
27.0,655.0,9.72212659406018
27.0,656.0,9.18652351822381
27.0,657.0,8.679531423089218
27.0,658.0,8.199740727767624
27.0,659.0,7.745794759551406
27.0,660.0,7.31638988781124
27.0,661.0,6.910276061843705
27.0,662.0,6.526256026846253
27.0,663.0,6.1631851011081835
27.0,664.0,5.819969785046074
27.0,665.0,5.495567043946801
27.0,666.0,5.188982538556878
27.0,667.0,4.89926960689497
27.0,668.0,4.625527281171427
27.0,669.0,4.366899106683964
27.0,670.0,4.122571061666898
27.0,671.0,3.891770309691872
27.0,672.0,3.6737631032198035
27.0,673.0,3.4678535352269924
27.0,674.0,3.2733814809528523
27.0,675.0,3.0897213920989914
27.0,676.0,2.9162803122211356
27.0,677.0,2.7524967407395398
27.0,678.0,2.597838743783502
27.0,679.0,2.4518029037935714
27.0,680.0,2.313912537979821
27.0,681.0,2.1837167412586567
27.0,682.0,2.0607887177624553
27.0,683.0,1.9447249193107001
27.0,684.0,1.8351434908096165
27.0,685.0,1.7316835027204591
27.0,686.0,1.6340035081217308
27.0,687.0,1.541780865198931
27.0,688.0,1.454710401773776
27.0,689.0,1.3725038223271888
27.0,690.0,1.2948884746114866
27.0,691.0,1.221606834860098
27.0,692.0,1.1524153704582316
27.0,693.0,1.0870840965912067
27.0,694.0,1.0253955286885783
27.0,695.0,0.9671443036750692
27.0,696.0,0.9121362159010299
27.0,697.0,0.860187896282597
27.0,698.0,0.8111259256003817
27.0,699.0,0.7647865650746332
27.0,700.0,0.7210149411916456
27.0,701.0,0.6796648216025919
27.0,702.0,0.6405978659789231
27.0,703.0,0.6036834415128096
27.0,704.0,0.5687979346775182
27.0,705.0,0.5358246010169216
27.0,706.0,0.5046529330727869
27.0,707.0,0.47517853956258527
27.0,708.0,0.44730256511799305
27.0,709.0,0.4209315943521283
27.0,710.0,0.39597711942252944
27.0,711.0,0.3723554648730339
27.0,712.0,0.34998729938379153
27.0,713.0,0.32879757763439427
27.0,714.0,0.308715092929358
27.0,715.0,0.28967243266503945
27.0,716.0,0.27160556881952097
27.0,717.0,0.25445382391504034
27.0,718.0,0.23815949663560648
27.0,719.0,0.22266783545885807
27.0,720.0,0.20792669691312435
27.0,721.0,0.19388652430824788
27.0,722.0,0.18050003636681852
27.0,723.0,0.16772220871339835
27.0,724.0,0.15550999081327005
27.0,725.0,0.14382228808479897
27.0,726.0,0.13261970525438913
27.0,727.0,0.12186452713865066
27.0,728.0,0.11152048667756326
27.0,729.0,0.10155274259295473
27.0,730.0,0.09192767049434383
27.0,731.0,0.08261283575921856
27.0,732.0,0.07357680621881653
27.0,733.0,0.06478911872498716
27.0,734.0,0.05622011201731922
27.0,735.0,0.04784088554203899
27.0,736.0,0.0396231511783421
27.0,737.0,0.03153918295775174
27.0,738.0,0.02356168638704719
27.0,739.0,0.01566373778257381
27.0,740.0,0.00781866997042519
27.0,741.0,0.0
28.0,0.0,0.0
28.0,1.0,0.002557333626392081
28.0,2.0,0.0051233018557058
28.0,3.0,0.007706569430344979
28.0,4.0,0.010315856727779774
28.0,5.0,0.012959974929292939
28.0,6.0,0.01564784725940583
28.0,7.0,0.018388549571817916
28.0,8.0,0.021191327727749943
28.0,9.0,0.0240656439945306
28.0,10.0,0.027021190970302384
28.0,11.0,0.030067944203269057
28.0,12.0,0.03321617308773621
28.0,13.0,0.03647650012974914
28.0,14.0,0.039859909262290515
28.0,15.0,0.04337781220607725
28.0,16.0,0.04704205468012422
28.0,17.0,0.050864990335040564
28.0,18.0,0.0548594853693424
28.0,19.0,0.05903900054694222
28.0,20.0,0.06341759476984142
28.0,21.0,0.06801001573192066
28.0,22.0,0.07283170304527635
28.0,23.0,0.07789888812919694
28.0,24.0,0.083228597540753
28.0,25.0,0.08883876275129238
28.0,26.0,0.09474822439227455
28.0,27.0,0.10097685263203489
28.0,28.0,0.10754555311556559
28.0,29.0,0.11447639872194276
28.0,30.0,0.12179263805203781
28.0,31.0,0.12951883942204728
28.0,32.0,0.13768090283610326
28.0,33.0,0.14630621715384412
28.0,34.0,0.15542367657554354
28.0,35.0,0.16506385201145457
28.0,36.0,0.17525901320511256
28.0,37.0,0.18604331542881408
28.0,38.0,0.19745282847551693
28.0,39.0,0.2095257399073879
28.0,40.0,0.22230239225705062
28.0,41.0,0.23582550416313844
28.0,42.0,0.25014021723562596
28.0,43.0,0.2652943365213847
28.0,44.0,0.28133838860305466
28.0,45.0,0.2983258829451617
28.0,46.0,0.31631338290712724
28.0,47.0,0.33536078962137256
28.0,48.0,0.3555314277024023
28.0,49.0,0.3768923533950722
28.0,50.0,0.39951445684439435
28.0,51.0,0.4234727963143328
28.0,52.0,0.4488467189347086
28.0,53.0,0.47572022281397713
28.0,54.0,0.5041820981832412
28.0,55.0,0.5343263191903597
28.0,56.0,0.566252207293062
28.0,57.0,0.6000648543989009
28.0,58.0,0.6358753101875869
28.0,59.0,0.6738010380141465
28.0,60.0,0.7139661275210347
28.0,61.0,0.7565017842993738
28.0,62.0,0.8015465686247658
28.0,63.0,0.8492469192046727
28.0,64.0,0.8997574180580427
28.0,65.0,0.9532413476728876
28.0,66.0,1.0098709808412716
28.0,67.0,1.0698281690855644
28.0,68.0,1.1333046545133458
28.0,69.0,1.2005026852780298
28.0,70.0,1.2716353440422026
28.0,71.0,1.346927183299482
28.0,72.0,1.4266145615790646
28.0,73.0,1.51094628738462
28.0,74.0,1.6001839495116637
28.0,75.0,1.6946025527869626
28.0,76.0,1.7944908223876468
28.0,77.0,1.9001518070245325
28.0,78.0,2.0119031284284716
28.0,79.0,2.1300775175404985
28.0,80.0,2.255022968741734
28.0,81.0,2.387103161319535
28.0,82.0,2.5266974628508523
28.0,83.0,2.674201170971867
28.0,84.0,2.830025290846795
28.0,85.0,2.994596510380286
28.0,86.0,3.168356652301156
28.0,87.0,3.351762268963035
28.0,88.0,3.5452836400324292
28.0,89.0,3.7494038410781365
28.0,90.0,3.964617123853671
28.0,91.0,4.1914272773799235
28.0,92.0,4.430345191720002
28.0,93.0,4.681886294842532
28.0,94.0,4.946567067845658
28.0,95.0,5.224901312806335
28.0,96.0,5.517395367326435
28.0,97.0,5.824542950437984
28.0,98.0,6.14681883306506
28.0,99.0,6.4846720404950835
28.0,100.0,6.838517796360948
28.0,101.0,7.208728958429693
28.0,102.0,7.595626197411905
28.0,103.0,7.999467740241597
28.0,104.0,8.420438003730395
28.0,105.0,8.858636045268241
28.0,106.0,9.314063266714685
28.0,107.0,9.78661143505906
28.0,108.0,10.276050592510444
28.0,109.0,10.782018069967103
28.0,110.0,11.304008310420574
28.0,111.0,11.841364839379635
28.0,112.0,12.393274167798861
28.0,113.0,12.95876299843175
28.0,114.0,13.536698477584196
28.0,115.0,14.125792741742629
28.0,116.0,14.724611280057072
28.0,117.0,15.33158605240446
28.0,118.0,15.945032485803972
28.0,119.0,16.563170833562204
28.0,120.0,17.18415053405837
28.0,121.0,17.806077586283934
28.0,122.0,18.427043172096504
28.0,123.0,19.04515324317053
28.0,124.0,19.65855714310825
28.0,125.0,20.265474982640537
28.0,126.0,20.864221997980703
28.0,127.0,21.45322990928946
28.0,128.0,22.031063916363095
28.0,129.0,22.596435815669626
28.0,130.0,23.1482123617968
28.0,131.0,23.68541981269766
28.0,132.0,24.207244180084107
28.0,133.0,24.71302843403073
28.0,134.0,25.202266404196475
28.0,135.0,25.67459474811844
28.0,136.0,26.12978277253497
28.0,137.0,26.567721444326736
28.0,138.0,26.988411298119367
28.0,139.0,27.391950453996785
28.0,140.0,27.778522318461295
28.0,141.0,28.148384031745625
28.0,142.0,28.501855098049283
28.0,143.0,28.83930712496158
28.0,144.0,29.16115399831865
28.0,145.0,29.467843313637815
28.0,146.0,29.7598483155598
28.0,147.0,30.03766109543644
28.0,148.0,30.30178625660746
28.0,149.0,30.552735754858855
28.0,150.0,30.791024107076925
28.0,151.0,31.01716465305211
28.0,152.0,31.231666064038965
28.0,153.0,31.435029772939863
28.0,154.0,31.62774753057711
28.0,155.0,31.810299759427956
28.0,156.0,31.983153925498975
28.0,157.0,32.146763598869974
28.0,158.0,32.30156744200538
28.0,159.0,32.44798879578935
28.0,160.0,32.586435121208375
28.0,161.0,32.71729796506861
28.0,162.0,32.840952725996566
28.0,163.0,32.95775888599452
28.0,164.0,33.0680600012678
28.0,165.0,33.17218411279719
28.0,166.0,33.27044388693658
28.0,167.0,33.363137140112286
28.0,168.0,33.45054707366076
28.0,169.0,33.53294286506696
28.0,170.0,33.61057995674716
28.0,171.0,33.68370067961705
28.0,172.0,33.75253456721069
28.0,173.0,33.817298987566396
28.0,174.0,33.878199462930596
28.0,175.0,33.935430293649695
28.0,176.0,33.98917487037323
28.0,177.0,34.039606279428426
28.0,178.0,34.086887599445674
28.0,179.0,34.13117248205201
28.0,180.0,34.17260542862656
28.0,181.0,34.21132234346876
28.0,182.0,34.2474507892984
28.0,183.0,34.281110512640325
28.0,184.0,34.31241367898509
28.0,185.0,34.34146537222321
28.0,186.0,34.3683638122858
28.0,187.0,34.393200832237255
28.0,188.0,34.41606208287041
28.0,189.0,34.43702749264649
28.0,190.0,34.456171465214624
28.0,191.0,34.47356332882475
28.0,192.0,34.48926753408959
28.0,193.0,34.50334410075509
28.0,194.0,34.51584882413291
28.0,195.0,34.526833728038405
28.0,196.0,34.53634728896033
28.0,197.0,34.5444349042447
28.0,198.0,34.5511391428122
28.0,199.0,34.556500236744284
28.0,200.0,34.56055636556073
28.0,201.0,34.56334417649449
28.0,202.0,34.56489910514933
28.0,203.0,34.56525592402181
28.0,204.0,34.56444909486187
28.0,205.0,34.56251333559074
28.0,206.0,34.55948398827564
28.0,207.0,34.55539758126584
28.0,208.0,34.55029218169986
28.0,209.0,34.544207913561884
28.0,210.0,34.53718724720229
28.0,211.0,34.529275418441664
28.0,212.0,34.52052059435276
28.0,213.0,34.51097412943861
28.0,214.0,34.500690543868245
28.0,215.0,34.4897275576446
28.0,216.0,34.478145831878905
28.0,217.0,34.46600874671849
28.0,218.0,34.453381891538726
28.0,219.0,34.44033259692816
28.0,220.0,34.426929210865595
28.0,221.0,34.41324044910303
28.0,222.0,34.39933454652188
28.0,223.0,34.38527853533137
28.0,224.0,34.37113739399875
28.0,225.0,34.35697338027525
28.0,226.0,34.342845300025054
28.0,227.0,34.32880800436685
28.0,228.0,34.31491186738522
28.0,229.0,34.301202511467935
28.0,230.0,34.28772053061563
28.0,231.0,34.27450145387999
28.0,232.0,34.26157569965548
28.0,233.0,34.24896874246235
28.0,234.0,34.236701248164636
28.0,235.0,34.22478938435106
28.0,236.0,34.21324507188303
28.0,237.0,34.20207637409846
28.0,238.0,34.19128780299903
28.0,239.0,34.180880731462096
28.0,240.0,34.17085370545733
28.0,241.0,34.1612028388856
28.0,242.0,34.15192209950099
28.0,243.0,34.14300366197518
28.0,244.0,34.134438150045
28.0,245.0,34.126214936591666
28.0,246.0,34.11832233580369
28.0,247.0,34.11074784834392
28.0,248.0,34.10347830468552
28.0,249.0,34.09650005905917
28.0,250.0,34.08979908920435
28.0,251.0,34.08336114557743
28.0,252.0,34.077171814485816
28.0,253.0,34.071216629919604
28.0,254.0,34.065481107270614
28.0,255.0,34.059950824905336
28.0,256.0,34.05461143508573
28.0,257.0,34.04944872159007
28.0,258.0,34.04444859350432
28.0,259.0,34.03959712418153
28.0,260.0,34.03488053254044
28.0,261.0,34.03028520764154
28.0,262.0,34.0257976811641
28.0,263.0,34.02140464097429
28.0,264.0,34.017092897622916
28.0,265.0,34.01284938953008
28.0,266.0,34.00866114567606
28.0,267.0,34.00451528443574
28.0,268.0,34.00039897412219
28.0,269.0,33.99629942706456
28.0,270.0,33.99220385929525
28.0,271.0,33.988099481162806
28.0,272.0,33.98397345721645
28.0,273.0,33.97981289446774
28.0,274.0,33.97560480340843
28.0,275.0,33.971336084973075
28.0,276.0,33.96699349362222
28.0,277.0,33.96256362410939
28.0,278.0,33.958032877670945
28.0,279.0,33.95338744986793
28.0,280.0,33.94861330115314
28.0,281.0,33.94369614734986
28.0,282.0,33.9386214362258
28.0,283.0,33.933374342599706
28.0,284.0,33.92793975305569
28.0,285.0,33.92230226824806
28.0,286.0,33.91644619854955
28.0,287.0,33.91035557686377
28.0,288.0,33.904014168818655
28.0,289.0,33.89740550028629
28.0,290.0,33.89051288668661
28.0,291.0,33.88331948041302
28.0,292.0,33.87580832483065
28.0,293.0,33.86796242780804
28.0,294.0,33.859764846927675
28.0,295.0,33.851198796119625
28.0,296.0,33.842247769171145
28.0,297.0,33.83289568668633
28.0,298.0,33.8231270647296
28.0,299.0,33.81292720843475
28.0,300.0,33.802282430871976
28.0,301.0,33.79118029682168
28.0,302.0,33.77960989284761
28.0,303.0,33.76756211910947
28.0,304.0,33.755030004232225
28.0,305.0,33.742009033723726
28.0,306.0,33.72849749193285
28.0,307.0,33.714496802420605
28.0,308.0,33.70001186442515
28.0,309.0,33.68505136452551
28.0,310.0,33.669628058710934
28.0,311.0,33.65375899921011
28.0,312.0,33.63746570014292
28.0,313.0,33.6207742143919
28.0,314.0,33.603715117865804
28.0,315.0,33.586323376277804
28.0,316.0,33.568638097543456
28.0,317.0,33.550702153276156
28.0,318.0,33.53256168422863
28.0,319.0,33.51426548592812
28.0,320.0,33.4958643033438
28.0,321.0,33.47741004420433
28.0,322.0,33.45895495127666
28.0,323.0,33.44055075205557
28.0,324.0,33.422247830308734
28.0,325.0,33.40409443848534
28.0,326.0,33.386135990173194
28.0,327.0,33.368414443905316
28.0,328.0,33.35096780488767
28.0,329.0,33.33382974372445
28.0,330.0,33.31702934355411
28.0,331.0,33.30059096308282
28.0,332.0,33.28453421397477
28.0,333.0,33.2688740329602
28.0,334.0,33.25362083892106
28.0,335.0,33.23878075388215
28.0,336.0,33.224355874721816
28.0,337.0,33.210344577854954
28.0,338.0,33.196741843428036
28.0,339.0,33.1835395874874
28.0,340.0,33.17072698961817
28.0,341.0,33.15829081184533
28.0,342.0,33.146215696978146
28.0,343.0,33.1344844494888
28.0,344.0,33.12307828668042
28.0,345.0,33.11197706999432
28.0,346.0,33.10115950239973
28.0,347.0,33.090603307878425
28.0,348.0,33.08028537581085
28.0,349.0,33.07018189201985
28.0,350.0,33.060268435022046
28.0,351.0,33.05052006481514
28.0,352.0,33.04091137759904
28.0,353.0,33.03141655939184
28.0,354.0,33.022009406073984
28.0,355.0,33.01266334869618
28.0,356.0,33.0033514451364
28.0,357.0,32.99404638318421
28.0,358.0,32.98472044918482
28.0,359.0,32.97534551401359
28.0,360.0,32.96589298309737
28.0,361.0,32.95633376944591
28.0,362.0,32.946638228546185
28.0,363.0,32.93677612180709
28.0,364.0,32.92671653909717
28.0,365.0,32.91642785533869
28.0,366.0,32.9058776429378
28.0,367.0,32.895032623855876
28.0,368.0,32.8838585738782
28.0,369.0,32.87232027230538
28.0,370.0,32.860381399931796
28.0,371.0,32.848004488548966
28.0,372.0,32.835150814673376
28.0,373.0,32.82178035135723
28.0,374.0,32.80785166014266
28.0,375.0,32.793321848266864
28.0,376.0,32.77814646206863
28.0,377.0,32.76227945360416
28.0,378.0,32.7456730798516
28.0,379.0,32.728277884089955
28.0,380.0,32.71004260681534
28.0,381.0,32.690914189064145
28.0,382.0,32.670837703063164
28.0,383.0,32.649756387096524
28.0,384.0,32.62761160665907
28.0,385.0,32.60434293356803
28.0,386.0,32.579888151857105
28.0,387.0,32.554183397679644
28.0,388.0,32.527163228396766
28.0,389.0,32.49876084438297
28.0,390.0,32.468908244625574
28.0,391.0,32.43753655662435
28.0,392.0,32.404576306991196
28.0,393.0,32.3699578907123
28.0,394.0,32.333611989965654
28.0,395.0,32.295470218049516
28.0,396.0,32.255465722534495
28.0,397.0,32.21353404035296
28.0,398.0,32.16961392019229
28.0,399.0,32.123648420782494
28.0,400.0,32.075585978763236
28.0,401.0,32.02538176821135
28.0,402.0,31.97299901973263
28.0,403.0,31.91841063111175
28.0,404.0,31.861600706474857
28.0,405.0,31.802566361456876
28.0,406.0,31.741319394858788
28.0,407.0,31.677888165694995
28.0,408.0,31.61231923546914
28.0,409.0,31.5446791144804
28.0,410.0,31.47505563132255
28.0,411.0,31.403559268567683
28.0,412.0,31.330323950590646
28.0,413.0,31.2555076438478
28.0,414.0,31.179292239493257
28.0,415.0,31.101883118500186
28.0,416.0,31.023507878121396
28.0,417.0,30.94441468693359
28.0,418.0,30.86486978126399
28.0,419.0,30.785154658413198
28.0,420.0,30.705562525687924
28.0,421.0,30.626394650790253
28.0,422.0,30.54795620728072
28.0,423.0,30.470552327003194
28.0,424.0,30.39448395233949
28.0,425.0,30.32004422398765
28.0,426.0,30.247514950533855
28.0,427.0,30.17716387674294
28.0,428.0,30.109242214766272
28.0,429.0,30.043983112513455
28.0,430.0,29.981600429963045
28.0,431.0,29.922288456747122
28.0,432.0,29.866221860849965
28.0,433.0,29.813556481661244
28.0,434.0,29.76443020162034
28.0,435.0,29.71896451646609
28.0,436.0,29.677266008145153
28.0,437.0,29.63942836926684
28.0,438.0,29.605534170581997
28.0,439.0,29.57565706186666
28.0,440.0,29.54986359313589
28.0,441.0,29.52821539175703
28.0,442.0,29.510770878436638
28.0,443.0,29.497587300661195
28.0,444.0,29.48872225914381
28.0,445.0,29.484235544025047
28.0,446.0,29.48419044422042
28.0,447.0,29.488655379581754
28.0,448.0,29.497705002793527
28.0,449.0,29.511421649095624
28.0,450.0,29.52989626110945
28.0,451.0,29.553229691896096
28.0,452.0,29.5815334919396
28.0,453.0,29.61493110585222
28.0,454.0,29.65355856200518
28.0,455.0,29.697565601937182
28.0,456.0,29.74711631010233
28.0,457.0,29.802390210728987
28.0,458.0,29.863582870052873
28.0,459.0,29.930906989724434
28.0,460.0,30.004593007996483
28.0,461.0,30.084890212706263
28.0,462.0,30.172067361801286
28.0,463.0,30.266413832784508
28.0,464.0,30.368240276839302
28.0,465.0,30.477879815404794
28.0,466.0,30.59568873584637
28.0,467.0,30.722047739253977
28.0,468.0,30.857362678730627
28.0,469.0,31.002065855125682
28.0,470.0,31.156616791046613
28.0,471.0,31.321503562439176
28.0,472.0,31.497243591674824
28.0,473.0,31.6843849918949
28.0,474.0,31.883507350122482
28.0,475.0,32.09522304713757
28.0,476.0,32.32017798544364
28.0,477.0,32.5590528289601
28.0,478.0,32.81256360954972
28.0,479.0,33.08146280659533
28.0,480.0,33.36653973814032
28.0,481.0,33.668621368829086
28.0,482.0,33.98857235581563
28.0,483.0,34.327295432829615
28.0,484.0,34.68573093511094
28.0,485.0,35.064856555847065
28.0,486.0,35.46568611703111
28.0,487.0,35.88926843110169
28.0,488.0,36.336685015278206
28.0,489.0,36.809047716266065
28.0,490.0,37.307494985869006
28.0,491.0,37.833187843366474
28.0,492.0,38.387304245572025
28.0,493.0,38.9710328784404
28.0,494.0,39.58556507750849
28.0,495.0,40.23208587443988
28.0,496.0,40.911762876685515
28.0,497.0,41.62573397556385
28.0,498.0,42.37509261436923
28.0,499.0,43.16087163820016
28.0,500.0,43.984024522642855
28.0,501.0,44.84540507568042
28.0,502.0,45.74574453571167
28.0,503.0,46.68562729835989
28.0,504.0,47.66546439866195
28.0,505.0,48.68546619874293
28.0,506.0,49.74561369526452
28.0,507.0,50.84563018770067
28.0,508.0,51.98495307169226
28.0,509.0,53.16270782032261
28.0,510.0,54.37768426208573
28.0,511.0,55.628317475663884
28.0,512.0,56.912673626728
28.0,513.0,58.228443114234416
28.0,514.0,59.57294128170598
28.0,515.0,60.94311874383772
28.0,516.0,62.33558109904249
28.0,517.0,63.746619319295434
28.0,518.0,65.17224968850152
28.0,519.0,66.6082634799813
28.0,520.0,68.05028414019839
28.0,521.0,69.49383103999409
28.0,522.0,70.93438664186036
28.0,523.0,72.3674654084659
28.0,524.0,73.7886809627313
28.0,525.0,75.1938097887116
28.0,526.0,76.57884839352641
28.0,527.0,77.9400628837634
28.0,528.0,79.2740288668353
28.0,529.0,80.57766168825395
28.0,530.0,81.84823609092592
28.0,531.0,83.0833963365569
28.0,532.0,84.2811568459989
28.0,533.0,85.43989508618229
28.0,534.0,86.5583373164291
28.0,535.0,87.63553916777241
28.0,536.0,88.67086180858345
28.0,537.0,89.66394555196139
28.0,538.0,90.6146815121536
28.0,539.0,91.5231828377737
28.0,540.0,92.38975585454111
28.0,541.0,93.21487225356995
28.0,542.0,93.99914237745098
28.0,543.0,94.74329037978205
28.0,544.0,95.44813109162365
28.0,545.0,96.1145490842775
28.0,546.0,96.7434796264792
28.0,547.0,97.33589181891635
28.0,548.0,97.89277354607057
28.0,549.0,98.4151183881636
28.0,550.0,98.90391413461508
28.0,551.0,99.36013294874691
28.0,552.0,99.78472286671068
28.0,553.0,100.17860061655146
28.0,554.0,100.54264550600546
28.0,555.0,100.87769431670137
28.0,556.0,101.18453703148555
28.0,557.0,101.46391329072219
28.0,558.0,101.7165094875096
28.0,559.0,101.94295635679839
28.0,560.0,102.14382705241563
28.0,561.0,102.31963552421503
28.0,562.0,102.4708352721263
28.0,563.0,102.59781824349432
28.0,564.0,102.70091403112724
28.0,565.0,102.78038908938483
28.0,566.0,102.83644620415902
28.0,567.0,102.86922388216396
28.0,568.0,102.87879597189716
28.0,569.0,102.86517112756168
28.0,570.0,102.82829250336077
28.0,571.0,102.7680372338697
28.0,572.0,102.68421616201975
28.0,573.0,102.57657331415469
28.0,574.0,102.4447856574515
28.0,575.0,102.28846258308039
28.0,576.0,102.10714572436211
28.0,577.0,101.90030849820837
28.0,578.0,101.66735605387696
28.0,579.0,101.40762496409418
28.0,580.0,101.12038341877866
28.0,581.0,100.80483120591833
28.0,582.0,100.46010031809027
28.0,583.0,100.08525542226154
28.0,584.0,99.67929511223134
28.0,585.0,99.24115313875524
28.0,586.0,98.76970062055052
28.0,587.0,98.26374839333772
28.0,588.0,97.72205058678692
28.0,589.0,97.14330855303552
28.0,590.0,96.5261763250312
28.0,591.0,95.8692666976379
28.0,592.0,95.17115919700093
28.0,593.0,94.43040899924684
28.0,594.0,93.645558144417
28.0,595.0,92.81514806631608
28.0,596.0,91.9377348478289
28.0,597.0,91.01190616112797
28.0,598.0,90.03630133375962
28.0,599.0,89.00963339955729
28.0,600.0,87.93071455300144
28.0,601.0,86.79848370228298
28.0,602.0,85.6120374375979
28.0,603.0,84.37066285713209
28.0,604.0,83.07387336161091
28.0,605.0,81.72144549993618
28.0,606.0,80.31345765942973
28.0,607.0,78.85032822368689
28.0,608.0,77.33285359159427
28.0,609.0,75.76224317872865
28.0,610.0,74.14015140289165
28.0,611.0,72.46870335891478
28.0,612.0,70.75051396530914
28.0,613.0,68.98869715262855
28.0,614.0,67.18686504157199
28.0,615.0,65.34911403365838
28.0,616.0,63.47999848554268
28.0,617.0,61.584489834836376
28.0,618.0,59.66792312822921
28.0,619.0,57.73593022270052
28.0,620.0,55.79436316551288
28.0,621.0,53.84920846449402
28.0,622.0,51.906497060833914
28.0,623.0,49.97221162858924
28.0,624.0,48.052196541550714
28.0,625.0,46.152072104808816
28.0,626.0,44.277157916796774
28.0,627.0,42.432405992777916
28.0,628.0,40.622347262511404
28.0,629.0,38.851050578755476
28.0,630.0,37.12209634781203
28.0,631.0,35.43856246240849
28.0,632.0,33.80302342157342
28.0,633.0,32.21755931954654
28.0,634.0,30.683774918271837
28.0,635.0,29.202825079597993
28.0,636.0,27.775446658910994
28.0,637.0,26.40199321897352
28.0,638.0,25.082472937134025
28.0,639.0,23.816586428545314
28.0,640.0,22.60376530218268
28.0,641.0,21.443208622331454
28.0,642.0,20.33391854363575
28.0,643.0,19.274732700664455
28.0,644.0,18.26435498822818
28.0,645.0,17.301382622694724
28.0,646.0,16.38433137636586
28.0,647.0,15.511657077970442
28.0,648.0,14.681775422935857
28.0,649.0,13.893078300915493
28.0,650.0,13.143948755385036
28.0,651.0,12.432772834781005
28.0,652.0,11.757950466563488
28.0,653.0,11.117903627320219
28.0,654.0,10.511083923812805
28.0,655.0,9.935977851801605
28.0,656.0,9.391111813443406
28.0,657.0,8.875055146306515
28.0,658.0,8.386423202932894
28.0,659.0,7.923878720176755
28.0,660.0,7.486133473290215
28.0,661.0,7.071948444136728
28.0,662.0,6.680134455284816
28.0,663.0,6.309551495228494
28.0,664.0,5.95910864511654
28.0,665.0,5.627762834255402
28.0,666.0,5.314518295393393
28.0,667.0,5.018424954972648
28.0,668.0,4.738577591658869
28.0,669.0,4.474114011604797
28.0,670.0,4.224214037239505
28.0,671.0,3.9880975760109343
28.0,672.0,3.7650235300165416
28.0,673.0,3.5542878349973663
28.0,674.0,3.3552223539676955
28.0,675.0,3.1671929395233347
28.0,676.0,2.98959835424743
28.0,677.0,2.8218683918709218
28.0,678.0,2.663462852262897
28.0,679.0,2.5138697441756297
28.0,680.0,2.3726043317627714
28.0,681.0,2.2392074323949727
28.0,682.0,2.11324454386418
28.0,683.0,1.994304244169055
28.0,684.0,1.881997403070692
28.0,685.0,1.77595568613204
28.0,686.0,1.6758308504903716
28.0,687.0,1.5812933522710544
28.0,688.0,1.492031723883427
28.0,689.0,1.4077512818255986
28.0,690.0,1.328173581154834
28.0,691.0,1.253035219364697
28.0,692.0,1.1820873626767963
28.0,693.0,1.1150946408876419
28.0,694.0,1.051834739588982
28.0,695.0,0.992097380488806
28.0,696.0,0.9356839734546976
28.0,697.0,0.8824066766933732
28.0,698.0,0.832088102524202
28.0,699.0,0.7845604518679185
28.0,700.0,0.7396652678216562
28.0,701.0,0.6972526390968695
28.0,702.0,0.6571809957290604
28.0,703.0,0.6193163763717514
28.0,704.0,0.5835322607947068
28.0,705.0,0.5497088962521601
28.0,706.0,0.5177331617749742
28.0,707.0,0.4874979491639195
28.0,708.0,0.45890205444428384
28.0,709.0,0.43184960937247746
28.0,710.0,0.40624999578251497
28.0,711.0,0.3820173238253867
28.0,712.0,0.35907036528638897
28.0,713.0,0.33733207509408675
28.0,714.0,0.31672954001966197
28.0,715.0,0.2971935402911362
28.0,716.0,0.2786585103970454
28.0,717.0,0.26106213791906896
28.0,718.0,0.2443453334503576
28.0,719.0,0.22845186401438433
28.0,720.0,0.21332832937224383
28.0,721.0,0.1989238276268937
28.0,722.0,0.18518993543359427
28.0,723.0,0.17208040359689097
28.0,724.0,0.15955113891447795
28.0,725.0,0.14755992775983673
28.0,726.0,0.13606641748292805
28.0,727.0,0.12503186613514783
28.0,728.0,0.11441912152130339
28.0,729.0,0.10419239536640437
28.0,730.0,0.09431723826337557
28.0,731.0,0.08476033670412916
28.0,732.0,0.07548948229742788
28.0,733.0,0.06647339019063288
28.0,734.0,0.057681661043033
28.0,735.0,0.049084619450501694
28.0,736.0,0.04065326725235201
28.0,737.0,0.0323591406396408
28.0,738.0,0.024174253448983926
28.0,739.0,0.01607097168707272
28.0,740.0,0.008021945523555507
28.0,741.0,0.0
29.0,0.0,0.0
29.0,1.0,0.0026182090160886346
29.0,2.0,0.00524525823753692
29.0,3.0,0.007890016288585057
29.0,4.0,0.010561413582797137
29.0,5.0,0.013268466184664497
29.0,6.0,0.016020314525979486
29.0,7.0,0.018826243109366477
29.0,8.0,0.021695724970036145
29.0,9.0,0.024638437630416614
29.0,10.0,0.027664313716866028
29.0,11.0,0.030783553589684563
29.0,12.0,0.03400668253962608
29.0,13.0,0.037344560537956456
29.0,14.0,0.0408084464581356
29.0,15.0,0.04441000541642555
29.0,16.0,0.04816138049008437
29.0,17.0,0.05207519815053094
29.0,18.0,0.0561646479810078
29.0,19.0,0.06044348674172122
29.0,20.0,0.06492612662742361
29.0,21.0,0.06962763854752912
29.0,22.0,0.07456384950768484
29.0,23.0,0.07975134573788396
29.0,24.0,0.08520757983208584
29.0,25.0,0.09095087441406838
29.0,26.0,0.09700053972574531
29.0,27.0,0.1033768785841372
29.0,28.0,0.11010131517239437
29.0,29.0,0.11719640211197048
29.0,30.0,0.12468596128057127
29.0,31.0,0.13259509390141444
29.0,32.0,0.1409503342893217
29.0,33.0,0.14977966394368658
29.0,34.0,0.15911267920741828
29.0,35.0,0.168980610441487
29.0,36.0,0.17941650467079656
29.0,37.0,0.1904552510151145
29.0,38.0,0.2021337794901207
29.0,39.0,0.21449109397078817
29.0,40.0,0.2275684884131047
29.0,41.0,0.24140958872942567
29.0,42.0,0.2560605877940855
29.0,43.0,0.2715702977127287
29.0,44.0,0.2879904050694002
29.0,45.0,0.30537553516879234
29.0,46.0,0.3237835290679675
29.0,47.0,0.34327552145534973
29.0,48.0,0.36391624107931114
29.0,49.0,0.38577410399153084
29.0,50.0,0.4089215390266274
29.0,51.0,0.43343509816771236
29.0,52.0,0.4593958087314627
29.0,53.0,0.48688930259323676
29.0,54.0,0.516006196670564
29.0,55.0,0.5468422426509018
29.0,56.0,0.5794987372165731
29.0,57.0,0.6140826937188933
29.0,58.0,0.6507072833129406
29.0,59.0,0.6894920296755049
29.0,60.0,0.7305632817703483
29.0,61.0,0.7740544321583628
29.0,62.0,0.8201064214288062
29.0,63.0,0.8688679798240662
29.0,64.0,0.9204961623645327
29.0,65.0,0.9751566123096148
29.0,66.0,1.0330241245613114
29.0,67.0,1.0942829277793014
29.0,68.0,1.1591272716244103
29.0,69.0,1.22776172197175
29.0,70.0,1.3004017647604211
29.0,71.0,1.377274105489772
29.0,72.0,1.4586172786329823
29.0,73.0,1.544681938184285
29.0,74.0,1.6357314564655303
29.0,75.0,1.7320421865758002
29.0,76.0,1.8339040275945424
29.0,77.0,1.941620631955397
29.0,78.0,2.055509905076973
29.0,79.0,2.1759041204566216
29.0,80.0,2.3031503101295603
29.0,81.0,2.437610237126612
29.0,82.0,2.579660618341241
29.0,83.0,2.729692887402404
29.0,84.0,2.888113173048845
29.0,85.0,3.0553417650539236
29.0,86.0,3.2318127488300026
29.0,87.0,3.4179730627841094
29.0,88.0,3.6142816638879447
29.0,89.0,3.8212080374524335
29.0,90.0,4.0392307400834015
29.0,91.0,4.268835194372031
29.0,92.0,4.510511428007989
29.0,93.0,4.76475096049703
29.0,94.0,5.032043535916761
29.0,95.0,5.3128728939773415
29.0,96.0,5.6077122885647555
29.0,97.0,5.9170189432282925
29.0,98.0,6.241228172851196
29.0,99.0,6.580746371295617
29.0,100.0,6.935943629229787
29.0,101.0,7.307145211410225
29.0,102.0,7.694622713572391
29.0,103.0,8.098584182506189
29.0,104.0,8.519164100914002
29.0,105.0,8.956412602248239
29.0,106.0,9.410284923352483
29.0,107.0,9.880630563837771
29.0,108.0,10.367183279909218
29.0,109.0,10.869551489130899
29.0,110.0,11.387210320945043
29.0,111.0,11.919494965937147
29.0,112.0,12.465596610396464
29.0,113.0,13.024560606514383
29.0,114.0,13.595288111315519
29.0,115.0,14.176540716914193
29.0,116.0,14.766949111488715
29.0,117.0,15.365025024357823
29.0,118.0,15.969177170301922
29.0,119.0,16.577730077015513
29.0,120.0,17.188946130410425
29.0,121.0,17.801049356163794
29.0,122.0,18.412250960874943
29.0,123.0,19.020774921822483
29.0,124.0,19.624883527948686
29.0,125.0,20.2229011611154
29.0,126.0,20.81323634088825
29.0,127.0,21.394400551400157
29.0,128.0,21.96502418480301
29.0,129.0,22.52386848544847
29.0,130.0,23.069834209635356
29.0,131.0,23.60196625464916
29.0,132.0,24.11945529609917
29.0,133.0,24.62163595655904
29.0,134.0,25.107982738153744
29.0,135.0,25.578103369901445
29.0,136.0,26.03173085586416
29.0,137.0,26.46871387759452
29.0,138.0,26.889006785180555
29.0,139.0,27.292658753874257
29.0,140.0,27.67980323351665
29.0,141.0,28.050647160158352
29.0,142.0,28.40546093724331
29.0,143.0,28.744568551953666
29.0,144.0,29.068338727941537
29.0,145.0,29.377176398317538
29.0,146.0,29.67151531880604
29.0,147.0,29.95181105047984
29.0,148.0,30.21853507621567
29.0,149.0,30.47216925059761
29.0,150.0,30.713201312670957
29.0,151.0,30.942120650685258
29.0,152.0,31.159415028455896
29.0,153.0,31.36556746496943
29.0,154.0,31.56105396646947
29.0,155.0,31.746341313180295
29.0,156.0,31.921885594578765
29.0,157.0,32.08813071029135
29.0,158.0,32.245507527309016
29.0,159.0,32.394432927506756
29.0,160.0,32.53530943321993
29.0,161.0,32.66852466234052
29.0,162.0,32.79445129700922
29.0,163.0,32.91344683465511
29.0,164.0,33.02585380057466
29.0,165.0,33.131999707572156
29.0,166.0,33.232197435615255
29.0,167.0,33.32674533319451
29.0,168.0,33.41592770578398
29.0,169.0,33.500015008697126
29.0,170.0,33.57926440098273
29.0,171.0,33.65391999279724
29.0,172.0,33.72421343310629
29.0,173.0,33.79036418494404
29.0,174.0,33.85258012441021
29.0,175.0,33.91105782518361
29.0,176.0,33.96598315332607
29.0,177.0,34.01753154855523
29.0,178.0,34.065868604752346
29.0,179.0,34.11115034020682
29.0,180.0,34.1535237578664
29.0,181.0,34.19312710039844
29.0,182.0,34.23009038743998
29.0,183.0,34.264535654166124
29.0,184.0,34.296577465350225
29.0,185.0,34.326323138414416
29.0,186.0,34.35387323619226
29.0,187.0,34.37932177732796
29.0,188.0,34.40275671138466
29.0,189.0,34.42426012106469
29.0,190.0,34.44390868480105
29.0,191.0,34.46177387663151
29.0,192.0,34.477922422648746
29.0,193.0,34.49241650542953
29.0,194.0,34.50531422160193
29.0,195.0,34.51666979834985
29.0,196.0,34.52653405965801
29.0,197.0,34.53495466228128
29.0,198.0,34.541976577569194
29.0,199.0,34.54764235294515
29.0,200.0,34.55199261404916
29.0,201.0,34.55506635460209
29.0,202.0,34.55690145928035
29.0,203.0,34.55753501918203
29.0,204.0,34.557003868748374
29.0,205.0,34.555344915422125
29.0,206.0,34.55259567381753
29.0,207.0,34.54879458669378
29.0,208.0,34.54398152709088
29.0,209.0,34.53819807474598
29.0,210.0,34.531487944180796
29.0,211.0,34.52389716920102
29.0,212.0,34.51547440591136
29.0,213.0,34.50627097276484
29.0,214.0,34.49634097758454
29.0,215.0,34.4857411673069
29.0,216.0,34.47453084235772
29.0,217.0,34.46277149254584
29.0,218.0,34.45052649223481
29.0,219.0,34.437860535528856
29.0,220.0,34.42483914684697
29.0,221.0,34.41152797119554
29.0,222.0,34.39799217532556
29.0,223.0,34.38429568359582
29.0,224.0,34.37050057027775
29.0,225.0,34.35666634489207
29.0,226.0,34.34284943616117
29.0,227.0,34.32910261718312
29.0,228.0,34.315474656018125
29.0,229.0,34.302009936213906
29.0,230.0,34.28874830830836
29.0,231.0,34.275724918426235
29.0,232.0,34.26297025368336
29.0,233.0,34.250510154746244
29.0,234.0,34.238366017896375
29.0,235.0,34.22655494498791
29.0,236.0,34.21509005052785
29.0,237.0,34.20398069564476
29.0,238.0,34.19323284830305
29.0,239.0,34.18284935292371
29.0,240.0,34.17283030072688
29.0,241.0,34.1631732979898
29.0,242.0,34.153873816112934
29.0,243.0,34.144925434356956
29.0,244.0,34.13632015158794
29.0,245.0,34.128048590673046
29.0,246.0,34.120100263861545
29.0,247.0,34.112463734531275
29.0,248.0,34.10512683516846
29.0,249.0,34.09807678772593
29.0,250.0,34.09130037742747
29.0,251.0,34.084784036115586
29.0,252.0,34.07851397725227
29.0,253.0,34.07247624798023
29.0,254.0,34.06665683139875
29.0,255.0,34.06104167327256
29.0,256.0,34.05561675750003
29.0,257.0,34.05036811297418
29.0,258.0,34.045281867548084
29.0,259.0,34.04034423982594
29.0,260.0,34.03554157614244
29.0,261.0,34.03086033125371
29.0,262.0,34.02628709204799
29.0,263.0,34.02180855033835
29.0,264.0,34.017411516299575
29.0,265.0,34.01308288589803
29.0,266.0,34.008809646443176
29.0,267.0,34.00457884064846
29.0,268.0,34.00037756620839
29.0,269.0,33.996192938071935
29.0,270.0,33.992012083605594
29.0,271.0,33.98782210437262
29.0,272.0,33.983610068212855
29.0,273.0,33.97936297165022
29.0,274.0,33.97506773010467
29.0,275.0,33.97071114199114
29.0,276.0,33.96627987827351
29.0,277.0,33.96176044936926
29.0,278.0,33.95713919536017
29.0,279.0,33.95240225697905
29.0,280.0,33.94753556801097
29.0,281.0,33.94252483191778
29.0,282.0,33.93735551830287
29.0,283.0,33.93201284713247
29.0,284.0,33.926481791602995
29.0,285.0,33.92074707244978
29.0,286.0,33.914793170150546
29.0,287.0,33.90860433246786
29.0,288.0,33.90216459963254
29.0,289.0,33.89545782902246
29.0,290.0,33.888467737755384
29.0,291.0,33.88117794920249
29.0,292.0,33.87357205819409
29.0,293.0,33.86563370477861
29.0,294.0,33.85734666784178
29.0,295.0,33.848694971936006
29.0,296.0,33.839663015258765
29.0,297.0,33.830235715149655
29.0,298.0,33.82039867564874
29.0,299.0,33.810138375893544
29.0,300.0,33.79944238031258
29.0,301.0,33.78829957101595
29.0,302.0,33.77670039939523
29.0,303.0,33.764637158008696
29.0,304.0,33.75210426532887
29.0,305.0,33.7390985640843
29.0,306.0,33.72561962086902
29.0,307.0,33.711670026535266
29.0,308.0,33.69725567998999
29.0,309.0,33.682386053343215
29.0,310.0,33.667074416584214
29.0,311.0,33.65133801880875
29.0,312.0,33.63519820155685
29.0,313.0,33.618680442372664
29.0,314.0,33.60181430478469
29.0,315.0,33.58463329722858
29.0,316.0,33.56717462201031
29.0,317.0,33.549478825028054
29.0,318.0,33.53158933623804
29.0,319.0,33.51355192238357
29.0,320.0,33.495414052727874
29.0,321.0,33.477224209729975
29.0,322.0,33.45903115445536
29.0,323.0,33.440883184919834
29.0,324.0,33.42282740103831
29.0,325.0,33.40490901380135
29.0,326.0,33.38717070961716
29.0,327.0,33.36965210002401
29.0,328.0,33.35238925981999
29.0,329.0,33.33541437221518
29.0,330.0,33.31875547448656
29.0,331.0,33.30243631072391
29.0,332.0,33.286476277491715
29.0,333.0,33.27089045953291
29.0,334.0,33.25568973772901
29.0,335.0,33.24088096070169
29.0,336.0,33.22646716299169
29.0,337.0,33.21244781870347
29.0,338.0,33.19881911761292
29.0,339.0,33.18557425205155
29.0,340.0,33.17270370755318
29.0,341.0,33.16019554553713
29.0,342.0,33.1480356777258
29.0,343.0,33.136208120059145
29.0,344.0,33.12469523249386
29.0,345.0,33.11347793093302
29.0,346.0,33.102535884035824
29.0,347.0,33.09184767847131
29.0,348.0,33.08139097139105
29.0,349.0,33.07114260989704
29.0,350.0,33.06107874211108
29.0,351.0,33.05117489487818
29.0,352.0,33.04140604853412
29.0,353.0,33.03174667823006
29.0,354.0,33.022170798234086
29.0,355.0,33.01265197249855
29.0,356.0,33.003163334206064
29.0,357.0,32.99367757080762
29.0,358.0,32.98416692396058
29.0,359.0,32.97460315359134
29.0,360.0,32.964957522653265
29.0,361.0,32.95520074403358
29.0,362.0,32.94530295385538
29.0,363.0,32.93523364438568
29.0,364.0,32.92496162901468
29.0,365.0,32.91445496380348
29.0,366.0,32.903680906848074
29.0,367.0,32.892605830769064
29.0,368.0,32.881195178937524
29.0,369.0,32.869413371078366
29.0,370.0,32.85722375882015
29.0,371.0,32.84458852667889
29.0,372.0,32.83146864961542
29.0,373.0,32.81782379201175
29.0,374.0,32.80361227040616
29.0,375.0,32.78879095370341
29.0,376.0,32.773315235049424
29.0,377.0,32.75713893747466
29.0,378.0,32.740214300017776
29.0,379.0,32.72249189434695
29.0,380.0,32.703920631807634
29.0,381.0,32.68444769836433
29.0,382.0,32.66401859129994
29.0,383.0,32.64257708213674
29.0,384.0,32.620065294313015
29.0,385.0,32.596423706625785
29.0,386.0,32.57159128638338
29.0,387.0,32.54550554936179
29.0,388.0,32.518102766634776
29.0,389.0,32.48931810094611
29.0,390.0,32.459085909465735
29.0,391.0,32.42733998055811
29.0,392.0,32.394013958673504
29.0,393.0,32.35904170913625
29.0,394.0,32.32235789443959
29.0,395.0,32.283898496815965
29.0,396.0,32.24360157599115
29.0,397.0,32.20140797822102
29.0,398.0,32.15726230199192
29.0,399.0,32.11111381543946
29.0,400.0,32.06291764570537
29.0,401.0,32.01263591101977
29.0,402.0,31.960239128054933
29.0,403.0,31.905707537049278
29.0,404.0,31.849032686402417
29.0,405.0,31.790218886589102
29.0,406.0,31.729284881161643
29.0,407.0,31.666265308436195
29.0,408.0,31.601212306186188
29.0,409.0,31.534196795715488
29.0,410.0,31.465309804433247
29.0,411.0,31.394663330113403
29.0,412.0,31.32239112106428
29.0,413.0,31.248648853130142
29.0,414.0,31.17361410825133
29.0,415.0,31.097485630761977
29.0,416.0,31.020482317032783
29.0,417.0,30.942841429778415
29.0,418.0,30.864816562482446
29.0,419.0,30.786674874432997
29.0,420.0,30.70869419997585
29.0,421.0,30.631159580818178
29.0,422.0,30.554359893526968
29.0,423.0,30.478584129727732
29.0,424.0,30.404118042667623
29.0,425.0,30.33124069335364
29.0,426.0,30.260221617144005
29.0,427.0,30.19131808678193
29.0,428.0,30.124773172865552
29.0,429.0,30.06081400097659
29.0,430.0,29.999650876799034
29.0,431.0,29.941476601053186
29.0,432.0,29.886466623980542
29.0,433.0,29.83477929812431
29.0,434.0,29.786556876187113
29.0,435.0,29.741926469878287
29.0,436.0,29.70100163355407
29.0,437.0,29.66388376369418
29.0,438.0,29.6306640099523
29.0,439.0,29.60142487540845
29.0,440.0,29.576242241433043
29.0,441.0,29.55518698601274
29.0,442.0,29.538326972215767
29.0,443.0,29.525728566581368
29.0,444.0,29.517458503132453
29.0,445.0,29.513585240888144
29.0,446.0,29.514180665695807
29.0,447.0,29.519321268824207
29.0,448.0,29.52908968418561
29.0,449.0,29.543575698081064
29.0,450.0,29.56287764088591
29.0,451.0,29.587103253778018
29.0,452.0,29.616370964765675
29.0,453.0,29.650810644997613
29.0,454.0,29.690564802459104
29.0,455.0,29.735789261359812
29.0,456.0,29.786654305700342
29.0,457.0,29.843345312660887
29.0,458.0,29.906063874545904
29.0,459.0,29.975028412665203
29.0,460.0,30.05047530115483
29.0,461.0,30.132659482491423
29.0,462.0,30.221855611025024
29.0,463.0,30.318358685424272
29.0,464.0,30.4224852236704
29.0,465.0,30.534573921455646
29.0,466.0,30.654986863797863
29.0,467.0,30.78411021150869
29.0,468.0,30.922355447191975
29.0,469.0,31.070160083967455
29.0,470.0,31.22798893493526
29.0,471.0,31.396334828826692
29.0,472.0,31.575719881415818
29.0,473.0,31.766696190957145
29.0,474.0,31.96984707671045
29.0,475.0,32.18578771204174
29.0,476.0,32.41516627824213
29.0,477.0,32.65866447397429
29.0,478.0,32.91699851079183
29.0,479.0,33.19091941301652
29.0,480.0,33.481213753550406
29.0,481.0,33.788703626981274
29.0,482.0,34.11424698913286
29.0,483.0,34.45873714696983
29.0,484.0,34.8231025217205
29.0,485.0,35.20830545106624
29.0,486.0,35.61534114301222
29.0,487.0,36.045235528823596
29.0,488.0,36.49904311376123
29.0,489.0,36.9778435549144
29.0,490.0,37.482738048448816
29.0,491.0,38.014844239631465
29.0,492.0,38.57529072136233
29.0,493.0,39.16520982413263
29.0,494.0,39.785729750661844
29.0,495.0,40.43796475880466
29.0,496.0,41.123004444538694
29.0,497.0,41.84190084898129
29.0,498.0,42.595654460945404
29.0,499.0,43.38519789080963
29.0,500.0,44.21137834113658
29.0,501.0,45.07493774721868
29.0,502.0,45.97649181534423
29.0,503.0,46.9165069882335
29.0,504.0,47.89527672681956
29.0,505.0,48.91289635881066
29.0,506.0,49.96923810193055
29.0,507.0,51.06392578578988
29.0,508.0,52.196311130297254
29.0,509.0,53.36545138775287
29.0,510.0,54.570090425857124
29.0,511.0,55.808643269930535
29.0,512.0,57.07918627046467
29.0,513.0,58.379452940719766
29.0,514.0,59.706837472224194
29.0,515.0,61.05840570691764
29.0,516.0,62.43091508624673
29.0,517.0,63.820842759252805
29.0,518.0,65.22442257587105
29.0,519.0,66.63768931648801
29.0,520.0,68.05652995760838
29.0,521.0,69.47673950372507
29.0,522.0,70.8940804200364
29.0,523.0,72.3043426946257
29.0,524.0,73.70340324549835
29.0,525.0,75.08728173780602
29.0,526.0,76.45219177228492
29.0,527.0,77.79458508511317
29.0,528.0,79.11118841186749
29.0,529.0,80.39903155003834
29.0,530.0,81.65546712572382
29.0,531.0,82.87818150309694
29.0,532.0,84.0651980631153
29.0,533.0,85.21487295969187
29.0,534.0,86.3258849943525
29.0,535.0,87.39722005620975
29.0,536.0,88.42815185386817
29.0,537.0,89.41821943196081
29.0,538.0,90.36720303774872
29.0,539.0,91.27509869120941
29.0,540.0,92.14209273286926
29.0,541.0,92.96853649102412
29.0,542.0,93.75492202124748
29.0,543.0,94.50185885718915
29.0,544.0,95.21005243607361
29.0,545.0,95.88028398719884
29.0,546.0,96.51339231533544
29.0,547.0,97.1102571806933
29.0,548.0,97.67178453558128
29.0,549.0,98.19889329095604
29.0,550.0,98.69250375043022
29.0,551.0,99.15352740128534
29.0,552.0,99.58285811258963
29.0,553.0,99.98136447698016
29.0,554.0,100.3498832808197
29.0,555.0,100.68921390514042
29.0,556.0,101.00011358875587
29.0,557.0,101.28329343203775
29.0,558.0,101.5394150246381
29.0,559.0,101.76908765632396
29.0,560.0,101.97286594715283
29.0,561.0,102.15124793805518
29.0,562.0,102.30467342980437
29.0,563.0,102.43352269279548
29.0,564.0,102.53811528520725
29.0,565.0,102.61870918202354
29.0,566.0,102.67549989974873
29.0,567.0,102.70861989789015
29.0,568.0,102.71813788725179
29.0,569.0,102.70405840342106
29.0,570.0,102.66632121917905
29.0,571.0,102.60480103058008
29.0,572.0,102.51930693324024
29.0,573.0,102.40958219942952
29.0,574.0,102.27530381514617
29.0,575.0,102.11608236356822
29.0,576.0,101.93146165727038
29.0,577.0,101.7209187818405
29.0,578.0,101.48386389781521
29.0,579.0,101.21964054074564
29.0,580.0,100.92752571290904
29.0,581.0,100.60673058506671
29.0,582.0,100.25640105114331
29.0,583.0,99.87561903461987
29.0,584.0,99.46340374220014
29.0,585.0,99.01871384592194
29.0,586.0,98.54044974554088
29.0,587.0,98.02745697648534
29.0,588.0,97.4785298747283
29.0,589.0,96.89241664872047
29.0,590.0,96.2678249311223
29.0,591.0,95.60342904366895
29.0,592.0,94.89787800808118
29.0,593.0,94.14980561339961
29.0,594.0,93.35784152594186
29.0,595.0,92.52062481559773
29.0,596.0,91.6368188218381
29.0,597.0,90.70512877125911
29.0,598.0,89.72432097761006
29.0,599.0,88.69324503316237
29.0,600.0,87.61085768284529
29.0,601.0,86.47624972700517
29.0,602.0,85.28867443859626
29.0,603.0,84.047578699751
29.0,604.0,82.75263505767781
29.0,605.0,81.40377567812479
29.0,606.0,80.00122603256999
29.0,607.0,78.54553900116478
29.0,608.0,77.03762682087937
29.0,609.0,75.47879125259784
29.0,610.0,73.8707490301777
29.0,611.0,72.2156527544303
29.0,612.0,70.5161041027478
29.0,613.0,68.77515955515217
29.0,614.0,66.99632564597823
29.0,615.0,65.18354437275421
29.0,616.0,63.34116635099236
29.0,617.0,61.473913221570655
29.0,618.0,59.58682788949472
29.0,619.0,57.685215290735044
29.0,620.0,55.774573432877524
29.0,621.0,53.86051858336582
29.0,622.0,51.94870530132308
29.0,623.0,50.044745935720215
29.0,624.0,48.15413063745322
29.0,625.0,46.282152535514705
29.0,626.0,44.43383871826566
29.0,627.0,42.61389097580901
29.0,628.0,40.82663593930131
29.0,629.0,39.07598745083217
29.0,630.0,37.36541957796358
29.0,631.0,35.697951971097275
29.0,632.0,34.07614493307951
29.0,633.0,32.502105078425906
29.0,634.0,30.977498317717554
29.0,635.0,29.50357066781393
29.0,636.0,28.081173430902336
29.0,637.0,26.710793258915235
29.0,638.0,25.392583784956884
29.0,639.0,24.12639960235794
29.0,640.0,22.91182958620739
29.0,641.0,21.748230699085997
29.0,642.0,20.634759629841504
29.0,643.0,19.57040375563735
29.0,644.0,18.554009087753624
29.0,645.0,17.584306969784798
29.0,646.0,16.65993742306397
29.0,647.0,15.779471099918458
29.0,648.0,14.941427894402915
29.0,649.0,14.144294284459198
29.0,650.0,13.386537544647634
29.0,651.0,12.666618955943497
29.0,652.0,11.983004194999513
29.0,653.0,11.334173040023707
29.0,654.0,10.718626590257387
29.0,655.0,10.13489412076084
29.0,656.0,9.581537768977196
29.0,657.0,9.05715714472557
29.0,658.0,8.560392053793297
29.0,659.0,8.089925389628219
29.0,660.0,7.644484376982608
29.0,661.0,7.222842182231916
29.0,662.0,6.823818071079922
29.0,663.0,6.446278088327444
29.0,664.0,6.089134441953496
29.0,665.0,5.751345526902075
29.0,666.0,5.431914777509322
29.0,667.0,5.129890245703545
29.0,668.0,4.844363105650694
29.0,669.0,4.574466944601879
29.0,670.0,4.3193760570331525
29.0,671.0,4.078304565030714
29.0,672.0,3.8505046026340235
29.0,673.0,3.6352653505012307
29.0,674.0,3.4319111829520197
29.0,675.0,3.239800677041336
29.0,676.0,3.058324773334428
29.0,677.0,2.886905800916641
29.0,678.0,2.724995686803386
29.0,679.0,2.5720750245263133
29.0,680.0,2.427651355100051
29.0,681.0,2.2912582965790502
29.0,682.0,2.1624539107091216
29.0,683.0,2.040819903385717
29.0,684.0,1.9259600847481761
29.0,685.0,1.8174996451132883
29.0,686.0,1.7150837117274116
29.0,687.0,1.6183767009740355
29.0,688.0,1.5270609718231136
29.0,689.0,1.440836252514666
29.0,690.0,1.359418388583336
29.0,691.0,1.2825388404942775
29.0,692.0,1.2099435227062656
29.0,693.0,1.1413923676481543
29.0,694.0,1.076658251413498
29.0,695.0,1.0155266188401206
29.0,696.0,0.957794490951062
29.0,697.0,0.9032701456046367
29.0,698.0,0.8517722015968975
29.0,699.0,0.8031293492867573
29.0,700.0,0.7571795062695126
29.0,701.0,0.7137695924783238
29.0,702.0,0.6727547524640914
29.0,703.0,0.6339981696771503
29.0,704.0,0.5973703506000199
29.0,705.0,0.5627489731822573
29.0,706.0,0.5300182283358351
29.0,707.0,0.4990686978032331
29.0,708.0,0.4697967488162996
29.0,709.0,0.44210443700241386
29.0,710.0,0.4158989503094782
29.0,711.0,0.39109253288293755
29.0,712.0,0.3676019746600146
29.0,713.0,0.3453485524715541
29.0,714.0,0.3242575619995432
29.0,715.0,0.3042582726654549
29.0,716.0,0.2852834989210688
29.0,717.0,0.267269565774911
29.0,718.0,0.25015591664400766
29.0,719.0,0.23388508663956595
29.0,720.0,0.21840234444461587
29.0,721.0,0.20365567072788426
29.0,722.0,0.1895954317283843
29.0,723.0,0.17617436039200673
29.0,724.0,0.16334725953877777
29.0,725.0,0.1510709835201064
29.0,726.0,0.1393041690179041
29.0,727.0,0.12800721520214284
29.0,728.0,0.11714204036384931
29.0,729.0,0.10667205871333527
29.0,730.0,0.09656196118194683
29.0,731.0,0.08677768714183391
29.0,732.0,0.0772862278250227
29.0,733.0,0.0680555913667362
29.0,734.0,0.05905462738563792
29.0,735.0,0.05025298385532481
29.0,736.0,0.04162095146718699
29.0,737.0,0.03312941091952701
29.0,738.0,0.024749695745036222
29.0,739.0,0.016453528674719855
29.0,740.0,0.008212901656040217
29.0,741.0,0.0
30.0,0.0,0.0
30.0,1.0,0.002675006068020345
30.0,2.0,0.005359042965363262
30.0,3.0,0.008061173024903681
30.0,4.0,0.010790516728485341
30.0,5.0,0.01355628947004311
30.0,6.0,0.01636782374677128
30.0,7.0,0.019234611585842148
30.0,8.0,0.022166322692737203
30.0,9.0,0.025172852953246
30.0,10.0,0.028264338963030284
30.0,11.0,0.03145121302937229
30.0,12.0,0.034744214523943794
30.0,13.0,0.03815445182678737
30.0,14.0,0.04169341096755294
30.0,15.0,0.045373024977577434
30.0,16.0,0.04920568031370913
30.0,17.0,0.05320429411327049
30.0,18.0,0.05738231892922069
30.0,19.0,0.061753828417435125
30.0,20.0,0.06633352095258034
30.0,21.0,0.07113681431772545
30.0,22.0,0.07617984881714532
30.0,23.0,0.08147959158499188
30.0,24.0,0.08705383986450826
30.0,25.0,0.09292133560550223
30.0,26.0,0.09910176963930967
30.0,27.0,0.10561590729423968
30.0,28.0,0.11248559426215488
30.0,29.0,0.11973389402691091
30.0,30.0,0.12738509629157782
30.0,31.0,0.13546486708702954
30.0,32.0,0.14400026070837885
30.0,33.0,0.15301988344890455
30.0,34.0,0.16255391007969033
30.0,35.0,0.17263426223729716
30.0,36.0,0.18329463057096068
30.0,37.0,0.19457066889963703
30.0,38.0,0.2065000232449481
30.0,39.0,0.2191225429626134
30.0,40.0,0.23248031797439267
30.0,41.0,0.24661790816773754
30.0,42.0,0.26158239023298385
30.0,43.0,0.27742360670938293
30.0,44.0,0.2941942239200569
30.0,45.0,0.3119500021168462
30.0,46.0,0.3307498660785008
30.0,47.0,0.3506561978632923
30.0,48.0,0.3717349216865137
30.0,49.0,0.39405582081795665
30.0,50.0,0.4176926383706633
30.0,51.0,0.4427234198657687
30.0,52.0,0.46923063152885375
30.0,53.0,0.4973015299678981
30.0,54.0,0.5270282994640461
30.0,55.0,0.5585084500435468
30.0,56.0,0.591844975036296
30.0,57.0,0.627146778535134
30.0,58.0,0.6645288541384293
30.0,59.0,0.704112742334339
30.0,60.0,0.7460267307906081
30.0,61.0,0.7904063415174316
30.0,62.0,0.8373945522499859
30.0,63.0,0.8871423122531196
30.0,64.0,0.9398087831707266
30.0,65.0,0.9955618809372028
30.0,66.0,1.0545785328274515
30.0,67.0,1.1170452410035039
30.0,68.0,1.1831583502424323
30.0,69.0,1.2531246260058804
30.0,70.0,1.3271615242642314
30.0,71.0,1.4054977734238376
30.0,72.0,1.4883736335726414
30.0,73.0,1.5760414668779177
30.0,74.0,1.6687659681685794
30.0,75.0,1.7668247022165287
30.0,76.0,1.8705082805097568
30.0,77.0,1.98012083579492
30.0,78.0,2.0959801108049576
30.0,79.0,2.2184178301771458
30.0,80.0,2.347779655382272
30.0,81.0,2.484425401252621
30.0,82.0,2.628728797055224
30.0,83.0,2.7810774790588995
30.0,84.0,2.94187248037885
30.0,85.0,3.1115279121885924
30.0,86.0,3.290470084732081
30.0,87.0,3.479136768299317
30.0,88.0,3.6779758253581796
30.0,89.0,3.8874439194231987
30.0,90.0,4.108004515353889
30.0,91.0,4.3401258822508595
30.0,92.0,4.584278299019342
30.0,93.0,4.840931180963941
30.0,94.0,5.110549316594088
30.0,95.0,5.393588944070521
30.0,96.0,5.690492852084896
30.0,97.0,6.0016852527797235
30.0,98.0,6.327565617369972
30.0,99.0,6.6685022515126615
30.0,100.0,7.024824821686862
30.0,101.0,7.3968166548584104
30.0,102.0,7.7847060623204385
30.0,103.0,8.188657574549241
30.0,104.0,8.608762398854758
30.0,105.0,9.045029070673237
30.0,106.0,9.497373689560371
30.0,107.0,9.965610807335278
30.0,108.0,10.449444445376425
30.0,109.0,10.948460400303738
30.0,110.0,11.462119384182625
30.0,111.0,11.989752216076145
30.0,112.0,12.530556629197388
30.0,113.0,13.083596896902028
30.0,114.0,13.647805772398522
30.0,115.0,14.22198982905098
30.0,116.0,14.80483751778165
30.0,117.0,15.394930803304128
30.0,118.0,15.990759422632852
30.0,119.0,16.59073833134975
30.0,120.0,17.19322707468414
30.0,121.0,17.7965513633233
30.0,122.0,18.399025346466114
30.0,123.0,18.998974685381427
30.0,124.0,19.59475882631346
30.0,125.0,20.18479257594077
30.0,126.0,20.76756547200906
30.0,127.0,21.341659228891935
30.0,128.0,21.905761995347053
30.0,129.0,22.458679989683787
30.0,130.0,22.999345556093964
30.0,131.0,23.526822503521352
30.0,132.0,24.040308043964586
30.0,133.0,24.53913241665769
30.0,134.0,25.022755693457594
30.0,135.0,25.490762968191934
30.0,136.0,25.942857494713788
30.0,137.0,26.37885298997057
30.0,138.0,26.79866464873446
30.0,139.0,27.20230002870528
30.0,140.0,27.5898492834851
30.0,141.0,27.96147581038044
30.0,142.0,28.317406704539682
30.0,143.0,28.65792398984524
30.0,144.0,28.983355938700605
30.0,145.0,29.294069367232318
30.0,146.0,29.590462157026117
30.0,147.0,29.87295682550773
30.0,148.0,30.14199435627697
30.0,149.0,30.398029066485243
30.0,150.0,30.64152370172854
30.0,151.0,30.872945506371124
30.0,152.0,31.092762453608966
30.0,153.0,31.30144036533739
30.0,154.0,31.499440110162205
30.0,155.0,31.687215598945716
30.0,156.0,31.86521177669159
30.0,157.0,32.033863323430744
30.0,158.0,32.19359327703639
30.0,159.0,32.34481228558781
30.0,160.0,32.48791771813425
30.0,161.0,32.62329333669004
30.0,162.0,32.75130877489297
30.0,163.0,32.87231952080268
30.0,164.0,32.98666666587467
30.0,165.0,33.09467711126162
30.0,166.0,33.196663509800494
30.0,167.0,33.29292462739575
30.0,168.0,33.38374541809466
30.0,169.0,33.46939748801321
30.0,170.0,33.550139257964744
30.0,171.0,33.626216490371135
30.0,172.0,33.69786250554187
30.0,173.0,33.765298742412206
30.0,174.0,33.82873500381234
30.0,175.0,33.8883700300879
30.0,176.0,33.94439175595973
30.0,177.0,33.99697788251193
30.0,178.0,34.046296133910445
30.0,179.0,34.09250481825971
30.0,180.0,34.13575307686822
30.0,181.0,34.1761814283966
30.0,182.0,34.213922006823374
30.0,183.0,34.24909908640031
30.0,184.0,34.28182930722044
30.0,185.0,34.31222218097132
30.0,186.0,34.340380305223306
30.0,187.0,34.36639985198385
30.0,188.0,34.39037077363416
30.0,189.0,34.41237727793535
30.0,190.0,34.43249803001077
30.0,191.0,34.45080661876755
30.0,192.0,34.46737176044203
30.0,193.0,34.482257762326405
30.0,194.0,34.49552473406646
30.0,195.0,34.507229054971
30.0,196.0,34.51742359926552
30.0,197.0,34.5261582128418
30.0,198.0,34.5334799576961
30.0,199.0,34.539433602356965
30.0,200.0,34.54406188832983
30.0,201.0,34.547406035144284
30.0,202.0,34.54950602730208
30.0,203.0,34.550401129454514
30.0,204.0,34.550130185734496
30.0,205.0,34.54873213279269
30.0,206.0,34.54624629451186
30.0,207.0,34.54271287086362
30.0,208.0,34.538173200671444
30.0,209.0,34.53267019387026
30.0,210.0,34.52624852521052
30.0,211.0,34.518954969192976
30.0,212.0,34.510838481722026
30.0,213.0,34.501950394602915
30.0,214.0,34.492344344293535
30.0,215.0,34.4820762904376
30.0,216.0,34.47120426449506
30.0,217.0,34.459788196647416
30.0,218.0,34.44788948275779
30.0,219.0,34.435570634401785
30.0,220.0,34.422894696005486
30.0,221.0,34.409924766808714
30.0,222.0,34.39672333200636
30.0,223.0,34.383351732558424
30.0,224.0,34.36986949384244
30.0,225.0,34.356333829559084
30.0,226.0,34.34279905133355
30.0,227.0,34.329316182502296
30.0,228.0,34.315932512279346
30.0,229.0,34.302691367973075
30.0,230.0,34.28963184521578
30.0,231.0,34.27678875297617
30.0,232.0,34.26419251781292
30.0,233.0,34.25186928550091
30.0,234.0,34.239840971456694
30.0,235.0,34.228125482803584
30.0,236.0,34.21673687334489
30.0,237.0,34.20568564217638
30.0,238.0,34.19497894930186
30.0,239.0,34.18462094915839
30.0,240.0,34.174613028715996
30.0,241.0,34.164954142467174
30.0,242.0,34.155641044494985
30.0,243.0,34.14666860174282
30.0,244.0,34.13803000174611
30.0,245.0,34.1297170306624
30.0,246.0,34.12172024714103
30.0,247.0,34.11402921929449
30.0,248.0,34.10663266171844
30.0,249.0,34.09951863096659
30.0,250.0,34.0926746270189
30.0,251.0,34.08608775011543
30.0,252.0,34.07974477039307
30.0,253.0,34.07363225061604
30.0,254.0,34.067736588770025
30.0,255.0,34.062044111802415
30.0,256.0,34.05654109615115
30.0,257.0,34.051213837502424
30.0,258.0,34.04604865391197
30.0,259.0,34.041031936118905
30.0,260.0,34.036150137352216
30.0,261.0,34.03138980812008
30.0,262.0,34.02673757615374
30.0,263.0,34.02218016895336
30.0,264.0,34.01770438670521
30.0,265.0,34.013297115282704
30.0,266.0,34.00894529443402
30.0,267.0,34.0046359234463
30.0,268.0,34.00035602646423
30.0,269.0,33.99609265264193
30.0,270.0,33.99183284012566
30.0,271.0,33.98756361224493
30.0,272.0,33.98327194147503
30.0,273.0,33.978944743054534
30.0,274.0,33.97456884013345
30.0,275.0,33.97013095614603
30.0,276.0,33.96561768234627
30.0,277.0,33.96101547031222
30.0,278.0,33.95631060317162
30.0,279.0,33.95148918976758
30.0,280.0,33.94653714108567
30.0,281.0,33.94144016787264
30.0,282.0,33.93618376409452
30.0,283.0,33.930753210171886
30.0,284.0,33.92513356572562
30.0,285.0,33.91930968107074
30.0,286.0,33.91326620203478
30.0,287.0,33.90698759292232
30.0,288.0,33.90045815679575
30.0,289.0,33.8936620737479
30.0,290.0,33.88658344066293
30.0,291.0,33.87920632923987
30.0,292.0,33.871514849802935
30.0,293.0,33.863493233972555
30.0,294.0,33.85512592739918
30.0,295.0,33.84639770206735
30.0,296.0,33.83729378262199
30.0,297.0,33.82779999269857
30.0,298.0,33.81790291842339
30.0,299.0,33.80759009146147
30.0,300.0,33.79685019082959
30.0,301.0,33.78567326203945
30.0,302.0,33.7740509540534
30.0,303.0,33.76197676849665
30.0,304.0,33.74944632202181
30.0,305.0,33.73645761183772
30.0,306.0,33.72301128494161
30.0,307.0,33.70911089652008
30.0,308.0,33.69476315726466
30.0,309.0,33.679978150905704
30.0,310.0,33.664769521148926
30.0,311.0,33.64915460638345
30.0,312.0,33.63315452198975
30.0,313.0,33.61679416796898
30.0,314.0,33.60010216461026
30.0,315.0,33.58311069646341
30.0,316.0,33.56585527307706
30.0,317.0,33.54837439268459
30.0,318.0,33.53070912548271
30.0,319.0,33.5129026108979
30.0,320.0,33.49499949435347
30.0,321.0,33.477045306111506
30.0,322.0,33.459085814528024
30.0,323.0,33.44116636164145
30.0,324.0,33.423331215665556
30.0,325.0,33.405622948891775
30.0,326.0,33.38808187216059
30.0,327.0,33.37074553023799
30.0,328.0,33.35364828123831
30.0,329.0,33.33682095744835
30.0,330.0,33.320290620604766
30.0,331.0,33.304080402001325
30.0,332.0,33.28820943102746
30.0,333.0,33.27269283788584
30.0,334.0,33.257541827022564
30.0,335.0,33.24276380582371
30.0,336.0,33.22836256082624
30.0,337.0,33.214338468076335
30.0,338.0,33.20068872775501
30.0,339.0,33.18740761416466
30.0,340.0,33.174486730172994
30.0,341.0,33.16191526300415
30.0,342.0,33.14968022956586
30.0,343.0,33.13776671450747
30.0,344.0,33.126158087723205
30.0,345.0,33.11483621082343
30.0,346.0,33.10378161690154
30.0,347.0,33.09297367928578
30.0,348.0,33.08239075021059
30.0,349.0,33.07201029111906
30.0,350.0,33.06180897118253
30.0,351.0,33.051762761741166
30.0,352.0,33.04184699805946
30.0,353.0,33.032036442205
30.0,354.0,33.02230531252408
30.0,355.0,33.01262731987306
30.0,356.0,33.00297566952539
30.0,357.0,32.99332307561653
30.0,358.0,32.98364173992803
30.0,359.0,32.97390334900812
30.0,360.0,32.96407903378908
30.0,361.0,32.95413935332194
30.0,362.0,32.944054238647425
30.0,363.0,32.93379296657527
30.0,364.0,32.92332409075795
30.0,365.0,32.912615408538585
30.0,366.0,32.901633881836176
30.0,367.0,32.89034559983334
30.0,368.0,32.87871569211349
30.0,369.0,32.866708289894255
30.0,370.0,32.854286433890294
30.0,371.0,32.8414120369473
30.0,372.0,32.82804578936584
30.0,373.0,32.81414712618268
30.0,374.0,32.7996741332111
30.0,375.0,32.78458352288346
30.0,376.0,32.76883054507898
30.0,377.0,32.75236897642422
30.0,378.0,32.73515104113332
30.0,379.0,32.71712742000734
30.0,380.0,32.698247188051596
30.0,381.0,32.6784578511678
30.0,382.0,32.65770530928236
30.0,383.0,32.63593393092324
30.0,384.0,32.613086553017496
30.0,385.0,32.589104606195626
30.0,386.0,32.56392816527751
30.0,387.0,32.53749614119513
30.0,388.0,32.509746399378905
30.0,389.0,32.48061603746667
30.0,390.0,32.45004159207349
30.0,391.0,32.41795942460034
30.0,392.0,32.38430603973045
30.0,393.0,32.34901860401502
30.0,394.0,32.31203540104703
30.0,395.0,32.273296508023854
30.0,396.0,32.23274441159691
30.0,397.0,32.19032486471337
30.0,398.0,32.14598768176896
30.0,399.0,32.09968778958424
30.0,400.0,32.051386208336076
30.0,401.0,32.00105129400921
30.0,402.0,31.948659890102714
30.0,403.0,31.894198731934353
30.0,404.0,31.837665721365536
30.0,405.0,31.7790714247639
30.0,406.0,31.71844037902532
30.0,407.0,31.655812566602805
30.0,408.0,31.59124460996844
30.0,409.0,31.524811055711172
30.0,410.0,31.456605266279634
30.0,411.0,31.386740304128153
30.0,412.0,31.315349300746462
30.0,413.0,31.242585720446986
30.0,414.0,31.16862299798546
30.0,415.0,31.09365400005269
30.0,416.0,31.017889791532795
30.0,417.0,30.941558212606243
30.0,418.0,30.8649017626233
30.0,419.0,30.78817536333095
30.0,420.0,30.711643516886
30.0,421.0,30.635577496488477
30.0,422.0,30.560252095490547
30.0,423.0,30.485942622745178
30.0,424.0,30.41292165870667
30.0,425.0,30.34145628494771
30.0,426.0,30.271805263311723
30.0,427.0,30.204216877194042
30.0,428.0,30.138926851195333
30.0,429.0,30.07615704602449
30.0,430.0,30.016114276000504
30.0,431.0,29.958989928953873
30.0,432.0,29.904959671708564
30.0,433.0,29.854183914043627
30.0,434.0,29.80680826368817
30.0,435.0,29.762964653852418
30.0,436.0,29.722772340858196
30.0,437.0,29.686339476568257
30.0,438.0,29.653764430806177
30.0,439.0,29.625137601684386
30.0,440.0,29.60054287412445
30.0,441.0,29.580059502382504
30.0,442.0,29.563763564590776
30.0,443.0,29.551729803441226
30.0,444.0,29.544032988088176
30.0,445.0,29.540749647573406
30.0,446.0,29.54195929563936
30.0,447.0,29.547746030227245
30.0,448.0,29.55819960968709
30.0,449.0,29.573416918747274
30.0,450.0,29.59350290618202
30.0,451.0,29.618571934162027
30.0,452.0,29.64874859955916
30.0,453.0,29.684168991878906
30.0,454.0,29.724981425539465
30.0,455.0,29.7713476341156
30.0,456.0,29.823443441416657
30.0,457.0,29.881459918585154
30.0,458.0,29.945604019380188
30.0,459.0,30.016099723243478
30.0,460.0,30.093188656055432
30.0,461.0,30.177131237525188
30.0,462.0,30.26820730350387
30.0,463.0,30.366717270438084
30.0,464.0,30.472982769378486
30.0,465.0,30.58734783387709
30.0,466.0,30.71017954909918
30.0,467.0,30.841869262304375
30.0,468.0,30.98283324271136
30.0,469.0,31.13351390524275
30.0,470.0,31.294380467582428
30.0,471.0,31.465930167683773
30.0,472.0,31.64868889322351
30.0,473.0,31.843212360826165
30.0,474.0,32.0500866791421
30.0,475.0,32.269929442049516
30.0,476.0,32.50339016902776
30.0,477.0,32.75115124486641
30.0,478.0,33.013928158928195
30.0,479.0,33.292470199152746
30.0,480.0,33.587560384228084
30.0,481.0,33.900015788970514
30.0,482.0,34.230687029461606
30.0,483.0,34.5804580594539
30.0,484.0,34.95024502762703
30.0,485.0,35.34099534026462
30.0,486.0,35.75368566213342
30.0,487.0,36.18931999010663
30.0,488.0,36.648926516399136
30.0,489.0,37.13355440377824
30.0,490.0,37.644269176083384
30.0,491.0,38.18214783400081
30.0,492.0,38.74827239095352
30.0,493.0,39.3437229297428
30.0,494.0,39.9695688757537
30.0,495.0,40.62685958644065
30.0,496.0,41.316612969787016
30.0,497.0,42.03980324649769
30.0,498.0,42.79734661023623
30.0,499.0,43.59008594138455
30.0,500.0,44.41877340548629
30.0,501.0,45.284052168841086
30.0,502.0,46.18643618456442
30.0,503.0,47.12628940314463
30.0,504.0,48.10380353350423
30.0,505.0,49.11897587497807
30.0,506.0,50.17158656272969
30.0,507.0,51.2611769421681
30.0,508.0,52.38702864774877
30.0,509.0,53.54814528484167
30.0,510.0,54.74323648426632
30.0,511.0,55.97070633045527
30.0,512.0,57.22864600826123
30.0,513.0,58.51483260415691
30.0,514.0,59.82673377800078
30.0,515.0,61.161519934386355
30.0,516.0,62.51608322625515
30.0,517.0,63.88706445749547
30.0,518.0,65.27088661256248
30.0,519.0,66.66379535025895
30.0,520.0,68.06190450766442
30.0,521.0,69.46124624612769
30.0,522.0,70.85782334881921
30.0,523.0,72.24766285103159
30.0,524.0,73.62686833034518
30.0,525.0,74.99167000023718
30.0,526.0,76.33847019164712
30.0,527.0,77.66388374161525
30.0,528.0,78.9647714849508
30.0,529.0,80.23826699817833
30.0,530.0,81.4817955485899
30.0,531.0,82.69308605230296
30.0,532.0,83.87017567342481
30.0,533.0,85.01140835581323
30.0,534.0,86.11542737739815
30.0,535.0,87.18116345086891
30.0,536.0,88.20781866358337
30.0,537.0,89.19484777165476
30.0,538.0,90.14193713932106
30.0,539.0,91.04898266263417
30.0,540.0,91.91606684757357
30.0,541.0,92.74343612534904
30.0,542.0,93.53147841483982
30.0,543.0,94.28070174719021
30.0,544.0,94.99171381812768
30.0,545.0,95.6652030446734
30.0,546.0,96.30192089062223
30.0,547.0,96.90266584462323
30.0,548.0,97.46826876390283
30.0,549.0,97.99957981996617
30.0,550.0,98.49745675254752
30.0,551.0,98.96275455776706
30.0,552.0,99.39631634443398
30.0,553.0,99.79896540067853
30.0,554.0,100.1714982564234
30.0,555.0,100.5146787170776
30.0,556.0,100.82923272059013
30.0,557.0,101.11584393594299
30.0,558.0,101.37515003036998
30.0,559.0,101.60773947039316
30.0,560.0,101.81414886325297
30.0,561.0,101.99486065191923
30.0,562.0,102.15030125100154
30.0,563.0,102.28083938414477
30.0,564.0,102.38678479094344
30.0,565.0,102.46838700987199
30.0,566.0,102.52583448527085
30.0,567.0,102.55925364915404
30.0,568.0,102.56870830498296
30.0,569.0,102.55419890702865
30.0,570.0,102.51566214076641
30.0,571.0,102.45297033981777
30.0,572.0,102.36593122263487
30.0,573.0,102.25428742593891
30.0,574.0,102.11771639565339
30.0,575.0,101.95583005407266
30.0,576.0,101.76817488172777
30.0,577.0,101.554231775304
30.0,578.0,101.31341639835735
30.0,579.0,101.04507933032477
30.0,580.0,100.74850680978399
30.0,581.0,100.42292132370899
30.0,582.0,100.06748291907911
30.0,583.0,99.68129043739832
30.0,584.0,99.26338363015472
30.0,585.0,98.8127453073236
30.0,586.0,98.32830455959387
30.0,587.0,97.8089401603867
30.0,588.0,97.25348527103718
30.0,589.0,96.66073251043696
30.0,590.0,96.0294405932528
30.0,591.0,95.35834155203662
30.0,592.0,94.64614982254031
30.0,593.0,93.89157215594902
30.0,594.0,93.09331970113132
30.0,595.0,92.25012115638582
30.0,596.0,91.36073837740773
30.0,597.0,90.42398325399803
30.0,598.0,89.43873725385983
30.0,599.0,88.40397232335866
30.0,600.0,87.31877450909417
30.0,601.0,86.18236881767562
30.0,602.0,84.99414658337957
30.0,603.0,83.75369362768102
30.0,604.0,82.46082031942653
30.0,605.0,81.11559152505845
30.0,606.0,79.71835733897171
30.0,607.0,78.26978224923427
30.0,608.0,76.77087338909146
30.0,609.0,75.22300521050234
30.0,610.0,73.62794104320807
30.0,611.0,71.98784866416457
30.0,612.0,70.30531031412734
30.0,613.0,68.58332429866942
30.0,614.0,66.82529885849333
30.0,615.0,65.03503578199998
30.0,616.0,63.2167050353717
30.0,617.0,61.37480856095474
30.0,618.0,59.51413540691221
30.0,619.0,57.639707240544254
30.0,620.0,55.75671740037649
30.0,621.0,53.87046340779525
30.0,622.0,51.98627689071615
30.0,623.0,50.10945136656459
30.0,624.0,48.24517215985252
30.0,625.0,46.398448873539444
30.0,626.0,44.574054422684775
30.0,627.0,42.77647046692973
30.0,628.0,41.00984250888723
30.0,629.0,39.27794357054218
30.0,630.0,37.58414877843863
30.0,631.0,35.931418812250655
30.0,632.0,34.32229371543552
30.0,633.0,32.75889428907307
30.0,634.0,31.242932032572874
30.0,635.0,29.775724461289254
30.0,636.0,28.358216571711804
30.0,637.0,26.991005216793873
30.0,638.0,25.674367243474205
30.0,639.0,24.408288311760582
30.0,640.0,23.192493488578243
30.0,641.0,22.026476800611054
30.0,642.0,20.909531132717664
30.0,643.0,19.840775936756778
30.0,644.0,18.819184409237355
30.0,645.0,17.843607844259758
30.0,646.0,16.912799033587824
30.0,647.0,16.025432601459404
30.0,648.0,15.180124291968307
30.0,649.0,14.37544721761264
30.0,650.0,13.609947172415492
30.0,651.0,12.882155090200623
30.0,652.0,12.190598790080749
30.0,653.0,11.533812126957267
30.0,654.0,10.910343694883132
30.0,655.0,10.318763216581132
30.0,656.0,9.757667751704485
30.0,657.0,9.225685861081766
30.0,658.0,8.72148183191741
30.0,659.0,8.243758100704712
30.0,660.0,7.79125794469126
30.0,661.0,7.362766578249433
30.0,662.0,6.957112687923411
30.0,663.0,6.573168544772623
30.0,664.0,6.209850689761261
30.0,665.0,5.866119337039606
30.0,666.0,5.540978452838322
30.0,667.0,5.233474665475589
30.0,668.0,4.942696926486024
30.0,669.0,4.667775093451017
30.0,670.0,4.407879317123918
30.0,671.0,4.162218422686286
30.0,672.0,3.930039130426189
30.0,673.0,3.7106243287527123
30.0,674.0,3.5032922074064383
30.0,675.0,3.307394490297132
30.0,676.0,3.1223155380267897
30.0,677.0,2.9474705891184345
30.0,678.0,2.7823048716239622
30.0,679.0,2.6262918864602187
30.0,680.0,2.4789325550053536
30.0,681.0,2.3397535670813445
30.0,682.0,2.2083065818254597
30.0,683.0,2.0841666545493016
30.0,684.0,1.9669315010775714
30.0,685.0,1.8562200116181224
30.0,686.0,1.7516715836032242
30.0,687.0,1.6529447263016932
30.0,688.0,1.5597164635152392
30.0,689.0,1.471681029542704
30.0,690.0,1.3885493405138565
30.0,691.0,1.3100477801582617
30.0,692.0,1.235917736820704
30.0,693.0,1.1659144760472764
30.0,694.0,1.099806739204888
30.0,695.0,1.037375698986388
30.0,696.0,0.9784146148867736
30.0,697.0,0.9227278672041229
30.0,698.0,0.8701306642822342
30.0,699.0,0.8204481503363155
30.0,700.0,0.7735151592616099
30.0,701.0,0.7291753915605591
30.0,702.0,0.6872812095688244
30.0,703.0,0.6476928788430146
30.0,704.0,0.6102783998167629
30.0,705.0,0.5749128091798158
30.0,706.0,0.5414780432085764
30.0,707.0,0.5098622948950822
30.0,708.0,0.4799599044701651
30.0,709.0,0.4516707683003427
30.0,710.0,0.424900252416835
30.0,711.0,0.39955864947218084
30.0,712.0,0.3755611113900515
30.0,713.0,0.352827150949113
30.0,714.0,0.3312805899665419
30.0,715.0,0.3108491023457044
30.0,716.0,0.2914641744934488
30.0,717.0,0.27306068692477153
30.0,718.0,0.2555768838856736
30.0,719.0,0.23895399084840271
30.0,720.0,0.2231361905650009
30.0,721.0,0.20807027400870007
30.0,722.0,0.19370562031661187
30.0,723.0,0.17999387893520652
30.0,724.0,0.16688895112314356
30.0,725.0,0.15434670124101976
30.0,726.0,0.1423249376769647
30.0,727.0,0.1307831513830297
30.0,728.0,0.11968249425713393
30.0,729.0,0.10898554317092946
30.0,730.0,0.09865627399249091
30.0,731.0,0.0886598494737604
30.0,732.0,0.07896258722967646
30.0,733.0,0.06953176995799316
30.0,734.0,0.060335605803041745
30.0,735.0,0.05134305946746647
30.0,736.0,0.04252380348319933
30.0,737.0,0.033848068844059054
30.0,738.0,0.02528658578344078
30.0,739.0,0.01681045260931192
30.0,740.0,0.00839106464813586
30.0,741.0,0.0
31.0,0.0,0.0
31.0,1.0,0.00272758258731152
31.0,2.0,0.005464373630848922
31.0,3.0,0.00821961117095603
31.0,4.0,0.011002597574360137
31.0,5.0,0.013822724369300186
31.0,6.0,0.016689512555154905
31.0,7.0,0.01961263310277865
31.0,8.0,0.022601953245858175
31.0,9.0,0.02566755307083281
31.0,10.0,0.028819778214627445
31.0,11.0,0.03206925298393475
31.0,12.0,0.03542693989945877
31.0,13.0,0.03890414980507713
31.0,14.0,0.042512608719530935
31.0,15.0,0.04626446542221431
31.0,16.0,0.05017236609949988
31.0,17.0,0.05424945992579431
31.0,18.0,0.05850948202355402
31.0,19.0,0.06296675759598681
31.0,20.0,0.06763629375745635
31.0,21.0,0.0725337828179896
31.0,22.0,0.0776757035843512
31.0,23.0,0.08307932444650301
31.0,24.0,0.08876281479928015
31.0,25.0,0.09474524863726454
31.0,26.0,0.1010467268027819
31.0,27.0,0.1076883818583365
31.0,28.0,0.11469251192853724
31.0,29.0,0.1220825876882059
31.0,30.0,0.12988339863363643
31.0,31.0,0.1381210630994458
31.0,32.0,0.14682318786784573
31.0,33.0,0.15601888220768434
31.0,34.0,0.16573893180839902
31.0,35.0,0.17601581791952828
31.0,36.0,0.18688390667748583
31.0,37.0,0.19837947451158655
31.0,38.0,0.2105409140148576
31.0,39.0,0.22340876687104277
31.0,40.0,0.23702594750259776
31.0,41.0,0.2514377848589205
31.0,42.0,0.2666922651515339
31.0,43.0,0.2828400839222756
31.0,44.0,0.299934909241952
31.0,45.0,0.31803344554193397
31.0,46.0,0.33719571870067644
31.0,47.0,0.3574851531642339
31.0,48.0,0.3789688803646304
31.0,49.0,0.40171783066218486
31.0,50.0,0.4258070665168357
31.0,51.0,0.4513158907416755
31.0,52.0,0.47832820576429347
31.0,53.0,0.5069326395650103
31.0,54.0,0.5372229321952974
31.0,55.0,0.5692980805573506
31.0,56.0,0.6032627530579694
31.0,57.0,0.6392274540308378
31.0,58.0,0.6773089669540597
31.0,59.0,0.7176305387739066
31.0,60.0,0.7603223514467969
31.0,61.0,0.8055217256299341
31.0,62.0,0.8533736193519492
31.0,63.0,0.9040308494102751
31.0,64.0,0.9576546146368385
31.0,65.0,1.0144147317803254
31.0,66.0,1.0744901789974122
31.0,67.0,1.138069340869301
31.0,68.0,1.2053505652687038
31.0,69.0,1.2765424093012405
31.0,70.0,1.3518641993931872
31.0,71.0,1.4315462661603782
31.0,72.0,1.5158304932132796
31.0,73.0,1.6049705240012058
31.0,74.0,1.6992322791829146
31.0,75.0,1.7988941120978517
31.0,76.0,1.904247267312645
31.0,77.0,2.0155959532329595
31.0,78.0,2.1332577053030946
31.0,79.0,2.257563334089494
31.0,80.0,2.388857145295456
31.0,81.0,2.52749670916569
31.0,82.0,2.6738528757798767
31.0,83.0,2.82830929672763
31.0,84.0,2.9912621580619625
31.0,85.0,3.1631193680375977
31.0,86.0,3.3442999120203303
31.0,87.0,3.5352326013400646
31.0,88.0,3.7363549354085066
31.0,89.0,3.9481112879268836
31.0,90.0,4.170951143563609
31.0,91.0,4.405326581691935
31.0,92.0,4.651689741895269
31.0,93.0,4.910489456773165
31.0,94.0,5.182167798111818
31.0,95.0,5.467155716215401
31.0,96.0,5.765868535322869
31.0,97.0,6.078700487350447
31.0,98.0,6.406019072392301
31.0,99.0,6.748158442235032
31.0,100.0,7.105412632906811
31.0,101.0,7.478027871405179
31.0,102.0,7.866194835092081
31.0,103.0,8.270040134589008
31.0,104.0,8.689617966493621
31.0,105.0,9.12490126771611
31.0,106.0,9.575773396701974
31.0,107.0,10.042019741962037
31.0,108.0,10.523320361608526
31.0,109.0,11.019243114604041
31.0,110.0,11.529238444890177
31.0,111.0,12.052635306633299
31.0,112.0,12.588639400960894
31.0,113.0,13.136333178954809
31.0,114.0,13.6946787157018
31.0,115.0,14.262522794331138
31.0,116.0,14.838605152073079
31.0,117.0,15.4215690293818
31.0,118.0,16.009974750292645
31.0,119.0,16.602315228667603
31.0,120.0,17.19703388409565
31.0,121.0,17.792543631837393
31.0,122.0,18.38724723880586
31.0,123.0,18.97955756991414
31.0,124.0,19.56791794387774
31.0,125.0,20.150821122857558
31.0,126.0,20.726827227823584
31.0,127.0,21.29457924419216
31.0,128.0,21.85281660128439
31.0,129.0,22.400385720524536
31.0,130.0,22.9362482602308
31.0,131.0,23.459486198397453
31.0,132.0,23.96930470509945
31.0,133.0,24.465032143879732
31.0,134.0,24.946118306449407
31.0,135.0,25.412130335952767
31.0,136.0,25.862747508654763
31.0,137.0,26.297754362805225
31.0,138.0,26.71703333531162
31.0,139.0,27.120556367446337
31.0,140.0,27.508376582764395
31.0,141.0,27.880619438140492
31.0,142.0,28.23747437271713
31.0,143.0,28.579186286981017
31.0,144.0,28.906047797902673
31.0,145.0,29.218391541279356
31.0,146.0,29.516583399517412
31.0,147.0,29.80101588014575
31.0,148.0,30.072102471013697
31.0,149.0,30.330272168364385
31.0,150.0,30.575964966388952
31.0,151.0,30.809627490168246
31.0,152.0,31.031709535400072
31.0,153.0,31.242660694043884
31.0,154.0,31.442927812786927
31.0,155.0,31.632952468802234
31.0,156.0,31.813169198784585
31.0,157.0,31.98400367632192
31.0,158.0,32.145871565775764
31.0,159.0,32.299177261416716
31.0,160.0,32.444313233527666
31.0,161.0,32.58165920553951
31.0,162.0,32.71158187766451
31.0,163.0,32.83443443711008
31.0,164.0,32.95055656363209
31.0,165.0,33.06027418668895
31.0,166.0,33.16389969544298
31.0,167.0,33.261731873932376
31.0,168.0,33.354056254203094
31.0,169.0,33.44114517555604
31.0,170.0,33.523258233285425
31.0,171.0,33.600642420646565
31.0,172.0,33.673532637116764
31.0,173.0,33.742151882051104
31.0,174.0,33.80671179567749
31.0,175.0,33.86741288172646
31.0,176.0,33.92444506181741
31.0,177.0,33.97798791097503
31.0,178.0,34.02821121197371
31.0,179.0,34.0752751928966
31.0,180.0,34.11933107267777
31.0,181.0,34.16052129400229
31.0,182.0,34.198980054982826
31.0,183.0,34.23483353398108
31.0,184.0,34.268200405296064
31.0,185.0,34.299192055103624
31.0,186.0,34.32791308138669
31.0,187.0,34.35446150228443
31.0,188.0,34.378929242376806
31.0,189.0,34.40140233639505
31.0,190.0,34.42196140544168
31.0,191.0,34.4406818602632
31.0,192.0,34.457634372027904
31.0,193.0,34.47288508014831
31.0,194.0,34.48649606275868
31.0,195.0,34.498525554257405
31.0,196.0,34.50902842043653
31.0,197.0,34.51805639025842
31.0,198.0,34.52565853940876
31.0,199.0,34.53188153900639
31.0,200.0,34.536770148831124
31.0,201.0,34.54036748233141
31.0,202.0,34.542715506576656
31.0,203.0,34.543855317786935
31.0,204.0,34.54382763899065
31.0,205.0,34.54267309333068
31.0,206.0,34.5404326826813
31.0,207.0,34.537148037702075
31.0,208.0,34.53286185218172
31.0,209.0,34.52761808056264
31.0,210.0,34.52146229537272
31.0,211.0,34.514441797059014
31.0,212.0,34.50660585830542
31.0,213.0,34.498005710563454
31.0,214.0,34.48869464249041
31.0,215.0,34.4787278354841
31.0,216.0,34.4681622962479
31.0,217.0,34.45705653123767
31.0,218.0,34.44547031534612
31.0,219.0,34.4334642205681
31.0,220.0,34.4210992501764
31.0,221.0,34.40843626441292
31.0,222.0,34.395535535074266
31.0,223.0,34.382456132497694
31.0,224.0,34.369255470971176
31.0,225.0,34.355988729376705
31.0,226.0,34.342708457775466
31.0,227.0,34.32946409583825
31.0,228.0,34.31630169533168
31.0,229.0,34.30326357886488
31.0,230.0,34.29038820732814
31.0,231.0,34.27770999384417
31.0,232.0,34.265259317702565
31.0,233.0,34.25306248286635
31.0,234.0,34.24114185783181
31.0,235.0,34.22951595030106
31.0,236.0,34.218199639497755
31.0,237.0,34.207204330560984
31.0,238.0,34.19653824228654
31.0,239.0,34.18620660511501
31.0,240.0,34.176211970712444
31.0,241.0,34.16655442318339
31.0,242.0,34.157231884201806
31.0,243.0,34.1482403152133
31.0,244.0,34.13957400021713
31.0,245.0,34.13122572490773
31.0,246.0,34.12318702686143
31.0,247.0,34.11544834446614
31.0,248.0,34.10799923029294
31.0,249.0,34.100828467770775
31.0,250.0,34.09392424772861
31.0,251.0,34.08727425412826
31.0,252.0,34.08086580635203
31.0,253.0,34.07468591722148
31.0,254.0,34.06872140494498
31.0,255.0,34.06295892751119
31.0,256.0,34.05738506868395
31.0,257.0,34.05198635302519
31.0,258.0,34.046749310255564
31.0,259.0,34.041660474918864
31.0,260.0,34.03670643306046
31.0,261.0,34.03187381009873
31.0,262.0,34.02714930327912
31.0,263.0,34.02251966080348
31.0,264.0,34.01797170300263
31.0,265.0,34.0134922952753
31.0,266.0,34.00906836044927
31.0,267.0,34.00468684764543
31.0,268.0,34.00033473790087
31.0,269.0,33.99599901072316
31.0,270.0,33.99166664474487
31.0,271.0,33.987324583478966
31.0,272.0,33.98295973256887
31.0,273.0,33.97855892610131
31.0,274.0,33.974108921910315
31.0,275.0,33.969596369749645
31.0,276.0,33.96500780610375
31.0,277.0,33.96032962556739
31.0,278.0,33.95554807671098
31.0,279.0,33.9506492381607
31.0,280.0,33.94561901725995
31.0,281.0,33.940443132588086
31.0,282.0,33.93510711745219
31.0,283.0,33.92959631092353
31.0,284.0,33.923895868578136
31.0,285.0,33.91799076455645
31.0,286.0,33.91186581243155
31.0,287.0,33.90550568128517
31.0,288.0,33.89889493008478
31.0,289.0,33.89201804127147
31.0,290.0,33.88485947250756
31.0,291.0,33.87740371170541
31.0,292.0,33.86963535035846
31.0,293.0,33.861539164168285
31.0,294.0,33.85310021222525
31.0,295.0,33.84430394720904
31.0,296.0,33.83513634419486
31.0,297.0,33.82558404352394
31.0,298.0,33.8156345116532
31.0,299.0,33.80527621785748
31.0,300.0,33.79449882693125
31.0,301.0,33.78329340750584
31.0,302.0,33.771652652184066
31.0,303.0,33.75957111012301
31.0,304.0,33.74704542413177
31.0,305.0,33.73407457324384
31.0,306.0,33.7206601086286
31.0,307.0,33.70680638366118
31.0,308.0,33.69252076207849
31.0,309.0,33.677813804886746
31.0,310.0,33.66269941686373
31.0,311.0,33.64719495384782
31.0,312.0,33.6313212702083
31.0,313.0,33.615102709700004
31.0,314.0,33.59856702004455
31.0,315.0,33.58174519854343
31.0,316.0,33.564671252768406
31.0,317.0,33.54738188981383
31.0,318.0,33.529916124160245
31.0,319.0,33.512314824927216
31.0,320.0,33.49462019942898
31.0,321.0,33.476875240366844
31.0,322.0,33.45912313921247
31.0,323.0,33.441406696810446
31.0,324.0,33.42376773628562
31.0,325.0,33.40624654868393
31.0,326.0,33.38888137509512
31.0,327.0,33.3717079507846
31.0,328.0,33.354759110651074
31.0,329.0,33.338064473752716
31.0,330.0,33.32165020059267
31.0,331.0,33.30553883234672
31.0,332.0,33.289749201004085
31.0,333.0,33.27429641210579
31.0,334.0,33.25919188669178
31.0,335.0,33.24444345865357
31.0,336.0,33.230055514573074
31.0,337.0,33.216029168766745
31.0,338.0,33.202362463570644
31.0,339.0,33.18905058549621
31.0,340.0,33.17608609198655
31.0,341.0,33.16345913788386
31.0,342.0,33.151157702003154
31.0,343.0,33.139167801264335
31.0,344.0,33.12747369884229
31.0,345.0,33.116058091520635
31.0,346.0,33.104902288852095
31.0,347.0,33.093986366208036
31.0,348.0,33.08328931043323
31.0,349.0,33.072789136192604
31.0,350.0,33.062462997836924
31.0,351.0,33.05228727002809
31.0,352.0,33.04223762815329
31.0,353.0,33.03228909615463
31.0,354.0,33.02241609920975
31.0,355.0,33.012592482592375
31.0,356.0,33.002791540862965
31.0,357.0,32.99298601180761
31.0,358.0,32.983148086383515
31.0,359.0,32.97324938161568
31.0,360.0,32.96326093527048
31.0,361.0,32.953153161245524
31.0,362.0,32.942895832576994
31.0,363.0,32.93245802248385
31.0,364.0,32.92180807896945
31.0,365.0,32.91091355437152
31.0,366.0,32.899741174572554
31.0,367.0,32.88825675972488
31.0,368.0,32.876425190987526
31.0,369.0,32.864210325083114
31.0,370.0,32.851574961569234
31.0,371.0,32.83848075407393
31.0,372.0,32.82488818141769
31.0,373.0,32.8107564587977
31.0,374.0,32.796043516633574
31.0,375.0,32.78070591565963
31.0,376.0,32.76469883820647
31.0,377.0,32.747976012149735
31.0,378.0,32.7304897204956
31.0,379.0,32.712190740458475
31.0,380.0,32.693028378724755
31.0,381.0,32.67295043361919
31.0,382.0,32.65190326529887
31.0,383.0,32.62983179102951
31.0,384.0,32.606679601804856
31.0,385.0,32.58238900316083
31.0,386.0,32.55690119226502
31.0,387.0,32.53015635934823
31.0,388.0,32.5020939420113
31.0,389.0,32.472652805030364
31.0,390.0,32.44177159118022
31.0,391.0,32.40938899946679
31.0,392.0,32.37544425364066
31.0,393.0,32.33987750015638
31.0,394.0,32.302630415911395
31.0,395.0,32.26364674640772
31.0,396.0,32.22287307188127
31.0,397.0,32.18025950182395
31.0,398.0,32.135760611945955
31.0,399.0,32.08933630161394
31.0,400.0,32.040952901105435
31.0,401.0,31.990584181693617
31.0,402.0,31.938212611575054
31.0,403.0,31.883830482737697
31.0,404.0,31.827441263749623
31.0,405.0,31.769060772987768
31.0,406.0,31.70871853814098
31.0,407.0,31.646458904373603
31.0,408.0,31.58234226836628
31.0,409.0,31.516445969236475
31.0,410.0,31.44886522836743
31.0,411.0,31.379713642023955
31.0,412.0,31.309123640902147
31.0,413.0,31.237246401686743
31.0,414.0,31.16425165795071
31.0,415.0,31.09032688806446
31.0,416.0,31.01567637345157
31.0,417.0,30.94051960883468
31.0,418.0,30.865089614295712
31.0,419.0,30.789630641392698
31.0,420.0,30.71439588287418
31.0,421.0,30.639644686255934
31.0,422.0,30.56563993325993
31.0,423.0,30.49264508028016
31.0,424.0,30.420921557575245
31.0,425.0,30.350725997039966
31.0,426.0,30.28230800132327
31.0,427.0,30.21590787866236
31.0,428.0,30.151755054424683
31.0,429.0,30.090066525249178
31.0,430.0,30.03104605757591
31.0,431.0,29.974883435612423
31.0,432.0,29.92175445429955
31.0,433.0,29.871820908399187
31.0,434.0,29.825231277187772
31.0,435.0,29.782121313713432
31.0,436.0,29.742615254413817
31.0,437.0,29.70682682774819
31.0,438.0,29.674860804515678
31.0,439.0,29.646814247072633
31.0,440.0,29.622778233708928
31.0,441.0,29.60283919884144
31.0,442.0,29.58708070162238
31.0,443.0,29.575584748522147
31.0,444.0,29.568433518584207
31.0,445.0,29.565710601043566
31.0,446.0,29.567502628137387
31.0,447.0,29.573900395133236
31.0,448.0,29.585000381884278
31.0,449.0,29.60090574831464
31.0,450.0,29.62172774696655
31.0,451.0,29.647586603767223
31.0,452.0,29.678612836628606
31.0,453.0,29.71494804069772
31.0,454.0,29.75674613441326
31.0,455.0,29.804174072289026
31.0,456.0,29.857413041537587
31.0,457.0,29.916659125457365
31.0,458.0,29.982124472321114
31.0,459.0,30.054037929939067
31.0,460.0,30.132646205065623
31.0,461.0,30.21821448556335
31.0,462.0,30.31102760377062
31.0,463.0,30.411390657371577
31.0,464.0,30.51963018429938
31.0,465.0,30.636094787084893
31.0,466.0,30.761156319971118
31.0,467.0,30.895210514077508
31.0,468.0,31.038678169277667
31.0,469.0,31.192005768690965
31.0,470.0,31.35566665815885
31.0,471.0,31.53016162791756
31.0,472.0,31.716020050686797
31.0,473.0,31.913800395312194
31.0,474.0,32.1240912799237
31.0,475.0,32.34751186618502
31.0,476.0,32.58471276596817
31.0,477.0,32.836376244861185
31.0,478.0,33.10321689857934
31.0,479.0,33.38598156981087
31.0,480.0,33.68544968343134
31.0,481.0,34.00243275097282
31.0,482.0,34.33777422111836
31.0,483.0,34.69234841075023
31.0,484.0,35.067059689140876
31.0,485.0,35.46284063402117
31.0,486.0,35.880650325222554
31.0,487.0,36.3214714800552
31.0,488.0,36.786307587317445
31.0,489.0,37.27617873201815
31.0,490.0,37.79211725855963
31.0,491.0,38.33516195706157
31.0,492.0,38.90635191373727
31.0,493.0,39.50671871073326
31.0,494.0,40.13727811592027
31.0,495.0,40.799019961942754
31.0,496.0,41.492897366787886
31.0,497.0,42.21981402895789
31.0,498.0,42.980610780821806
31.0,499.0,43.776050194844636
31.0,500.0,44.60680048515831
31.0,501.0,45.47341759636775
31.0,502.0,46.3763268150656
31.0,503.0,47.31580293324876
31.0,504.0,48.29195042737033
31.0,505.0,49.30468285605836
31.0,506.0,50.3537030937792
31.0,507.0,51.43848379600373
31.0,508.0,52.55824986474327
31.0,509.0,53.71196248375878
31.0,510.0,54.89830659402963
31.0,511.0,56.115681476536366
31.0,512.0,57.36219630084603
31.0,513.0,58.63567026212526
31.0,514.0,59.93363897703364
31.0,515.0,61.25336652445275
31.0,516.0,62.59186440845445
31.0,517.0,63.9459164012813
31.0,518.0,65.31210998340508
31.0,519.0,66.68687279731962
31.0,520.0,68.06651422297412
31.0,521.0,69.44726998884987
31.0,522.0,70.82534944004584
31.0,523.0,72.19698308672368
31.0,524.0,73.55846984557654
31.0,525.0,74.90622163592313
31.0,526.0,76.2368048751039
31.0,527.0,77.54697690190281
31.0,528.0,78.83371728258808
31.0,529.0,80.09425260732068
31.0,530.0,81.32607526419058
31.0,531.0,82.52695541595314
31.0,532.0,83.69494715076863
31.0,533.0,84.8283885361761
31.0,534.0,85.92589686462178
31.0,535.0,86.9863591321258
31.0,536.0,88.00891915074055
31.0,537.0,88.99296145613738
31.0,538.0,89.93809334776687
31.0,539.0,90.8441252000782
31.0,540.0,91.711050205684
31.0,541.0,92.53902358962203
31.0,542.0,93.32834222970696
31.0,543.0,94.07942460345927
31.0,544.0,94.79279176935997
31.0,545.0,95.46904920233395
31.0,546.0,96.1088699899274
31.0,547.0,96.71297914436785
31.0,548.0,97.28213937169146
31.0,549.0,97.81713802779494
31.0,550.0,98.31877547226358
31.0,551.0,98.78785455930871
31.0,552.0,99.22517137481728
31.0,553.0,99.63150699533743
31.0,554.0,100.00762029669328
31.0,555.0,100.35424164356101
31.0,556.0,100.672067419676
31.0,557.0,100.96175529778124
31.0,558.0,101.22392014856675
31.0,559.0,101.4591305627018
31.0,560.0,101.66790582840262
31.0,561.0,101.85071341737954
31.0,562.0,102.00796676588024
31.0,563.0,102.14002348398209
31.0,564.0,102.2471837237842
31.0,565.0,102.32968892028212
31.0,566.0,102.38772057852799
31.0,567.0,102.42139940119978
31.0,568.0,102.43078437202948
31.0,569.0,102.41587216906166
31.0,570.0,102.37659646413636
31.0,571.0,102.31282756196934
31.0,572.0,102.22437187565846
31.0,573.0,102.11097177113606
31.0,574.0,101.97230521782355
31.0,575.0,101.8079858571641
31.0,576.0,101.6175628672607
31.0,577.0,101.40052131474933
31.0,578.0,101.15628231419868
31.0,579.0,100.88420376618402
31.0,580.0,100.58358093798309
31.0,581.0,100.25364773880234
31.0,582.0,99.89357789910419
31.0,583.0,99.50248698745347
31.0,584.0,99.07943442217294
31.0,585.0,98.6234264931743
31.0,586.0,98.13341950078424
31.0,587.0,97.6083241084738
31.0,588.0,97.04700996668797
31.0,589.0,96.44831178413473
31.0,590.0,95.81103585295602
31.0,591.0,95.13396827857396
31.0,592.0,94.41588386523036
31.0,593.0,93.65555697279119
31.0,594.0,92.85177323037759
31.0,595.0,92.00334347074873
31.0,596.0,91.10911868780427
31.0,597.0,90.16800740402758
31.0,598.0,89.17899413952046
31.0,599.0,88.1411603561829
31.0,600.0,87.05370641974034
31.0,601.0,85.91597589331485
31.0,602.0,84.72748050934257
31.0,603.0,83.48792702097658
31.0,604.0,82.1972440354728
31.0,605.0,80.85560987017473
31.0,606.0,79.46347925431901
31.0,607.0,78.02160973268163
31.0,608.0,76.5310853166409
31.0,609.0,74.99333808022101
31.0,610.0,73.4101650350125
31.0,611.0,71.78374092590876
31.0,612.0,70.11662422168958
31.0,613.0,68.41175707832056
31.0,614.0,66.67245672434696
31.0,615.0,64.90239944082728
31.0,616.0,63.1055950348129
31.0,617.0,61.28635363100036
31.0,618.0,59.44924335393281
31.0,619.0,57.59904152968589
31.0,620.0,55.74067871767659
31.0,621.0,53.879178954802725
31.0,622.0,52.01959609579582
31.0,623.0,50.166950101361394
31.0,624.0,48.32616335806883
31.0,625.0,46.502000910130725
31.0,626.0,44.699014429678385
31.0,627.0,42.92149339340715
31.0,628.0,41.173422661741675
31.0,629.0,39.458449232125474
31.0,630.0,37.77985656724103
31.0,631.0,36.14054852229522
31.0,632.0,34.543040541920995
31.0,633.0,32.98945955525892
31.0,634.0,31.481549733518854
31.0,635.0,30.020685200324856
31.0,636.0,28.607886627501717
31.0,637.0,27.2438427266344
31.0,638.0,25.92893357302363
31.0,639.0,24.66325688352971
31.0,640.0,23.44665434116906
31.0,641.0,22.278739301461457
31.0,642.0,21.158923196130544
31.0,643.0,20.086442208251423
31.0,644.0,19.060381759416796
31.0,645.0,18.079700597427657
31.0,646.0,17.143252215748323
31.0,647.0,16.249805559007367
31.0,648.0,15.398062888792403
31.0,649.0,14.586676876364963
31.0,650.0,13.81426489342118
31.0,651.0,13.079422632492935
31.0,652.0,12.380735087661844
31.0,653.0,11.716787055146929
31.0,654.0,11.086171217445015
31.0,655.0,10.487495972206355
31.0,656.0,9.919391085866216
31.0,657.0,9.380513317482672
31.0,658.0,8.869550100258417
31.0,659.0,8.385223399845595
31.0,660.0,7.926291841010289
31.0,661.0,7.491553189398258
31.0,662.0,7.079845284311712
31.0,663.0,6.69004747378913
31.0,664.0,6.321080654591594
31.0,665.0,5.971907931531179
31.0,666.0,5.6415340089060475
31.0,667.0,5.329005291077405
31.0,668.0,5.033408819029259
31.0,669.0,4.753871982352974
31.0,670.0,4.4895611515396405
31.0,671.0,4.239681132292688
31.0,672.0,4.00347360858381
31.0,673.0,3.7802164382029724
31.0,674.0,3.5692219928907596
31.0,675.0,3.36983636845069
31.0,676.0,3.181437685510598
31.0,677.0,3.0034352674140696
31.0,678.0,2.8352679473995446
31.0,679.0,2.6764032519103975
31.0,680.0,2.5263357463027627
31.0,681.0,2.384586249304917
31.0,682.0,2.2507002389666217
31.0,683.0,2.1242471150107405
31.0,684.0,2.00481867893196
31.0,685.0,1.892028454290986
31.0,686.0,1.7855102490913337
31.0,687.0,1.6849175391568851
31.0,688.0,1.5899221167020843
31.0,689.0,1.5002135383953759
31.0,690.0,1.4154978610235194
31.0,691.0,1.3354971533499258
31.0,692.0,1.2599483176683721
31.0,693.0,1.1886026628602713
31.0,694.0,1.121224809210703
31.0,695.0,1.0575923189528924
31.0,696.0,0.9974946808050473
31.0,697.0,0.9407329936099994
31.0,698.0,0.8871190265101719
31.0,699.0,0.8364749509276197
31.0,700.0,0.7886324720237259
31.0,701.0,0.7434326041300768
31.0,702.0,0.700724869061223
31.0,703.0,0.6603671101321511
31.0,704.0,0.6222247529479026
31.0,705.0,0.5861706532779976
31.0,706.0,0.5520844160919939
31.0,707.0,0.5198522727671941
31.0,708.0,0.48936645434180603
31.0,709.0,0.4605250937817119
31.0,710.0,0.43323164965888766
31.0,711.0,0.4073948294755399
31.0,712.0,0.3829280602275477
31.0,713.0,0.3597494290652281
31.0,714.0,0.3377811974574172
31.0,715.0,0.31694975574712814
31.0,716.0,0.29718517788283466
31.0,717.0,0.27842118669717547
31.0,718.0,0.260594746412131
31.0,719.0,0.24364603572490942
31.0,720.0,0.22751807551913586
31.0,721.0,0.2121567070810683
31.0,722.0,0.1975102526572383
31.0,723.0,0.18352949634438873
31.0,724.0,0.1701673753238588
31.0,725.0,0.15737896116919817
31.0,726.0,0.14512117975836114
31.0,727.0,0.13335279092354282
31.0,728.0,0.12203413519381803
31.0,729.0,0.11112710987248837
31.0,730.0,0.10059494089537911
31.0,731.0,0.09040215356225982
31.0,732.0,0.0805143679100001
31.0,733.0,0.07089826244695852
31.0,734.0,0.06152139153609068
31.0,735.0,0.052352140585179625
31.0,736.0,0.04335956401331012
31.0,737.0,0.03451333043602772
31.0,738.0,0.02578357984983358
31.0,739.0,0.017140857420355364
31.0,740.0,0.008555988564106666
31.0,741.0,0.0
32.0,0.0,0.0
32.0,1.0,0.002775808010669162
32.0,2.0,0.005560986169030054
32.0,3.0,0.008364937292700252
32.0,4.0,0.011197124497438319
32.0,5.0,0.014067109323823584
32.0,6.0,0.016984574741323227
32.0,7.0,0.019959369149378237
32.0,8.0,0.023001525182555466
32.0,9.0,0.0261213100114441
32.0,10.0,0.029329240387006315
32.0,11.0,0.03263613967963415
32.0,12.0,0.036053149618996576
32.0,13.0,0.03959179452782936
32.0,14.0,0.04326399023718769
32.0,15.0,0.047082115995151795
32.0,16.0,0.0510590210665797
32.0,17.0,0.05520810482604008
32.0,18.0,0.05954332158607859
32.0,19.0,0.06407926941847494
32.0,20.0,0.06883119379584883
32.0,21.0,0.07381508572591039
32.0,22.0,0.07904768483807753
32.0,23.0,0.08454658746184836
32.0,24.0,0.09033024984307464
32.0,25.0,0.09641810684996925
32.0,26.0,0.10283057606279435
32.0,27.0,0.10958918784926455
32.0,28.0,0.11671659113654614
32.0,29.0,0.12423669566170897
32.0,30.0,0.13217468030578597
32.0,31.0,0.14055714839401434
32.0,32.0,0.14941213954768964
32.0,33.0,0.1587692989824434
32.0,34.0,0.16865989391376815
32.0,35.0,0.1791169978782742
32.0,36.0,0.19017551281155173
32.0,37.0,0.2018723694953798
32.0,38.0,0.21424655650979038
32.0,39.0,0.2273393379858659
32.0,40.0,0.24119429071425724
32.0,41.0,0.2558575404546713
32.0,42.0,0.27137780855613663
32.0,43.0,0.2878066681352076
32.0,44.0,0.3051986016226981
32.0,45.0,0.32361127816568036
32.0,46.0,0.34310562355266416
32.0,47.0,0.36374612020969227
32.0,48.0,0.3856008909594816
32.0,49.0,0.4087420229559554
32.0,50.0,0.433245666687239
32.0,51.0,0.45919238510803384
32.0,52.0,0.4866672691811027
32.0,53.0,0.5157603132994903
32.0,54.0,0.5465665484493161
32.0,55.0,0.5791864447331891
32.0,56.0,0.6137260628935856
32.0,57.0,0.650297484314847
32.0,58.0,0.6890189811255812
32.0,59.0,0.7300154734176717
32.0,60.0,0.7734187173894319
32.0,61.0,0.8193677886098977
32.0,62.0,0.8680092865972278
32.0,63.0,0.919497841691265
32.0,64.0,0.9739963329897527
32.0,65.0,1.0316764146664488
32.0,66.0,1.0927187421937357
32.0,67.0,1.1573135116271882
32.0,68.0,1.2256606863830404
32.0,69.0,1.297970539944542
32.0,70.0,1.3744638719630753
32.0,71.0,1.455372540838407
32.0,72.0,1.5409396533696986
32.0,73.0,1.6314200685036393
32.0,74.0,1.7270805389465926
32.0,75.0,1.8282001608224894
32.0,76.0,1.935070438325361
32.0,77.0,2.0479956458386486
32.0,78.0,2.1672927776227078
32.0,79.0,2.2932917789026397
32.0,80.0,2.4263353315655034
32.0,81.0,2.566778898694711
32.0,82.0,2.7149902842425027
32.0,83.0,2.8713494215271362
32.0,84.0,3.036247630042161
32.0,85.0,3.2100870629206155
32.0,86.0,3.393279568068872
32.0,87.0,3.5862456934722626
32.0,88.0,3.789413044012922
32.0,89.0,4.003214728528068
32.0,90.0,4.228087090338274
32.0,91.0,4.4644674691927975
32.0,92.0,4.712791176494898
32.0,93.0,4.973488443360167
32.0,94.0,5.246980516439254
32.0,95.0,5.533675676982808
32.0,96.0,5.833964357809803
32.0,97.0,6.1482141563285175
32.0,98.0,6.476763927286247
32.0,99.0,6.819917785470311
32.0,100.0,7.177938222919124
32.0,101.0,7.551039214574619
32.0,102.0,7.9393785513307344
32.0,103.0,8.343050330395732
32.0,104.0,8.762076889089698
32.0,105.0,9.196401177605319
32.0,106.0,9.645878911774542
32.0,107.0,10.110271568722505
32.0,108.0,10.589239618072952
32.0,109.0,11.082337106269476
32.0,110.0,11.589007017427251
32.0,111.0,12.108578550112966
32.0,112.0,12.640265721690577
32.0,113.0,13.183168407113321
32.0,114.0,13.736275150380104
32.0,115.0,14.298468754534763
32.0,116.0,14.868533847022876
32.0,117.0,15.445167260822329
32.0,118.0,16.02699023511883
32.0,119.0,16.612563075461413
32.0,120.0,17.200401074267457
32.0,121.0,17.78899214765295
32.0,122.0,18.37681483367561
32.0,123.0,18.96235699723987
32.0,124.0,19.54413382818745
32.0,125.0,20.12070547776523
32.0,126.0,20.69069297867009
32.0,127.0,21.25279290447708
32.0,128.0,21.805789569539762
32.0,129.0,22.348565409023305
32.0,130.0,22.880108543158908
32.0,131.0,23.399518365767527
32.0,132.0,23.906008354269673
32.0,133.0,24.3989071066133
32.0,134.0,24.877656943806933
32.0,135.0,25.341811184433777
32.0,136.0,25.791029503298155
32.0,137.0,26.225072513063722
32.0,138.0,26.643794992829587
32.0,139.0,27.047138880666193
32.0,140.0,27.43512542329276
32.0,141.0,27.807847545265307
32.0,142.0,28.16546177918487
32.0,143.0,28.50818075201086
32.0,144.0,28.83626551397645
32.0,145.0,29.150018639693442
32.0,146.0,29.449777340639404
32.0,147.0,29.735907462790053
32.0,148.0,30.00879757400526
32.0,149.0,30.26885397143885
32.0,150.0,30.516495792454034
32.0,151.0,30.75215102751599
32.0,152.0,30.9762526092244
32.0,153.0,31.189235353625104
32.0,154.0,31.391532927863974
32.0,155.0,31.58357560480664
32.0,156.0,31.76578798517814
32.0,157.0,31.938587436725154
32.0,158.0,32.102382441805126
32.0,159.0,32.25757159425277
32.0,160.0,32.40454245044202
32.0,161.0,32.543670967822166
32.0,162.0,32.67532075083763
32.0,163.0,32.799842830099
32.0,164.0,32.917575210414306
32.0,165.0,33.02884290574035
32.0,166.0,33.13395771260754
32.0,167.0,33.23321843157602
32.0,168.0,33.32691080421455
32.0,169.0,33.4153078658358
32.0,170.0,33.498669997296965
32.0,171.0,33.57724536593308
32.0,172.0,33.65127005459445
32.0,173.0,33.7209685578897
32.0,174.0,33.78655396012376
32.0,175.0,33.84822846234051
32.0,176.0,33.90618358836464
32.0,177.0,33.96060072492038
32.0,178.0,34.0116513410529
32.0,179.0,34.059497529045714
32.0,180.0,34.10429222735206
32.0,181.0,34.1461797543814
32.0,182.0,34.18529602894008
32.0,183.0,34.221769092422356
32.0,184.0,34.25571932384054
32.0,185.0,34.28725994871583
32.0,186.0,34.31649724822592
32.0,187.0,34.34353105527811
32.0,188.0,34.3684549592237
32.0,189.0,34.391356791289
32.0,190.0,34.41231882775109
32.0,191.0,34.43141826812084
32.0,192.0,34.448727440629305
32.0,193.0,34.46431427725031
32.0,194.0,34.47824252572429
32.0,195.0,34.49057222555136
32.0,196.0,34.50135993041495
32.0,197.0,34.51065918846973
32.0,198.0,34.518520777690405
32.0,199.0,34.52499319186612
32.0,200.0,34.530122888824344
32.0,201.0,34.533954780269184
32.0,202.0,34.53653248879495
32.0,203.0,34.53789883491658
32.0,204.0,34.53809609325
32.0,205.0,34.5371664638971
32.0,206.0,34.53515231146194
32.0,207.0,34.53209660097068
32.0,208.0,34.52804309643555
32.0,209.0,34.523036734990285
32.0,210.0,34.51712375615729
32.0,211.0,34.510351983861774
32.0,212.0,34.502770855681526
32.0,213.0,34.49443158330139
32.0,214.0,34.485387055228
32.0,215.0,34.47569185417465
32.0,216.0,34.46540201854328
32.0,217.0,34.454574910841906
32.0,218.0,34.44326884215946
32.0,219.0,34.431542807125936
32.0,220.0,34.419455998290395
32.0,221.0,34.40706744563745
32.0,222.0,34.394435468459235
32.0,223.0,34.381617274692495
32.0,224.0,34.368668410252205
32.0,225.0,34.355642379899166
32.0,226.0,34.34259015393373
32.0,227.0,34.329559865730545
32.0,228.0,34.316596423175405
32.0,229.0,34.303741320626024
32.0,230.0,34.291032381655754
32.0,231.0,34.27850370056887
32.0,232.0,34.266185520192224
32.0,233.0,34.25410429653915
32.0,234.0,34.24228269633004
32.0,235.0,34.230739762662125
32.0,236.0,34.21949100498551
32.0,237.0,34.20854863558612
32.0,238.0,34.19792172041075
32.0,239.0,34.187616455156125
32.0,240.0,34.177636347089
32.0,241.0,34.167982503445415
32.0,242.0,34.158653819836815
32.0,243.0,34.149647260070715
32.0,244.0,34.14095803359705
32.0,245.0,34.13257985277281
32.0,246.0,34.124505088442696
32.0,247.0,34.11672499681687
32.0,248.0,34.10922984778724
32.0,249.0,34.10200911838186
32.0,250.0,34.09505159247655
32.0,251.0,34.088345521132474
32.0,252.0,34.08187869503499
32.0,253.0,34.07563857408865
32.0,254.0,34.0696123354511
32.0,255.0,34.06378697584001
32.0,256.0,34.05814933872959
32.0,257.0,34.05268619321404
32.0,258.0,34.047384244076774
32.0,259.0,34.042230191006304
32.0,260.0,34.037210725058145
32.0,261.0,34.03231257172616
32.0,262.0,34.02752247695638
32.0,263.0,34.02282723717578
32.0,264.0,34.01821367759852
32.0,265.0,34.01366867189335
32.0,266.0,34.00917911511553
32.0,267.0,34.004731935308904
32.0,268.0,34.00031406304289
32.0,269.0,33.99591243692639
32.0,270.0,33.991513971451454
32.0,271.0,33.98710555815988
32.0,272.0,33.98267403330474
32.0,273.0,33.97820617626456
32.0,274.0,33.973688678435394
32.0,275.0,33.969108140435125
32.0,276.0,33.96445104363413
32.0,277.0,33.95970374773355
32.0,278.0,33.95485246643234
32.0,279.0,33.949883267097796
32.0,280.0,33.94478205224803
32.0,281.0,33.93953456325771
32.0,282.0,33.93412636960345
32.0,283.0,33.92854287885464
32.0,284.0,33.92276933597284
32.0,285.0,33.91679084221054
32.0,286.0,33.9105923671521
32.0,287.0,33.9041587795508
32.0,288.0,33.89747487520613
32.0,289.0,33.8905254231572
32.0,290.0,33.883295212838554
32.0,291.0,33.8757691193264
32.0,292.0,33.86793217339176
32.0,293.0,33.85976964952876
32.0,294.0,33.85126716236548
32.0,295.0,33.842410780797415
32.0,296.0,33.83318715349932
32.0,297.0,33.823583651387914
32.0,298.0,33.813588523423604
32.0,299.0,33.803191067539245
32.0,300.0,33.79238181522649
32.0,301.0,33.78115272770321
32.0,302.0,33.76949740369729
32.0,303.0,33.75741129280737
32.0,304.0,33.74489191536291
32.0,305.0,33.73193907876064
32.0,306.0,33.71855509161052
32.0,307.0,33.70474496189026
32.0,308.0,33.69051658069114
32.0,309.0,33.675880874594185
32.0,310.0,33.66085192884808
32.0,311.0,33.64544706242586
32.0,312.0,33.629686858673466
32.0,313.0,33.61359513248186
32.0,314.0,33.59719884073352
32.0,315.0,33.58052791903255
32.0,316.0,33.56361505618092
32.0,317.0,33.546495393600175
32.0,318.0,33.52920616707434
32.0,319.0,33.51178628348025
32.0,320.0,33.49427585579656
32.0,321.0,33.476715694334565
32.0,322.0,33.45914678176553
32.0,323.0,33.441609733361
32.0,324.0,33.42414427123415
32.0,325.0,33.40678871460543
32.0,326.0,33.38957951244462
32.0,327.0,33.3725508182604
32.0,328.0,33.35573412786863
32.0,329.0,33.33915797587704
32.0,330.0,33.322847704534354
32.0,331.0,33.30682529649629
32.0,332.0,33.29110927792993
32.0,333.0,33.27571468065351
32.0,334.0,33.260653063647666
32.0,335.0,33.24593258196077
32.0,336.0,33.231558098856745
32.0,337.0,33.21753133086004
32.0,338.0,33.20385101846481
32.0,339.0,33.19051311570859
32.0,340.0,33.177510989144906
32.0,341.0,33.164835624272165
32.0,342.0,33.15247582793888
32.0,343.0,33.14041843038646
32.0,344.0,33.12864847314006
32.0,345.0,33.11714939235976
32.0,346.0,33.10590318093002
32.0,347.0,33.094890544986065
32.0,348.0,33.08409103444355
32.0,349.0,33.07348316938966
32.0,350.0,33.06304453737804
32.0,351.0,33.05275188975012
32.0,352.0,33.04258120672379
32.0,353.0,33.03250776581948
32.0,354.0,33.02250617734691
32.0,355.0,33.01255042824385
32.0,356.0,33.00261389131924
32.0,357.0,32.99266934827152
32.0,358.0,32.98268897626218
32.0,359.0,32.972644353924004
32.0,360.0,32.962506428747766
32.0,361.0,32.952245509719845
32.0,362.0,32.941831218778276
32.0,363.0,32.93123247348034
32.0,364.0,32.92041742554471
32.0,365.0,32.90935343674333
32.0,366.0,32.89800700737842
32.0,367.0,32.88634374848927
32.0,368.0,32.87432830307412
32.0,369.0,32.86192431775075
32.0,370.0,32.84909435966675
32.0,371.0,32.83579989099092
32.0,372.0,32.822001184795575
32.0,373.0,32.80765730621653
32.0,374.0,32.79272603116966
32.0,375.0,32.777163838730615
32.0,376.0,32.76092583739455
32.0,377.0,32.74396577422219
32.0,378.0,32.7262359744934
32.0,379.0,32.707687374467284
32.0,380.0,32.6882694817368
32.0,381.0,32.66793044006935
32.0,382.0,32.64661701954168
32.0,383.0,32.6242747238507
32.0,384.0,32.6008478213626
32.0,385.0,32.57627950745106
32.0,386.0,32.55051198983752
32.0,387.0,32.52348672078853
32.0,388.0,32.4951445523639
32.0,389.0,32.46542605542766
32.0,390.0,32.43427176231867
32.0,391.0,32.40162259116693
32.0,392.0,32.36742019451165
32.0,393.0,32.33160750769556
32.0,394.0,32.29412922126875
32.0,395.0,32.2549324702973
32.0,396.0,32.213967444894884
32.0,397.0,32.17118823186938
32.0,398.0,32.12655357002954
32.0,399.0,32.08002784522831
32.0,400.0,32.03158198369659
32.0,401.0,31.981194584786724
32.0,402.0,31.92885292524749
32.0,403.0,31.874554189945147
32.0,404.0,31.81830653240008
32.0,405.0,31.76013033296521
32.0,406.0,31.700059227676842
32.0,407.0,31.638141288739504
32.0,408.0,31.574439899348608
32.0,409.0,31.50903471921088
32.0,410.0,31.442022255682538
32.0,411.0,31.3735164574076
32.0,412.0,31.30364882325269
32.0,413.0,31.232568472114124
32.0,414.0,31.16044165268722
32.0,415.0,31.08745117762985
32.0,416.0,31.013795256855946
32.0,417.0,30.939686262805182
32.0,418.0,30.865348905118726
32.0,419.0,30.791018401301933
32.0,420.0,30.71693812461096
32.0,421.0,30.643357367401606
32.0,422.0,30.570528697994003
32.0,423.0,30.498705590732968
32.0,424.0,30.428139790005446
32.0,425.0,30.35907911373257
32.0,426.0,30.29176512287793
32.0,427.0,30.22643137268005
32.0,428.0,30.163301623908563
32.0,429.0,30.102588729697068
32.0,430.0,30.044493521191615
32.0,431.0,29.98920440512039
32.0,432.0,29.93689694283318
32.0,433.0,29.88773412648817
32.0,434.0,29.841866575634654
32.0,435.0,29.79943338161233
32.0,436.0,29.760562786494535
32.0,437.0,29.725373445427994
32.0,438.0,29.693975431503798
32.0,439.0,29.666471761053593
32.0,440.0,29.642959577167993
32.0,441.0,29.62353180284735
32.0,442.0,29.60827838346423
32.0,443.0,29.597287964989217
32.0,444.0,29.590649110311052
32.0,445.0,29.588451934541077
32.0,446.0,29.59078924353454
32.0,447.0,29.597758089154354
32.0,448.0,29.609460806005295
32.0,449.0,29.626006473539995
32.0,450.0,29.647511847307072
32.0,451.0,29.67410273136808
32.0,452.0,29.70591481353563
32.0,453.0,29.743094961565802
32.0,454.0,29.785801979102192
32.0,455.0,29.834207843877618
32.0,456.0,29.888498403804906
32.0,457.0,29.948874576347283
32.0,458.0,30.015553003685703
32.0,459.0,30.088767230636495
32.0,460.0,30.168768335053223
32.0,461.0,30.25582609798597
32.0,462.0,30.35022962107609
32.0,463.0,30.452288497536617
32.0,464.0,30.56233342259287
32.0,465.0,30.680717367502247
32.0,466.0,30.80781618214324
32.0,467.0,30.94402976663492
32.0,468.0,31.089782656831794
32.0,469.0,31.245525178910555
32.0,470.0,31.411733998470943
32.0,471.0,31.588913232343025
32.0,472.0,31.777594929776242
32.0,473.0,31.978340102182585
32.0,474.0,32.19173908997165
32.0,475.0,32.418412454405065
32.0,476.0,32.659011165405374
32.0,477.0,32.914217279551586
32.0,478.0,33.18474386206828
32.0,479.0,33.47133535069989
32.0,480.0,33.77476709861033
32.0,481.0,34.095845295095515
32.0,482.0,34.43540598513347
32.0,483.0,34.79431438471999
32.0,484.0,35.173463197731266
32.0,485.0,35.57377112696608
32.0,486.0,35.99618027125617
32.0,487.0,36.44165359523167
32.0,488.0,36.911171152299644
32.0,489.0,37.405726240878934
32.0,490.0,37.92632016745279
32.0,491.0,38.473956791604394
32.0,492.0,39.049635526719285
32.0,493.0,39.65434397155081
32.0,494.0,40.28904885755223
32.0,495.0,40.954686496617384
32.0,496.0,41.652151441680886
32.0,497.0,42.38228456935098
32.0,498.0,43.14585934706117
32.0,499.0,43.94356753973638
32.0,500.0,44.77600319704425
32.0,501.0,45.643646248562604
32.0,502.0,46.54684465893141
32.0,503.0,47.4857965706634
32.0,504.0,48.46053152835874
32.0,505.0,49.47089233412617
32.0,506.0,50.51651678856306
32.0,507.0,51.59682099254282
32.0,508.0,52.71098361780173
32.0,509.0,53.85793291656886
32.0,510.0,55.036335983733615
32.0,511.0,56.244592059064196
32.0,512.0,57.48082938959457
32.0,513.0,58.74290732886892
32.0,514.0,60.028423056113
32.0,515.0,61.33472431999833
32.0,516.0,62.658927294480584
32.0,517.0,63.99794052759665
32.0,518.0,65.348493654852
32.0,519.0,66.70717135153387
32.0,520.0,68.0704507573429
32.0,521.0,69.43474237913395
32.0,522.0,70.79643237799904
32.0,523.0,72.15192594883187
32.0,524.0,73.4976895998751
32.0,525.0,74.83029200136396
32.0,526.0,76.14644138734887
32.0,527.0,77.44301939944305
32.0,528.0,78.71710976152076
32.0,529.0,79.96602206473835
32.0,530.0,81.18730956779285
32.0,531.0,82.37878172058782
32.0,532.0,83.53851080952063
32.0,533.0,84.66483377882643
32.0,534.0,85.75634899896446
32.0,535.0,86.81190923129076
32.0,536.0,87.83061077390333
32.0,537.0,88.8117800718848
32.0,538.0,89.75495784665961
32.0,539.0,90.65988193401907
32.0,540.0,91.52646885602033
32.0,541.0,92.35479514542533
32.0,542.0,93.14507836971327
32.0,543.0,93.89765867257638
32.0,544.0,94.61298069420438
32.0,545.0,95.29157649148465
32.0,546.0,95.93404925197966
32.0,547.0,96.54105824853946
32.0,548.0,97.11330479094289
32.0,549.0,97.6515194759733
32.0,550.0,98.15645048650956
32.0,551.0,98.62885312298842
32.0,552.0,99.0694803397501
32.0,553.0,99.4790743738403
32.0,554.0,99.85835928234928
32.0,555.0,100.20803439623334
32.0,556.0,100.52876856570869
32.0,557.0,100.82119513611923
32.0,558.0,101.08590759855976
32.0,559.0,101.32345579130106
32.0,560.0,101.53434267167813
32.0,561.0,101.71902147469734
32.0,562.0,101.87789335680587
32.0,563.0,102.01130528234468
32.0,564.0,102.11954833151411
32.0,565.0,102.20285612855534
32.0,566.0,102.26140364990766
32.0,567.0,102.29530605162928
32.0,568.0,102.304617856775
32.0,569.0,102.28933208191872
32.0,570.0,102.24937972424722
32.0,571.0,102.18462912781624
32.0,572.0,102.09488573094016
32.0,573.0,101.97989165256394
32.0,574.0,101.83932570007744
32.0,575.0,101.67280319597252
32.0,576.0,101.47987628642122
32.0,577.0,101.26003406948465
32.0,578.0,101.01270328695901
32.0,579.0,100.73724885906198
32.0,580.0,100.43297508731658
32.0,581.0,100.09912674783078
32.0,582.0,99.73489098206333
32.0,583.0,99.33939915188071
32.0,584.0,98.91172964779662
32.0,585.0,98.45091076317479
32.0,586.0,97.95592470439779
32.0,587.0,97.42571179632613
32.0,588.0,96.85917603203498
32.0,589.0,96.25519097163652
32.0,590.0,95.61260721361587
32.0,591.0,94.93026038513003
32.0,592.0,94.20698094086072
32.0,593.0,93.44160465040243
32.0,594.0,92.63298511631429
32.0,595.0,91.78000712227464
32.0,596.0,90.88160218534178
32.0,597.0,89.93676500960919
32.0,598.0,88.94457221817841
32.0,599.0,87.90420192872358
32.0,600.0,86.81495551536928
32.0,601.0,85.67627995333868
32.0,602.0,84.48779201254835
32.0,603.0,83.249302489046
32.0,604.0,81.96084162385651
32.0,605.0,80.62268366024173
32.0,606.0,79.2353715479746
32.0,607.0,77.7997395022466
32.0,608.0,76.3169342951785
32.0,609.0,74.78843278403566
32.0,610.0,73.21605648899092
32.0,611.0,71.6019806243683
32.0,612.0,69.94873846459852
32.0,613.0,68.25921851963307
32.0,614.0,66.53665566297298
32.0,615.0,64.78461397333231
32.0,616.0,63.00696290843446
32.0,617.0,61.207845061096414
32.0,618.0,59.39163775344519
32.0,619.0,57.56290731893718
32.0,620.0,55.7263589960119
32.0,621.0,53.8867818310106
32.0,622.0,52.04899203370095
32.0,623.0,50.21777450125183
32.0,624.0,48.39782616753785
32.0,625.0,46.593700864469184
32.0,626.0,44.809759196824984
32.0,627.0,43.0501227408087
32.0,628.0,41.31863560636498
32.0,629.0,39.61883206735207
32.0,630.0,37.95391268956093
32.0,631.0,36.326727003161196
32.0,632.0,34.73976456995815
32.0,633.0,33.195151945142456
32.0,634.0,31.694656966046864
32.0,635.0,30.239697523856822
32.0,636.0,28.831356046005816
32.0,637.0,27.470396717294065
32.0,638.0,26.15728665582008
32.0,639.0,24.892218115273906
32.0,640.0,23.675133051093432
32.0,641.0,22.505747269398807
32.0,642.0,21.383575682597144
32.0,643.0,20.30795607838421
32.0,644.0,19.278073122171154
32.0,645.0,18.292980182629037
32.0,646.0,17.35162087151057
32.0,647.0,16.45284804080048
32.0,648.0,15.595442258710017
32.0,649.0,14.778127622981676
32.0,650.0,13.99958702026328
32.0,651.0,13.258474769509748
32.0,652.0,12.553428807471478
32.0,653.0,11.883080404819093
32.0,654.0,11.24606359043568
32.0,655.0,10.641022302461186
32.0,656.0,10.066617441511877
32.0,657.0,9.52153186176654
32.0,658.0,9.004475458652553
32.0,659.0,8.51418839907088
32.0,660.0,8.04944462693924
32.0,661.0,7.609053697758076
32.0,662.0,7.191863043476801
32.0,663.0,6.796758729553217
32.0,664.0,6.422666770844507
32.0,665.0,6.068553078598365
32.0,666.0,5.733424068851448
32.0,667.0,5.416326018019666
32.0,668.0,5.116345158746355
32.0,669.0,4.832606618861934
32.0,670.0,4.564274158726488
32.0,671.0,4.310548830507562
32.0,672.0,4.070668476418179
32.0,673.0,3.843906213678299
32.0,674.0,3.6295697844892647
32.0,675.0,3.4269999462902088
32.0,676.0,3.2355697412596376
32.0,677.0,3.054682850873179
32.0,678.0,2.883772834441703
32.0,679.0,2.722301490753829
32.0,680.0,2.56975810087893
32.0,681.0,2.4256578270852955
32.0,682.0,2.2895409841339185
32.0,683.0,2.1609714960183117
32.0,684.0,2.039536211612039
32.0,685.0,1.924843432486441
32.0,686.0,1.816522282506259
32.0,687.0,1.714221314548792
32.0,688.0,1.6176079390148255
32.0,689.0,1.5263671132874799
32.0,690.0,1.4402008307710468
32.0,691.0,1.3588268940591095
32.0,692.0,1.2819784637357583
32.0,693.0,1.2094029142065847
32.0,694.0,1.140861439860444
32.0,695.0,1.0761279911455954
32.0,696.0,1.014988934611511
32.0,697.0,0.957242065923244
32.0,698.0,0.9026963196384875
32.0,699.0,0.8511708553202885
32.0,700.0,0.8024948125440898
32.0,701.0,0.7565064659953797
32.0,702.0,0.7130530210601149
32.0,703.0,0.6719898337059624
32.0,704.0,0.633180242022927
32.0,705.0,0.5964948467285743
32.0,706.0,0.561811374145317
32.0,707.0,0.5290140132993828
32.0,708.0,0.4979933060107208
32.0,709.0,0.46864553674122106
32.0,710.0,0.4408726457056608
32.0,711.0,0.41458166784372075
32.0,712.0,0.38968466511608574
32.0,713.0,0.3660982112103338
32.0,714.0,0.3437433394509638
32.0,715.0,0.322545070089205
32.0,716.0,0.3024323705192239
32.0,717.0,0.28333772223781495
32.0,718.0,0.26519709031429256
32.0,719.0,0.24794952733203632
32.0,720.0,0.23153714930184235
32.0,721.0,0.2159047741095343
32.0,722.0,0.20099990128876008
32.0,723.0,0.18677238269489682
32.0,724.0,0.1731744037615835
32.0,725.0,0.16016018429952666
32.0,726.0,0.14768595905048432
32.0,727.0,0.1357097066696193
32.0,728.0,0.12419112756082272
32.0,729.0,0.11309139924276432
32.0,730.0,0.1023731496003999
32.0,731.0,0.09200023695794467
32.0,732.0,0.0819377170134422
32.0,733.0,0.07215164604684897
32.0,734.0,0.06260903991808497
32.0,735.0,0.05327769892566857
32.0,736.0,0.04412615734422491
32.0,737.0,0.0351235285190768
32.0,738.0,0.026239443497257646
32.0,739.0,0.017443914996554
32.0,740.0,0.008707263745115315
32.0,741.0,0.0
33.0,0.0,0.0
33.0,1.0,0.0028195612644818942
33.0,2.0,0.005648640582480791
33.0,3.0,0.008496786569728796
33.0,4.0,0.011373614298243536
33.0,5.0,0.014288830948220765
33.0,6.0,0.017252277455526866
33.0,7.0,0.020273949679935566
33.0,8.0,0.02336404623280626
33.0,9.0,0.026532985598672072
33.0,10.0,0.02979146058025676
33.0,11.0,0.033150451826040914
33.0,12.0,0.036621289345411506
33.0,13.0,0.040215662915832395
33.0,14.0,0.04394569114190201
33.0,15.0,0.047823929242256535
33.0,16.0,0.0518634461527389
33.0,17.0,0.05607783022530596
33.0,18.0,0.06048127490750056
33.0,19.0,0.0650885829235541
33.0,20.0,0.06991526110001062
33.0,21.0,0.07497752364303269
33.0,22.0,0.08029239672343094
33.0,23.0,0.08587772151396945
33.0,24.0,0.0917522691962273
33.0,25.0,0.09793574447745752
33.0,26.0,0.10444891173657316
33.0,27.0,0.11131359980171719
33.0,28.0,0.11855284001299825
33.0,29.0,0.12619087310906904
33.0,30.0,0.13425330004959235
33.0,31.0,0.14276709193122816
33.0,32.0,0.15176075448243206
33.0,33.0,0.16126434200537307
33.0,34.0,0.1713096365283617
33.0,35.0,0.18193016684890634
33.0,36.0,0.19316140340305094
33.0,37.0,0.20504078356387667
33.0,38.0,0.2176079233597112
33.0,39.0,0.23090465025880996
33.0,40.0,0.24497523293611165
33.0,41.0,0.2598664228442644
33.0,42.0,0.2756277032862526
33.0,43.0,0.29231134112939433
33.0,44.0,0.3099726564817763
33.0,45.0,0.32867008594121466
33.0,46.0,0.3484654741875677
33.0,47.0,0.36942415016198543
33.0,48.0,0.3916152418621863
33.0,49.0,0.4151117668040381
33.0,50.0,0.43999097122601993
33.0,51.0,0.46633443607601605
33.0,52.0,0.49422844167237157
33.0,53.0,0.5237640902584996
33.0,54.0,0.5550376969023784
33.0,55.0,0.5881509293373579
33.0,56.0,0.623211225472353
33.0,57.0,0.6603319507467679
33.0,58.0,0.69963284202214
33.0,59.0,0.7412401819682988
33.0,60.0,0.7852872682528894
33.0,61.0,0.8319146034762647
33.0,62.0,0.8812703873914622
33.0,63.0,0.9335107195311738
33.0,64.0,0.9888001105819114
33.0,65.0,1.0473116929917852
33.0,66.0,1.1092277454717805
33.0,67.0,1.1747399044093003
33.0,68.0,1.2440496926358886
33.0,69.0,1.317368721245431
33.0,70.0,1.3949192100860364
33.0,71.0,1.4769341654164667
33.0,72.0,1.5636578748626977
33.0,73.0,1.6553460410452596
33.0,74.0,1.7522662277859937
33.0,75.0,1.8546979231982679
33.0,76.0,1.9629329065359156
33.0,77.0,2.077275206067956
33.0,78.0,2.198041346960607
33.0,79.0,2.325560159422423
33.0,80.0,2.460172857315272
33.0,81.0,2.602232640537859
33.0,82.0,2.752104541750329
33.0,83.0,2.910164753966612
33.0,84.0,3.076800169214303
33.0,85.0,3.252407348399151
33.0,86.0,3.4373916617339995
33.0,87.0,3.6321658042648184
33.0,88.0,3.8371484350152754
33.0,89.0,4.052762130104615
33.0,90.0,4.2794314082840295
33.0,91.0,4.5175800074635175
33.0,92.0,4.767628182486268
33.0,93.0,5.029989194697893
33.0,94.0,5.305065778806779
33.0,95.0,5.593245755088966
33.0,96.0,5.894897593018814
33.0,97.0,6.210365099493818
33.0,98.0,6.539962065765614
33.0,99.0,6.883966061034456
33.0,100.0,7.242612244110369
33.0,101.0,7.616086406972303
33.0,102.0,8.004518168874057
33.0,103.0,8.407973571507883
33.0,104.0,8.826448049424434
33.0,105.0,9.259859070366256
33.0,106.0,9.708039478142842
33.0,107.0,10.170730876558556
33.0,108.0,10.647578138024528
33.0,109.0,11.138124406135868
33.0,110.0,11.641807704396712
33.0,111.0,12.157958521466025
33.0,112.0,12.685799474031139
33.0,113.0,13.224446372792537
33.0,114.0,13.772911728284164
33.0,115.0,14.330109922119592
33.0,116.0,14.894864960346624
33.0,117.0,15.465919885723125
33.0,118.0,16.041948605662128
33.0,119.0,16.621569040703132
33.0,120.0,17.20335818516506
33.0,121.0,17.785867831279894
33.0,122.0,18.36764142321083
33.0,123.0,18.947230701209318
33.0,124.0,19.523212555449874
33.0,125.0,20.094204749854224
33.0,126.0,20.658880982193086
33.0,127.0,21.215984031933495
33.0,128.0,21.764337587260997
33.0,129.0,22.302855656407335
33.0,130.0,22.830550319703914
33.0,131.0,23.346536899541064
33.0,132.0,23.850037464499906
33.0,133.0,24.340381893692147
33.0,134.0,24.817007537546257
33.0,135.0,25.279456801026093
33.0,136.0,25.727373749855694
33.0,137.0,26.160499110658247
33.0,138.0,26.57866477663883
33.0,139.0,26.981787188629617
33.0,140.0,27.369860674588722
33.0,141.0,27.742950086569078
33.0,142.0,28.101183767295396
33.0,143.0,28.444746141440095
33.0,144.0,28.773870905398727
33.0,145.0,29.08883406639409
33.0,146.0,29.389947749298656
33.0,147.0,29.677553985160262
33.0,148.0,29.95201935276637
33.0,149.0,30.213729661139304
33.0,150.0,30.463085507255215
33.0,151.0,30.700497881812684
33.0,152.0,30.92638462962448
33.0,153.0,31.141166932001816
33.0,154.0,31.34526659749942
33.0,155.0,31.539103330474138
33.0,156.0,31.723092749039814
33.0,157.0,31.89764432941111
33.0,158.0,32.063160036940864
33.0,159.0,32.22003283206221
33.0,160.0,32.368645802136164
33.0,161.0,32.50937112094492
33.0,162.0,32.64256957838237
33.0,163.0,32.76858989694815
33.0,164.0,32.88776856924757
33.0,165.0,33.00042944866079
33.0,166.0,33.10688381866917
33.0,167.0,33.20743018884942
33.0,168.0,33.30235453368788
33.0,169.0,33.391930238137505
33.0,170.0,33.47641845599873
33.0,171.0,33.556068160911956
33.0,172.0,33.63111658521462
33.0,173.0,33.7017893422265
33.0,174.0,33.768300915664746
33.0,175.0,33.83085482743765
33.0,176.0,33.88964415530447
33.0,177.0,33.944851727265295
33.0,178.0,33.99665065136587
33.0,179.0,34.04520452335034
33.0,180.0,34.090667957534876
33.0,181.0,34.13318679888226
33.0,182.0,34.172898647901945
33.0,183.0,34.20993307190062
33.0,184.0,34.24441212008784
33.0,185.0,34.27645053161517
33.0,186.0,34.306156239617835
33.0,187.0,34.33363057589738
33.0,188.0,34.35896876460722
33.0,189.0,34.382260125132596
33.0,190.0,34.403588557576946
33.0,191.0,34.42303274656415
33.0,192.0,34.4406666415894
33.0,193.0,34.45655966506741
33.0,194.0,34.470777190898666
33.0,195.0,34.483380760004025
33.0,196.0,34.49442855998573
33.0,197.0,34.50397565045822
33.0,198.0,34.51207444526719
33.0,199.0,34.51877494795274
33.0,200.0,34.5241252354362
33.0,201.0,34.528171700764375
33.0,202.0,34.53095953336007
33.0,203.0,34.53253296174792
33.0,204.0,34.53293572045569
33.0,205.0,34.53221127993062
33.0,206.0,34.530403284383375
33.0,207.0,34.52755575021087
33.0,208.0,34.52371345339946
33.0,209.0,34.518922072661795
33.0,210.0,34.513228500924775
33.0,211.0,34.50668090677092
33.0,212.0,34.49932894390414
33.0,213.0,34.491223706288125
33.0,214.0,34.482417814127814
33.0,215.0,34.472965245827226
33.0,216.0,34.46292128992382
33.0,217.0,34.45234225086692
33.0,218.0,34.44128527276555
33.0,219.0,34.429807934207446
33.0,220.0,34.417967968718436
33.0,221.0,34.40582278249595
33.0,222.0,34.39342911347611
33.0,223.0,34.38084251992541
33.0,224.0,34.368117030064205
33.0,225.0,34.355304654666185
33.0,226.0,34.34245507912355
33.0,227.0,34.32961524785983
33.0,228.0,34.31682914054326
33.0,229.0,34.30413746191091
33.0,230.0,34.29157752671227
33.0,231.0,34.27918306975189
33.0,232.0,34.26698424498261
33.0,233.0,34.25500755221925
33.0,234.0,34.243275939254254
33.0,235.0,34.23180882768294
33.0,236.0,34.220622295895524
33.0,237.0,34.20972917859558
33.0,238.0,34.19913930376316
33.0,239.0,34.18885963852504
33.0,240.0,34.17889455371087
33.0,241.0,34.16924599124039
33.0,242.0,34.15991373389504
33.0,243.0,34.15089557440226
33.0,244.0,34.142187573650155
33.0,245.0,34.13378421747429
33.0,246.0,34.12567865229797
33.0,247.0,34.117862821086504
33.0,248.0,34.110327670407855
33.0,249.0,34.10306326148632
33.0,250.0,34.096058946554905
33.0,251.0,34.08930345421724
33.0,252.0,34.082785035661544
33.0,253.0,34.0764915256986
33.0,254.0,34.07041046108062
33.0,255.0,34.06452911982809
33.0,256.0,34.058834614775336
33.0,257.0,34.053313914370236
33.0,258.0,34.047953914886634
33.0,259.0,34.0427414459983
33.0,260.0,34.037663325059036
33.0,261.0,34.032706350595234
33.0,262.0,34.02785734181314
33.0,263.0,34.02310312285685
33.0,264.0,34.01843055037
33.0,265.0,34.01382649102028
33.0,266.0,34.009277839595896
33.0,267.0,34.0047714919631
33.0,268.0,34.00029435586333
33.0,269.0,33.99583332118454
33.0,270.0,33.991375265370905
33.0,271.0,33.986907022672796
33.0,272.0,33.98241538590357
33.0,273.0,33.97788707619819
33.0,274.0,33.9733087427583
33.0,275.0,33.96866693460098
33.0,276.0,33.96394809992787
33.0,277.0,33.9591385613849
33.0,278.0,33.95422451677278
33.0,279.0,33.94919201946441
33.0,280.0,33.944026982339956
33.0,281.0,33.93871516521495
33.0,282.0,33.933242184125184
33.0,283.0,33.927593507894585
33.0,284.0,33.921754475197154
33.0,285.0,33.91571030271739
33.0,286.0,33.90944611275092
33.0,287.0,33.90294695574477
33.0,288.0,33.89619785151654
33.0,289.0,33.889183829247195
33.0,290.0,33.88188998562592
33.0,291.0,33.874301545511074
33.0,292.0,33.86640394033238
33.0,293.0,33.85818289250324
33.0,294.0,33.84962451707679
33.0,295.0,33.84071543240551
33.0,296.0,33.831442887151574
33.0,297.0,33.82179489842589
33.0,298.0,33.8117604045608
33.0,299.0,33.801329429781305
33.0,300.0,33.790493260428796
33.0,301.0,33.77924463191745
33.0,302.0,33.767577922198434
33.0,303.0,33.75548935226203
33.0,304.0,33.742977185594555
33.0,305.0,33.73004192799914
33.0,306.0,33.71668651601499
33.0,307.0,33.702916495973106
33.0,308.0,33.688740178712365
33.0,309.0,33.67416877273609
33.0,310.0,33.65921647852611
33.0,311.0,33.64390054812064
33.0,312.0,33.62824129176336
33.0,313.0,33.612262038103324
33.0,314.0,33.5959890306351
33.0,315.0,33.57945127053234
33.0,316.0,33.56268029130977
33.0,317.0,33.54570988026141
33.0,318.0,33.52857573627331
33.0,319.0,33.51131508413406
33.0,320.0,33.4939662395363
33.0,321.0,33.47656814925493
33.0,322.0,33.459159904441485
33.0,323.0,33.441780253803685
33.0,324.0,33.4244671164125
33.0,325.0,33.40725712028575
33.0,326.0,33.39018516592247
33.0,327.0,33.373284037406385
33.0,328.0,33.356584057756464
33.0,329.0,33.34011280550991
33.0,330.0,33.32389488590149
33.0,331.0,33.3079517671403
33.0,332.0,33.29230167231145
33.0,333.0,33.27695953124645
33.0,334.0,33.26193698153296
33.0,335.0,33.247242417902335
33.0,336.0,33.23288107974884
33.0,337.0,33.2188551721302
33.0,338.0,33.205164012470256
33.0,339.0,33.19180419537227
33.0,340.0,33.178769771735375
33.0,341.0,33.16605243211139
33.0,342.0,33.15364169549289
33.0,343.0,33.14152509098218
33.0,344.0,33.129688339140046
33.0,345.0,33.11811551758324
33.0,346.0,33.1067892235648
33.0,347.0,33.09569071459889
33.0,348.0,33.08480004598565
33.0,349.0,33.0740961820549
33.0,350.0,33.06355710625904
33.0,351.0,33.05315990193553
33.0,352.0,33.04288083533126
33.0,353.0,33.03269540698272
33.0,354.0,33.02257840976046
33.0,355.0,33.01250395326395
33.0,356.0,33.00244549992055
33.0,357.0,32.99237586543314
33.0,358.0,32.982267236375165
33.0,359.0,32.97209114994098
33.0,360.0,32.961818496555004
33.0,361.0,32.95141948214496
33.0,362.0,32.940863619195106
33.0,363.0,32.93011967463347
33.0,364.0,32.919155652628746
33.0,365.0,32.90793873106026
33.0,366.0,32.89643523927424
33.0,367.0,32.88461058606327
33.0,368.0,32.87242923562422
33.0,369.0,32.85985463006869
33.0,370.0,32.84684916700826
33.0,371.0,32.83337411988902
33.0,372.0,32.81938962100913
33.0,373.0,32.80485458345344
33.0,374.0,32.78972669395293
33.0,375.0,32.77396234091901
33.0,376.0,32.75751662241164
33.0,377.0,32.7403432857599
33.0,378.0,32.722394757034486
33.0,379.0,32.703622099005884
33.0,380.0,32.683975069924514
33.0,381.0,32.663402108107334
33.0,382.0,32.641850429497985
33.0,383.0,32.619266048952085
33.0,384.0,32.59559392792383
33.0,385.0,32.570778044453576
33.0,386.0,32.54476160428291
33.0,387.0,32.5174871734684
33.0,388.0,32.488896968042695
33.0,389.0,32.458933064798565
33.0,390.0,32.42753778592704
33.0,391.0,32.3946540043858
33.0,392.0,32.360225640207766
33.0,393.0,32.32419807633113
33.0,394.0,32.28651878171099
33.0,395.0,32.24713785065537
33.0,396.0,32.2060087634863
33.0,397.0,32.163089056198054
33.0,398.0,32.11834122103434
33.0,399.0,32.07173350246806
33.0,400.0,32.02324092653795
33.0,401.0,31.972846202728743
33.0,402.0,31.920540851481473
33.0,403.0,31.86632616916868
33.0,404.0,31.81021439807403
33.0,405.0,31.752229684297475
33.0,406.0,31.692409205656762
33.0,407.0,31.63080402315767
33.0,408.0,31.567480054166595
33.0,409.0,31.50251869292186
33.0,410.0,31.43601749623679
33.0,411.0,31.36809043590101
33.0,412.0,31.298868161439078
33.0,413.0,31.228497756763065
33.0,414.0,31.157142468199055
33.0,415.0,31.084980876931347
33.0,416.0,31.01220603548683
33.0,417.0,30.93902403744394
33.0,418.0,30.865652588169205
33.0,419.0,30.79231904490013
33.0,420.0,30.719258543200358
33.0,421.0,30.646711674329655
33.0,422.0,30.574922374355086
33.0,423.0,30.50413547659527
33.0,424.0,30.43459462105581
33.0,425.0,30.366539946279506
33.0,426.0,30.300206276915137
33.0,427.0,30.235821193085936
33.0,428.0,30.173603703451306
33.0,429.0,30.113762859656724
33.0,430.0,30.056497037057127
33.0,431.0,30.001993168330287
33.0,432.0,29.95042665863679
33.0,433.0,29.901961221162335
33.0,434.0,29.856749371158635
33.0,435.0,29.814932776561125
33.0,436.0,29.77664322064302
33.0,437.0,29.742003341979263
33.0,438.0,29.71112793201121
33.0,439.0,29.684124929401797
33.0,440.0,29.66109692177414
33.0,441.0,29.642142272390025
33.0,442.0,29.62735671561448
33.0,443.0,29.61683451922927
33.0,444.0,29.61067009142965
33.0,445.0,29.60895911144645
33.0,446.0,29.611800094805233
33.0,447.0,29.619295452368736
33.0,448.0,29.631552985688963
33.0,449.0,29.648686856927068
33.0,450.0,29.670819005401363
33.0,451.0,29.698080027060392
33.0,452.0,29.730610516506736
33.0,453.0,29.768561865091925
33.0,454.0,29.81209754047105
33.0,455.0,29.86139381789354
33.0,456.0,29.916641012779092
33.0,457.0,29.978044161488732
33.0,458.0,30.04582422256411
33.0,459.0,30.120218722150245
33.0,460.0,30.201482937265347
33.0,461.0,30.289890517837605
33.0,462.0,30.385734661261928
33.0,463.0,30.48932871816166
33.0,464.0,30.601007361864674
33.0,465.0,30.721127178706265
33.0,466.0,30.85006782900508
33.0,467.0,30.98823261496695
33.0,468.0,31.136049621149247
33.0,469.0,31.29397224361169
33.0,470.0,31.462480287456714
33.0,471.0,31.64208042946876
33.0,472.0,31.83330723772083
33.0,473.0,32.036723526117505
33.0,474.0,32.25292124580113
33.0,475.0,32.48252167328458
33.0,476.0,32.726176104991985
33.0,477.0,32.98456580057061
33.0,478.0,33.2584023899402
33.0,479.0,33.54842746956466
33.0,480.0,33.85541260562943
33.0,481.0,34.1801584534631
33.0,482.0,34.52349421106789
33.0,483.0,34.88627610095577
33.0,484.0,35.269386096048486
33.0,485.0,35.673729570242386
33.0,486.0,36.10023308558585
33.0,487.0,36.549840985566576
33.0,488.0,37.02351200201935
33.0,489.0,37.52221453806288
33.0,490.0,38.04692183126745
33.0,491.0,38.59860565867622
33.0,492.0,39.1782297883144
33.0,493.0,39.78674184753781
33.0,494.0,40.42506482061289
33.0,495.0,41.094086868291626
33.0,496.0,41.7946507013324
33.0,497.0,42.52754124170841
33.0,498.0,43.29347283971771
33.0,499.0,44.093074845131625
33.0,500.0,44.92687685780074
33.0,501.0,45.79529254698276
33.0,502.0,46.6986034445742
33.0,503.0,47.636941718722255
33.0,504.0,48.61027343144589
33.0,505.0,49.61838142222113
33.0,506.0,50.66084942557657
33.0,507.0,51.73704670022321
33.0,508.0,52.84611486400495
33.0,509.0,53.98695631788355
33.0,510.0,55.15822598610607
33.0,511.0,56.35832579269706
33.0,512.0,57.58540354067234
33.0,513.0,58.83735554408262
33.0,514.0,60.11183449287506
33.0,515.0,61.40626170253688
33.0,516.0,62.717844910943924
33.0,517.0,64.04360046244702
33.0,518.0,65.38038062984896
33.0,519.0,66.72490454879706
33.0,520.0,68.07379309066457
33.0,521.0,69.42360582674888
33.0,522.0,70.77088007791852
33.0,523.0,72.1121700279833
33.0,524.0,73.44408574594779
33.0,525.0,74.76333013496608
33.0,526.0,76.0667337228581
33.0,527.0,77.35128556561283
33.0,528.0,78.6141604314752
33.0,529.0,79.85274093769276
33.0,530.0,81.06463515302895
33.0,531.0,82.24768878241187
33.0,532.0,83.3999927797308
33.0,533.0,84.51988589562893
33.0,534.0,85.605953245279
33.0,535.0,86.65702067937924
33.0,536.0,87.67214615151727
33.0,537.0,88.65060801304823
33.0,538.0,89.59189141155176
33.0,539.0,90.495672764525
33.0,540.0,91.36180337416398
33.0,541.0,92.190292126141
33.0,542.0,92.98128817519603
33.0,543.0,93.7350635012566
33.0,544.0,94.45199605832474
33.0,545.0,95.13255334011876
33.0,546.0,95.77727691080338
33.0,547.0,96.3867676826548
33.0,548.0,96.96167233455756
33.0,549.0,97.50267063638442
33.0,550.0,98.01046394214433
33.0,551.0,98.4857646260967
33.0,552.0,98.9292866156004
33.0,553.0,99.34173682662359
33.0,554.0,99.72380756431511
33.0,555.0,100.07616974398228
33.0,556.0,100.39946691645272
33.0,557.0,100.69431001535905
33.0,558.0,100.96127274047893
33.0,559.0,101.2008875654478
33.0,560.0,101.41364221924172
33.0,561.0,101.59997670589254
33.0,562.0,101.76028064972351
33.0,563.0,101.89489110979572
33.0,564.0,102.00409058976152
33.0,565.0,102.08810546762508
33.0,566.0,102.14710451061553
33.0,567.0,102.18119778115964
33.0,568.0,102.19043553786406
33.0,569.0,102.17480751917749
33.0,570.0,102.13424215199235
33.0,571.0,102.06860615453873
33.0,572.0,101.97770401400375
33.0,573.0,101.86127788989276
33.0,574.0,101.71900736187521
33.0,575.0,101.55050965484985
33.0,576.0,101.35533969879087
33.0,577.0,101.13299073798005
33.0,578.0,100.88289478687331
33.0,579.0,100.60442372928317
33.0,580.0,100.29689029895682
33.0,581.0,99.95954982043897
33.0,582.0,99.59160189037627
33.0,583.0,99.19219296018721
33.0,584.0,98.76041894337845
33.0,585.0,98.29532888961737
33.0,586.0,97.79592879235236
33.0,587.0,97.26118665119235
33.0,588.0,96.69003779840014
33.0,589.0,96.08139168570526
33.0,590.0,95.43413908015307
33.0,591.0,94.74716093302031
33.0,592.0,94.01933780326021
33.0,593.0,93.24956115584861
33.0,594.0,92.43674533790164
33.0,595.0,91.57984159218614
33.0,596.0,90.67785281503487
33.0,597.0,89.7298504338724
33.0,598.0,88.73499199173418
33.0,599.0,87.69254079936695
33.0,600.0,86.60188609327538
33.0,601.0,85.46256501099793
33.0,602.0,84.27428464147262
33.0,603.0,83.03694537860657
33.0,604.0,81.75066362918261
33.0,605.0,80.41579499662302
33.0,606.0,79.03295577591344
33.0,607.0,77.60304377551992
33.0,608.0,76.12725610912516
33.0,609.0,74.60710490838466
33.0,610.0,73.04442847769272
33.0,611.0,71.44139887068104
33.0,612.0,69.80052341228343
33.0,613.0,68.12464131895008
33.0,614.0,66.41691311142125
33.0,615.0,64.68080431814771
33.0,616.0,62.920061509522206
33.0,617.0,61.13868265987546
33.0,618.0,59.34088034883405
33.0,619.0,57.531040370382065
33.0,620.0,55.71367474921949
33.0,621.0,53.89337224595438
33.0,622.0,52.074745713901244
33.0,623.0,50.2623797053323
33.0,624.0,48.46077780721696
33.0,625.0,46.6743131338283
33.0,626.0,44.90718127978246
33.0,627.0,43.163358903610714
33.0,628.0,41.446566823111695
33.0,629.0,39.76024033831797
33.0,630.0,38.10750511632552
33.0,631.0,36.49116084119296
33.0,632.0,34.91367043292598
33.0,633.0,33.37715659841349
33.0,634.0,31.883403114048583
33.0,635.0,30.43386231561986
33.0,636.0,29.029665966442547
33.0,637.0,27.67164086430899
33.0,638.0,26.36032629760657
33.0,639.0,25.09599474008056
33.0,640.0,23.87867295912866
33.0,641.0,22.708165048657186
33.0,642.0,21.584074697116378
33.0,643.0,20.50582836378808
33.0,644.0,19.47269683365178
33.0,645.0,18.483816986224696
33.0,646.0,17.53821140000682
33.0,647.0,16.634807766135754
33.0,648.0,15.772455858739557
33.0,649.0,14.949944139190537
33.0,650.0,14.166013836974905
33.0,651.0,13.419372652486674
33.0,652.0,12.708705991240627
33.0,653.0,12.03268791185834
33.0,654.0,11.38998974135901
33.0,655.0,10.779288552585465
33.0,656.0,10.199273485189751
33.0,657.0,9.64865209944855
33.0,658.0,9.126154762108449
33.0,659.0,8.63053923550844
33.0,660.0,8.160593481672025
33.0,661.0,7.71513882641914
33.0,662.0,7.29303150593279
33.0,663.0,6.893164709508688
33.0,664.0,6.5144691522996245
33.0,665.0,6.1559142573588295
33.0,666.0,5.816507994283467
33.0,667.0,5.49529741748483
33.0,668.0,5.191367967807523
33.0,669.0,4.903843543097482
33.0,670.0,4.63188542116419
33.0,671.0,4.3746920025074525
33.0,672.0,4.131497479361639
33.0,673.0,3.9015713595207453
33.0,674.0,3.6842169779002316
33.0,675.0,3.478770884714028
33.0,676.0,3.284601272739494
33.0,677.0,3.1011072922228986
33.0,678.0,2.9277174483049735
33.0,679.0,2.76388888836637
33.0,680.0,2.6091058092343107
33.0,681.0,2.462878749584489
33.0,682.0,2.3247430349677423
33.0,683.0,2.194258097742743
33.0,684.0,2.0710059790459576
33.0,685.0,1.9545906909839708
33.0,686.0,1.8446367879007577
33.0,687.0,1.740788779728253
33.0,688.0,1.6427097798396217
33.0,689.0,1.5500809741371468
33.0,690.0,1.4626003490509296
33.0,691.0,1.379982217801373
33.0,692.0,1.3019560294095895
33.0,693.0,1.2282659513381722
33.0,694.0,1.1586697584814187
33.0,695.0,1.0929384698474487
33.0,696.0,1.0308553152016575
33.0,697.0,0.9722154224355305
33.0,698.0,0.9168248586950285
33.0,699.0,0.86450036445361
33.0,700.0,0.8150684654513076
33.0,701.0,0.7683652491483408
33.0,702.0,0.7242355435399253
33.0,703.0,0.6825327315330486
33.0,704.0,0.6431179926172133
33.0,705.0,0.6058601507198862
33.0,706.0,0.570634974751677
33.0,707.0,0.5373250556098026
33.0,708.0,0.5058191617379214
33.0,709.0,0.4760121411272679
33.0,710.0,0.4478043282068084
33.0,711.0,0.4211014669129383
33.0,712.0,0.3958141654328638
33.0,713.0,0.37185783665711836
33.0,714.0,0.34915219752208265
33.0,715.0,0.327621223411457
33.0,716.0,0.30719268907106956
33.0,717.0,0.28779813377612457
33.0,718.0,0.26937244101477154
33.0,719.0,0.25185381148066344
33.0,720.0,0.235183378935541
33.0,721.0,0.2193051883167952
33.0,722.0,0.20416584538980828
33.0,723.0,0.18971449747483987
33.0,724.0,0.17590251468467533
33.0,725.0,0.16268347097243543
33.0,726.0,0.1500128549178032
33.0,727.0,0.13784804897631892
33.0,728.0,0.126148067927374
33.0,729.0,0.11487353436579634
33.0,730.0,0.10398644305666975
33.0,731.0,0.09345013085152859
33.0,732.0,0.08322906530894467
33.0,733.0,0.07328880734066817
33.0,734.0,0.06359582255306226
33.0,735.0,0.054117435033422
33.0,736.0,0.044821659946061465
33.0,737.0,0.035677146956243945
33.0,738.0,0.026653032676392546
33.0,739.0,0.0177188722950027
33.0,740.0,0.008844510513386134
33.0,741.0,0.0
34.0,0.0,0.0
34.0,1.0,0.0028587336434937696
34.0,2.0,0.005727116506062514
34.0,3.0,0.008614831434726992
34.0,4.0,0.011531623339632707
34.0,5.0,0.014487338440891817
34.0,6.0,0.017491947939696093
34.0,7.0,0.020555593312801268
34.0,8.0,0.023688605656056592
34.0,9.0,0.026901557463093754
34.0,10.0,0.03020527809080017
34.0,11.0,0.033610912471829464
34.0,12.0,0.03712993316993425
34.0,13.0,0.04077420649427549
34.0,14.0,0.044556001636366305
34.0,15.0,0.04848806467790959
34.0,16.0,0.05258362533050533
34.0,17.0,0.05685647935798483
34.0,18.0,0.06132099347511922
34.0,19.0,0.06599219674023435
34.0,20.0,0.0708857842100323
34.0,21.0,0.07601821789872797
34.0,22.0,0.08140672983282203
34.0,23.0,0.0870694332191116
34.0,24.0,0.09302532559582542
34.0,25.0,0.09929441090354724
34.0,26.0,0.10589770348742235
34.0,27.0,0.1128573618220766
34.0,28.0,0.1201966941833323
34.0,29.0,0.12794030484018656
34.0,30.0,0.13611410228309434
34.0,31.0,0.14474545876226871
34.0,32.0,0.15386322203221076
34.0,33.0,0.16349788918489
34.0,34.0,0.17368162294545292
34.0,35.0,0.1844484408195521
34.0,36.0,0.1958342370510272
34.0,37.0,0.20787698817233852
34.0,38.0,0.2206167818085877
34.0,39.0,0.23409603978523105
34.0,40.0,0.24835955503002646
34.0,41.0,0.26345473344816867
34.0,42.0,0.2794316402290138
34.0,43.0,0.2963432617389466
34.0,44.0,0.314245562575425
34.0,45.0,0.33319776874341805
34.0,46.0,0.3532624368051873
34.0,47.0,0.37450575958520077
34.0,48.0,0.39699764872650034
34.0,49.0,0.420812064095939
34.0,50.0,0.4460271109590062
34.0,51.0,0.472725394111494
34.0,52.0,0.5009941307007659
34.0,53.0,0.5309255298647667
34.0,54.0,0.5626169219284688
34.0,55.0,0.5961711639519383
34.0,56.0,0.6316967855769213
34.0,57.0,0.6693084203282538
34.0,58.0,0.7091269677274017
34.0,59.0,0.7512800493998071
34.0,60.0,0.7959021861468265
34.0,61.0,0.8431352768154108
34.0,62.0,0.8931287877489926
34.0,63.0,0.946040250888293
34.0,64.0,1.0020354613091385
34.0,65.0,1.0612889890382937
34.0,66.0,1.123984378115894
34.0,67.0,1.1903146640015747
34.0,68.0,1.2604825646342424
34.0,69.0,1.3347009919242876
34.0,70.0,1.4131932214670546
34.0,71.0,1.4961933823014586
34.0,72.0,1.5839465870939973
34.0,73.0,1.6767093789170133
34.0,74.0,1.774749797681598
34.0,75.0,1.8783477559791546
34.0,76.0,1.9877950101447495
34.0,77.0,2.10339542907458
34.0,78.0,2.2254648294386663
34.0,79.0,2.35433109177208
34.0,80.0,2.4903338090277023
34.0,81.0,2.6338241932248625
34.0,82.0,2.785164474932679
34.0,83.0,2.9447275316794284
34.0,84.0,3.1128959635938838
34.0,85.0,3.2900613623586823
34.0,86.0,3.476622976102112
34.0,87.0,3.672986526227809
34.0,88.0,3.87956236442658
34.0,89.0,4.096763736352994
34.0,90.0,4.32500432793393
34.0,91.0,4.564695872764239
34.0,92.0,4.816244987506453
34.0,93.0,5.08005002846456
34.0,94.0,5.356497131870215
34.0,95.0,5.645956250061187
34.0,96.0,5.948776348071815
34.0,97.0,6.2652805978236525
34.0,98.0,6.595760744472268
34.0,99.0,6.940471514615412
34.0,100.0,7.299624260239977
34.0,101.0,7.673380748843294
34.0,102.0,8.061846322219637
34.0,103.0,8.46506338229048
34.0,104.0,8.883004462142681
34.0,105.0,9.315565892024962
34.0,106.0,9.762561355671417
34.0,107.0,10.223716394018899
34.0,108.0,10.698663180978965
34.0,109.0,11.186936660276988
34.0,110.0,11.6879713766052
34.0,111.0,12.201100092996747
34.0,112.0,12.725553501934295
34.0,113.0,13.26046208357056
34.0,114.0,13.804859348846557
34.0,115.0,14.35768743547164
34.0,116.0,14.917804181095757
34.0,117.0,15.483992516529895
34.0,118.0,16.054971160999195
34.0,119.0,16.629407319927957
34.0,120.0,17.205930225155477
34.0,121.0,17.783146092459646
34.0,122.0,18.35965323057125
34.0,123.0,18.934057802586512
34.0,124.0,19.504988934825292
34.0,125.0,20.071113673983696
34.0,126.0,20.631150526879168
34.0,127.0,21.183882157490935
34.0,128.0,21.728166081420444
34.0,129.0,22.262944057988616
34.0,130.0,22.787249162281277
34.0,131.0,23.300211379619704
34.0,132.0,23.801060847201043
34.0,133.0,24.289129710412897
34.0,134.0,24.76385183209135
34.0,135.0,25.224761407580207
34.0,136.0,25.671489793634336
34.0,137.0,26.10376164252035
34.0,138.0,26.52138967510903
34.0,139.0,26.924269181414022
34.0,140.0,27.312371573770868
34.0,141.0,27.685738049196413
34.0,142.0,28.044472656778854
34.0,143.0,28.38873577939328
34.0,144.0,28.718737288294424
34.0,145.0,29.034730328626253
34.0,146.0,29.337004958585457
34.0,147.0,29.625882552502365
34.0,148.0,29.901710161769543
34.0,149.0,30.164855703373703
34.0,150.0,30.415703150389014
34.0,151.0,30.654648561953934
34.0,152.0,30.88209611674059
34.0,153.0,31.098454962780252
34.0,154.0,31.304136045292278
34.0,155.0,31.499549706792507
34.0,156.0,31.685103225053968
34.0,157.0,31.861199068981467
34.0,158.0,32.02823304649235
34.0,159.0,32.18659311307702
34.0,160.0,32.33665802679474
34.0,161.0,32.47879660857027
34.0,162.0,32.61336680722723
34.0,163.0,32.740715318975965
34.0,164.0,32.86117697567664
34.0,165.0,32.97507464248219
34.0,166.0,33.08271885472112
34.0,167.0,33.18440792515468
34.0,168.0,33.28042776731531
34.0,169.0,33.371052156014876
34.0,170.0,33.456542686681914
34.0,171.0,33.53714914389604
34.0,172.0,33.61310955673137
34.0,173.0,33.684650639863264
34.0,174.0,33.75198791395813
34.0,175.0,33.81532619222193
34.0,176.0,33.87485974248297
34.0,177.0,33.930772798994134
34.0,178.0,33.98323974914442
34.0,179.0,34.03242565602981
34.0,180.0,34.07848645786135
34.0,181.0,34.12156949145037
34.0,182.0,34.16181369652637
34.0,183.0,34.19935013400743
34.0,184.0,34.23430219075691
34.0,185.0,34.266786089473996
34.0,186.0,34.29691109203243
34.0,187.0,34.324780000138745
34.0,188.0,34.35048935739794
34.0,189.0,34.37412994161398
34.0,190.0,34.39578696715795
34.0,191.0,34.41554057094177
34.0,192.0,34.433466017511726
34.0,193.0,34.44963418127278
34.0,194.0,34.46411175692833
34.0,195.0,34.476961740376304
34.0,196.0,34.4882436465484
34.0,197.0,34.49801399040735
34.0,198.0,34.50632651276212
34.0,199.0,34.513232660823284
34.0,200.0,34.51878182005355
34.0,201.0,34.52302179068645
34.0,202.0,34.52599902006945
34.0,203.0,34.52775906745444
34.0,204.0,34.528346826747395
34.0,205.0,34.527806967022805
34.0,206.0,34.52618413056541
34.0,207.0,34.523523331597566
34.0,208.0,34.51987010985435
34.0,209.0,34.51527086603198
34.0,210.0,34.50977294816891
34.0,211.0,34.50342490077889
34.0,212.0,34.49627646156208
34.0,213.0,34.48837870360636
34.0,214.0,34.479783924801716
34.0,215.0,34.470545669945544
34.0,216.0,34.460718505265554
34.0,217.0,34.450357919687455
34.0,218.0,34.43951999124632
34.0,219.0,34.42826118247674
34.0,220.0,34.416637921673114
34.0,221.0,34.40470632306547
34.0,222.0,34.39252172007031
34.0,223.0,34.38013835258989
34.0,224.0,34.36760889768727
34.0,225.0,34.354984170633074
34.0,226.0,34.34231269836977
34.0,227.0,34.32964047651782
34.0,228.0,34.31701062256468
34.0,229.0,34.30446321924252
34.0,230.0,34.292035070059875
34.0,231.0,34.27975964363515
34.0,232.0,34.267666937873386
34.0,233.0,34.25578352401601
34.0,234.0,34.2441325112577
34.0,235.0,34.232733676730994
34.0,236.0,34.22160351219818
34.0,237.0,34.21075541862391
34.0,238.0,34.20019981160672
34.0,239.0,34.18994435666781
34.0,240.0,34.17999410972495
34.0,241.0,34.17035177067921
34.0,242.0,34.1610178381084
34.0,243.0,34.151990862642464
34.0,244.0,34.14326759962791
34.0,245.0,34.13484324870266
34.0,246.0,34.12671159317459
34.0,247.0,34.11886521706051
34.0,248.0,34.111295624476675
34.0,249.0,34.10399342955648
34.0,250.0,34.096948452830084
34.0,251.0,34.09014988261804
34.0,252.0,34.08358634806108
34.0,253.0,34.0772460527941
34.0,254.0,34.07111682605196
34.0,255.0,34.06518623079466
34.0,256.0,34.059441595331464
34.0,257.0,34.053870098783776
34.0,258.0,34.04845878613276
34.0,259.0,34.043194634162035
34.0,260.0,34.038064552923906
34.0,261.0,34.03305543526422
34.0,262.0,34.02815414756553
34.0,263.0,34.023347565749944
34.0,264.0,34.018622557905694
34.0,265.0,34.01396600938367
34.0,266.0,34.009364799624244
34.0,267.0,34.00480581867446
34.0,268.0,34.000275940256
34.0,269.0,33.99576203177406
34.0,270.0,33.99125092543859
34.0,271.0,33.986729423637016
34.0,272.0,33.98218426975882
34.0,273.0,33.97760215067814
34.0,274.0,33.972969668845714
34.0,275.0,33.968273343580925
34.0,276.0,33.963499585990526
34.0,277.0,33.95863470080486
34.0,278.0,33.953664865759364
34.0,279.0,33.94857613582393
34.0,280.0,33.94335442883648
34.0,281.0,33.93798553416092
34.0,282.0,33.93245510658084
34.0,283.0,33.92674868166587
34.0,284.0,33.92085168019859
34.0,285.0,33.914749432805074
34.0,286.0,33.908427197467105
34.0,287.0,33.90187019623898
34.0,288.0,33.89506364863701
34.0,289.0,33.88799282345746
34.0,290.0,33.88064309095875
34.0,291.0,33.87299999282009
34.0,292.0,33.865049315927614
34.0,293.0,33.85677718324186
34.0,294.0,33.84817015151978
34.0,295.0,33.839215325126716
34.0,296.0,33.829900478992116
34.0,297.0,33.8202141960163
34.0,298.0,33.81014601477383
34.0,299.0,33.79968658893763
34.0,300.0,33.788827856537914
34.0,301.0,33.77756321662217
34.0,302.0,33.76588771317375
34.0,303.0,33.75379822005191
34.0,304.0,33.74129362809268
34.0,305.0,33.72837502449292
34.0,306.0,33.71504586659382
34.0,307.0,33.70131213692423
34.0,308.0,33.68718248255941
34.0,309.0,33.67266832309762
34.0,310.0,33.65778393157526
34.0,311.0,33.642546471162255
34.0,312.0,33.62697599393496
34.0,313.0,33.61109538456224
34.0,314.0,33.59493025816232
34.0,315.0,33.578508796774244
34.0,316.0,33.56186153763464
34.0,317.0,33.54502110072454
34.0,318.0,33.528021873253614
34.0,319.0,33.510899642345294
34.0,320.0,33.493691197770936
34.0,321.0,33.47643389960795
34.0,322.0,33.45916523551761
34.0,323.0,33.441922364950244
34.0,324.0,33.4247416756178
34.0,325.0,33.40765835016654
34.0,326.0,33.390705966486614
34.0,327.0,33.373916128416255
34.0,328.0,33.357318146155265
34.0,329.0,33.34093876081541
34.0,330.0,33.32480192693593
34.0,331.0,33.30892864491303
34.0,332.0,33.29333685134294
34.0,333.0,33.27804135758114
34.0,334.0,33.26305383916954
34.0,335.0,33.24838286627154
34.0,336.0,33.23403397331368
34.0,337.0,33.22000975951082
34.0,338.0,33.20631001491223
34.0,339.0,33.19293186673756
34.0,340.0,33.17986993768202
34.0,341.0,33.167116515266585
34.0,342.0,33.154661721155975
34.0,343.0,33.142493684663364
34.0,344.0,33.13059870643331
34.0,345.0,33.11896142218925
34.0,346.0,33.10756494914977
34.0,347.0,33.09639103099156
34.0,348.0,33.085420159948406
34.0,349.0,33.074631698146746
34.0,350.0,33.06400397204765
34.0,351.0,33.05351436853538
34.0,352.0,33.043139401086016
34.0,353.0,33.0328547812471
34.0,354.0,33.02263545773217
34.0,355.0,33.012455665360996
34.0,356.0,33.00228893936223
34.0,357.0,32.99210814464359
34.0,358.0,32.981885468137044
34.0,359.0,32.971592431633454
34.0,360.0,32.96119986521351
34.0,361.0,32.95067790698534
34.0,362.0,32.93999596066535
34.0,363.0,32.929122685538744
34.0,364.0,32.91802594120977
34.0,365.0,32.90667277106995
34.0,366.0,32.895029337218205
34.0,367.0,32.883060900748255
34.0,368.0,32.87073174991401
34.0,369.0,32.858005180694605
34.0,370.0,32.84484342149941
34.0,371.0,32.8312076177815
34.0,372.0,32.81705775697905
34.0,373.0,32.802352661459565
34.0,374.0,32.787049918011725
34.0,375.0,32.77110588414068
34.0,376.0,32.754475627278595
34.0,377.0,32.73711295043409
34.0,378.0,32.71897034739392
34.0,379.0,32.69999905496212
34.0,380.0,32.68014903177437
34.0,381.0,32.65936904582792
34.0,382.0,32.637606686092674
34.0,383.0,32.61480849567848
34.0,384.0,32.590920027124675
34.0,385.0,32.56588603326951
34.0,386.0,32.539650578786976
34.0,387.0,32.51215730242244
34.0,388.0,32.48334959877826
34.0,389.0,32.45317096675363
34.0,390.0,32.42156527638181
34.0,391.0,32.388477218604756
34.0,392.0,32.353852671591795
34.0,393.0,32.3176392657575
34.0,394.0,32.2797868617176
34.0,395.0,32.2402482409056
34.0,396.0,32.19897970225518
34.0,397.0,32.155941881938475
34.0,398.0,32.11110046703298
34.0,399.0,32.06442713684898
34.0,400.0,32.01590037839314
34.0,401.0,31.965506525804727
34.0,402.0,31.91324064399005
34.0,403.0,31.859107621887166
34.0,404.0,31.80312306781799
34.0,405.0,31.745314387970808
34.0,406.0,31.68572161199005
34.0,407.0,31.624398363394153
34.0,408.0,31.56141251097467
34.0,409.0,31.496846918237935
34.0,410.0,31.430799801725083
34.0,411.0,31.36338513920613
34.0,412.0,31.294732617742227
34.0,413.0,31.224987592882265
34.0,414.0,31.154310534030756
34.0,415.0,31.082876464612
34.0,416.0,31.010873862986035
34.0,417.0,30.938503576131065
34.0,418.0,30.865977206754742
34.0,419.0,30.79351557202978
34.0,420.0,30.721346688981647
34.0,421.0,30.64970392880541
34.0,422.0,30.57882378404196
34.0,423.0,30.508943927846218
34.0,424.0,30.440300988441557
34.0,425.0,30.37312874460119
34.0,426.0,30.30765613303234
34.0,427.0,30.244105789720617
34.0,428.0,30.18269247424159
34.0,429.0,30.123622108054303
34.0,430.0,30.067090728628635
34.0,431.0,30.013284097057298
34.0,432.0,29.962377213771887
34.0,433.0,29.914534489130137
34.0,434.0,29.86990978040106
34.0,435.0,29.82864705666228
34.0,436.0,29.790880866357927
34.0,437.0,29.756737390376745
34.0,438.0,29.72633522502994
34.0,439.0,29.69978670489004
34.0,440.0,29.67719888458686
34.0,441.0,29.658675020546443
34.0,442.0,29.644315649686217
34.0,443.0,29.63422013897657
34.0,444.0,29.628487782232494
34.0,445.0,29.627219351180166
34.0,446.0,29.63051815665817
34.0,447.0,29.63849155919699
34.0,448.0,29.651251963748827
34.0,449.0,29.668918268452856
34.0,450.0,29.6916167802773
34.0,451.0,29.719482596278294
34.0,452.0,29.752660440602128
34.0,453.0,29.791305983047632
34.0,454.0,29.835586606047183
34.0,455.0,29.885682671298728
34.0,456.0,29.941788229378577
34.0,457.0,30.004112247459446
34.0,458.0,30.072879274959632
34.0,459.0,30.14833064472375
34.0,460.0,30.23072510632563
34.0,461.0,30.320340010207847
34.0,462.0,30.417471916470618
34.0,463.0,30.522437766773088
34.0,464.0,30.635575470972185
34.0,465.0,30.757245065288117
34.0,466.0,30.88782927210795
34.0,467.0,31.02773463501646
34.0,468.0,31.177392038368502
34.0,469.0,31.337257800126494
34.0,470.0,31.507814127207794
34.0,471.0,31.689570135368626
34.0,472.0,31.883062203517756
34.0,473.0,32.088854875779596
34.0,474.0,32.30754106254906
34.0,475.0,32.53974276296548
34.0,476.0,32.786111042092365
34.0,477.0,33.04732649200374
34.0,478.0,33.32409889283915
34.0,479.0,33.61716730737978
34.0,480.0,33.92729930883055
34.0,481.0,34.25529057731767
34.0,482.0,34.60196354951505
34.0,483.0,34.96816635668256
34.0,484.0,35.35477072185075
34.0,485.0,35.762670049519194
34.0,486.0,36.19277636734054
34.0,487.0,36.64601735045563
34.0,488.0,37.12333208040091
34.0,489.0,37.62566676721991
34.0,490.0,38.15396908477361
34.0,491.0,38.70918234865771
34.0,492.0,39.29223819306664
34.0,493.0,39.9040489825103
34.0,494.0,40.5454986327415
34.0,495.0,41.217433092637144
34.0,496.0,41.920649195052704
34.0,497.0,42.65588315754212
34.0,498.0,43.42379749425238
34.0,499.0,44.224967665868355
34.0,500.0,45.059867304728655
34.0,501.0,45.92885340644456
34.0,502.0,46.83215042350061
34.0,503.0,47.769834732744734
34.0,504.0,48.741818527926796
34.0,505.0,49.74783469701751
34.0,506.0,50.787421855519945
34.0,507.0,51.85991117304033
34.0,508.0,52.96441426663156
34.0,509.0,54.09981383891091
34.0,510.0,55.26475638903947
34.0,511.0,56.45764864645077
34.0,512.0,57.67665703036385
34.0,513.0,58.919711659022305
34.0,514.0,60.184514084341416
34.0,515.0,61.468550039345025
34.0,516.0,62.769106145033355
34.0,517.0,64.08329153374531
34.0,518.0,65.40806303967406
34.0,519.0,66.74025454212685
34.0,520.0,68.07660881754197
34.0,521.0,69.41381215286452
34.0,522.0,70.74852986756207
34.0,523.0,72.07744278420554
34.0,524.0,73.39728274283618
34.0,525.0,74.70486715885248
34.0,526.0,75.99713085188016
34.0,527.0,77.27115527768828
34.0,528.0,78.52419367945845
34.0,529.0,79.75369254321662
34.0,530.0,80.95730824835606
34.0,531.0,82.13291958946297
34.0,532.0,83.2786354361268
34.0,533.0,84.39279845743671
34.0,534.0,85.47398448638599
34.0,535.0,86.52099860792978
34.0,536.0,87.53286775242964
34.0,537.0,88.50883092504517
34.0,538.0,89.44832695660841
34.0,539.0,90.35098085598169
34.0,540.0,91.21658867313623
34.0,541.0,92.04510183407304
34.0,542.0,92.83661083226139
34.0,543.0,93.5913290826393
34.0,544.0,94.30957677993821
34.0,545.0,94.99176540268905
34.0,546.0,95.6383826654719
34.0,547.0,96.2499784040856
34.0,548.0,96.8271511736047
34.0,549.0,97.3705359042793
34.0,550.0,97.88079239442476
34.0,551.0,98.35859486493625
34.0,552.0,98.80462237545714
34.0,553.0,99.21955022436606
34.0,554.0,99.60404217226018
34.0,555.0,99.95874352305692
34.0,556.0,100.28427495678446
34.0,557.0,100.58122707070098
34.0,558.0,100.8501555879544
34.0,559.0,101.09157711999711
34.0,560.0,101.30596551444104
34.0,561.0,101.4937486084126
34.0,562.0,101.65530549624984
34.0,563.0,101.79096406771372
34.0,564.0,101.90099900549595
34.0,565.0,101.98562993527462
34.0,566.0,102.0450199985564
34.0,567.0,102.07927447886709
34.0,568.0,102.08843983372431
34.0,569.0,102.07250270018375
34.0,570.0,102.03138930889888
34.0,571.0,101.96496481161775
34.0,572.0,101.87303303968308
34.0,573.0,101.7553361356625
34.0,574.0,101.6115546583735
34.0,575.0,101.44130754097395
34.0,576.0,101.24415258516179
34.0,577.0,101.01958680933295
34.0,578.0,100.76704741659637
34.0,579.0,100.48591263954512
34.0,580.0,100.17550331051409
34.0,581.0,99.83508435424298
34.0,582.0,99.46386713419182
34.0,583.0,99.06101179026436
34.0,584.0,98.62563058078743
34.0,585.0,98.15679130761482
34.0,586.0,97.653521916822
34.0,587.0,97.1148152941554
34.0,588.0,96.53963542362344
34.0,589.0,95.92692386602592
34.0,590.0,95.27560779547981
34.0,591.0,94.58460848293159
34.0,592.0,93.85285152458458
34.0,593.0,93.07927762716835
34.0,594.0,92.26285529347592
34.0,595.0,91.40259412900441
34.0,596.0,90.49756013890398
34.0,597.0,89.54689162569873
34.0,598.0,88.54981705767169
34.0,599.0,87.505673384073
34.0,600.0,86.41392613872263
34.0,601.0,85.2741896478009
34.0,602.0,84.0862486259961
34.0,603.0,82.85007929360144
34.0,604.0,81.56587121920762
34.0,605.0,80.23404782651416
34.0,606.0,78.85528668558493
34.0,607.0,77.43053734572413
34.0,608.0,75.96103777080509
34.0,609.0,74.4483270012347
34.0,610.0,72.89425510887175
34.0,611.0,71.30098802750175
34.0,612.0,69.67100843838209
34.0,613.0,68.00711038223986
34.0,614.0,66.31238902849648
34.0,615.0,64.59022350945519
34.0,616.0,62.84425463866127
34.0,617.0,61.07835578255913
34.0,618.0,59.296599183586395
34.0,619.0,57.50321641975792
34.0,620.0,55.70255577663979
34.0,621.0,53.89903558047983
34.0,622.0,52.0970966314513
34.0,623.0,50.301152987578945
34.0,624.0,48.515544391664214
34.0,625.0,46.744489561759764
34.0,626.0,44.992043544029286
34.0,627.0,43.26205808673722
34.0,628.0,41.55814793095781
34.0,629.0,39.88366155313536
34.0,630.0,38.24165883699878
34.0,631.0,36.63489373430623
34.0,632.0,35.0658039724618
34.0,633.0,33.53650544760637
34.0,634.0,32.04879303198526
34.0,635.0,30.604145138666603
34.0,636.0,29.20373358000962
34.0,637.0,27.84843591538331
34.0,638.0,26.538851769789837
34.0,639.0,25.275320302131178
34.0,640.0,24.057940357265995
34.0,641.0,22.88659055576962
34.0,642.0,21.760950972478543
34.0,643.0,20.680523781857215
34.0,644.0,19.644654662427047
34.0,645.0,18.652552475817327
34.0,646.0,17.703309148371762
34.0,647.0,16.795917398273996
34.0,648.0,15.929288348973866
34.0,649.0,15.10226677727533
34.0,650.0,14.313646119850898
34.0,651.0,13.56218106679331
34.0,652.0,12.846599919105852
34.0,653.0,12.165614596060305
34.0,654.0,11.517930496480167
34.0,655.0,10.902254139010573
34.0,656.0,10.31730079193613
34.0,657.0,9.76180004390692
34.0,658.0,9.234501517293266
34.0,659.0,8.734178693871389
34.0,660.0,8.259633034920167
34.0,661.0,7.809696379749616
34.0,662.0,7.383233777831373
34.0,663.0,6.979144751750157
34.0,664.0,6.596365114512188
34.0,665.0,6.233867352489937
34.0,666.0,5.890661662898035
34.0,667.0,5.565795673247968
34.0,668.0,5.258354895111603
34.0,669.0,4.967461958617951
34.0,670.0,4.692276642154831
34.0,671.0,4.4319947658073975
34.0,672.0,4.1858479241783515
34.0,673.0,3.953102152435147
34.0,674.0,3.7330574615665806
34.0,675.0,3.525046365136897
34.0,676.0,3.3284332930424765
34.0,677.0,3.142613045970853
34.0,678.0,2.967010144737326
34.0,679.0,2.801077262378311
34.0,680.0,2.644294550933192
34.0,681.0,2.496168087527244
34.0,682.0,2.3562292084661927
34.0,683.0,2.2240329950321387
34.0,684.0,2.099157635437164
34.0,685.0,1.9812029678472123
34.0,686.0,1.8697898836040314
34.0,687.0,1.7645589387443186
34.0,688.0,1.6651698065158258
34.0,689.0,1.5712999639748573
34.0,690.0,1.48264419782767
34.0,691.0,1.3989133692357854
34.0,692.0,1.3198339741056142
34.0,693.0,1.245146986734825
34.0,694.0,1.174607473605287
34.0,695.0,1.1079835147441406
34.0,696.0,1.0450558686500815
34.0,697.0,0.9856169690436625
34.0,698.0,0.9294706376178951
34.0,699.0,0.8764311530746606
34.0,700.0,0.8263230078144892
34.0,701.0,0.7789800456911351
34.0,702.0,0.7342452584464362
34.0,703.0,0.6919699883789645
34.0,704.0,0.6520137602141829
34.0,705.0,0.6142435448109823
34.0,706.0,0.5785336221784282
34.0,707.0,0.5447649023867039
34.0,708.0,0.512824815556722
34.0,709.0,0.482606686262329
34.0,710.0,0.4540096464957337
34.0,711.0,0.42693806001798995
34.0,712.0,0.40130145451759847
34.0,713.0,0.3770139925656843
34.0,714.0,0.35399441941962984
34.0,715.0,0.33216557745296027
34.0,716.0,0.3114543662976696
34.0,717.0,0.29179129783577396
34.0,718.0,0.27311046561398056
34.0,719.0,0.2553491376964972
34.0,720.0,0.23844773251749374
34.0,721.0,0.22234944709777288
34.0,722.0,0.20700023671977114
34.0,723.0,0.1923484762005591
34.0,724.0,0.1783449409781164
34.0,725.0,0.1649424993075866
34.0,726.0,0.1520960925345288
34.0,727.0,0.13976245623906097
34.0,728.0,0.12790009764081645
34.0,729.0,0.11646904385588218
34.0,730.0,0.10543081452888109
34.0,731.0,0.0947481954901946
34.0,732.0,0.08438520484293058
34.0,733.0,0.07430689041284587
34.0,734.0,0.06447928763213874
34.0,735.0,0.05486923926195619
34.0,736.0,0.04544434351129753
34.0,737.0,0.0361727945822769
34.0,738.0,0.02702331954131621
34.0,739.0,0.01796503829073138
34.0,740.0,0.008967387771196884
34.0,741.0,0.0
35.0,0.0,0.0
35.0,1.0,0.0028932265194968106
35.0,2.0,0.005796218989241975
35.0,3.0,0.008718774703829469
35.0,4.0,0.011670759117506955
35.0,5.0,0.014662132148914209
35.0,6.0,0.017702990898722754
35.0,7.0,0.02080359135132692
35.0,8.0,0.023974397431410006
35.0,9.0,0.027226098549606628
35.0,10.0,0.03056966544505063
35.0,11.0,0.03401636403780345
35.0,12.0,0.03757781852018192
35.0,13.0,0.041266021999926926
35.0,14.0,0.04509340732420284
35.0,15.0,0.04907285502416482
35.0,16.0,0.05321777238204516
35.0,17.0,0.05754209922007162
35.0,18.0,0.06206039575308591
35.0,19.0,0.06678784680276242
35.0,20.0,0.07174035901579628
35.0,21.0,0.07693456412813114
35.0,22.0,0.08238792617191736
35.0,23.0,0.0881187444639748
35.0,24.0,0.09414627147338415
35.0,25.0,0.10049071626357695
35.0,26.0,0.10717337374638505
35.0,27.0,0.11421662936769965
35.0,28.0,0.12164410053267923
35.0,29.0,0.12948064339035595
35.0,30.0,0.13775250727783153
35.0,31.0,0.14648734452871995
35.0,32.0,0.15571437885050743
35.0,33.0,0.16546441915404228
35.0,34.0,0.1757700428462492
35.0,35.0,0.1866656147511431
35.0,36.0,0.19818748636751776
35.0,37.0,0.2103740210234938
35.0,38.0,0.2232658102124571
35.0,39.0,0.23690570618919102
35.0,40.0,0.2513390565527932
35.0,41.0,0.26661374554780404
35.0,42.0,0.28278044810401776
35.0,43.0,0.29989268114364664
35.0,44.0,0.31800707830667685
35.0,45.0,0.3371834525755193
35.0,46.0,0.357485092899895
35.0,47.0,0.3789788394210029
35.0,48.0,0.401735403147362
35.0,49.0,0.42582945497465535
35.0,50.0,0.45133996943449506
35.0,51.0,0.4783503285420647
35.0,52.0,0.5069486904186892
35.0,53.0,0.5372281087290817
35.0,54.0,0.5692869266340196
35.0,55.0,0.603228912166335
35.0,56.0,0.6391636774612118
35.0,57.0,0.6772068298191839
35.0,58.0,0.7174804154371052
35.0,59.0,0.7601130850596731
35.0,60.0,0.8052405604296242
35.0,61.0,0.8530058122650526
35.0,62.0,0.9035595462834585
35.0,63.0,0.9570603896726811
35.0,64.0,1.013675391723702
35.0,65.0,1.0735802128829344
35.0,66.0,1.1369596326385227
35.0,67.0,1.2040077325271705
35.0,68.0,1.274928400825337
35.0,69.0,1.349935497393703
35.0,70.0,1.4292533407800156
35.0,71.0,1.5131168383650748
35.0,72.0,1.6017719365314822
35.0,73.0,1.6954756940706095
35.0,74.0,1.7944966699601663
35.0,75.0,1.8991149112619559
35.0,76.0,2.00962224565972
35.0,77.0,2.126322147029806
35.0,78.0,2.2495298911669726
35.0,79.0,2.3795722528475896
35.0,80.0,2.516787473191915
35.0,81.0,2.661524731534348
35.0,82.0,2.8141438619293506
35.0,83.0,2.9750145319398045
35.0,84.0,3.1445156345201113
35.0,85.0,3.323034094786271
35.0,86.0,3.510963853025878
35.0,87.0,3.7087042110586395
35.0,88.0,3.916658314228954
35.0,89.0,4.135230943315633
35.0,90.0,4.364826400729753
35.0,91.0,4.60584565525678
35.0,92.0,4.858683544005089
35.0,93.0,5.12372518978964
35.0,94.0,5.401342450392962
35.0,95.0,5.691889557314632
35.0,96.0,5.9956987831407895
35.0,97.0,6.313075301368903
35.0,98.0,6.644292106711669
35.0,99.0,6.989584173881603
35.0,100.0,7.349142758682083
35.0,101.0,7.72310904171328
35.0,102.0,8.111568060670283
35.0,103.0,8.514542160512947
35.0,104.0,8.931984953328183
35.0,105.0,9.363775048812855
35.0,106.0,9.809710591217582
35.0,107.0,10.269503890930016
35.0,108.0,10.742777220094547
35.0,109.0,11.229059073331005
35.0,110.0,11.727781975091105
35.0,111.0,12.238281121931347
35.0,112.0,12.759794921102507
35.0,113.0,13.291466665898826
35.0,114.0,13.832348349969736
35.0,115.0,14.38140577519379
35.0,116.0,14.937525858995297
35.0,117.0,15.499525179524294
35.0,118.0,16.066160544917327
35.0,119.0,16.63614049826119
35.0,120.0,17.20813842622742
35.0,121.0,17.780806073803024
35.0,122.0,18.352788045741914
35.0,123.0,18.92273603374671
35.0,124.0,19.489323317732982
35.0,125.0,20.051258280244404
35.0,126.0,20.607297514524543
35.0,127.0,21.156257328844415
35.0,128.0,21.69702431482136
35.0,129.0,22.22856389163251
35.0,130.0,22.749927612003987
35.0,131.0,23.260258268773466
35.0,132.0,23.758793707480198
35.0,133.0,24.24486850003882
35.0,134.0,24.717914481201614
35.0,135.0,25.177459388768117
35.0,136.0,25.623124668395615
35.0,137.0,26.054621731838154
35.0,138.0,26.471747749586296
35.0,139.0,26.87438027952172
35.0,140.0,27.262471800430202
35.0,141.0,27.63604343907036
35.0,142.0,27.99517892613632
35.0,143.0,28.34001804248821
35.0,144.0,28.670750547063598
35.0,145.0,28.98760981607673
35.0,146.0,29.290867139218236
35.0,147.0,29.580825873322432
35.0,148.0,29.857816357259725
35.0,149.0,30.122190765990695
35.0,150.0,30.374318771992755
35.0,151.0,30.614583177545292
35.0,152.0,30.843376357512057
35.0,153.0,31.06109666953261
35.0,154.0,31.268145648962385
35.0,155.0,31.464925145670254
35.0,156.0,31.65183520271935
35.0,157.0,31.82927183957058
35.0,158.0,31.99762552609222
35.0,159.0,32.157279519465675
35.0,160.0,32.30860883881856
35.0,161.0,32.4519790618359
35.0,162.0,32.587745707984055
35.0,163.0,32.71625340652356
35.0,164.0,32.83783560423809
35.0,165.0,32.95281402605728
35.0,166.0,33.061498633758106
35.0,167.0,33.16418731152898
35.0,168.0,33.26116601347359
35.0,169.0,33.35270861774896
35.0,170.0,33.43907721175664
35.0,171.0,33.52052206911649
35.0,172.0,33.59728203155182
35.0,173.0,33.66958457247828
35.0,174.0,33.73764624348878
35.0,175.0,33.801672796574515
35.0,176.0,33.86185967071897
35.0,177.0,33.918392151725506
35.0,178.0,33.97144588079114
35.0,179.0,34.02118703668456
35.0,180.0,34.067772853408755
35.0,181.0,34.11135181419038
35.0,182.0,34.15206416959811
35.0,183.0,34.190042136611936
35.0,184.0,34.22541041198025
35.0,185.0,34.25828637266504
35.0,186.0,34.28878058191113
35.0,187.0,34.31699698971067
35.0,188.0,34.34303343110342
35.0,189.0,34.366981827032035
35.0,190.0,34.38892867583199
35.0,191.0,34.408955255972174
35.0,192.0,34.42713811251705
35.0,193.0,34.443549263732955
35.0,194.0,34.45825668445762
35.0,195.0,34.4713245183237
35.0,196.0,34.4828135593585
35.0,197.0,34.49278147052875
35.0,198.0,34.50128326340801
35.0,199.0,34.50837152177948
35.0,200.0,34.514096876771305
35.0,201.0,34.51850823132625
35.0,202.0,34.52165322483161
35.0,203.0,34.52357845047241
35.0,204.0,34.524329899274385
35.0,205.0,34.52395315803041
35.0,206.0,34.52249381831211
35.0,207.0,34.51999763844566
35.0,208.0,34.51651089925301
35.0,209.0,34.51208051044626
35.0,210.0,34.50675429277386
35.0,211.0,34.50058100844474
35.0,212.0,34.49361055025558
35.0,213.0,34.48589387846645
35.0,214.0,34.47748310241813
35.0,215.0,34.46843131340481
35.0,216.0,34.458792553567626
35.0,217.0,34.448621545505674
35.0,218.0,34.437973555968746
35.0,219.0,34.42690403664779
35.0,220.0,34.41546840416088
35.0,221.0,34.403721619886134
35.0,222.0,34.391717919778976
35.0,223.0,34.37951037095862
35.0,224.0,34.367150591869695
35.0,225.0,34.35468832691691
35.0,226.0,34.342171197421486
35.0,227.0,34.32964433187844
35.0,228.0,34.317150181058395
35.0,229.0,34.304728231477455
35.0,230.0,34.29241490582718
35.0,231.0,34.28024337369042
35.0,232.0,34.26824354438895
35.0,233.0,34.25644197514643
35.0,234.0,34.244861950587634
35.0,235.0,34.233523477225724
35.0,236.0,34.222443434456196
35.0,237.0,34.21163563700033
35.0,238.0,34.20111103719859
35.0,239.0,34.1908778341198
35.0,240.0,34.180941705965594
35.0,241.0,34.171305945216126
35.0,242.0,34.161971701967886
35.0,243.0,34.15293812751973
35.0,244.0,34.14420261321274
35.0,245.0,34.135760929030795
35.0,246.0,34.12760744686327
35.0,247.0,34.1197352650226
35.0,248.0,34.11213640900004
35.0,249.0,34.10480193665699
35.0,250.0,34.097722113030045
35.0,251.0,34.09088649402573
35.0,252.0,34.08428407447751
35.0,253.0,34.07790335039771
35.0,254.0,34.071732441312065
35.0,255.0,34.06575913257564
35.0,256.0,34.05997097413159
35.0,257.0,34.05435530522736
35.0,258.0,34.048899332323806
35.0,259.0,34.043590138917644
35.0,260.0,34.038414745524555
35.0,261.0,34.0333601073743
35.0,262.0,34.02841315934409
35.0,263.0,34.023560804166486
35.0,264.0,34.01878994500619
35.0,265.0,34.01408746660146
35.0,266.0,34.0094402579372
35.0,267.0,34.00483518849501
35.0,268.0,34.000259123233384
35.0,269.0,33.99569889589454
35.0,270.0,33.99114131829528
35.0,271.0,33.986573152458384
35.0,272.0,33.981981116067416
35.0,273.0,33.977351855075156
35.0,274.0,33.97267194709416
35.0,275.0,33.96792787609231
35.0,276.0,33.96310603548547
35.0,277.0,33.95819270656313
35.0,278.0,33.95317406311866
35.0,279.0,33.94803615535463
35.0,280.0,33.94276491802454
35.0,281.0,33.93734616173742
35.0,282.0,33.9317655867804
35.0,283.0,33.92600878395911
35.0,284.0,33.92006125649948
35.0,285.0,33.913908432795516
35.0,286.0,33.90753569901591
35.0,287.0,33.90092842633804
35.0,288.0,33.89407201705464
35.0,289.0,33.88695194898657
35.0,290.0,33.87955383791711
35.0,291.0,33.87186350180188
35.0,292.0,33.863867042145316
35.0,293.0,33.85555093024103
35.0,294.0,33.8469021095088
35.0,295.0,33.83790810515209
35.0,296.0,33.82855714833512
35.0,297.0,33.81883830917218
35.0,298.0,33.808741641781545
35.0,299.0,33.79825833827678
35.0,300.0,33.787380891066384
35.0,301.0,33.77610326242062
35.0,302.0,33.76442105687705
35.0,303.0,33.75233169707619
35.0,304.0,33.73983459495779
35.0,305.0,33.726931320201864
35.0,306.0,33.713625754520734
35.0,307.0,33.69992423483894
35.0,308.0,33.68583567120921
35.0,309.0,33.67137164379654
35.0,310.0,33.65654646290141
35.0,311.0,33.64137719811235
35.0,312.0,33.62588365987638
35.0,313.0,33.61008834206259
35.0,314.0,33.594016309517215
35.0,315.0,33.57769504247831
35.0,316.0,33.56115422389858
35.0,317.0,33.544425485421975
35.0,318.0,33.52754210106433
35.0,319.0,33.510538648236405
35.0,320.0,33.49345062841226
35.0,321.0,33.476314070176066
35.0,322.0,33.45916510961782
35.0,323.0,33.44203957229676
35.0,324.0,33.424972553140826
35.0,325.0,33.40799801786501
35.0,326.0,33.391148422146195
35.0,327.0,33.37445436937124
35.0,328.0,33.357944301811926
35.0,329.0,33.341644241644914
35.0,330.0,33.3255775747318
35.0,331.0,33.309764888342485
35.0,332.0,33.29422385409629
35.0,333.0,33.27896916202897
35.0,334.0,33.2640124964352
35.0,335.0,33.249362554631894
35.0,336.0,33.23502510008747
35.0,337.0,33.2210030470215
35.0,338.0,33.207296570200846
35.0,339.0,33.19390323362229
35.0,340.0,33.18081813539342
35.0,341.0,33.16803405943267
35.0,342.0,33.155541635893336
35.0,343.0,33.14332949787371
35.0,344.0,33.13138444161808
35.0,345.0,33.119691574425914
35.0,346.0,33.108234463246774
35.0,347.0,33.0969952643327
35.0,348.0,33.08595485302789
35.0,349.0,33.075092929594085
35.0,350.0,33.06438812652177
35.0,351.0,33.05381808806949
35.0,352.0,33.04335955411879
35.0,353.0,33.03298841324083
35.0,354.0,33.022679764001715
35.0,355.0,33.01240794288607
35.0,356.0,33.0021465651598
35.0,357.0,32.99186852989276
35.0,358.0,32.981546043168336
35.0,359.0,32.97115060292769
35.0,360.0,32.960653007646684
35.0,361.0,32.950023323930395
35.0,362.0,32.93923088390516
35.0,363.0,32.92824423855711
35.0,364.0,32.91703114712993
35.0,365.0,32.905558519231356
35.0,366.0,32.89379239957777
35.0,367.0,32.881697901968636
35.0,368.0,32.86923919284833
35.0,369.0,32.85637942043187
35.0,370.0,32.84308070081513
35.0,371.0,32.82930404587234
35.0,372.0,32.815009356079
35.0,373.0,32.800155351327504
35.0,374.0,32.78469957526244
35.0,375.0,32.768598333900385
35.0,376.0,32.75180671713471
35.0,377.0,32.73427855101282
35.0,378.0,32.71596644315249
35.0,379.0,32.696821755721714
35.0,380.0,32.676794682807575
35.0,381.0,32.65583425253143
35.0,382.0,32.633888445877716
35.0,383.0,32.610904237893415
35.0,384.0,32.586827769023955
35.0,385.0,32.5616044368639
35.0,386.0,32.5351791324961
35.0,387.0,32.507496395571835
35.0,388.0,32.47850072924611
35.0,389.0,32.44813683215105
35.0,390.0,32.416350005880474
35.0,391.0,32.38308647722396
35.0,392.0,32.348293911248064
35.0,393.0,32.31192183537382
35.0,394.0,32.27392226825056
35.0,395.0,32.23425025314522
35.0,396.0,32.1928646072166
35.0,397.0,32.14972856442721
35.0,398.0,32.104810640703974
35.0,399.0,32.05808537544967
35.0,400.0,32.00953429481955
35.0,401.0,31.959146725512387
35.0,402.0,31.90692082092229
35.0,403.0,31.85286440157151
35.0,404.0,31.79699598809484
35.0,405.0,31.73934560097645
35.0,406.0,31.679955722497457
35.0,407.0,31.618881967514234
35.0,408.0,31.5561938776914
35.0,409.0,31.49197535981261
35.0,410.0,31.42632520547881
35.0,411.0,31.359357190042175
35.0,412.0,31.291200215819156
35.0,413.0,31.221997979244183
35.0,414.0,31.151908660730744
35.0,415.0,31.081104103753674
35.0,416.0,31.00976902132648
35.0,417.0,30.938099687213874
35.0,418.0,30.866302693142774
35.0,419.0,30.79459322136953
35.0,420.0,30.72319345706739
35.0,421.0,30.652330579105293
35.0,422.0,30.582234992743313
35.0,423.0,30.513138225238603
35.0,424.0,30.44527117931619
35.0,425.0,30.378862138644823
35.0,426.0,30.314135242689538
35.0,427.0,30.25130878899537
35.0,428.0,30.19059409496934
35.0,429.0,30.132194234472642
35.0,430.0,30.07630339166586
35.0,431.0,30.023106102095493
35.0,432.0,29.97277713368183
35.0,433.0,29.925481233774903
35.0,434.0,29.881373508478276
35.0,435.0,29.84059962095933
35.0,436.0,29.803296593718226
35.0,437.0,29.769593367612245
35.0,438.0,29.73961192682759
35.0,439.0,29.713468113835184
35.0,440.0,29.691272972156593
35.0,441.0,29.673133716097382
35.0,442.0,29.65915519670182
35.0,443.0,29.649440940533857
35.0,444.0,29.644094663123184
35.0,445.0,29.643221312093313
35.0,446.0,29.646928574242047
35.0,447.0,29.65532788001806
35.0,448.0,29.668535871074123
35.0,449.0,29.686675342273116
35.0,450.0,29.709876653751145
35.0,451.0,29.73827860170033
35.0,452.0,29.772029771742115
35.0,453.0,29.81128934027885
35.0,454.0,29.85622837430805
35.0,455.0,29.90703057146089
35.0,456.0,29.963893515790595
35.0,457.0,30.02702936734737
35.0,458.0,30.09666608462503
35.0,459.0,30.173048074334694
35.0,460.0,30.256437389731577
35.0,461.0,30.347114348717582
35.0,462.0,30.445378713685376
35.0,463.0,30.55155028160115
35.0,464.0,30.665970045597852
35.0,465.0,30.7890007544694
35.0,466.0,30.921028049132488
35.0,467.0,31.062460981027986
35.0,468.0,31.21373310769706
35.0,469.0,31.375302949809488
35.0,470.0,31.547655019277713
35.0,471.0,31.73130018277726
35.0,472.0,31.926776582775517
35.0,473.0,32.13464986117382
35.0,474.0,32.35551391804381
35.0,475.0,32.589990932100584
35.0,476.0,32.83873188354565
35.0,477.0,33.10241628825848
35.0,478.0,33.38175238981098
35.0,479.0,33.67747650153529
35.0,480.0,33.990352748663156
35.0,481.0,34.321171887173925
35.0,482.0,34.670750450788624
35.0,483.0,35.03992888874175
35.0,484.0,35.42956994547746
35.0,485.0,35.84055593320181
35.0,486.0,36.273786147194535
35.0,487.0,36.73017306652958
35.0,488.0,37.210638589128415
35.0,489.0,37.716108940552104
35.0,490.0,38.247509506522114
35.0,491.0,38.80575823259607
35.0,492.0,39.3917588465126
35.0,493.0,40.00639256075593
35.0,494.0,40.65050952383051
35.0,495.0,41.32491870534022
35.0,496.0,42.03037750709907
35.0,497.0,42.76757982970006
35.0,498.0,43.53714392427975
35.0,499.0,44.339598822617226
35.0,500.0,45.175370728230604
35.0,501.0,46.04476824517609
35.0,502.0,46.947967894230885
35.0,503.0,47.88499889313365
35.0,504.0,48.85572872544029
35.0,505.0,49.85984858170401
35.0,506.0,50.89686026734472
35.0,507.0,51.966063758443326
35.0,508.0,53.066547044321766
35.0,509.0,54.19717750280751
35.0,510.0,55.35659644057017
35.0,511.0,56.54321604974717
35.0,512.0,57.755220330351406
35.0,513.0,58.99056915366033
35.0,514.0,60.24700684088898
35.0,515.0,61.52207426805781
35.0,516.0,62.813125608413785
35.0,517.0,64.11734848871656
35.0,518.0,65.43178835235966
35.0,519.0,66.75337554690545
35.0,520.0,68.07895561318338
35.0,521.0,69.40532107676113
35.0,522.0,70.72924497480541
35.0,523.0,72.04751431033357
35.0,524.0,73.35696355106602
35.0,525.0,74.65450640546035
35.0,526.0,75.93716602760236
35.0,527.0,77.20210207346778
35.0,528.0,78.44663492309147
35.0,529.0,79.66826578894816
35.0,530.0,80.86469325976967
35.0,531.0,82.03382533968541
35.0,532.0,83.17378776937777
35.0,533.0,84.28292800434613
35.0,534.0,85.35981581927489
35.0,535.0,86.40324015818608
35.0,536.0,87.41220329427614
35.0,537.0,88.38591207505398
35.0,538.0,89.32376731971569
35.0,539.0,90.22535121852869
35.0,540.0,91.0904137282742
35.0,541.0,91.91885782782205
35.0,542.0,92.71072450460467
35.0,543.0,93.46617731692878
35.0,544.0,94.18548725494875
35.0,545.0,94.86901771595966
35.0,546.0,95.51721016455224
35.0,547.0,96.1305702703795
35.0,548.0,96.70965495046387
35.0,549.0,97.25506010153921
35.0,550.0,97.7674093207335
35.0,551.0,98.24734341188255
35.0,552.0,98.6955108635605
35.0,553.0,99.11255912644631
35.0,554.0,99.49912677874867
35.0,555.0,99.85583645354002
35.0,556.0,100.18328853130603
35.0,557.0,100.48205553029467
35.0,558.0,100.75267712130632
35.0,559.0,100.99565576740876
35.0,560.0,101.21145284443304
35.0,561.0,101.4004853169501
35.0,562.0,101.56312275839815
35.0,563.0,101.69968486837493
35.0,564.0,101.81043921054209
35.0,565.0,101.89559940496481
35.0,566.0,101.9553234340182
35.0,567.0,101.98971237790943
35.0,568.0,101.99880917495157
35.0,569.0,101.98259780560882
35.0,570.0,101.9410024315417
35.0,571.0,101.87388697200535
35.0,572.0,101.78105458502064
35.0,573.0,101.66224761917974
35.0,574.0,101.51714743994953
35.0,575.0,101.34537477993202
35.0,576.0,101.14648995386045
35.0,577.0,100.91999367141032
35.0,578.0,100.66532772619017
35.0,579.0,100.38187637750902
35.0,580.0,100.06896764163588
35.0,581.0,99.72587539228779
35.0,582.0,99.35182142606699
35.0,583.0,98.94597847480959
35.0,584.0,98.50747325979391
35.0,585.0,98.03539065015865
35.0,586.0,97.52877795903036
35.0,587.0,96.98665051679686
35.0,588.0,96.4079974913801
35.0,589.0,95.7917891665725
35.0,590.0,95.13698458015708
35.0,591.0,94.44254079606722
35.0,592.0,93.70742263654239
35.0,593.0,92.93061419947588
35.0,594.0,92.11113089958698
35.0,595.0,91.2480333928401
35.0,596.0,90.34044201950204
35.0,597.0,89.38755313822975
35.0,598.0,88.38865586345544
35.0,599.0,87.34315056666706
35.0,600.0,86.25056750871308
35.0,601.0,85.11058692649928
35.0,602.0,83.92305877589948
35.0,603.0,82.68802339616612
35.0,604.0,81.40573112062053
35.0,605.0,80.07666203245073
35.0,606.0,78.70154371902764
35.0,607.0,77.2813681709176
35.0,608.0,75.81740554052607
35.0,609.0,74.31121589898208
35.0,610.0,72.76465663510392
35.0,611.0,71.17988670803028
35.0,612.0,69.55936542785662
35.0,613.0,67.90584715881779
35.0,614.0,66.22236977281143
35.0,615.0,64.51223854998085
35.0,616.0,62.779003624539904
35.0,617.0,61.02643306979346
35.0,618.0,59.2584800645897
35.0,619.0,57.479246665434346
35.0,620.0,55.69294296647438
35.0,621.0,53.903844546157245
35.0,622.0,52.116247226017485
35.0,623.0,50.3344222706639
35.0,624.0,48.56257112503588
35.0,625.0,46.80478284830785
35.0,626.0,45.06499320914172
35.0,627.0,43.34694843197598
35.0,628.0,41.65417225512502
35.0,629.0,39.989938976274495
35.0,630.0,38.357250745632626
35.0,631.0,36.75882141234737
35.0,632.0,35.1970647800626
35.0,633.0,33.67408924004857
35.0,634.0,32.191696307338184
35.0,635.0,30.751384785877267
35.0,636.0,29.35435787496313
35.0,637.0,28.00153481939664
35.0,638.0,26.69356432584178
35.0,639.0,25.43084133377333
35.0,640.0,24.213524375814096
35.0,641.0,23.041555181830933
35.0,642.0,21.914677841848167
35.0,643.0,20.832459292641
35.0,644.0,19.79430855686293
35.0,645.0,18.79949662323012
35.0,646.0,17.84717451680703
35.0,647.0,16.936391562498624
35.0,648.0,16.06611150004902
35.0,649.0,15.23522854662156
35.0,650.0,14.442581155232045
35.0,651.0,13.686965631824034
35.0,652.0,12.967147428188467
35.0,653.0,12.281872314596127
35.0,654.0,11.62987529945575
35.0,655.0,11.009889518770889
35.0,656.0,10.42065299806355
35.0,657.0,9.860915510768828
35.0,658.0,9.329443460830074
35.0,659.0,8.82502500148543
35.0,660.0,8.346473336785094
35.0,661.0,7.892630396363279
35.0,662.0,7.46236884582837
35.0,663.0,7.05459459533673
35.0,664.0,6.6682477839743495
35.0,665.0,6.302304370215994
35.0,666.0,5.955776322447404
35.0,667.0,5.627712504657582
35.0,668.0,5.317198269800425
35.0,669.0,5.023355818844049
35.0,670.0,4.745343359266487
35.0,671.0,4.482355082558802
35.0,672.0,4.233620018770497
35.0,673.0,3.9984017481287726
35.0,674.0,3.7759970551171187
35.0,675.0,3.5657354645724575
35.0,676.0,3.3669777755365184
35.0,677.0,3.179115491035842
35.0,678.0,3.001569292725792
35.0,679.0,2.8337884162535487
35.0,680.0,2.6752491121378457
35.0,681.0,2.525454004722011
35.0,682.0,2.383930572323973
35.0,683.0,2.2502305168144305
35.0,684.0,2.1239282863394013
35.0,685.0,2.0046204740248443
35.0,686.0,1.8919243990523162
35.0,687.0,1.7854775464525103
35.0,688.0,1.6849362165861916
35.0,689.0,1.5899750130557906
35.0,690.0,1.5002855663483932
35.0,691.0,1.415576073235296
35.0,692.0,1.3355700971684923
35.0,693.0,1.260006159877269
35.0,694.0,1.188636618824806
35.0,695.0,1.1212273098232883
35.0,696.0,1.0575565002505967
35.0,697.0,0.9974145802097376
35.0,698.0,0.9406030891153561
35.0,699.0,0.8869344520753932
35.0,700.0,0.8362310767553076
35.0,701.0,0.7883251311463215
35.0,702.0,0.7430577072016341
35.0,703.0,0.7002786358880072
35.0,704.0,0.6598457138851535
35.0,705.0,0.6216245517274823
35.0,706.0,0.5854878598054747
35.0,707.0,0.5513153254398836
35.0,708.0,0.5189929544767127
35.0,709.0,0.48841297325735905
35.0,710.0,0.45947322222237647
35.0,711.0,0.43207707891814506
35.0,712.0,0.40613290019315673
35.0,713.0,0.381553962592601
35.0,714.0,0.3582579499254082
35.0,715.0,0.33616690762632845
35.0,716.0,0.3152067726784701
35.0,717.0,0.29530733875618914
35.0,718.0,0.2764018256963383
35.0,719.0,0.258426852466143
35.0,720.0,0.24132204357973722
35.0,721.0,0.22503000715730717
35.0,722.0,0.2094959758768509
35.0,723.0,0.19466778760024003
35.0,724.0,0.18049555863023953
35.0,725.0,0.16693166457320344
35.0,726.0,0.15393044383614896
35.0,727.0,0.1414481765730003
35.0,728.0,0.1294428165047041
35.0,729.0,0.11787396595542421
35.0,730.0,0.10670263420967849
35.0,731.0,0.09589120678632182
35.0,732.0,0.08540322866024551
35.0,733.0,0.07520336604534665
35.0,734.0,0.06525721290448448
35.0,735.0,0.055531243618104895
35.0,736.0,0.04599264128506125
35.0,737.0,0.03660923974143718
35.0,738.0,0.027349372216746954
35.0,739.0,0.018181801238107427
35.0,740.0,0.009075586251479568
35.0,741.0,0.0
36.0,0.0,0.0
36.0,1.0,0.0029229542392307096
36.0,2.0,0.005855773775045923
36.0,3.0,0.008808358272949549
36.0,4.0,0.011790670826511048
36.0,5.0,0.014812778070703678
36.0,6.0,0.017884874368533674
36.0,7.0,0.021017328106062515
36.0,8.0,0.02422070145163726
36.0,9.0,0.02750580327771844
36.0,10.0,0.030883704950989948
36.0,11.0,0.03436580033923917
36.0,12.0,0.03796381810915391
36.0,13.0,0.04168988929494758
36.0,14.0,0.04555655660463546
36.0,15.0,0.04957685005093041
36.0,16.0,0.05376429379632504
36.0,17.0,0.058132990376068505
36.0,18.0,0.06269762564755034
36.0,19.0,0.06747356216995683
36.0,20.0,0.07247684286431433
36.0,21.0,0.07772429415472443
36.0,22.0,0.08323352899198248
36.0,23.0,0.08902306040704425
36.0,24.0,0.09511230460329846
36.0,25.0,0.10152170562394992
36.0,26.0,0.1082727392755628
36.0,27.0,0.1153880496670125
36.0,28.0,0.12289145478938908
36.0,29.0,0.13080809574448315
36.0,30.0,0.13916444487281843
36.0,31.0,0.1479884685533604
36.0,32.0,0.1573096388411943
36.0,33.0,0.1671591107858764
36.0,34.0,0.17756973861139685
36.0,35.0,0.1885762685662846
36.0,36.0,0.20021536074855958
36.0,37.0,0.21252579856344397
36.0,38.0,0.2255485173615871
36.0,39.0,0.2393268316359868
36.0,40.0,0.25390647169811925
36.0,41.0,0.26933582978888887
36.0,42.0,0.28566600605796144
36.0,43.0,0.3029510747867382
36.0,44.0,0.32124814095248394
36.0,45.0,0.34061762775442606
36.0,46.0,0.3611233450246295
36.0,47.0,0.38283279919806246
36.0,48.0,0.4058172747613465
36.0,49.0,0.4301521676965712
36.0,50.0,0.4559170810171212
36.0,51.0,0.4831961825204797
36.0,52.0,0.5120783152215173
36.0,53.0,0.5426573799422643
36.0,54.0,0.5750324610842519
36.0,55.0,0.6093082341259303
36.0,56.0,0.6455951066348483
36.0,57.0,0.6840096500888787
36.0,58.0,0.724674755263379
36.0,59.0,0.7677200868817204
36.0,60.0,0.8132822514565302
36.0,61.0,0.861505272035565
36.0,62.0,0.9125407651494869
36.0,63.0,0.966548431262798
36.0,64.0,1.0236962355870303
36.0,65.0,1.0841609076685859
36.0,66.0,1.1481281183526897
36.0,67.0,1.2157929791194741
36.0,68.0,1.2873602043019303
36.0,69.0,1.3630445971833471
36.0,70.0,1.443071182541761
36.0,71.0,1.5276756620031569
36.0,72.0,1.6171044969629909
36.0,73.0,1.711615310112213
36.0,74.0,1.8114768926447553
36.0,75.0,1.9169695221251573
36.0,76.0,2.0283848605419927
36.0,77.0,2.1460261507146403
36.0,78.0,2.270207963192633
36.0,79.0,2.4012562242649755
36.0,80.0,2.539507760076922
36.0,81.0,2.685310099255299
36.0,82.0,2.8390207522942643
36.0,83.0,3.0010067213807123
36.0,84.0,3.171643442817589
36.0,85.0,3.351313926781464
36.0,86.0,3.5404072815303644
36.0,87.0,3.739317398083766
36.0,88.0,3.948440969083571
36.0,89.0,4.16817563002495
36.0,90.0,4.3989173855948485
36.0,91.0,4.641058123235212
36.0,92.0,4.894982369159674
36.0,93.0,5.161064105721849
36.0,94.0,5.4396628025215366
36.0,95.0,5.731119500998314
36.0,96.0,6.035752107968936
36.0,97.0,6.353850763922812
36.0,98.0,6.685672451529239
36.0,99.0,7.0314357421636915
36.0,100.0,7.391314863173073
36.0,101.0,7.765434021367824
36.0,102.0,8.153861189061104
36.0,103.0,8.556602329656243
36.0,104.0,8.973595296149249
36.0,105.0,9.404704420784809
36.0,106.0,9.849715054355302
36.0,107.0,10.308329107654739
36.0,108.0,10.780160868909773
36.0,109.0,11.264734168155693
36.0,110.0,11.761480158508883
36.0,111.0,12.269736778493614
36.0,112.0,12.788749133574779
36.0,113.0,13.317671821802442
36.0,114.0,13.855572377330688
36.0,115.0,14.401436783779193
36.0,116.0,14.95417613722624
36.0,117.0,15.512635311970701
36.0,118.0,16.07560259807785
36.0,119.0,16.64182105659451
36.0,120.0,17.210000455222357
36.0,121.0,17.778830438522483
36.0,122.0,18.346993718348358
36.0,123.0,18.913179885444027
36.0,124.0,19.476098599718327
36.0,125.0,20.034492760071835
36.0,126.0,20.58715043959146
36.0,127.0,21.132916240007958
36.0,128.0,21.670700928435693
36.0,129.0,22.199490101991977
36.0,130.0,22.71835084964471
36.0,131.0,23.226437264038754
36.0,132.0,23.722993883513265
36.0,133.0,24.20735801580871
36.0,134.0,24.67896011772044
36.0,135.0,25.137323255073618
36.0,136.0,25.582060881712756
36.0,137.0,26.012874001097632
36.0,138.0,26.429546981017197
36.0,139.0,26.831943091819607
36.0,140.0,27.21999904252577
36.0,141.0,27.593719566800623
36.0,142.0,27.953171317764237
36.0,143.0,28.298477089416416
36.0,144.0,28.62980959843821
36.0,145.0,28.947385803026144
36.0,146.0,29.251460965331756
36.0,147.0,29.542323392819803
36.0,148.0,29.82028904132004
36.0,149.0,30.08569687763277
36.0,150.0,30.338904166941234
36.0,151.0,30.58028255118811
36.0,152.0,30.81021407335221
36.0,153.0,31.029087988076288
36.0,154.0,31.237297510123515
36.0,155.0,31.43523732069433
36.0,156.0,31.623300985461267
36.0,157.0,31.801879088084473
36.0,158.0,31.971357240032674
36.0,159.0,32.1321147571426
36.0,160.0,32.28452317408589
36.0,161.0,32.42894537570066
36.0,162.0,32.5657345290472
36.0,163.0,32.69523358464997
36.0,164.0,32.81777454501541
36.0,165.0,32.933678258727326
36.0,166.0,33.04325395339055
36.0,167.0,33.14679925545627
36.0,168.0,33.244599925926906
36.0,169.0,33.336930049321
36.0,170.0,33.4240519209078
36.0,171.0,33.50621635840117
36.0,172.0,33.5836626992622
36.0,173.0,33.65661919800609
36.0,174.0,33.72530310084416
36.0,175.0,33.78992109965257
36.0,176.0,33.85066945878189
36.0,177.0,33.9077345037132
36.0,178.0,33.96129278124736
36.0,179.0,34.01151156671316
36.0,180.0,34.05854904404291
36.0,181.0,34.10255482020405
36.0,182.0,34.143670115990545
36.0,183.0,34.18202828024637
36.0,184.0,34.21775498567553
36.0,185.0,34.25096873852823
36.0,186.0,34.28178107646108
36.0,187.0,34.31029707175613
36.0,188.0,34.33661553032157
36.0,189.0,34.360829488266674
36.0,190.0,34.38302641255793
36.0,191.0,34.40328869189427
36.0,192.0,34.4216938403183
36.0,193.0,34.43831498379866
36.0,194.0,34.453221068195525
36.0,195.0,34.46647734269813
36.0,196.0,34.47814557288284
36.0,197.0,34.48828452109564
36.0,198.0,34.49695016384305
36.0,199.0,34.50419616728567
36.0,200.0,34.51007410583032
36.0,201.0,34.514633928117235
36.0,202.0,34.51792417049843
36.0,203.0,34.5199924053999
36.0,204.0,34.52088543961833
36.0,205.0,34.520649733078685
36.0,206.0,34.51933156804915
36.0,207.0,34.5169774227264
36.0,208.0,34.513634094333035
36.0,209.0,34.50934900955463
36.0,210.0,34.50417028305538
36.0,211.0,34.49814694663368
36.0,212.0,34.49132892603756
36.0,213.0,34.483767173779626
36.0,214.0,34.4755135520531
36.0,215.0,34.46662086096507
36.0,216.0,34.45714262396929
36.0,217.0,34.447133013484006
36.0,218.0,34.4366465466764
36.0,219.0,34.42573792257801
36.0,220.0,34.41446164830648
36.0,221.0,34.402871813479436
36.0,222.0,34.391021677367284
36.0,223.0,34.37896341488562
36.0,224.0,34.36674770114513
36.0,225.0,34.35442346636877
36.0,226.0,34.34203751423671
36.0,227.0,34.3296343198839
36.0,228.0,34.31725571232993
36.0,229.0,34.30494074110979
36.0,230.0,34.29272544253539
36.0,231.0,34.28064278870268
36.0,232.0,34.26872254494838
36.0,233.0,34.256991302710766
36.0,234.0,34.24547242399762
36.0,235.0,34.234186149256324
36.0,236.0,34.22314961593121
36.0,237.0,34.212377025573545
36.0,238.0,34.20187971853364
36.0,239.0,34.19166638137205
36.0,240.0,34.18174315828597
36.0,241.0,34.17211387996181
36.0,242.0,34.16278019368415
36.0,243.0,34.15374179712343
36.0,244.0,34.144996572160544
36.0,245.0,34.1365408106711
36.0,246.0,34.12836934092009
36.0,247.0,34.12047573629208
36.0,248.0,34.112852426908695
36.0,249.0,34.10549088584739
36.0,250.0,34.09838172193842
36.0,251.0,34.091514840978924
36.0,252.0,34.084879518261495
36.0,253.0,34.07846453451188
36.0,254.0,34.07225822855805
36.0,255.0,34.06624860923348
36.0,256.0,34.06042338979421
36.0,257.0,34.054770077947154
36.0,258.0,34.0492759942946
36.0,259.0,34.04392834310882
36.0,260.0,34.03871421736976
36.0,261.0,34.033620653049795
36.0,262.0,34.02863462333951
36.0,263.0,34.023743079147344
36.0,264.0,34.0189329349855
36.0,265.0,34.014191098220415
36.0,266.0,34.00950444889573
36.0,267.0,34.004859860060286
36.0,268.0,34.00024417359452
36.0,269.0,33.99564421373967
36.0,270.0,33.99104676080815
36.0,271.0,33.986438559872155
36.0,272.0,33.981806294101
36.0,273.0,33.977136590459246
36.0,274.0,33.972415994339876
36.0,275.0,33.96763097408079
36.0,276.0,33.962767898557914
36.0,277.0,33.957813042358325
36.0,278.0,33.9527525680624
36.0,279.0,33.94757253400798
36.0,280.0,33.94225888311842
36.0,281.0,33.93679745534546
36.0,282.0,33.931173985075965
36.0,283.0,33.925374120531785
36.0,284.0,33.91938343198763
36.0,285.0,33.91318744060263
36.0,286.0,33.906771639865624
36.0,287.0,33.900121536488
36.0,288.0,33.89322268760367
36.0,289.0,33.886060756397264
36.0,290.0,33.878621567543334
36.0,291.0,33.87089118008674
36.0,292.0,33.86285596330403
36.0,293.0,33.85450268887478
36.0,294.0,33.84581862866029
36.0,295.0,33.83679166726931
36.0,296.0,33.8274104220324
36.0,297.0,33.81766437553321
36.0,298.0,33.80754401618008
36.0,299.0,33.79704098803157
36.0,300.0,33.786148247749274
36.0,301.0,33.774860226059985
36.0,302.0,33.763172993544934
36.0,303.0,33.75108442446295
36.0,304.0,33.738594360005614
36.0,305.0,33.72570476129117
36.0,306.0,33.71241985486284
36.0,307.0,33.69874625806615
36.0,308.0,33.684693088448746
36.0,309.0,33.67027204234793
36.0,310.0,33.65549744846375
36.0,311.0,33.64038628036899
36.0,312.0,33.6249581359314
36.0,313.0,33.60923516758883
36.0,314.0,33.593241974282655
36.0,315.0,33.57700544022289
36.0,316.0,33.560554534682254
36.0,317.0,33.543920060250535
36.0,318.0,33.5271343673302
36.0,319.0,33.51023102509415
36.0,320.0,33.49324446984584
36.0,321.0,33.47620962364827
36.0,322.0,33.45916150618838
36.0,323.0,33.44213483458761
36.0,324.0,33.42516363444643
36.0,325.0,33.40828085747254
36.0,326.0,33.391518027372605
36.0,327.0,33.37490490879868
36.0,328.0,33.358469217700005
36.0,329.0,33.342236366536255
36.0,330.0,33.32622925820825
36.0,331.0,33.31046812072298
36.0,332.0,33.29497039148257
36.0,333.0,33.27975064236241
36.0,334.0,33.26482054962943
36.0,335.0,33.250188900111205
36.0,336.0,33.235861633311366
36.0,337.0,33.22184191245786
36.0,338.0,33.20813022038175
36.0,339.0,33.19472447609601
36.0,340.0,33.181620164586654
36.0,341.0,33.16881047968338
36.0,342.0,33.15628646928741
36.0,343.0,33.14403718767932
36.0,344.0,33.13204984081949
36.0,345.0,33.120309934837216
36.0,346.0,33.10880140988884
36.0,347.0,33.097506775494416
36.0,348.0,33.086407225267564
36.0,349.0,33.075482753398596
36.0,350.0,33.06471224591079
36.0,351.0,33.05407357559978
36.0,352.0,33.04354366811219
36.0,353.0,33.033098574931124
36.0,354.0,33.02271351448892
36.0,355.0,33.01236292437595
36.0,356.0,33.002020478975304
36.0,357.0,32.99165912308524
36.0,358.0,32.98125106833707
36.0,359.0,32.97076781100711
36.0,360.0,32.96018010989948
36.0,361.0,32.94945799142672
36.0,362.0,32.938570711843866
36.0,363.0,32.92748675282531
36.0,364.0,32.91617377104205
36.0,365.0,32.90459858756091
36.0,366.0,32.892727127855935
36.0,367.0,32.88052440848674
36.0,368.0,32.86795447079997
36.0,369.0,32.85498036856957
36.0,370.0,32.841564098930824
36.0,371.0,32.82766659503371
36.0,372.0,32.81324765820115
36.0,373.0,32.79826596019371
36.0,374.0,32.78267898122405
36.0,375.0,32.766443027179896
36.0,376.0,32.74951317897547
36.0,377.0,32.731843331038945
36.0,378.0,32.71338615853985
36.0,379.0,32.69409318460659
36.0,380.0,32.673914773213625
36.0,381.0,32.65280023391681
36.0,382.0,32.63069784955745
36.0,383.0,32.60755502870759
36.0,384.0,32.58331837874246
36.0,385.0,32.55793391753331
36.0,386.0,32.53134720367707
36.0,387.0,32.50350362003841
36.0,388.0,32.47434857373273
36.0,389.0,32.44382786457449
36.0,390.0,32.41188796740005
36.0,391.0,32.37847649787533
36.0,392.0,32.343542588403224
36.0,393.0,32.30703746150361
36.0,394.0,32.2689149072439
36.0,395.0,32.22913196985221
36.0,396.0,32.18764952863972
36.0,397.0,32.14443309594884
36.0,398.0,32.09945349425193
36.0,399.0,32.052687752414506
36.0,400.0,32.00411985865738
36.0,401.0,31.95374172726431
36.0,402.0,31.901553990537128
36.0,403.0,31.84756699006362
36.0,404.0,31.791801551753657
36.0,405.0,31.734289936283577
36.0,406.0,31.67507652212886
36.0,407.0,31.61421863189288
36.0,408.0,31.55178703275049
36.0,409.0,31.48786654351907
36.0,410.0,31.422556255095984
36.0,411.0,31.355969822643086
36.0,412.0,31.288235315730493
36.0,413.0,31.21949511575057
36.0,414.0,31.149905330533855
36.0,415.0,31.079635251619585
36.0,416.0,31.008866311679252
36.0,417.0,30.937791107754624
36.0,418.0,30.866611937428605
36.0,419.0,30.795539455336826
36.0,420.0,30.724790885797
36.0,421.0,30.654588438802406
36.0,422.0,30.585157349380236
36.0,423.0,30.51672422213246
36.0,424.0,30.449515077964836
36.0,425.0,30.38375381202679
36.0,426.0,30.319660428613503
36.0,427.0,30.257449781846205
36.0,428.0,30.197330149499045
36.0,429.0,30.139502383178453
36.0,430.0,30.084158919584965
36.0,431.0,30.031483408318344
36.0,432.0,29.981650197625793
36.0,433.0,29.93482444702795
36.0,434.0,29.891162067304485
36.0,435.0,29.850810273904788
36.0,436.0,29.813907917642045
36.0,437.0,29.780586400576514
36.0,438.0,29.750970309104193
36.0,439.0,29.725178598464616
36.0,440.0,29.703325433016975
36.0,441.0,29.68552154618151
36.0,442.0,29.671875199717068
36.0,443.0,29.662493637869453
36.0,444.0,29.6574840930889
36.0,445.0,29.656955271103005
36.0,446.0,29.66101834971478
36.0,447.0,29.669788450943383
36.0,448.0,29.683385598486165
36.0,449.0,29.701936150859595
36.0,450.0,29.7255736993919
36.0,451.0,29.75444045071929
36.0,452.0,29.788688059662658
36.0,453.0,29.828478959855737
36.0,454.0,29.87398713431894
36.0,455.0,29.92539939949416
36.0,456.0,29.98291612106085
36.0,457.0,30.046752459671673
36.0,458.0,30.117139041085835
36.0,459.0,30.194323171996096
36.0,460.0,30.27856947242653
36.0,461.0,30.370161067718026
36.0,462.0,30.46940018779471
36.0,463.0,30.576609337000633
36.0,464.0,30.692131859567507
36.0,465.0,30.816333082772136
36.0,466.0,30.949600840857684
36.0,467.0,31.092346578950128
36.0,468.0,31.245005818763023
36.0,469.0,31.40803920077458
36.0,470.0,31.581932864128508
36.0,471.0,31.767199392533023
36.0,472.0,31.96437806762823
36.0,473.0,32.17403566967728
36.0,474.0,32.39676654805582
36.0,475.0,32.63319321083624
36.0,476.0,32.88396613778228
36.0,477.0,33.149764073265914
36.0,478.0,33.43129348621093
36.0,479.0,33.72928845856163
36.0,480.0,34.04450967333414
36.0,481.0,34.377743766639675
36.0,482.0,34.72980170023606
36.0,483.0,35.101517420132474
36.0,484.0,35.49374544547243
36.0,485.0,35.90735865323255
36.0,486.0,36.34324489376013
36.0,487.0,36.802303702597456
36.0,488.0,37.2854417389324
36.0,489.0,37.79356821743207
36.0,490.0,38.32758896553153
36.0,491.0,38.8884003776757
36.0,492.0,39.4768819091574
36.0,493.0,40.09388839175679
36.0,494.0,40.740240836074925
36.0,495.0,41.416717022269744
36.0,496.0,42.124040580950115
36.0,497.0,42.86286989689591
36.0,498.0,43.63378559122564
36.0,499.0,44.437277958754905
36.0,500.0,45.273733187848556
36.0,501.0,46.14341979612378
36.0,502.0,47.04647419662224
36.0,503.0,47.982886892606345
36.0,504.0,48.95248831178696
36.0,505.0,49.954935841486055
36.0,506.0,50.989701168027594
36.0,507.0,52.056059528087175
36.0,508.0,53.153080045647066
36.0,509.0,54.27961877064984
36.0,510.0,55.434313619161834
36.0,511.0,56.61558277950388
36.0,512.0,57.82162574568801
36.0,513.0,59.05042841417662
36.0,514.0,60.299771291267085
36.0,515.0,61.56724203896852
36.0,516.0,62.85025122410202
36.0,517.0,64.14605222890076
36.0,518.0,65.45176396667122
36.0,519.0,66.76439707071255
36.0,520.0,68.08088199028344
36.0,521.0,69.39809940716675
36.0,522.0,70.71291126582933
36.0,523.0,72.02219266597596
36.0,524.0,73.32286288497824
36.0,525.0,74.61191573788491
36.0,526.0,75.88644764999735
36.0,527.0,77.14368373231797
36.0,528.0,78.38100045756434
36.0,529.0,79.59594539965954
36.0,530.0,80.78625292594111
36.0,531.0,81.94985651321193
36.0,532.0,83.0848968796142
36.0,533.0,84.18972679142257
36.0,534.0,85.26291200060028
36.0,535.0,86.30322929906714
36.0,536.0,87.30966134050315
36.0,537.0,88.28138926317588
36.0,538.0,89.21778288361612
36.0,539.0,90.1183894658325
36.0,540.0,90.9829208897727
36.0,541.0,91.81124013546835
36.0,542.0,92.60334691571948
36.0,543.0,93.35936324825755
36.0,544.0,94.079518786649
36.0,545.0,94.76413655895826
36.0,546.0,95.41361891546313
36.0,547.0,96.0284341918537
36.0,548.0,96.60910387938482
36.0,549.0,97.15619067487329
36.0,550.0,97.67028720704108
36.0,551.0,98.15200569204845
36.0,552.0,98.60196833673463
36.0,553.0,99.02079863652835
36.0,554.0,99.40911342469275
36.0,555.0,99.76751572659262
36.0,556.0,100.09658832750134
36.0,557.0,100.39688802441763
36.0,558.0,100.66894053300744
36.0,559.0,100.9132359442676
36.0,560.0,101.13022477251627
36.0,561.0,101.32031441837174
36.0,562.0,101.48386616428073
36.0,563.0,101.62119245836809
36.0,564.0,101.73255468370431
36.0,565.0,101.81816110257063
36.0,566.0,101.87816525456627
36.0,567.0,101.91266443278555
36.0,568.0,101.92169859994667
36.0,569.0,101.90524930372705
36.0,570.0,101.86323903693051
36.0,571.0,101.79553053698045
36.0,572.0,101.70192655447242
36.0,573.0,101.58216952076016
36.0,574.0,101.43594172858633
36.0,575.0,101.26286539158727
36.0,576.0,101.06250328099746
36.0,577.0,100.83435924176783
36.0,578.0,100.57787937062034
36.0,579.0,100.29245309525463
36.0,580.0,99.97741502104464
36.0,581.0,99.6320467219871
36.0,582.0,99.25557942519744
36.0,583.0,98.84719670346794
36.0,584.0,98.4060382064818
36.0,585.0,97.93120348242573
36.0,586.0,97.42175699897847
36.0,587.0,96.87673335086164
36.0,588.0,96.29514383655768
36.0,589.0,95.67598332313472
36.0,590.0,95.01823864811787
36.0,591.0,94.32089740277988
36.0,592.0,93.58295840158317
36.0,593.0,92.80344259795051
36.0,594.0,91.98140579252862
36.0,595.0,91.1159517965835
36.0,596.0,90.20624741980902
36.0,597.0,89.25153783081795
36.0,598.0,88.25116366116434
36.0,599.0,87.20457826781633
36.0,600.0,86.11136650382217
36.0,601.0,84.9712632606039
36.0,602.0,83.78417309072739
36.0,603.0,82.55018901087713
36.0,604.0,81.26961174222478
36.0,605.0,79.94296732498293
36.0,606.0,78.57102431873034
36.0,607.0,77.15480838422405
36.0,608.0,75.695615443406
36.0,609.0,74.19502112199874
36.0,610.0,72.65488771677197
36.0,611.0,71.07736638007162
36.0,612.0,69.46489589668742
36.0,613.0,67.82019583598029
36.0,614.0,66.14625568955431
36.0,615.0,64.44631797382101
36.0,616.0,62.72385723566934
36.0,617.0,60.98255321867935
36.0,618.0,59.226260508509654
36.0,619.0,57.45897321979125
36.0,620.0,55.6847874089195
36.0,621.0,53.90786003183494
36.0,622.0,52.13236740497291
36.0,623.0,50.36246212411157
36.0,624.0,48.60223151893109
36.0,625.0,46.855656567321624
36.0,626.0,45.12657428884687
36.0,627.0,43.41864234441295
36.0,628.0,41.73530864891882
36.0,629.0,40.07978440593644
36.0,630.0,38.455023066453215
36.0,631.0,36.86370325476399
36.0,632.0,35.308217843937676
36.0,633.0,33.79066688503621
36.0,634.0,32.31285630511415
36.0,635.0,30.87629982125
36.0,636.0,29.4822258106138
36.0,637.0,28.131586433383276
36.0,638.0,26.825070675290064
36.0,639.0,25.56311855876441
36.0,640.0,24.345938203376914
36.0,641.0,23.1735230167566
36.0,642.0,22.04567077030517
36.0,643.0,20.96200192346725
36.0,644.0,19.92197905460792
36.0,645.0,18.924924867390054
36.0,646.0,17.970040739813957
36.0,647.0,17.056423391484643
36.0,648.0,16.183081733877174
36.0,649.0,15.34895157446983
36.0,650.0,14.552910316539476
36.0,651.0,13.793789403598797
36.0,652.0,13.070386703769346
36.0,653.0,12.381476643229986
36.0,654.0,11.725820315083427
36.0,655.0,11.102173417236946
36.0,656.0,10.50929425742705
36.0,657.0,9.945949711328568
36.0,658.0,9.410921368321647
36.0,659.0,8.903009774911798
36.0,660.0,8.42103899526671
36.0,661.0,7.963859418056544
36.0,662.0,7.530351005627171
36.0,663.0,7.119424931780643
36.0,664.0,6.7300257749576975
36.0,665.0,6.361132230125301
36.0,666.0,6.011758472971131
36.0,667.0,5.680954158081925
36.0,668.0,5.367805148820572
36.0,669.0,5.071432981182764
36.0,670.0,4.790995121581076
36.0,671.0,4.525684044165239
36.0,672.0,4.274727148466262
36.0,673.0,4.037385569242994
36.0,674.0,3.812953859027861
36.0,675.0,3.6007586244956773
36.0,676.0,3.400158055848707
36.0,677.0,3.2105404624816223
36.0,678.0,3.03132371183531
36.0,679.0,2.861953719590674
36.0,680.0,2.70190384483275
36.0,681.0,2.550673375792891
36.0,682.0,2.407786915493042
36.0,683.0,2.2727928927363394
36.0,684.0,2.1452629623977586
36.0,685.0,2.024790562488539
36.0,686.0,1.9109903454835746
36.0,687.0,1.803496795430736
36.0,688.0,1.7019637007530308
36.0,689.0,1.6060628401591985
36.0,690.0,1.5154835028744484
36.0,691.0,1.4299312482046433
36.0,692.0,1.3491274758305445
36.0,693.0,1.272808261007593
36.0,694.0,1.2007239751529168
36.0,695.0,1.132638196597821
36.0,696.0,1.0683273799982311
36.0,697.0,1.007579841112259
36.0,698.0,0.9501954724071855
36.0,699.0,0.8959847993615779
36.0,700.0,0.8447687388932101
36.0,701.0,0.7963777240668533
36.0,702.0,0.7506515015236336
36.0,703.0,0.7074383211199049
36.0,704.0,0.6665947683183876
36.0,705.0,0.6279850151191245
36.0,706.0,0.5914806833136924
36.0,707.0,0.5569601530413372
36.0,708.0,0.5243084528616349
36.0,709.0,0.49341662233570377
36.0,710.0,0.4641816250035537
36.0,711.0,0.43650576152022874
36.0,712.0,0.4102966018043943
36.0,713.0,0.3854664454287799
36.0,714.0,0.3619322694160009
36.0,715.0,0.33961523277431976
36.0,716.0,0.31844063664036104
36.0,717.0,0.2983374700522597
36.0,718.0,0.2792383793660189
36.0,719.0,0.2610792525594236
36.0,720.0,0.24379919507163603
36.0,721.0,0.22734015012637845
36.0,722.0,0.21164687835763948
36.0,723.0,0.19666661182514045
36.0,724.0,0.1823490349891513
36.0,725.0,0.16864597026221623
36.0,726.0,0.1555113580807411
36.0,727.0,0.1429009719925014
36.0,728.0,0.13077239574048632
36.0,729.0,0.11908476602475711
36.0,730.0,0.10779874466428102
36.0,731.0,0.09687628729369732
36.0,732.0,0.08628060880126251
36.0,733.0,0.07597597632581876
36.0,734.0,0.06592766628350352
36.0,735.0,0.0561017801177292
36.0,736.0,0.046465191324165725
36.0,737.0,0.03698538247698179
36.0,738.0,0.027630380741057926
36.0,739.0,0.018368614751310134
36.0,740.0,0.009168837163427519
36.0,741.0,0.0
37.0,0.0,0.0
37.0,1.0,0.0029478416972529018
37.0,2.0,0.005905633100663035
37.0,3.0,0.008883355839889622
37.0,4.0,0.01189106096568343
37.0,5.0,0.014938895737887162
37.0,6.0,0.018037147135696575
37.0,7.0,0.021196263953999584
37.0,8.0,0.024426906770135707
37.0,9.0,0.02773996580295402
37.0,10.0,0.031146617790402256
37.0,11.0,0.03465834008156527
37.0,12.0,0.038286974895220094
37.0,13.0,0.04204474013641404
37.0,14.0,0.045944301527280365
37.0,15.0,0.04999878066651237
37.0,16.0,0.05422183555030364
37.0,17.0,0.058627666425451495
37.0,18.0,0.06323110525031304
37.0,19.0,0.06804761993028671
37.0,20.0,0.07309341330617533
37.0,21.0,0.07838542640446156
37.0,22.0,0.08394144758339592
37.0,23.0,0.08978011547973283
37.0,24.0,0.09592103899107152
37.0,25.0,0.1023848006553624
37.0,26.0,0.10919308820122602
37.0,27.0,0.11636869915619888
37.0,28.0,0.12393568475442614
37.0,29.0,0.13191935663365323
37.0,30.0,0.14034644395100848
37.0,31.0,0.14924510309615727
37.0,32.0,0.15864508892961154
37.0,33.0,0.16857776850874023
37.0,34.0,0.1790763074273337
37.0,35.0,0.19017568862012793
37.0,36.0,0.20191291484460128
37.0,37.0,0.214327033695237
37.0,38.0,0.22745935732509195
37.0,39.0,0.24135349485891455
37.0,40.0,0.25605559049788984
37.0,41.0,0.2716143645651075
37.0,42.0,0.28808137116525934
37.0,43.0,0.30551104911893817
37.0,44.0,0.3239610003508365
37.0,45.0,0.3434920519604513
37.0,46.0,0.36416855647542595
37.0,47.0,0.3860584662515713
37.0,48.0,0.40923365663653805
37.0,49.0,0.43377001377350616
37.0,50.0,0.4597477815537082
37.0,51.0,0.4872516636921829
37.0,52.0,0.5163711950791399
37.0,53.0,0.5472008586726363
37.0,54.0,0.5798404814543161
37.0,55.0,0.6143953662043823
37.0,56.0,0.6509767116837778
37.0,57.0,0.6897017586731228
37.0,58.0,0.7306942331870666
37.0,59.0,0.7740845052109814
37.0,60.0,0.8200100526375429
37.0,61.0,0.8686156298495121
37.0,62.0,0.9200537485729142
37.0,63.0,0.9744848517428957
37.0,64.0,1.0320778054961413
37.0,65.0,1.093010071515746
37.0,66.0,1.1574682018263662
37.0,67.0,1.2256479999248036
37.0,68.0,1.2977550067701153
37.0,69.0,1.3740046373395018
37.0,70.0,1.4546226420895065
37.0,71.0,1.5398452009986368
37.0,72.0,1.6299193396847698
37.0,73.0,1.7251029573841752
37.0,74.0,1.8256651707352176
37.0,75.0,1.9318862454097576
37.0,76.0,2.0440578332557595
37.0,77.0,2.1624827694239883
37.0,78.0,2.2874751601393464
37.0,79.0,2.4193599982610436
37.0,80.0,2.558473049621682
37.0,81.0,2.7051602303314715
37.0,82.0,2.8597772298307755
37.0,83.0,3.022688583509023
37.0,84.0,3.1942669611675383
37.0,85.0,3.3748918597083954
37.0,86.0,3.5649484779020826
37.0,87.0,3.764825947613713
37.0,88.0,3.9749157115523492
37.0,89.0,4.195609210044182
37.0,90.0,4.427295680496041
37.0,91.0,4.670359223182337
37.0,92.0,4.92517595295757
37.0,93.0,5.192110385724789
37.0,94.0,5.471511898600759
37.0,95.0,5.763710412984704
37.0,96.0,6.069012163253664
37.0,97.0,6.387694706809364
37.0,98.0,6.720002067160015
37.0,99.0,7.0661391788837955
37.0,100.0,7.426266560304462
37.0,101.0,7.800494401928507
37.0,102.0,8.18887703455434
37.0,103.0,8.591406988314949
37.0,104.0,9.008009645510779
37.0,105.0,9.43853772161008
37.0,106.0,9.882766611852478
37.0,107.0,10.340389854572084
37.0,108.0,10.81101577164956
37.0,109.0,11.294164539668417
37.0,110.0,11.78926675533117
37.0,111.0,12.295662728904908
37.0,112.0,12.812603545432573
37.0,113.0,13.339253079884818
37.0,114.0,13.874691952035903
37.0,115.0,14.417922531804816
37.0,116.0,14.967875900408968
37.0,117.0,15.52341978254858
37.0,118.0,16.083368259936147
37.0,119.0,16.646492181477747
37.0,120.0,17.21153098952843
37.0,121.0,17.777204793838855
37.0,122.0,18.342227346834836
37.0,123.0,18.90531870401828
37.0,124.0,19.465218199056867
37.0,125.0,20.020696517410443
37.0,126.0,20.570567522015548
37.0,127.0,21.113698662821452
37.0,128.0,21.64902068936399
37.0,129.0,22.175535581970017
37.0,130.0,22.692323511564492
37.0,131.0,23.198547843682597
37.0,132.0,23.69345909159958
37.0,133.0,24.176396929785334
37.0,134.0,24.64679125295942
37.0,135.0,25.10416146744745
37.0,136.0,25.548115054017952
37.0,137.0,25.97834463652943
37.0,138.0,26.39462461936577
37.0,139.0,26.79680664779783
37.0,140.0,27.184814951117094
37.0,141.0,27.558640820186675
37.0,142.0,27.918337256334432
37.0,143.0,28.26401302641991
37.0,144.0,28.595827126517538
37.0,145.0,28.913982865811303
37.0,146.0,29.218722534343026
37.0,147.0,29.51032184282586
37.0,148.0,29.7890850602852
37.0,149.0,30.0553400183085
37.0,150.0,30.309433873779465
37.0,151.0,30.551728785466974
37.0,152.0,30.782598367710154
37.0,153.0,31.00242406969585
37.0,154.0,31.211592320185712
37.0,155.0,31.410491585384317
37.0,156.0,31.59951016094276
37.0,157.0,31.779033850086172
37.0,158.0,31.949444333483484
37.0,159.0,32.11111739112728
37.0,160.0,32.26442176888976
37.0,161.0,32.40971786122536
37.0,162.0,32.54735699122081
37.0,163.0,32.67768047269577
37.0,164.0,32.80101922482974
37.0,165.0,32.91769313858563
37.0,166.0,33.028010954872606
37.0,167.0,33.13226986911366
37.0,168.0,33.23075561144644
37.0,169.0,33.323742233098486
37.0,170.0,33.41149233704003
37.0,171.0,33.49425699958671
37.0,172.0,33.57227610939558
37.0,173.0,33.64577838677792
37.0,174.0,33.71498179752968
37.0,175.0,33.78009364050037
37.0,176.0,33.84131101027657
37.0,177.0,33.898820930509
37.0,178.0,33.95280084588428
37.0,179.0,34.0034187845762
37.0,180.0,34.05083386529915
37.0,181.0,34.095196477100245
37.0,182.0,34.13664879168471
37.0,183.0,34.17532495270822
37.0,184.0,34.211351587106215
37.0,185.0,34.24484799918433
37.0,186.0,34.27592667746632
37.0,187.0,34.304693491298316
37.0,188.0,34.33124819182255
37.0,189.0,34.35568461056121
37.0,190.0,34.37809115456066
37.0,191.0,34.39855100751833
37.0,192.0,34.417142619920796
37.0,193.0,34.43393991370169
37.0,194.0,34.44901276827996
37.0,195.0,34.46242722943849
37.0,196.0,34.47424599149847
37.0,197.0,34.484528610028384
37.0,198.0,34.493331978915094
37.0,199.0,34.50071054461624
37.0,200.0,34.50671677460387
37.0,201.0,34.51140136820028
37.0,202.0,34.51481370987467
37.0,203.0,34.51700206842882
37.0,204.0,34.51801402519034
37.0,205.0,34.517896649815256
37.0,206.0,34.516696890035085
37.0,207.0,34.51446170923269
37.0,208.0,34.51123842179566
37.0,209.0,34.507074775731994
37.0,210.0,34.502019216764545
37.0,211.0,34.496120899518964
37.0,212.0,34.489429865167324
37.0,213.0,34.48199696794315
37.0,214.0,34.473873956024214
37.0,215.0,34.4651133066552
37.0,216.0,34.455768208043175
37.0,217.0,34.44589230577286
37.0,218.0,34.43553959389103
37.0,219.0,34.424764086236344
37.0,220.0,34.41361963584054
37.0,221.0,34.40215955515854
37.0,222.0,34.3904363921048
37.0,223.0,34.37850153061244
37.0,224.0,34.36640495685805
37.0,225.0,34.35419487424926
37.0,226.0,34.34191749332953
37.0,227.0,34.32961669248701
37.0,228.0,34.31733385967265
37.0,229.0,34.30510762254548
37.0,230.0,34.29297376082442
37.0,231.0,34.28096501908883
37.0,232.0,34.269111097513225
37.0,233.0,34.257438549475225
37.0,234.0,34.24597084790437
37.0,235.0,34.234728360321135
37.0,236.0,34.22372847983888
37.0,237.0,34.21298566361561
37.0,238.0,34.20251161256811
37.0,239.0,34.19231535589196
37.0,240.0,34.18240346179002
37.0,241.0,34.17278015036477
37.0,242.0,34.163447518519305
37.0,243.0,34.15440566535585
37.0,244.0,34.14565291698114
37.0,245.0,34.137185951632276
37.0,246.0,34.129000013516276
37.0,247.0,34.1210890284106
37.0,248.0,34.11344579917403
37.0,249.0,34.10606210593827
37.0,250.0,34.09892887907311
37.0,251.0,34.092036280946175
37.0,252.0,34.08537385466793
37.0,253.0,34.07893058660435
37.0,254.0,34.07269503110148
37.0,255.0,34.06665535449009
37.0,256.0,34.06079943724502
37.0,257.0,34.05511490120454
37.0,258.0,34.04958919136352
37.0,259.0,34.04420958856471
37.0,260.0,34.038963273481414
37.0,261.0,34.033837327248484
37.0,262.0,34.028818780280574
37.0,263.0,34.023894603307866
37.0,264.0,34.01905174360192
37.0,265.0,34.014277108756744
37.0,266.0,34.00955759273534
37.0,267.0,34.00488005455982
37.0,268.0,34.00023133640664
37.0,269.0,33.99559823918924
37.0,270.0,33.99096753476025
37.0,271.0,33.986325940219295
37.0,272.0,33.981660126152676
37.0,273.0,33.97695669139947
37.0,274.0,33.9722021691882
37.0,275.0,33.96738300405705
37.0,276.0,33.96248555774109
37.0,277.0,33.95749608997051
37.0,278.0,33.95240076602065
37.0,279.0,33.9471856432022
37.0,280.0,33.94183668210219
37.0,281.0,33.93633974072071
37.0,282.0,33.93068059158858
37.0,283.0,33.924844925674776
37.0,284.0,33.91881837773869
37.0,285.0,33.91258654229866
37.0,286.0,33.90613500972197
37.0,287.0,33.899449396657445
37.0,288.0,33.89251539542646
37.0,289.0,33.88531882131212
37.0,290.0,33.877845677709374
37.0,291.0,33.870082222438946
37.0,292.0,33.86201505074165
37.0,293.0,33.85363118223505
37.0,294.0,33.844918163076954
37.0,295.0,33.8358641741812
37.0,296.0,33.82645815260141
37.0,297.0,33.81668992004954
37.0,298.0,33.806550321656424
37.0,299.0,33.79603137160766
37.0,300.0,33.78512640487368
37.0,301.0,33.77383023389291
37.0,302.0,33.76213930569477
37.0,303.0,33.750051860164795
37.0,304.0,33.737568081450625
37.0,305.0,33.724690244788505
37.0,306.0,33.711422847655875
37.0,307.0,33.69777272901896
37.0,308.0,33.68374916309098
37.0,309.0,33.669363932994365
37.0,310.0,33.654631369093764
37.0,311.0,33.63956835937769
37.0,312.0,33.62419431605483
37.0,313.0,33.608531108242275
37.0,314.0,33.592602945452384
37.0,315.0,33.576436224767725
37.0,316.0,33.560059327993216
37.0,317.0,33.54350238497276
37.0,318.0,33.526796991650166
37.0,319.0,33.509975902190675
37.0,320.0,33.49307268621169
37.0,321.0,33.47612137280495
37.0,322.0,33.459156074452906
37.0,323.0,33.442210613556085
37.0,324.0,33.42531814584678
37.0,325.0,33.40851080275799
37.0,326.0,33.391819347141364
37.0,327.0,33.37527286206452
37.0,328.0,33.35889846633447
37.0,329.0,33.34272107278374
37.0,330.0,33.32676318183645
37.0,331.0,33.31104472189363
37.0,332.0,33.29558292815222
37.0,333.0,33.28039226667496
37.0,334.0,33.26548439519514
37.0,335.0,33.250868162965034
37.0,336.0,33.236549642124075
37.0,337.0,33.22253218881145
37.0,338.0,33.20881652872962
37.0,339.0,33.19540086171073
37.0,340.0,33.182280983382995
37.0,341.0,33.16945041505737
37.0,342.0,33.15690054429157
37.0,343.0,33.14462076382093
37.0,344.0,33.132598616420246
37.0,345.0,33.120819929717946
37.0,346.0,33.10926895418777
37.0,347.0,33.09792848424204
37.0,348.0,33.086779981730835
37.0,349.0,33.07580367711417
37.0,350.0,33.06497867403699
37.0,351.0,33.05428302728428
37.0,352.0,33.04369382659697
37.0,353.0,33.03318725037669
37.0,354.0,33.02273862885123
37.0,355.0,33.01232247412014
37.0,356.0,33.00191252412213
37.0,357.0,32.991481750690085
37.0,358.0,32.98100238662935
37.0,359.0,32.970445914107756
37.0,360.0,32.959783077657775
37.0,361.0,32.94898385559685
37.0,362.0,32.938017462046986
37.0,363.0,32.92685230428592
37.0,364.0,32.91545597704697
37.0,365.0,32.90379520884557
37.0,366.0,32.89183585197376
37.0,367.0,32.879542821011334
37.0,368.0,32.86688008213629
37.0,369.0,32.8538105872805
37.0,370.0,32.84029626669567
37.0,371.0,32.82629796259837
37.0,372.0,32.81177542940283
37.0,373.0,32.79668727125459
37.0,374.0,32.78099095499464
37.0,375.0,32.76464275672643
37.0,376.0,32.74759779342503
37.0,377.0,32.72980998462456
37.0,378.0,32.711232109626614
37.0,379.0,32.69181579151861
37.0,380.0,32.67151158813822
37.0,381.0,32.650269006891335
37.0,382.0,32.628036638927
37.0,383.0,32.60476221452581
37.0,384.0,32.58039279121446
37.0,385.0,32.55487486068978
37.0,386.0,32.528154602663115
37.0,387.0,32.5001780551402
37.0,388.0,32.470891446353164
37.0,389.0,32.440241440399156
37.0,390.0,32.40817555930512
37.0,391.0,32.374642515095445
37.0,392.0,32.33959273234303
37.0,393.0,32.30297877513889
37.0,394.0,32.26475597682188
37.0,395.0,32.224882965444365
37.0,396.0,32.183322401120925
37.0,397.0,32.14004159582875
37.0,398.0,32.095013349442674
37.0,399.0,32.048216648662624
37.0,400.0,31.999637580069844
37.0,401.0,31.949270078641636
37.0,402.0,31.897116880398293
37.0,403.0,31.843190274076655
37.0,404.0,31.78751303834751
37.0,405.0,31.730119132532344
37.0,406.0,31.671054546316018
37.0,407.0,31.610377849884355
37.0,408.0,31.548160871112817
37.0,409.0,31.484489016271116
37.0,410.0,31.419461685302085
37.0,411.0,31.353192275902543
37.0,412.0,31.285808256193626
37.0,413.0,31.217450781514195
37.0,414.0,31.148274368575933
37.0,415.0,31.078446087398437
37.0,416.0,31.00814482188487
37.0,417.0,30.937560046844638
37.0,418.0,30.86689071238503
37.0,419.0,30.796343671161534
37.0,420.0,30.726132279197635
37.0,421.0,30.65647459083414
37.0,422.0,30.58759181500124
37.0,423.0,30.51970643306544
37.0,424.0,30.45304067620801
37.0,425.0,30.387814735225252
37.0,426.0,30.324245424804943
37.0,427.0,30.26254464079834
37.0,428.0,30.202918350829776
37.0,429.0,30.1455654171499
37.0,430.0,30.090677006871932
37.0,431.0,30.038435846497848
37.0,432.0,29.989016090123002
37.0,433.0,29.942583016838384
37.0,434.0,29.899293343040426
37.0,435.0,29.85929532668928
37.0,436.0,29.822729469257343
37.0,437.0,29.78972895800474
37.0,438.0,29.760420678524067
37.0,439.0,29.734925909912725
37.0,440.0,29.713361560365396
37.0,441.0,29.695841028663615
37.0,442.0,29.682475579765175
37.0,443.0,29.673375295406657
37.0,444.0,29.668650519643332
37.0,445.0,29.668412836926823
37.0,446.0,29.672776534565465
37.0,447.0,29.681859564269985
37.0,448.0,29.695784985919325
37.0,449.0,29.71468188524093
37.0,450.0,29.73868677867357
37.0,451.0,29.767944473751697
37.0,452.0,29.802609426983587
37.0,453.0,29.842846543841667
37.0,454.0,29.888832490014
37.0,455.0,29.940756434568545
37.0,456.0,29.998821319826217
37.0,457.0,30.06324455456662
37.0,458.0,30.134259249513843
37.0,459.0,30.212114867838167
37.0,460.0,30.297078432305533
37.0,461.0,30.389435138246842
37.0,462.0,30.489489535198214
37.0,463.0,30.597566103297115
37.0,464.0,30.714010407004167
37.0,465.0,30.83918962974065
37.0,466.0,30.973493690156943
37.0,467.0,31.117335721800366
37.0,468.0,31.27115313336496
37.0,469.0,31.435408010196852
37.0,470.0,31.61058808890031
37.0,471.0,31.79720704538608
37.0,472.0,31.995805340929497
37.0,473.0,32.20695034704558
37.0,474.0,32.431237004404466
37.0,475.0,32.66928771791237
37.0,476.0,32.92175275167918
37.0,477.0,33.1893098082707
37.0,478.0,33.47266406228494
37.0,479.0,33.77254731606859
37.0,480.0,34.08971755184565
37.0,481.0,34.42495753297016
37.0,482.0,34.77907373099212
37.0,483.0,35.15289421816136
37.0,484.0,35.54726680318246
37.0,485.0,35.96305603960199
37.0,486.0,36.40114038532768
37.0,487.0,36.86240813645935
37.0,488.0,37.347753415450896
37.0,489.0,37.85807083626111
37.0,490.0,38.39425013060301
37.0,491.0,38.957169365207
37.0,492.0,39.547688043053846
37.0,493.0,40.166638736016694
37.0,494.0,40.81481855795192
37.0,495.0,41.492979156096034
37.0,496.0,42.201816555547744
37.0,497.0,42.94195958027345
37.0,498.0,43.71395822251355
37.0,499.0,44.51827074586765
37.0,500.0,45.35525094239904
37.0,501.0,46.225134405919505
37.0,502.0,47.12802529867421
37.0,503.0,48.06388256066878
37.0,504.0,49.03250709696035
37.0,505.0,50.03352897981961
37.0,506.0,51.06639624814471
37.0,507.0,52.13036441457011
37.0,508.0,53.22448828170705
37.0,509.0,54.34761521884941
37.0,510.0,55.49838147237216
37.0,511.0,56.67521065069015
37.0,512.0,57.87631586481101
37.0,513.0,59.09970459057813
37.0,514.0,60.34318757004472
37.0,515.0,61.60439067887076
37.0,516.0,62.88077085075495
37.0,517.0,64.16963480029877
37.0,518.0,65.46816137391338
37.0,519.0,66.77342607515004
37.0,520.0,68.08242834160772
37.0,521.0,69.3921199635273
37.0,522.0,70.69943502686662
37.0,523.0,72.00131969942746
37.0,524.0,73.29476214547081
37.0,525.0,74.57682092873904
37.0,526.0,75.84465220380378
37.0,527.0,77.09553420985678
37.0,528.0,78.32688947841716
37.0,529.0,79.53630350789946
37.0,530.0,80.72154048631123
37.0,531.0,81.88055509242031
37.0,532.0,83.01150113561677
37.0,533.0,84.11273633243817
37.0,534.0,85.18282412425361
37.0,535.0,86.22053205509921
37.0,536.0,87.22482769595665
37.0,537.0,88.19487179067431
37.0,538.0,89.13000962065539
37.0,539.0,90.02976035496255
37.0,540.0,90.89380533032288
37.0,541.0,91.72197506725867
37.0,542.0,92.51423586750896
37.0,543.0,93.27067580531616
37.0,544.0,93.99149083108661
37.0,545.0,94.67697079157561
37.0,546.0,95.32748594815317
37.0,547.0,95.94347378875783
37.0,548.0,96.52542658019689
37.0,549.0,97.07387945729536
37.0,550.0,97.58939936999047
37.0,551.0,98.07257470000187
37.0,552.0,98.52400575499098
37.0,553.0,98.94429598236944
37.0,554.0,99.33404400995859
37.0,555.0,99.69383640045851
37.0,556.0,100.02424113709094
37.0,557.0,100.32580178414284
37.0,558.0,100.59903225850816
37.0,559.0,100.84441222204516
37.0,560.0,101.06238295579287
37.0,561.0,101.2533437987813
37.0,562.0,101.41764894158914
37.0,563.0,101.55560473502837
37.0,564.0,101.66746723579357
37.0,565.0,101.75344023020607
37.0,566.0,101.81367339103396
37.0,567.0,101.84826089120364
37.0,568.0,101.85724006329384
37.0,569.0,101.84059051245549
37.0,570.0,101.79823320597066
37.0,571.0,101.7300300315546
37.0,572.0,101.6357832822379
37.0,573.0,101.51523564471292
37.0,574.0,101.36807008394447
37.0,575.0,101.19391028581991
37.0,576.0,100.99232098604176
37.0,577.0,100.76280893184943
37.0,578.0,100.504823740692
37.0,579.0,100.21775948691233
37.0,580.0,99.90095621695727
37.0,581.0,99.55370230788725
37.0,582.0,99.17523680631017
37.0,583.0,98.76475274476996
37.0,584.0,98.32140050895697
37.0,585.0,97.84429233249246
37.0,586.0,97.33250692749051
37.0,587.0,96.78509540325538
37.0,588.0,96.20108741315086
37.0,589.0,95.57949875130626
37.0,590.0,94.91933926579733
37.0,591.0,94.21962237016174
37.0,592.0,93.47937493842142
37.0,593.0,92.69764891321307
37.0,594.0,91.87353331942501
37.0,595.0,91.00616804469105
37.0,596.0,90.09475797189558
37.0,597.0,89.13858883773221
37.0,598.0,88.1370432785485
37.0,599.0,87.08961842965218
37.0,600.0,85.99594339878067
37.0,601.0,84.85579795307586
37.0,602.0,83.66913058715387
37.0,603.0,82.43607727226829
37.0,604.0,81.15697889818323
37.0,605.0,79.83239866875101
37.0,606.0,78.46313732049865
37.0,607.0,77.05024740623787
37.0,608.0,75.5950444071734
37.0,609.0,74.09911594134884
37.0,610.0,72.56432678846875
37.0,611.0,70.99282109460401
37.0,612.0,69.38701951827342
37.0,613.0,67.74961286422891
37.0,614.0,66.08355010279745
37.0,615.0,64.39202259118485
37.0,616.0,62.67844261444586
37.0,617.0,60.94641839545222
37.0,618.0,59.199723957604505
37.0,619.0,57.44226633599681
37.0,620.0,55.6780487741736
37.0,621.0,53.9111326971939
37.0,622.0,52.14559727302863
37.0,623.0,50.38549953487108
37.0,624.0,48.63483392065797
37.0,625.0,46.8974942332601
37.0,626.0,45.17723677147137
37.0,627.0,43.47764751511356
37.0,628.0,41.80211187767278
37.0,629.0,40.15378967639726
37.0,630.0,38.53559351819491
37.0,631.0,36.95017296632576
37.0,632.0,35.39990235871624
37.0,633.0,33.886874371162264
37.0,634.0,32.41289691521196
37.0,635.0,30.979495254801176
37.0,636.0,29.587916734246306
37.0,637.0,28.23913987934744
37.0,638.0,26.933885162357647
37.0,639.0,25.672629156952524
37.0,640.0,24.45561935750229
37.0,641.0,23.282891422487435
37.0,642.0,22.154286162880044
37.0,643.0,21.069468113258967
37.0,644.0,20.02794309014239
37.0,645.0,19.02907667260616
37.0,646.0,18.07211110773343
37.0,647.0,17.15618267289103
37.0,648.0,16.280337093399115
37.0,649.0,15.443545131234831
37.0,650.0,14.644716027681575
37.0,651.0,13.882710979415075
37.0,652.0,13.156354399669079
37.0,653.0,12.464445186381884
37.0,654.0,11.805765802111667
37.0,655.0,11.179091410044123
37.0,656.0,10.583196910746517
37.0,657.0,10.01686412945274
37.0,658.0,9.47888702838852
37.0,659.0,8.968077185926289
37.0,660.0,8.483267440279562
37.0,661.0,8.023315921390456
37.0,662.0,7.587108388227081
37.0,663.0,7.173561069664367
37.0,664.0,6.781621944339807
37.0,665.0,6.410272627008692
37.0,666.0,6.058528815371292
37.0,667.0,5.72544143066264
37.0,668.0,5.4100964261486615
37.0,669.0,5.1116153600861605
37.0,670.0,4.829154729788996
37.0,671.0,4.561906124824416
37.0,672.0,4.309095221208829
37.0,673.0,4.069981634710782
37.0,674.0,3.843857683249318
37.0,675.0,3.6300480354220106
37.0,676.0,3.4279083261673007
37.0,677.0,3.236824674466344
37.0,678.0,3.0562122179106206
37.0,679.0,2.8855145558841033
37.0,680.0,2.7242022526650627
37.0,681.0,2.5717722480023615
37.0,682.0,2.4277463654328337
37.0,683.0,2.291670720637108
37.0,684.0,2.163114261362255
37.0,685.0,2.041668194859757
37.0,686.0,1.926944577750118
37.0,687.0,1.8185757768008197
37.0,688.0,1.7162131208632974
37.0,689.0,1.6195264038694037
37.0,690.0,1.5282026062615055
37.0,691.0,1.4419454450457894
37.0,692.0,1.36047416862133
37.0,693.0,1.2835231557499227
37.0,694.0,1.2108407851162533
37.0,695.0,1.1421890829260266
37.0,696.0,1.0773426666878752
37.0,697.0,1.016088439645919
37.0,698.0,0.958224606995474
37.0,699.0,0.9035604143410425
37.0,700.0,0.8519152337068023
37.0,701.0,0.8031183425657681
37.0,702.0,0.757008076475377
37.0,703.0,0.713431644853264
37.0,704.0,0.6722443467742184
37.0,705.0,0.633309419498792
37.0,706.0,0.5964973138455145
37.0,707.0,0.5616855714533685
37.0,708.0,0.528758156142528
37.0,709.0,0.4976053559669739
37.0,710.0,0.4681231670601922
37.0,711.0,0.44021321667683594
37.0,712.0,0.41378219615813455
37.0,713.0,0.38874180134676883
37.0,714.0,0.3650082114788425
37.0,715.0,0.34250204356563296
37.0,716.0,0.32114787420910185
37.0,717.0,0.3008742047644668
37.0,718.0,0.28161302327289867
37.0,719.0,0.2632997774402231
37.0,720.0,0.2458729740754618
37.0,721.0,0.22927415713654226
37.0,722.0,0.21344754225092508
37.0,723.0,0.19833999728424037
37.0,724.0,0.18390070969546185
37.0,725.0,0.17008116727572928
37.0,726.0,0.1568348562527923
37.0,727.0,0.14411724002290402
37.0,728.0,0.13188548606593786
37.0,729.0,0.12009844065196255
37.0,730.0,0.10871638275859846
37.0,731.0,0.0977009928751008
37.0,732.0,0.08701513222670725
37.0,733.0,0.07662280392254975
37.0,734.0,0.06648895588780376
37.0,735.0,0.05657943270755653
37.0,736.0,0.04686080074654104
37.0,737.0,0.037300289129393906
37.0,738.0,0.02786563558978576
37.0,739.0,0.018525015098556457
37.0,740.0,0.009246905029313426
37.0,741.0,0.0
38.0,0.0,0.0
38.0,1.0,0.00296782723309011
38.0,2.0,0.005945670719223989
38.0,3.0,0.008943581597607515
38.0,4.0,0.01197167538822928
38.0,5.0,0.015040172710124115
38.0,6.0,0.01815942382764953
38.0,7.0,0.02133995564403008
38.0,8.0,0.024592491750401575
38.0,9.0,0.027928006145695936
38.0,10.0,0.03135773925280016
38.0,11.0,0.03489325882900785
38.0,12.0,0.038546472432258026
38.0,13.0,0.0423296960048747
38.0,14.0,0.046255663296926514
38.0,15.0,0.0503376026298494
38.0,16.0,0.054589243813577965
38.0,17.0,0.05902490362594307
38.0,18.0,0.0636594907954302
38.0,19.0,0.06850860076698535
38.0,20.0,0.0735885193630787
38.0,21.0,0.07891632744670833
38.0,22.0,0.08450990391984677
38.0,23.0,0.09038804093989061
38.0,24.0,0.09657044696639257
38.0,25.0,0.103077873237721
38.0,26.0,0.10993211763391952
38.0,27.0,0.11715616317547911
38.0,28.0,0.12477418353167753
38.0,29.0,0.1328116943624161
38.0,30.0,0.1412955613666044
38.0,31.0,0.15025416534988476
38.0,32.0,0.1597174137752258
38.0,33.0,0.16971692050244083
38.0,34.0,0.18028602187121512
38.0,35.0,0.19145997212030696
38.0,36.0,0.20327596509902648
38.0,37.0,0.21577334643164836
38.0,38.0,0.22899364201306982
38.0,39.0,0.24298078803278902
38.0,40.0,0.25778116745887764
38.0,41.0,0.273443859069797
38.0,42.0,0.290020683160861
38.0,43.0,0.30756647074299726
38.0,44.0,0.3261391197081019
38.0,45.0,0.345799885330725
38.0,46.0,0.36661344809063506
38.0,47.0,0.3886482265419967
38.0,48.0,0.4119764578966859
38.0,49.0,0.4366745341871514
38.0,50.0,0.46282309654128284
38.0,51.0,0.49050739533566495
38.0,52.0,0.5198173988147339
38.0,53.0,0.5508481775796291
38.0,54.0,0.5837000277861291
38.0,55.0,0.6184788798016138
38.0,56.0,0.6552964356139137
38.0,57.0,0.6942706007659353
38.0,58.0,0.7355256347663959
38.0,59.0,0.7791926044177333
38.0,60.0,0.8254095448725883
38.0,61.0,0.8743219311318033
38.0,62.0,0.9260828458564218
38.0,63.0,0.9808534640405789
38.0,64.0,1.0388032216720149
38.0,65.0,1.1001103062765343
38.0,66.0,1.1649618179106949
38.0,67.0,1.2335542553141412
38.0,68.0,1.306093657394872
38.0,69.0,1.382796070988155
38.0,70.0,1.4638876568310888
38.0,71.0,1.5496051202869359
38.0,72.0,1.6401957606818032
38.0,73.0,1.7359178407016003
38.0,74.0,1.8370405517865616
38.0,75.0,1.943844291175997
38.0,76.0,2.056620508791293
38.0,77.0,2.1756718531019548
38.0,78.0,2.301311856644806
38.0,79.0,2.43386490315953
38.0,80.0,2.5736656998318983
38.0,81.0,2.7210590088557907
38.0,82.0,2.8763988451506153
38.0,83.0,3.0400479063178856
38.0,84.0,3.212376425834524
38.0,85.0,3.39376122738264
38.0,86.0,3.5845841567205095
38.0,87.0,3.785230681227111
38.0,88.0,3.996087820775717
38.0,89.0,4.217542213368512
38.0,90.0,4.449977469059437
38.0,91.0,4.693771630790642
38.0,92.0,4.94929388909932
38.0,93.0,5.2169013873651915
38.0,94.0,5.496935262561214
38.0,95.0,5.789716780044666
38.0,96.0,6.09554271086744
38.0,97.0,6.414680836595218
38.0,98.0,6.74736473971243
38.0,99.0,7.093788795857841
38.0,100.0,7.454102541457162
38.0,101.0,7.828405368277681
38.0,102.0,8.216740738419213
38.0,103.0,8.61909090831248
38.0,104.0,9.035371376516556
38.0,105.0,9.465426078588509
38.0,106.0,9.909022561373824
38.0,107.0,10.365848186378653
38.0,108.0,10.835506601718674
38.0,109.0,11.317515543188573
38.0,110.0,11.8113051934045
38.0,111.0,12.316218148024328
38.0,112.0,12.831510183823433
38.0,113.0,13.356352839307602
38.0,114.0,13.8898369427343
38.0,115.0,14.430978033849694
38.0,116.0,14.978722732630256
38.0,117.0,15.531956918523914
38.0,118.0,16.089514681382767
38.0,119.0,16.650188820665548
38.0,120.0,17.21274176829752
38.0,121.0,17.775917638975027
38.0,122.0,18.338454222157473
38.0,123.0,18.899095577932503
38.0,124.0,19.456604028847334
38.0,125.0,20.00977220983122
38.0,126.0,20.557433990571138
38.0,127.0,21.0984749739475
38.0,128.0,21.6318414461518
38.0,129.0,22.156548554771568
38.0,130.0,22.671686676373973
38.0,131.0,23.176426836689856
38.0,132.0,23.670024237117374
38.0,133.0,24.151820833375577
38.0,134.0,24.62124610168154
38.0,135.0,25.077817002593324
38.0,136.0,25.521136337846958
38.0,137.0,25.95089054861722
38.0,138.0,26.36684618472415
38.0,139.0,26.768846104750363
38.0,140.0,27.15680464711856
38.0,141.0,27.530702821244077
38.0,142.0,27.890582751612108
38.0,143.0,28.236542397580877
38.0,144.0,28.56872976410591
38.0,145.0,28.887337591606332
38.0,146.0,29.192597718744288
38.0,147.0,29.484776069466257
38.0,148.0,29.764167437929043
38.0,149.0,30.031090987610288
38.0,150.0,30.285885622477554
38.0,151.0,30.528906115555117
38.0,152.0,30.760519142840597
38.0,153.0,30.981100081821968
38.0,154.0,31.191029718636788
38.0,155.0,31.39069170169665
38.0,156.0,31.580469887343593
38.0,157.0,31.76074639783713
38.0,158.0,31.931899543259384
38.0,159.0,32.0943024130515
38.0,160.0,32.24832129826173
38.0,161.0,32.39431473762075
38.0,162.0,32.53263236054691
38.0,163.0,32.66361430876774
38.0,164.0,32.78759042342913
38.0,165.0,32.90487996847404
38.0,166.0,33.01579109207486
38.0,167.0,33.1206207860552
38.0,168.0,33.21965456070611
38.0,169.0,33.31316658383329
38.0,170.0,33.40141951747231
38.0,171.0,33.48466478956839
38.0,172.0,33.56314255030985
38.0,173.0,33.637082038335265
38.0,174.0,33.706701622861324
38.0,175.0,33.77220923430729
38.0,176.0,33.8338024658638
38.0,177.0,33.891669045380084
38.0,178.0,33.94598697643188
38.0,179.0,33.99692503421844
38.0,180.0,34.04464293156803
38.0,181.0,34.08929182649796
38.0,182.0,34.13101450302372
38.0,183.0,34.169945882036366
38.0,184.0,34.20621321035197
38.0,185.0,34.2399365697496
38.0,186.0,34.2712290704987
38.0,187.0,34.300197355856575
38.0,188.0,34.32694179840709
38.0,189.0,34.35155699908791
38.0,190.0,34.37413198609889
38.0,191.0,34.394750708632905
38.0,192.0,34.413492238865025
38.0,193.0,34.43043126098085
38.0,194.0,34.44563827680859
38.0,195.0,34.459180090435346
38.0,196.0,34.471120017350245
38.0,197.0,34.48151836386982
38.0,198.0,34.49043263818837
38.0,199.0,34.49791802198756
38.0,200.0,34.50402757956139
38.0,201.0,34.508812716427514
38.0,202.0,34.512323379834214
38.0,203.0,34.51460849612196
38.0,204.0,34.51571615271509
38.0,205.0,34.51569400278621
38.0,206.0,34.51458941577601
38.0,207.0,34.512449835185805
38.0,208.0,34.50932288244758
38.0,209.0,34.50525665218354
38.0,210.0,34.50029975368804
38.0,211.0,34.49450152857759
38.0,212.0,34.48791201602862
38.0,213.0,34.48058208106663
38.0,214.0,34.4725632945156
38.0,215.0,34.46390796647068
38.0,216.0,34.4546689395631
38.0,217.0,34.4448995309616
38.0,218.0,34.4346532471751
38.0,219.0,34.423983647971504
38.0,220.0,34.41294400091432
38.0,221.0,34.40158708998531
38.0,222.0,34.38996483633492
38.0,223.0,34.37812808109138
38.0,224.0,34.36612620349058
38.0,225.0,34.35400690974677
38.0,226.0,34.34181587965972
38.0,227.0,34.32959659090665
38.0,228.0,34.31739002040383
38.0,229.0,34.305234526561065
38.0,230.0,34.29316562325787
38.0,231.0,34.28121593308354
38.0,232.0,34.26941504168407
38.0,233.0,34.25778952485077
38.0,234.0,34.24636288124956
38.0,235.0,34.235155627309716
38.0,236.0,34.22418529858041
38.0,237.0,34.213466599973756
38.0,238.0,34.20301146107366
38.0,239.0,34.19282922587358
38.0,240.0,34.18292674538828
38.0,241.0,34.17330859037274
38.0,242.0,34.16397716507901
38.0,243.0,34.15493292788679
38.0,244.0,34.14617451223174
38.0,245.0,34.13769894280191
38.0,246.0,34.12950175273105
38.0,247.0,34.121577186259216
38.0,248.0,34.113918304558865
38.0,249.0,34.10651716894689
38.0,250.0,34.099364930723546
38.0,251.0,34.092451991796906
38.0,252.0,34.08576807640654
38.0,253.0,34.079302368211124
38.0,254.0,34.0730435636505
38.0,255.0,34.06697998612767
38.0,256.0,34.061099622057874
38.0,257.0,34.05539021380935
38.0,258.0,34.04983928028516
38.0,259.0,34.044434190876906
38.0,260.0,34.03916217283705
38.0,261.0,34.03401036876158
38.0,262.0,34.02896583315058
38.0,263.0,34.02401557597672
38.0,264.0,34.01914655079771
38.0,265.0,34.014345686877334
38.0,266.0,34.00959987108546
38.0,267.0,34.00489597088562
38.0,268.0,34.00022081209594
38.0,269.0,33.99556119489368
38.0,270.0,33.99090386935604
38.0,271.0,33.98623554649164
38.0,272.0,33.98154287336196
38.0,273.0,33.97681244105525
38.0,274.0,33.97203076112379
38.0,275.0,33.96718427237912
38.0,276.0,33.962259320375445
38.0,277.0,33.957242164929816
38.0,278.0,33.952118964438164
38.0,279.0,33.946875786106204
38.0,280.0,33.941498596993206
38.0,281.0,33.9359732790675
38.0,282.0,33.93028562901705
38.0,283.0,33.924421380394506
38.0,284.0,33.91836621438541
38.0,285.0,33.9121057914469
38.0,286.0,33.90562577534074
38.0,287.0,33.898911876746716
38.0,288.0,33.89194989288895
38.0,289.0,33.88472576554928
38.0,290.0,33.87722563846227
38.0,291.0,33.869435931876396
38.0,292.0,33.86134341946613
38.0,293.0,33.85293532098249
38.0,294.0,33.84419939961682
38.0,295.0,33.83512407323169
38.0,296.0,33.825698531797414
38.0,297.0,33.815912866094614
38.0,298.0,33.805758202942776
38.0,299.0,33.79522684805494
38.0,300.0,33.784312434263185
38.0,301.0,33.773010072409676
38.0,302.0,33.76131650473647
38.0,303.0,33.74923025448334
38.0,304.0,33.736751773307404
38.0,305.0,33.72388357698666
38.0,306.0,33.71063037263673
38.0,307.0,33.696999165165764
38.0,308.0,33.68299934783683
38.0,309.0,33.66864276264318
38.0,310.0,33.653943737234954
38.0,311.0,33.638919083002
38.0,312.0,33.62358806331589
38.0,313.0,33.607972316481664
38.0,314.0,33.59209574511937
38.0,315.0,33.575984357500694
38.0,316.0,33.55966607560954
38.0,317.0,33.543170497243715
38.0,318.0,33.52652862998257
38.0,319.0,33.509772586542326
38.0,320.0,33.49293526192193
38.0,321.0,33.476049983963
38.0,322.0,33.45915015929533
38.0,323.0,33.44226890781092
38.0,324.0,33.42543870777944
38.0,325.0,33.40869104539713
38.0,326.0,33.39205608943365
38.0,327.0,33.37556238455559
38.0,328.0,33.359236581099815
38.0,329.0,33.343103194103485
38.0,330.0,33.327184405430955
38.0,331.0,33.31149990097067
38.0,332.0,33.296066752282435
38.0,333.0,33.28089933430431
38.0,334.0,33.26600928398216
38.0,335.0,33.25140549195711
38.0,336.0,33.23709412790826
38.0,337.0,33.223078693329725
38.0,338.0,33.209360098429656
38.0,339.0,33.19593675972608
38.0,340.0,33.18280471140059
38.0,341.0,33.16995773082043
38.0,342.0,33.1573874677651
38.0,343.0,33.145083582458575
38.0,344.0,33.13303387829988
38.0,345.0,33.121224439746015
38.0,346.0,33.10963975727488
38.0,347.0,33.098262855741005
38.0,348.0,33.087075403606924
38.0,349.0,33.0760578256255
38.0,350.0,33.065189391428596
38.0,351.0,33.05444830921457
38.0,352.0,33.043811791325915
38.0,353.0,33.03325612787373
38.0,354.0,33.02275672888228
38.0,355.0,33.012288178443676
38.0,356.0,33.00182425438706
38.0,357.0,32.99133796469306
38.0,358.0,32.98080154655301
38.0,359.0,32.970186487496285
38.0,360.0,32.959463506261386
38.0,361.0,32.94860256152364
38.0,362.0,32.937572817327734
38.0,363.0,32.92634264256522
38.0,364.0,32.914879563926995
38.0,365.0,32.90315025947186
38.0,366.0,32.89112050223938
38.0,367.0,32.878755151454584
38.0,368.0,32.86601809017102
38.0,369.0,32.85287221793795
38.0,370.0,32.83927938617703
38.0,371.0,32.8252003965463
38.0,372.0,32.81059493823354
38.0,373.0,32.79542159682094
38.0,374.0,32.779637798331926
38.0,375.0,32.763199834151614
38.0,376.0,32.746062817503244
38.0,377.0,32.72818073091504
38.0,378.0,32.70950640182033
38.0,379.0,32.689991580160765
38.0,380.0,32.66958694096468
38.0,381.0,32.648242200887246
38.0,382.0,32.62590615685117
38.0,383.0,32.60252685154754
38.0,384.0,32.57805165839451
38.0,385.0,32.55242750709843
38.0,386.0,32.52560102610224
38.0,387.0,32.497518839994896
38.0,388.0,32.468127780996824
38.0,389.0,32.437375269972975
38.0,390.0,32.40520960795199
38.0,391.0,32.37158045130864
38.0,392.0,32.33643919235351
38.0,393.0,32.2997395363788
38.0,394.0,32.26143797643131
38.0,395.0,32.22149447479371
38.0,396.0,32.1798730306073
38.0,397.0,32.13654246047313
38.0,398.0,32.09147704818823
38.0,399.0,32.044657408192435
38.0,400.0,31.996071194205623
38.0,401.0,31.945714015350692
38.0,402.0,31.89359016538319
38.0,403.0,31.839713545331772
38.0,404.0,31.784108358591983
38.0,405.0,31.72680997764629
38.0,406.0,31.667865534893902
38.0,407.0,31.607334657325637
38.0,408.0,31.54528987196421
38.0,409.0,31.48181712506704
38.0,410.0,31.41701591850666
38.0,411.0,31.3509995332518
38.0,412.0,31.283894822791275
38.0,413.0,31.215842077610148
38.0,414.0,31.146994426247915
38.0,415.0,31.07751730936137
38.0,416.0,31.007587477720744
38.0,417.0,30.9373920888829
38.0,418.0,30.867127340018893
38.0,419.0,30.796997250886594
38.0,420.0,30.727212019759193
38.0,421.0,30.657986603831475
38.0,422.0,30.58953892844788
38.0,423.0,30.522088410011715
38.0,424.0,30.455854172646195
38.0,425.0,30.391053671088514
38.0,426.0,30.32790106907674
38.0,427.0,30.26660610757128
38.0,428.0,30.207372775543952
38.0,429.0,30.150398535205074
38.0,430.0,30.09587337425676
38.0,431.0,30.043979452624637
38.0,432.0,29.994890575169514
38.0,433.0,29.94877227401485
38.0,434.0,29.905781692418568
38.0,435.0,29.866068072599393
38.0,436.0,29.82977300303827
38.0,437.0,29.797031250055678
38.0,438.0,29.76797129657994
38.0,439.0,29.742716438953945
38.0,440.0,29.7213855356527
38.0,441.0,29.704094287769415
38.0,442.0,29.69095611887477
38.0,443.0,29.682083565020374
38.0,444.0,29.677589218020454
38.0,445.0,29.677587164495254
38.0,446.0,29.682193940242836
38.0,447.0,29.691529974000623
38.0,448.0,29.705720516839726
38.0,449.0,29.72489706202318
38.0,450.0,29.749198228104884
38.0,451.0,29.778771139648025
38.0,452.0,29.813772254583974
38.0,453.0,29.854368700708044
38.0,454.0,29.900739046315206
38.0,455.0,29.953074594086317
38.0,456.0,30.011580099080515
38.0,457.0,30.076475025052105
38.0,458.0,30.14799421584892
38.0,459.0,30.226389119730477
38.0,460.0,30.311928419496528
38.0,461.0,30.404899228404112
38.0,462.0,30.5056076812939
38.0,463.0,30.614380101543134
38.0,464.0,30.731563550326094
38.0,465.0,30.857526957883486
38.0,466.0,30.992661620972093
38.0,467.0,31.137382283638132
38.0,468.0,31.2921275638775
38.0,469.0,31.457360959014277
38.0,470.0,31.633571171504503
38.0,471.0,31.821273001805007
38.0,472.0,32.02100752995367
38.0,473.0,32.233342844306904
38.0,474.0,32.458874019871025
38.0,475.0,32.69822361437918
38.0,476.0,32.952041366284554
38.0,477.0,33.221004370385366
38.0,478.0,33.505816398095135
38.0,479.0,33.8072076435512
38.0,480.0,34.12593354680956
38.0,481.0,34.46277397891559
38.0,482.0,34.81853142618714
38.0,483.0,35.19402946063623
38.0,484.0,35.59011012251743
38.0,485.0,36.007631503318336
38.0,486.0,36.44746414742771
38.0,487.0,36.91048756251491
38.0,488.0,37.397585454121675
38.0,489.0,37.90964097804135
38.0,490.0,38.447530630112304
38.0,491.0,39.0121180742747
38.0,492.0,39.6042465417181
38.0,493.0,40.22473111519516
38.0,494.0,40.87434955600767
38.0,495.0,41.55383300917037
38.0,496.0,42.263855282620646
38.0,497.0,43.00502206738368
38.0,498.0,43.77785884795826
38.0,499.0,44.58279891170352
38.0,500.0,45.420170274489344
38.0,501.0,46.290182981893466
38.0,502.0,47.192915682457105
38.0,503.0,48.12830298611443
38.0,504.0,49.096122587484395
38.0,505.0,50.09598371466569
38.0,506.0,51.12731595849993
38.0,507.0,52.18936007017233
38.0,508.0,53.2811598338174
38.0,509.0,54.40155659208275
38.0,510.0,55.54918554239358
38.0,511.0,56.72247531860687
38.0,512.0,57.91964993231512
38.0,513.0,59.13873446166341
38.0,514.0,60.37756345897169
38.0,515.0,61.633793276366305
38.0,516.0,62.90491712774969
38.0,517.0,64.18828385366739
38.0,518.0,65.48111903057777
38.0,519.0,66.78054914805146
38.0,520.0,68.08362733408035
38.0,521.0,69.38736114133373
38.0,522.0,70.68874077172339
38.0,523.0,71.98476811377013
38.0,524.0,73.2724849593836
38.0,525.0,74.54900073282556
38.0,526.0,75.81151819246627
38.0,527.0,77.05735749303884
38.0,528.0,78.28397725499852
38.0,529.0,79.4889931560779
38.0,530.0,80.67019293600808
38.0,531.0,81.82554848940774
38.0,532.0,82.95322419745779
38.0,533.0,84.05158232314173
38.0,534.0,85.11918485617478
38.0,535.0,86.15479273852101
38.0,536.0,87.15736204178201
38.0,537.0,88.12603807204127
38.0,538.0,89.06014709870342
38.0,539.0,89.95918666451355
38.0,540.0,90.8228142435057
38.0,541.0,91.65083513287276
38.0,542.0,92.44318937453647
38.0,543.0,93.1999384847039
38.0,544.0,93.9212517920278
38.0,545.0,94.60739303536688
38.0,546.0,95.25870701802509
38.0,547.0,95.87560683666379
38.0,548.0,96.45856148122057
38.0,549.0,97.00808419543866
38.0,550.0,97.52472140425816
38.0,551.0,98.00904247869067
38.0,552.0,98.46163016810789
38.0,553.0,98.88307186312278
38.0,554.0,99.27395155682919
38.0,555.0,99.63484257128452
38.0,556.0,99.96630096760732
38.0,557.0,100.26885961977023
38.0,558.0,100.54302293160617
38.0,559.0,100.78926209766426
38.0,560.0,101.00801095669972
38.0,561.0,101.19966226426142
38.0,562.0,101.36456450833103
38.0,563.0,101.50301902380687
38.0,564.0,101.61527760902507
38.0,565.0,101.70154033159946
38.0,566.0,101.76195380867816
38.0,567.0,101.79660958162793
38.0,568.0,101.8055429538088
38.0,569.0,101.78873184487276
38.0,570.0,101.74609611479042
38.0,571.0,101.67749684489063
38.0,572.0,101.58273611419176
38.0,573.0,101.4615566925195
38.0,574.0,101.31364227400329
38.0,575.0,101.1386176070524
38.0,576.0,100.93604922972048
38.0,577.0,100.70544610161815
38.0,578.0,100.44626092634161
38.0,579.0,100.1578913910691
38.0,580.0,99.83968220171677
38.0,581.0,99.49092707604426
38.0,582.0,99.11087165629044
38.0,583.0,98.69871643925624
38.0,584.0,98.25362076644211
38.0,585.0,97.77470690662673
38.0,586.0,97.26106535100087
38.0,587.0,96.71176028531904
38.0,588.0,96.12583643127857
38.0,589.0,95.50232614937181
38.0,590.0,94.84025805964396
38.0,591.0,94.13866599362939
38.0,592.0,93.39659958727678
38.0,593.0,92.61313523952225
38.0,594.0,91.78738878562073
38.0,595.0,90.91852850870426
38.0,596.0,90.00578986092349
38.0,597.0,89.0484904015809
38.0,598.0,88.04604632696305
38.0,599.0,86.9979889677663
38.0,600.0,85.90398261382998
38.0,601.0,84.76384189763887
38.0,602.0,83.57755006742066
38.0,603.0,82.34527623113695
38.0,604.0,81.06739286918913
38.0,605.0,79.74449155423888
38.0,606.0,78.37739815466216
38.0,607.0,76.96718534323881
38.0,608.0,75.51518369896631
38.0,609.0,74.022989155575
38.0,610.0,72.49246815149104
38.0,611.0,70.92575823738011
38.0,612.0,69.32526563698843
38.0,613.0,67.69365760432044
38.0,614.0,66.033851294499
38.0,615.0,64.34899716035977
38.0,616.0,62.6424588816134
38.0,617.0,60.917788065876245
38.0,618.0,59.178696050618875
38.0,619.0,57.42902128582409
38.0,620.0,55.67269492847526
38.0,621.0,53.91370332515542
38.0,622.0,52.156050238033615
38.0,623.0,50.403717589424716
38.0,624.0,48.66062768133754
38.0,625.0,46.930605634034954
38.0,626.0,45.21734496105143
38.0,627.0,43.52437486349667
38.0,628.0,41.855031999033514
38.0,629.0,40.21243504968827
38.0,630.0,38.599464603767636
38.0,631.0,37.018746373546314
38.0,632.0,35.47264000353103
38.0,633.0,33.96323120196411
38.0,634.0,32.492329222349916
38.0,635.0,31.06146719722812
38.0,636.0,29.67190719046192
38.0,637.0,28.324647322329977
38.0,638.0,27.020432753413886
38.0,639.0,25.759767818457025
38.0,640.0,24.54293108953621
38.0,641.0,23.369990667735607
38.0,642.0,22.2408215309478
38.0,643.0,21.155122294402567
38.0,644.0,20.112433291882297
38.0,645.0,19.112153418442087
38.0,646.0,18.153557733943337
38.0,647.0,17.23581336048632
38.0,648.0,16.357995759539527
38.0,649.0,15.519103009256296
38.0,650.0,14.71807023956625
38.0,651.0,13.953781920978109
38.0,652.0,13.225084217265632
38.0,653.0,12.530795159017593
38.0,654.0,11.869714881003144
38.0,655.0,11.240633727657977
38.0,656.0,10.642340484413934
38.0,657.0,10.073628575180486
38.0,658.0,9.533302483402297
38.0,659.0,9.020182264729563
38.0,660.0,8.533108396561694
38.0,661.0,8.070944854959683
38.0,662.0,7.632582643108708
38.0,663.0,7.216941681607885
38.0,664.0,6.822973257223751
38.0,665.0,6.449660959525735
38.0,666.0,6.096022269914674
38.0,667.0,5.7611087524426505
38.0,668.0,5.444006975591113
38.0,669.0,5.143838136215906
38.0,670.0,4.859758477190279
38.0,671.0,4.590958494198057
38.0,672.0,4.336662983872403
38.0,673.0,4.096129955722083
38.0,674.0,3.8686504193560194
38.0,675.0,3.653547099293662
38.0,676.0,3.4501740470248983
38.0,677.0,3.2579152352842664
38.0,678.0,3.0761840612760905
38.0,679.0,2.9044218792174843
38.0,680.0,2.7420974449501365
38.0,681.0,2.5887054309629134
38.0,682.0,2.4437658495221437
38.0,683.0,2.3068225826268987
38.0,684.0,2.1774428103423498
38.0,685.0,2.0552155788264703
38.0,686.0,1.9397512523483575
38.0,687.0,1.8306801352612239
38.0,688.0,1.727651959848022
38.0,689.0,1.630334572537218
38.0,690.0,1.5384134648961256
38.0,691.0,1.4515905301694942
38.0,692.0,1.369583641135876
38.0,693.0,1.2921254799169204
38.0,694.0,1.2189631637691012
38.0,695.0,1.1498571488314775
38.0,696.0,1.0845809030330904
38.0,697.0,1.0229198828280128
38.0,698.0,0.9646712510857592
38.0,699.0,0.9096429247503968
38.0,700.0,0.8576533347092765
38.0,701.0,0.8085305415847082
38.0,702.0,0.7621120340356183
38.0,703.0,0.718243909448616
38.0,704.0,0.676780706831786
38.0,705.0,0.6375846489409923
38.0,706.0,0.6005255058080312
38.0,707.0,0.5654798947590014
38.0,708.0,0.5323311706289628
38.0,709.0,0.5009687801571168
38.0,710.0,0.4712881750376316
38.0,711.0,0.44319021727702645
38.0,712.0,0.416581111386225
38.0,713.0,0.3913718574331961
38.0,714.0,0.36747819887235433
38.0,715.0,0.3448201202010396
38.0,716.0,0.32332180713266706
38.0,717.0,0.3029111859549441
38.0,718.0,0.2835198929706952
38.0,719.0,0.2650828528486191
38.0,720.0,0.24753825447186203
38.0,721.0,0.23082716576134021
38.0,722.0,0.2148935132808628
38.0,723.0,0.19968373119350988
38.0,724.0,0.18514674216926116
38.0,725.0,0.17123363830320015
38.0,726.0,0.15789766105444855
38.0,727.0,0.14509391210881697
38.0,728.0,0.13277933024466523
38.0,729.0,0.12091243026066405
38.0,730.0,0.10945327481401154
38.0,731.0,0.09836323965543457
38.0,732.0,0.08760497861751768
38.0,733.0,0.07714221350359302
38.0,734.0,0.0669396905186422
38.0,735.0,0.05696299324620561
38.0,736.0,0.04717848891147225
38.0,737.0,0.037553162950841
38.0,738.0,0.028054553576611414
38.0,739.0,0.018650606497486687
38.0,740.0,0.009309596316957379
38.0,741.0,0.0
39.0,0.0,0.0
39.0,1.0,0.0029828600832879147
39.0,2.0,0.00597578767874597
39.0,3.0,0.008988882593069408
39.0,4.0,0.012032314862209617
39.0,5.0,0.015116351848892096
39.0,6.0,0.018251402260739735
39.0,7.0,0.021448038499267512
39.0,8.0,0.024717047209835783
39.0,9.0,0.028069447341194445
39.0,10.0,0.031516547686233166
39.0,11.0,0.03506996112709191
39.0,12.0,0.038741669641513966
39.0,13.0,0.04254403522990569
39.0,14.0,0.04648987288328968
39.0,15.0,0.05059245871555663
39.0,16.0,0.05486561141560321
39.0,17.0,0.05932369814043604
39.0,18.0,0.06398172500608915
39.0,19.0,0.06885534133525004
39.0,20.0,0.0739609397789726
39.0,21.0,0.07931565955608032
39.0,22.0,0.08493749684044004
39.0,23.0,0.09084530767844784
39.0,24.0,0.0970589293245156
39.0,25.0,0.10359918357721505
39.0,26.0,0.11048800979829196
39.0,27.0,0.11774846946708402
39.0,28.0,0.12540489167522118
39.0,29.0,0.1334828797620092
39.0,30.0,0.14200947013706544
39.0,31.0,0.1510131419253442
39.0,32.0,0.1605239900319036
39.0,33.0,0.1705737387924737
39.0,34.0,0.1811959302563394
39.0,35.0,0.1924259429044296
39.0,36.0,0.20430119618508652
39.0,37.0,0.21686117542323477
39.0,38.0,0.23014765369564344
39.0,39.0,0.24420472410720248
39.0,40.0,0.2590790401317796
39.0,41.0,0.27481985646872065
39.0,42.0,0.29147928899528436
39.0,43.0,0.30911236542978354
39.0,44.0,0.3277773060321501
39.0,45.0,0.3475355852784828
39.0,46.0,0.36845223439473695
39.0,47.0,0.39059591517617254
39.0,48.0,0.41403924532872743
39.0,49.0,0.4388588854268613
39.0,50.0,0.46513588784614296
39.0,51.0,0.4929557976196221
39.0,52.0,0.5224090254456693
39.0,53.0,0.5535909628448046
39.0,54.0,0.5866023792834486
39.0,55.0,0.6215495515103097
39.0,56.0,0.6585446842049146
39.0,57.0,0.6977060526354957
39.0,58.0,0.739158445365706
39.0,59.0,0.7830333183631948
39.0,60.0,0.8294692571111772
39.0,61.0,0.8786121389342572
39.0,62.0,0.9306156102823293
39.0,63.0,0.9856412522394074
39.0,64.0,1.0438590666803613
39.0,65.0,1.1054476375873283
39.0,66.0,1.17059461711642
39.0,67.0,1.2394968723504691
39.0,68.0,1.312360958934458
39.0,69.0,1.3894032391215547
39.0,70.0,1.4708503264210102
39.0,71.0,1.5569391561279184
39.0,72.0,1.6479173792639876
39.0,73.0,1.7440433611207395
39.0,74.0,1.8455864965812925
39.0,75.0,1.9528271054981379
39.0,76.0,2.066056634246186
39.0,77.0,2.1855774090319477
39.0,78.0,2.311702680339727
39.0,79.0,2.444756186703679
39.0,80.0,2.5850719898436525
39.0,81.0,2.7329937924191587
39.0,82.0,2.8888745026478344
39.0,83.0,3.0530752408111512
39.0,84.0,3.2259645639172314
39.0,85.0,3.4079170883822814
39.0,86.0,3.599312299239905
39.0,87.0,3.8005327121660275
39.0,88.0,4.0119621898459705
39.0,89.0,4.233983567668784
39.0,90.0,4.466976404800013
39.0,91.0,4.711314007428041
39.0,92.0,4.967360557135441
39.0,93.0,5.235467487057394
39.0,94.0,5.515969958973851
39.0,95.0,5.8091825848411
39.0,96.0,6.115395270197521
39.0,97.0,6.4348683294412865
39.0,98.0,6.767827779194497
39.0,99.0,7.114459971984008
39.0,100.0,7.4749065093437155
39.0,101.0,7.849258613634192
39.0,102.0,8.23755193308595
39.0,103.0,8.639760978925334
39.0,104.0,9.05579420380204
39.0,105.0,9.485488938386453
39.0,106.0,9.928607224444496
39.0,107.0,10.38483177202624
39.0,108.0,10.853763096227548
39.0,109.0,11.334917058055947
39.0,110.0,11.827723863447398
39.0,111.0,12.331527721858253
39.0,112.0,12.845588193367266
39.0,113.0,13.369082379065667
39.0,114.0,13.901108933456522
39.0,115.0,14.440692984716708
39.0,116.0,14.986792870501034
39.0,117.0,15.53830769142265
39.0,118.0,16.094086508616524
39.0,119.0,16.65293810236334
39.0,120.0,17.213642042109676
39.0,121.0,17.774959914844377
39.0,122.0,18.335647407860332
39.0,123.0,18.894466053280386
39.0,124.0,19.45019531062745
39.0,125.0,20.00164379487787
39.0,126.0,20.547660345905335
39.0,127.0,21.087143786453982
39.0,128.0,21.619052118737333
39.0,129.0,22.142410076930435
39.0,130.0,22.656315861615187
39.0,131.0,23.159946058702122
39.0,132.0,23.652559650068394
39.0,133.0,24.133500202236696
39.0,134.0,24.602197211302762
39.0,135.0,25.058165759421733
39.0,136.0,25.501005511224776
39.0,137.0,25.930398252157094
39.0,138.0,26.346105022199854
39.0,139.0,26.747962070076827
39.0,140.0,27.135876682834816
39.0,141.0,27.50982211896984
39.0,142.0,27.869832682889907
39.0,143.0,28.21599815804283
39.0,144.0,28.548458607509286
39.0,145.0,28.867398741258253
39.0,146.0,29.173042824300158
39.0,147.0,29.465649305198212
39.0,148.0,29.74550610397453
39.0,149.0,30.012925721575776
39.0,150.0,30.268241077308037
39.0,151.0,30.511801223881115
39.0,152.0,30.743967818022234
39.0,153.0,30.96511148944731
39.0,154.0,31.175608962264874
39.0,155.0,31.375840070323914
39.0,156.0,31.566185500867356
39.0,157.0,31.74702441162419
39.0,158.0,31.91873273936829
39.0,159.0,32.08168135267208
39.0,160.0,32.23623485301609
39.0,161.0,32.38275018760169
39.0,162.0,32.52157586576614
39.0,163.0,32.65305095514306
39.0,164.0,32.7775046380887
39.0,165.0,32.89525551879977
39.0,166.0,33.00661145059307
39.0,167.0,33.11186908901995
39.0,168.0,33.211313929169954
39.0,169.0,33.30522004867602
39.0,170.0,33.39385030333768
39.0,171.0,33.4774562130546
39.0,172.0,33.5562782730788
39.0,173.0,33.63054594463908
39.0,174.0,33.70047804749765
39.0,175.0,33.76628282494175
39.0,176.0,33.82815839076585
39.0,177.0,33.88629284523343
39.0,178.0,33.9408647560329
39.0,179.0,33.992043307715804
39.0,180.0,34.03998880159188
39.0,181.0,34.08485282607124
39.0,182.0,34.12677876493721
39.0,183.0,34.16590198003912
39.0,184.0,34.20235032099572
39.0,185.0,34.23624431488818
39.0,186.0,34.267697673284
39.0,187.0,34.29681748603968
39.0,188.0,34.323704723656355
39.0,189.0,34.34845443406662
39.0,190.0,34.37115623977142
39.0,191.0,34.391894537571744
39.0,192.0,34.41074899069371
39.0,193.0,34.427794731821365
39.0,194.0,34.44310285046879
39.0,195.0,34.456740599343966
39.0,196.0,34.46877187653889
39.0,197.0,34.47925743417626
39.0,198.0,34.48825535354454
39.0,199.0,34.49582125315363
39.0,200.0,34.50200875277968
39.0,201.0,34.506869675568765
39.0,202.0,34.51045449421988
39.0,203.0,34.51281251884152
39.0,204.0,34.51399231548933
39.0,205.0,34.51404186849012
39.0,206.0,34.513008958748365
39.0,207.0,34.510941286784224
39.0,208.0,34.507886796294216
39.0,209.0,34.50389374293181
39.0,210.0,34.49901094831289
39.0,211.0,34.49328780035427
39.0,212.0,34.48677442495007
39.0,213.0,34.47952160705263
39.0,214.0,34.471580872008175
39.0,215.0,34.463004322667366
39.0,216.0,34.45384462970855
39.0,217.0,34.444154788412376
39.0,218.0,34.433988026370024
39.0,219.0,34.423397492950194
39.0,220.0,34.41243610208329
39.0,221.0,34.40115617615501
39.0,222.0,34.389609249216605
39.0,223.0,34.37784569320135
39.0,224.0,34.36591451122407
39.0,225.0,34.353862976204965
39.0,226.0,34.341736443860256
39.0,227.0,34.32957803149469
39.0,228.0,34.3174284758497
39.0,229.0,34.305325873530094
39.0,230.0,34.29330560109615
39.0,231.0,34.28140012975275
39.0,232.0,34.2696390156601
39.0,233.0,34.258048791992124
39.0,234.0,34.24665302825887
39.0,235.0,34.23547229437186
39.0,236.0,34.22452428032625
39.0,237.0,34.21382382069597
39.0,238.0,34.203383061167465
39.0,239.0,34.19321152842013
39.0,240.0,34.183316327890644
39.0,241.0,34.17370224312903
39.0,242.0,34.16437194941421
39.0,243.0,34.15532612784344
39.0,244.0,34.146563681329084
39.0,245.0,34.138081851136405
39.0,246.0,34.12987642462016
39.0,247.0,34.1219418449599
39.0,248.0,34.11427140309687
39.0,249.0,34.106857334467094
39.0,250.0,34.09969099051051
39.0,251.0,34.092762918905436
39.0,252.0,34.08606301247323
39.0,253.0,34.07958057158962
39.0,254.0,34.07330443019127
39.0,255.0,34.06722300063609
39.0,256.0,34.06132437784074
39.0,257.0,34.055596367928466
39.0,258.0,34.05002657236183
39.0,259.0,34.0446024023469
39.0,260.0,34.03931114527673
39.0,261.0,34.034139967161565
39.0,262.0,34.02907596387371
39.0,263.0,34.02410615394798
39.0,264.0,34.01921751711347
39.0,265.0,34.01439697974499
39.0,266.0,34.009631443060954
39.0,267.0,34.00490776337449
39.0,268.0,34.00021277218953
39.0,269.0,33.995533253251025
39.0,270.0,33.99085595662691
39.0,271.0,33.98616757442651
39.0,272.0,33.9814547508431
39.0,273.0,33.97670405832098
39.0,274.0,33.97190200546995
39.0,275.0,33.96703501542747
39.0,276.0,33.962089433550325
39.0,277.0,33.95705150974283
39.0,278.0,33.95190740788232
39.0,279.0,33.94664319396331
39.0,280.0,33.94124484931402
39.0,281.0,33.935698266526806
39.0,282.0,33.9299892686548
39.0,283.0,33.924103615037616
39.0,284.0,33.918027028801404
39.0,285.0,33.9117452148096
39.0,286.0,33.90524389788251
39.0,287.0,33.898508855154375
39.0,288.0,33.891525967419454
39.0,289.0,33.88428126808904
39.0,290.0,33.87676100988072
39.0,291.0,33.86895173225409
39.0,292.0,33.86084034519236
39.0,293.0,33.852414216349466
39.0,294.0,33.84366127282109
39.0,295.0,33.83457010815146
39.0,296.0,33.82513010164986
39.0,297.0,33.81533154378978
39.0,298.0,33.805165770723534
39.0,299.0,33.79462530441287
39.0,300.0,33.78370399752136
39.0,301.0,33.772397181888515
39.0,302.0,33.76070181604408
39.0,303.0,33.748616632560115
39.0,304.0,33.73614227730345
39.0,305.0,33.7232814431364
39.0,306.0,33.71003898716654
39.0,307.0,33.69642203577673
39.0,308.0,33.68244006419074
39.0,309.0,33.66810495660925
39.0,310.0,33.653431032134165
39.0,311.0,33.638435044611924
39.0,312.0,33.62313614103458
39.0,313.0,33.607555789114826
39.0,314.0,33.59171765909633
39.0,315.0,33.57564747325115
39.0,316.0,33.5593728094317
39.0,317.0,33.542922875096224
39.0,318.0,33.526328240067436
39.0,319.0,33.509620547154285
39.0,320.0,33.492832190940405
39.0,321.0,33.47599598584398
39.0,322.0,33.45914481548103
39.0,323.0,33.44231128523202
39.0,324.0,33.42552737109838
39.0,325.0,33.40882408609347
39.0,326.0,33.39223115750614
39.0,327.0,33.37577673416679
39.0,328.0,33.35948711664888
39.0,329.0,33.34338652621674
39.0,330.0,33.327496904764374
39.0,331.0,33.31183775746101
39.0,332.0,33.29642602985973
39.0,333.0,33.281276026776965
39.0,334.0,33.26639936486266
39.0,335.0,33.251804961818856
39.0,336.0,33.2374990553157
39.0,337.0,33.22348525047321
39.0,338.0,33.209764591186364
39.0,339.0,33.19633565035809
39.0,340.0,33.183194637617284
39.0,341.0,33.170335515954974
39.0,342.0,33.157750130093355
39.0,343.0,33.145428334373534
39.0,344.0,33.13335812797618
39.0,345.0,33.12152578139615
39.0,346.0,33.10991596757992
39.0,347.0,33.09851187738905
39.0,348.0,33.08729533886189
39.0,349.0,33.076246915156986
39.0,350.0,33.065346007105866
39.0,351.0,33.054570929877315
39.0,352.0,33.04389899649777
39.0,353.0,33.03330657170815
39.0,354.0,33.022769136085415
39.0,355.0,33.012261317236245
39.0,356.0,33.00175693556926
39.0,357.0,32.99122901413628
39.0,358.0,32.98064980806048
39.0,359.0,32.96999079509546
39.0,360.0,32.9592226913216
39.0,361.0,32.94831542496279
39.0,362.0,32.93723814133781
39.0,363.0,32.92595916276747
39.0,364.0,32.91444598601742
39.0,365.0,32.90266523134464
39.0,366.0,32.89058263588449
39.0,367.0,32.878162995107544
39.0,368.0,32.865370155860774
39.0,369.0,32.8521669537996
39.0,370.0,32.83851521014833
39.0,371.0,32.8243756690875
39.0,372.0,32.809708002794
39.0,373.0,32.794470753335105
39.0,374.0,32.778621351211314
39.0,375.0,32.762116067054585
39.0,376.0,32.74491004973708
39.0,377.0,32.72695729409314
39.0,378.0,32.70821070566389
39.0,379.0,32.68862209173599
39.0,380.0,32.668142260926274
39.0,381.0,32.64672104599848
39.0,382.0,32.62430744767414
39.0,383.0,32.60084969884615
39.0,384.0,32.57629546310014
39.0,385.0,32.55059195092543
39.0,386.0,32.52368618424037
39.0,387.0,32.49552517576328
39.0,388.0,32.466056271068005
39.0,389.0,32.435227402084266
39.0,390.0,32.402987517483275
39.0,391.0,32.369286919899324
39.0,392.0,32.33407779328902
39.0,393.0,32.29731463039905
39.0,394.0,32.25895486162809
39.0,395.0,32.21895937397895
39.0,396.0,32.177293239371096
39.0,397.0,32.133926318351115
39.0,398.0,32.088834076391336
39.0,399.0,32.04199825476802
39.0,400.0,31.993407751107846
39.0,401.0,31.943059326302457
39.0,402.0,31.8909585109716
39.0,403.0,31.83712030198563
39.0,404.0,31.78157004095433
39.0,405.0,31.72434403870217
39.0,406.0,31.665490357685126
39.0,407.0,31.605069290408203
39.0,408.0,31.543153968050465
39.0,409.0,31.47983061289467
39.0,410.0,31.41519889414713
39.0,411.0,31.34937187868159
39.0,412.0,31.282476065507097
39.0,413.0,31.214650976361
39.0,414.0,31.146048824449824
39.0,415.0,31.076833717386002
39.0,416.0,31.007180952933403
39.0,417.0,30.937275848999217
39.0,418.0,30.86731270489538
39.0,419.0,30.79749332056595
39.0,420.0,30.72802570879352
39.0,421.0,30.659122409878325
39.0,422.0,30.590999078967776
39.0,423.0,30.523872733720744
39.0,424.0,30.45796036295424
39.0,425.0,30.39347725626896
39.0,426.0,30.330635780343442
39.0,427.0,30.269643928372396
39.0,428.0,30.210704388593822
39.0,429.0,30.154013420390473
39.0,430.0,30.09976030115376
39.0,431.0,30.048126592173265
39.0,432.0,29.999286003284084
39.0,433.0,29.953404064501747
39.0,434.0,29.910638402369134
39.0,435.0,29.871138791364768
39.0,436.0,29.83504779898998
39.0,437.0,29.802501160284315
39.0,438.0,29.773628724727054
39.0,439.0,29.748555080193952
39.0,440.0,29.727400724447225
39.0,441.0,29.710282860822765
39.0,442.0,29.69731671848774
39.0,443.0,29.68861644818884
39.0,444.0,29.6842965251127
39.0,445.0,29.684472685411414
39.0,446.0,29.689263359634694
39.0,447.0,29.698790605880475
39.0,448.0,29.71318153710832
39.0,449.0,29.732569221794638
39.0,450.0,29.757094082613474
39.0,451.0,29.78690474852327
39.0,452.0,29.82215941389577
39.0,453.0,29.863026636030252
39.0,454.0,29.909686652198854
39.0,455.0,29.962332123356262
39.0,456.0,30.02116941167465
39.0,457.0,30.08641927479853
39.0,458.0,30.158318108498285
39.0,459.0,30.23711859652291
39.0,460.0,30.32309092235744
39.0,461.0,30.416523377905673
39.0,462.0,30.517723545328707
39.0,463.0,30.62701886374138
39.0,464.0,30.744757776982027
39.0,465.0,30.871310251417327
39.0,466.0,31.00706887837227
39.0,467.0,31.15244932807279
39.0,468.0,31.307891386357372
39.0,469.0,31.473859319701422
39.0,470.0,31.65084281465288
39.0,471.0,31.839357216661536
39.0,472.0,32.03994432729875
39.0,473.0,32.253172465126745
39.0,474.0,32.479637060065194
39.0,475.0,32.71996046771085
39.0,476.0,32.974792282200525
39.0,477.0,33.24480881633029
39.0,478.0,33.53071303417245
39.0,479.0,33.83323358845864
39.0,480.0,34.1531242526758
39.0,481.0,34.49116238538512
39.0,482.0,34.848147719798824
39.0,483.0,35.22490010365597
39.0,484.0,35.62225748448598
39.0,485.0,36.041072756006855
39.0,486.0,36.482210762672686
39.0,487.0,36.946544073233326
39.0,488.0,37.43494882340367
39.0,489.0,37.948299239655725
39.0,490.0,38.487462150150606
39.0,491.0,39.05329010400052
39.0,492.0,39.64661441564294
39.0,493.0,40.2682367749506
39.0,494.0,40.91892075760111
39.0,495.0,41.599381908191624
39.0,496.0,42.31027775718945
39.0,497.0,43.05219649008324
39.0,498.0,43.82564566613385
39.0,499.0,44.63103976521476
39.0,500.0,45.46868800528361
39.0,501.0,46.33878128122955
39.0,502.0,47.24137971785701
39.0,503.0,48.176399766670244
39.0,504.0,49.14360238700902
39.0,505.0,50.14258131729804
39.0,506.0,51.172753010752366
39.0,507.0,52.23334730125647
39.0,508.0,53.323400378760766
39.0,509.0,54.44174916818565
39.0,510.0,55.58702865186359
39.0,511.0,56.757671211736515
39.0,512.0,57.95190943568456
39.0,513.0,59.16778139209036
39.0,514.0,60.40313966174081
39.0,515.0,61.655663007661666
39.0,516.0,62.922871767117
39.0,517.0,64.20214568898433
39.0,518.0,65.49074507111347
39.0,519.0,66.78583376089668
39.0,520.0,68.08450465545545
39.0,521.0,69.38380614090522
39.0,522.0,70.68076993914931
39.0,523.0,71.97243874992853
39.0,524.0,73.25589406886775
39.0,525.0,74.5282826110859
39.0,526.0,75.78684172496217
39.0,527.0,77.02892236100338
39.0,528.0,78.25201006457299
39.0,529.0,79.45374276473225
39.0,530.0,80.6319259625137
39.0,531.0,81.78454433422246
39.0,532.0,82.90977049928641
39.0,533.0,84.00597020874775
39.0,534.0,85.07170482565583
39.0,535.0,86.10573055975803
39.0,536.0,87.1069954002566
39.0,537.0,88.07463336355069
39.0,538.0,89.00795701306069
39.0,539.0,89.90644796778031
39.0,540.0,90.7697463141612
39.0,541.0,91.59763869113276
39.0,542.0,92.39004587665113
39.0,543.0,93.14700966646782
39.0,544.0,93.86867975918638
39.0,545.0,94.55530044239283
39.0,546.0,95.20719766636336
39.0,547.0,95.82476630069921
39.0,548.0,96.40845803124327
39.0,549.0,96.95876969909206
39.0,550.0,97.47623241591917
39.0,551.0,97.96140127520196
39.0,552.0,98.41484588029287
39.0,553.0,98.83714154008916
39.0,554.0,99.22886125083994
39.0,555.0,99.59056835912487
39.0,556.0,99.92280993220409
39.0,557.0,100.2261107865537
39.0,558.0,100.50096811677949
39.0,559.0,100.74784674080969
39.0,560.0,100.96717482587991
39.0,561.0,101.15934018336482
39.0,562.0,101.32468692374454
39.0,563.0,101.4635126369915
39.0,564.0,101.57606581936093
39.0,565.0,101.66254379256725
39.0,566.0,101.72309076781463
39.0,567.0,101.75779638361166
39.0,568.0,101.76669430236676
39.0,569.0,101.74976127903052
39.0,570.0,101.70691621992837
39.0,571.0,101.63801973018998
39.0,572.0,101.54287360149554
39.0,573.0,101.4212208240986
39.0,574.0,101.27274550881467
39.0,575.0,101.09707338861284
39.0,576.0,100.89377221988754
39.0,577.0,100.66235283857631
39.0,578.0,100.40227012600369
39.0,579.0,100.11292472465375
39.0,580.0,99.79366469384077
39.0,581.0,99.44378802951088
39.0,582.0,99.06254517317267
39.0,583.0,98.64914251642448
39.0,584.0,98.20274596036879
39.0,585.0,97.72248561565553
39.0,586.0,97.20746063489423
39.0,587.0,96.65674533785298
39.0,588.0,96.06939555017293
39.0,589.0,95.44445638392965
39.0,590.0,94.78097030414418
39.0,591.0,94.07798676805784
39.0,592.0,93.33457219643479
39.0,593.0,92.54982160976054
39.0,594.0,91.72287059277973
39.0,595.0,90.85290895093922
39.0,596.0,89.93919461298108
39.0,597.0,88.98106915643913
39.0,598.0,87.97797338655688
39.0,599.0,86.92946434072147
39.0,600.0,85.83523201197056
39.0,601.0,84.69511714396096
39.0,602.0,83.50912824587611
39.0,603.0,82.27745915219676
39.0,604.0,81.00050513275313
39.0,605.0,79.67887885543706
39.0,606.0,78.31342408154403
39.0,607.0,76.90522839631441
39.0,608.0,75.45563276671933
39.0,609.0,73.96623927277606
39.0,610.0,72.43891477493489
39.0,611.0,70.87579197026784
39.0,612.0,69.27926564512262
39.0,613.0,67.65198575721128
39.0,614.0,65.99684527901266
39.0,615.0,64.31696468547395
39.0,616.0,62.61567120782735
39.0,617.0,60.89647503272563
39.0,618.0,59.16304079092245
39.0,619.0,57.41915681509248
39.0,620.0,55.668700717447955
39.0,621.0,53.915604019164604
39.0,622.0,52.1638145207208
39.0,623.0,50.41725930148392
39.0,624.0,48.67980706795282
39.0,625.0,46.95523277023726
39.0,626.0,45.24718311324659
39.0,627.0,43.559145788305734
39.0,628.0,41.894420850664
39.0,629.0,40.25609687854892
39.0,630.0,38.647030070384496
39.0,631.0,37.06982867760986
39.0,632.0,35.526840645108905
39.0,633.0,34.020146622396474
39.0,634.0,32.55155596572485
39.0,635.0,31.12260770585114
39.0,636.0,29.734573915866473
39.0,637.0,28.388467334812034
39.0,638.0,27.085050575252204
39.0,639.0,25.82484872485145
39.0,640.0,24.608162639031768
39.0,641.0,23.435084751285892
39.0,642.0,22.30551472613941
39.0,643.0,21.219176840799744
39.0,644.0,20.175636486593614
39.0,645.0,19.17431775777486
39.0,646.0,18.214519603271604
39.0,647.0,17.29543259469883
39.0,648.0,16.416153873526614
39.0,649.0,15.575702407936046
39.0,650.0,14.773032202375598
39.0,651.0,14.007045651673549
39.0,652.0,13.276604750618112
39.0,653.0,12.580542393450033
39.0,654.0,11.917671528657056
39.0,655.0,11.28679442765844
39.0,656.0,10.686709875078291
39.0,657.0,10.116220547006085
39.0,658.0,9.574138417589307
39.0,659.0,9.059290454727574
39.0,660.0,8.570522471081535
39.0,661.0,8.10670337506967
39.0,662.0,7.666727709880386
39.0,663.0,7.249518701259741
39.0,664.0,6.854029722147908
39.0,665.0,6.479246365351382
39.0,666.0,6.124187052359467
39.0,667.0,5.787904335891988
39.0,668.0,5.469484845562616
39.0,669.0,5.168049997782193
39.0,670.0,4.882755442621162
39.0,671.0,4.612791330212371
39.0,672.0,4.357381395285956
39.0,673.0,4.115782902286104
39.0,674.0,3.887285478301788
39.0,675.0,3.67121083482751
39.0,676.0,3.4669114370516114
39.0,677.0,3.2737700791002724
39.0,678.0,3.091198458170697
39.0,679.0,2.9186366623014175
39.0,680.0,2.7555517015978586
39.0,681.0,2.601436952901543
39.0,682.0,2.455810687096997
39.0,683.0,2.3182155031950016
39.0,684.0,2.1882168800813244
39.0,685.0,2.0654026231113765
39.0,686.0,1.9493814602806108
39.0,687.0,1.8397825170684259
39.0,688.0,1.736253970504306
39.0,689.0,1.6384625623383664
39.0,690.0,1.546092319505111
39.0,691.0,1.4588441114152697
39.0,692.0,1.3764344415807257
39.0,693.0,1.298595051639763
39.0,694.0,1.225071786147049
39.0,695.0,1.1556242436285096
39.0,696.0,1.0900247145468056
39.0,697.0,1.0280578780402039
39.0,698.0,0.9695198116729965
39.0,699.0,0.9142177313886739
39.0,700.0,0.86196907070626
39.0,701.0,0.8126012606867227
39.0,702.0,0.7659508756288833
39.0,703.0,0.7218634494103523
39.0,704.0,0.6801926843828972
39.0,705.0,0.6408003002277974
39.0,706.0,0.60355530258205
39.0,707.0,0.5683338604828317
39.0,708.0,0.535018631220012
39.0,709.0,0.5034986624892421
39.0,710.0,0.4736687700226612
39.0,711.0,0.44542946068989886
39.0,712.0,0.41868635957708694
39.0,713.0,0.39335015044331567
39.0,714.0,0.36933604907524203
39.0,715.0,0.34656375770354614
39.0,716.0,0.3249569816396013
39.0,717.0,0.3044433944677319
39.0,718.0,0.28495419515915454
39.0,719.0,0.26642408107079213
39.0,720.0,0.24879084292106796
39.0,721.0,0.23199534283716433
39.0,722.0,0.21598114476090802
39.0,723.0,0.20069449498842698
39.0,724.0,0.18608398574792573
39.0,725.0,0.17210053586513355
39.0,726.0,0.15869708541529381
39.0,727.0,0.14582857432229618
39.0,728.0,0.1334516661328097
39.0,729.0,0.12152472251513392
39.0,730.0,0.11000755433295496
39.0,731.0,0.09886139015095746
39.0,732.0,0.08804865289856408
39.0,733.0,0.07753292061287415
39.0,734.0,0.06727872707869773
39.0,735.0,0.057251513145368554
39.0,736.0,0.047417449808359616
39.0,737.0,0.03774337852506839
39.0,738.0,0.02819665526538067
39.0,739.0,0.018745078322845218
39.0,740.0,0.009356751906866429
39.0,741.0,0.0
40.0,0.0,0.0
40.0,1.0,0.002992903257895826
40.0,2.0,0.005995907118035656
40.0,3.0,0.009019147357691788
40.0,4.0,0.012072824666953301
40.0,5.0,0.015167245704846
40.0,6.0,0.01831284784638512
40.0,7.0,0.021520246566257534
40.0,8.0,0.024800255649585618
40.0,9.0,0.028163941357534195
40.0,10.0,0.031622638569507144
40.0,11.0,0.03518801219822869
40.0,12.0,0.03887206974975882
40.0,13.0,0.04268723047411698
40.0,14.0,0.04664633485362459
40.0,15.0,0.05076272199903038
40.0,16.0,0.05505023660633389
40.0,17.0,0.059523315137667863
40.0,18.0,0.06419699082197217
40.0,19.0,0.06908698919459424
40.0,20.0,0.07420973175797325
40.0,21.0,0.0795824414939822
40.0,22.0,0.0852231458470784
40.0,23.0,0.09115079286868805
40.0,24.0,0.09738525423689594
40.0,25.0,0.10394745274238014
40.0,26.0,0.11085936611529512
40.0,27.0,0.11814416661691138
40.0,28.0,0.12582622650528769
40.0,29.0,0.13393127055507953
40.0,30.0,0.14248638405795006
40.0,31.0,0.15152017915380253
40.0,32.0,0.16106280632822625
40.0,33.0,0.1711461354999542
40.0,34.0,0.18180377204392809
40.0,35.0,0.19307125363962213
40.0,36.0,0.20498607191163443
40.0,37.0,0.2175878860982181
40.0,38.0,0.23091855145763918
40.0,39.0,0.24502235086109747
40.0,40.0,0.2599460311569373
40.0,41.0,0.27573905382072805
40.0,42.0,0.2924536404933643
40.0,43.0,0.31014504382484787
40.0,44.0,0.328871603396496
40.0,45.0,0.34869503786256756
40.0,46.0,0.36968051241819194
40.0,47.0,0.39189695325951684
40.0,48.0,0.41541712765055666
40.0,49.0,0.4403179815686338
40.0,50.0,0.46668073323310943
40.0,51.0,0.49459123455358944
40.0,52.0,0.5241400786832052
40.0,53.0,0.5554229855105354
40.0,54.0,0.5885409233539382
40.0,55.0,0.623600518194225
40.0,56.0,0.6607141889895638
40.0,57.0,0.7000005795845555
40.0,58.0,0.7415847062417618
40.0,59.0,0.7855984101223814
40.0,60.0,0.8321805144326059
40.0,61.0,0.8814772939770942
40.0,62.0,0.9336426377248103
40.0,63.0,0.9888385301007497
40.0,64.0,1.0472352126915894
40.0,65.0,1.1090116695619785
40.0,66.0,1.1743557791374781
40.0,67.0,1.243464792796309
40.0,68.0,1.3165454645689019
40.0,69.0,1.3938145084455114
40.0,70.0,1.4754986892999598
40.0,71.0,1.5618352396536104
40.0,72.0,1.6530718900592969
40.0,73.0,1.7494672203801616
40.0,74.0,1.8512906016860806
40.0,75.0,1.958822450398372
40.0,76.0,2.0723540465506702
40.0,77.0,2.1921876514639904
40.0,78.0,2.318636159118789
40.0,79.0,2.4520230295532253
40.0,80.0,2.5926817213781357
40.0,81.0,2.740955384252564
40.0,82.0,2.8971960118134397
40.0,83.0,3.0617638281144686
40.0,84.0,3.2350260923760477
40.0,85.0,3.4173561073441148
40.0,86.0,3.6091316017177015
40.0,87.0,3.8107332847001034
40.0,88.0,4.022542730741294
40.0,89.0,4.244940406440952
40.0,90.0,4.478302987995127
40.0,91.0,4.723000797018222
40.0,92.0,4.979394497026691
40.0,93.0,5.247831897102801
40.0,94.0,5.5286440034256294
40.0,95.0,5.822141187528817
40.0,96.0,6.128608615631922
40.0,97.0,6.448301834458908
40.0,98.0,6.781441667146666
40.0,99.0,7.128209345385297
40.0,100.0,7.488741045790245
40.0,101.0,7.863122790515923
40.0,102.0,8.251384897991546
40.0,103.0,8.65349697837423
40.0,104.0,9.069362677768067
40.0,105.0,9.498815197063204
40.0,106.0,9.94161280308617
40.0,107.0,10.397435380317425
40.0,108.0,10.865881243958361
40.0,109.0,11.346465269850835
40.0,110.0,11.838617548396373
40.0,111.0,12.341683604418634
40.0,112.0,12.854925355158223
40.0,113.0,13.377523810931553
40.0,114.0,13.908582633409333
40.0,115.0,14.447133496339632
40.0,116.0,14.992142288569598
40.0,117.0,15.542517029553105
40.0,118.0,16.09711645446156
40.0,119.0,16.654760062229084
40.0,120.0,17.21423850784134
40.0,121.0,17.77432506864916
40.0,122.0,18.33378701256997
40.0,123.0,18.891397561904082
40.0,124.0,19.4459472613745
40.0,125.0,19.996255444055862
40.0,126.0,20.541180623176118
40.0,127.0,21.079630539389864
40.0,128.0,21.610570745069115
40.0,129.0,22.133032518647198
40.0,130.0,22.64611906647559
40.0,131.0,23.14901088198407
40.0,132.0,23.64096930243272
40.0,133.0,24.121339207599426
40.0,134.0,24.589549975865275
40.0,135.0,25.04511570168575
40.0,136.0,25.487633847191965
40.0,137.0,25.916783369285863
40.0,138.0,26.33232152995089
40.0,139.0,26.73408044469773
40.0,140.0,27.12196259048656
40.0,141.0,27.49593632083153
40.0,142.0,27.856030606283777
40.0,143.0,28.202330025671905
40.0,144.0,28.534969212555396
40.0,145.0,28.85412775113357
40.0,146.0,29.16002470774995
40.0,147.0,29.45291375782438
40.0,148.0,29.733078076270477
40.0,149.0,30.000825917595968
40.0,150.0,30.25648603908497
40.0,151.0,30.50040386282881
40.0,152.0,30.732937520421817
40.0,153.0,30.95445464990188
40.0,154.0,31.16532908469547
40.0,155.0,31.365938282248866
40.0,156.0,31.556660633231505
40.0,157.0,31.73787348083183
40.0,158.0,31.909950996573954
40.0,159.0,32.07326272692682
40.0,160.0,32.22817196617796
40.0,161.0,32.375034756637646
40.0,162.0,32.51419868330505
40.0,163.0,32.64600225211513
40.0,164.0,32.77077403241007
40.0,165.0,32.88883234142988
40.0,166.0,33.000484666224544
40.0,167.0,33.106027589606576
40.0,168.0,33.20574643110059
40.0,169.0,33.299915358153484
40.0,170.0,33.38879719459716
40.0,171.0,33.47264366988589
40.0,172.0,33.551695352408345
40.0,173.0,33.62618199815674
40.0,174.0,33.69632257450381
40.0,175.0,33.76232567758744
40.0,176.0,33.8243896195721
40.0,177.0,33.882702890960374
40.0,178.0,33.93744429077132
40.0,179.0,33.98878341591527
40.0,180.0,34.0368808191395
40.0,181.0,34.08188851255599
40.0,182.0,34.12395014268415
40.0,183.0,34.163201499274344
40.0,184.0,34.19977070039772
40.0,185.0,34.23377870094223
40.0,186.0,34.2653394835381
40.0,187.0,34.29456056358812
40.0,188.0,34.32154318393356
40.0,189.0,34.3463828150625
40.0,190.0,34.36916935284724
40.0,191.0,34.389987613671494
40.0,192.0,34.40891753530913
40.0,193.0,34.42603466711301
40.0,194.0,34.441410374137035
40.0,195.0,34.455112322209835
40.0,196.0,34.467204684699944
40.0,197.0,34.477748621234994
40.0,198.0,34.4868024850658
40.0,199.0,34.49442229240225
40.0,200.0,34.50066192619651
40.0,201.0,34.50557359064687
40.0,202.0,34.50920800454889
40.0,203.0,34.51161483269357
40.0,204.0,34.51284285903261
40.0,205.0,34.512940383860105
40.0,206.0,34.511955364386516
40.0,207.0,34.509935764310846
40.0,208.0,34.50692964764024
40.0,209.0,34.50298546622976
40.0,210.0,34.49815209254203
40.0,211.0,34.49247903165977
40.0,212.0,34.486016380793245
40.0,213.0,34.478814955676285
40.0,214.0,34.47092616933811
40.0,215.0,34.46240206878044
40.0,216.0,34.45329513265242
40.0,217.0,34.44365822217176
40.0,218.0,34.43354430604213
40.0,219.0,34.42300633857053
40.0,220.0,34.41209692901337
40.0,221.0,34.40086816811849
40.0,222.0,34.38937126633718
40.0,223.0,34.37765635585356
40.0,224.0,34.36577212616637
40.0,225.0,34.353765630737485
40.0,226.0,34.34168194837982
40.0,227.0,34.32956402146542
40.0,228.0,34.31745236735504
40.0,229.0,34.305384969150396
40.0,230.0,34.29339705401768
40.0,231.0,34.281521049073056
40.0,232.0,34.26978643447627
40.0,233.0,34.258219767934335
40.0,234.0,34.246844611616226
40.0,235.0,34.23568162058596
40.0,236.0,34.224748535350784
40.0,237.0,34.21406032344898
40.0,238.0,34.20362922463073
40.0,239.0,34.19346493133556
40.0,240.0,34.183574671304186
40.0,241.0,34.17396341168854
40.0,242.0,34.1646339639722
40.0,243.0,34.155587197450785
40.0,244.0,34.14682215306729
40.0,245.0,34.13833625428828
40.0,246.0,34.13012541913065
40.0,247.0,34.122184259356935
40.0,248.0,34.11450618295585
40.0,249.0,34.107083575540535
40.0,250.0,34.099907888386966
40.0,251.0,34.09296979857535
40.0,252.0,34.08625928011156
40.0,253.0,34.079765741510684
40.0,254.0,34.07347807940915
40.0,255.0,34.067384793895236
40.0,256.0,34.06147402535816
40.0,257.0,34.05573364895873
40.0,258.0,34.05015129632138
40.0,259.0,34.04471443119384
40.0,260.0,34.03941035806585
40.0,261.0,34.03422628139209
40.0,262.0,34.02914930342081
40.0,263.0,34.02416646944991
40.0,264.0,34.01926475716393
40.0,265.0,34.014431110346294
40.0,266.0,34.00965242193289
40.0,267.0,34.00491555848341
40.0,268.0,34.0002073390246
40.0,269.0,33.99551455244239
40.0,270.0,33.99082393405221
40.0,271.0,33.986122177947806
40.0,272.0,33.9813959131287
40.0,273.0,33.97663171275531
40.0,274.0,33.97181607160327
40.0,275.0,33.966935414140366
40.0,276.0,33.96197607507275
40.0,277.0,33.95692430818101
40.0,278.0,33.95176627177418
40.0,279.0,33.94648804029655
40.0,280.0,33.94107559660252
40.0,281.0,33.93551484845914
40.0,282.0,33.929791629680444
40.0,283.0,33.92389172377909
40.0,284.0,33.91780087612305
40.0,285.0,33.91150482709645
40.0,286.0,33.904989337520206
40.0,287.0,33.89824023371521
40.0,288.0,33.891243448400495
40.0,289.0,33.88398507994158
40.0,290.0,33.87645145072691
40.0,291.0,33.86862918254299
40.0,292.0,33.860505273936695
40.0,293.0,33.85206719298698
40.0,294.0,33.843302974284285
40.0,295.0,33.83420132926209
40.0,296.0,33.824751762067706
40.0,297.0,33.814944695991706
40.0,298.0,33.804771605601694
40.0,299.0,33.79422515562797
40.0,300.0,33.78329934428751
40.0,301.0,33.7719896483053
40.0,302.0,33.76029316948905
40.0,303.0,33.74820877657987
40.0,304.0,33.73573724412435
40.0,305.0,33.72288137892291
40.0,306.0,33.70964613754473
40.0,307.0,33.696038722824504
40.0,308.0,33.682068664602255
40.0,309.0,33.66774787069151
40.0,310.0,33.65309065530813
40.0,311.0,33.63811372988949
40.0,312.0,33.622836165834485
40.0,313.0,33.60727931400401
40.0,314.0,33.591466693161244
40.0,315.0,33.575423833025916
40.0,316.0,33.559178086991345
40.0,317.0,33.542758401731604
40.0,318.0,33.52619506154031
40.0,319.0,33.5095193965427
40.0,320.0,33.49276347491603
40.0,321.0,33.47595977009834
40.0,322.0,33.45914082446711
40.0,323.0,33.44233890183215
40.0,324.0,33.42558565027867
40.0,325.0,33.40891176835918
40.0,326.0,33.39234669479809
40.0,327.0,33.37591831466057
40.0,328.0,33.35965269946908
40.0,329.0,33.3435738737221
40.0,330.0,33.327703621638506
40.0,331.0,33.3120613260503
40.0,332.0,33.296663849058966
40.0,333.0,33.2815254462649
40.0,334.0,33.26665771983487
40.0,335.0,33.25206960289618
40.0,336.0,33.237767376311645
40.0,337.0,33.22375471201765
40.0,338.0,33.210032740022136
40.0,339.0,33.196600136009536
40.0,340.0,33.183453222907076
40.0,341.0,33.170586087120725
40.0,342.0,33.15799069912343
40.0,343.0,33.145657043714166
40.0,344.0,33.133573245840395
40.0,345.0,33.12172570259443
40.0,346.0,33.11009920318375
40.0,347.0,33.09867705331579
40.0,348.0,33.08744118125092
40.0,349.0,33.07637224823182
40.0,350.0,33.06544973543853
40.0,351.0,33.0546520368282
40.0,352.0,33.04395652428629
40.0,353.0,33.03333962146803
40.0,354.0,33.02277684639012
40.0,355.0,33.01224286655585
40.0,356.0,33.00171151965869
40.0,357.0,32.99115585146932
40.0,358.0,32.98054811629807
40.0,359.0,32.96985979991668
40.0,360.0,32.959061602054646
40.0,361.0,32.94812344713296
40.0,362.0,32.93701445146354
40.0,363.0,32.92570292489645
40.0,364.0,32.91415632565765
40.0,365.0,32.90234125625438
40.0,366.0,32.89022340911473
40.0,367.0,32.87776756034116
40.0,368.0,32.86493750958053
40.0,369.0,32.85169607552789
40.0,370.0,32.83800503381564
40.0,371.0,32.82382511859932
40.0,372.0,32.80911596275088
40.0,373.0,32.79383611043954
40.0,374.0,32.777942964573825
40.0,375.0,32.76139281604154
40.0,376.0,32.74414080417759
40.0,377.0,32.72614096924702
40.0,378.0,32.707346232707735
40.0,379.0,32.687708480583005
40.0,380.0,32.66717857139839
40.0,381.0,32.64570645923429
40.0,382.0,32.62324123836155
40.0,383.0,32.599731315883076
40.0,384.0,32.575124503135925
40.0,385.0,32.54936824875346
40.0,386.0,32.522409787637116
40.0,387.0,32.494196445749495
40.0,388.0,32.464675857596255
40.0,389.0,32.43379635376138
40.0,390.0,32.40150725699742
40.0,391.0,32.36775936201307
40.0,392.0,32.33250531798665
40.0,393.0,32.29570020692072
40.0,394.0,32.25730201616115
40.0,395.0,32.217272316238386
40.0,396.0,32.175576820315214
40.0,397.0,32.132186154422584
40.0,398.0,32.08707649135519
40.0,399.0,32.04023039540939
40.0,400.0,31.991637506124622
40.0,401.0,31.94129542632453
40.0,402.0,31.889210416860685
40.0,403.0,31.835398281912596
40.0,404.0,31.779885020913383
40.0,405.0,31.722707650516735
40.0,406.0,31.663914746471395
40.0,407.0,31.603567130156247
40.0,408.0,31.541738224450555
40.0,409.0,31.478514527683583
40.0,410.0,31.413995707063137
40.0,411.0,31.348294787755222
40.0,412.0,31.281537918338113
40.0,413.0,31.213864220076637
40.0,414.0,31.145425182826557
40.0,415.0,31.07638414988216
40.0,416.0,31.006915338827678
40.0,417.0,30.93720297808281
40.0,418.0,30.867439991189194
40.0,419.0,30.797826846564654
40.0,420.0,30.728569988449408
40.0,421.0,30.659880503211156
40.0,422.0,30.591972416936645
40.0,423.0,30.52506131125253
40.0,424.0,30.459362628383712
40.0,425.0,30.395090380247183
40.0,426.0,30.332455601957683
40.0,427.0,30.271665287430753
40.0,428.0,30.2129211117969
40.0,429.0,30.1564186973964
40.0,430.0,30.102346689115105
40.0,431.0,30.050886413085372
40.0,432.0,30.002211344525634
40.0,433.0,29.956487176329674
40.0,434.0,29.913871675294377
40.0,435.0,29.87451513727286
40.0,436.0,29.838560591878103
40.0,437.0,29.806144590778175
40.0,438.0,29.7773976972539
40.0,439.0,29.75244553704919
40.0,440.0,29.731409498464327
40.0,441.0,29.71440797044176
40.0,442.0,29.70155717951272
40.0,443.0,29.692972544922924
40.0,444.0,29.688769587542275
40.0,445.0,29.68906534331791
40.0,446.0,29.69397929263225
40.0,447.0,29.703634787766344
40.0,448.0,29.718159965981716
40.0,449.0,29.73768916119714
40.0,450.0,29.76236377792353
40.0,451.0,29.792333670106512
40.0,452.0,29.827757964509605
40.0,453.0,29.8688063996113
40.0,454.0,29.91566009542855
40.0,455.0,29.968512852103178
40.0,456.0,30.02757186835201
40.0,457.0,30.093059002986628
40.0,458.0,30.165211446354323
40.0,459.0,30.24428294877919
40.0,460.0,30.33054444883646
40.0,461.0,30.42428527091054
40.0,462.0,30.525813711239586
40.0,463.0,30.63545820274084
40.0,464.0,30.75356785470926
40.0,465.0,30.880513576945326
40.0,466.0,31.01668856191688
40.0,467.0,31.162509352106834
40.0,468.0,31.31841624436444
40.0,469.0,31.484874274236027
40.0,470.0,31.66237351106649
40.0,471.0,31.851429920784135
40.0,472.0,32.05258550695059
40.0,473.0,32.26640899892896
40.0,474.0,32.493495778432035
40.0,475.0,32.73446832316903
40.0,476.0,32.989975840539095
40.0,477.0,33.26069437786283
40.0,478.0,33.5473260649879
40.0,479.0,33.850598781527964
40.0,480.0,34.17126488898065
40.0,481.0,34.51010032399125
40.0,482.0,34.86790267944298
40.0,483.0,35.245489572351175
40.0,484.0,35.64369591445529
40.0,485.0,36.0633713866509
40.0,486.0,36.50537672621219
40.0,487.0,36.970580130664686
40.0,488.0,37.459852385588256
40.0,489.0,37.97406202495698
40.0,490.0,38.514069136695014
40.0,491.0,39.080719130655474
40.0,492.0,39.674835096252586
40.0,493.0,40.29721008143677
40.0,494.0,40.94859794609438
40.0,495.0,41.62970414385002
40.0,496.0,42.34117512430457
40.0,497.0,43.083587741069685
40.0,498.0,43.85743741048815
40.0,499.0,44.663126446771216
40.0,500.0,45.500951384148124
40.0,501.0,46.37109075868058
40.0,502.0,47.27359223501767
40.0,503.0,48.208360598532124
40.0,504.0,49.175145574286674
40.0,505.0,50.173531032444345
40.0,506.0,51.20292460796574
40.0,507.0,52.26254931180408
40.0,508.0,53.35143620393828
40.0,509.0,54.46841968672084
40.0,510.0,55.61213449301244
40.0,511.0,56.78101585927616
40.0,512.0,57.973301913094716
40.0,513.0,59.18703964028002
40.0,514.0,60.42009336464905
40.0,515.0,61.67015692759092
40.0,516.0,62.93476836304315
40.0,517.0,64.21132804118238
40.0,518.0,65.49711892188333
40.0,519.0,66.78932967145607
40.0,520.0,68.08507914614678
40.0,521.0,69.38144280653354
40.0,522.0,70.67547948186217
40.0,523.0,71.96425892276201
40.0,524.0,73.24488855776727
40.0,525.0,74.51453985000956
40.0,526.0,75.77047275707886
40.0,527.0,77.0100587319971
40.0,528.0,78.2308009366247
40.0,529.0,79.43035221081675
40.0,530.0,80.6065296899593
40.0,531.0,81.75732675017476
40.0,532.0,82.88092141191797
40.0,533.0,83.97568201150543
40.0,534.0,85.04016949199817
40.0,535.0,86.07313721778944
40.0,536.0,87.07352784359635
40.0,537.0,88.04046818437902
40.0,538.0,88.97326174436309
40.0,539.0,89.87137983764211
40.0,540.0,90.73445103638167
40.0,541.0,91.5622498160451
40.0,542.0,92.35468417258554
40.0,543.0,93.11178298227547
40.0,544.0,93.8336828935242
40.0,545.0,94.5206154017492
40.0,546.0,95.17289390059733
40.0,547.0,95.7909012331661
40.0,548.0,96.37507754122007
40.0,549.0,96.92590881039645
40.0,550.0,97.44391592227548
40.0,551.0,97.92964449319085
40.0,552.0,98.38365533554423
40.0,553.0,98.80651571345268
40.0,554.0,99.1987912664037
40.0,555.0,99.56103867498267
40.0,556.0,99.89379899244244
40.0,557.0,100.19759162752325
40.0,558.0,100.47290896274542
40.0,559.0,100.72021151223298
40.0,560.0,100.93992367193772
40.0,561.0,101.13242989038089
40.0,562.0,101.29807138753733
40.0,563.0,101.43714317776349
40.0,564.0,101.54989160346773
40.0,565.0,101.63651206560831
40.0,566.0,101.69714723969497
40.0,567.0,101.73188539502088
40.0,568.0,101.74075918963881
40.0,569.0,101.72374449131264
40.0,570.0,101.68075968192299
40.0,571.0,101.61166492860922
40.0,572.0,101.51626196471963
40.0,573.0,101.39429379732731
40.0,574.0,101.24544497025182
40.0,575.0,101.06934173322809
40.0,576.0,100.86555283201403
40.0,577.0,100.63359020437044
40.0,578.0,100.37291038221892
40.0,579.0,100.08291581953371
40.0,580.0,99.76295703100905
40.0,581.0,99.41233469576069
40.0,582.0,99.03030269439536
40.0,583.0,98.61607116796706
40.0,584.0,98.16881064801285
40.0,585.0,97.68765627910516
40.0,586.0,97.1717132601286
40.0,587.0,96.62006245592771
40.0,588.0,96.03176737680567
40.0,589.0,95.40588140314178
40.0,590.0,94.7414565157355
40.0,591.0,94.0375523278293
40.0,592.0,93.29324673160713
40.0,593.0,92.50764686423973
40.0,594.0,91.67990174463093
40.0,595.0,90.8092151829977
40.0,596.0,89.8948603365309
40.0,597.0,88.93619439662561
40.0,598.0,87.9326747856507
40.0,599.0,86.88387521861942
40.0,600.0,85.78950299646388
40.0,601.0,84.64941574600842
40.0,602.0,83.46363895124735
40.0,603.0,82.23238234831383
40.0,604.0,80.95605650580755
40.0,605.0,79.63528753050939
40.0,606.0,78.27093121144225
40.0,607.0,76.86408443775483
40.0,608.0,75.41609522779207
40.0,609.0,73.92856914794898
40.0,610.0,72.40337353553765
40.0,611.0,70.84263731288708
40.0,612.0,69.24874795062463
40.0,613.0,67.62434345111946
40.0,614.0,65.97230112354939
40.0,615.0,64.29572117563472
40.0,616.0,62.59790716290109
40.0,617.0,60.882341521793805
40.0,618.0,59.15265852058309
40.0,619.0,57.412613062978856
40.0,620.0,55.66604794932312
40.0,621.0,53.9168581974537
40.0,622.0,52.168955228337246
40.0,623.0,50.42622959976852
40.0,624.0,48.6925151855394
40.0,625.0,46.97155345194879
40.0,626.0,45.266960699447466
40.0,627.0,43.58219677727078
40.0,628.0,41.92053800124739
40.0,629.0,40.28505255275608
40.0,630.0,38.67858088057261
40.0,631.0,37.10371911245632
40.0,632.0,35.562807767411606
40.0,633.0,34.05792351192302
40.0,634.0,32.59087604368515
40.0,635.0,31.163207630117988
40.0,636.0,29.776197233310242
40.0,637.0,28.430866603377023
40.0,638.0,27.12799018936581
40.0,639.0,25.868106180008
40.0,640.0,24.651530507303146
40.0,641.0,23.47837112159887
40.0,642.0,22.34854440691034
40.0,643.0,21.261791089810302
40.0,644.0,20.217693578877952
40.0,645.0,19.215692161223835
40.0,646.0,18.255102074864084
40.0,647.0,17.335128967790414
40.0,648.0,16.454884842702324
40.0,649.0,15.6134020810162
40.0,650.0,14.809647713669541
40.0,651.0,14.042535605932686
40.0,652.0,13.310938775444829
40.0,653.0,12.613699571863332
40.0,654.0,11.949639970757229
40.0,655.0,11.317569758768022
40.0,656.0,10.716294878859362
40.0,657.0,10.144623750523428
40.0,658.0,9.601373835128577
40.0,659.0,9.085376290937113
40.0,660.0,8.595480977375011
40.0,661.0,8.130559677309888
40.0,662.0,7.689509777122798
40.0,663.0,7.271256294602187
40.0,664.0,6.874754467843554
40.0,665.0,6.498990815513989
40.0,666.0,6.14298485015172
40.0,667.0,5.805789375757257
40.0,668.0,5.48649151632774
40.0,669.0,5.184212429098572
40.0,670.0,4.8981078116038335
40.0,671.0,4.62736718109621
40.0,672.0,4.371213996024142
40.0,673.0,4.128904625516977
40.0,674.0,3.89972819568711
40.0,675.0,3.683005348895051
40.0,676.0,3.478087902647756
40.0,677.0,3.284357477264066
40.0,678.0,3.101225035699958
40.0,679.0,2.92812944036452
40.0,680.0,2.764536925944483
40.0,681.0,2.6099396313379115
40.0,682.0,2.4638550442468956
40.0,683.0,2.3258245422092854
40.0,684.0,2.1954128370457084
40.0,685.0,2.0722065494193616
40.0,686.0,1.9558136727897997
40.0,687.0,1.8458621984436678
40.0,688.0,1.7419996120557921
40.0,689.0,1.6438915803549625
40.0,690.0,1.5512214883840882
40.0,691.0,1.4636891945751462
40.0,692.0,1.381010613035614
40.0,693.0,1.3029165405282888
40.0,694.0,1.229152285335262
40.0,695.0,1.1594765672373462
40.0,696.0,1.0936611925060202
40.0,697.0,1.0314900262600755
40.0,698.0,0.9727587117352642
40.0,699.0,0.9172737132050307
40.0,700.0,0.8648520767357109
40.0,701.0,0.8153205410676105
40.0,702.0,0.7685153364679249
40.0,703.0,0.7242813604778869
40.0,704.0,0.6824720111373415
40.0,705.0,0.6429484242347641
40.0,706.0,0.6055793370273977
40.0,707.0,0.5702403835227328
40.0,708.0,0.5368139848027764
40.0,709.0,0.5051886988712502
40.0,710.0,0.4752591337689662
40.0,711.0,0.44692534860484234
40.0,712.0,0.4200927857904485
40.0,713.0,0.3946717200080346
40.0,714.0,0.37057720607278255
40.0,715.0,0.3477285727572792
40.0,716.0,0.3260493829925631
40.0,717.0,0.30546696965101433
40.0,718.0,0.2859124050092595
40.0,719.0,0.2673200757794778
40.0,720.0,0.24962765896947905
40.0,721.0,0.23277573363820686
40.0,722.0,0.21670776049436377
40.0,723.0,0.20136972802998798
40.0,724.0,0.1867101333943983
40.0,725.0,0.17267966072641608
40.0,726.0,0.15923116102215307
40.0,727.0,0.1463193606392865
40.0,728.0,0.13390083804341268
40.0,729.0,0.12193376059521603
40.0,730.0,0.1103778562096322
40.0,731.0,0.09919417665788077
40.0,732.0,0.08834506230593932
40.0,733.0,0.07779393026777871
40.0,734.0,0.06750523050442149
40.0,735.0,0.057444257252160215
40.0,736.0,0.04757709486077557
40.0,737.0,0.03787045099103626
40.0,738.0,0.028291590650630596
40.0,739.0,0.018808189708938737
40.0,740.0,0.009388255652092057
40.0,741.0,0.0
41.0,0.0,0.0
41.0,1.0,0.0029979308879534592
41.0,2.0,0.006005979984334796
41.0,3.0,0.009034297951695431
41.0,4.0,0.012093106029494136
41.0,5.0,0.015192723264738688
41.0,6.0,0.01834361074859115
41.0,7.0,0.02155639407400399
41.0,8.0,0.024841914136562816
41.0,9.0,0.0282112452802025
41.0,10.0,0.03167575312324217
41.0,11.0,0.03524710886923695
41.0,12.0,0.038937354635011974
41.0,13.0,0.042758914425099104
41.0,14.0,0.0467246674597805
41.0,15.0,0.050847956338444286
41.0,16.0,0.055142668892240544
41.0,17.0,0.05962324409412094
41.0,18.0,0.06430476299270935
41.0,19.0,0.0692029529647942
41.0,20.0,0.07433428832439785
41.0,21.0,0.0797159935570345
41.0,22.0,0.08536615424062988
41.0,23.0,0.09130371994981488
41.0,24.0,0.0975486261730861
41.0,25.0,0.1041217976295051
41.0,26.0,0.11104528191891336
41.0,27.0,0.11834225405216955
41.0,28.0,0.12603716262770598
41.0,29.0,0.13415573643908407
41.0,30.0,0.14272514403072414
41.0,31.0,0.1517740033119102
41.0,32.0,0.1613325554056866
41.0,33.0,0.17143267826475994
41.0,34.0,0.18210807578824156
41.0,35.0,0.19339429649969903
41.0,36.0,0.2053289389636831
41.0,37.0,0.21795167664600812
41.0,38.0,0.2313044807117614
41.0,39.0,0.24543165223797814
41.0,40.0,0.2603800635115319
41.0,41.0,0.2761991987982637
41.0,42.0,0.2929414152753159
41.0,43.0,0.3106619935698345
41.0,44.0,0.3294194194459765
41.0,45.0,0.3492754452990845
41.0,46.0,0.37029539365964215
41.0,47.0,0.39254823075030004
41.0,48.0,0.4161068927503435
41.0,49.0,0.44104837237361016
41.0,50.0,0.4674540686354021
41.0,51.0,0.49540988716405465
41.0,52.0,0.525006613899283
41.0,53.0,0.5563400294769147
41.0,54.0,0.5895113068274104
41.0,55.0,0.6246271394316802
41.0,56.0,0.6618001621358366
41.0,57.0,0.7011490923157804
41.0,58.0,0.7427991723232948
41.0,59.0,0.7868823215564242
41.0,60.0,0.8335375977347784
41.0,61.0,0.8829113564770417
41.0,62.0,0.9351577269884921
41.0,63.0,0.9904387739080849
41.0,64.0,1.048924980883797
41.0,65.0,1.1107954070682342
41.0,66.0,1.1762381693502366
41.0,67.0,1.2454505828376246
41.0,68.0,1.3186396290907547
41.0,69.0,1.396022066116351
41.0,70.0,1.4778248656938302
41.0,71.0,1.564285273702948
41.0,72.0,1.6556511944432701
41.0,73.0,1.7521811764413715
41.0,74.0,1.854144715469844
41.0,75.0,1.9618221342886706
41.0,76.0,2.0755047688741857
41.0,77.0,2.1954947028976655
41.0,78.0,2.3221047935969175
41.0,79.0,2.4556582133865295
41.0,80.0,2.596488263151158
41.0,81.0,2.7449376646461348
41.0,82.0,2.9013581003398974
41.0,83.0,3.066109191952264
41.0,84.0,3.239557698276258
41.0,85.0,3.4220761084954345
41.0,86.0,3.6140414241092373
41.0,87.0,3.815833292286677
41.0,88.0,4.027832297119884
41.0,89.0,4.250417560535187
41.0,90.0,4.4839644742429705
41.0,91.0,4.728841706569049
41.0,92.0,4.98540832284222
41.0,93.0,5.254010159308159
41.0,94.0,5.534976309774491
41.0,95.0,5.828614865962369
41.0,96.0,6.135208795230616
41.0,97.0,6.455011103080609
41.0,98.0,6.788240192760847
41.0,99.0,7.135074581182316
41.0,100.0,7.495647915773313
41.0,101.0,7.870043467603806
41.0,102.0,8.258289079649076
41.0,103.0,8.660351763534083
41.0,104.0,9.07613295657115
41.0,105.0,9.505463648335194
41.0,106.0,9.948100415449176
41.0,107.0,10.403721582200472
41.0,108.0,10.871924560524011
41.0,109.0,11.352223581720448
41.0,110.0,11.844048870331651
41.0,111.0,12.346746448266867
41.0,112.0,12.859579594151949
41.0,113.0,13.38173109990987
41.0,114.0,13.912307301000531
41.0,115.0,14.45034295614664
41.0,116.0,14.994807885784304
41.0,117.0,15.544614366100973
41.0,118.0,16.098626112102924
41.0,119.0,16.655667767233787
41.0,120.0,17.214535662716372
41.0,121.0,17.77400869944147
41.0,122.0,18.33286006571608
41.0,123.0,18.889868607299594
41.0,124.0,19.443830544959614
41.0,125.0,19.99357035603655
41.0,126.0,20.53795153320688
41.0,127.0,21.07588607344848
41.0,128.0,21.606343460139833
41.0,129.0,22.128358056106087
41.0,130.0,22.64103574070563
41.0,131.0,23.143558788211095
41.0,132.0,23.635189896281133
41.0,133.0,24.115274440823946
41.0,134.0,24.583241933164196
41.0,135.0,25.03860582205653
41.0,136.0,25.480962664952163
41.0,137.0,25.909989857181117
41.0,138.0,26.325442968885987
41.0,139.0,26.72715190264754
41.0,140.0,27.115016924765456
41.0,141.0,27.489003788353124
41.0,142.0,27.84913898640003
41.0,143.0,28.19550434450868
41.0,144.0,28.528231964697824
41.0,145.0,28.84749871395359
41.0,146.0,29.15352123612604
41.0,147.0,29.4465506626671
41.0,148.0,29.72686796677005
41.0,149.0,29.994779120056396
41.0,150.0,30.250610964325503
41.0,151.0,30.49470694541614
41.0,152.0,30.727423593374567
41.0,153.0,30.949126889183585
41.0,154.0,31.160189378191212
41.0,155.0,31.360987169053175
41.0,156.0,31.55189765828199
41.0,157.0,31.7332971225756
41.0,158.0,31.905559002294574
41.0,159.0,32.06905202557814
41.0,160.0,32.22413898221953
41.0,161.0,32.37117530716655
41.0,162.0,32.510508270168685
41.0,163.0,32.642475944046154
41.0,164.0,32.76740673644283
41.0,165.0,32.88561867169794
41.0,166.0,32.99741919642324
41.0,167.0,33.103104710602
41.0,168.0,33.202960586504894
41.0,169.0,33.2972608930594
41.0,170.0,33.386268576392546
41.0,171.0,33.47023533038184
41.0,172.0,33.54940189591603
41.0,173.0,33.62399803910708
41.0,174.0,33.69424293461567
41.0,175.0,33.760345220844236
41.0,176.0,33.82250344007642
41.0,177.0,33.88090614687846
41.0,178.0,33.93573238422738
41.0,179.0,33.98715182726292
41.0,180.0,34.03532528001779
41.0,181.0,34.08040484161029
41.0,182.0,34.122534412692815
41.0,183.0,34.16184987522517
41.0,184.0,34.19847960140048
41.0,185.0,34.23254464136825
41.0,186.0,34.26415923025657
41.0,187.0,34.293430980691035
41.0,188.0,34.32046138566561
41.0,189.0,34.345346014474984
41.0,190.0,34.36817501062588
41.0,191.0,34.38903329088313
41.0,192.0,34.40800103816311
41.0,193.0,34.42515390377946
41.0,194.0,34.44056349530204
41.0,195.0,34.45429758175369
41.0,196.0,34.46642057572754
41.0,197.0,34.476993740213985
41.0,198.0,34.48607566284381
41.0,199.0,34.49372246123535
41.0,200.0,34.49998824512713
41.0,201.0,34.504925314732176
41.0,202.0,34.50858460390191
41.0,203.0,34.51101586318775
41.0,204.0,34.512268074346494
41.0,205.0,34.51238960703181
41.0,206.0,34.51142859239026
41.0,207.0,34.509433040098585
41.0,208.0,34.50645115714136
41.0,209.0,34.50253141095651
41.0,210.0,34.49772277943122
41.0,211.0,34.49207474690034
41.0,212.0,34.4856374735603
41.0,213.0,34.47846171447291
41.0,214.0,34.47059890129148
41.0,215.0,34.46210098033737
41.0,216.0,34.45302040655922
41.0,217.0,34.443409904663675
41.0,218.0,34.43332238376063
41.0,219.0,34.42281063430924
41.0,220.0,34.411927180542094
41.0,221.0,34.400723934044386
41.0,222.0,34.38925200811267
41.0,223.0,34.377561354450776
41.0,224.0,34.36570056757516
41.0,225.0,34.35371653311308
41.0,226.0,34.34165425030577
41.0,227.0,34.329556518257604
41.0,228.0,34.317463800509685
41.0,229.0,34.30541396979011
41.0,230.0,34.29344223144747
41.0,231.0,34.28158093906477
41.0,232.0,34.26985958478508
41.0,233.0,34.2583046892451
41.0,234.0,34.246939858181825
41.0,235.0,34.235785742107076
41.0,236.0,34.22486015145348
41.0,237.0,34.21417807538604
41.0,238.0,34.203751842959775
41.0,239.0,34.19359118696035
41.0,240.0,34.1837034363077
41.0,241.0,34.17409360976088
41.0,242.0,34.16476462480682
41.0,243.0,34.155717406971455
41.0,244.0,34.146951102076706
41.0,245.0,34.138463189101216
41.0,246.0,34.130249685282706
41.0,247.0,34.122305253300354
41.0,248.0,34.11462339162921
41.0,249.0,34.107196529729976
41.0,250.0,34.100016198870065
41.0,251.0,34.09307311163748
41.0,252.0,34.08635731084999
41.0,253.0,34.079858231860804
41.0,254.0,34.073564829058995
41.0,255.0,34.067465621044576
41.0,256.0,34.0615487955699
41.0,257.0,34.055802238760165
41.0,258.0,34.050213620217264
41.0,259.0,34.044770408130454
41.0,260.0,34.03945993675397
41.0,261.0,34.03426940959116
41.0,262.0,34.02918595166784
41.0,263.0,34.024196603080256
41.0,264.0,34.01928835851044
41.0,265.0,34.01444815339106
41.0,266.0,34.00966289302562
41.0,267.0,34.00491943351031
41.0,268.0,34.000204602691426
41.0,269.0,33.99550517784904
41.0,270.0,33.990807900590475
41.0,271.0,33.98609945317919
41.0,272.0,33.981366469356985
41.0,273.0,33.976595511117836
41.0,274.0,33.97177307739129
41.0,275.0,33.966885583028485
41.0,276.0,33.961919367273055
41.0,277.0,33.956860676749464
41.0,278.0,33.951695675696044
41.0,279.0,33.94641043481975
41.0,280.0,33.940990945359474
41.0,281.0,33.935423115782854
41.0,282.0,33.929692791868945
41.0,283.0,33.92378576334738
41.0,284.0,33.91768779230709
41.0,285.0,33.91138463197962
41.0,286.0,33.9048620658503
41.0,287.0,33.89810594081305
41.0,288.0,33.89110221932175
41.0,289.0,33.88383702902335
41.0,290.0,33.876296730061696
41.0,291.0,33.86846798294296
41.0,292.0,33.86033783259788
41.0,293.0,33.851893795548946
41.0,294.0,33.84312396144831
41.0,295.0,33.83401709950019
41.0,296.0,33.82456277682617
41.0,297.0,33.814751482467116
41.0,298.0,33.80457476002603
41.0,299.0,33.794025345400826
41.0,300.0,33.78309730872618
41.0,301.0,33.77178619933381
41.0,302.0,33.760089189182736
41.0,303.0,33.74800521560331
41.0,304.0,33.73553511544969
41.0,305.0,33.72268175332573
41.0,306.0,33.709450133070405
41.0,307.0,33.69584749692949
41.0,308.0,33.68188339930988
41.0,309.0,33.66756976141694
41.0,310.0,33.65292089217459
41.0,311.0,33.637953483864905
41.0,312.0,33.622686567310815
41.0,313.0,33.60714143751417
41.0,314.0,33.59134153494225
41.0,315.0,33.575312296136815
41.0,316.0,33.55908096003102
41.0,317.0,33.54267634648251
41.0,318.0,33.52612859514166
41.0,319.0,33.509468883709445
41.0,320.0,33.49272911558147
41.0,321.0,33.47594159775521
41.0,322.0,33.45913870059937
41.0,323.0,33.44235252106486
41.0,324.0,33.42561454194569
41.0,325.0,33.40895530811058
41.0,326.0,33.39240411261687
41.0,327.0,33.375988711599426
41.0,328.0,33.35973506057307
41.0,329.0,33.34366708786815
41.0,330.0,33.32780649732259
41.0,331.0,33.3121726120125
41.0,332.0,33.29678225082263
41.0,333.0,33.281649645355934
41.0,334.0,33.266786389268574
41.0,335.0,33.252201423245964
41.0,336.0,33.23790104889584
41.0,337.0,33.22388897068713
41.0,338.0,33.21016636144418
41.0,339.0,33.19673194667226
41.0,340.0,33.18358210649209
41.0,341.0,33.17071098674832
41.0,342.0,33.158110622261404
41.0,343.0,33.1457710600522
41.0,344.0,33.13368049046575
41.0,345.0,33.1218253700768
41.0,346.0,33.11019054987105
41.0,347.0,33.09875938825841
41.0,348.0,33.087513868468434
41.0,349.0,33.076434695051006
41.0,350.0,33.06550139549951
41.0,351.0,33.05469239629766
41.0,352.0,33.04398510625111
41.0,353.0,33.03335597035069
41.0,354.0,33.022780534250494
41.0,355.0,33.01223347590602
41.0,356.0,33.00168865207944
41.0,357.0,32.99111910891203
41.0,358.0,32.98049711233247
41.0,359.0,32.969794139524325
41.0,360.0,32.95898089576244
41.0,361.0,32.948027289247314
41.0,362.0,32.93690243730897
41.0,363.0,32.925574627409745
41.0,364.0,32.91401131593896
41.0,365.0,32.90217907843281
41.0,366.0,32.8900436044272
41.0,367.0,32.87756964019036
41.0,368.0,32.864720983379826
41.0,369.0,32.851460421895965
41.0,370.0,32.837749732460104
41.0,371.0,32.8235496196252
41.0,372.0,32.80881972289753
41.0,373.0,32.7935185605188
41.0,374.0,32.77760355041984
41.0,375.0,32.76103096413433
41.0,376.0,32.74375596770831
41.0,377.0,32.72573259201775
41.0,378.0,32.706913800748815
41.0,379.0,32.6872514844423
41.0,380.0,32.66669656376264
41.0,381.0,32.64519901571994
41.0,382.0,32.62270802157663
41.0,383.0,32.599172034791685
41.0,384.0,32.574538983934325
41.0,385.0,32.54875639278413
41.0,386.0,32.52177164932161
41.0,387.0,32.49353218885436
41.0,388.0,32.46398584024443
41.0,389.0,32.43308108257838
41.0,390.0,32.400767478891716
41.0,391.0,32.36699601533898
41.0,392.0,32.33171963032843
41.0,393.0,32.29489364189182
41.0,394.0,32.256476375849346
41.0,395.0,32.21642968163523
41.0,396.0,32.174719656412634
41.0,397.0,32.131317241582764
41.0,398.0,32.086199030366615
41.0,399.0,32.039347926466725
41.0,400.0,31.99075401058265
41.0,401.0,31.94041522951578
41.0,402.0,31.888338283011635
41.0,403.0,31.83453929698963
41.0,404.0,31.779044677407324
41.0,405.0,31.721891707098536
41.0,406.0,31.663129300321042
41.0,407.0,31.602818451610514
41.0,408.0,31.54103281637978
41.0,409.0,31.477858935578745
41.0,410.0,31.41339656760325
41.0,411.0,31.34775861774319
41.0,412.0,31.281071157750663
41.0,413.0,31.21347300647483
41.0,414.0,31.145115397260366
41.0,415.0,31.07616118617852
41.0,416.0,31.006784162961136
41.0,417.0,30.937167903282408
41.0,418.0,30.86750476202215
41.0,419.0,30.797994430447066
41.0,420.0,30.728842694242047
41.0,421.0,30.660259797227553
41.0,422.0,30.59245908236277
41.0,423.0,30.52565529246715
41.0,424.0,30.46006323263105
41.0,425.0,30.395896148919938
41.0,426.0,30.333364550763797
41.0,427.0,30.272674798429364
41.0,428.0,30.214028203997934
41.0,429.0,30.15761992987435
41.0,430.0,30.103638451463837
41.0,431.0,30.05226482850793
41.0,432.0,30.00367256918445
41.0,433.0,29.958027291965884
41.0,434.0,29.915486988024767
41.0,435.0,29.876202051549438
41.0,436.0,29.840315902030795
41.0,437.0,29.807965331221066
41.0,438.0,29.77928142325691
41.0,439.0,29.75439014925854
41.0,440.0,29.7334135123126
41.0,441.0,29.71647031569691
41.0,442.0,29.703677459959344
41.0,443.0,29.6951508154828
41.0,444.0,29.6910066072123
41.0,445.0,29.691362333368073
41.0,446.0,29.69633818631879
41.0,447.0,29.706057973337145
41.0,448.0,29.72065053657623
41.0,449.0,29.7402506460834
41.0,450.0,29.7650003954694
41.0,451.0,29.795050050053362
41.0,452.0,29.830559406153554
41.0,453.0,29.87169858716408
41.0,454.0,29.918649362733774
41.0,455.0,29.97160589236742
41.0,456.0,30.03077600593401
41.0,457.0,30.09638189806889
41.0,458.0,30.168661373627057
41.0,459.0,30.247868496989277
41.0,460.0,30.334274805550578
41.0,461.0,30.428169916318843
41.0,462.0,30.52986270760938
41.0,463.0,30.63968188134494
41.0,464.0,30.75797710804695
41.0,465.0,30.885119537182284
41.0,466.0,31.02150289342558
41.0,467.0,31.16754391931999
41.0,468.0,31.323683401649653
41.0,469.0,31.490386520558317
41.0,470.0,31.668143773648914
41.0,471.0,31.857471193441206
41.0,472.0,32.058911123399874
41.0,473.0,32.27303225110872
41.0,474.0,32.50043017474259
41.0,475.0,32.741727182562364
41.0,476.0,32.99757253043726
41.0,477.0,33.26864187937612
41.0,478.0,33.55563718487359
41.0,479.0,33.85928568367351
41.0,480.0,34.180339274671795
41.0,481.0,34.51957292495862
41.0,482.0,34.8777834011063
41.0,483.0,35.255786944505616
41.0,484.0,35.654417193315744
41.0,485.0,36.07452196094744
41.0,486.0,36.51696017610239
41.0,487.0,36.98259758996635
41.0,488.0,37.47230255932281
41.0,489.0,37.98694051303585
41.0,490.0,38.527368417347866
41.0,491.0,39.09442785740487
41.0,492.0,39.68893806199422
41.0,493.0,40.31168750909808
41.0,494.0,40.963425457623586
41.0,495.0,41.6448520753038
41.0,496.0,42.35660853494907
41.0,497.0,43.099265794937736
41.0,498.0,43.873313471979486
41.0,499.0,44.67914758131739
41.0,500.0,45.51705859602268
41.0,501.0,46.38721867074801
41.0,502.0,47.2896695289279
41.0,503.0,48.224309934243294
41.0,504.0,49.190884288812164
41.0,505.0,50.18897135025787
41.0,506.0,51.21797463851371
41.0,507.0,52.27711357904257
41.0,508.0,53.3654169527926
41.0,509.0,54.481717722988705
41.0,510.0,55.62465076560018
41.0,511.0,56.79265255325909
41.0,512.0,57.98396422283649
41.0,513.0,59.19663700584134
41.0,514.0,60.428541300294995
41.0,515.0,61.67737824635668
41.0,516.0,62.94069488831431
41.0,517.0,64.2159016391673
41.0,518.0,65.50029291342469
41.0,519.0,66.79106949818653
41.0,520.0,68.08536332331809
41.0,521.0,69.38026308968622
41.0,522.0,70.67284125852498
41.0,523.0,71.96018081683769
41.0,524.0,73.23940223789208
41.0,525.0,74.50768909376721
41.0,526.0,75.76231273873788
41.0,527.0,77.00065464858525
41.0,528.0,78.22022690815189
41.0,529.0,79.41868962729149
41.0,530.0,80.5938658982802
41.0,531.0,81.7437533047827
41.0,532.0,82.86653272858732
41.0,533.0,83.96057369378566
41.0,534.0,85.02443710709989
41.0,535.0,86.05687483413773
41.0,536.0,87.05682703865014
41.0,537.0,88.02341687800855
41.0,538.0,88.95594349587094
41.0,539.0,89.85387300794932
41.0,540.0,90.71682838311064
41.0,541.0,91.54457797414797
41.0,542.0,92.3370235193748
41.0,543.0,93.09418739610717
41.0,544.0,93.81619983785319
41.0,545.0,94.50328590554372
41.0,546.0,95.1557528009768
41.0,547.0,95.7739773172506
41.0,548.0,96.35839388769946
41.0,549.0,96.9094830370325
41.0,550.0,97.42776057418648
41.0,551.0,97.91376734962057
41.0,552.0,98.36805980336632
41.0,553.0,98.79120115810672
41.0,554.0,99.1837533805726
41.0,555.0,99.54626980967971
41.0,556.0,99.87928848135836
41.0,557.0,100.18332610391863
41.0,558.0,100.45887262876754
41.0,559.0,100.70638643501547
41.0,560.0,100.92628999400581
41.0,561.0,101.11896610414978
41.0,562.0,101.28475448788083
41.0,563.0,101.42394891816916
41.0,564.0,101.53679459525031
41.0,565.0,101.62348602167793
41.0,566.0,101.68416502712174
41.0,567.0,101.71891927407252
41.0,568.0,101.72778082780124
41.0,569.0,101.71072520628005
41.0,570.0,101.66767042604283
41.0,571.0,101.59847654511668
41.0,572.0,101.50294515211736
41.0,573.0,101.38081938851599
41.0,574.0,101.23178388670182
41.0,575.0,101.05546529685304
41.0,576.0,100.85143271918068
41.0,577.0,100.61919880038496
41.0,578.0,100.35822074519947
41.0,579.0,100.0679020871304
41.0,580.0,99.7475944037837
41.0,581.0,99.39659990504246
41.0,582.0,99.01417401382525
41.0,583.0,98.59952894990369
41.0,584.0,98.15183736995643
41.0,585.0,97.67023715341551
41.0,586.0,97.15383631870542
41.0,587.0,96.60171923371419
41.0,588.0,96.01295303287661
41.0,589.0,95.38659547204747
41.0,590.0,94.72170305556804
41.0,591.0,94.0173407245019
41.0,592.0,93.27259185422153
41.0,593.0,92.48656989573686
41.0,594.0,91.65843031192168
41.0,595.0,90.78738417339792
41.0,596.0,89.8727119553346
41.0,597.0,88.91377891347292
41.0,598.0,87.9100504571465
41.0,599.0,86.86110889447671
41.0,600.0,85.76666983221159
41.0,601.0,84.62659958883603
41.0,602.0,83.44093176182241
41.0,603.0,82.20988428523813
41.0,604.0,80.93387498091563
41.0,605.0,79.61353692365125
41.0,606.0,78.24973150502521
41.0,607.0,76.84356052419162
41.0,608.0,75.39637510932869
41.0,609.0,73.90978284873687
41.0,610.0,72.38565091094694
41.0,611.0,70.82610664311582
41.0,612.0,69.23353347308674
41.0,613.0,67.6105637830374
41.0,614.0,65.96006669889508
41.0,615.0,64.28513270500524
41.0,616.0,62.58905320589509
41.0,617.0,60.87529722606129
41.0,618.0,59.14748357465447
41.0,619.0,57.409350948270976
41.0,620.0,55.66472448675813
41.0,621.0,53.91748149110667
41.0,622.0,52.171514942646354
41.0,623.0,50.43069767908692
41.0,624.0,48.69884589152258
41.0,625.0,46.979684829347164
41.0,626.0,45.27681528934879
41.0,627.0,43.593683692236716
41.0,628.0,41.93355413568472
41.0,629.0,40.2994850539485
41.0,630.0,38.694308622376965
41.0,631.0,37.120615317084706
41.0,632.0,35.58074150056105
41.0,633.0,34.07676222428277
41.0,634.0,32.610486879221625
41.0,635.0,31.1834597056736
41.0,636.0,29.796962612642766
41.0,637.0,28.452022201094685
41.0,638.0,27.149418333880597
41.0,639.0,25.88969609743459
41.0,640.0,24.67317846147087
41.0,641.0,23.499981491695802
41.0,642.0,22.37002944235504
41.0,643.0,21.28307163570584
41.0,644.0,20.238698514211528
41.0,645.0,19.236358847597987
41.0,646.0,18.275375559349577
41.0,647.0,17.35496223577426
41.0,648.0,16.47423786576859
41.0,649.0,15.632241948762307
41.0,650.0,14.82794759715322
41.0,651.0,14.060274830801825
41.0,652.0,13.328101757282298
41.0,653.0,12.630275877974464
41.0,654.0,11.965623268604867
41.0,655.0,11.332957899081249
41.0,656.0,10.731088884483643
41.0,657.0,10.158827940790474
41.0,658.0,9.614994870981185
41.0,659.0,9.09842335043091
41.0,660.0,8.607964864217223
41.0,661.0,8.142493050010732
41.0,662.0,7.700906321961205
41.0,663.0,7.282131006005283
41.0,664.0,6.885122882857125
41.0,665.0,6.508869340000677
41.0,666.0,6.15239004961246
41.0,667.0,5.814738340414355
41.0,668.0,5.495001202145672
41.0,669.0,5.192300054317446
41.0,670.0,4.90579024164226
41.0,671.0,4.634661349264352
41.0,672.0,4.378136326342255
41.0,673.0,4.135471470892258
41.0,674.0,3.9059552933165835
41.0,675.0,3.688908269941795
41.0,676.0,3.4836815356552466
41.0,677.0,3.289656484184145
41.0,678.0,3.1062433595230665
41.0,679.0,2.9328807631520197
41.0,680.0,2.7690341976128
41.0,681.0,2.6141955260848473
41.0,682.0,2.467881508084343
41.0,683.0,2.3296332448244543
41.0,684.0,2.199014736243106
41.0,685.0,2.075612336016537
41.0,686.0,1.9590333506032898
41.0,687.0,1.848905520287489
41.0,688.0,1.7448756742937768
41.0,689.0,1.6466092484565287
41.0,690.0,1.5537890053760997
41.0,691.0,1.466114594923579
41.0,692.0,1.383301344574456
41.0,693.0,1.3050798656882638
41.0,694.0,1.2311949163159905
41.0,695.0,1.1614050538055407
41.0,696.0,1.095481570320053
41.0,697.0,1.0332081906193058
41.0,698.0,0.9743800790720567
41.0,699.0,0.9188035802921739
41.0,700.0,0.8662952954373395
41.0,701.0,0.8166818626098659
41.0,702.0,0.7697990995934249
41.0,703.0,0.7254918204615304
41.0,704.0,0.6836130415241318
41.0,705.0,0.6440238303425843
41.0,706.0,0.606592571469305
41.0,707.0,0.5711948439853516
41.0,708.0,0.5377127435649987
41.0,709.0,0.5060347846835676
41.0,710.0,0.4760552755834765
41.0,711.0,0.44767424140970363
41.0,712.0,0.42079684876328405
41.0,713.0,0.39533334618256943
41.0,714.0,0.3711985351207638
41.0,715.0,0.34831172438265995
41.0,716.0,0.32659624453715685
41.0,717.0,0.30597941312642146
41.0,718.0,0.2863920897095807
41.0,719.0,0.2677686488733778
41.0,720.0,0.2500465732901074
41.0,721.0,0.233166431767999
41.0,722.0,0.2170715078883777
41.0,723.0,0.20170778053474575
41.0,724.0,0.18702358584652393
41.0,725.0,0.1729695978543863
41.0,726.0,0.15949852164768485
41.0,727.0,0.14656507191757692
41.0,728.0,0.13412569538035252
41.0,729.0,0.12213854518776476
41.0,730.0,0.11056323077774471
41.0,731.0,0.09936078625224397
41.0,732.0,0.08849344593955746
41.0,733.0,0.07792460496351142
41.0,734.0,0.06761861889750766
41.0,735.0,0.057540754854936135
41.0,736.0,0.0476570136940228
41.0,737.0,0.037934070047995094
41.0,738.0,0.028339115601910297
41.0,739.0,0.01883978655253004
41.0,740.0,0.009404026523638767
41.0,741.0,0.0
