# r,z,V
0.0,0.0,0.0
0.0,1.0,0.0
0.0,2.0,0.0
0.0,3.0,0.0
0.0,4.0,0.0
0.0,5.0,0.0
0.0,6.0,0.0
0.0,7.0,0.0
0.0,8.0,0.0
0.0,9.0,0.0
0.0,10.0,0.0
0.0,11.0,0.0
0.0,12.0,0.0
0.0,13.0,0.0
0.0,14.0,0.0
0.0,15.0,0.0
0.0,16.0,0.0
0.0,17.0,0.0
0.0,18.0,0.0
0.0,19.0,0.0
0.0,20.0,0.0
0.0,21.0,0.0
0.0,22.0,0.0
0.0,23.0,0.0
0.0,24.0,0.0
0.0,25.0,0.0
0.0,26.0,0.0
0.0,27.0,0.0
0.0,28.0,0.0
0.0,29.0,0.0
0.0,30.0,0.0
0.0,31.0,0.0
0.0,32.0,0.0
0.0,33.0,0.0
0.0,34.0,0.0
0.0,35.0,0.0
0.0,36.0,0.0
0.0,37.0,0.0
0.0,38.0,0.0
0.0,39.0,0.0
0.0,40.0,0.0
0.0,41.0,0.0
0.0,42.0,0.0
0.0,43.0,0.0
0.0,44.0,0.0
0.0,45.0,0.0
0.0,46.0,0.0
0.0,47.0,0.0
0.0,48.0,0.0
0.0,49.0,0.0
0.0,50.0,0.0
0.0,51.0,0.0
0.0,52.0,0.0
0.0,53.0,0.0
0.0,54.0,0.0
0.0,55.0,0.0
0.0,56.0,0.0
0.0,57.0,0.0
0.0,58.0,0.0
0.0,59.0,0.0
0.0,60.0,0.0
0.0,61.0,0.0
0.0,62.0,0.0
0.0,63.0,0.0
0.0,64.0,0.0
0.0,65.0,0.0
0.0,66.0,0.0
0.0,67.0,0.0
0.0,68.0,0.0
0.0,69.0,0.0
0.0,70.0,0.0
0.0,71.0,0.0
0.0,72.0,0.0
0.0,73.0,0.0
0.0,74.0,0.0
0.0,75.0,0.0
0.0,76.0,0.0
0.0,77.0,0.0
0.0,78.0,0.0
0.0,79.0,0.0
0.0,80.0,0.0
0.0,81.0,0.0
0.0,82.0,0.0
0.0,83.0,0.0
0.0,84.0,0.0
0.0,85.0,0.0
0.0,86.0,0.0
0.0,87.0,0.0
0.0,88.0,0.0
0.0,89.0,0.0
0.0,90.0,0.0
0.0,91.0,0.0
0.0,92.0,0.0
0.0,93.0,0.0
0.0,94.0,0.0
0.0,95.0,0.0
0.0,96.0,0.0
0.0,97.0,0.0
0.0,98.0,0.0
0.0,99.0,0.0
0.0,100.0,0.0
0.0,101.0,0.0
0.0,102.0,0.0
0.0,103.0,0.0
0.0,104.0,0.0
0.0,105.0,0.0
0.0,106.0,0.0
0.0,107.0,0.0
0.0,108.0,0.0
0.0,109.0,0.0
0.0,110.0,0.0
0.0,111.0,0.0
0.0,112.0,0.0
0.0,113.0,0.0
0.0,114.0,0.0
0.0,115.0,0.0
0.0,116.0,0.0
0.0,117.0,0.0
0.0,118.0,0.0
0.0,119.0,0.0
0.0,120.0,0.0
0.0,121.0,35.0
0.0,122.0,35.0
0.0,123.0,35.0
0.0,124.0,35.0
0.0,125.0,35.0
0.0,126.0,35.0
0.0,127.0,35.0
0.0,128.0,35.0
0.0,129.0,35.0
0.0,130.0,35.0
0.0,131.0,35.0
0.0,132.0,35.0
0.0,133.0,35.0
0.0,134.0,35.0
0.0,135.0,35.0
0.0,136.0,35.0
0.0,137.0,35.0
0.0,138.0,35.0
0.0,139.0,35.0
0.0,140.0,35.0
0.0,141.0,35.0
0.0,142.0,35.0
0.0,143.0,35.0
0.0,144.0,35.0
0.0,145.0,35.0
0.0,146.0,35.0
0.0,147.0,35.0
0.0,148.0,35.0
0.0,149.0,35.0
0.0,150.0,35.0
0.0,151.0,35.0
0.0,152.0,35.0
0.0,153.0,35.0
0.0,154.0,35.0
0.0,155.0,35.0
0.0,156.0,35.0
0.0,157.0,35.0
0.0,158.0,35.0
0.0,159.0,35.0
0.0,160.0,35.0
0.0,161.0,35.0
0.0,162.0,35.0
0.0,163.0,35.0
0.0,164.0,35.0
0.0,165.0,35.0
0.0,166.0,35.0
0.0,167.0,35.0
0.0,168.0,35.0
0.0,169.0,35.0
0.0,170.0,35.0
0.0,171.0,35.0
0.0,172.0,35.0
0.0,173.0,35.0
0.0,174.0,35.0
0.0,175.0,35.0
0.0,176.0,35.0
0.0,177.0,35.0
0.0,178.0,35.0
0.0,179.0,35.0
0.0,180.0,35.0
0.0,181.0,35.0
0.0,182.0,35.0
0.0,183.0,35.0
0.0,184.0,35.0
0.0,185.0,35.0
0.0,186.0,35.0
0.0,187.0,35.0
0.0,188.0,35.0
0.0,189.0,35.0
0.0,190.0,35.0
0.0,191.0,35.0
0.0,192.0,35.0
0.0,193.0,35.0
0.0,194.0,35.0
0.0,195.0,35.0
0.0,196.0,35.0
0.0,197.0,35.0
0.0,198.0,35.0
0.0,199.0,35.0
0.0,200.0,35.0
0.0,201.0,35.0
0.0,202.0,35.0
0.0,203.0,35.0
0.0,204.0,35.0
0.0,205.0,35.0
0.0,206.0,35.0
0.0,207.0,35.0
0.0,208.0,35.0
0.0,209.0,35.0
0.0,210.0,35.0
0.0,211.0,35.0
0.0,212.0,35.0
0.0,213.0,35.0
0.0,214.0,35.0
0.0,215.0,35.0
0.0,216.0,35.0
0.0,217.0,35.0
0.0,218.0,35.0
0.0,219.0,35.0
0.0,220.0,35.0
0.0,221.0,34.0
0.0,222.0,34.0
0.0,223.0,34.0
0.0,224.0,34.0
0.0,225.0,34.0
0.0,226.0,34.0
0.0,227.0,34.0
0.0,228.0,34.0
0.0,229.0,34.0
0.0,230.0,34.0
0.0,231.0,34.0
0.0,232.0,34.0
0.0,233.0,34.0
0.0,234.0,34.0
0.0,235.0,34.0
0.0,236.0,34.0
0.0,237.0,34.0
0.0,238.0,34.0
0.0,239.0,34.0
0.0,240.0,34.0
0.0,241.0,34.0
0.0,242.0,34.0
0.0,243.0,34.0
0.0,244.0,34.0
0.0,245.0,34.0
0.0,246.0,34.0
0.0,247.0,34.0
0.0,248.0,34.0
0.0,249.0,34.0
0.0,250.0,34.0
0.0,251.0,34.0
0.0,252.0,34.0
0.0,253.0,34.0
0.0,254.0,34.0
0.0,255.0,34.0
0.0,256.0,34.0
0.0,257.0,34.0
0.0,258.0,34.0
0.0,259.0,34.0
0.0,260.0,34.0
0.0,261.0,34.0
0.0,262.0,34.0
0.0,263.0,34.0
0.0,264.0,34.0
0.0,265.0,34.0
0.0,266.0,34.0
0.0,267.0,34.0
0.0,268.0,34.0
0.0,269.0,34.0
0.0,270.0,34.0
0.0,271.0,34.0
0.0,272.0,34.0
0.0,273.0,34.0
0.0,274.0,34.0
0.0,275.0,34.0
0.0,276.0,34.0
0.0,277.0,34.0
0.0,278.0,34.0
0.0,279.0,34.0
0.0,280.0,34.0
0.0,281.0,34.0
0.0,282.0,34.0
0.0,283.0,34.0
0.0,284.0,34.0
0.0,285.0,34.0
0.0,286.0,34.0
0.0,287.0,34.0
0.0,288.0,34.0
0.0,289.0,34.0
0.0,290.0,34.0
0.0,291.0,34.0
0.0,292.0,34.0
0.0,293.0,34.0
0.0,294.0,34.0
0.0,295.0,34.0
0.0,296.0,34.0
0.0,297.0,34.0
0.0,298.0,34.0
0.0,299.0,34.0
0.0,300.0,34.0
0.0,301.0,34.0
0.0,302.0,34.0
0.0,303.0,34.0
0.0,304.0,34.0
0.0,305.0,34.0
0.0,306.0,34.0
0.0,307.0,34.0
0.0,308.0,34.0
0.0,309.0,34.0
0.0,310.0,34.0
0.0,311.0,34.0
0.0,312.0,34.0
0.0,313.0,34.0
0.0,314.0,34.0
0.0,315.0,34.0
0.0,316.0,34.0
0.0,317.0,34.0
0.0,318.0,34.0
0.0,319.0,34.0
0.0,320.0,34.0
0.0,321.0,33.0
0.0,322.0,33.0
0.0,323.0,33.0
0.0,324.0,33.0
0.0,325.0,33.0
0.0,326.0,33.0
0.0,327.0,33.0
0.0,328.0,33.0
0.0,329.0,33.0
0.0,330.0,33.0
0.0,331.0,33.0
0.0,332.0,33.0
0.0,333.0,33.0
0.0,334.0,33.0
0.0,335.0,33.0
0.0,336.0,33.0
0.0,337.0,33.0
0.0,338.0,33.0
0.0,339.0,33.0
0.0,340.0,33.0
0.0,341.0,33.0
0.0,342.0,33.0
0.0,343.0,33.0
0.0,344.0,33.0
0.0,345.0,33.0
0.0,346.0,33.0
0.0,347.0,33.0
0.0,348.0,33.0
0.0,349.0,33.0
0.0,350.0,33.0
0.0,351.0,33.0
0.0,352.0,33.0
0.0,353.0,33.0
0.0,354.0,33.0
0.0,355.0,33.0
0.0,356.0,33.0
0.0,357.0,33.0
0.0,358.0,33.0
0.0,359.0,33.0
0.0,360.0,33.0
0.0,361.0,33.0
0.0,362.0,33.0
0.0,363.0,33.0
0.0,364.0,33.0
0.0,365.0,33.0
0.0,366.0,33.0
0.0,367.0,33.0
0.0,368.0,33.0
0.0,369.0,33.0
0.0,370.0,33.0
0.0,371.0,33.0
0.0,372.0,33.0
0.0,373.0,33.0
0.0,374.0,33.0
0.0,375.0,33.0
0.0,376.0,33.0
0.0,377.0,33.0
0.0,378.0,33.0
0.0,379.0,33.0
0.0,380.0,33.0
0.0,381.0,33.0
0.0,382.0,33.0
0.0,383.0,33.0
0.0,384.0,33.0
0.0,385.0,33.0
0.0,386.0,33.0
0.0,387.0,33.0
0.0,388.0,33.0
0.0,389.0,33.0
0.0,390.0,33.0
0.0,391.0,33.0
0.0,392.0,33.0
0.0,393.0,33.0
0.0,394.0,33.0
0.0,395.0,33.0
0.0,396.0,33.0
0.0,397.0,33.0
0.0,398.0,33.0
0.0,399.0,33.0
0.0,400.0,33.0
0.0,401.0,33.0
0.0,402.0,33.0
0.0,403.0,33.0
0.0,404.0,33.0
0.0,405.0,33.0
0.0,406.0,33.0
0.0,407.0,33.0
0.0,408.0,33.0
0.0,409.0,33.0
0.0,410.0,33.0
0.0,411.0,33.0
0.0,412.0,33.0
0.0,413.0,33.0
0.0,414.0,33.0
0.0,415.0,33.0
0.0,416.0,33.0
0.0,417.0,33.0
0.0,418.0,33.0
0.0,419.0,33.0
0.0,420.0,33.0
0.0,421.0,28.0
0.0,422.0,28.0
0.0,423.0,28.0
0.0,424.0,28.0
0.0,425.0,28.0
0.0,426.0,28.0
0.0,427.0,28.0
0.0,428.0,28.0
0.0,429.0,28.0
0.0,430.0,28.0
0.0,431.0,28.0
0.0,432.0,28.0
0.0,433.0,28.0
0.0,434.0,28.0
0.0,435.0,28.0
0.0,436.0,28.0
0.0,437.0,28.0
0.0,438.0,28.0
0.0,439.0,28.0
0.0,440.0,28.0
0.0,441.0,28.0
0.0,442.0,28.0
0.0,443.0,28.0
0.0,444.0,28.0
0.0,445.0,28.0
0.0,446.0,28.0
0.0,447.0,28.0
0.0,448.0,28.0
0.0,449.0,28.0
0.0,450.0,28.0
0.0,451.0,28.0
0.0,452.0,28.0
0.0,453.0,28.0
0.0,454.0,28.0
0.0,455.0,28.0
0.0,456.0,28.0
0.0,457.0,28.0
0.0,458.0,28.0
0.0,459.0,28.0
0.0,460.0,28.0
0.0,461.0,28.0
0.0,462.0,28.0
0.0,463.0,28.0
0.0,464.0,28.0
0.0,465.0,28.0
0.0,466.0,28.0
0.0,467.0,28.0
0.0,468.0,28.0
0.0,469.0,28.0
0.0,470.0,28.0
0.0,471.0,28.0
0.0,472.0,28.0
0.0,473.0,28.0
0.0,474.0,28.0
0.0,475.0,28.0
0.0,476.0,28.0
0.0,477.0,28.0
0.0,478.0,28.0
0.0,479.0,28.0
0.0,480.0,28.0
0.0,481.0,28.0
0.0,482.0,28.0
0.0,483.0,28.0
0.0,484.0,28.0
0.0,485.0,28.0
0.0,486.0,28.0
0.0,487.0,28.0
0.0,488.0,28.0
0.0,489.0,28.0
0.0,490.0,28.0
0.0,491.0,28.0
0.0,492.0,28.0
0.0,493.0,28.0
0.0,494.0,28.0
0.0,495.0,28.0
0.0,496.0,28.0
0.0,497.0,28.0
0.0,498.0,28.0
0.0,499.0,28.0
0.0,500.0,28.0
0.0,501.0,28.0
0.0,502.0,28.0
0.0,503.0,28.0
0.0,504.0,28.0
0.0,505.0,28.0
0.0,506.0,28.0
0.0,507.0,28.0
0.0,508.0,28.0
0.0,509.0,28.0
0.0,510.0,28.0
0.0,511.0,28.0
0.0,512.0,28.0
0.0,513.0,28.0
0.0,514.0,28.0
0.0,515.0,28.0
0.0,516.0,28.0
0.0,517.0,28.0
0.0,518.0,28.0
0.0,519.0,28.0
0.0,520.0,28.0
0.0,521.0,80.0
0.0,522.0,80.0
0.0,523.0,80.0
0.0,524.0,80.0
0.0,525.0,80.0
0.0,526.0,80.0
0.0,527.0,80.0
0.0,528.0,80.0
0.0,529.0,80.0
0.0,530.0,80.0
0.0,531.0,80.0
0.0,532.0,80.0
0.0,533.0,80.0
0.0,534.0,80.0
0.0,535.0,80.0
0.0,536.0,80.0
0.0,537.0,80.0
0.0,538.0,80.0
0.0,539.0,80.0
0.0,540.0,80.0
0.0,541.0,80.0
0.0,542.0,80.0
0.0,543.0,80.0
0.0,544.0,80.0
0.0,545.0,80.0
0.0,546.0,80.0
0.0,547.0,80.0
0.0,548.0,80.0
0.0,549.0,80.0
0.0,550.0,80.0
0.0,551.0,80.0
0.0,552.0,80.0
0.0,553.0,80.0
0.0,554.0,80.0
0.0,555.0,80.0
0.0,556.0,80.0
0.0,557.0,80.0
0.0,558.0,80.0
0.0,559.0,80.0
0.0,560.0,80.0
0.0,561.0,80.0
0.0,562.0,80.0
0.0,563.0,80.0
0.0,564.0,80.0
0.0,565.0,80.0
0.0,566.0,80.0
0.0,567.0,80.0
0.0,568.0,80.0
0.0,569.0,80.0
0.0,570.0,80.0
0.0,571.0,80.0
0.0,572.0,80.0
0.0,573.0,80.0
0.0,574.0,80.0
0.0,575.0,80.0
0.0,576.0,80.0
0.0,577.0,80.0
0.0,578.0,80.0
0.0,579.0,80.0
0.0,580.0,80.0
0.0,581.0,80.0
0.0,582.0,80.0
0.0,583.0,80.0
0.0,584.0,80.0
0.0,585.0,80.0
0.0,586.0,80.0
0.0,587.0,80.0
0.0,588.0,80.0
0.0,589.0,80.0
0.0,590.0,80.0
0.0,591.0,80.0
0.0,592.0,80.0
0.0,593.0,80.0
0.0,594.0,80.0
0.0,595.0,80.0
0.0,596.0,80.0
0.0,597.0,80.0
0.0,598.0,80.0
0.0,599.0,80.0
0.0,600.0,80.0
0.0,601.0,80.0
0.0,602.0,80.0
0.0,603.0,80.0
0.0,604.0,80.0
0.0,605.0,80.0
0.0,606.0,80.0
0.0,607.0,80.0
0.0,608.0,80.0
0.0,609.0,80.0
0.0,610.0,80.0
0.0,611.0,80.0
0.0,612.0,80.0
0.0,613.0,80.0
0.0,614.0,80.0
0.0,615.0,80.0
0.0,616.0,80.0
0.0,617.0,80.0
0.0,618.0,80.0
0.0,619.0,80.0
0.0,620.0,80.0
0.0,621.0,0.0
0.0,622.0,0.0
0.0,623.0,0.0
0.0,624.0,0.0
0.0,625.0,0.0
0.0,626.0,0.0
0.0,627.0,0.0
0.0,628.0,0.0
0.0,629.0,0.0
0.0,630.0,0.0
0.0,631.0,0.0
0.0,632.0,0.0
0.0,633.0,0.0
0.0,634.0,0.0
0.0,635.0,0.0
0.0,636.0,0.0
0.0,637.0,0.0
0.0,638.0,0.0
0.0,639.0,0.0
0.0,640.0,0.0
0.0,641.0,0.0
0.0,642.0,0.0
0.0,643.0,0.0
0.0,644.0,0.0
0.0,645.0,0.0
0.0,646.0,0.0
0.0,647.0,0.0
0.0,648.0,0.0
0.0,649.0,0.0
0.0,650.0,0.0
0.0,651.0,0.0
0.0,652.0,0.0
0.0,653.0,0.0
0.0,654.0,0.0
0.0,655.0,0.0
0.0,656.0,0.0
0.0,657.0,0.0
0.0,658.0,0.0
0.0,659.0,0.0
0.0,660.0,0.0
0.0,661.0,0.0
0.0,662.0,0.0
0.0,663.0,0.0
0.0,664.0,0.0
0.0,665.0,0.0
0.0,666.0,0.0
0.0,667.0,0.0
0.0,668.0,0.0
0.0,669.0,0.0
0.0,670.0,0.0
0.0,671.0,0.0
0.0,672.0,0.0
0.0,673.0,0.0
0.0,674.0,0.0
0.0,675.0,0.0
0.0,676.0,0.0
0.0,677.0,0.0
0.0,678.0,0.0
0.0,679.0,0.0
0.0,680.0,0.0
0.0,681.0,0.0
0.0,682.0,0.0
0.0,683.0,0.0
0.0,684.0,0.0
0.0,685.0,0.0
0.0,686.0,0.0
0.0,687.0,0.0
0.0,688.0,0.0
0.0,689.0,0.0
0.0,690.0,0.0
0.0,691.0,0.0
0.0,692.0,0.0
0.0,693.0,0.0
0.0,694.0,0.0
0.0,695.0,0.0
0.0,696.0,0.0
0.0,697.0,0.0
0.0,698.0,0.0
0.0,699.0,0.0
0.0,700.0,0.0
0.0,701.0,0.0
0.0,702.0,0.0
0.0,703.0,0.0
0.0,704.0,0.0
0.0,705.0,0.0
0.0,706.0,0.0
0.0,707.0,0.0
0.0,708.0,0.0
0.0,709.0,0.0
0.0,710.0,0.0
0.0,711.0,0.0
0.0,712.0,0.0
0.0,713.0,0.0
0.0,714.0,0.0
0.0,715.0,0.0
0.0,716.0,0.0
0.0,717.0,0.0
0.0,718.0,0.0
0.0,719.0,0.0
0.0,720.0,0.0
0.0,721.0,0.0
0.0,722.0,0.0
0.0,723.0,0.0
0.0,724.0,0.0
0.0,725.0,0.0
0.0,726.0,0.0
0.0,727.0,0.0
0.0,728.0,0.0
0.0,729.0,0.0
0.0,730.0,0.0
0.0,731.0,0.0
0.0,732.0,0.0
0.0,733.0,0.0
0.0,734.0,0.0
0.0,735.0,0.0
0.0,736.0,0.0
0.0,737.0,0.0
0.0,738.0,0.0
0.0,739.0,0.0
0.0,740.0,0.0
0.0,741.0,0.0
1.0,0.0,0.0
1.0,1.0,9.114221566981857e-05
1.0,2.0,0.00018259314239759634
1.0,3.0,0.00027466247987727974
1.0,4.0,0.00036766212795164954
1.0,5.0,0.0004619069668581378
1.0,6.0,0.0005577163061208623
1.0,7.0,0.0006554144711045483
1.0,8.0,0.0007553325040316391
1.0,9.0,0.0008578085719860917
1.0,10.0,0.0009631899352790856
1.0,11.0,0.0010718331927301124
1.0,12.0,0.0011841065333284143
1.0,13.0,0.001300389835562842
1.0,14.0,0.0014210772193139953
1.0,15.0,0.0015465770172297152
1.0,16.0,0.0016773146450604578
1.0,17.0,0.0018137324646147431
1.0,18.0,0.001956292992351484
1.0,19.0,0.002105478675339179
1.0,20.0,0.0022617954598878787
1.0,21.0,0.0024257725042284724
1.0,22.0,0.0025979661313602666
1.0,23.0,0.0027789595049272637
1.0,24.0,0.002969366993346996
1.0,25.0,0.0031698338386713086
1.0,26.0,0.003381040962539543
1.0,27.0,0.0036037046617759263
1.0,28.0,0.0038385818908914155
1.0,29.0,0.004086470022919909
1.0,30.0,0.0043482126482255554
1.0,31.0,0.0046246994447827604
1.0,32.0,0.004916872539117431
1.0,33.0,0.005225726537104192
1.0,34.0,0.005552315500221303
1.0,35.0,0.005897753196245262
1.0,36.0,0.006263220752938546
1.0,37.0,0.006649967198117612
1.0,38.0,0.007059317863818084
1.0,39.0,0.007492675297550022
1.0,40.0,0.007951528503412297
1.0,41.0,0.00843745432151702
1.0,42.0,0.00895212760912485
1.0,43.0,0.009497323203985986
1.0,44.0,0.010074927169219497
1.0,45.0,0.010686939479688077
1.0,46.0,0.011335486480202588
1.0,47.0,0.012022824463349851
1.0,48.0,0.012751353523197296
1.0,49.0,0.013523622229989292
1.0,50.0,0.01434234310289041
1.0,51.0,0.015210398634008184
1.0,52.0,0.016130858656571247
1.0,53.0,0.017106988030984843
1.0,54.0,0.018142266252864636
1.0,55.0,0.019240397191560354
1.0,56.0,0.02040533137064397
1.0,57.0,0.021641278250372757
1.0,58.0,0.022952731728384308
1.0,59.0,0.024344485589917395
1.0,60.0,0.025821662928008447
1.0,61.0,0.027389735560038653
1.0,62.0,0.029054558267760457
1.0,63.0,0.030822393211406576
1.0,64.0,0.03269995015881847
1.0,65.0,0.03469441724085742
1.0,66.0,0.03681350870192233
1.0,67.0,0.03906550376405517
1.0,68.0,0.04145930392580822
1.0,69.0,0.04400448228249128
1.0,70.0,0.04671135308134406
1.0,71.0,0.049591034648078194
1.0,72.0,0.05265553485419558
1.0,73.0,0.05591783192366147
1.0,74.0,0.059391980803437654
1.0,75.0,0.06309321771691306
1.0,76.0,0.06703809433419297
1.0,77.0,0.07124461422759204
1.0,78.0,0.07573240449636012
1.0,79.0,0.0805228956174219
1.0,80.0,0.08563954423412637
1.0,81.0,0.09110807284347369
1.0,82.0,0.0969567635224305
1.0,83.0,0.10321678136039643
1.0,84.0,0.10992256813695277
1.0,85.0,0.11711228490275356
1.0,86.0,0.12482834899807332
1.0,87.0,0.1331180492685018
1.0,88.0,0.1420342926978062
1.0,89.0,0.15163647489101922
1.0,90.0,0.16199153996721763
1.0,91.0,0.1731752372064566
1.0,92.0,0.1852736606504065
1.0,93.0,0.19838510518986216
1.0,94.0,0.2126223613087024
1.0,95.0,0.2281155293966443
1.0,96.0,0.24501554123458008
1.0,97.0,0.26349855853523013
1.0,98.0,0.2837715608646749
1.0,99.0,0.30607946759906035
1.0,100.0,0.33071435676815325
1.0,101.0,0.3580274877203379
1.0,102.0,0.38844522504094287
1.0,103.0,0.42249037139411405
1.0,104.0,0.46081123162162474
1.0,105.0,0.5042218277904391
1.0,106.0,0.5537586452445996
1.0,107.0,0.6107623470983701
1.0,108.0,0.6769983182002383
1.0,109.0,0.7548392893393082
1.0,110.0,0.8475507636583527
1.0,111.0,0.959753321044695
1.0,112.0,1.098203505684579
1.0,113.0,1.2731795937756305
1.0,114.0,1.5010895787003449
1.0,115.0,1.8097343546291562
1.0,116.0,2.2498409766571035
1.0,117.0,2.922843738773231
1.0,118.0,4.055135629478403
1.0,119.0,6.2190016742145735
1.0,120.0,11.061287869342673
1.0,121.0,23.938305509786485
1.0,122.0,28.78059119957164
1.0,123.0,30.944456231900816
1.0,124.0,32.07674659968563
1.0,125.0,32.74974732318013
1.0,126.0,33.18985138393711
1.0,127.0,33.49849306721654
1.0,128.0,33.72639941756698
1.0,129.0,33.901371316763175
1.0,130.0,34.039816743891016
1.0,131.0,34.152013958907
1.0,132.0,34.24471948774415
1.0,133.0,34.3225538899678
1.0,134.0,34.388782646245744
1.0,135.0,34.44577846266783
1.0,136.0,34.49530669705698
1.0,137.0,34.53870798308791
1.0,138.0,34.57701877412972
1.0,139.0,34.611053057632695
1.0,140.0,34.64145910103752
1.0,141.0,34.66875966669508
1.0,142.0,34.693381075798975
1.0,143.0,34.7156745410747
1.0,144.0,34.73593209050519
1.0,145.0,34.75439858981402
1.0,146.0,34.77128096108606
1.0,147.0,34.78675530450817
1.0,148.0,34.8009724860331
1.0,149.0,34.81406253566373
1.0,150.0,34.826138168640426
1.0,151.0,34.83729759944919
1.0,152.0,34.847626836220115
1.0,153.0,34.85720153645271
1.0,154.0,34.866088546214414
1.0,155.0,34.87434715635591
1.0,156.0,34.88203016193365
1.0,157.0,34.88918473217728
1.0,158.0,34.89585315656898
1.0,159.0,34.90207345944117
1.0,160.0,34.90787993633911
1.0,161.0,34.91330359585759
1.0,162.0,34.91837255253574
1.0,163.0,34.92311234938864
1.0,164.0,34.92754625069109
1.0,165.0,34.93169548056815
1.0,166.0,34.935579444638854
1.0,167.0,34.939215908522804
1.0,168.0,34.942621168060555
1.0,169.0,34.94581018410931
1.0,170.0,34.94879671497317
1.0,171.0,34.951593418889914
1.0,172.0,34.95421195822245
1.0,173.0,34.95666307766864
1.0,174.0,34.95895668696887
1.0,175.0,34.9611019205367
1.0,176.0,34.963107203477676
1.0,177.0,34.964980296680146
1.0,178.0,34.96672834952659
1.0,179.0,34.96835793326473
1.0,180.0,34.96987508272894
1.0,181.0,34.9712853198677
1.0,182.0,34.97259368593832
1.0,183.0,34.9738047562734
1.0,184.0,34.974922663653366
1.0,185.0,34.975951104642334
1.0,186.0,34.976893354069425
1.0,187.0,34.97775226243521
1.0,188.0,34.978530260509885
1.0,189.0,34.97922934624581
1.0,190.0,34.9798510772321
1.0,191.0,34.980396543994964
1.0,192.0,34.98086634610218
1.0,193.0,34.981260546246794
1.0,194.0,34.98157862256598
1.0,195.0,34.98181939364519
1.0,196.0,34.98198093392288
1.0,197.0,34.98206045203955
1.0,198.0,34.98205414561503
1.0,199.0,34.98195700064382
1.0,200.0,34.98176254117028
1.0,201.0,34.98146248772462
1.0,202.0,34.98104631424667
1.0,203.0,34.980500639743035
1.0,204.0,34.97980840875035
1.0,205.0,34.97894774286303
1.0,206.0,34.97789032938177
1.0,207.0,34.97659908661759
1.0,208.0,34.97502472894544
1.0,209.0,34.973100548541595
1.0,210.0,34.970734268800605
1.0,211.0,34.96779483485639
1.0,212.0,34.964090110331135
1.0,213.0,34.95932728290176
1.0,214.0,34.95303835768748
1.0,215.0,34.944429779271886
1.0,216.0,34.93205291671631
1.0,217.0,34.91301031698491
1.0,218.0,34.880834241044205
1.0,219.0,34.819174281013545
1.0,220.0,34.68097825359464
1.0,221.0,34.31320921753077
1.0,222.0,34.17499519302421
1.0,223.0,34.11329917761197
1.0,224.0,34.081068865218
1.0,225.0,34.06195366346579
1.0,226.0,34.04948558600841
1.0,227.0,34.040766869377805
1.0,228.0,34.03434850723899
1.0,229.0,34.029436503342936
1.0,230.0,34.02556235392916
1.0,231.0,34.02243266907932
1.0,232.0,34.01985466270028
1.0,233.0,34.01769655719088
1.0,234.0,34.01586527595441
1.0,235.0,34.01429323274324
1.0,236.0,34.01293017995838
1.0,237.0,34.01173798887532
1.0,238.0,34.010687208637506
1.0,239.0,34.00975472964133
1.0,240.0,34.008922165104295
1.0,241.0,34.008174700176916
1.0,242.0,34.0075002642099
1.0,243.0,34.006888919388246
1.0,244.0,34.00633240822568
1.0,245.0,34.00582380823475
1.0,246.0,34.005357270794185
1.0,247.0,34.00492781586893
1.0,248.0,34.00453117442138
1.0,249.0,34.004163660970086
1.0,250.0,34.003822074847335
1.0,251.0,34.00350361804318
1.0,252.0,34.0032058313181
1.0,253.0,34.00292653943919
1.0,254.0,34.00266380867107
1.0,255.0,34.00241590914325
1.0,256.0,34.002181285844046
1.0,257.0,34.00195853201203
1.0,258.0,34.001746368868126
1.0,259.0,34.0015436262735
1.0,260.0,34.00134922822445
1.0,261.0,34.00116217839303
1.0,262.0,34.00098154947084
1.0,263.0,34.00080647203444
1.0,264.0,34.00063612647002
1.0,265.0,34.00046973411307
1.0,266.0,34.00030655088616
1.0,267.0,34.00014585997813
1.0,268.0,33.99998696657687
1.0,269.0,33.99982919155012
1.0,270.0,33.99967186680837
1.0,271.0,33.99951432956772
1.0,272.0,33.99935591796665
1.0,273.0,33.99919596555442
1.0,274.0,33.99903379682586
1.0,275.0,33.998868721598555
1.0,276.0,33.99870003012965
1.0,277.0,33.998526987025066
1.0,278.0,33.99834882556141
1.0,279.0,33.99816474070705
1.0,280.0,33.9979738821833
1.0,281.0,33.99777534605882
1.0,282.0,33.997568165930105
1.0,283.0,33.9973513023537
1.0,284.0,33.99712363127621
1.0,285.0,33.99688393025233
1.0,286.0,33.996630862854026
1.0,287.0,33.996362960114716
1.0,288.0,33.99607859900081
1.0,289.0,33.9957759766962
1.0,290.0,33.99545308015734
1.0,291.0,33.99510764947807
1.0,292.0,33.99473713375917
1.0,293.0,33.994338637443576
1.0,294.0,33.99390885462056
1.0,295.0,33.99344398806691
1.0,296.0,33.99293964850351
1.0,297.0,33.992390728445436
1.0,298.0,33.991791242413456
1.0,299.0,33.99113412303515
1.0,300.0,33.99041095750701
1.0,301.0,33.98961164372966
1.0,302.0,33.98872393518403
1.0,303.0,33.98773283110822
1.0,304.0,33.98661974592468
1.0,305.0,33.98536135996548
1.0,306.0,33.983927997968664
1.0,307.0,33.98228129413894
1.0,308.0,33.980370747826726
1.0,309.0,33.978128505482054
1.0,310.0,33.97546120538499
1.0,311.0,33.97223676875935
1.0,312.0,33.968262088447574
1.0,313.0,33.963243435374686
1.0,314.0,33.956711944409726
1.0,315.0,33.94787323752972
1.0,316.0,33.935277901799125
1.0,317.0,33.91602774412905
1.0,318.0,33.8836543207871
1.0,319.0,33.82180655602897
1.0,320.0,33.683431629340625
1.0,321.0,33.315491994486315
1.0,322.0,33.17711509310396
1.0,323.0,33.11526337224283
1.0,324.0,33.08288399792629
1.0,325.0,33.06362587416892
1.0,326.0,33.05102053012014
1.0,327.0,33.042169738633255
1.0,328.0,33.03562404560971
1.0,329.0,33.03058902466202
1.0,330.0,33.02659575485857
1.0,331.0,33.02335044375482
1.0,332.0,33.020659912947906
1.0,333.0,33.01839200436731
1.0,334.0,33.016453268566885
1.0,335.0,33.014775755619375
1.0,336.0,33.01330885938276
1.0,337.0,33.01201409918257
1.0,338.0,33.01086167493898
1.0,339.0,33.00982813189513
1.0,340.0,33.00889473846558
1.0,341.0,33.00804633655827
1.0,342.0,33.00727051024763
1.0,343.0,33.00655697546441
1.0,344.0,33.00589712399943
1.0,345.0,33.00528367905246
1.0,346.0,33.00471043068783
1.0,347.0,33.00417203123133
1.0,348.0,33.00366383432156
1.0,349.0,33.00318176791476
1.0,350.0,33.00272223220354
1.0,351.0,33.00228201764299
1.0,352.0,33.00185823770916
1.0,353.0,33.00144827401367
1.0,354.0,33.001049730381894
1.0,355.0,33.00066039474684
1.0,356.0,33.000278206619235
1.0,357.0,32.999901229594506
1.0,358.0,32.99952762738443
1.0,359.0,32.99915564310588
1.0,360.0,32.998783580816685
1.0,361.0,32.9984097891088
1.0,362.0,32.99803264613024
1.0,363.0,32.997650545804795
1.0,364.0,32.997261884937565
1.0,365.0,32.99686505085548
1.0,366.0,32.99645840955291
1.0,367.0,32.996040293815255
1.0,368.0,32.99560899155467
1.0,369.0,32.99516273360948
1.0,370.0,32.994699681496364
1.0,371.0,32.99421791410515
1.0,372.0,32.993715414074295
1.0,373.0,32.99319005253579
1.0,374.0,32.992639573209146
1.0,375.0,32.99206157418884
1.0,376.0,32.99145348863464
1.0,377.0,32.99081256231295
1.0,378.0,32.990135829405574
1.0,379.0,32.989420084071796
1.0,380.0,32.98866184934584
1.0,381.0,32.98785734030272
1.0,382.0,32.987002423168406
1.0,383.0,32.986092566622574
1.0,384.0,32.9851227869396
1.0,385.0,32.98408758233202
1.0,386.0,32.98298085789769
1.0,387.0,32.981795835333514
1.0,388.0,32.98052494820325
1.0,389.0,32.97915971519443
1.0,390.0,32.97769059088863
1.0,391.0,32.97610678384529
1.0,392.0,32.97439603908917
1.0,393.0,32.972544370540746
1.0,394.0,32.9705357358698
1.0,395.0,32.96835163200873
1.0,396.0,32.965970595001444
1.0,397.0,32.96336756916464
1.0,398.0,32.96051311197864
1.0,399.0,32.95737237415251
1.0,400.0,32.953903786063904
1.0,401.0,32.950057337685614
1.0,402.0,32.94577230741731
1.0,403.0,32.940974211950866
1.0,404.0,32.935570658202636
1.0,405.0,32.92944559568866
1.0,406.0,32.92245121417269
1.0,407.0,32.914396267523145
1.0,408.0,32.90502885766743
1.0,409.0,32.89401034275794
1.0,410.0,32.880874566799925
1.0,411.0,32.86496181349852
1.0,412.0,32.84530725605054
1.0,413.0,32.82044298766623
1.0,414.0,32.78802545776256
1.0,415.0,32.74408358595195
1.0,416.0,32.681371159324954
1.0,417.0,32.585398104429196
1.0,418.0,32.423823142736
1.0,419.0,32.11489188204809
1.0,420.0,31.423341261196835
1.0,421.0,29.58398464365563
1.0,422.0,28.892460394614947
1.0,423.0,28.583581967231666
1.0,424.0,28.422086480200917
1.0,425.0,28.326219811661137
1.0,426.0,28.2636410453873
1.0,427.0,28.219860562793816
1.0,428.0,28.18763270091304
1.0,429.0,28.162987025297546
1.0,430.0,28.143580730858506
1.0,431.0,28.127946757143917
1.0,432.0,28.11512122917203
1.0,433.0,28.104445489661046
1.0,434.0,28.095454554600153
1.0,435.0,28.087811069291348
1.0,436.0,28.081264544966135
1.0,437.0,28.075625269720298
1.0,438.0,28.070747100755575
1.0,439.0,28.06651579168767
1.0,440.0,28.06284089989152
1.0,441.0,28.05965004314342
1.0,442.0,28.05688476279842
1.0,443.0,28.054497478902576
1.0,444.0,28.052449231988113
1.0,445.0,28.050707969428604
1.0,446.0,28.04924724677093
1.0,447.0,28.04804521565863
1.0,448.0,28.047083845804202
1.0,449.0,28.04634830374342
1.0,450.0,28.045826472279412
1.0,451.0,28.045508557701556
1.0,452.0,28.045386787152573
1.0,453.0,28.045455155347717
1.0,454.0,28.045709233002114
1.0,455.0,28.04614600237565
1.0,456.0,28.04676373805181
1.0,457.0,28.047561901570855
1.0,458.0,28.04854107159174
1.0,459.0,28.049702879841746
1.0,460.0,28.0510499768896
1.0,461.0,28.05258599879435
1.0,462.0,28.054315560355004
1.0,463.0,28.056244246351028
1.0,464.0,28.058378627802256
1.0,465.0,28.060726274741043
1.0,466.0,28.06329579360875
1.0,467.0,28.066096860771324
1.0,468.0,28.06914028123311
1.0,469.0,28.072438044036282
1.0,470.0,28.076003404350395
1.0,471.0,28.079850963795554
1.0,472.0,28.083996779953193
1.0,473.0,28.088458476799207
1.0,474.0,28.093255388058694
1.0,475.0,28.098408705628657
1.0,476.0,28.10394166630204
1.0,477.0,28.109879749687405
1.0,478.0,28.11625092211563
1.0,479.0,28.12308590068343
1.0,480.0,28.130418474315277
1.0,481.0,28.138285858023522
1.0,482.0,28.146729120204085
1.0,483.0,28.155793662383065
1.0,484.0,28.16552979562318
1.0,485.0,28.17599339816436
1.0,486.0,28.18724670522687
1.0,487.0,28.199359223864175
1.0,488.0,28.212408834485498
1.0,489.0,28.22648308557481
1.0,490.0,28.241680760807718
1.0,491.0,28.258113748021078
1.0,492.0,28.275909319126118
1.0,493.0,28.295212890124848
1.0,494.0,28.31619142296097
1.0,495.0,28.339037609576096
1.0,496.0,28.36397509629294
1.0,497.0,28.39126502192397
1.0,498.0,28.421214312176478
1.0,499.0,28.454186264280647
1.0,500.0,28.490614235744527
1.0,501.0,28.531019510299938
1.0,502.0,28.576034948273374
1.0,503.0,28.626436685028068
1.0,504.0,28.683187303635545
1.0,505.0,28.747495587083996
1.0,506.0,28.820900818127573
1.0,507.0,28.905394187988882
1.0,508.0,29.003597881340866
1.0,509.0,29.119036408158316
1.0,510.0,29.25656065653121
1.0,511.0,29.42303474947912
1.0,512.0,29.62849621103888
1.0,513.0,29.888214825814963
1.0,514.0,30.226567349635275
1.0,515.0,30.684857101335623
1.0,516.0,31.338449081419064
1.0,517.0,32.338044721202145
1.0,518.0,34.01999831991112
1.0,519.0,37.234560872431416
1.0,520.0,44.42847390220585
1.0,521.0,63.55968446694907
1.0,522.0,70.7535600189005
1.0,523.0,73.96804748831694
1.0,524.0,75.64988814296943
1.0,525.0,76.64933259354348
1.0,526.0,77.30273462426103
1.0,527.0,77.76079501998484
1.0,528.0,78.09887799949422
1.0,529.0,78.35828596362099
1.0,530.0,78.5633946085035
1.0,531.0,78.72947251594296
1.0,532.0,78.86655585701
1.0,533.0,78.9815072496762
1.0,534.0,79.07917591612954
1.0,535.0,79.16308453708412
1.0,536.0,79.23585329399576
1.0,537.0,79.29947119770206
1.0,538.0,79.35547516085238
1.0,539.0,79.40507140254053
1.0,540.0,79.44921973348782
1.0,541.0,79.48869330313651
1.0,542.0,79.52412175534175
1.0,543.0,79.55602292042407
1.0,544.0,79.5848264460024
1.0,545.0,79.6108916549929
1.0,546.0,79.63452121196569
1.0,547.0,79.6559716979213
1.0,548.0,79.67546187906268
1.0,549.0,79.69317923271929
1.0,550.0,79.70928514239864
1.0,551.0,79.72391906679378
1.0,552.0,79.73720190802534
1.0,553.0,79.74923875308347
1.0,554.0,79.7601211151293
1.0,555.0,79.76992877953488
1.0,556.0,79.77873132647002
1.0,557.0,79.78658939728926
1.0,558.0,79.79355574444286
1.0,559.0,79.79967611126317
1.0,560.0,79.80498996158636
1.0,561.0,79.80953109388456
1.0,562.0,79.81332814700089
1.0,563.0,79.8164050257391
1.0,564.0,79.81878124450068
1.0,565.0,79.82047221386237
1.0,566.0,79.82148946171677
1.0,567.0,79.82184081232212
1.0,568.0,79.82153050968903
1.0,569.0,79.82055930816604
1.0,570.0,79.8189245122491
1.0,571.0,79.81661998858031
1.0,572.0,79.81363612816621
1.0,573.0,79.80995978213886
1.0,574.0,79.80557414521941
1.0,575.0,79.80045861054967
1.0,576.0,79.79458856605116
1.0,577.0,79.7879351560372
1.0,578.0,79.78046497383002
1.0,579.0,79.77213970856411
1.0,580.0,79.76291570674724
1.0,581.0,79.7527434701634
1.0,582.0,79.74156704419153
1.0,583.0,79.72932331478545
1.0,584.0,79.71594115950883
1.0,585.0,79.70134046466667
1.0,586.0,79.68543094161768
1.0,587.0,79.66811074333421
1.0,588.0,79.64926479584703
1.0,589.0,79.62876282654501
1.0,590.0,79.60645697488681
1.0,591.0,79.58217893417395
1.0,592.0,79.555736461891
1.0,593.0,79.52690914819105
1.0,594.0,79.49544319694031
1.0,595.0,79.46104500141536
1.0,596.0,79.42337311862546
1.0,597.0,79.382028221821
1.0,598.0,79.33654034920211
1.0,599.0,79.28635262975206
1.0,600.0,79.23080023069758
1.0,601.0,79.16908288030132
1.0,602.0,79.1002284877103
1.0,603.0,79.02304438416918
1.0,604.0,78.93605090666664
1.0,605.0,78.83738947884953
1.0,606.0,78.72469292031434
1.0,607.0,78.59489867084193
1.0,608.0,78.44397327472434
1.0,609.0,78.26649495356232
1.0,610.0,78.05500121538641
1.0,611.0,77.79893215791398
1.0,612.0,77.48284559413449
1.0,613.0,77.08324958181016
1.0,614.0,76.5626413250979
1.0,615.0,75.85747703878957
1.0,616.0,74.85181022069204
1.0,617.0,73.31379204273226
1.0,618.0,70.72595374726522
1.0,619.0,65.78021614774597
1.0,620.0,54.71236064530179
1.0,621.0,25.27939076300922
1.0,622.0,14.211509272608255
1.0,623.0,9.26571960878814
1.0,624.0,6.677802995386976
1.0,625.0,5.139679979431256
1.0,626.0,4.133881446159269
1.0,627.0,3.4285581192059826
1.0,628.0,2.9077629543114187
1.0,629.0,2.5079515296656125
1.0,630.0,2.1916203146098936
1.0,631.0,1.935276532807013
1.0,632.0,1.7234770590650101
1.0,633.0,1.5456609474065142
1.0,634.0,1.3943645506824374
1.0,635.0,1.2641648219697585
1.0,636.0,1.1510269164770333
1.0,637.0,1.0518867619705174
1.0,638.0,0.9643755345525806
1.0,639.0,0.8866328799072604
1.0,640.0,0.8171772126001513
1.0,641.0,0.7548137932550684
1.0,642.0,0.6985683006289863
1.0,643.0,0.6476380681790717
1.0,644.0,0.6013556905909891
1.0,645.0,0.5591615408194499
1.0,646.0,0.5205827022712505
1.0,647.0,0.4852166875389101
1.0,648.0,0.45271866961689594
1.0,649.0,0.42279142566420397
1.0,650.0,0.3951772912984774
1.0,651.0,0.36965172553177406
1.0,652.0,0.3460180688515775
1.0,653.0,0.3241032984685889
1.0,654.0,0.30375451225687244
1.0,655.0,0.2848360542357545
1.0,656.0,0.2672270948122689
1.0,657.0,0.25081963900820065
1.0,658.0,0.235516822561695
1.0,659.0,0.22123150370771447
1.0,660.0,0.20788503824330276
1.0,661.0,0.19540626598665647
1.0,662.0,0.18373061333192267
1.0,663.0,0.17279935213159411
1.0,664.0,0.1625589305728668
1.0,665.0,0.15296042356074016
1.0,666.0,0.14395902560580415
1.0,667.0,0.13551363805812144
1.0,668.0,0.12758647881665428
1.0,669.0,0.12014276883236072
1.0,670.0,0.113150427309566
1.0,671.0,0.10657983120634519
1.0,672.0,0.1004035738661572
1.0,673.0,0.09459627887285703
1.0,674.0,0.08913440635490816
1.0,675.0,0.08399610778349907
1.0,676.0,0.07916106854671531
1.0,677.0,0.07461039391979354
1.0,678.0,0.07032647955830329
1.0,679.0,0.06629292143791224
1.0,680.0,0.06249440808195752
1.0,681.0,0.058916649102796335
1.0,682.0,0.055546284535458734
1.0,683.0,0.05237082793846247
1.0,684.0,0.04937858933568331
1.0,685.0,0.04655862980284457
1.0,686.0,0.04390069534926549
1.0,687.0,0.04139518063053094
1.0,688.0,0.03903307171629232
1.0,689.0,0.036805917101447504
1.0,690.0,0.034705777765469986
1.0,691.0,0.03272520405388371
1.0,692.0,0.030857191780782597
1.0,693.0,0.02909516385492963
1.0,694.0,0.0274329314401491
1.0,695.0,0.025864679431365355
1.0,696.0,0.024384931888918437
1.0,697.0,0.022988540647579502
1.0,698.0,0.021670654396150645
1.0,699.0,0.02042670984026684
1.0,700.0,0.019252403919290235
1.0,701.0,0.018143687051302485
1.0,702.0,0.017096738073685995
1.0,703.0,0.016107959183347738
1.0,704.0,0.015173953261721712
1.0,705.0,0.014291520190320393
1.0,706.0,0.013457636279843598
1.0,707.0,0.01266945169465337
1.0,708.0,0.011924271752728576
1.0,709.0,0.011219555235637831
1.0,710.0,0.010552897363877297
1.0,711.0,0.009922028803675167
1.0,712.0,0.009324800152799632
1.0,713.0,0.008759181483820879
1.0,714.0,0.00822324820031123
1.0,715.0,0.007715180979360421
1.0,716.0,0.007233252878388586
1.0,717.0,0.006775829558792907
1.0,718.0,0.0063413575402659
1.0,719.0,0.0059283646032473976
1.0,720.0,0.005535449101390614
1.0,721.0,0.005161280453626057
1.0,722.0,0.004804589436795224
1.0,723.0,0.004464168689089189
1.0,724.0,0.004138863914303885
1.0,725.0,0.0038275743275775374
1.0,726.0,0.0035292447105493233
1.0,727.0,0.003242865737987136
1.0,728.0,0.0029674668296178993
1.0,729.0,0.002702116302647662
1.0,730.0,0.002445914971385832
1.0,731.0,0.0021979960760009133
1.0,732.0,0.0019575195854468286
1.0,733.0,0.0017236718572180352
1.0,734.0,0.0014956606026330834
1.0,735.0,0.00127271423596913
1.0,736.0,0.0010540774639666464
1.0,737.0,0.0008390102856268177
1.0,738.0,0.0006267841699492829
1.0,739.0,0.0004166806699367779
1.0,740.0,0.00020798815412307171
1.0,741.0,0.0
2.0,0.0,0.0
2.0,1.0,0.00018425286097518363
2.0,2.0,0.00036912975070420973
2.0,3.0,0.0005552569180858398
2.0,4.0,0.0007432646163569956
2.0,5.0,0.0009337897884260308
2.0,6.0,0.001127477444548387
2.0,7.0,0.001324983842345595
2.0,8.0,0.001526977488056974
2.0,9.0,0.0017341428414674015
2.0,10.0,0.0019471809719653088
2.0,11.0,0.002166813819810938
2.0,12.0,0.0023937845398711312
2.0,13.0,0.0026288623523816764
2.0,14.0,0.0028728426094124706
2.0,15.0,0.0031265522705563775
2.0,16.0,0.0033908497299580008
2.0,17.0,0.003666630955256659
2.0,18.0,0.0039548291164588955
2.0,19.0,0.00425642143005276
2.0,20.0,0.004572428635209333
2.0,21.0,0.00490392258937017
2.0,22.0,0.005252025642342446
2.0,23.0,0.005617919034969565
2.0,24.0,0.006002842227784915
2.0,25.0,0.0064081021607705
2.0,26.0,0.006835072600541376
2.0,27.0,0.0072852043268857814
2.0,28.0,0.00776002457120099
2.0,29.0,0.008261148204753578
2.0,30.0,0.008790277351575688
2.0,31.0,0.00934921366452012
2.0,32.0,0.0099398582084326
2.0,33.0,0.010564224923530168
2.0,34.0,0.011224440889873894
2.0,35.0,0.011922761093917059
2.0,36.0,0.012661569203734315
2.0,37.0,0.013443393774471554
2.0,38.0,0.014270909686241333
2.0,39.0,0.01514695594856745
2.0,40.0,0.016074537980367447
2.0,41.0,0.017056847203501216
2.0,42.0,0.018097264378176214
2.0,43.0,0.01919938121291974
2.0,44.0,0.020367005010821972
2.0,45.0,0.02160418256967403
2.0,46.0,0.022915206447024175
2.0,47.0,0.024304641482519384
2.0,48.0,0.025777333055852447
2.0,49.0,0.027338436637043252
2.0,50.0,0.02899342849507211
2.0,51.0,0.03074813877564618
2.0,52.0,0.03260876522509818
2.0,53.0,0.034581910415426555
2.0,54.0,0.03667459918523236
2.0,55.0,0.038894320787047125
2.0,56.0,0.04124905092464937
2.0,57.0,0.043747299799543796
2.0,58.0,0.04639813985556779
2.0,59.0,0.049211260965841636
2.0,60.0,0.05219700529992819
2.0,61.0,0.05536643124176436
2.0,62.0,0.058731357197897675
2.0,63.0,0.06230443630175733
2.0,64.0,0.06609921152034658
2.0,65.0,0.07013020382435932
2.0,66.0,0.07441298167721239
2.0,67.0,0.07896426619623033
2.0,68.0,0.08380201909675218
2.0,69.0,0.0889455695267741
2.0,70.0,0.09441572589855338
2.0,71.0,0.10023493067910652
2.0,72.0,0.1064274034319134
2.0,73.0,0.1130193320832135
2.0,74.0,0.12003905715538253
2.0,75.0,0.1275173111968319
2.0,76.0,0.1354874579775354
2.0,77.0,0.14398579631585037
2.0,78.0,0.15305187348197183
2.0,79.0,0.16272887627347432
2.0,80.0,0.1730640459070474
2.0,81.0,0.18410918898713322
2.0,82.0,0.1959212331562464
2.0,83.0,0.20856290534723704
2.0,84.0,0.22210348568852345
2.0,85.0,0.23661972307027523
2.0,86.0,0.2521968730759554
2.0,87.0,0.2689299564026357
2.0,88.0,0.2869252114528824
2.0,89.0,0.306301858180547
2.0,90.0,0.32719416895784054
2.0,91.0,0.34975399445844607
2.0,92.0,0.3741537784884233
2.0,93.0,0.4005902622198886
2.0,94.0,0.42928897933848853
2.0,95.0,0.4605098352821475
2.0,96.0,0.4945539956327265
2.0,97.0,0.5317725479332249
2.0,98.0,0.5725773968859238
2.0,99.0,0.6174551881725446
2.0,100.0,0.666985188745312
2.0,101.0,0.7218625940062635
2.0,102.0,0.7829291744709063
2.0,103.0,0.8512141964733384
2.0,104.0,0.9279897411719467
2.0,105.0,1.0148467663498277
2.0,106.0,1.1138014003653736
2.0,107.0,1.227446453857408
2.0,108.0,1.3591719054826428
2.0,109.0,1.5134935595477392
2.0,110.0,1.6965559579701288
2.0,111.0,1.9169251451655538
2.0,112.0,2.18688001446821
2.0,113.0,2.524593509058316
2.0,114.0,2.957962823235436
2.0,115.0,3.5316073607345557
2.0,116.0,4.320121047724911
2.0,117.0,5.453728749694045
2.0,118.0,7.167181240155586
2.0,119.0,9.881578418978643
2.0,120.0,14.263942778042473
2.0,121.0,20.7352351979122
2.0,122.0,25.11759853539564
2.0,123.0,27.831993667577926
2.0,124.0,29.54544307936795
2.0,125.0,30.67904666014504
2.0,126.0,31.4675551693823
2.0,127.0,32.04119345491743
2.0,128.0,32.47455542160758
2.0,129.0,32.81226044812449
2.0,130.0,33.08220569987736
2.0,131.0,33.30256408720872
2.0,132.0,33.4856144665667
2.0,133.0,33.63992284127952
2.0,134.0,33.7716337078469
2.0,135.0,33.88526282063965
2.0,136.0,33.98420010370066
2.0,137.0,34.071038308151444
2.0,138.0,34.14779349773457
2.0,139.0,34.216056560252404
2.0,140.0,34.277099501282215
2.0,141.0,34.33195150566517
2.0,142.0,34.38145425622985
2.0,143.0,34.42630285413563
2.0,144.0,34.467076465199796
2.0,145.0,34.5042616266582
2.0,146.0,34.53827012705626
2.0,147.0,34.569452929585296
2.0,148.0,34.598111066805615
2.0,149.0,34.62450430190467
2.0,150.0,34.64885801652465
2.0,151.0,34.67136878935411
2.0,152.0,34.69220889060531
2.0,153.0,34.71152998549639
2.0,154.0,34.72946614828496
2.0,155.0,34.74613638727465
2.0,156.0,34.76164671473133
2.0,157.0,34.77609190970088
2.0,158.0,34.78955696946367
2.0,159.0,34.8021183667415
2.0,160.0,34.8138450862631
2.0,161.0,34.82479953888803
2.0,162.0,34.83503831386345
2.0,163.0,34.8446128553483
2.0,164.0,34.85357001606359
2.0,165.0,34.86195256617234
2.0,166.0,34.869799605729625
2.0,167.0,34.87714695321015
2.0,168.0,34.88402745590971
2.0,169.0,34.89047129063312
2.0,170.0,34.8965061991698
2.0,171.0,34.90215772381646
2.0,172.0,34.907449386961055
2.0,173.0,34.91240287743215
2.0,174.0,34.91703818767393
2.0,175.0,34.921373762278385
2.0,176.0,34.92542660233669
2.0,177.0,34.92921238421272
2.0,178.0,34.932745537840454
2.0,179.0,34.936039341370765
2.0,180.0,34.93910597806471
2.0,181.0,34.94195661056569
2.0,182.0,34.94460141933607
2.0,183.0,34.94704965872847
2.0,184.0,34.949309678403154
2.0,185.0,34.95138896187997
2.0,186.0,34.95329413083934
2.0,187.0,34.95503096519744
2.0,188.0,34.95660438837303
2.0,189.0,34.95801846583427
2.0,190.0,34.959276366924755
2.0,191.0,34.96038033579438
2.0,192.0,34.96133162158565
2.0,193.0,34.962130410833716
2.0,194.0,34.96277571156312
2.0,195.0,34.963265228030515
2.0,196.0,34.96359517334502
2.0,197.0,34.963760052674246
2.0,198.0,34.96375235884581
2.0,199.0,34.963562202249726
2.0,200.0,34.963176804779536
2.0,201.0,34.962579859086745
2.0,202.0,34.96175065605019
2.0,203.0,34.960662938569875
2.0,204.0,34.959283322695775
2.0,205.0,34.957569145450044
2.0,206.0,34.955465428361
2.0,207.0,34.952900567863516
2.0,208.0,34.94978003524927
2.0,209.0,34.94597700423717
2.0,210.0,34.9413179808139
2.0,211.0,34.93556016924179
2.0,212.0,34.928354574555556
2.0,213.0,34.919183697751926
2.0,214.0,34.90725209905237
2.0,215.0,34.891286470353876
2.0,216.0,34.869156994877855
2.0,217.0,34.837144319806775
2.0,218.0,34.78854255400619
2.0,219.0,34.7113214739954
2.0,220.0,34.586424421494684
2.0,221.0,34.401825006322994
2.0,222.0,34.27689157169111
2.0,223.0,34.19959760354909
2.0,224.0,34.1508861957326
2.0,225.0,34.11872675138233
2.0,226.0,34.09641288004262
2.0,227.0,34.080224600660245
2.0,228.0,34.068031338531355
2.0,229.0,34.058558893441464
2.0,230.0,34.05101079817092
2.0,231.0,34.044868384876054
2.0,232.0,34.03978134677975
2.0,233.0,34.03550542565177
2.0,234.0,34.031865512223696
2.0,235.0,34.028733002760276
2.0,236.0,34.0260114262045
2.0,237.0,34.02362706047273
2.0,238.0,34.02152262896483
2.0,239.0,34.0196529777111
2.0,240.0,34.017982034558806
2.0,241.0,34.016480641589844
2.0,242.0,34.01512497079442
2.0,243.0,34.013895360095674
2.0,244.0,34.01277543401006
2.0,245.0,34.01175144250467
2.0,246.0,34.01081174647305
2.0,247.0,34.00994642428735
2.0,248.0,34.00914695690606
2.0,249.0,34.00840598437413
2.0,250.0,34.00771710546063
2.0,251.0,34.0070747218399
2.0,252.0,34.00647390614492
2.0,253.0,34.005910299324874
2.0,254.0,34.00538002101333
2.0,255.0,34.00487960014978
2.0,256.0,34.004405912314816
2.0,257.0,34.00395613170635
2.0,258.0,34.00352768610544
2.0,259.0,34.003118222852336
2.0,260.0,34.002725575585
2.0,261.0,34.002347739536255
2.0,262.0,34.001982846260084
2.0,263.0,34.001629145186406
2.0,264.0,34.001284983816326
2.0,265.0,34.00094879346712
2.0,266.0,34.0006190732039
2.0,267.0,34.000294378329826
2.0,268.0,33.999973306813665
2.0,269.0,33.99965448946772
2.0,270.0,33.99933657793436
2.0,271.0,33.99901823572757
2.0,272.0,33.998698127016766
2.0,273.0,33.99837490783277
2.0,274.0,33.998047214967094
2.0,275.0,33.99771365668211
2.0,276.0,33.99737280104407
2.0,277.0,33.99702316543715
2.0,278.0,33.99666320356774
2.0,279.0,33.99629129295669
2.0,280.0,33.995905719676614
2.0,281.0,33.99550466276211
2.0,282.0,33.99508617543801
2.0,283.0,33.99464816499874
2.0,284.0,33.99418836879269
2.0,285.0,33.993704327499096
2.0,286.0,33.993193353346236
2.0,287.0,33.99265249371704
2.0,288.0,33.9920784878127
2.0,289.0,33.99146771590144
2.0,290.0,33.990816138565236
2.0,291.0,33.99011922422925
2.0,292.0,33.989371861649964
2.0,293.0,33.988568253807074
2.0,294.0,33.98770178827893
2.0,295.0,33.986764877574366
2.0,296.0,33.98574876128698
2.0,297.0,33.98464325835081
2.0,298.0,33.98343645485067
2.0,299.0,33.9821143059215
2.0,300.0,33.98066012410265
2.0,301.0,33.979053913119444
2.0,302.0,33.97727149158589
2.0,303.0,33.97528332351432
2.0,304.0,33.97305293718143
2.0,305.0,33.970534751572956
2.0,306.0,33.967671038897144
2.0,307.0,33.964387595279675
2.0,308.0,33.96058744071684
2.0,309.0,33.95614142841643
2.0,310.0,33.950873875480795
2.0,311.0,33.94453991199548
2.0,312.0,33.93678858505255
2.0,313.0,33.9271005381903
2.0,314.0,33.91467857673457
2.0,315.0,33.89824772554798
2.0,316.0,33.87567659119608
2.0,317.0,33.8432443208268
2.0,318.0,33.79424360275045
2.0,319.0,33.7166428595069
2.0,320.0,33.5913841485267
2.0,321.0,33.40643985289957
2.0,322.0,33.28117714996285
2.0,323.0,33.20356840922406
2.0,324.0,33.15455566091828
2.0,325.0,33.12210728664425
2.0,326.0,33.09951591993153
2.0,327.0,33.083060639041115
2.0,328.0,33.07060996738576
2.0,329.0,33.06088883200553
2.0,330.0,33.053099925503666
2.0,331.0,33.04672376324947
2.0,332.0,33.04140924841188
2.0,333.0,33.03691135070348
2.0,334.0,33.033054210008984
2.0,335.0,33.0297084846199
2.0,336.0,33.02677698142372
2.0,337.0,33.02418526422056
2.0,338.0,33.021875353068644
2.0,339.0,33.01980139376991
2.0,340.0,33.01792661964335
2.0,341.0,33.016221176556876
2.0,342.0,33.01466054089794
2.0,343.0,33.013224348444346
2.0,344.0,33.01189551698795
2.0,345.0,33.010659578223276
2.0,346.0,33.009504164805016
2.0,347.0,33.008418610065284
2.0,348.0,33.00739363426727
2.0,349.0,33.006421094346194
2.0,350.0,33.00549378419518
2.0,351.0,33.00460527209558
2.0,352.0,33.00374976884781
2.0,353.0,33.00292201830709
2.0,354.0,33.002117207170535
2.0,355.0,33.00133088861014
2.0,356.0,33.00055891826137
2.0,357.0,32.99979739892635
2.0,358.0,32.99904263329511
2.0,359.0,32.99829108221749
2.0,360.0,32.99753932813254
2.0,361.0,32.996784042044894
2.0,362.0,32.99602195366547
2.0,363.0,32.99524982379159
2.0,364.0,32.994464418366924
2.0,365.0,32.99366248389039
2.0,366.0,32.99284072330747
2.0,367.0,32.99199577259946
2.0,368.0,32.99112417679794
2.0,369.0,32.99022236616217
2.0,370.0,32.98928663075713
2.0,371.0,32.98831309467863
2.0,372.0,32.98729768759502
2.0,373.0,32.98623611534947
2.0,374.0,32.98512382664236
2.0,375.0,32.983955978018066
2.0,376.0,32.98272739343233
2.0,377.0,32.98143252107263
2.0,378.0,32.98006538284897
2.0,379.0,32.97861951961603
2.0,380.0,32.9770879265325
2.0,381.0,32.97546298190049
2.0,382.0,32.97373636266533
2.0,383.0,32.97189895001489
2.0,384.0,32.9699407167167
2.0,385.0,32.967850599410774
2.0,386.0,32.96561634546314
2.0,387.0,32.963224336831445
2.0,388.0,32.960659377721456
2.0,389.0,32.95790444677164
2.0,390.0,32.9549403963859
2.0,391.0,32.95174559655996
2.0,392.0,32.94829549933434
2.0,393.0,32.944562114779636
2.0,394.0,32.940513363926925
2.0,395.0,32.93611228738726
2.0,396.0,32.931316056326786
2.0,397.0,32.9260747412134
2.0,398.0,32.920329750318835
2.0,399.0,32.914011847254564
2.0,400.0,32.90703859152767
2.0,401.0,32.899311016113586
2.0,402.0,32.8907092441697
2.0,403.0,32.881086650923955
2.0,404.0,32.87026195569876
2.0,405.0,32.858008364197964
2.0,406.0,32.84403837833635
2.0,407.0,32.82798216054864
2.0,408.0,32.80935603046159
2.0,409.0,32.78751552325098
2.0,410.0,32.7615835396846
2.0,411.0,32.730337104085116
2.0,412.0,32.692022880877616
2.0,413.0,32.644045585227175
2.0,414.0,32.58242080606464
2.0,415.0,32.50077530924961
2.0,416.0,32.38845384470048
2.0,417.0,32.22685395624888
2.0,418.0,31.98244098091984
2.0,419.0,31.595059030836406
2.0,420.0,30.96942049309577
2.0,421.0,30.045389501372636
2.0,422.0,29.419804275743928
2.0,423.0,29.032529131346365
2.0,424.0,28.78827681849394
2.0,425.0,28.626891996292382
2.0,426.0,28.514840733405748
2.0,427.0,28.433521494005294
2.0,428.0,28.3722801385747
2.0,429.0,28.324744739886587
2.0,430.0,28.286932392355173
2.0,431.0,28.25624952346808
2.0,432.0,28.230944719822816
2.0,433.0,28.209797148275605
2.0,434.0,28.191932076409028
2.0,435.0,28.17670764337406
2.0,436.0,28.16364301491856
2.0,437.0,28.15237145715158
2.0,438.0,28.14260883946215
2.0,439.0,28.134132016964656
2.0,440.0,28.12676364807897
2.0,441.0,28.120361357932435
2.0,442.0,28.114809839937152
2.0,443.0,28.110015042080914
2.0,444.0,28.105899795363396
2.0,445.0,28.102400519439893
2.0,446.0,28.09946467751903
2.0,447.0,28.097048826109564
2.0,448.0,28.095117071036878
2.0,449.0,28.093639873125195
2.0,450.0,28.09259308054257
2.0,451.0,28.091957179808656
2.0,452.0,28.091716674797762
2.0,453.0,28.091859611476227
2.0,454.0,28.092377174188222
2.0,455.0,28.093263385745168
2.0,456.0,28.094514845679853
2.0,457.0,28.096130547658184
2.0,458.0,28.0981117148266
2.0,459.0,28.100461699723265
2.0,460.0,28.103185889735414
2.0,461.0,28.106291668639567
2.0,462.0,28.109788376210705
2.0,463.0,28.11368731935834
2.0,464.0,28.11800177713932
2.0,465.0,28.12274705545576
2.0,466.0,28.127940533842363
2.0,467.0,28.13360176218214
2.0,468.0,28.13975254971207
2.0,469.0,28.146417106037532
2.0,470.0,28.153622176533247
2.0,471.0,28.161397233712414
2.0,472.0,28.169774667156016
2.0,473.0,28.178790035561512
2.0,474.0,28.188482324066257
2.0,475.0,28.198894272655334
2.0,476.0,28.210072719915253
2.0,477.0,28.222069030685343
2.0,478.0,28.234939553792085
2.0,479.0,28.24874618198015
2.0,480.0,28.263556963384634
2.0,481.0,28.27944684155389
2.0,482.0,28.296498478424358
2.0,483.0,28.314803244319904
2.0,484.0,28.33446233741317
2.0,485.0,28.355588127341782
2.0,486.0,28.378305698251705
2.0,487.0,28.402754702515818
2.0,488.0,28.42909152118396
2.0,489.0,28.457491869085853
2.0,490.0,28.488153874997632
2.0,491.0,28.521301819176465
2.0,492.0,28.55719061696209
2.0,493.0,28.596111307096894
2.0,494.0,28.638397735499126
2.0,495.0,28.684434829255647
2.0,496.0,28.734668836809583
2.0,497.0,28.789620181612186
2.0,498.0,28.8498996559279
2.0,499.0,28.916229092039227
2.0,500.0,28.989467934475055
2.0,501.0,29.070647851828262
2.0,502.0,29.161018276669097
2.0,503.0,29.262107185560936
2.0,504.0,29.375803295465442
2.0,505.0,29.504469052830324
2.0,506.0,29.65109856458054
2.0,507.0,29.81954268356789
2.0,508.0,30.014836596256014
2.0,509.0,30.243688095681158
2.0,510.0,30.51522477407875
2.0,511.0,30.842171825815345
2.0,512.0,31.242770628561622
2.0,513.0,31.74401936458741
2.0,514.0,32.387363615002066
2.0,515.0,33.23909330532363
2.0,516.0,34.41003186578432
2.0,517.0,36.093654314256185
2.0,518.0,38.638731219320064
2.0,519.0,42.67089460128778
2.0,520.0,49.18114709064464
2.0,521.0,58.7949139441621
2.0,522.0,65.30509066997836
2.0,523.0,69.33710226692102
2.0,524.0,71.88195084927274
2.0,525.0,73.56526765982372
2.0,526.0,74.73582222735273
2.0,527.0,75.5870882614967
2.0,528.0,76.22988761416039
2.0,529.0,76.73050835313217
2.0,530.0,77.13039391994488
2.0,531.0,77.45654006287796
2.0,532.0,77.72718542784168
2.0,533.0,77.95505216370924
2.0,534.0,78.14926449905354
2.0,535.0,78.31652652553815
2.0,536.0,78.4618693848104
2.0,537.0,78.58913951811148
2.0,538.0,78.70132624665737
2.0,539.0,78.80078682963799
2.0,540.0,78.8894043859949
2.0,541.0,78.96870085159863
2.0,542.0,79.0399191641135
2.0,543.0,79.10408400619856
2.0,544.0,79.16204733104045
2.0,545.0,79.21452293190391
2.0,546.0,79.26211299650913
2.0,547.0,79.30532872984037
2.0,548.0,79.34460652585368
2.0,549.0,79.3803207657655
2.0,550.0,79.4127940309373
2.0,551.0,79.44230531349672
2.0,552.0,79.46909666641066
2.0,553.0,79.49337861912383
2.0,554.0,79.51533461957477
2.0,555.0,79.53512468810271
2.0,556.0,79.55288844627204
2.0,557.0,79.56874762533003
2.0,558.0,79.58280816318872
2.0,559.0,79.59516194584175
2.0,560.0,79.60588827178941
2.0,561.0,79.61505506430743
2.0,562.0,79.62271989325002
2.0,563.0,79.62893081026984
2.0,564.0,79.63372705004845
2.0,565.0,79.6371395863824
2.0,566.0,79.6391915912208
2.0,567.0,79.63989877396398
2.0,568.0,79.63926964734823
2.0,569.0,79.63730568775014
2.0,570.0,79.63400143603667
2.0,571.0,79.62934449846243
2.0,572.0,79.6233154943454
2.0,573.0,79.61588790219713
2.0,574.0,79.6070278518711
2.0,575.0,79.59669380657273
2.0,576.0,79.58483618283694
2.0,577.0,79.57139684396866
2.0,578.0,79.55630851474038
2.0,579.0,79.539494043362
2.0,580.0,79.52086555661543
2.0,581.0,79.50032342269283
2.0,582.0,79.47775506305918
2.0,583.0,79.45303351307345
2.0,584.0,79.4260157637407
2.0,585.0,79.39654076402671
2.0,586.0,79.36442709995264
2.0,587.0,79.329470200421
2.0,588.0,79.29143905776117
2.0,589.0,79.250072267838
2.0,590.0,79.20507332874327
2.0,591.0,79.15610493048986
2.0,592.0,79.10278208906571
2.0,593.0,79.04466373559184
2.0,594.0,78.98124246109319
2.0,595.0,78.91193181391903
2.0,596.0,78.83605056957776
2.0,597.0,78.75280297717333
2.0,598.0,78.66125386699599
2.0,599.0,78.56029686517599
2.0,600.0,78.44861353219311
2.0,601.0,78.32462012610921
2.0,602.0,78.18639755819223
2.0,603.0,78.03159789341282
2.0,604.0,77.85731790998913
2.0,605.0,77.6599252745396
2.0,606.0,77.43481558568516
2.0,607.0,77.17606608977584
2.0,608.0,76.87593171322015
2.0,609.0,76.52409387101845
2.0,610.0,76.10651095222188
2.0,611.0,75.60360630990364
2.0,612.0,74.9873166097091
2.0,613.0,74.21610624996053
2.0,614.0,73.2262126125789
2.0,615.0,71.91565075041326
2.0,616.0,70.11392238212117
2.0,617.0,67.523372672747
2.0,618.0,63.60743030072771
2.0,619.0,57.40358297669973
2.0,620.0,47.3872095170525
2.0,621.0,32.59611518244432
2.0,622.0,22.57968918666883
2.0,623.0,16.37573661151968
2.0,624.0,12.459635915418696
2.0,625.0,9.868874269849567
2.0,626.0,8.066879632184717
2.0,627.0,6.755996260305602
2.0,628.0,5.765724778357851
2.0,629.0,4.994078950993979
2.0,630.0,4.37729467641773
2.0,631.0,3.873834665160474
2.0,632.0,3.4556336884931707
2.0,633.0,3.1031129876653814
2.0,634.0,2.8022286191539205
2.0,635.0,2.542659431330441
2.0,636.0,2.3166575456755947
2.0,637.0,2.118297149411249
2.0,638.0,1.9429705224509948
2.0,639.0,1.787041734428476
2.0,640.0,1.6476036815498283
2.0,641.0,1.5223042400034696
2.0,642.0,1.409219817092561
2.0,643.0,1.3067618266377996
2.0,644.0,1.2136066341686416
2.0,645.0,1.1286422913335095
2.0,646.0,1.0509276615164505
2.0,647.0,0.9796606014732386
2.0,648.0,0.914153053028723
2.0,649.0,0.8538112517219594
2.0,650.0,0.7981199770791395
2.0,651.0,0.7466298067500163
2.0,652.0,0.698946837218968
2.0,653.0,0.6547242232872788
2.0,654.0,0.613655282534027
2.0,655.0,0.5754677278118794
2.0,656.0,0.5399189295107125
2.0,657.0,0.5067918895132181
2.0,658.0,0.47589191683093524
2.0,659.0,0.4470437564965088
2.0,660.0,0.42008921316660114
2.0,661.0,0.39488506337625845
2.0,662.0,0.3713013285155793
2.0,663.0,0.3492197292274942
2.0,664.0,0.3285324117074912
2.0,665.0,0.3091407841907145
2.0,666.0,0.29095456515212903
2.0,667.0,0.27389089357603297
2.0,668.0,0.2578736092929891
2.0,669.0,0.2428325624295555
2.0,670.0,0.2287030635234601
2.0,671.0,0.21542533993366103
2.0,672.0,0.20294411173961277
2.0,673.0,0.19120815801905008
2.0,674.0,0.1801699870518647
2.0,675.0,0.1697854857621232
2.0,676.0,0.16001366140718715
2.0,677.0,0.15081635472071916
2.0,678.0,0.14215803634513866
2.0,679.0,0.1340055693262072
2.0,680.0,0.1263280478671904
2.0,681.0,0.11909659848225553
2.0,682.0,0.11228425175847682
2.0,683.0,0.10586577411974145
2.0,684.0,0.09981756554291403
2.0,685.0,0.09411751581654687
2.0,686.0,0.08874492281808571
2.0,687.0,0.08368036857786092
2.0,688.0,0.07890565395589909
2.0,689.0,0.07440369088375753
2.0,690.0,0.07015845020128562
2.0,691.0,0.06615486724661132
2.0,692.0,0.06237880030892271
2.0,693.0,0.05881694734099792
2.0,694.0,0.05545681301346336
2.0,695.0,0.052286634785255796
2.0,696.0,0.04929535695078832
2.0,697.0,0.04647256465817445
2.0,698.0,0.04380846365443748
2.0,699.0,0.04129382111582166
2.0,700.0,0.038919950040390006
2.0,701.0,0.03667865596883406
2.0,702.0,0.03456222516530452
2.0,703.0,0.03256337647525973
2.0,704.0,0.030675252586619912
2.0,705.0,0.028891376404127304
2.0,706.0,0.027205644803215866
2.0,707.0,0.025612289006159063
2.0,708.0,0.02410587033739993
2.0,709.0,0.022681244171517734
2.0,710.0,0.02133355727646038
2.0,711.0,0.020058214971681
2.0,712.0,0.01885087970877968
2.0,713.0,0.017707441133562297
2.0,714.0,0.016624015605108868
2.0,715.0,0.015596918900684563
2.0,716.0,0.014622666416572477
2.0,717.0,0.013697948291796968
2.0,718.0,0.012819630069015797
2.0,719.0,0.011984730043505476
2.0,720.0,0.011190420191419425
2.0,721.0,0.010434005575682574
2.0,722.0,0.009712925373093952
2.0,723.0,0.009024734189658538
2.0,724.0,0.008367103038210137
2.0,725.0,0.00773780243303628
2.0,726.0,0.007134703186600952
2.0,727.0,0.006555761167693586
2.0,728.0,0.0059990177999779785
2.0,729.0,0.005462586379791974
2.0,730.0,0.004944652171062912
2.0,731.0,0.0044434601886731645
2.0,732.0,0.003957314794099296
2.0,733.0,0.0034845688582335233
2.0,734.0,0.003023622770188281
2.0,735.0,0.0025729148998546152
2.0,736.0,0.0021309199388742
2.0,737.0,0.0016961405882007508
2.0,738.0,0.0012671051554392632
2.0,739.0,0.0008423603963912889
2.0,740.0,0.0004204682969191374
2.0,741.0,0.0
3.0,0.0,0.0
3.0,1.0,0.0002791237601517998
3.0,2.0,0.0005591929292363864
3.0,3.0,0.0008411559434454196
3.0,4.0,0.0011259679760458664
3.0,5.0,0.0014145933264141574
3.0,6.0,0.0017080098567903287
3.0,7.0,0.002007210788066511
3.0,8.0,0.002313209908601842
3.0,9.0,0.002627042823098274
3.0,10.0,0.002949772980056442
3.0,11.0,0.0032824924221645196
3.0,12.0,0.003626328681182639
3.0,13.0,0.00398244508115128
3.0,14.0,0.00435204855250478
3.0,15.0,0.0047363895431440425
3.0,16.0,0.005136770807475279
3.0,17.0,0.005554546985080666
3.0,18.0,0.00599113442525937
3.0,19.0,0.006448010498790021
3.0,20.0,0.006926724524550806
3.0,21.0,0.007428896886853759
3.0,22.0,0.007956231138010158
3.0,23.0,0.008510513002124846
3.0,24.0,0.009093623736269941
3.0,25.0,0.009707539111705554
3.0,26.0,0.010354344126904884
3.0,27.0,0.011036232069229344
3.0,28.0,0.011755520685761352
3.0,29.0,0.01251465144290371
3.0,30.0,0.013316207276267394
3.0,31.0,0.014162912182990704
3.0,32.0,0.015057650690364051
3.0,33.0,0.016003467936515223
3.0,34.0,0.01700359101975509
3.0,35.0,0.018061429748471625
3.0,36.0,0.019180600060277345
3.0,37.0,0.02036492565255069
3.0,38.0,0.021618463693553268
3.0,39.0,0.022945507582412955
3.0,40.0,0.024350615215004565
3.0,41.0,0.02583861316804885
3.0,42.0,0.02741462783272643
3.0,43.0,0.029084091374271193
3.0,44.0,0.030852776108645615
3.0,45.0,0.032726802659549456
3.0,46.0,0.03471267803148268
3.0,47.0,0.03681730647444259
3.0,48.0,0.03904803180490716
3.0,49.0,0.041412651599917936
3.0,50.0,0.043919464442004105
3.0,51.0,0.046577288205859955
3.0,52.0,0.04939551306211788
3.0,53.0,0.05238412480083898
3.0,54.0,0.055553764633260894
3.0,55.0,0.05891575872953815
3.0,56.0,0.06248218612195208
3.0,57.0,0.06626591593705572
3.0,58.0,0.07028068504856706
3.0,59.0,0.07454114488000055
3.0,60.0,0.07906295090842184
3.0,61.0,0.08386282143556426
3.0,62.0,0.0889586416434802
3.0,63.0,0.09436953742578304
3.0,64.0,0.10011599749721195
3.0,65.0,0.10621996630644898
3.0,66.0,0.11270498878051766
3.0,67.0,0.11959632759836764
3.0,68.0,0.1269211366178264
3.0,69.0,0.1347086095069976
3.0,70.0,0.14299018991554482
3.0,71.0,0.15179976083166682
3.0,72.0,0.16117390235473608
3.0,73.0,0.17115213445405186
3.0,74.0,0.18177723712442861
3.0,75.0,0.19309556389615784
3.0,76.0,0.20515744473497463
3.0,77.0,0.21801759434096615
3.0,78.0,0.2317356261968592
3.0,79.0,0.24637658940388102
3.0,80.0,0.26201163404884215
3.0,81.0,0.27871872464471403
3.0,82.0,0.29658351448544956
3.0,83.0,0.315700305240932
3.0,84.0,0.3361732144613769
3.0,85.0,0.3581174837133231
3.0,86.0,0.38166106430310687
3.0,87.0,0.40694642758231897
3.0,88.0,0.43413275850939953
3.0,89.0,0.4633985035575636
3.0,90.0,0.4949444660574746
3.0,91.0,0.5289974610716422
3.0,92.0,0.5658147796057912
3.0,93.0,0.6056895453157991
3.0,94.0,0.6489573106658183
3.0,95.0,0.6960041020715786
3.0,96.0,0.7472764340946639
3.0,97.0,0.8032937344155971
3.0,98.0,0.8646640213046886
3.0,99.0,0.9321037188820288
3.0,100.0,1.0064630774708185
3.0,101.0,1.0887589710450236
3.0,102.0,1.1802178190928785
3.0,103.0,1.2823322725531552
3.0,104.0,1.3969371834410698
3.0,105.0,1.5263126726267455
3.0,106.0,1.6733262138587284
3.0,107.0,1.8416315215606238
3.0,108.0,2.035951990973943
3.0,109.0,2.2624920531526502
3.0,110.0,2.5295462196714005
3.0,111.0,2.8484192250811864
3.0,112.0,3.234844783601815
3.0,113.0,3.711213588177276
3.0,114.0,4.31011899140976
3.0,115.0,5.080007897705284
3.0,116.0,6.093967768381214
3.0,117.0,7.4622303945535755
3.0,118.0,9.345246441380313
3.0,119.0,11.948716875011742
3.0,120.0,15.4330087347975
3.0,121.0,19.565745983798564
3.0,122.0,23.05003629604507
3.0,123.0,25.653503629328686
3.0,124.0,27.536515012438404
3.0,125.0,28.90477139564121
3.0,126.0,29.91872342282275
3.0,127.0,30.688602858374228
3.0,128.0,31.28749713132431
3.0,129.0,31.763853108129098
3.0,130.0,32.15026409762178
3.0,131.0,32.46912074302465
3.0,132.0,32.73615670267677
3.0,133.0,32.962676648915995
3.0,134.0,33.15697502451388
3.0,135.0,33.32525618491374
3.0,136.0,33.47224344262669
3.0,137.0,33.60159042195858
3.0,138.0,33.716164498781545
3.0,139.0,33.81824568800607
3.0,140.0,33.9096687271684
3.0,141.0,33.99192614381895
3.0,142.0,34.06624422464013
3.0,143.0,34.13363970091665
3.0,144.0,34.19496266981031
3.0,145.0,34.25092939125285
3.0,146.0,34.30214770761898
3.0,147.0,34.34913685832739
3.0,148.0,34.39234315652586
3.0,149.0,34.43215241328227
3.0,150.0,34.46889995087051
3.0,151.0,34.50287864698546
3.0,152.0,34.534345529848444
3.0,153.0,34.56352713381097
3.0,154.0,34.59062396234172
3.0,155.0,34.615814141587514
3.0,156.0,34.6392565142848
3.0,157.0,34.66109318609978
3.0,158.0,34.68145171750739
3.0,159.0,34.70044693221852
3.0,160.0,34.71818250091212
3.0,161.0,34.73475224711153
3.0,162.0,34.75024131231424
3.0,163.0,34.7647271128547
3.0,164.0,34.7782802114039
3.0,165.0,34.7909650270876
3.0,166.0,34.80284049738952
3.0,167.0,34.81396061092065
3.0,168.0,34.82437491722527
3.0,169.0,34.83412893006574
3.0,170.0,34.843264525074645
3.0,171.0,34.85182024703173
3.0,172.0,34.859831623459236
3.0,173.0,34.867331399562644
3.0,174.0,34.874349787711644
3.0,175.0,34.880914646894325
3.0,176.0,34.88705168228703
3.0,177.0,34.892784581207074
3.0,178.0,34.89813517282059
3.0,179.0,34.90312352899256
3.0,180.0,34.90776809105051
3.0,181.0,34.912085741150506
3.0,182.0,34.91609190050064
3.0,183.0,34.91980057452976
3.0,184.0,34.92322442475102
3.0,185.0,34.92637478882385
3.0,186.0,34.92926172599027
3.0,187.0,34.931894010726516
3.0,188.0,34.934279149039476
3.0,189.0,34.93642334137318
3.0,190.0,34.938331463472494
3.0,191.0,34.94000698986047
3.0,192.0,34.94145192757674
3.0,193.0,34.94266668470262
3.0,194.0,34.94364993647972
3.0,195.0,34.94439841186443
3.0,196.0,34.94490665632478
3.0,197.0,34.94516668903515
3.0,198.0,34.945167599041106
3.0,199.0,34.94489498783626
3.0,200.0,34.944330283015304
3.0,201.0,34.94344980707749
3.0,202.0,34.942223587448744
3.0,203.0,34.940613740404196
3.0,204.0,34.93857233373853
3.0,205.0,34.93603844355241
3.0,206.0,34.932934125189654
3.0,207.0,34.929158730709474
3.0,208.0,34.9245808386439
3.0,209.0,34.91902649966317
3.0,210.0,34.912261861178756
3.0,211.0,34.903966875146075
3.0,212.0,34.89369478609815
3.0,213.0,34.880808470738195
3.0,214.0,34.86437915496047
3.0,215.0,34.84302495578652
3.0,216.0,34.8146598446829
3.0,217.0,34.776136392335864
3.0,218.0,34.7228722294091
3.0,219.0,34.64899200075354
3.0,220.0,34.549915504047405
3.0,221.0,34.43228366012887
3.0,222.0,34.33315204999424
3.0,223.0,34.25916140709086
3.0,224.0,34.20573115319767
3.0,225.0,34.166985368311096
3.0,226.0,34.138340925920694
3.0,227.0,34.116649446300826
3.0,228.0,34.09982375162215
3.0,229.0,34.08648060928683
3.0,230.0,34.07568968725857
3.0,231.0,34.06681209396113
3.0,232.0,34.05939908488381
3.0,233.0,34.05312839943186
3.0,234.0,34.04776373600122
3.0,235.0,34.04312845619595
3.0,236.0,34.039088193779214
3.0,237.0,34.035539095733625
3.0,238.0,34.032399733485704
3.0,239.0,34.02960541453292
3.0,240.0,34.027104131732635
3.0,241.0,34.024853612731135
3.0,242.0,34.02281915758107
3.0,243.0,34.02097201345976
3.0,244.0,34.01928815587674
3.0,245.0,34.01774734601569
3.0,246.0,34.01633241137102
3.0,247.0,34.01502867410135
3.0,248.0,34.013823509432314
3.0,249.0,34.012705985243905
3.0,250.0,34.01166658168598
3.0,251.0,34.010696955971284
3.0,252.0,34.00978975905402
3.0,253.0,34.008938477280914
3.0,254.0,34.008137309380054
3.0,255.0,34.00738105675082
3.0,256.0,34.0066650389445
3.0,257.0,34.00598501555629
3.0,258.0,34.005337126824614
3.0,259.0,34.004717836519184
3.0,260.0,34.00412388921849
3.0,261.0,34.00355226739853
3.0,262.0,34.00300015991047
3.0,263.0,34.00246492879108
3.0,264.0,34.001944085282965
3.0,265.0,34.001435263324474
3.0,266.0,34.00093620059184
3.0,267.0,34.00044471652778
3.0,268.0,33.99995869659928
3.0,269.0,33.999476073288186
3.0,270.0,33.99899481219962
3.0,271.0,33.99851289477906
3.0,272.0,33.99802830516204
3.0,273.0,33.99753901356427
3.0,274.0,33.9970429628804
3.0,275.0,33.99653805175121
3.0,276.0,33.99602211991824
3.0,277.0,33.99549292991396
3.0,278.0,33.99494815006128
3.0,279.0,33.99438533354934
3.0,280.0,33.99380189770947
3.0,281.0,33.993195098898084
3.0,282.0,33.99256200623774
3.0,283.0,33.99189947016326
3.0,284.0,33.99120408810127
3.0,285.0,33.990472163633186
3.0,286.0,33.98969966044804
3.0,287.0,33.988882147638314
3.0,288.0,33.98801473643901
3.0,289.0,33.98709200485459
3.0,290.0,33.98610790873323
3.0,291.0,33.985055675111354
3.0,292.0,33.98392767423735
3.0,293.0,33.9827152645884
3.0,294.0,33.981408604010475
3.0,295.0,33.97999641817812
3.0,296.0,33.978465714081494
3.0,297.0,33.97680142356911
3.0,298.0,33.974985955013956
3.0,299.0,33.97299862589668
3.0,300.0,33.970814936076174
3.0,301.0,33.96840562961895
3.0,302.0,33.96573546798796
3.0,303.0,33.96276160948661
3.0,304.0,33.95943143817831
3.0,305.0,33.95567961825712
3.0,306.0,33.95142403392984
3.0,307.0,33.946560106174914
3.0,308.0,33.940952693817444
3.0,309.0,33.93442433988192
3.0,310.0,33.92673786961369
3.0,311.0,33.91757010011496
3.0,312.0,33.90647130366767
3.0,313.0,33.89280155008896
3.0,314.0,33.875629400715304
3.0,315.0,33.85357045384663
3.0,316.0,33.8245362865322
3.0,317.0,33.785377203439175
3.0,318.0,33.73150867743694
3.0,319.0,33.65705330834916
3.0,320.0,33.55742894265077
3.0,321.0,33.43927464867135
3.0,322.0,33.33964423576784
3.0,323.0,33.26517675171121
3.0,324.0,33.21129000175907
3.0,325.0,33.17210652376492
3.0,326.0,33.14304170757354
3.0,327.0,33.120945753581964
3.0,328.0,33.10373011281714
3.0,329.0,33.0900102355106
3.0,330.0,33.07885451216638
3.0,331.0,33.06962281859963
3.0,332.0,33.06186520898248
3.0,333.0,33.05525825766999
3.0,334.0,33.049564521352416
3.0,335.0,33.04460624802183
3.0,336.0,33.04024797357468
3.0,337.0,33.036384767335136
3.0,338.0,33.03293413144309
3.0,339.0,33.02983031659836
3.0,340.0,33.02702025996291
3.0,341.0,33.02446063830029
3.0,342.0,33.02211569459188
3.0,343.0,33.019955615994874
3.0,344.0,33.0179553043663
3.0,345.0,33.016093436304985
3.0,346.0,33.014351733348555
3.0,347.0,33.01271439241071
3.0,348.0,33.01116763390642
3.0,349.0,33.009699342719955
3.0,350.0,33.00829877761092
3.0,351.0,33.00695633658365
3.0,352.0,33.00566336331507
3.0,353.0,33.00441198845778
3.0,354.0,33.003194996206
3.0,355.0,33.002005713168316
3.0,356.0,33.00083791309412
3.0,357.0,32.999685736100965
3.0,358.0,32.998543617991906
3.0,359.0,32.99740622900908
3.0,360.0,32.99626841905509
3.0,361.0,32.995125168896415
3.0,362.0,32.993971545497594
3.0,363.0,32.992802660836276
3.0,364.0,32.991613633289425
3.0,365.0,32.990399550553285
3.0,366.0,32.98915543403588
3.0,367.0,32.98787620313401
3.0,368.0,32.986556640134324
3.0,369.0,32.985191353468025
3.0,370.0,32.98377474083593
3.0,371.0,32.982300949132025
3.0,372.0,32.980763833445586
3.0,373.0,32.97915691115013
3.0,374.0,32.97747331410537
3.0,375.0,32.9757057339321
3.0,376.0,32.97384636409993
3.0,377.0,32.97188683258727
3.0,378.0,32.96981812950484
3.0,379.0,32.96763052204793
3.0,380.0,32.965313461705584
3.0,381.0,32.96285547443526
3.0,382.0,32.96024403906626
3.0,383.0,32.95746544260811
3.0,384.0,32.95450461771532
3.0,385.0,32.95134494838653
3.0,386.0,32.94796804854596
3.0,387.0,32.9443534960981
3.0,388.0,32.940478525483904
3.0,389.0,32.9363176563906
3.0,390.0,32.93184225825607
3.0,391.0,32.92702002081711
3.0,392.0,32.92181432381479
3.0,393.0,32.91618346436318
3.0,394.0,32.910079722835945
3.0,395.0,32.9034482060858
3.0,396.0,32.89622542578642
3.0,397.0,32.88833751585764
3.0,398.0,32.879698002523334
3.0,399.0,32.870204965867856
3.0,400.0,32.85973741882541
3.0,401.0,32.84815061402284
3.0,402.0,32.835269923347894
3.0,403.0,32.82088273204039
3.0,404.0,32.804727597975095
3.0,405.0,32.786479519676675
3.0,406.0,32.76572965154716
3.0,407.0,32.74195688322655
3.0,408.0,32.7144873619884
3.0,409.0,32.682435719588774
3.0,410.0,32.64461808067071
3.0,411.0,32.59942060566834
3.0,412.0,32.544596827071615
3.0,413.0,32.4769493556926
3.0,414.0,32.39182337167228
3.0,415.0,32.28229934608921
3.0,416.0,32.1379377725019
3.0,417.0,31.94299290572408
3.0,418.0,31.674544988986973
3.0,419.0,31.3032100423353
3.0,420.0,30.80608048709477
3.0,421.0,30.21635501690199
3.0,422.0,29.719306221423412
3.0,423.0,29.34813306887264
3.0,424.0,29.07992853124976
3.0,425.0,28.885309456260963
3.0,426.0,28.741357196363648
3.0,427.0,28.632327398978948
3.0,428.0,28.547782241338847
3.0,429.0,28.480804172079775
3.0,430.0,28.426740653662534
3.0,431.0,28.38239688791643
3.0,432.0,28.345529321239813
3.0,433.0,28.314527356078223
3.0,434.0,28.288210704865254
3.0,435.0,28.26569793962295
3.0,436.0,28.24631952173922
3.0,437.0,28.2295590372617
3.0,438.0,28.215012744633864
3.0,439.0,28.202361164578228
3.0,440.0,28.19134882496951
3.0,441.0,28.181769541855928
3.0,442.0,28.173455613111077
3.0,443.0,28.16626972851371
3.0,444.0,28.160098888924555
3.0,445.0,28.15484973271131
3.0,446.0,28.150444960223712
3.0,447.0,28.1468205192761
3.0,448.0,28.14392342735712
3.0,449.0,28.141710018248677
3.0,450.0,28.14014458016552
3.0,451.0,28.139198234578316
3.0,452.0,28.13884807076573
3.0,453.0,28.139076416616895
3.0,454.0,28.139870287402704
3.0,455.0,28.141220909364517
3.0,456.0,28.143123375619098
3.0,457.0,28.1455763397535
3.0,458.0,28.148581814573582
3.0,459.0,28.152144985728494
3.0,460.0,28.15627411441957
3.0,461.0,28.160980440986915
3.0,462.0,28.166278168489008
3.0,463.0,28.172184438901237
3.0,464.0,28.178719384886822
3.0,465.0,28.185906169959317
3.0,466.0,28.193771103211002
3.0,467.0,28.202343741351484
3.0,468.0,28.211657067122257
3.0,469.0,28.221747656744906
3.0,470.0,28.232655928241204
3.0,471.0,28.244426383392433
3.0,472.0,28.25710793801687
3.0,473.0,28.27075425384423
3.0,474.0,28.285424169780562
3.0,475.0,28.301182147000326
3.0,476.0,28.31809882931413
3.0,477.0,28.33625163538526
3.0,478.0,28.35572548882339
3.0,479.0,28.376613606331272
3.0,480.0,28.399018456026727
3.0,481.0,28.42305281193831
3.0,482.0,28.44884102534126
3.0,483.0,28.47652044818149
3.0,484.0,28.506243141779446
3.0,485.0,28.53817782072677
3.0,486.0,28.572512184240942
3.0,487.0,28.60945560834099
3.0,488.0,28.649242381149868
3.0,489.0,28.69213549279136
3.0,490.0,28.73843121101552
3.0,491.0,28.788464517314768
3.0,492.0,28.842615716552938
3.0,493.0,28.901318402884385
3.0,494.0,28.96506923687034
3.0,495.0,29.034439906835793
3.0,496.0,29.11009198403647
3.0,497.0,29.192795392234245
3.0,498.0,29.283451676527555
3.0,499.0,29.38312345370018
3.0,500.0,29.493072155689056
3.0,501.0,29.614806768564815
3.0,502.0,29.75014757759917
3.0,503.0,29.901310398426716
3.0,504.0,30.071019420867525
3.0,505.0,30.262660350876338
3.0,506.0,30.480491480564144
3.0,507.0,30.72993919185189
3.0,508.0,31.01801904026531
3.0,509.0,31.353946924587785
3.0,510.0,31.750043924849415
3.0,511.0,32.22310338513836
3.0,512.0,32.796498750961526
3.0,513.0,33.5034937535553
3.0,514.0,34.39251024754959
3.0,515.0,35.53552383660592
3.0,516.0,37.041118819710995
3.0,517.0,39.073065239685015
3.0,518.0,41.869743885894074
3.0,519.0,45.73676442872596
3.0,520.0,50.912383101955
3.0,521.0,57.0513519805874
3.0,522.0,62.22685588350975
3.0,523.0,66.09364649549983
3.0,524.0,68.88997926756144
3.0,525.0,70.92146269381189
3.0,526.0,72.42647598688178
3.0,527.0,73.56878721042393
3.0,528.0,74.45697827013633
3.0,529.0,75.16302195919032
3.0,530.0,75.73533688798635
3.0,531.0,76.2071831054383
3.0,532.0,76.60192991507212
3.0,533.0,76.93636605348759
3.0,534.0,77.22280750088511
3.0,535.0,77.47046455624321
3.0,536.0,77.68634664289479
3.0,537.0,77.87587346839291
3.0,538.0,78.04329606992259
3.0,539.0,78.19199230555503
3.0,540.0,78.32467787942852
3.0,541.0,78.44355946811852
3.0,542.0,78.55044751255934
3.0,543.0,78.64684042975017
3.0,544.0,78.73398829811823
3.0,545.0,78.81294157231103
3.0,546.0,78.88458875824054
3.0,547.0,78.94968583345961
3.0,548.0,79.0088794377176
3.0,549.0,79.06272530548267
3.0,550.0,79.1117030315805
3.0,551.0,79.15622798681184
3.0,552.0,79.19666099254006
3.0,553.0,79.23331623018737
3.0,554.0,79.26646773314594
3.0,555.0,79.29635475328625
3.0,556.0,79.32318620091777
3.0,557.0,79.34714434873928
3.0,558.0,79.36838791003036
3.0,559.0,79.3870546245366
3.0,560.0,79.40326340679461
3.0,561.0,79.4171161582675
3.0,562.0,79.42869926134087
3.0,563.0,79.43808483889904
3.0,564.0,79.44533177179673
3.0,565.0,79.45048654881039
3.0,566.0,79.45358392214726
3.0,567.0,79.45464743904402
3.0,568.0,79.45368980716233
3.0,569.0,79.45071316326322
3.0,570.0,79.44570918973785
3.0,571.0,79.43865914909134
3.0,572.0,79.42953376898687
3.0,573.0,79.41829304928336
3.0,574.0,79.40488591205224
3.0,575.0,79.38924976729369
3.0,576.0,79.37130990334242
3.0,577.0,79.35097877515526
3.0,578.0,79.32815508630944
3.0,579.0,79.30272273664329
3.0,580.0,79.27454951600288
3.0,581.0,79.24348561176363
3.0,582.0,79.20936179149331
3.0,583.0,79.17198731922753
3.0,584.0,79.13114744148287
3.0,585.0,79.08660048423411
3.0,586.0,79.03807436160564
3.0,587.0,78.98526250699153
3.0,588.0,78.92781897502238
3.0,589.0,78.86535267225571
3.0,590.0,78.7974203836701
3.0,591.0,78.72351846144923
3.0,592.0,78.64307271082313
3.0,593.0,78.55542617944674
3.0,594.0,78.45982416034686
3.0,595.0,78.35539582854472
3.0,596.0,78.24113142302042
3.0,597.0,78.11585386593377
3.0,598.0,77.9781829928697
3.0,599.0,77.8264902747389
3.0,600.0,77.65884077249673
3.0,601.0,77.47291818115094
3.0,602.0,77.26592677576949
3.0,603.0,77.03446184965551
3.0,604.0,76.77433611802876
3.0,605.0,76.48034413760426
3.0,606.0,76.14593758762642
3.0,607.0,75.76277066981613
3.0,608.0,75.3200522861467
3.0,609.0,74.80360579745818
3.0,610.0,74.19447695906254
3.0,611.0,73.46683073492134
3.0,612.0,72.58470846016915
3.0,613.0,71.49693526740656
3.0,614.0,70.12901570555088
3.0,615.0,68.37021740937406
3.0,616.0,66.05348654650683
3.0,617.0,62.926867758658055
3.0,618.0,58.62361951706737
3.0,619.0,52.67357085370715
3.0,620.0,44.7101710508999
3.0,621.0,35.26456768951471
3.0,622.0,27.301088302421324
3.0,623.0,21.350880199879693
3.0,624.0,17.047392121419858
3.0,625.0,13.920452283313791
3.0,626.0,11.60331806345346
3.0,627.0,9.844032731067946
3.0,628.0,8.475540794221546
3.0,629.0,7.387107938714848
3.0,630.0,6.504236463834312
3.0,631.0,5.775748948626202
3.0,632.0,5.165683856069218
3.0,633.0,4.648202955003172
3.0,634.0,4.204348464385525
3.0,635.0,3.8199398618014255
3.0,636.0,3.484181796999682
3.0,637.0,3.188723843279118
3.0,638.0,2.927012649123779
3.0,639.0,2.6938373290407482
3.0,640.0,2.4850047140465366
3.0,641.0,2.297103759859402
3.0,642.0,2.1273319152110193
3.0,643.0,1.973365545871373
3.0,644.0,1.8332618399531986
3.0,645.0,1.7053838344086745
3.0,646.0,1.588342323079955
3.0,647.0,1.4809505569947825
3.0,648.0,1.3821884211977091
3.0,649.0,1.2911740273688874
3.0,650.0,1.2071408346601866
3.0,651.0,1.1294192536011056
3.0,652.0,1.05742157899671
3.0,653.0,0.990629739084836
3.0,654.0,0.928585100895539
3.0,655.0,0.8708801095692014
3.0,656.0,0.8171512220295084
3.0,657.0,0.7670730767707387
3.0,658.0,0.720353488243921
3.0,659.0,0.6767293028532091
3.0,660.0,0.6359627822123172
3.0,661.0,0.5978386072164619
3.0,662.0,0.5621612167792087
3.0,663.0,0.5287526088271236
3.0,664.0,0.49745034866755244
3.0,665.0,0.46810593287607094
3.0,666.0,0.44058327494756827
3.0,667.0,0.414757473101738
3.0,668.0,0.39051364142379863
3.0,669.0,0.36774597171397966
3.0,670.0,0.34635681831957277
3.0,671.0,0.32625597688462393
3.0,672.0,0.30735995796887766
3.0,673.0,0.2895914277482727
3.0,674.0,0.27287862389825285
3.0,675.0,0.2571549185828112
3.0,676.0,0.24235834283262672
3.0,677.0,0.22843124284175162
3.0,678.0,0.21531988804062255
3.0,679.0,0.20297419928138916
3.0,680.0,0.191347422194167
3.0,681.0,0.1803959112606176
3.0,682.0,0.17007885464461162
3.0,683.0,0.16035810208008536
3.0,684.0,0.15119793071924234
3.0,685.0,0.14256490763550062
3.0,686.0,0.13442768869773747
3.0,687.0,0.1267569086144192
3.0,688.0,0.11952500667255289
3.0,689.0,0.11270613883459846
3.0,690.0,0.10627602555126732
3.0,691.0,0.10021188161584858
3.0,692.0,0.09449228229472373
3.0,693.0,0.08909710754882831
3.0,694.0,0.08400742351313921
3.0,695.0,0.07920543838706427
3.0,696.0,0.07467439689785783
3.0,697.0,0.0703985456949694
3.0,698.0,0.06636303889859238
3.0,699.0,0.06255391124692976
3.0,700.0,0.05895799319373762
3.0,701.0,0.055562890381130964
3.0,702.0,0.052356907034026706
3.0,703.0,0.04932903058602434
3.0,704.0,0.04646886234264123
3.0,705.0,0.04376660628999223
3.0,706.0,0.04121300617652217
3.0,707.0,0.038799337695702256
3.0,708.0,0.036517351278041704
3.0,709.0,0.03435926696889289
3.0,710.0,0.03231772233676909
3.0,711.0,0.030385769472491757
3.0,712.0,0.028556827512267704
3.0,713.0,0.026824681270076717
3.0,714.0,0.025183437949168854
3.0,715.0,0.02362752698981096
3.0,716.0,0.022151660604389202
3.0,717.0,0.02075083448051682
3.0,718.0,0.01942029182550126
3.0,719.0,0.018155524612770473
3.0,720.0,0.016952240863208144
3.0,721.0,0.015806366162756803
3.0,722.0,0.014714013942691208
3.0,723.0,0.013671487029568765
3.0,724.0,0.01267525071519354
3.0,725.0,0.01172193412795869
3.0,726.0,0.010808305907067056
3.0,727.0,0.009931275207652952
3.0,728.0,0.009087869813569488
3.0,729.0,0.0082752366082041
3.0,730.0,0.007490621976447889
3.0,731.0,0.006731371589397533
3.0,732.0,0.005994912959484587
3.0,733.0,0.0052787544007340025
3.0,734.0,0.0045804696118420035
3.0,735.0,0.003897695684691441
3.0,736.0,0.0032281195987300944
3.0,737.0,0.0025694751593018433
3.0,738.0,0.0019195312932272226
3.0,739.0,0.0012760878054095801
3.0,740.0,0.0006369653702323503
3.0,741.0,0.0
4.0,0.0,0.0
4.0,1.0,0.00037554090366904384
4.0,2.0,0.000752353649192077
4.0,3.0,0.0011317146025894224
4.0,4.0,0.0015149082896415928
4.0,5.0,0.001903232868151987
4.0,6.0,0.0022980029348933493
4.0,7.0,0.002700556006018501
4.0,8.0,0.003112254556622723
4.0,9.0,0.0035344935708246563
4.0,10.0,0.003968701877513294
4.0,11.0,0.0044163508340704805
4.0,12.0,0.004878955025196921
4.0,13.0,0.005358082147736347
4.0,14.0,0.005855353143899725
4.0,15.0,0.00637245335926671
4.0,16.0,0.006911132187358737
4.0,17.0,0.007473215578754841
4.0,18.0,0.008060605280944037
4.0,19.0,0.00867529278375616
4.0,20.0,0.009319358246934036
4.0,21.0,0.009994985975946804
4.0,22.0,0.010704463139994664
4.0,23.0,0.011450196882998715
4.0,24.0,0.012234712947078757
4.0,25.0,0.013060674536425877
4.0,26.0,0.013930880976047043
4.0,27.0,0.014848288461737033
4.0,28.0,0.015816008901530898
4.0,29.0,0.016837332703623562
4.0,30.0,0.017915727969105195
4.0,31.0,0.019054865492095174
4.0,32.0,0.02025861849770931
4.0,33.0,0.02153109005572734
4.0,34.0,0.02287661358831527
4.0,35.0,0.024299782931316908
4.0,36.0,0.025805453873259714
4.0,37.0,0.027398777138243697
4.0,38.0,0.029085201262778533
4.0,39.0,0.03087050882303529
4.0,40.0,0.03276082101114211
4.0,41.0,0.03476263748959646
4.0,42.0,0.036882843096445475
4.0,43.0,0.03912875178396419
4.0,44.0,0.041508115966136794
4.0,45.0,0.044029175091265214
4.0,46.0,0.04670066824990622
4.0,47.0,0.04953188804711776
4.0,48.0,0.052532697220509676
4.0,49.0,0.05571358862428941
4.0,50.0,0.0590857067733362
4.0,51.0,0.06266091493729573
4.0,52.0,0.06645182273825476
4.0,53.0,0.0704718615912124
4.0,54.0,0.07473531975434847
4.0,55.0,0.07925742765893155
4.0,56.0,0.08405440216174123
4.0,57.0,0.08914354370549435
4.0,58.0,0.09454329197914672
4.0,59.0,0.10027333737020623
4.0,60.0,0.10635469083675048
4.0,61.0,0.11280981279829196
4.0,62.0,0.11966270081377603
4.0,63.0,0.1269390399674761
4.0,64.0,0.1346663130004364
4.0,65.0,0.1428739774658415
4.0,66.0,0.15159360437686978
4.0,67.0,0.16085908905087237
4.0,68.0,0.1707068262565238
4.0,69.0,0.18117596390851273
4.0,70.0,0.1923086253264937
4.0,71.0,0.20415021802970032
4.0,72.0,0.2167497173597495
4.0,73.0,0.23016004692253347
4.0,74.0,0.244438442921425
4.0,75.0,0.25964692884670015
4.0,76.0,0.2758527870843542
4.0,77.0,0.29312915908653403
4.0,78.0,0.31155566118608075
4.0,79.0,0.33121915396597074
4.0,80.0,0.3522145543081469
4.0,81.0,0.37464583600710333
4.0,82.0,0.3986271124234177
4.0,83.0,0.42428395773522176
4.0,84.0,0.451754868198648
4.0,85.0,0.4811930349792294
4.0,86.0,0.5127683436059299
4.0,87.0,0.5466697936942676
4.0,88.0,0.5831082769409354
4.0,89.0,0.622319940941978
4.0,90.0,0.664570115390573
4.0,91.0,0.7101580823271885
4.0,92.0,0.7594227324505163
4.0,93.0,0.8127494787967661
4.0,94.0,0.8705785830491376
4.0,95.0,0.9334154197110716
4.0,96.0,1.0018430344360965
4.0,97.0,1.076537795979661
4.0,98.0,1.1582888661055317
4.0,99.0,1.2480227945767
4.0,100.0,1.346834661738097
4.0,101.0,1.4560280544763726
4.0,102.0,1.577166675809347
4.0,103.0,1.7121418425868136
4.0,104.0,1.863261507087382
4.0,105.0,2.0333691922057664
4.0,106.0,2.226004559352405
4.0,107.0,2.4456230326256114
4.0,108.0,2.697899689040696
4.0,109.0,2.990155022802867
4.0,110.0,3.3319577862372154
4.0,111.0,3.7359861078698517
4.0,112.0,4.21926206659558
4.0,113.0,4.8049128217282675
4.0,114.0,5.52462616337126
4.0,115.0,6.4218746547134975
4.0,116.0,7.555531294108422
4.0,117.0,9.002062145186589
4.0,118.0,10.850696389553509
4.0,119.0,13.17784385040643
4.0,120.0,15.975863340585253
4.0,121.0,19.022461221105228
4.0,122.0,21.820478629272856
4.0,123.0,24.147621919013513
4.0,124.0,25.996249888966315
4.0,125.0,27.44277234095762
4.0,126.0,28.576418427988376
4.0,127.0,29.473654177731714
4.0,128.0,30.19335254512305
4.0,129.0,30.77898604229215
4.0,130.0,31.26224240048735
4.0,131.0,31.666248712127413
4.0,132.0,32.00802698096643
4.0,133.0,32.30025525183309
4.0,134.0,32.552502184536664
4.0,135.0,32.77208817156612
4.0,136.0,32.96468817869544
4.0,137.0,33.13475750879825
4.0,138.0,33.2858356916809
4.0,139.0,33.420766107713376
4.0,140.0,33.54185655525102
4.0,141.0,33.65099818518934
4.0,142.0,33.749754521988315
4.0,143.0,33.83942896063901
4.0,144.0,33.92111637557052
4.0,145.0,33.99574309576052
4.0,146.0,34.064098046507056
4.0,147.0,34.126857343438765
4.0,148.0,34.18460376145898
4.0,149.0,34.23784238556517
4.0,150.0,34.28701316803723
4.0,151.0,34.33250119130087
4.0,152.0,34.37464499288214
4.0,153.0,34.41374347756717
4.0,154.0,34.45006157210232
4.0,155.0,34.483834993674066
4.0,156.0,34.5152741741878
4.0,157.0,34.54456762201269
4.0,158.0,34.571884697683174
4.0,159.0,34.59737803117874
4.0,160.0,34.621185518627534
4.0,161.0,34.643432092237894
4.0,162.0,34.664231178244854
4.0,163.0,34.68368601469309
4.0,164.0,34.7018907300764
4.0,165.0,34.71893133976722
4.0,166.0,34.734886553173865
4.0,167.0,34.74982853801674
4.0,168.0,34.76382353014135
4.0,169.0,34.77693242742854
4.0,170.0,34.78921125398388
4.0,171.0,34.80071162705441
4.0,172.0,34.8114811121122
4.0,173.0,34.821563593542656
4.0,174.0,34.830999546629414
4.0,175.0,34.839826333973335
4.0,176.0,34.84807841296046
4.0,177.0,34.85578757357161
4.0,178.0,34.86298309452405
4.0,179.0,34.86969193347696
4.0,180.0,34.875938840966406
4.0,181.0,34.88174651040076
4.0,182.0,34.88713565564
4.0,183.0,34.89212512515166
4.0,184.0,34.896731946204305
4.0,185.0,34.90097140472272
4.0,186.0,34.9048570561757
4.0,187.0,34.90840076961202
4.0,188.0,34.91161270196173
4.0,189.0,34.91450130091366
4.0,190.0,34.91707323486361
4.0,191.0,34.919333343890955
4.0,192.0,34.921284510924266
4.0,193.0,34.92292754170704
4.0,194.0,34.924260952066575
4.0,195.0,34.92528074393038
4.0,196.0,34.925980065458006
4.0,197.0,34.92634882614217
4.0,198.0,34.9263731543616
4.0,199.0,34.92603475099233
4.0,200.0,34.925310009254694
4.0,201.0,34.9241689237119
4.0,202.0,34.9225736218824
4.0,203.0,34.92047648241808
4.0,204.0,34.917817594944594
4.0,205.0,34.91452140466768
4.0,206.0,34.9104921256757
4.0,207.0,34.90560750525126
4.0,208.0,34.89971014030756
4.0,209.0,34.89259534890441
4.0,210.0,34.883993943640235
4.0,211.0,34.87354766173701
4.0,212.0,34.86077388760627
4.0,213.0,34.84501536583408
4.0,214.0,34.825370037652426
4.0,215.0,34.800598951340326
4.0,216.0,34.76902295179272
4.0,217.0,34.72846006066919
4.0,218.0,34.67636346840922
4.0,219.0,34.61055248700033
4.0,220.0,34.53124773302414
4.0,221.0,34.44480262058596
4.0,222.0,34.36542371881151
4.0,223.0,34.29946418944685
4.0,224.0,34.24714414405779
4.0,225.0,34.20628213395057
4.0,226.0,34.174330332309424
4.0,227.0,34.14910548091585
4.0,228.0,34.12892688059465
4.0,229.0,34.11255376221059
4.0,230.0,34.09908197392288
4.0,231.0,34.087851879233895
4.0,232.0,34.07837819027879
4.0,233.0,34.07029966512337
4.0,234.0,34.063343826117816
4.0,235.0,34.057302370783184
4.0,236.0,34.05201393975063
4.0,237.0,34.047351965343445
4.0,238.0,34.043215981055894
4.0,239.0,34.03952535891468
4.0,240.0,34.03621471399211
4.0,241.0,34.03323051769813
4.0,242.0,34.03052854659666
4.0,243.0,34.02807196447632
4.0,244.0,34.025829840209916
4.0,245.0,34.02377601532409
4.0,246.0,34.02188820675801
4.0,247.0,34.02014731307297
4.0,248.0,34.018536850835524
4.0,249.0,34.017042515539224
4.0,250.0,34.01565181556497
4.0,251.0,34.014353786240996
4.0,252.0,34.01313874479706
4.0,253.0,34.01199809935045
4.0,254.0,34.01092418019017
4.0,255.0,34.009910109186286
4.0,256.0,34.00894968050364
4.0,257.0,34.00803726934899
4.0,258.0,34.007167745426884
4.0,259.0,34.00633640776983
4.0,260.0,34.005538920294704
4.0,261.0,34.00477126415786
4.0,262.0,34.00402968844138
4.0,263.0,34.00331067435886
4.0,264.0,34.00261089637686
4.0,265.0,34.00192719440016
4.0,266.0,34.00125654206614
4.0,267.0,34.00059602417722
4.0,268.0,33.99994280981102
4.0,269.0,33.99929413298385
4.0,270.0,33.99864726878207
4.0,271.0,33.99799951567481
4.0,272.0,33.99734817319864
4.0,273.0,33.99669052457055
4.0,274.0,33.996023814608336
4.0,275.0,33.99534523136756
4.0,276.0,33.994651882979205
4.0,277.0,33.99394077696017
4.0,278.0,33.99320879449877
4.0,279.0,33.99245266585331
4.0,280.0,33.99166894028837
4.0,281.0,33.9908539555398
4.0,282.0,33.99000380104126
4.0,283.0,33.98911427871582
4.0,284.0,33.988180856225824
4.0,285.0,33.987198615210694
4.0,286.0,33.98616218985929
4.0,287.0,33.9850656969085
4.0,288.0,33.98390265255985
4.0,289.0,33.98266587566747
4.0,290.0,33.98134737234813
4.0,291.0,33.97993819908833
4.0,292.0,33.978428298349456
4.0,293.0,33.97680630049033
4.0,294.0,33.97505928345429
4.0,295.0,33.97317247898368
4.0,296.0,33.971128911710025
4.0,297.0,33.96890895142466
4.0,298.0,33.9664897549709
4.0,299.0,33.96384456297038
4.0,300.0,33.96094180844928
4.0,301.0,33.9577439740627
4.0,302.0,33.95420611615591
4.0,303.0,33.95027393559446
4.0,304.0,33.94588123308844
4.0,305.0,33.940946510310695
4.0,306.0,33.93536838119191
4.0,307.0,33.929019296132616
4.0,308.0,33.921736858500644
4.0,309.0,33.913311659040495
4.0,310.0,33.90347005102484
4.0,311.0,33.891849545891596
4.0,312.0,33.87796353895411
4.0,313.0,33.861150990312794
4.0,314.0,33.84050626558801
4.0,315.0,33.81478701637829
4.0,316.0,33.78231087497901
4.0,317.0,33.740892806507915
4.0,318.0,33.687983106760306
4.0,319.0,33.621398328690496
4.0,320.0,33.541356471815796
4.0,321.0,33.45420845043491
4.0,322.0,33.37415845785008
4.0,323.0,33.30755738068897
4.0,324.0,33.25462316306389
4.0,325.0,33.213172274520566
4.0,326.0,33.18065489925142
4.0,327.0,33.15488586203466
4.0,328.0,33.13418262576503
4.0,329.0,33.117302642757764
4.0,330.0,33.10334004899948
4.0,331.0,33.09163354349519
4.0,332.0,33.08169622837609
4.0,333.0,33.073165288396375
4.0,334.0,33.06576671584212
4.0,335.0,33.05929070443136
4.0,336.0,33.053574423464006
4.0,337.0,33.04848985014845
4.0,338.0,33.04393508486673
4.0,339.0,33.03982807292853
4.0,340.0,33.03610201436565
4.0,341.0,33.03270196218017
4.0,342.0,33.029582275853826
4.0,343.0,33.02670468885025
4.0,344.0,33.02403683049092
4.0,345.0,33.02155107933722
4.0,346.0,33.019223669192186
4.0,347.0,33.017033981400196
4.0,348.0,33.014963983590945
4.0,349.0,33.01299777685245
4.0,350.0,33.01112123104522
4.0,351.0,33.00932168514014
4.0,352.0,33.00758770237324
4.0,353.0,33.00590886537716
4.0,354.0,33.00427560633789
4.0,355.0,33.00267906222574
4.0,356.0,33.001110952840556
4.0,357.0,32.99956347482272
4.0,358.0,32.99802921063586
4.0,359.0,32.99650104781207
4.0,360.0,32.994972107900175
4.0,361.0,32.99343568202027
4.0,362.0,32.99188517238732
4.0,363.0,32.9903140380322
4.0,364.0,32.98871574366769
4.0,365.0,32.98708371109885
4.0,366.0,32.98541127147039
4.0,367.0,32.983691618842336
4.0,368.0,32.981917762544576
4.0,369.0,32.9800824798556
4.0,370.0,32.978178265453174
4.0,371.0,32.97619728021748
4.0,372.0,32.97413129467865
4.0,373.0,32.97197163070937
4.0,374.0,32.96970909543907
4.0,375.0,32.96733391198395
4.0,376.0,32.964835639473336
4.0,377.0,32.962203087905905
4.0,378.0,32.95942421859946
4.0,379.0,32.95648603660263
4.0,380.0,32.953374463827245
4.0,381.0,32.950074199916386
4.0,382.0,32.94656855720307
4.0,383.0,32.94283927709405
4.0,384.0,32.93886631125031
4.0,385.0,32.93462757465898
4.0,386.0,32.93009865010404
4.0,387.0,32.92525244993975
4.0,388.0,32.92005880941437
4.0,389.0,32.91448401463057
4.0,390.0,32.90849023183627
4.0,391.0,32.90203483548837
4.0,392.0,32.895069590323324
4.0,393.0,32.88753967422073
4.0,394.0,32.87938247874255
4.0,395.0,32.870526154354536
4.0,396.0,32.86088780625959
4.0,397.0,32.850371270944045
4.0,398.0,32.83886432449395
4.0,399.0,32.82623518258968
4.0,400.0,32.81232804114087
4.0,401.0,32.7969573800517
4.0,402.0,32.779900579843996
4.0,403.0,32.76088829483205
4.0,404.0,32.739591725030834
4.0,405.0,32.7156056422485
4.0,406.0,32.688425440971926
4.0,407.0,32.65741578149978
4.0,408.0,32.62176716611683
4.0,409.0,32.58043513488173
4.0,410.0,32.53205413450499
4.0,411.0,32.47481452204403
4.0,412.0,32.40628618617239
4.0,413.0,32.32316697912222
4.0,414.0,32.2209319128393
4.0,415.0,32.09337259065012
4.0,416.0,31.932080673304423
4.0,417.0,31.726134671099086
4.0,418.0,31.462789925766273
4.0,419.0,31.131133276640156
4.0,420.0,30.732259000675793
4.0,421.0,30.2979261897277
4.0,422.0,29.89916056529203
4.0,423.0,29.567721588916744
4.0,424.0,29.304704277537596
4.0,425.0,29.09919658484987
4.0,426.0,28.938455343133295
4.0,427.0,28.811560937649556
4.0,428.0,28.71010729162329
4.0,429.0,28.62788867082467
4.0,430.0,28.560383154118597
4.0,431.0,28.50429208195738
4.0,432.0,28.45718925863928
4.0,433.0,28.417269405636333
4.0,434.0,28.383171790808678
4.0,435.0,28.35385725829765
4.0,436.0,28.328522107505115
4.0,437.0,28.30653732021469
4.0,438.0,28.287405149418042
4.0,439.0,28.270727799321282
4.0,440.0,28.256184491921655
4.0,441.0,28.243514536015088
4.0,442.0,28.23250461843562
4.0,443.0,28.222979226806505
4.0,444.0,28.214793289871277
4.0,445.0,28.207826538261088
4.0,446.0,28.201979074116817
4.0,447.0,28.197167936455816
4.0,448.0,28.19332434486293
4.0,449.0,28.190391550948192
4.0,450.0,28.188323077308663
4.0,451.0,28.187081348654097
4.0,452.0,28.18663654492049
4.0,453.0,28.186965722847027
4.0,454.0,28.18805206217454
4.0,455.0,28.18988430751425
4.0,456.0,28.192456275962876
4.0,457.0,28.195766516846305
4.0,458.0,28.19981800090121
4.0,459.0,28.204617935485462
4.0,460.0,28.210177586686687
4.0,461.0,28.216512212198502
4.0,462.0,28.223640987365204
4.0,463.0,28.231587033829026
4.0,464.0,28.240377433622704
4.0,465.0,28.25004334269652
4.0,466.0,28.2606200866434
4.0,467.0,28.272147356592043
4.0,468.0,28.28466938780655
4.0,469.0,28.298235242668547
4.0,470.0,28.312899080492297
4.0,471.0,28.328720539522344
4.0,472.0,28.345765113869334
4.0,473.0,28.364104654616757
4.0,474.0,28.383817878832378
4.0,475.0,28.404991020101516
4.0,476.0,28.42771850632485
4.0,477.0,28.45210380368475
4.0,478.0,28.478260316066695
4.0,479.0,28.506312485624967
4.0,480.0,28.53639698961637
4.0,481.0,28.568664188398934
4.0,482.0,28.60327972903471
4.0,483.0,28.64042647250502
4.0,484.0,28.68030666367936
4.0,485.0,28.723144531491425
4.0,486.0,28.769189261711652
4.0,487.0,28.818718559634043
4.0,488.0,28.872042782225016
4.0,489.0,28.929509904379223
4.0,490.0,28.99151135925392
4.0,491.0,29.05848909458731
4.0,492.0,29.130943985449214
4.0,493.0,29.20944607525224
4.0,494.0,29.294646957060486
4.0,495.0,29.387294992362182
4.0,496.0,29.488253981441357
4.0,497.0,29.59852638648874
4.0,498.0,29.71928227191213
4.0,499.0,29.851895813669145
4.0,500.0,29.997991582995933
4.0,501.0,30.159503906688546
4.0,502.0,30.33875355997564
4.0,503.0,30.53854801528351
4.0,504.0,30.762313719557113
4.0,505.0,31.014272763298553
4.0,506.0,31.299681456028313
4.0,507.0,31.62515658908135
4.0,508.0,31.9991269477608
4.0,509.0,32.43246583795102
4.0,510.0,32.93938675414116
4.0,511.0,33.538722715762056
4.0,512.0,34.25576051072666
4.0,513.0,35.12485719057981
4.0,514.0,36.19308833611647
4.0,515.0,37.525038168710026
4.0,516.0,39.208171410618284
4.0,517.0,41.356090861709625
4.0,518.0,44.10136149725278
4.0,519.0,47.55750216970364
4.0,520.0,51.713155745123125
4.0,521.0,56.23805262560053
4.0,522.0,60.393551792816254
4.0,523.0,63.84938312334825
4.0,524.0,66.5941884315971
4.0,525.0,68.74148498598022
4.0,526.0,70.42383564340282
4.0,527.0,71.75484053852158
4.0,528.0,72.8219611781745
4.0,529.0,73.68977799915922
4.0,530.0,74.40536222358922
4.0,531.0,75.00306594464777
4.0,532.0,75.50817038541219
4.0,533.0,75.93950236152266
4.0,534.0,76.31126851574423
4.0,535.0,76.63433461454932
4.0,536.0,76.91712120454025
4.0,537.0,77.1662360915678
4.0,538.0,77.38692583811083
4.0,539.0,77.58340197025358
4.0,540.0,77.75907953451794
4.0,541.0,77.91675370203467
4.0,542.0,78.05873202254092
4.0,543.0,78.18693459833709
4.0,544.0,78.30297074811088
4.0,545.0,78.40819828137006
4.0,546.0,78.5037697461331
4.0,547.0,78.59066884001744
4.0,548.0,78.66973930596767
4.0,549.0,78.74170804305032
4.0,550.0,78.80720372178087
4.0,551.0,78.86677187442851
4.0,552.0,78.92088720843913
4.0,553.0,78.96996370023155
4.0,554.0,79.01436292425537
4.0,555.0,79.05440094009032
4.0,556.0,79.09035402955814
4.0,557.0,79.12246346764164
4.0,558.0,79.1509395271769
4.0,559.0,79.17596481485316
4.0,560.0,79.19769708630443
4.0,561.0,79.21627158154462
4.0,562.0,79.23180299934339
4.0,563.0,79.24438711299067
4.0,564.0,79.25410213044641
4.0,565.0,79.26100977291017
4.0,566.0,79.2651561673581
4.0,567.0,79.26657250490565
4.0,568.0,79.2652755579883
4.0,569.0,79.26126798974836
4.0,570.0,79.25453854891053
4.0,571.0,79.24506206713856
4.0,572.0,79.2327993539045
4.0,573.0,79.21769689038918
4.0,574.0,79.19968641959898
4.0,575.0,79.17868431872347
4.0,576.0,79.15459085252763
4.0,577.0,79.12728917735485
4.0,578.0,79.09664419456088
4.0,579.0,79.06250110442973
4.0,580.0,79.02468375649669
4.0,581.0,78.98299262516713
4.0,582.0,78.93720249880059
4.0,583.0,78.88705968298093
4.0,584.0,78.8322787905071
4.0,585.0,78.77253888085224
4.0,586.0,78.70747899319515
4.0,587.0,78.63669278166662
4.0,588.0,78.55972224739416
4.0,589.0,78.47605019488785
4.0,590.0,78.3850913223171
4.0,591.0,78.28618144592242
4.0,592.0,78.17856462171602
4.0,593.0,78.06137745623882
4.0,594.0,77.9336301139681
4.0,595.0,77.79418295770795
4.0,596.0,77.6417178734388
4.0,597.0,77.47470258552885
4.0,598.0,77.29134617599178
4.0,599.0,77.0895429496941
4.0,600.0,76.86680126685725
4.0,601.0,76.62015224420198
4.0,602.0,76.34603180046892
4.0,603.0,76.04012644415576
4.0,604.0,75.69716980153049
4.0,605.0,75.31067082721967
4.0,606.0,74.87254679421488
4.0,607.0,74.3726213531409
4.0,608.0,73.79792992538616
4.0,609.0,73.13174658050048
4.0,610.0,72.35220611097596
4.0,611.0,71.43033581121101
4.0,612.0,70.32723358857754
4.0,613.0,68.9900425685643
4.0,614.0,67.34633840143277
4.0,615.0,65.29675983611507
4.0,616.0,62.70674434161046
4.0,617.0,59.40151642006295
4.0,618.0,55.17712747707757
4.0,619.0,49.85893008980833
4.0,620.0,43.464393201308205
4.0,621.0,36.50161973491145
4.0,622.0,30.10697577631903
4.0,623.0,24.788563884462608
4.0,624.0,20.56385227310727
4.0,625.0,17.258192420995382
4.0,626.0,14.667634264724576
4.0,627.0,12.617400458314426
4.0,628.0,10.972926240988807
4.0,629.0,9.634847737359559
4.0,630.0,8.530737575103402
4.0,631.0,7.607735441454653
4.0,632.0,6.826935384778007
4.0,633.0,6.159360397603009
4.0,634.0,5.58314052100662
4.0,635.0,5.081544596512524
4.0,636.0,4.641602332279618
4.0,637.0,4.253131148158293
4.0,638.0,3.9080415579361163
4.0,639.0,3.5998351905860266
4.0,640.0,3.323237766619015
4.0,641.0,3.0739272644757794
4.0,642.0,2.8483304315311178
4.0,643.0,2.6434685208429163
4.0,644.0,2.456839315589791
4.0,645.0,2.2863257716782086
4.0,646.0,2.130124824205958
4.0,647.0,1.9866911856480636
4.0,648.0,1.8546928330373027
4.0,649.0,1.7329752465134933
4.0,650.0,1.6205326947210184
4.0,651.0,1.516484787460664
4.0,652.0,1.4200574346143775
4.0,653.0,1.3305670562945315
4.0,654.0,1.2474076449671851
4.0,655.0,1.1700398741358309
4.0,656.0,1.0979821153578315
4.0,657.0,1.0308027609373305
4.0,658.0,0.9681138657566032
4.0,659.0,0.9095656272451133
4.0,660.0,0.8548418070824182
4.0,661.0,0.8036556891563014
4.0,662.0,0.7557467317705127
4.0,663.0,0.7108775571977874
4.0,664.0,0.6688314696192225
4.0,665.0,0.6294101770069639
4.0,666.0,0.5924319279280477
4.0,667.0,0.5577297614573503
4.0,668.0,0.5251500928503073
4.0,669.0,0.4945513496962284
4.0,670.0,0.46580288753047494
4.0,671.0,0.4387839123273611
4.0,672.0,0.41338264163234373
4.0,673.0,0.3894954420284066
4.0,674.0,0.3670261750594168
4.0,675.0,0.34588549803569996
4.0,676.0,0.3259903505190247
4.0,677.0,0.3072633806670719
4.0,678.0,0.2896325396946982
4.0,679.0,0.27303060577975646
4.0,680.0,0.2573948622339803
4.0,681.0,0.2426666980491718
4.0,682.0,0.22879135152141905
4.0,683.0,0.21571757164108096
4.0,684.0,0.2033974133023311
4.0,685.0,0.19178594749916963
4.0,686.0,0.18084109748768717
4.0,687.0,0.17052338853335142
4.0,688.0,0.1607958168007268
4.0,689.0,0.15162363147599445
4.0,690.0,0.14297422996563713
4.0,691.0,0.1348169667837189
4.0,692.0,0.12712307000828685
4.0,693.0,0.11986547251137261
4.0,694.0,0.1130187456647
4.0,695.0,0.10655894939937363
4.0,696.0,0.1004635799539865
4.0,697.0,0.09471143595133179
4.0,698.0,0.08928257760262723
4.0,699.0,0.08415820653205865
4.0,700.0,0.07932063433491834
4.0,701.0,0.07475317430544928
4.0,702.0,0.0704401176269958
4.0,703.0,0.06636663549270763
4.0,704.0,0.0625187615066948
4.0,705.0,0.05888330295175146
4.0,706.0,0.05544782822024258
4.0,707.0,0.05220058619394856
4.0,708.0,0.04913049771573772
4.0,709.0,0.046227082215873856
4.0,710.0,0.04348045239085937
4.0,711.0,0.04088124734717511
4.0,712.0,0.03842062977994785
4.0,713.0,0.03609022501604351
4.0,714.0,0.03388212008849526
4.0,715.0,0.03178880815147239
4.0,716.0,0.029803188931378316
4.0,717.0,0.027918518060576505
4.0,718.0,0.02612840845634753
4.0,719.0,0.02442678418155377
4.0,720.0,0.022807882361042874
4.0,721.0,0.02126621122815242
4.0,722.0,0.019796552236858302
4.0,723.0,0.01839392199509597
4.0,724.0,0.017053574271697167
4.0,725.0,0.015770965552454837
4.0,726.0,0.014541756675025233
4.0,727.0,0.013361781772684532
4.0,728.0,0.012227049298964583
4.0,729.0,0.011133714148083573
4.0,730.0,0.010078077854979125
4.0,731.0,0.009056563701186454
4.0,732.0,0.008065715895802144
4.0,733.0,0.0071021774917170545
4.0,734.0,0.0061626883694175
4.0,735.0,0.005244065801415952
4.0,736.0,0.00434320107408994
4.0,737.0,0.0034570425482475134
4.0,738.0,0.0025825907647415627
4.0,739.0,0.0017168838566306572
4.0,740.0,0.0008569909923337541
4.0,741.0,0.0
5.0,0.0,0.0
5.0,1.0,0.0004732847393795449
5.0,2.0,0.0009481724517353354
5.0,3.0,0.0014262712415935496
5.0,4.0,0.0019092006339155305
5.0,5.0,0.002398595623373807
5.0,6.0,0.002896114195712237
5.0,7.0,0.003403440370899275
5.0,8.0,0.003922293033352297
5.0,9.0,0.004454428047400702
5.0,10.0,0.005001648475215583
5.0,11.0,0.005565805846540023
5.0,12.0,0.0061488118468791585
5.0,13.0,0.0067526388283048406
5.0,14.0,0.0073793330555286035
5.0,15.0,0.008031014550878044
5.0,16.0,0.008709891992423974
5.0,17.0,0.009418261994110503
5.0,18.0,0.01015852575830767
5.0,19.0,0.010933187901756392
5.0,20.0,0.011744874974989711
5.0,21.0,0.012596333956482995
5.0,22.0,0.013490452763612912
5.0,23.0,0.014430258551506309
5.0,24.0,0.015418940354945137
5.0,25.0,0.01645984734529299
5.0,26.0,0.017556513760460767
5.0,27.0,0.018712657293474235
5.0,28.0,0.019932206488864807
5.0,29.0,0.021219299460576626
5.0,30.0,0.022578313958669497
5.0,31.0,0.024013866643176406
5.0,32.0,0.02553084605572934
5.0,33.0,0.027134412710718613
5.0,34.0,0.028830035243561092
5.0,35.0,0.030623491622423154
5.0,36.0,0.032520908789860775
5.0,37.0,0.034528765349169065
5.0,38.0,0.03665393507098504
5.0,39.0,0.03890369147023524
5.0,40.0,0.04128575561652438
5.0,41.0,0.04380830309353866
5.0,42.0,0.04648001663491727
5.0,43.0,0.04931009605156591
5.0,44.0,0.05230831631749014
5.0,45.0,0.055485041166663925
5.0,46.0,0.058851287381587854
5.0,47.0,0.06241874290655817
5.0,48.0,0.0661998382528736
5.0,49.0,0.07020777015804437
5.0,50.0,0.07445658122538315
5.0,51.0,0.07896119039015696
5.0,52.0,0.08373748217079419
5.0,53.0,0.08880234549829776
5.0,54.0,0.09417377428896767
5.0,55.0,0.09987091657286351
5.0,56.0,0.10591418852739963
5.0,57.0,0.11232533633178661
5.0,58.0,0.11912756635923472
5.0,59.0,0.1263456228246919
5.0,60.0,0.13400593756473028
5.0,61.0,0.14213672738725194
5.0,62.0,0.1507681678333041
5.0,63.0,0.1599325152515326
5.0,64.0,0.16966431022005704
5.0,65.0,0.18000053085590095
5.0,66.0,0.1909808332971572
5.0,67.0,0.20264774476074254
5.0,68.0,0.21504695081538514
5.0,69.0,0.2282275394234041
5.0,70.0,0.24224234791805271
5.0,71.0,0.2571482730011334
5.0,72.0,0.27300669472982303
5.0,73.0,0.2898838726232097
5.0,74.0,0.3078514700886209
5.0,75.0,0.32698706405697175
5.0,76.0,0.3473748019211104
5.0,77.0,0.3691060624363039
5.0,78.0,0.3922802895928856
5.0,79.0,0.4170058573580668
5.0,80.0,0.44340114279544335
5.0,81.0,0.47159566887752624
5.0,82.0,0.5017315054683522
5.0,83.0,0.5339647965232874
5.0,84.0,0.5684676168523409
5.0,85.0,0.6054300383773715
5.0,86.0,0.645062630350458
5.0,87.0,0.6875992935438996
5.0,88.0,0.733300684195935
5.0,89.0,0.782458161158983
5.0,90.0,0.8353985603137994
5.0,91.0,0.8924897854387897
5.0,92.0,0.9541475967287785
5.0,93.0,1.0208436801165028
5.0,94.0,1.093115505995793
5.0,95.0,1.1715782217301025
5.0,96.0,1.2569393038432524
5.0,97.0,1.3500164971935642
5.0,98.0,1.451760149432477
5.0,99.0,1.5632809772615484
5.0,100.0,1.685885066588072
5.0,101.0,1.8211180841656425
5.0,102.0,1.9708217978193114
5.0,103.0,2.137206664825349
5.0,104.0,2.3229460577285534
5.0,105.0,2.53129931458615
5.0,106.0,2.7662739360965163
5.0,107.0,3.0328406503010874
5.0,108.0,3.3372204962001883
5.0,109.0,3.6872691304462486
5.0,110.0,4.092991307574158
5.0,111.0,4.56722433372038
5.0,112.0,5.126528621691522
5.0,113.0,5.79229889035445
5.0,114.0,6.59202525881943
5.0,115.0,7.5604069069489706
5.0,116.0,8.73949601337884
5.0,117.0,10.175975465623704
5.0,118.0,11.911856320621204
5.0,119.0,13.962957066859822
5.0,120.0,16.281453932011946
5.0,121.0,18.716434551843243
5.0,122.0,21.034928793233977
5.0,123.0,23.086024283020123
5.0,124.0,24.82189723097748
5.0,125.0,26.258366098677996
5.0,126.0,27.437441907010793
5.0,127.0,28.4058074982026
5.0,128.0,29.20551499617353
5.0,129.0,29.87126351647825
5.0,130.0,30.4305431040601
5.0,131.0,30.904748393534202
5.0,132.0,31.310439703021817
5.0,133.0,31.660454233247606
5.0,134.0,31.964796622173058
5.0,135.0,32.23132239834816
5.0,136.0,32.466252460614314
5.0,137.0,32.67455738434601
5.0,138.0,32.860244504439514
5.0,139.0,33.02657297946746
5.0,140.0,33.176215988071306
5.0,141.0,33.311383778547665
5.0,142.0,33.433917893808726
5.0,143.0,33.54536375897667
5.0,144.0,33.64702720061661
5.0,145.0,33.740018657443045
5.0,146.0,33.82528817932956
5.0,147.0,33.90365319245734
5.0,148.0,33.97582083245154
5.0,149.0,34.04240588224101
5.0,150.0,34.10394542272223
5.0,151.0,34.16091072370918
5.0,152.0,34.21371710088933
5.0,153.0,34.26273198329526
5.0,154.0,34.30828169977071
5.0,155.0,34.35065706764035
5.0,156.0,34.39011816472871
5.0,157.0,34.42689827388642
5.0,158.0,34.46120730412515
5.0,159.0,34.4932346216717
5.0,160.0,34.5231515468665
5.0,161.0,34.55111341665511
5.0,162.0,34.57726143740147
5.0,163.0,34.60172420754405
5.0,164.0,34.62461911384088
5.0,165.0,34.64605346866944
5.0,166.0,34.666125577414356
5.0,167.0,34.684925596479225
5.0,168.0,34.70253636016023
5.0,169.0,34.71903403327251
5.0,170.0,34.73448875945856
5.0,171.0,34.748965160571444
5.0,172.0,34.76252285035141
5.0,173.0,34.77521681771978
5.0,174.0,34.78709783723265
5.0,175.0,34.79821276291487
5.0,176.0,34.80860485801048
5.0,177.0,34.81831401842409
5.0,178.0,34.82737703781023
5.0,179.0,34.83582777408381
5.0,180.0,34.843697360987804
5.0,181.0,34.85101432677933
5.0,182.0,34.857804759480864
5.0,183.0,34.86409238320856
5.0,184.0,34.86989868085934
5.0,185.0,34.87524293016307
5.0,186.0,34.88014228412831
5.0,187.0,34.88461176529193
5.0,188.0,34.888664300317046
5.0,189.0,34.8923106664802
5.0,190.0,34.89555947166527
5.0,191.0,34.898417040979695
5.0,192.0,34.9008873258883
5.0,193.0,34.90297170952423
5.0,194.0,34.90466881693536
5.0,195.0,34.90597420259207
5.0,196.0,34.90688001422757
5.0,197.0,34.90737450055773
5.0,198.0,34.907441447563
5.0,199.0,34.90705939965536
5.0,200.0,34.90620072714334
5.0,201.0,34.904830372766796
5.0,202.0,34.90290429828419
5.0,203.0,34.90036741631068
5.0,204.0,34.89715095434433
5.0,205.0,34.893168941589
5.0,206.0,34.888313626316474
5.0,207.0,34.88244933102517
5.0,208.0,34.87540429751889
5.0,209.0,34.86695970437401
5.0,210.0,34.85683501131929
5.0,211.0,34.84466842783585
5.0,212.0,34.829991509266286
5.0,213.0,34.812197402633984
5.0,214.0,34.79050485296748
5.0,215.0,34.76392637760743
5.0,216.0,34.73126418860238
5.0,217.0,34.69118796464214
5.0,218.0,34.642500670372485
5.0,219.0,34.58475342608755
5.0,220.0,34.51931552918283
5.0,221.0,34.45050148307064
5.0,222.0,34.38497014471431
5.0,223.0,34.32703569996502
5.0,224.0,34.278066809204276
5.0,225.0,34.23761363550842
5.0,226.0,34.20447786040693
5.0,227.0,34.17732755203183
5.0,228.0,34.154962974876014
5.0,229.0,34.13639435930794
5.0,230.0,34.120837810449466
5.0,231.0,34.10768347905947
5.0,232.0,34.096459550234854
5.0,233.0,34.086800484624
5.0,234.0,34.078421592613175
5.0,235.0,34.07109949690625
5.0,236.0,34.06465745043291
5.0,237.0,34.05895434608604
5.0,238.0,34.053876530466404
5.0,239.0,34.04933164923426
5.0,240.0,34.045244027884614
5.0,241.0,34.04155114623238
5.0,242.0,34.038200960117024
5.0,243.0,34.03514981781582
5.0,244.0,34.032360857981516
5.0,245.0,34.02980273698329
5.0,246.0,34.02744864066414
5.0,247.0,34.02527548170805
5.0,248.0,34.02326327225661
5.0,249.0,34.02139460219327
5.0,250.0,34.01965423024752
5.0,251.0,34.01802873515962
5.0,252.0,34.016506242736405
5.0,253.0,34.01507618633227
5.0,254.0,34.01372912060949
5.0,255.0,34.01245655286459
5.0,256.0,34.011250813293
5.0,257.0,34.010104933245174
5.0,258.0,34.009012552990285
5.0,259.0,34.00796783165092
5.0,260.0,34.006965380205884
5.0,261.0,34.006000193133396
5.0,262.0,34.00506759854825
5.0,263.0,34.00416320486864
5.0,264.0,34.003282862590204
5.0,265.0,34.0024226213678
5.0,266.0,34.00157869958559
5.0,267.0,34.000747448568205
5.0,268.0,33.999925327160625
5.0,269.0,33.99910887062137
5.0,270.0,33.998294668085215
5.0,271.0,33.99747933420184
5.0,272.0,33.996659487738945
5.0,273.0,33.995831724305035
5.0,274.0,33.99499259452694
5.0,275.0,33.994138576282076
5.0,276.0,33.99326605088336
5.0,277.0,33.99237127315828
5.0,278.0,33.99145034389533
5.0,279.0,33.99049917583103
5.0,280.0,33.98951346022514
5.0,281.0,33.98848862630429
5.0,282.0,33.98741979917184
5.0,283.0,33.98630174941741
5.0,284.0,33.985128838509965
5.0,285.0,33.98389495395785
5.0,286.0,33.982593436674705
5.0,287.0,33.981216994996515
5.0,288.0,33.97975760590033
5.0,289.0,33.97820639789768
5.0,290.0,33.976553513827874
5.0,291.0,33.974787947364206
5.0,292.0,33.972897348355254
5.0,293.0,33.970867789013404
5.0,294.0,33.96868348157948
5.0,295.0,33.96632643570522
5.0,296.0,33.963776039166376
5.0,297.0,33.9610085428541
5.0,298.0,33.95799642196934
5.0,299.0,33.9547075805623
5.0,300.0,33.951104350800776
5.0,301.0,33.94714222792066
5.0,302.0,33.942768254567696
5.0,303.0,33.93791894522487
5.0,304.0,33.93251759316948
5.0,305.0,33.92647075333901
5.0,306.0,33.91966360715691
5.0,307.0,33.91195381658787
5.0,308.0,33.90316332067445
5.0,309.0,33.89306735425058
5.0,310.0,33.88137974731982
5.0,311.0,33.86773339682549
5.0,312.0,33.85165482091377
5.0,313.0,33.8325324094849
5.0,314.0,33.80958039149754
5.0,315.0,33.78180701525991
5.0,316.0,33.74801043434753
5.0,317.0,33.706856486506375
5.0,318.0,33.657144478785376
5.0,319.0,33.59842206495286
5.0,320.0,33.53205523484806
5.0,321.0,33.46235535157282
5.0,322.0,33.395978268815455
5.0,323.0,33.337235314838516
5.0,324.0,33.287492409633245
5.0,325.0,33.24629710195243
5.0,326.0,33.21244855815167
5.0,327.0,33.18461243928323
5.0,328.0,33.16158668537154
5.0,329.0,33.14237929382034
5.0,330.0,33.12620420411608
5.0,331.0,33.1124494774348
5.0,332.0,33.10064126235987
5.0,333.0,33.090412044540145
5.0,334.0,33.08147519897369
5.0,335.0,33.073605460649595
5.0,336.0,33.066624221527825
5.0,337.0,33.0603885478551
5.0,338.0,33.054782973851175
5.0,339.0,33.049713354055
5.0,340.0,33.04510222480696
5.0,341.0,33.04088528504216
5.0,342.0,33.03700869935972
5.0,343.0,33.033427019950665
5.0,344.0,33.03010156644433
5.0,345.0,33.026999157854874
5.0,346.0,33.02409110666859
5.0,347.0,33.02135241978011
5.0,348.0,33.018761153723105
5.0,349.0,33.01629789534276
5.0,350.0,33.01394533564254
5.0,351.0,33.011687921988475
5.0,352.0,33.00951156785495
5.0,353.0,33.00740341279809
5.0,354.0,33.00535161863761
5.0,355.0,33.003345198489676
5.0,356.0,33.00137386892291
5.0,357.0,32.99942792384227
5.0,358.0,32.99749812329203
5.0,359.0,32.995575596575364
5.0,360.0,32.993651755041775
5.0,361.0,32.99171821401404
5.0,362.0,32.98976672094541
5.0,363.0,32.98778908888506
5.0,364.0,32.98577713385342
5.0,365.0,32.98372261448538
5.0,366.0,32.98161717393458
5.0,367.0,32.97945228142907
5.0,368.0,32.977219174806436
5.0,369.0,32.97490880024507
5.0,370.0,32.97251175182993
5.0,371.0,32.970018205808024
5.0,372.0,32.9674178534696
5.0,373.0,32.96469982596085
5.0,374.0,32.96185261624462
5.0,375.0,32.95886398976082
5.0,376.0,32.95572089024422
5.0,377.0,32.95240933025791
5.0,378.0,32.94891427405823
5.0,379.0,32.94521950005573
5.0,380.0,32.94130745148838
5.0,381.0,32.93715905987946
5.0,382.0,32.93275355061543
5.0,383.0,32.92806821196536
5.0,384.0,32.923078137113876
5.0,385.0,32.91775591645837
5.0,386.0,32.91207128916197
5.0,387.0,32.90599072588859
5.0,388.0,32.89947694975168
5.0,389.0,32.892488360088485
5.0,390.0,32.88497836178642
5.0,391.0,32.87689455419102
5.0,392.0,32.868177773973
5.0,393.0,32.858760929862065
5.0,394.0,32.84856760817069
5.0,395.0,32.83751036120577
5.0,396.0,32.82548862927203
5.0,397.0,32.812386165093685
5.0,398.0,32.79806785962852
5.0,399.0,32.782375762425154
5.0,400.0,32.76512409935792
5.0,401.0,32.74609294344556
5.0,402.0,32.72502015963579
5.0,403.0,32.70159102161493
5.0,404.0,32.675424771474134
5.0,405.0,32.646057027512114
5.0,406.0,32.61291663516828
5.0,407.0,32.57529492976534
5.0,408.0,32.53230474803946
5.0,409.0,32.48282551336129
5.0,410.0,32.42542976363953
5.0,411.0,32.35828550121416
5.0,412.0,32.27902899747879
5.0,413.0,32.184606036280755
5.0,414.0,32.07109178618385
5.0,415.0,31.933531692396105
5.0,416.0,31.765920944687345
5.0,417.0,31.561593362449518
5.0,418.0,31.314550361447214
5.0,419.0,31.022535331784773
5.0,420.0,30.692383628702785
5.0,421.0,30.345657750057196
5.0,422.0,30.015642970147486
5.0,423.0,29.723902252139148
5.0,424.0,29.47727188446489
5.0,425.0,29.273496659802838
5.0,426.0,29.106579873619832
5.0,427.0,28.969857705198553
5.0,428.0,28.85732819739261
5.0,429.0,28.764040146433512
5.0,430.0,28.68607258825339
5.0,431.0,28.620375697039226
5.0,432.0,28.564590681508125
5.0,433.0,28.516891037080143
5.0,434.0,28.47585538039796
5.0,435.0,28.440369810487468
5.0,436.0,28.409554472801517
5.0,437.0,28.382708658644148
5.0,438.0,28.359269859535406
5.0,439.0,28.338783047642433
5.0,440.0,28.320877576803948
5.0,441.0,28.305249612183616
5.0,442.0,28.291648747979906
5.0,443.0,28.279867651078103
5.0,444.0,28.26973407268833
5.0,445.0,28.261104552014167
5.0,446.0,28.25385951070786
5.0,447.0,28.24789931332957
5.0,448.0,28.24314118105426
5.0,449.0,28.239516664976602
5.0,450.0,28.236969668797563
5.0,451.0,28.23545479678732
5.0,452.0,28.234936074796483
5.0,453.0,28.235385857549563
5.0,454.0,28.236784004323734
5.0,455.0,28.239117156345376
5.0,456.0,28.24237821942484
5.0,457.0,28.246565895817398
5.0,458.0,28.251684382996373
5.0,459.0,28.25774308871656
5.0,460.0,28.264756490035158
5.0,461.0,28.272743988100473
5.0,462.0,28.281729893886354
5.0,463.0,28.291743397478093
5.0,464.0,28.302818662119687
5.0,465.0,28.31499489558039
5.0,466.0,28.328316545207187
5.0,467.0,28.342833468839743
5.0,468.0,28.358601232634932
5.0,469.0,28.375681387626912
5.0,470.0,28.39414188057472
5.0,471.0,28.414057450908647
5.0,472.0,28.435510173929867
5.0,473.0,28.458590002702152
5.0,474.0,28.483395473793856
5.0,475.0,28.510034430944017
5.0,476.0,28.538624937609185
5.0,477.0,28.569296235597864
5.0,478.0,28.602189927904835
5.0,479.0,28.637461248295065
5.0,480.0,28.675280605112263
5.0,481.0,28.715835270496637
5.0,482.0,28.75933141538524
5.0,483.0,28.805996375107807
5.0,484.0,28.856081364516427
5.0,485.0,28.90986454882756
5.0,486.0,28.967654716841942
5.0,487.0,29.029795496359046
5.0,488.0,29.09667040120137
5.0,489.0,29.168708703249674
5.0,490.0,29.246392486729835
5.0,491.0,29.330264964986803
5.0,492.0,29.420940527549952
5.0,493.0,29.519116741461335
5.0,494.0,29.62558895979835
5.0,495.0,29.741268005157274
5.0,496.0,29.867201899581502
5.0,497.0,30.0046025334122
5.0,498.0,30.154878808266172
5.0,499.0,30.31967790766751
5.0,500.0,30.50093725676879
5.0,501.0,30.700950227487148
5.0,502.0,30.92245006979921
5.0,503.0,31.16871777780441
5.0,504.0,31.443722039431922
5.0,505.0,31.752302075465373
5.0,506.0,32.10040857365712
5.0,507.0,32.4954232358505
5.0,508.0,32.94658525597798
5.0,509.0,33.465562313184606
5.0,510.0,34.06721489425603
5.0,511.0,34.77061173435934
5.0,512.0,35.600352877041324
5.0,513.0,36.58822062327323
5.0,514.0,37.775053104285504
5.0,515.0,39.2123988874117
5.0,516.0,40.96273077139083
5.0,517.0,43.09540126599117
5.0,518.0,45.67282161785146
5.0,519.0,48.718488167280356
5.0,520.0,52.1613427437082
5.0,521.0,55.77716671221371
5.0,522.0,59.21982670260612
5.0,523.0,62.26510341866531
5.0,524.0,64.8419373633076
5.0,525.0,66.97382288350225
5.0,526.0,68.72316855393402
5.0,527.0,70.15932353049622
5.0,528.0,71.34475655634783
5.0,529.0,72.3310114363601
5.0,530.0,73.15892080443233
5.0,531.0,73.86026072201918
5.0,532.0,74.45962421447642
5.0,533.0,74.97607221027897
5.0,534.0,75.42445655562524
5.0,535.0,75.81643544235644
5.0,536.0,76.16123767556724
5.0,537.0,76.46623365029774
5.0,538.0,76.73736176463775
5.0,539.0,76.97944794604143
5.0,540.0,77.19644650965877
5.0,541.0,77.39162297123183
5.0,542.0,77.56769390912683
5.0,543.0,77.72693479778795
5.0,544.0,77.87126383823141
5.0,545.0,78.00230762266872
5.0,546.0,78.1214529787822
5.0,547.0,78.22988819019608
5.0,548.0,78.3286360074905
5.0,549.0,78.41858025509853
5.0,550.0,78.50048741043479
5.0,551.0,78.57502421098143
5.0,552.0,78.64277209029521
5.0,553.0,78.70423908520326
5.0,554.0,78.75986968503786
5.0,555.0,78.81005303243101
5.0,556.0,78.85512974993195
5.0,557.0,78.89539766904588
5.0,558.0,78.93111661402419
5.0,559.0,78.9625124407181
5.0,560.0,78.98978040370241
5.0,561.0,79.01308800863701
5.0,562.0,79.0325773690699
5.0,563.0,79.04836720088512
5.0,564.0,79.06055443462309
5.0,565.0,79.0692155669447
5.0,566.0,79.07440770159002
5.0,567.0,79.0761693963689
5.0,568.0,79.0745212421628
5.0,569.0,79.06946629005606
5.0,570.0,79.06099023143186
5.0,571.0,79.04906144914585
5.0,572.0,79.03363082515101
5.0,573.0,79.01463142572324
5.0,574.0,78.99197793070272
5.0,575.0,78.96556593084237
5.0,576.0,78.93527094015988
5.0,577.0,78.90094724910185
5.0,578.0,78.86242644417337
5.0,579.0,78.81951571899174
5.0,580.0,78.771995777945
5.0,581.0,78.71961845216343
5.0,582.0,78.66210379910783
5.0,583.0,78.59913679309852
5.0,584.0,78.53036333944158
5.0,585.0,78.45538569565508
5.0,586.0,78.37375697959654
5.0,587.0,78.28497480570276
5.0,588.0,78.18847365302305
5.0,589.0,78.08361593364599
5.0,590.0,77.9696812503241
5.0,591.0,77.84585368846662
5.0,592.0,77.7112064504811
5.0,593.0,77.56468346697353
5.0,594.0,77.40507699704378
5.0,595.0,77.23100048788011
5.0,596.0,77.04085520466316
5.0,597.0,76.83278925861943
5.0,598.0,76.6046466656098
5.0,599.0,76.35390390354908
5.0,600.0,76.07759001064707
5.0,601.0,75.77218554616452
5.0,602.0,75.43349349110214
5.0,603.0,75.05647334186405
5.0,604.0,74.63502581903661
5.0,605.0,74.16171161469741
5.0,606.0,73.62738073142852
5.0,607.0,73.02068090676245
5.0,608.0,72.3274014913788
5.0,609.0,71.52959503131855
5.0,610.0,70.60440137715707
5.0,611.0,69.52248549878627
5.0,612.0,68.24600199017947
5.0,613.0,66.72605517747914
5.0,614.0,64.89981667291033
5.0,615.0,62.68797985557035
5.0,616.0,59.994430921243534
5.0,617.0,56.712471248298115
5.0,618.0,52.74608039247199
5.0,619.0,48.059106332633036
5.0,620.0,42.76086481183154
5.0,621.0,37.196302366585066
5.0,622.0,31.897925915491996
5.0,623.0,27.210681536483364
5.0,624.0,23.24388405277167
5.0,625.0,19.96138006091693
5.0,626.0,17.26714726385746
5.0,627.0,15.054484714172267
5.0,628.0,13.227275795404518
5.0,629.0,11.706210584059146
5.0,630.0,10.428456880372101
5.0,631.0,9.345114683611584
5.0,632.0,8.418333721156763
5.0,633.0,7.618773549248285
5.0,634.0,6.923568026852938
5.0,635.0,6.314763120920926
5.0,636.0,5.7781409782364275
5.0,637.0,5.3023414954895856
5.0,638.0,4.878206153279533
5.0,639.0,4.4982864252649515
5.0,640.0,4.156473065553804
5.0,641.0,3.8477148369039393
5.0,642.0,3.567803159757934
5.0,643.0,3.3132061821755294
5.0,644.0,3.0809396118079353
5.0,645.0,2.868465647308347
5.0,646.0,2.6736129978402206
5.0,647.0,2.4945134043212476
5.0,648.0,2.3295506079688284
5.0,649.0,2.1773193338528527
5.0,650.0,2.0365918178471167
5.0,651.0,1.9062906115520546
5.0,652.0,1.7854660647393172
5.0,653.0,1.6732778694183255
5.0,654.0,1.5689795589420703
5.0,655.0,1.4719057175446906
5.0,656.0,1.3814610822176951
5.0,657.0,1.2971115097653672
5.0,658.0,1.2183761646170093
5.0,659.0,1.144821030228799
5.0,660.0,1.0760532074691467
5.0,661.0,1.0117161817357945
5.0,662.0,0.9514855913344649
5.0,663.0,0.8950657271637612
5.0,664.0,0.8421863421572297
5.0,665.0,0.7926000299988554
5.0,666.0,0.7460797832832564
5.0,667.0,0.7024170082455171
5.0,668.0,0.6614196291238084
5.0,669.0,0.6229105692281076
5.0,670.0,0.5867262591103178
5.0,671.0,0.5527154637884203
5.0,672.0,0.5207380932194184
5.0,673.0,0.49066428941428397
5.0,674.0,0.4623734659354393
5.0,675.0,0.43575359221758947
5.0,676.0,0.4107004085641692
5.0,677.0,0.387116861598447
5.0,678.0,0.3649124552316628
5.0,679.0,0.34400280301130015
5.0,680.0,0.32430908557019333
5.0,681.0,0.3057576941782553
5.0,682.0,0.2882797724559708
5.0,683.0,0.2718109316582072
5.0,684.0,0.25629085976068483
5.0,685.0,0.24166309358296875
5.0,686.0,0.22787468229156785
5.0,687.0,0.21487600486908573
5.0,688.0,0.2026204780110831
5.0,689.0,0.1910644099949718
5.0,690.0,0.18016674515281772
5.0,691.0,0.16988894711678948
5.0,692.0,0.16019477372069518
5.0,693.0,0.15105018406273474
5.0,694.0,0.14242313896387862
5.0,695.0,0.1342835274115247
5.0,696.0,0.12660298868350517
5.0,697.0,0.11935485460389343
5.0,698.0,0.11251399020090291
5.0,699.0,0.10605674888141968
5.0,700.0,0.09996082908331534
5.0,701.0,0.09420524000469845
5.0,702.0,0.08877017217617217
5.0,703.0,0.08363697179876879
5.0,704.0,0.07878802352922952
5.0,705.0,0.07420673181288372
5.0,706.0,0.06987741446745313
5.0,707.0,0.06578528966314506
5.0,708.0,0.061916379124640555
5.0,709.0,0.05825749962505512
5.0,710.0,0.05479617481444367
5.0,711.0,0.05152063026819946
5.0,712.0,0.04841971310335045
5.0,713.0,0.045482889763947945
5.0,714.0,0.04270017271111236
5.0,715.0,0.04006212024456627
5.0,716.0,0.0375597696545706
5.0,717.0,0.03518463847504687
5.0,718.0,0.032928663569684276
5.0,719.0,0.03078420329200479
5.0,720.0,0.028743982047481527
5.0,721.0,0.026801092902493624
5.0,722.0,0.024948947221982463
5.0,723.0,0.023181277324921895
5.0,724.0,0.021492090844970873
5.0,725.0,0.019875673076737103
5.0,726.0,0.018326545746730347
5.0,727.0,0.016839468733813426
5.0,728.0,0.015409402970834755
5.0,729.0,0.014031511255418891
5.0,730.0,0.01270112502999751
5.0,731.0,0.011413744026426852
5.0,732.0,0.010165006694562658
5.0,733.0,0.008950688446843495
5.0,734.0,0.007766675523711818
5.0,735.0,0.006608961622854451
5.0,736.0,0.005473625004162255
5.0,737.0,0.004356823303229147
5.0,738.0,0.003254773689554682
5.0,739.0,0.002163745675523348
5.0,740.0,0.0010800441494788653
5.0,741.0,0.0
6.0,0.0,0.0
6.0,1.0,0.0005721311549871098
6.0,2.0,0.0011461998365838142
6.0,3.0,0.001724150461668254
6.0,4.0,0.0023079398738695116
6.0,5.0,0.0028995456781416686
6.0,6.0,0.0035009705145876853
6.0,7.0,0.004114251928653495
6.0,8.0,0.004741465475444767
6.0,9.0,0.005384736219074375
6.0,10.0,0.006046240764107424
6.0,11.0,0.006728220481291415
6.0,12.0,0.007432982567788202
6.0,13.0,0.008162915101778877
6.0,14.0,0.008920487239820571
6.0,15.0,0.009708266209777197
6.0,16.0,0.010528916762133701
6.0,17.0,0.011385220219535147
6.0,18.0,0.012280073309410609
6.0,19.0,0.013216509399337405
6.0,20.0,0.014197696851140173
6.0,21.0,0.015226962584631007
6.0,22.0,0.016307790108798372
6.0,23.0,0.01744384557258532
6.0,24.0,0.018638975647299237
6.0,25.0,0.019897236242458073
6.0,26.0,0.021222890435679834
6.0,27.0,0.02262044005485631
6.0,28.0,0.024094623878207315
6.0,29.0,0.02565045231189935
6.0,30.0,0.027293206114541405
6.0,31.0,0.029028474432824625
6.0,32.0,0.030862154342594216
6.0,33.0,0.032800492545382
6.0,34.0,0.0348500860637126
6.0,35.0,0.03701792795011271
6.0,36.0,0.039311409529288834
6.0,37.0,0.04173837053034812
6.0,38.0,0.044307103335216515
6.0,39.0,0.047026408017002086
6.0,40.0,0.049905599135468326
6.0,41.0,0.05295456625308093
6.0,42.0,0.05618378391835104
6.0,43.0,0.059604378340508135
6.0,44.0,0.06322814132508175
6.0,45.0,0.0670676039240539
6.0,46.0,0.07113605524170004
6.0,47.0,0.07544762404699737
6.0,48.0,0.08001730356010861
6.0,49.0,0.08486104222765878
6.0,50.0,0.0899957758427126
6.0,51.0,0.09543952895441847
6.0,52.0,0.10121145598206518
6.0,53.0,0.10733195507606047
6.0,54.0,0.1138227202799523
6.0,55.0,0.12070687010330763
6.0,56.0,0.12800901329179842
6.0,57.0,0.13575539494610445
6.0,58.0,0.14397397911639775
6.0,59.0,0.1526946160482524
6.0,60.0,0.1619491456748207
6.0,61.0,0.17177159055035038
6.0,62.0,0.18219828544088137
6.0,63.0,0.1932681018005907
6.0,64.0,0.2050226101569834
6.0,65.0,0.21750634370967384
6.0,66.0,0.2307670022048383
6.0,67.0,0.24485576455186656
6.0,68.0,0.25982754557688786
6.0,69.0,0.2757413706900597
6.0,70.0,0.2926607005748332
6.0,71.0,0.31065388522848525
6.0,72.0,0.3297945766811763
6.0,73.0,0.35016228565645385
6.0,74.0,0.3718429094059945
6.0,75.0,0.3949294225052233
6.0,76.0,0.4195225567021019
6.0,77.0,0.44573166903604605
6.0,78.0,0.47367562453476386
6.0,79.0,0.5034839015282291
6.0,80.0,0.535297748073714
6.0,81.0,0.569271608499505
6.0,82.0,0.6055746536739447
6.0,83.0,0.6443926483115463
6.0,84.0,0.6859299984754144
6.0,85.0,0.7304122321340549
6.0,86.0,0.7780887723635328
6.0,87.0,0.8292362839498462
6.0,88.0,0.884162480298793
6.0,89.0,0.9432107128145816
6.0,90.0,1.006765274557848
6.0,91.0,1.075257803982458
6.0,92.0,1.1491747944808386
6.0,93.0,1.2290666964239605
6.0,94.0,1.315558740202391
6.0,95.0,1.4093641313864602
6.0,96.0,1.511299953143077
6.0,97.0,1.622306701683852
6.0,98.0,1.7434721427569282
6.0,99.0,1.8760608832076568
6.0,100.0,2.0215509559091416
6.0,101.0,2.181679621276873
6.0,102.0,2.358500744423048
6.0,103.0,2.5544573489175297
6.0,104.0,2.772473523123954
6.0,105.0,3.0160716168871637
6.0,106.0,3.289521817614483
6.0,107.0,3.598033497100149
6.0,108.0,3.9479990806606304
6.0,109.0,4.347302724480476
6.0,110.0,4.805704252839826
6.0,111.0,5.335301744919333
6.0,112.0,5.9510543927268085
6.0,113.0,6.671297840071155
6.0,114.0,7.518078706791493
6.0,115.0,8.516933245598432
6.0,116.0,9.695385571331967
6.0,117.0,11.078939924994735
6.0,118.0,12.682897162538199
6.0,119.0,14.498771270903918
6.0,120.0,16.47743380761177
6.0,121.0,18.52001367745935
6.0,122.0,20.498673042642544
6.0,123.0,22.31454079716512
6.0,124.0,23.918488476927422
6.0,125.0,25.302030036335832
6.0,126.0,26.480466287794563
6.0,127.0,27.479301417565928
6.0,128.0,28.326059474393162
6.0,129.0,29.046276633259417
6.0,130.0,29.661999424411196
6.0,131.0,30.191563389828765
6.0,132.0,30.649927607143727
6.0,133.0,31.049190028140845
6.0,134.0,31.39911033628805
6.0,135.0,31.707572532961905
6.0,136.0,31.9809688741832
6.0,137.0,32.224508547268044
6.0,138.0,32.44246153936341
6.0,139.0,32.63834998345148
6.0,140.0,32.81509773370777
6.0,141.0,32.975147561230685
6.0,142.0,33.12055305951203
6.0,143.0,33.25305119708683
6.0,144.0,33.374119693656795
6.0,145.0,33.485022820320914
6.0,146.0,33.586847983282134
6.0,147.0,33.6805352939271
6.0,148.0,33.76690142386714
6.0,149.0,33.84665913867854
6.0,150.0,33.92043319860027
6.0,151.0,33.98877355172175
6.0,152.0,34.052166154986125
6.0,153.0,34.11104207394579
6.0,154.0,34.165784989889225
6.0,155.0,34.21673760092139
6.0,156.0,34.26420692274536
6.0,157.0,34.308468874936565
6.0,158.0,34.34977208442217
6.0,159.0,34.388341228433845
6.0,160.0,34.4243798036041
6.0,161.0,34.45807260220335
6.0,162.0,34.48958775470728
6.0,163.0,34.51907859195133
6.0,164.0,34.54668516943834
6.0,165.0,34.57253568768805
6.0,166.0,34.59674764141976
6.0,167.0,34.619428917352735
6.0,168.0,34.640678668047606
6.0,169.0,34.6605881708263
6.0,170.0,34.67924149671501
6.0,171.0,34.69671618986685
6.0,172.0,34.71308378185865
6.0,173.0,34.72841033414725
6.0,174.0,34.74275683383615
6.0,175.0,34.75617962978735
6.0,176.0,34.76873073588074
6.0,177.0,34.780458182801524
6.0,178.0,34.79140624742466
6.0,179.0,34.80161573589747
6.0,180.0,34.81112415217068
6.0,181.0,34.81996592301588
6.0,182.0,34.82817251422198
6.0,183.0,34.8357726040357
6.0,184.0,34.8427921516103
6.0,185.0,34.84925452152877
6.0,186.0,34.8551805052328
6.0,187.0,34.86058839526963
6.0,188.0,34.865493956089416
6.0,189.0,34.86991044182126
6.0,190.0,34.873848507269344
6.0,191.0,34.877316156477086
6.0,192.0,34.88031857686332
6.0,193.0,34.88285799616196
6.0,194.0,34.88493341059781
6.0,195.0,34.886540312619466
6.0,196.0,34.88767026469923
6.0,197.0,34.88831043548065
6.0,198.0,34.888442938712444
6.0,199.0,34.88804407369633
6.0,200.0,34.88708329428009
6.0,201.0,34.88552197784844
6.0,202.0,34.88331179507351
6.0,203.0,34.88039270780762
6.0,204.0,34.8766903480053
6.0,205.0,34.87211273418129
6.0,206.0,34.866545999089276
6.0,207.0,34.85984898237123
6.0,208.0,34.85184626123187
6.0,209.0,34.842319386133866
6.0,210.0,34.8309959071277
6.0,211.0,34.817536207970825
6.0,212.0,34.80151856133085
6.0,213.0,34.7824244519546
6.0,214.0,34.759629011237315
6.0,215.0,34.7324073850654
6.0,216.0,34.69997763266971
6.0,217.0,34.661615274041054
6.0,218.0,34.61688709463081
6.0,219.0,34.5660392827542
6.0,220.0,34.5104790063252
6.0,221.0,34.4530344545183
6.0,222.0,34.39736122902109
6.0,223.0,34.346287134812606
6.0,224.0,34.301218570968004
6.0,225.0,34.26240056774589
6.0,226.0,34.2293983619546
6.0,227.0,34.20148552516034
6.0,228.0,34.17787776602369
6.0,229.0,34.15784746380459
6.0,230.0,34.14076656372935
6.0,231.0,34.12611292606177
6.0,232.0,34.113460755880915
6.0,233.0,34.10246590241607
6.0,234.0,34.092850907908804
6.0,235.0,34.0843918125716
6.0,236.0,34.07690717271245
6.0,237.0,34.070249261607984
6.0,238.0,34.06429708971397
6.0,239.0,34.05895095641212
6.0,240.0,34.05412816447803
6.0,241.0,34.04975968903787
6.0,242.0,34.045787539932824
6.0,243.0,34.04216270487413
6.0,244.0,34.03884349855419
6.0,245.0,34.035794268879556
6.0,246.0,34.03298434034301
6.0,247.0,34.030387182729335
6.0,248.0,34.02797971834283
6.0,249.0,34.02574177623989
6.0,250.0,34.023655626878536
6.0,251.0,34.02170561629175
6.0,252.0,34.01987784598895
6.0,253.0,34.01815992286091
6.0,254.0,34.016540733828904
6.0,255.0,34.01501027160858
6.0,256.0,34.01355947239309
6.0,257.0,34.012180092180415
6.0,258.0,34.010864587139764
6.0,259.0,34.00960602410776
6.0,260.0,34.00839799029216
6.0,261.0,34.007234527078545
6.0,262.0,34.00611006012113
6.0,263.0,34.00501934910327
6.0,264.0,34.0039574320646
6.0,265.0,34.00291958600204
6.0,266.0,34.001901281082894
6.0,267.0,34.0008981484183
6.0,268.0,33.99990594097003
6.0,269.0,33.99892050575083
6.0,270.0,33.99793774896233
6.0,271.0,33.99695361044286
6.0,272.0,33.9959640310017
6.0,273.0,33.99496492724091
6.0,274.0,33.99395215924858
6.0,275.0,33.9929215040172
6.0,276.0,33.991868621657694
6.0,277.0,33.990789025538405
6.0,278.0,33.98967804498263
6.0,279.0,33.98853078994347
6.0,280.0,33.98734210771848
6.0,281.0,33.98610653940633
6.0,282.0,33.98481826744123
6.0,283.0,33.98347106015197
6.0,284.0,33.98205820575847
6.0,285.0,33.980572439905956
6.0,286.0,33.979005859963465
6.0,287.0,33.97734982815955
6.0,288.0,33.9755948572209
6.0,289.0,33.973730478230934
6.0,290.0,33.97174508424884
6.0,291.0,33.96962574647242
6.0,292.0,33.96735799547058
6.0,293.0,33.964925560327316
6.0,294.0,33.96231005575425
6.0,295.0,33.95949060431182
6.0,296.0,33.956443378874624
6.0,297.0,33.953141043684745
6.0,298.0,33.94955206997281
6.0,299.0,33.94563989021713
6.0,300.0,33.941361850455515
6.0,301.0,33.9366679007587
6.0,302.0,33.931498953790886
6.0,303.0,33.92578481084103
6.0,304.0,33.91944153410386
6.0,305.0,33.91236809709146
6.0,306.0,33.904442109435706
6.0,307.0,33.89551434860408
6.0,308.0,33.885401790805965
6.0,309.0,33.87387879027663
6.0,310.0,33.86066610839347
6.0,311.0,33.84541769540621
6.0,312.0,33.82770575051109
6.0,313.0,33.80700599622682
6.0,314.0,33.78268811951828
6.0,315.0,33.754022094075445
6.0,316.0,33.72022108706005
6.0,317.0,33.68055596386956
6.0,318.0,33.63458910177191
6.0,319.0,33.582562487293245
6.0,320.0,33.52587930266812
6.0,321.0,33.46736392987908
6.0,322.0,33.41066835217816
6.0,323.0,33.35861690942151
6.0,324.0,33.31261269949558
6.0,325.0,33.27289758194703
6.0,326.0,33.23903376414406
6.0,327.0,33.210291897840136
6.0,328.0,33.18588489231748
6.0,329.0,33.165082417902866
6.0,330.0,33.14725381200606
6.0,331.0,33.131874399711236
6.0,332.0,33.11851593395434
6.0,333.0,33.10683186775094
6.0,334.0,33.09654241305806
6.0,335.0,33.08742131986794
6.0,336.0,33.079284903809565
6.0,337.0,33.071983222272856
6.0,338.0,33.06539310345245
6.0,339.0,33.0594126743362
6.0,340.0,33.05395708324142
6.0,341.0,33.048955145876754
6.0,342.0,33.044346714884654
6.0,343.0,33.04008060083286
6.0,344.0,33.03611292748047
6.0,345.0,33.03240581643743
6.0,346.0,33.0289263355239
6.0,347.0,33.02564564633813
6.0,348.0,33.02253831514177
6.0,349.0,33.01958174621675
6.0,350.0,33.016755718658125
6.0,351.0,33.01404199973444
6.0,352.0,33.011424025201855
6.0,353.0,33.008886628224204
6.0,354.0,33.00641581244641
6.0,355.0,33.00399855632095
6.0,356.0,33.00162264691395
6.0,357.0,32.99927653400017
6.0,358.0,32.99694920386632
6.0,359.0,32.99463006635562
6.0,360.0,32.99230885484188
6.0,361.0,32.98997553483308
6.0,362.0,32.987620220558455
6.0,363.0,32.9852330970975
6.0,364.0,32.98280434665312
6.0,365.0,32.98032407822186
6.0,366.0,32.97778225820018
6.0,367.0,32.9751686427953
6.0,368.0,32.972472708463414
6.0,369.0,32.96968358282788
6.0,370.0,32.966789970760324
6.0,371.0,32.96378007965181
6.0,372.0,32.96064153680163
6.0,373.0,32.95736130451899
6.0,374.0,32.95392558388453
6.0,375.0,32.950319714313935
6.0,376.0,32.9465280576369
6.0,377.0,32.94253387532452
6.0,378.0,32.93831918504056
6.0,379.0,32.933864606522405
6.0,380.0,32.92914918004114
6.0,381.0,32.924150168598466
6.0,382.0,32.91884282366231
6.0,383.0,32.913200126362824
6.0,384.0,32.90719247976717
6.0,385.0,32.90078736426142
6.0,386.0,32.893948926390955
6.0,387.0,32.88663751219454
6.0,388.0,32.8788091084621
6.0,389.0,32.87041470012204
6.0,390.0,32.86139949765608
6.0,391.0,32.85170203683613
6.0,392.0,32.841253090907195
6.0,393.0,32.829974386371724
6.0,394.0,32.81777704165016
6.0,395.0,32.80455969964956
6.0,396.0,32.79020624059174
6.0,397.0,32.77458301035567
6.0,398.0,32.75753539677715
6.0,399.0,32.738883625818254
6.0,400.0,32.71841751927701
6.0,401.0,32.695889973990894
6.0,402.0,32.671008748991504
6.0,403.0,32.64342612461163
6.0,404.0,32.61272575668008
6.0,405.0,32.57840595978696
6.0,406.0,32.53985832275518
6.0,407.0,32.496340400826355
6.0,408.0,32.44694086055279
6.0,409.0,32.39053541236834
6.0,410.0,32.3257319456695
6.0,411.0,32.25080447631235
6.0,412.0,32.16361843587181
6.0,413.0,32.06155708522394
6.0,414.0,31.941473708704475
6.0,415.0,31.799723270238793
6.0,416.0,31.63237693555114
6.0,417.0,31.435794643946878
6.0,418.0,31.207794165206202
6.0,419.0,30.94959163793034
6.0,420.0,30.668209491095688
6.0,421.0,30.37777651935065
6.0,422.0,30.096559880883145
6.0,423.0,29.83868893316629
6.0,424.0,29.611187231723402
6.0,425.0,29.41527261164607
6.0,426.0,29.24876511187761
6.0,427.0,29.10802752606845
6.0,428.0,28.989134464143103
6.0,429.0,28.88844494301476
6.0,430.0,28.802816915602264
6.0,431.0,28.72963895252399
6.0,432.0,28.666782445473064
6.0,433.0,28.612528053283775
6.0,434.0,28.56549100318317
6.0,435.0,28.5245550780709
6.0,436.0,28.488817766838974
6.0,437.0,28.457546244506176
6.0,438.0,28.430142536184967
6.0,439.0,28.406116265214532
6.0,440.0,28.385063292272946
6.0,441.0,28.366649063719965
6.0,442.0,28.350595494893756
6.0,443.0,28.336670704346698
6.0,444.0,28.32468083665834
6.0,445.0,28.31446362795271
6.0,446.0,28.305883207161944
6.0,447.0,28.298825991091594
6.0,448.0,28.29319731381063
6.0,449.0,28.288918768197615
6.0,450.0,28.285925983412362
6.0,451.0,28.284166887116346
6.0,452.0,28.28360022282099
6.0,453.0,28.284194414438154
6.0,454.0,28.285926574289018
6.0,455.0,28.288781774062013
6.0,456.0,28.29275238905877
6.0,457.0,28.29783765346875
6.0,458.0,28.30404324432941
6.0,459.0,28.311381044757603
6.0,460.0,28.319868907532577
6.0,461.0,28.32953057921329
6.0,462.0,28.340395607076832
6.0,463.0,28.352499396676894
6.0,464.0,28.365883242312783
6.0,465.0,28.38059450461619
6.0,466.0,28.396686756993173
6.0,467.0,28.414220080829345
6.0,468.0,28.43326133053388
6.0,469.0,28.45388455368283
6.0,470.0,28.476171386919017
6.0,471.0,28.500211618175484
6.0,472.0,28.526103736033296
6.0,473.0,28.553955662348784
6.0,474.0,28.583885490049877
6.0,475.0,28.61602242843975
6.0,476.0,28.65050778039202
6.0,477.0,28.687496161123857
6.0,478.0,28.727156787453076
6.0,479.0,28.769675056463214
6.0,480.0,28.81525424998692
6.0,481.0,28.864117596093553
6.0,482.0,28.91651053592147
6.0,483.0,28.97270344410244
6.0,484.0,29.032994669740614
6.0,485.0,29.097714170891194
6.0,486.0,29.167227638452758
6.0,487.0,29.241941419371653
6.0,488.0,29.322308180315275
6.0,489.0,29.408833678586298
6.0,490.0,29.502084652936006
6.0,491.0,29.60269829079985
6.0,492.0,29.71139339936029
6.0,493.0,29.82898388189768
6.0,494.0,29.95639483431218
6.0,495.0,30.094682102468617
6.0,496.0,30.24505592745684
6.0,497.0,30.40890992221456
6.0,498.0,30.587856536243248
6.0,499.0,30.783770942123702
6.0,500.0,30.998845412799017
6.0,501.0,31.23565731996606
6.0,502.0,31.49725440420246
6.0,503.0,31.787262518078506
6.0,504.0,32.11002219813584
6.0,505.0,32.47076273289536
6.0,506.0,32.87582441677569
6.0,507.0,33.33294278202391
6.0,508.0,33.851610946172364
6.0,509.0,34.44353816134937
6.0,510.0,35.123220263725685
6.0,511.0,35.908626885793836
6.0,512.0,36.821978302921785
6.0,513.0,37.89051101749914
6.0,514.0,39.1469747958692
6.0,515.0,40.62930375023758
6.0,516.0,42.378385166161976
6.0,517.0,44.432105083202
6.0,518.0,46.81318996512923
6.0,519.0,49.5090254512889
6.0,520.0,52.4466138391576
6.0,521.0,55.47905367605431
6.0,522.0,58.41640685448835
6.0,523.0,61.111771121732744
6.0,524.0,63.492147174211
6.0,525.0,65.54491823973879
6.0,526.0,67.29280755714663
6.0,527.0,68.77369710860617
6.0,528.0,70.02846928477575
6.0,529.0,71.09505243665184
6.0,530.0,72.00618969560041
6.0,531.0,72.78911001640134
6.0,532.0,73.46602520394653
6.0,533.0,74.05489544803741
6.0,534.0,74.57020615641869
6.0,535.0,75.02365510667573
6.0,536.0,75.42472287821988
6.0,537.0,75.78113132948626
6.0,538.0,76.09920592316567
6.0,539.0,76.38415987342015
6.0,540.0,76.6403163717948
6.0,541.0,76.87128255682988
6.0,542.0,77.08008605100073
6.0,543.0,77.26928259042595
6.0,544.0,77.44104125139118
6.0,545.0,77.59721231869847
6.0,546.0,77.73938160890569
6.0,547.0,77.86891420815498
6.0,548.0,77.98698987010447
6.0,549.0,78.09463182274432
6.0,550.0,78.19273033130078
6.0,551.0,78.2820620615911
6.0,552.0,78.36330607511591
6.0,553.0,78.43705708342574
6.0,554.0,78.50383649432808
6.0,555.0,78.56410162437571
6.0,556.0,78.61825343595252
6.0,557.0,78.66664301467392
6.0,558.0,78.7095770436025
6.0,559.0,78.74732238656229
6.0,560.0,78.78010997814233
6.0,561.0,78.80813806219592
6.0,562.0,78.83157494337647
6.0,563.0,78.85056124300188
6.0,564.0,78.86521180655771
6.0,565.0,78.87561721585372
6.0,566.0,78.88184504567312
6.0,567.0,78.88394078717923
6.0,568.0,78.88192857643563
6.0,569.0,78.87581162411139
6.0,570.0,78.86557248677767
6.0,571.0,78.85117305225656
6.0,572.0,78.83255438330114
6.0,573.0,78.8096362696069
6.0,574.0,78.782316636794
6.0,575.0,78.75047063985917
6.0,576.0,78.71394959337096
6.0,577.0,78.6725795421755
6.0,578.0,78.62615962647202
6.0,579.0,78.5744600186521
6.0,580.0,78.51721958361748
6.0,581.0,78.45414300903002
6.0,582.0,78.3848975489597
6.0,583.0,78.30910908902477
6.0,584.0,78.22635765854046
6.0,585.0,78.13617204754772
6.0,586.0,78.03802362091456
6.0,587.0,77.93131891813309
6.0,588.0,77.8153910730781
6.0,589.0,77.68948954224814
6.0,590.0,77.55276807784873
6.0,591.0,77.40427028332432
6.0,592.0,77.24291252364725
6.0,593.0,77.067463291906
6.0,594.0,76.876518528917
6.0,595.0,76.66847161607602
6.0,596.0,76.44147707103464
6.0,597.0,76.19340603313312
6.0,598.0,75.9217917668533
6.0,599.0,75.62376219442257
6.0,600.0,75.29595629620545
6.0,601.0,74.93441953491424
6.0,602.0,74.53447272306094
6.0,603.0,74.09054628929097
6.0,604.0,73.5959702154766
6.0,605.0,73.0427062534086
6.0,606.0,72.42100603992652
6.0,607.0,71.71897381993199
6.0,608.0,70.92200903006089
6.0,609.0,70.01210083085076
6.0,610.0,68.96695053107014
6.0,611.0,67.75891432076179
6.0,612.0,66.35380815949237
6.0,613.0,64.70972992754834
6.0,614.0,62.7762947887037
6.0,615.0,60.49514118135539
6.0,616.0,57.803363424897555
6.0,617.0,54.64267231850708
6.0,618.0,50.97810029551716
6.0,619.0,46.82904944209347
6.0,620.0,42.30781847702741
6.0,621.0,37.640403313728605
6.0,622.0,33.11900924919174
6.0,623.0,28.96963164205472
6.0,624.0,25.304568100837106
6.0,625.0,22.143219039489896
6.0,626.0,19.45061465496771
6.0,627.0,17.16846293295282
6.0,628.0,15.233854798406233
6.0,629.0,13.588424694756693
6.0,630.0,12.181783184665559
6.0,631.0,10.972022914713525
6.0,632.0,9.924953970505175
6.0,633.0,9.012925994276198
6.0,634.0,8.213633063069299
6.0,635.0,7.509056380671681
6.0,636.0,6.8845866890014005
6.0,637.0,6.328318751172935
6.0,638.0,5.830493918782081
6.0,639.0,5.383062797221805
6.0,640.0,4.979343340270089
6.0,641.0,4.61375299974633
6.0,642.0,4.281598637034048
6.0,643.0,3.9789107121276186
6.0,644.0,3.702312119416215
6.0,645.0,3.4489135232318158
6.0,646.0,3.216229719167599
6.0,647.0,3.002112065259999
6.0,648.0,2.8046939373600033
6.0,649.0,2.622346098677681
6.0,650.0,2.4536403363958987
6.0,651.0,2.2973193220526467
6.0,652.0,2.1522718586713037
6.0,653.0,2.017512095666464
6.0,654.0,1.8921623502039857
6.0,655.0,1.7754384885416752
6.0,656.0,1.6666377899490163
6.0,657.0,1.5651284740973348
6.0,658.0,1.4703409866522974
6.0,659.0,1.3817603662970228
6.0,660.0,1.2989198936186481
6.0,661.0,1.2213954367187618
6.0,662.0,1.1488007593725535
6.0,663.0,1.0807832674596285
6.0,664.0,1.0170204998956172
6.0,665.0,0.9572168816714468
6.0,666.0,0.901101069802696
6.0,667.0,0.8484234398042261
6.0,668.0,0.7989540578118735
6.0,669.0,0.7524807084551315
6.0,670.0,0.7088073311287685
6.0,671.0,0.6677524524535438
6.0,672.0,0.6291479704939332
6.0,673.0,0.5928378931286712
6.0,674.0,0.5586773858627179
6.0,675.0,0.526531744108703
6.0,676.0,0.49627564266902785
6.0,677.0,0.46779228882670293
6.0,678.0,0.44097282755425504
6.0,679.0,0.4157156358515879
6.0,680.0,0.391925849251975
6.0,681.0,0.3695147676483096
6.0,682.0,0.3483994770475613
6.0,683.0,0.32850234429630565
6.0,684.0,0.30975071419496364
6.0,685.0,0.29207647582536933
6.0,686.0,0.27541581970473206
6.0,687.0,0.25970886235808077
6.0,688.0,0.2448994516094064
6.0,689.0,0.23093483899964026
6.0,690.0,0.21776552388978088
6.0,691.0,0.20534496556293586
6.0,692.0,0.19362945877320126
6.0,693.0,0.1825778790761959
6.0,694.0,0.17215158395768898
6.0,695.0,0.16231418624688837
6.0,696.0,0.1530314761161942
6.0,697.0,0.1442712184443248
6.0,698.0,0.13600309187791607
6.0,699.0,0.12819850680013467
6.0,700.0,0.12083055834864735
6.0,701.0,0.11387386226350023
6.0,702.0,0.10730451931064243
6.0,703.0,0.10109996677061062
6.0,704.0,0.0952389521569593
6.0,705.0,0.08970139849470801
6.0,706.0,0.08446838557474431
6.0,707.0,0.07952202748069608
6.0,708.0,0.0748454599033126
6.0,709.0,0.07042272862356415
6.0,710.0,0.06623878164012983
6.0,711.0,0.06227936751816585
6.0,712.0,0.05853103126975905
6.0,713.0,0.054981021641950976
6.0,714.0,0.0516172898431265
6.0,715.0,0.04842840497823125
6.0,716.0,0.045403554840324205
6.0,717.0,0.0425324688114349
6.0,718.0,0.03980542004316606
6.0,719.0,0.03721315523292808
6.0,720.0,0.03474689760462012
6.0,721.0,0.032398283045660385
6.0,722.0,0.030159363371601085
6.0,723.0,0.028022548372268512
6.0,724.0,0.025980608905192135
6.0,725.0,0.02402662445150056
6.0,726.0,0.022153985634249574
6.0,727.0,0.02035634692823904
6.0,728.0,0.01862762824227854
6.0,729.0,0.016961972463179126
6.0,730.0,0.015353745776941118
6.0,731.0,0.013797499756927333
6.0,732.0,0.01228797012888206
6.0,733.0,0.010820043137571202
6.0,734.0,0.009388752485225579
6.0,735.0,0.007989249730415737
6.0,736.0,0.00661679914957154
6.0,737.0,0.005266751937071386
6.0,738.0,0.003934538755402181
6.0,739.0,0.0026156475167856182
6.0,740.0,0.0013056133996728904
6.0,741.0,0.0
7.0,0.0,0.0
7.0,1.0,0.0006718515698894899
7.0,2.0,0.0013459784928572113
7.0,3.0,0.0020246634033492033
7.0,4.0,0.0027102051414108477
7.0,5.0,0.003404924497515201
7.0,6.0,0.004111174886089439
7.0,7.0,0.004831346661662547
7.0,8.0,0.005567879649870855
7.0,9.0,0.006323266145992688
7.0,10.0,0.0071000654150584815
7.0,11.0,0.007900905488794135
7.0,12.0,0.00872849975167272
7.0,13.0,0.009585647659100166
7.0,14.0,0.010475253533352965
7.0,15.0,0.011400326334667841
7.0,16.0,0.012364000800188006
7.0,17.0,0.013369536410673965
7.0,18.0,0.014420341017062393
7.0,19.0,0.015519969159072033
7.0,20.0,0.016672148338065566
7.0,21.0,0.01788077686023169
7.0,22.0,0.019149952931516535
7.0,23.0,0.020483972217762086
7.0,24.0,0.02188735995802808
7.0,25.0,0.023364868457614086
7.0,26.0,0.024921512440742855
7.0,27.0,0.026562566720489074
7.0,28.0,0.028293605041320773
7.0,29.0,0.03012049820348517
7.0,30.0,0.03204945668129295
7.0,31.0,0.03408702951958681
7.0,32.0,0.03624015105615601
7.0,33.0,0.038516140955952016
7.0,34.0,0.04092275541723048
7.0,35.0,0.0434681887669839
7.0,36.0,0.046161129592359275
7.0,37.0,0.049010764390655964
7.0,38.0,0.052026839142869145
7.0,39.0,0.055219665596513895
7.0,40.0,0.05860018889015966
7.0,41.0,0.06217999715111258
7.0,42.0,0.06597139589288398
7.0,43.0,0.06998742173735123
7.0,44.0,0.07424192444690149
7.0,45.0,0.07874958573855886
7.0,46.0,0.08352600998645547
7.0,47.0,0.08858774929202361
7.0,48.0,0.09395240411017722
7.0,49.0,0.099638655986168
7.0,50.0,0.10566637963322784
7.0,51.0,0.11205668505782919
7.0,52.0,0.1188320429645565
7.0,53.0,0.12601633838693527
7.0,54.0,0.1336350117396831
7.0,55.0,0.14171512657828045
7.0,56.0,0.15028552919001584
7.0,57.0,0.1593769337575145
7.0,58.0,0.16902210411939939
7.0,59.0,0.17925596045916992
7.0,60.0,0.19011578783003538
7.0,61.0,0.20164136959658083
7.0,62.0,0.21387522858346586
7.0,63.0,0.22686279395376438
7.0,64.0,0.24065268251434652
7.0,65.0,0.2552969076473579
7.0,66.0,0.2708512105348736
7.0,67.0,0.2873753223448536
7.0,68.0,0.30493335813333283
7.0,69.0,0.32359414697251276
7.0,70.0,0.3434317053477912
7.0,71.0,0.3645256546594422
7.0,72.0,0.3869617964814592
7.0,73.0,0.4108326433837173
7.0,74.0,0.43623812608046975
7.0,75.0,0.4632862725581003
7.0,76.0,0.49209408782507935
7.0,77.0,0.5227884290019007
7.0,78.0,0.5555071134480091
7.0,79.0,0.5904000554379012
7.0,80.0,0.627630679928364
7.0,81.0,0.6673774122301883
7.0,82.0,0.7098355057132596
7.0,83.0,0.7552190133652689
7.0,84.0,0.8037631831471846
7.0,85.0,0.8557270955558652
7.0,86.0,0.9113968477286777
7.0,87.0,0.9710891236566864
7.0,88.0,1.0351554895779174
7.0,89.0,1.103987288643514
7.0,90.0,1.1780215251234205
7.0,91.0,1.257747667971241
7.0,92.0,1.3437158416905157
7.0,93.0,1.4365464241256511
7.0,94.0,1.5369416398020512
7.0,95.0,1.6456993135477072
7.0,96.0,1.7637295638912114
7.0,97.0,1.8920748360502577
7.0,98.0,2.031934358883917
7.0,99.0,2.1846938053153337
7.0,100.0,2.3519617260068375
7.0,101.0,2.535614137921325
7.0,102.0,2.7378495880033635
7.0,103.0,2.9612569762467165
7.0,104.0,3.2088995149831083
7.0,105.0,3.484418251393736
7.0,106.0,3.7921596011523198
7.0,107.0,4.1373309282664685
7.0,108.0,4.526187971385473
7.0,109.0,4.96625466083454
7.0,110.0,5.466569815349628
7.0,111.0,6.037940720869998
7.0,112.0,6.693157016908201
7.0,113.0,7.4470684482594365
7.0,114.0,8.316347230999543
7.0,115.0,9.318627998336234
7.0,116.0,10.470556822297848
7.0,117.0,11.784154492383406
7.0,118.0,13.261026168102836
7.0,119.0,14.884783155147938
7.0,120.0,16.61418541063482
7.0,121.0,18.38281717336778
7.0,122.0,20.112215704835787
7.0,123.0,21.735965231177442
7.0,124.0,23.212825684124848
7.0,125.0,24.5264083311926
7.0,126.0,25.678318280761662
7.0,127.0,26.68057625809874
7.0,128.0,27.54982825763014
7.0,129.0,28.303708821359656
7.0,130.0,28.958890060179957
7.0,131.0,29.530221599405237
7.0,132.0,30.03049294427619
7.0,133.0,30.470511231256268
7.0,134.0,30.8593151137868
7.0,135.0,31.20442834056139
7.0,136.0,31.512106451515987
7.0,137.0,31.78755659422667
7.0,138.0,32.03512494933241
7.0,139.0,32.25845230960553
7.0,140.0,32.4606016125565
7.0,141.0,32.64416146202005
7.0,142.0,32.81133008623655
7.0,143.0,32.96398315981535
7.0,144.0,33.10372886601934
7.0,145.0,33.23195248401428
7.0,146.0,33.34985282093315
7.0,147.0,33.45847187074355
7.0,148.0,33.558719269344046
7.0,149.0,33.651392325711086
7.0,150.0,33.73719271315736
7.0,151.0,33.81674022077296
7.0,152.0,33.890584344293735
7.0,153.0,33.95921388130872
7.0,154.0,34.023065119261645
7.0,155.0,34.082528635949856
7.0,156.0,34.137955180395245
7.0,157.0,34.189660563863754
7.0,158.0,34.237929951355895
7.0,159.0,34.28302142746931
7.0,160.0,34.325169175907796
7.0,161.0,34.36458611183384
7.0,162.0,34.40146627177457
7.0,163.0,34.43598677891364
7.0,164.0,34.46830966428416
7.0,165.0,34.49858334886374
7.0,166.0,34.526944049494944
7.0,167.0,34.55351690634713
7.0,168.0,34.57841708150478
7.0,169.0,34.60175062277782
7.0,170.0,34.62361533174809
7.0,171.0,34.64410142898819
7.0,172.0,34.66329224671055
7.0,173.0,34.68126474230049
7.0,174.0,34.69809005542998
7.0,175.0,34.71383390388054
7.0,176.0,34.72855703399466
7.0,177.0,34.742315523363175
7.0,178.0,34.75516114539657
7.0,179.0,34.76714159642202
7.0,180.0,34.77830078899328
7.0,181.0,34.78867901546137
7.0,182.0,34.798313179696535
7.0,183.0,34.80723690463853
7.0,184.0,34.81548070781092
7.0,185.0,34.823072056193624
7.0,186.0,34.83003548675511
7.0,187.0,34.83639260769822
7.0,188.0,34.84216216066477
7.0,189.0,34.847359962372586
7.0,190.0,34.851998899453775
7.0,191.0,34.85608879789012
7.0,192.0,34.859636333616265
7.0,193.0,34.86264480771677
7.0,194.0,34.86511394438726
7.0,195.0,34.86703953559572
7.0,196.0,34.868413080229935
7.0,197.0,34.869221239648844
7.0,198.0,34.869445243803085
7.0,199.0,34.86906006371923
7.0,200.0,34.86803346575554
7.0,201.0,34.86632475096019
7.0,202.0,34.86388326863241
7.0,203.0,34.86064648637191
7.0,204.0,34.85653767068862
7.0,205.0,34.851462932546376
7.0,206.0,34.84530765650047
7.0,207.0,34.8379320551524
7.0,208.0,34.82916588130942
7.0,209.0,34.81880214401045
7.0,210.0,34.80659012210383
7.0,211.0,34.79222811312187
7.0,212.0,34.77535737968209
7.0,213.0,34.755559919927116
7.0,214.0,34.73236531034194
7.0,215.0,34.70527526897367
7.0,216.0,34.67381944716401
7.0,217.0,34.63765932477696
7.0,218.0,34.59675369474746
7.0,219.0,34.55157517160769
7.0,220.0,34.5033061628034
7.0,221.0,34.45384812342838
7.0,222.0,34.40544648933167
7.0,223.0,34.360002265189756
7.0,224.0,34.31869695493498
7.0,225.0,34.2820018154381
7.0,226.0,34.249873819761476
7.0,227.0,34.22197216352383
7.0,228.0,34.197823735919656
7.0,229.0,34.17692701155912
7.0,230.0,34.15880782306622
7.0,231.0,34.143043919504876
7.0,232.0,34.12927178425613
7.0,233.0,34.11718439901126
7.0,234.0,34.10652515915797
7.0,235.0,34.097080614231935
7.0,236.0,34.08867344405857
7.0,237.0,34.08115616397005
7.0,238.0,34.07440579267291
7.0,239.0,34.06831939299867
7.0,240.0,34.062810449353606
7.0,241.0,34.05780589603574
7.0,242.0,34.053243738096
7.0,243.0,34.049071099870346
7.0,244.0,34.04524266991463
7.0,245.0,34.041719413616
7.0,246.0,34.03846754894225
7.0,247.0,34.03545768580077
7.0,248.0,34.032664142540376
7.0,249.0,34.03006436058942
7.0,250.0,34.02763844135265
7.0,251.0,34.02536874043611
7.0,252.0,34.02323954884315
7.0,253.0,34.021236806064785
7.0,254.0,34.01934787705983
7.0,255.0,34.01756134524047
7.0,256.0,34.015866853894906
7.0,257.0,34.01425495368393
7.0,258.0,34.01271698793901
7.0,259.0,34.01124497785527
7.0,260.0,34.0098315379336
7.0,261.0,34.00846978752559
7.0,262.0,34.00715328707745
7.0,263.0,34.00587596821447
7.0,264.0,34.0046320842925
7.0,265.0,34.00341615351041
7.0,266.0,34.00222291913427
7.0,267.0,34.001047301628496
7.0,268.0,33.999884365127805
7.0,269.0,33.99872927554762
7.0,270.0,33.99757727064752
7.0,271.0,33.99642362168157
7.0,272.0,33.99526360485047
7.0,273.0,33.994092464378504
7.0,274.0,33.992905383361524
7.0,275.0,33.991697446260076
7.0,276.0,33.990463607148754
7.0,277.0,33.98919864951029
7.0,278.0,33.98789714967887
7.0,279.0,33.98655343149233
7.0,280.0,33.98516152226488
7.0,281.0,33.983715099252734
7.0,282.0,33.982207434719875
7.0,283.0,33.98063133020035
7.0,284.0,33.97897904600754
7.0,285.0,33.977242217771796
7.0,286.0,33.97541176388071
7.0,287.0,33.973477776467625
7.0,288.0,33.97142939741878
7.0,289.0,33.969254672453275
7.0,290.0,33.966940381939885
7.0,291.0,33.96447184123619
7.0,292.0,33.961832665717786
7.0,293.0,33.959004491971285
7.0,294.0,33.95596664565972
7.0,295.0,33.95269574457438
7.0,296.0,33.949165220781815
7.0,297.0,33.94534474478391
7.0,298.0,33.94119952580616
7.0,299.0,33.93668946133928
7.0,300.0,33.93176809516084
7.0,301.0,33.926381340750446
7.0,302.0,33.920465906925976
7.0,303.0,33.91394735775427
7.0,304.0,33.90673771247935
7.0,305.0,33.89873248573898
7.0,306.0,33.88980704237601
7.0,307.0,33.879812150547714
7.0,308.0,33.86856862516926
7.0,309.0,33.855861045877326
7.0,310.0,33.84143070687232
7.0,311.0,33.82496837042196
7.0,312.0,33.80610815397164
7.0,313.0,33.78442530740043
7.0,314.0,33.759443000532805
7.0,315.0,33.73065689492923
7.0,316.0,33.69759088390183
7.0,317.0,33.6599009976946
7.0,318.0,33.617540839559446
7.0,319.0,33.57097810529248
7.0,320.0,33.52139050902028
7.0,321.0,33.47067504971852
7.0,322.0,33.421072901465166
7.0,323.0,33.37448101382163
7.0,324.0,33.332077001846216
7.0,325.0,33.294328412388815
7.0,326.0,33.26118864915515
7.0,327.0,33.23231349178844
7.0,328.0,33.20722653073275
7.0,329.0,33.18542307171435
7.0,330.0,33.16642587403952
7.0,331.0,33.14980972142137
7.0,332.0,33.13520820724751
7.0,333.0,33.12231151057883
7.0,334.0,33.110860280461495
7.0,335.0,33.10063838784266
7.0,336.0,33.09146587202369
7.0,337.0,33.08319265665805
7.0,338.0,33.07569318916949
7.0,339.0,33.06886199145932
7.0,340.0,33.06261000999916
7.0,341.0,33.056861653137304
7.0,342.0,33.05155238554457
7.0,343.0,33.046626784618894
7.0,344.0,33.042036959788554
7.0,345.0,33.037741271718524
7.0,346.0,33.033703283041035
7.0,347.0,33.029890902855485
7.0,348.0,33.02627567863523
7.0,349.0,33.02283221435351
7.0,350.0,33.01953768299471
7.0,351.0,33.01637142238384
7.0,352.0,33.01331459195818
7.0,353.0,33.01034988530787
7.0,354.0,33.00746128239884
7.0,355.0,33.00463383952942
7.0,356.0,33.00185350530835
7.0,357.0,32.99910696224681
7.0,358.0,32.99638148549014
7.0,359.0,32.993664818740655
7.0,360.0,32.990945061471244
7.0,361.0,32.988210567220776
7.0,362.0,32.98544984926658
7.0,363.0,32.982651492702054
7.0,364.0,32.979804071205706
7.0,365.0,32.97689606639298
7.0,366.0,32.973915789927766
7.0,367.0,32.970851304849354
7.0,368.0,32.967690348143456
7.0,369.0,32.96442024931895
7.0,370.0,32.96102784886367
7.0,371.0,32.95749940940529
7.0,372.0,32.95382052530038
7.0,373.0,32.949976021297026
7.0,374.0,32.94594984784338
7.0,375.0,32.94172496124196
7.0,376.0,32.93728319804462
7.0,377.0,32.93260512913787
7.0,378.0,32.927669904660426
7.0,379.0,32.92245507207977
7.0,380.0,32.91693638015969
7.0,381.0,32.91108754754199
7.0,382.0,32.90488000997655
7.0,383.0,32.898282620669555
7.0,384.0,32.89126131858875
7.0,385.0,32.88377873402669
7.0,386.0,32.87579374623432
7.0,387.0,32.86726095591581
7.0,388.0,32.85813008600283
7.0,389.0,32.848345264963605
7.0,390.0,32.837844202429515
7.0,391.0,32.82655719971582
7.0,392.0,32.814405997711695
7.0,393.0,32.801302388055994
7.0,394.0,32.787146576732304
7.0,395.0,32.77182520132717
7.0,396.0,32.755208967825986
7.0,397.0,32.73714977055423
7.0,398.0,32.71747722170051
7.0,399.0,32.69599439562658
7.0,400.0,32.672472649278305
7.0,401.0,32.646645233618635
7.0,402.0,32.618199454514475
7.0,403.0,32.586766964681935
7.0,404.0,32.55191179860568
7.0,405.0,32.513115564320294
7.0,406.0,32.4697592554832
7.0,407.0,32.42110100619617
7.0,408.0,32.36624934914378
7.0,409.0,32.304131793536406
7.0,410.0,32.23345961831909
7.0,411.0,32.15269162694891
7.0,412.0,32.060003630202964
7.0,413.0,31.953277319151777
7.0,414.0,31.83013425342898
7.0,415.0,31.688058706631356
7.0,416.0,31.524676420779077
7.0,417.0,31.338274118763668
7.0,418.0,31.12862674302124
7.0,419.0,30.89808004023829
7.0,420.0,30.652530252758037
7.0,421.0,30.401470439091472
7.0,422.0,30.15611499214802
7.0,423.0,29.925957630414427
7.0,424.0,29.716895919828023
7.0,425.0,29.531277596395295
7.0,426.0,29.368880268564467
7.0,427.0,29.227994006232894
7.0,428.0,29.106248597826994
7.0,429.0,29.001133069421144
7.0,430.0,28.91027446524401
7.0,431.0,28.831560702388177
7.0,432.0,28.76317459305266
7.0,433.0,28.703582729835723
7.0,434.0,28.65150501082798
7.0,435.0,28.60587841020341
7.0,436.0,28.565821822522267
7.0,437.0,28.530604660594957
7.0,438.0,28.499620174148834
7.0,439.0,28.47236322943952
7.0,440.0,28.448412192064044
7.0,441.0,28.427414149337334
7.0,442.0,28.40907302712288
7.0,443.0,28.393139919324305
7.0,444.0,28.37940534303461
7.0,445.0,28.36769289586545
7.0,446.0,28.357854184422283
7.0,447.0,28.349764624570152
7.0,448.0,28.343320094609588
7.0,449.0,28.338434123326675
7.0,450.0,28.33503566823818
7.0,451.0,28.333067215686604
7.0,452.0,28.33248330641977
7.0,453.0,28.333249247514175
7.0,454.0,28.33534014619993
7.0,455.0,28.338740042996914
7.0,456.0,28.34344130150964
7.0,457.0,28.349444041170955
7.0,458.0,28.356755785822543
7.0,459.0,28.36539111870284
7.0,460.0,28.375371528390236
7.0,461.0,28.38672523783716
7.0,462.0,28.399487210270486
7.0,463.0,28.41369912411835
7.0,464.0,28.42940951843674
7.0,465.0,28.446673900237894
7.0,466.0,28.465555021948475
7.0,467.0,28.486123119379002
7.0,468.0,28.508456324654272
7.0,469.0,28.532641043598296
7.0,470.0,28.55877251803829
7.0,471.0,28.586955362111382
7.0,472.0,28.617304299154824
7.0,473.0,28.649944888687795
7.0,474.0,28.685014476630425
7.0,475.0,28.7226631599521
7.0,476.0,28.763055006357582
7.0,477.0,28.80636932370992
7.0,478.0,28.85280222879241
7.0,479.0,28.902568316238376
7.0,480.0,28.955902688690728
7.0,481.0,29.013063158956953
7.0,482.0,29.074332900570905
7.0,483.0,29.140023373074758
7.0,484.0,29.210477819884215
7.0,485.0,29.286075189015243
7.0,486.0,29.36723480558327
7.0,487.0,29.45442168318119
7.0,488.0,29.548152849288073
7.0,489.0,29.649004628654524
7.0,490.0,29.75762133033297
7.0,491.0,29.874725370792834
7.0,492.0,30.00112938846819
7.0,493.0,30.137750521464728
7.0,494.0,30.285627577166363
7.0,495.0,30.445941487094437
7.0,496.0,30.62004005324729
7.0,497.0,30.80946773474946
7.0,498.0,31.016001927721813
7.0,499.0,31.241697057709455
7.0,500.0,31.488938652289153
7.0,501.0,31.7605096143598
7.0,502.0,32.05967197203429
7.0,503.0,32.39026767345605
7.0,504.0,32.756843265413714
7.0,505.0,33.164803728809055
7.0,506.0,33.62060189411505
7.0,507.0,34.131969620436045
7.0,508.0,34.70819619185656
7.0,509.0,35.36045493568607
7.0,510.0,36.10216967492889
7.0,511.0,36.94939150771508
7.0,512.0,37.9211165098327
7.0,513.0,39.03940128598725
7.0,514.0,40.32900983863271
7.0,515.0,41.81613580806869
7.0,516.0,43.525503797377155
7.0,517.0,45.4749662785279
7.0,518.0,47.66690070757677
7.0,519.0,50.07695048407407
7.0,520.0,52.643836585731556
7.0,521.0,55.26887568199747
7.0,522.0,57.835485599717394
7.0,523.0,60.24498207037722
7.0,524.0,62.43608419021881
7.0,525.0,64.38443253155812
7.0,526.0,66.09240076076037
7.0,527.0,67.57783659301464
7.0,528.0,68.86545887952397
7.0,529.0,69.98145450635646
7.0,530.0,70.95057967976832
7.0,531.0,71.79488215605201
7.0,532.0,72.53334805873077
7.0,533.0,73.18201741605814
7.0,534.0,73.7543017993316
7.0,535.0,74.26136108437844
7.0,536.0,74.71246982650527
7.0,537.0,75.11534385575904
7.0,538.0,75.47641858154807
7.0,539.0,75.80108014261803
7.0,540.0,76.09385471545146
7.0,541.0,76.3585623132436
7.0,542.0,76.59844134074389
7.0,543.0,76.81624934357097
7.0,544.0,77.01434461591771
7.0,545.0,77.19475241737278
7.0,546.0,77.35921888284153
7.0,547.0,77.50925504514308
7.0,548.0,77.646172929129
7.0,549.0,77.7711152522027
7.0,550.0,77.88507995867914
7.0,551.0,77.98894056859858
7.0,552.0,78.08346310520623
7.0,553.0,78.16932024222332
7.0,554.0,78.24710314124111
7.0,555.0,78.31733141444067
7.0,556.0,78.38046149333204
7.0,557.0,78.4368937148095
7.0,558.0,78.48697827942976
7.0,559.0,78.53102031972938
7.0,560.0,78.56928414698079
7.0,561.0,78.60199687195505
7.0,562.0,78.62935140594243
7.0,563.0,78.65150901486666
7.0,564.0,78.66860138582172
7.0,565.0,78.6807323684088
7.0,566.0,78.68797931282917
7.0,567.0,78.69039416435555
7.0,568.0,78.68800420470103
7.0,569.0,78.68081260187796
7.0,570.0,78.66879863117947
7.0,571.0,78.65191773352376
7.0,572.0,78.6301012477761
7.0,573.0,78.6032559890876
7.0,574.0,78.57126348439648
7.0,575.0,78.53397904278309
7.0,576.0,78.49123044569673
7.0,577.0,78.44281643895485
7.0,578.0,78.38850478343034
7.0,579.0,78.32803004757238
7.0,580.0,78.26109086692959
7.0,581.0,78.18734685008204
7.0,582.0,78.10641481841162
7.0,583.0,78.01786454747922
7.0,584.0,77.92121365019882
7.0,585.0,77.81592174562148
7.0,586.0,77.7013834913326
7.0,587.0,77.5769205800914
7.0,588.0,77.4417721929214
7.0,589.0,77.29508393581787
7.0,590.0,77.13589462887381
7.0,591.0,76.96312085329406
7.0,592.0,76.77553844115545
7.0,593.0,76.57176061397753
7.0,594.0,76.35021167269791
7.0,595.0,76.10909561944457
7.0,596.0,75.84635817098356
7.0,597.0,75.55964101302564
7.0,598.0,75.2462260519442
7.0,599.0,74.90296765143123
7.0,600.0,74.52620949465923
7.0,601.0,74.1116826894651
7.0,602.0,73.65438003531877
7.0,603.0,73.14840101275762
7.0,604.0,72.58675999247329
7.0,605.0,71.96114961912086
7.0,606.0,71.2616494123886
7.0,607.0,70.47637015690177
7.0,608.0,69.59102559735786
7.0,609.0,68.58842999581869
7.0,610.0,67.44793434407883
7.0,611.0,66.14484674730491
7.0,612.0,64.64994362479183
7.0,613.0,62.92929198085159
7.0,614.0,60.94479264606262
7.0,615.0,58.65614610176542
7.0,616.0,56.025311931371895
7.0,617.0,53.024821310604665
7.0,618.0,49.65101215470379
7.0,619.0,45.94135075546518
7.0,620.0,41.99010611768258
7.0,621.0,37.94909135689081
7.0,622.0,33.99765520700962
7.0,623.0,30.287610133131167
7.0,624.0,26.9132238353911
7.0,625.0,23.911960645001496
7.0,626.0,21.280155849336072
7.0,627.0,18.990337325464
7.0,628.0,17.004460668299224
7.0,629.0,15.282221675370312
7.0,630.0,13.785515771173477
7.0,631.0,12.480403823971892
7.0,632.0,11.337655351903104
7.0,633.0,10.332570783583645
7.0,634.0,9.444492615153687
7.0,635.0,8.656225780572486
7.0,636.0,7.953473811210989
7.0,637.0,7.324336376143674
7.0,638.0,6.75888091482122
7.0,639.0,6.248787005575613
7.0,640.0,5.787054893767758
7.0,641.0,5.367768848886199
7.0,642.0,4.985905289299809
7.0,643.0,4.637177738552129
7.0,644.0,4.317910995413406
7.0,645.0,4.024939198129044
7.0,646.0,3.755522575644601
7.0,647.0,3.507279633861521
7.0,648.0,3.278131280628603
7.0,649.0,3.066255018137012
7.0,650.0,2.870046811669259
7.0,651.0,2.6880896354293378
7.0,652.0,2.5191269971416603
7.0,653.0,2.3620409835341554
7.0,654.0,2.2158335606735053
7.0,655.0,2.079611006871857
7.0,656.0,1.9525704841155325
7.0,657.0,1.833988834795049
7.0,658.0,1.723212783499989
7.0,659.0,1.619650761697494
7.0,660.0,1.5227656484746535
7.0,661.0,1.4320687276148296
7.0,662.0,1.3471142301148316
7.0,663.0,1.2674948141756979
7.0,664.0,1.19283740418292
7.0,665.0,1.1227997727652586
7.0,666.0,1.0570673249487414
7.0,667.0,0.9953504876646992
7.0,668.0,0.9373821915909861
7.0,669.0,0.8829158591616135
7.0,670.0,0.831723407541215
7.0,671.0,0.7835936851253819
7.0,672.0,0.7383308682068818
7.0,673.0,0.6957532370228874
7.0,674.0,0.6556918731004201
7.0,675.0,0.6179896948690704
7.0,676.0,0.5825003870914318
7.0,677.0,0.5490876367179165
7.0,678.0,0.5176242433164189
7.0,679.0,0.48799151073769553
7.0,680.0,0.460078500141511
7.0,681.0,0.4337815438835926
7.0,682.0,0.40900361201147745
7.0,683.0,0.3856539227525375
7.0,684.0,0.3636474001982612
7.0,685.0,0.3429043616809949
7.0,686.0,0.3233500494603569
7.0,687.0,0.3049143796936634
7.0,688.0,0.28753153476087856
7.0,689.0,0.27113976186281974
7.0,690.0,0.2556810155112799
7.0,691.0,0.24110079631740294
7.0,692.0,0.2273478353749929
7.0,693.0,0.21437396573583808
7.0,694.0,0.20213384210291002
7.0,695.0,0.19058483898014403
7.0,696.0,0.1796868003966398
7.0,697.0,0.16940195987540504
7.0,698.0,0.1596947159241152
7.0,699.0,0.15053156987161195
7.0,700.0,0.1418809236550057
7.0,701.0,0.13371303228440803
7.0,702.0,0.12599982108208418
7.0,703.0,0.11871485009987456
7.0,704.0,0.11183314846261042
7.0,705.0,0.10533118851265746
7.0,706.0,0.09918673530618875
7.0,707.0,0.0933788286207347
7.0,708.0,0.08788764597134807
7.0,709.0,0.08269449090931069
7.0,710.0,0.07778166818262175
7.0,711.0,0.0731324769918606
7.0,712.0,0.06873109712870898
7.0,713.0,0.064562586049731
7.0,714.0,0.06061277499774586
7.0,715.0,0.05686826891469747
7.0,716.0,0.05331635169130742
7.0,717.0,0.049944988073036684
7.0,718.0,0.046742737299532794
7.0,719.0,0.043698756268201466
7.0,720.0,0.0408027209211663
7.0,721.0,0.0380448300232895
7.0,722.0,0.035415733734324585
7.0,723.0,0.03290653743558738
7.0,724.0,0.030508736991563146
7.0,725.0,0.028214222124381072
7.0,726.0,0.02601521792459129
7.0,727.0,0.02390428732715644
7.0,728.0,0.02187427847722219
7.0,729.0,0.019918325907108424
7.0,730.0,0.01802980340106983
7.0,731.0,0.01620232351101726
7.0,732.0,0.014429695595617546
7.0,733.0,0.012705923344211828
7.0,734.0,0.011025167691015048
7.0,735.0,0.009381742042720404
7.0,736.0,0.0077700797887167465
7.0,737.0,0.006184726948802665
7.0,738.0,0.004620314015774931
7.0,739.0,0.0030715457560052993
7.0,740.0,0.0015331771318640695
7.0,741.0,0.0
8.0,0.0,0.0
8.0,1.0,0.0007722141810934737
8.0,2.0,0.0015470432756385225
8.0,3.0,0.00232711149286535
8.0,4.0,0.003115059806227041
8.0,5.0,0.003913557198384581
8.0,6.0,0.00472530642500429
8.0,7.0,0.005553057331878056
8.0,8.0,0.0063996110394653445
8.0,9.0,0.0072678354580327145
8.0,10.0,0.0081606680229822
8.0,11.0,0.009081133538817307
8.0,12.0,0.01003234560199948
8.0,13.0,0.01101752691155478
8.0,14.0,0.012040009525101314
8.0,15.0,0.013103257783169672
8.0,16.0,0.01421086755535335
8.0,17.0,0.015366591937154448
8.0,18.0,0.016574339657197495
8.0,19.0,0.017838203719927618
8.0,20.0,0.01916245916184338
8.0,21.0,0.020551594831050315
8.0,22.0,0.02201031070095084
8.0,23.0,0.023543552998977705
8.0,24.0,0.025156511310683822
8.0,25.0,0.02685465729556208
8.0,26.0,0.02864374184370299
8.0,27.0,0.030529837647224528
8.0,28.0,0.03251933670648852
8.0,29.0,0.03461899706229527
8.0,30.0,0.03683594099017666
8.0,31.0,0.03917770624239233
8.0,32.0,0.04165224531844754
8.0,33.0,0.04426798161862949
8.0,34.0,0.047033810238404535
8.0,35.0,0.04995915949875241
8.0,36.0,0.05305399378374049
8.0,37.0,0.056328880989801634
8.0,38.0,0.05979499801245472
8.0,39.0,0.06346420475020177
8.0,40.0,0.06734905295178069
8.0,41.0,0.07146286752474922
8.0,42.0,0.07581975958361609
8.0,43.0,0.08043471595389488
8.0,44.0,0.08532361742019043
8.0,45.0,0.09050333749064969
8.0,46.0,0.0959917670406967
8.0,47.0,0.10180792361966587
8.0,48.0,0.10797198393101431
8.0,49.0,0.11450540523469077
8.0,50.0,0.12143096741231021
8.0,51.0,0.1287729083615891
8.0,52.0,0.13655697778367615
8.0,53.0,0.1448105889011428
8.0,54.0,0.15356288659909353
8.0,55.0,0.16284491835426426
8.0,56.0,0.1726897199947063
8.0,57.0,0.18313250944281928
8.0,58.0,0.19421079417479856
8.0,59.0,0.2059645923066647
8.0,60.0,0.2184365668945932
8.0,61.0,0.23167228010061375
8.0,62.0,0.2457203608607333
8.0,63.0,0.2606327994524393
8.0,64.0,0.27646515688242557
8.0,65.0,0.29327690927454836
8.0,66.0,0.31113170974995236
8.0,67.0,0.330097794847118
8.0,68.0,0.3502483129037233
8.0,69.0,0.371661808470239
8.0,70.0,0.39442263556449353
8.0,71.0,0.4186215411158409
8.0,72.0,0.44435618739084715
8.0,73.0,0.4717318624342019
8.0,74.0,0.5008621440909207
8.0,75.0,0.5318697749557076
8.0,76.0,0.5648875116641487
8.0,77.0,0.6000592151381127
8.0,78.0,0.6375409445371192
8.0,79.0,0.6775023322377787
8.0,80.0,0.7201280040324712
8.0,81.0,0.7656193347588729
8.0,82.0,0.8141963080146193
8.0,83.0,0.8660997863575987
8.0,84.0,0.9215939695319526
8.0,85.0,0.9809693683249655
8.0,86.0,1.0445460870486354
8.0,87.0,1.1126777711224876
8.0,88.0,1.1857560380878476
8.0,89.0,1.264215789182254
8.0,90.0,1.3485412601640858
8.0,91.0,1.4392732673339836
8.0,92.0,1.5370175707733689
8.0,93.0,1.6424548975506177
8.0,94.0,1.7563526453047427
8.0,95.0,1.8795789384473618
8.0,96.0,2.0131192084640026
8.0,97.0,2.158096163301881
8.0,98.0,2.315793544131876
8.0,99.0,2.4876848144152524
8.0,100.0,2.675467503296236
8.0,101.0,2.881104726293789
8.0,102.0,3.106875012112319
8.0,103.0,3.355432369154218
8.0,104.0,3.629878044686733
8.0,105.0,3.9338460016767227
8.0,106.0,4.27160312133046
8.0,107.0,4.648164655621962
8.0,108.0,5.069422448899463
8.0,109.0,5.542279424287984
8.0,110.0,6.074774742514216
8.0,111.0,6.676170038847183
8.0,112.0,7.35694255567819
8.0,113.0,8.12859488036033
8.0,114.0,9.003139316868767
8.0,115.0,9.992056287340464
8.0,116.0,11.10448394107386
8.0,117.0,12.344438683755689
8.0,118.0,13.70711669184955
8.0,119.0,15.174952638645022
8.0,120.0,16.715155892029074
8.0,121.0,18.28139892322246
8.0,122.0,19.821597896669715
8.0,123.0,21.28942526903684
8.0,124.0,22.65209037905855
8.0,125.0,23.89202785615371
8.0,126.0,25.004433818067497
8.0,127.0,25.993324596677102
8.0,128.0,26.867838252161313
8.0,129.0,27.639455101858722
8.0,130.0,28.320187328953015
8.0,131.0,28.921537383514572
8.0,132.0,29.45398235374306
8.0,133.0,29.92678370317309
8.0,134.0,30.34798040272272
8.0,135.0,30.724475166856454
8.0,136.0,31.062159611751497
8.0,137.0,31.366048740768537
8.0,138.0,31.640409165255647
8.0,139.0,31.88887455597772
8.0,140.0,32.114545844689346
8.0,141.0,32.32007669968728
8.0,142.0,32.50774528382109
8.0,143.0,32.67951431951987
8.0,144.0,32.83708091422746
8.0,145.0,32.98191807937967
8.0,146.0,33.115309072165715
8.0,147.0,33.23837608262061
8.0,148.0,33.352103988456435
8.0,149.0,33.4573603221771
8.0,150.0,33.55491184909611
8.0,151.0,33.64543862091853
8.0,152.0,33.72954567662303
8.0,153.0,33.80777306264073
8.0,154.0,33.880604192893976
8.0,155.0,33.94847309130695
8.0,156.0,34.01177043883403
8.0,157.0,34.07084888094341
8.0,158.0,34.12602745411612
8.0,159.0,34.17759552863563
8.0,160.0,34.22581608568166
8.0,161.0,34.27092868553483
8.0,162.0,34.313151919348705
8.0,163.0,34.35268567263717
8.0,164.0,34.389712977222544
8.0,165.0,34.424401758830165
8.0,166.0,34.45690624789179
8.0,167.0,34.487368344827324
8.0,168.0,34.51591870256289
8.0,169.0,34.54267780496809
8.0,170.0,34.56775680214133
8.0,171.0,34.59125837084843
8.0,172.0,34.6132773612617
8.0,173.0,34.63390148939768
8.0,174.0,34.65321183804478
8.0,175.0,34.67128341764971
8.0,176.0,34.688185552599485
8.0,177.0,34.703982337081406
8.0,178.0,34.718732929308395
8.0,179.0,34.73249192141592
8.0,180.0,34.74530955765705
8.0,181.0,34.75723203156789
8.0,182.0,34.768301638891344
8.0,183.0,34.77855701040719
8.0,184.0,34.788033205799536
8.0,185.0,34.796761886178956
8.0,186.0,34.80477135077968
8.0,187.0,34.812086648791194
8.0,188.0,34.81872955613
8.0,189.0,34.82471862117865
8.0,190.0,34.83006907329046
8.0,191.0,34.8347927906781
8.0,192.0,34.83889812492499
8.0,193.0,34.842389770560146
8.0,194.0,34.84526847945181
8.0,195.0,34.84753079908791
8.0,196.0,34.849168635566265
8.0,197.0,34.8501688092048
8.0,198.0,34.85051240253631
8.0,199.0,34.85017405497166
8.0,200.0,34.84912100009082
8.0,201.0,34.84731198344061
8.0,202.0,34.84469585062999
8.0,203.0,34.84120992629346
8.0,204.0,34.836777969904894
8.0,205.0,34.83130782085485
8.0,206.0,34.824688536925294
8.0,207.0,34.81678717594398
8.0,208.0,34.807445129854386
8.0,209.0,34.796474356331544
8.0,210.0,34.783653797180705
8.0,211.0,34.76872698294153
8.0,212.0,34.751402220859305
8.0,213.0,34.73135809444752
8.0,214.0,34.70825818536408
8.0,215.0,34.681780892326074
8.0,216.0,34.65167114449452
8.0,217.0,34.61781986975081
8.0,218.0,34.58036965228051
8.0,219.0,34.53982739144819
8.0,220.0,34.49713468164887
8.0,221.0,34.453619619637266
8.0,222.0,34.41077448664985
8.0,223.0,34.36992686138544
8.0,224.0,34.33201730153167
8.0,225.0,34.29755114493847
8.0,226.0,34.26666888764989
8.0,227.0,34.239258830405994
8.0,228.0,34.215062733084466
8.0,229.0,34.193755264261824
8.0,230.0,34.174995709965906
8.0,231.0,34.15845776734093
8.0,232.0,34.143844260159675
8.0,233.0,34.130892606336786
8.0,234.0,34.11937499748132
8.0,235.0,34.10909596430483
8.0,236.0,34.099888784133114
8.0,237.0,34.09161166573843
8.0,238.0,34.08414406953584
8.0,239.0,34.07738343431747
8.0,240.0,34.07124229822657
8.0,241.0,34.065645880100654
8.0,242.0,34.06053001337277
8.0,243.0,34.05583945165453
8.0,244.0,34.051526429548794
8.0,245.0,34.047549496401224
8.0,246.0,34.043872519768655
8.0,247.0,34.04046388412066
8.0,248.0,34.03729579704088
8.0,249.0,34.034343735424805
8.0,250.0,34.03158595695151
8.0,251.0,34.02900311360676
8.0,252.0,34.026577902672905
8.0,253.0,34.02429479385477
8.0,254.0,34.022139775827206
8.0,255.0,34.020100161060405
8.0,256.0,34.01816439846931
8.0,257.0,34.016321931812506
8.0,258.0,34.01456305854165
8.0,259.0,34.01287882539761
8.0,260.0,34.01126091984821
8.0,261.0,34.009701591615546
8.0,262.0,34.0081935672484
8.0,263.0,34.00672998970035
8.0,264.0,34.00530434934384
8.0,265.0,34.003910435970106
8.0,266.0,34.002542281387626
8.0,267.0,34.00119411970859
8.0,268.0,33.99986033788685
8.0,269.0,33.99853544113205
8.0,270.0,33.997214008521105
8.0,271.0,33.99589066099046
8.0,272.0,33.994560019618675
8.0,273.0,33.993216673980015
8.0,274.0,33.99185514091159
8.0,275.0,33.990469831116215
8.0,276.0,33.98905500622639
8.0,277.0,33.987604741436094
8.0,278.0,33.986112878456055
8.0,279.0,33.98457298161764
8.0,280.0,33.98297828384832
8.0,281.0,33.98132163307755
8.0,282.0,33.979595427580136
8.0,283.0,33.97779154853392
8.0,284.0,33.97590127986402
8.0,285.0,33.973915221304225
8.0,286.0,33.9718231860367
8.0,287.0,33.96961408635371
8.0,288.0,33.96727579962356
8.0,289.0,33.9647950152592
8.0,290.0,33.962157055380196
8.0,291.0,33.95934566667955
8.0,292.0,33.956342775857664
8.0,293.0,33.953128202224484
8.0,294.0,33.949679318423314
8.0,295.0,33.945970647822435
8.0,296.0,33.94197338653714
8.0,297.0,33.93765483184034
8.0,298.0,33.93297769969399
8.0,299.0,33.927899303953424
8.0,300.0,33.92237057190344
8.0,301.0,33.91633485674078
8.0,302.0,33.909726511143155
8.0,303.0,33.90246916974252
8.0,304.0,33.894473696413954
8.0,305.0,33.885635740591255
8.0,306.0,33.87583287219365
8.0,307.0,33.86492128132804
8.0,308.0,33.852732112926816
8.0,309.0,33.83906762244626
8.0,310.0,33.823697598220754
8.0,311.0,33.80635689552608
8.0,312.0,33.786745631274115
8.0,313.0,33.76453461784793
8.0,314.0,33.73938009393913
8.0,315.0,33.710953482063594
8.0,316.0,33.67899311268809
8.0,317.0,33.64338363501558
8.0,318.0,33.604261686695764
8.0,319.0,33.562128498749324
8.0,320.0,33.51792028858565
8.0,321.0,33.47296001659885
8.0,322.0,33.42873508219238
8.0,323.0,33.38656838895714
8.0,324.0,33.34739604056836
8.0,325.0,33.311719096830906
8.0,326.0,33.27967396630997
8.0,327.0,33.251145010147454
8.0,328.0,33.22587021111489
8.0,329.0,33.203520582720635
8.0,330.0,33.18375189238895
8.0,331.0,33.1662344167073
8.0,332.0,33.15066767099833
8.0,333.0,33.136785840268594
8.0,334.0,33.124357972282695
8.0,335.0,33.11318550808609
8.0,336.0,33.103098702335785
8.0,337.0,33.093952774757845
8.0,338.0,33.08562424229924
8.0,339.0,33.07800761383101
8.0,340.0,33.07101252205307
8.0,341.0,33.06456127398084
8.0,342.0,33.05858679458655
8.0,343.0,33.05303090252553
8.0,344.0,33.04784287932251
8.0,345.0,33.042978274080355
8.0,346.0,33.03839791376553
8.0,347.0,33.03406707347786
8.0,348.0,33.0299547877013
8.0,349.0,33.026033268454206
8.0,350.0,33.02227741980217
8.0,351.0,33.018664423459136
8.0,352.0,33.015173390529974
8.0,353.0,33.01178506053752
8.0,354.0,33.00848154610246
8.0,355.0,33.00524610913262
8.0,356.0,33.002062968584184
8.0,357.0,32.99891712925063
8.0,358.0,32.99579423221363
8.0,359.0,32.99268041931768
8.0,360.0,32.98956221209117
8.0,361.0,32.98642639996991
8.0,362.0,32.983259937471345
8.0,363.0,32.98004984743928
8.0,364.0,32.976783128809025
8.0,365.0,32.97344666816161
8.0,366.0,32.970027151979274
8.0,367.0,32.966510980976494
8.0,368.0,32.9628841815898
8.0,369.0,32.959132318104835
8.0,370.0,32.95524039840761
8.0,371.0,32.95119277896
8.0,372.0,32.94697305962781
8.0,373.0,32.94256397610242
8.0,374.0,32.937947277910254
8.0,375.0,32.933103601895915
8.0,376.0,32.928012326234004
8.0,377.0,32.92265141696753
8.0,378.0,32.916997248831294
8.0,379.0,32.911024414375724
8.0,380.0,32.90470549941148
8.0,381.0,32.89801084061411
8.0,382.0,32.89090823900052
8.0,383.0,32.88336264659079
8.0,384.0,32.87533579489013
8.0,385.0,32.86678578338641
8.0,386.0,32.857666590548114
8.0,387.0,32.84792752543057
8.0,388.0,32.83751257468011
8.0,389.0,32.826359661400424
8.0,390.0,32.814399760696865
8.0,391.0,32.801555884251755
8.0,392.0,32.78774186536025
8.0,393.0,32.77286094879705
8.0,394.0,32.75680409842011
8.0,395.0,32.73944801292688
8.0,396.0,32.720652736492
8.0,397.0,32.70025883183605
8.0,398.0,32.67808396533206
8.0,399.0,32.65391883649967
8.0,400.0,32.62752225040248
8.0,401.0,32.598615216204564
8.0,402.0,32.566873807324846
8.0,403.0,32.531920612816634
8.0,404.0,32.49331446402702
8.0,405.0,32.45053825824658
8.0,406.0,32.40298462177137
8.0,407.0,32.34993945373278
8.0,408.0,32.29056358623875
8.0,409.0,32.22387361162319
8.0,410.0,32.14872398001131
8.0,411.0,32.06379472203364
8.0,412.0,31.96759240726934
8.0,413.0,31.858477369674844
8.0,414.0,31.734737346269487
8.0,415.0,31.594736325058197
8.0,416.0,31.437173150072955
8.0,417.0,31.261478639994486
8.0,418.0,31.068343921435957
8.0,419.0,30.86028352290232
8.0,420.0,30.64198732538597
8.0,421.0,30.42007941965683
8.0,422.0,30.202006573170642
8.0,423.0,29.99439363561643
8.0,424.0,29.801932007022714
8.0,425.0,29.627138503417772
8.0,426.0,29.470707311068075
8.0,427.0,29.33207309726581
8.0,428.0,29.209939349848543
8.0,429.0,29.102675521285747
8.0,430.0,29.008575642801052
8.0,431.0,28.92600720667131
8.0,432.0,28.853484817200464
8.0,433.0,28.78969745981601
8.0,434.0,28.733509475491985
8.0,435.0,28.68394833692006
8.0,436.0,28.640186766365915
8.0,437.0,28.601523626797547
8.0,438.0,28.567365607404597
8.0,439.0,28.537210842518682
8.0,440.0,28.51063460609756
8.0,441.0,28.487277222653137
8.0,442.0,28.46683383254857
8.0,443.0,28.44904594404448
8.0,444.0,28.433694340735727
8.0,445.0,28.42059329563647
8.0,446.0,28.40958570124692
8.0,447.0,28.400539131247736
8.0,448.0,28.393342495789938
8.0,449.0,28.387903365663885
8.0,450.0,28.384145668239203
8.0,451.0,28.382007875973972
8.0,452.0,28.381441417644147
8.0,453.0,28.38240946603166
8.0,454.0,28.384885848872834
8.0,455.0,28.38885426058472
8.0,456.0,28.394307530939344
8.0,457.0,28.40124714575817
8.0,458.0,28.40968278043783
8.0,459.0,28.419632054813405
8.0,460.0,28.431120271855935
8.0,461.0,28.444180359437535
8.0,462.0,28.458852777581757
8.0,463.0,28.47518561938674
8.0,464.0,28.493234666998163
8.0,465.0,28.51306363862733
8.0,466.0,28.534744386549985
8.0,467.0,28.558357289182855
8.0,468.0,28.58399159575355
8.0,469.0,28.61174597339563
8.0,470.0,28.641729014141465
8.0,471.0,28.674059958315386
8.0,472.0,28.70886939147891
8.0,473.0,28.7463001783563
8.0,474.0,28.786508391681487
8.0,475.0,28.829664506964328
8.0,476.0,28.875954623504633
8.0,477.0,28.92558199139056
8.0,478.0,28.978768609458662
8.0,479.0,29.035757184609768
8.0,480.0,29.09681322531627
8.0,481.0,29.162227573399267
8.0,482.0,29.232319159375013
8.0,483.0,29.30743830383111
8.0,484.0,29.387970369300525
8.0,485.0,29.47434011072705
8.0,486.0,29.56701655806759
8.0,487.0,29.666518815948137
8.0,488.0,29.773422657843565
8.0,489.0,29.888368353821857
8.0,490.0,30.012069675744446
8.0,491.0,30.145324599871614
8.0,492.0,30.28902775149887
8.0,493.0,30.44418523385385
8.0,494.0,30.611932038895187
8.0,495.0,30.793552867732657
8.0,496.0,30.99050678979579
8.0,497.0,31.204456847726725
8.0,498.0,31.437305381337413
8.0,499.0,31.6912365861971
8.0,500.0,31.9687675686186
8.0,501.0,32.27280996672839
8.0,502.0,32.60674401144288
8.0,503.0,32.97450769931865
8.0,504.0,33.380703440552026
8.0,505.0,33.8307249819477
8.0,506.0,34.330906315217504
8.0,507.0,34.888693132561855
8.0,508.0,35.512833364638574
8.0,509.0,36.21357691199659
8.0,510.0,37.00286163373351
8.0,511.0,37.8944413906182
8.0,512.0,38.90387588133143
8.0,513.0,40.048247883164876
8.0,514.0,41.34539721549397
8.0,515.0,42.81237313383378
8.0,516.0,44.46274464624279
8.0,517.0,46.302470921109084
8.0,518.0,48.32440643441369
8.0,519.0,50.50244526495199
8.0,520.0,52.78786062797884
8.0,521.0,55.111813264957995
8.0,522.0,57.3969112161675
8.0,523.0,59.57431414427548
8.0,524.0,61.59529310566727
8.0,525.0,63.43373892745152
8.0,526.0,65.08250173720243
8.0,527.0,66.5475352325668
8.0,528.0,67.84240182179383
8.0,529.0,68.98414299277621
8.0,530.0,69.99058961954005
8.0,531.0,70.8788143040256
8.0,532.0,71.6643653259617
8.0,533.0,72.36098381720801
8.0,534.0,72.98059358003974
8.0,535.0,73.53342904910959
8.0,536.0,74.02822125692909
8.0,537.0,74.47239746842115
8.0,538.0,74.87227168941192
8.0,539.0,75.23321600846785
8.0,540.0,75.55980946808182
8.0,541.0,75.85596485562446
8.0,542.0,76.1250353049591
8.0,543.0,76.36990331727061
8.0,544.0,76.59305476438725
8.0,545.0,76.7966403357038
8.0,546.0,76.98252652180437
8.0,547.0,77.15233797417675
8.0,548.0,77.30749274111547
8.0,549.0,77.44923164581878
8.0,550.0,77.57864283715668
8.0,551.0,77.69668235142952
8.0,552.0,77.80419138991749
8.0,553.0,77.90191085236526
8.0,554.0,77.99049361794584
8.0,555.0,78.07051490961712
8.0,556.0,78.14248109828542
8.0,557.0,78.20683714183737
8.0,558.0,78.26397293221852
8.0,559.0,78.31422864629499
8.0,560.0,78.3578993243101
8.0,561.0,78.39523869926093
8.0,562.0,78.42646247362555
8.0,563.0,78.45175101174019
8.0,564.0,78.47125163112341
8.0,565.0,78.48508041723126
8.0,566.0,78.4933237409993
8.0,567.0,78.49603936701048
8.0,568.0,78.49325733353916
8.0,569.0,78.48498046013351
8.0,570.0,78.4711846694034
8.0,571.0,78.45181894908094
8.0,572.0,78.4268051482666
8.0,573.0,78.39603740548583
8.0,574.0,78.35938141017577
8.0,575.0,78.31667326671513
8.0,576.0,78.26771816951361
8.0,577.0,78.21228862846755
8.0,578.0,78.1501224580087
8.0,579.0,78.08092023651504
8.0,580.0,78.0043424501335
8.0,581.0,77.92000599061487
8.0,582.0,77.82748021582711
8.0,583.0,77.7262821980463
8.0,584.0,77.61587135374788
8.0,585.0,77.49564302414569
8.0,586.0,77.36492117067986
8.0,587.0,77.22294968137811
8.0,588.0,77.0688824005268
8.0,589.0,76.90177127733979
8.0,590.0,76.7205526602368
8.0,591.0,76.52403099064985
8.0,592.0,76.31085978486784
8.0,593.0,76.07951895207633
8.0,594.0,75.82828811904794
8.0,595.0,75.55521470628227
8.0,596.0,75.25807608772699
8.0,597.0,74.93433413090737
8.0,598.0,74.58108093827853
8.0,599.0,74.1949734393246
8.0,600.0,73.77215492144278
8.0,601.0,73.30816027759141
8.0,602.0,72.79780213616365
8.0,603.0,72.23503370507527
8.0,604.0,71.61278476194578
8.0,605.0,70.9227664059251
8.0,606.0,70.15524202731015
8.0,607.0,69.29876353330545
8.0,608.0,68.33987826813043
8.0,609.0,67.26282172370783
8.0,610.0,66.04923145550349
8.0,611.0,64.67795006957554
8.0,612.0,63.125040908634055
8.0,613.0,61.364223029723036
8.0,614.0,59.36804976905189
8.0,615.0,57.110289624603034
8.0,616.0,54.5700642757558
8.0,617.0,51.738201739450176
8.0,618.0,48.62569003243827
8.0,619.0,45.27268587207275
8.0,620.0,41.754146203354814
8.0,621.0,38.17596904853764
8.0,622.0,34.65720927937704
8.0,623.0,31.303764170062443
8.0,624.0,28.190589168497613
8.0,625.0,25.357838737234367
8.0,626.0,22.816497877563148
8.0,627.0,20.557390812874317
8.0,628.0,18.559634645820523
8.0,629.0,16.79699248811761
8.0,630.0,15.242011472702977
8.0,631.0,13.86840360077048
8.0,632.0,12.65222429640719
8.0,633.0,11.572307339113829
8.0,634.0,10.610280536469862
8.0,635.0,9.750368655936182
8.0,636.0,8.979107323496804
8.0,637.0,8.285035668386161
8.0,638.0,7.65840322143906
8.0,639.0,7.090906063390172
8.0,640.0,6.575457767241401
8.0,641.0,6.105994060156882
8.0,642.0,5.677308779760745
8.0,643.0,5.2849166146309905
8.0,644.0,4.924939192260972
8.0,645.0,4.594010207989936
8.0,646.0,4.289196904244634
8.0,647.0,4.007934527004692
8.0,648.0,3.747972003703652
8.0,649.0,3.507326328603319
8.0,650.0,3.284244644708102
8.0,651.0,3.077172143307203
8.0,652.0,2.8847252933672562
8.0,653.0,2.7056689577584883
8.0,654.0,2.5388972584312284
8.0,655.0,2.3834170389878175
8.0,656.0,2.23833401609418
8.0,657.0,2.102840662221142
8.0,658.0,1.9762060602007545
8.0,659.0,1.857766902315155
8.0,660.0,1.7469199707908172
8.0,661.0,1.643115361270713
8.0,662.0,1.5458508480371762
8.0,663.0,1.4546667146333925
8.0,664.0,1.3691414878204864
8.0,665.0,1.28888794321563
8.0,666.0,1.2135498445551591
8.0,667.0,1.1427988183048063
8.0,668.0,1.0763318393165175
8.0,669.0,1.0138687552307624
8.0,670.0,0.9551503320277864
8.0,671.0,0.8999362695601743
8.0,672.0,0.848003671231305
8.0,673.0,0.7991454346230542
8.0,674.0,0.7531690454614329
8.0,675.0,0.7098952576465503
8.0,676.0,0.6691571373720342
8.0,677.0,0.6307989686802872
8.0,678.0,0.5946754921774571
8.0,679.0,0.5606509880727636
8.0,680.0,0.5285986674786839
8.0,681.0,0.4983998964922508
8.0,682.0,0.4699437080391831
8.0,683.0,0.44312613912401083
8.0,684.0,0.4178498385744676
8.0,685.0,0.3940234959693247
8.0,686.0,0.3715615261729762
8.0,687.0,0.35038357324004016
8.0,688.0,0.33041425680132264
8.0,689.0,0.31158273786637947
8.0,690.0,0.29382251528974246
8.0,691.0,0.2770710431511956
8.0,692.0,0.2612695679541049
8.0,693.0,0.24636278937865022
8.0,694.0,0.23229873073050628
8.0,695.0,0.21902843649561327
8.0,696.0,0.20650587000513992
8.0,697.0,0.19468764248987497
8.0,698.0,0.18353293305802335
8.0,699.0,0.17300324494049657
8.0,700.0,0.1630623437671271
8.0,701.0,0.153676037476222
8.0,702.0,0.14481212957860173
8.0,703.0,0.13644021982460533
8.0,704.0,0.12853166970631813
8.0,705.0,0.12105942146957406
8.0,706.0,0.11399797355483374
8.0,707.0,0.10732321593849237
8.0,708.0,0.10101241357639891
8.0,709.0,0.09504405637917059
8.0,710.0,0.08939784901785408
8.0,711.0,0.0840545740982037
8.0,712.0,0.07899608692970436
8.0,713.0,0.0742051906763736
8.0,714.0,0.06966563488925788
8.0,715.0,0.06536200158591132
8.0,716.0,0.061279706511033614
8.0,717.0,0.05740489524084128
8.0,718.0,0.05372444627334376
8.0,719.0,0.05022587637318699
8.0,720.0,0.046897344707328086
8.0,721.0,0.0437275667451581
8.0,722.0,0.040705818751087815
8.0,723.0,0.03782185963743257
8.0,724.0,0.03506593520585712
8.0,725.0,0.032428707419455964
8.0,726.0,0.029901257852651165
8.0,727.0,0.02747502390636209
8.0,728.0,0.025141800982812212
8.0,729.0,0.02289368521542228
8.0,730.0,0.020723073932654556
8.0,731.0,0.018622614513686634
8.0,732.0,0.016585202745172677
8.0,733.0,0.014603937445970426
8.0,734.0,0.012672116353535602
8.0,735.0,0.010783196186855349
8.0,736.0,0.008930785725908552
8.0,737.0,0.0071086110021847514
8.0,738.0,0.005310505255859528
8.0,739.0,0.0035303789583678046
8.0,740.0,0.00176220634813291
8.0,741.0,0.0
9.0,0.0,0.0
9.0,1.0,0.0008729838426805899
9.0,2.0,0.0017489239617595185
9.0,3.0,0.0026307860895581933
9.0,4.0,0.0035215570048780613
9.0,5.0,0.004424251992058234
9.0,6.0,0.005341928704066828
9.0,7.0,0.006277692764434711
9.0,8.0,0.007234714043024215
9.0,9.0,0.008216230544699717
9.0,10.0,0.009225567242322137
9.0,11.0,0.010266138402371078
9.0,12.0,0.011341469126383378
9.0,13.0,0.012455196272470473
9.0,14.0,0.013611092865509348
9.0,15.0,0.014813067784799372
9.0,16.0,0.01606519321504113
9.0,17.0,0.017371703284511358
9.0,18.0,0.01873702474351685
9.0,19.0,0.020165774754773127
9.0,20.0,0.021662795003968786
9.0,21.0,0.02323314886494404
9.0,22.0,0.024882159168719612
9.0,23.0,0.026615404991128425
9.0,24.0,0.028438763332751926
9.0,25.0,0.030358405806544416
9.0,26.0,0.03238084451233422
9.0,27.0,0.034512928937552
9.0,28.0,0.03676189634724595
9.0,29.0,0.03913536925335888
9.0,30.0,0.04164141068577661
9.0,31.0,0.044288522636049064
9.0,32.0,0.04708570662835517
9.0,33.0,0.05004246360384482
9.0,34.0,0.05316886027448605
9.0,35.0,0.056475530986490025
9.0,36.0,0.05997375041725462
9.0,37.0,0.06367543804339369
9.0,38.0,0.06759323783453287
9.0,39.0,0.07174052605684086
9.0,40.0,0.0761314987312812
9.0,41.0,0.08078118363179182
9.0,42.0,0.08570553641492287
9.0,43.0,0.09092145782881325
9.0,44.0,0.09644689959264383
9.0,45.0,0.10230088802594549
9.0,46.0,0.1085036409686762
9.0,47.0,0.11507659928010909
9.0,48.0,0.12204255635497499
9.0,49.0,0.12942569924024427
9.0,50.0,0.13725175263459785
9.0,51.0,0.14554803174697076
9.0,52.0,0.1543436030853266
9.0,53.0,0.16366935165554355
9.0,54.0,0.17355816137719704
9.0,55.0,0.184044999825383
9.0,56.0,0.19516712179079954
9.0,57.0,0.20696417554071997
9.0,58.0,0.21947843391481667
9.0,59.0,0.23275492707892223
9.0,60.0,0.246841706679767
9.0,61.0,0.26179001135974445
9.0,62.0,0.2776545709685744
9.0,63.0,0.2944938127989109
9.0,64.0,0.3123702147877851
9.0,65.0,0.33135056265855783
9.0,66.0,0.3515063636007094
9.0,67.0,0.37291416745258243
9.0,68.0,0.39565605574773455
9.0,69.0,0.41982004400854267
9.0,70.0,0.44550066560261764
9.0,71.0,0.47279947750922086
9.0,72.0,0.5018257645792568
9.0,73.0,0.5326971783073583
9.0,74.0,0.5655405954574555
9.0,75.0,0.6004929291690148
9.0,76.0,0.6377021873905565
9.0,77.0,0.6773285091414868
9.0,78.0,0.7195454840785528
9.0,79.0,0.7645414854803497
9.0,80.0,0.8125213344349379
9.0,81.0,0.8637080273848606
9.0,82.0,0.9183448596216648
9.0,83.0,0.9766976823666037
9.0,84.0,1.0390576445489654
9.0,85.0,1.105744167336926
9.0,86.0,1.1771085265637742
9.0,87.0,1.2535378086625653
9.0,88.0,1.3354596474512583
9.0,89.0,1.4233475353063418
9.0,90.0,1.5177271602976934
9.0,91.0,1.6191836057408135
9.0,92.0,1.7283699254419411
9.0,93.0,1.8460169953253969
9.0,94.0,1.972945241012595
9.0,95.0,2.110078235297849
9.0,96.0,2.258458883675016
9.0,97.0,2.419268320701474
9.0,98.0,2.5938483894625404
9.0,99.0,2.783727987399842
9.0,100.0,2.9906543224966593
9.0,101.0,3.2166295118857797
9.0,102.0,3.463953668281415
9.0,103.0,3.735274879241693
9.0,104.0,4.0336469639921235
9.0,105.0,4.362594708890097
9.0,106.0,4.726186006208002
9.0,107.0,5.129107851961602
9.0,108.0,5.576740803464717
9.0,109.0,6.075220744181292
9.0,110.0,6.631469499878619
9.0,111.0,7.253163029066642
9.0,112.0,7.9485894092799025
9.0,113.0,8.726325922003449
9.0,114.0,9.594641290468903
9.0,115.0,10.560512894851836
9.0,116.0,11.628165193881417
9.0,117.0,12.797122014427401
9.0,118.0,14.059977489838804
9.0,119.0,15.400454976602912
9.0,120.0,16.79275546693779
9.0,121.0,18.203349759628377
9.0,122.0,19.595645411999183
9.0,123.0,20.936113206395355
9.0,124.0,22.198954102087285
9.0,125.0,23.367891406010106
9.0,126.0,24.435519185151083
9.0,127.0,25.401361183013076
9.0,128.0,26.2696417576087
9.0,129.0,27.047338170747896
9.0,130.0,27.742719009159728
9.0,131.0,28.364361399278923
9.0,132.0,28.92055324440492
9.0,133.0,29.41897030909528
9.0,134.0,29.866534204653625
9.0,135.0,30.269380578901416
9.0,136.0,30.632889731370028
9.0,137.0,30.961748377333546
9.0,138.0,31.260024104222257
9.0,139.0,31.53124136845941
9.0,140.0,31.778453632906963
9.0,141.0,32.00430860114101
9.0,142.0,32.211105972721754
9.0,143.0,32.400847421038925
9.0,144.0,32.5752796779493
9.0,145.0,32.735931130703
9.0,146.0,32.884143076062564
9.0,147.0,33.021096064141084
9.0,148.0,33.147832375490374
9.0,149.0,33.26527491511256
9.0,150.0,33.3742433952531
9.0,151.0,33.475467930097
9.0,152.0,33.569600760197766
9.0,153.0,33.65722610081887
9.0,154.0,33.738868713538174
9.0,155.0,33.81500110191087
9.0,156.0,33.88604984437998
9.0,157.0,33.952400900837155
9.0,158.0,34.01440434448202
9.0,159.0,34.072378312271425
9.0,160.0,34.12661258156849
9.0,161.0,34.177371538128696
9.0,162.0,34.22489691105803
9.0,163.0,34.269410022053705
9.0,164.0,34.31111390078895
9.0,165.0,34.35019500302264
9.0,166.0,34.38682486506844
9.0,167.0,34.42116142536339
9.0,168.0,34.45335033229114
9.0,169.0,34.48352596654906
9.0,170.0,34.51181248526804
9.0,171.0,34.53832461609484
9.0,172.0,34.563168498212484
9.0,173.0,34.58644230010325
9.0,174.0,34.60823690195232
9.0,175.0,34.62863637528329
9.0,176.0,34.64771853941956
9.0,177.0,34.66555533100227
9.0,178.0,34.68221325836226
9.0,179.0,34.697753681222835
9.0,180.0,34.71223318005212
9.0,181.0,34.72570376020985
9.0,182.0,34.738213147903664
9.0,183.0,34.74980492804141
9.0,184.0,34.76051877375022
9.0,185.0,34.77039052273337
9.0,186.0,34.77945234294451
9.0,187.0,34.78773274784876
9.0,188.0,34.79525669630017
9.0,189.0,34.80204554227466
9.0,190.0,34.808117061744575
9.0,191.0,34.81348532660391
9.0,192.0,34.81816064472327
9.0,193.0,34.82214934020178
9.0,194.0,34.82545358401291
9.0,195.0,34.82807105251192
9.0,196.0,34.82999461422074
9.0,197.0,34.831211824792796
9.0,198.0,34.83170441979995
9.0,199.0,34.831447586807755
9.0,200.0,34.830409195129
9.0,201.0,34.82854876663587
9.0,202.0,34.82581635680572
9.0,203.0,34.822151136322866
9.0,204.0,34.81747984357396
9.0,205.0,34.81171492463159
9.0,206.0,34.804752566531796
9.0,207.0,34.79647052501908
9.0,208.0,34.78672608418824
9.0,209.0,34.77535428696853
9.0,210.0,34.762167140771766
9.0,211.0,34.746954518308904
9.0,212.0,34.729488289579855
9.0,213.0,34.70953153735597
9.0,214.0,34.686855705185245
9.0,215.0,34.66126866415929
9.0,216.0,34.63265653650315
9.0,217.0,34.60103932993254
9.0,218.0,34.56663468488558
9.0,219.0,34.529913318182565
9.0,220.0,34.491617695484585
9.0,221.0,34.45271080950252
9.0,222.0,34.414242890431986
9.0,223.0,34.37717634635953
9.0,224.0,34.342252470228544
9.0,225.0,34.30994021670442
9.0,226.0,34.280454864191626
9.0,227.0,34.253813455732946
9.0,228.0,34.22989852872354
9.0,229.0,34.20851374494281
9.0,230.0,34.18942568937418
9.0,231.0,34.17239193085439
9.0,232.0,34.15717813780239
9.0,233.0,34.143567285478426
9.0,234.0,34.1313637478514
9.0,235.0,34.12039418767756
9.0,236.0,34.11050671374381
9.0,237.0,34.10156909758247
9.0,238.0,34.09346667587852
9.0,239.0,34.08610016077259
9.0,240.0,34.079383606396085
9.0,241.0,34.07324252695283
9.0,242.0,34.067612272131704
9.0,243.0,34.06243658138514
9.0,244.0,34.05766637653283
9.0,245.0,34.05325869865777
9.0,246.0,34.04917583681221
9.0,247.0,34.045384558156115
9.0,248.0,34.04185548556492
9.0,249.0,34.03856254089252
9.0,250.0,34.03548250057121
9.0,251.0,34.03259459051396
9.0,252.0,34.02988016725877
9.0,253.0,34.02732242007833
9.0,254.0,34.024906140354105
9.0,255.0,34.02261749956125
9.0,256.0,34.02044388071595
9.0,257.0,34.01837371030799
9.0,258.0,34.01639633353463
9.0,259.0,34.014501884808055
9.0,260.0,34.01268119393201
9.0,261.0,34.010925684322906
9.0,262.0,34.0092273010188
9.0,263.0,34.0075784288414
9.0,264.0,34.00597183567835
9.0,265.0,34.00440060491982
9.0,266.0,34.002858089190205
9.0,267.0,34.00133785281894
9.0,268.0,33.99983363236338
9.0,269.0,33.998339285820315
9.0,270.0,33.996848757040375
9.0,271.0,33.995356028984595
9.0,272.0,33.99385508958566
9.0,273.0,33.9923398866831
9.0,274.0,33.99080429309963
9.0,275.0,33.98924206099274
9.0,276.0,33.98764678391195
9.0,277.0,33.98601184819829
9.0,278.0,33.984330389571625
9.0,279.0,33.982595238877686
9.0,280.0,33.98079887029535
9.0,281.0,33.978933338130666
9.0,282.0,33.9769902129711
9.0,283.0,33.97496050527644
9.0,284.0,33.972834584637035
9.0,285.0,33.97060208448274
9.0,286.0,33.968251797862344
9.0,287.0,33.96577155548195
9.0,288.0,33.96314808886687
9.0,289.0,33.96036687084902
9.0,290.0,33.95741193323368
9.0,291.0,33.95426565434034
9.0,292.0,33.950908512848414
9.0,293.0,33.947318800436555
9.0,294.0,33.94347228560602
9.0,295.0,33.93934182005391
9.0,296.0,33.934896875108514
9.0,297.0,33.93010299736657
9.0,298.0,33.92492116523486
9.0,299.0,33.919307032302044
9.0,300.0,33.91321003301141
9.0,301.0,33.90657233359785
9.0,302.0,33.89932759961807
9.0,303.0,33.89139956501744
9.0,304.0,33.882700380346414
9.0,305.0,33.873128746308765
9.0,306.0,33.8625678508853
9.0,307.0,33.85088319570141
9.0,308.0,33.83792046670421
9.0,309.0,33.823503767447484
9.0,310.0,33.807434742169995
9.0,311.0,33.78949348284344
9.0,312.0,33.76944258430958
9.0,313.0,33.74703636878537
9.0,314.0,33.72203796214971
9.0,315.0,33.69424737197475
9.0,316.0,33.66354324402702
9.0,317.0,33.629938509655055
9.0,318.0,33.593644070122714
9.0,319.0,33.555124254651545
9.0,320.0,33.51511543378521
9.0,321.0,33.47457481297089
9.0,322.0,33.43454708736309
9.0,323.0,33.395989398272086
9.0,324.0,33.35963798765751
9.0,325.0,33.32595699142136
9.0,326.0,33.29515705183808
9.0,327.0,33.26725077501177
9.0,328.0,33.24211641364036
9.0,329.0,33.21955351350395
9.0,330.0,33.199324667743866
9.0,331.0,33.18118359365413
9.0,332.0,33.16489220606674
9.0,333.0,33.15022984024033
9.0,334.0,33.13699730338087
9.0,335.0,33.125017779649305
9.0,336.0,33.114135948862845
9.0,337.0,33.10421621725633
9.0,338.0,33.09514058296422
9.0,339.0,33.08680645930747
9.0,340.0,33.079124605832696
9.0,341.0,33.0720172581325
9.0,342.0,33.0654164689996
9.0,343.0,33.059262673008824
9.0,344.0,33.05350344589907
9.0,345.0,33.048092450134774
9.0,346.0,33.04298853121163
9.0,347.0,33.03815495460015
9.0,348.0,33.03355875153761
9.0,349.0,33.02917016698683
9.0,350.0,33.02496218373756
9.0,351.0,33.020910119609404
9.0,352.0,33.01699127710726
9.0,353.0,33.013184645101816
9.0,354.0,33.00947063636257
9.0,355.0,33.00583086198518
9.0,356.0,33.00224793021235
9.0,357.0,32.998705271197345
9.0,358.0,32.99518697829902
9.0,359.0,32.991677667215676
9.0,360.0,32.988162346259294
9.0,361.0,32.984626298260956
9.0,362.0,32.981054969899716
9.0,363.0,32.977433867678904
9.0,364.0,32.97374845872032
9.0,365.0,32.969984073965804
9.0,366.0,32.966125814295346
9.0,367.0,32.962158455200054
9.0,368.0,32.958066352864584
9.0,369.0,32.95383334505732
9.0,370.0,32.94944265206015
9.0,371.0,32.94487676851738
9.0,372.0,32.940117353852735
9.0,373.0,32.935145109330755
9.0,374.0,32.929939651861844
9.0,375.0,32.92447936951754
9.0,376.0,32.91874127131467
9.0,377.0,32.912700812780145
9.0,378.0,32.90633171227834
9.0,379.0,32.89960573574995
9.0,380.0,32.89249246715926
9.0,381.0,32.88495903793235
9.0,382.0,32.87696983477751
9.0,383.0,32.86848615415815
9.0,384.0,32.859465824513094
9.0,385.0,32.84986275862419
9.0,386.0,32.83962645828482
9.0,387.0,32.828701426627276
9.0,388.0,32.81702651029758
9.0,389.0,32.804534118163126
9.0,390.0,32.7911493372017
9.0,391.0,32.77678888129432
9.0,392.0,32.761359889678154
9.0,393.0,32.74475849662722
9.0,394.0,32.72686818185493
9.0,395.0,32.70755780476031
9.0,396.0,32.68667932027896
9.0,397.0,32.664065055787894
9.0,398.0,32.63952453015797
9.0,399.0,32.6128406660706
9.0,400.0,32.58376535764557
9.0,401.0,32.55201421769523
9.0,402.0,32.517260457785575
9.0,403.0,32.47912772360775
9.0,404.0,32.43718188183088
9.0,405.0,32.39092167569445
9.0,406.0,32.3397684599687
9.0,407.0,32.283055318803825
9.0,408.0,32.220016472239756
9.0,409.0,32.14977842715534
9.0,410.0,32.071355649786085
9.0,411.0,31.983655084367328
9.0,412.0,31.885496490181065
9.0,413.0,31.775658546749607
9.0,414.0,31.652964301118462
9.0,415.0,31.516421540357573
9.0,416.0,31.365431644681458
9.0,417.0,31.20006780685489
9.0,418.0,31.021393529548458
9.0,419.0,30.83173989862782
9.0,420.0,30.63479873108711
9.0,421.0,30.43536652717929
9.0,422.0,30.238677831363145
9.0,423.0,30.049530000510185
9.0,424.0,29.87161656956774
9.0,425.0,29.707271206393628
9.0,426.0,29.55756087388674
9.0,427.0,29.4225631087947
9.0,428.0,29.301684542895742
9.0,429.0,29.193939130959382
9.0,430.0,29.09815703757384
9.0,431.0,29.013125021580606
9.0,432.0,28.937671927308784
9.0,433.0,28.870714805550787
9.0,434.0,28.81127930529148
9.0,435.0,28.758504212594982
9.0,436.0,28.711637189161433
9.0,437.0,28.670025948755193
9.0,438.0,28.633107741897096
9.0,439.0,28.600398505387243
9.0,440.0,28.57148268856641
9.0,441.0,28.54600394795325
9.0,442.0,28.523657039716344
9.0,443.0,28.50418070289665
9.0,444.0,28.487351660876925
9.0,445.0,28.47297942703893
9.0,446.0,28.46090201139121
9.0,447.0,28.450982203966017
9.0,448.0,28.44310455267464
9.0,449.0,28.437172726562228
9.0,450.0,28.433107412985155
9.0,451.0,28.430844456651446
9.0,452.0,28.43033341723309
9.0,453.0,28.43153626619024
9.0,454.0,28.43442642248683
9.0,455.0,28.438987855706085
9.0,456.0,28.4452144744574
9.0,457.0,28.453109532596415
9.0,458.0,28.462685285701333
9.0,459.0,28.47396263163166
9.0,460.0,28.486970979525953
9.0,461.0,28.501748080616306
9.0,462.0,28.518340075284296
9.0,463.0,28.536801488260792
9.0,464.0,28.557195435197197
9.0,465.0,28.579593770550982
9.0,466.0,28.604077447977872
9.0,467.0,28.630736821148687
9.0,468.0,28.659672163642064
9.0,469.0,28.69099413409159
9.0,470.0,28.72482447247894
9.0,471.0,28.761296652625997
9.0,472.0,28.800556784086833
9.0,473.0,28.8427644883315
9.0,474.0,28.88809405013257
9.0,475.0,28.936735570267892
9.0,476.0,28.988896428988824
9.0,477.0,29.044802789514538
9.0,478.0,29.104701460955923
9.0,479.0,29.168861855747807
9.0,480.0,29.23757837320347
9.0,481.0,29.311172953815902
9.0,482.0,29.389998151612915
9.0,483.0,29.474440483993735
9.0,484.0,29.564924427337473
9.0,485.0,29.66191684011197
9.0,486.0,29.765932210721463
9.0,487.0,29.87753854491089
9.0,488.0,29.997364330822492
9.0,489.0,30.126106445207906
9.0,490.0,30.264539497395525
9.0,491.0,30.41352654568259
9.0,492.0,30.57403176698233
9.0,493.0,30.747135117445154
9.0,494.0,30.93404968541451
9.0,495.0,31.136141920828177
9.0,496.0,31.35495561069134
9.0,497.0,31.59223998422404
9.0,498.0,31.84998303811132
9.0,499.0,32.13045071218762
9.0,500.0,32.43623325271949
9.0,501.0,32.770299623241606
9.0,502.0,33.136061442119846
9.0,503.0,33.537447275384416
9.0,504.0,33.97898836781905
9.0,505.0,34.46591560405209
9.0,506.0,35.004266604257374
9.0,507.0,35.60099867668427
9.0,508.0,36.26409935513522
9.0,509.0,37.002678206740455
9.0,510.0,37.82701222999505
9.0,511.0,38.74849863880382
9.0,512.0,39.779443777808524
9.0,513.0,40.932583407640344
9.0,514.0,42.22019450374878
9.0,515.0,43.65263516429171
9.0,516.0,45.236173020010945
9.0,517.0,46.970091538540416
9.0,518.0,48.8433781680419
9.0,519.0,50.831840487254944
9.0,520.0,52.89713801927185
9.0,521.0,54.98944493003394
9.0,522.0,57.05438366558434
9.0,523.0,59.04212717442616
9.0,524.0,60.91433253759367
9.0,525.0,62.64680366426478
9.0,526.0,64.22852308392046
9.0,527.0,65.65876809047434
9.0,528.0,66.94379884964366
9.0,529.0,68.09396469399154
9.0,530.0,69.12153248152234
9.0,531.0,70.03922649048553
9.0,532.0,70.85934015138118
9.0,533.0,71.59325631465215
9.0,534.0,72.25123608293772
9.0,535.0,72.84237157223211
9.0,536.0,73.37463120968998
9.0,537.0,73.85495151211119
9.0,538.0,74.28934750488953
9.0,539.0,74.68302563751251
9.0,540.0,75.04049074102595
9.0,541.0,75.36564294271281
9.0,542.0,75.66186323750654
9.0,543.0,75.93208772302546
9.0,544.0,76.17887135390052
9.0,545.0,76.40444228098347
9.0,546.0,76.61074800524176
9.0,547.0,76.79949446500976
9.0,548.0,76.97217912252185
9.0,549.0,77.13011896018625
9.0,550.0,77.27447418411059
9.0,551.0,77.40626831973232
9.0,552.0,77.52640525478611
9.0,553.0,77.63568373576885
9.0,554.0,77.73480968359628
9.0,555.0,77.8244067086584
9.0,556.0,77.90502504936748
9.0,557.0,77.97714923138861
9.0,558.0,78.04120456653983
9.0,559.0,78.09756273695822
9.0,560.0,78.14654650431282
9.0,561.0,78.18843376002403
9.0,562.0,78.2234608948506
9.0,563.0,78.25182568915825
9.0,564.0,78.27368965280634
9.0,565.0,78.28918001139863
9.0,566.0,78.29839122638028
9.0,567.0,78.30138624780817
9.0,568.0,78.29819735099596
9.0,569.0,78.28882676216723
9.0,570.0,78.27324689122587
9.0,571.0,78.25140038552578
9.0,572.0,78.22319979136061
9.0,573.0,78.18852704683952
9.0,574.0,78.14723256196697
9.0,575.0,78.09913411917493
9.0,576.0,78.044015318568
9.0,577.0,77.98162380926473
9.0,578.0,77.91166899764924
9.0,579.0,77.83381947917013
9.0,580.0,77.74769984764568
9.0,581.0,77.65288712925692
9.0,582.0,77.54890645287816
9.0,583.0,77.43522619726522
9.0,584.0,77.31125217609767
9.0,585.0,77.17632108397453
9.0,586.0,77.02969270117443
9.0,587.0,76.87054104695719
9.0,588.0,76.69794389738252
9.0,589.0,76.51087080074215
9.0,590.0,76.30816889723366
9.0,591.0,76.08854658529708
9.0,592.0,75.85055419193
9.0,593.0,75.5925615502303
9.0,594.0,75.31273143592557
9.0,595.0,75.00898856080963
9.0,596.0,74.67898279544515
9.0,597.0,74.32004603252952
9.0,598.0,73.92914100265132
9.0,599.0,73.50280109511452
9.0,600.0,73.03705909462525
9.0,601.0,72.52736355456666
9.0,602.0,71.96848047744585
9.0,603.0,71.35437909331282
9.0,604.0,70.67809999413157
9.0,605.0,69.93160603214058
9.0,606.0,69.10561756902982
9.0,607.0,68.18943876734384
9.0,608.0,67.17078752882107
9.0,609.0,66.03565431227908
9.0,610.0,64.76823227123056
9.0,611.0,63.35098995114462
9.0,612.0,61.764996000962675
9.0,613.0,59.99065725027197
9.0,614.0,58.00908512382174
9.0,615.0,55.80434198898718
9.0,616.0,53.36678200018066
9.0,617.0,50.69750298782443
9.0,618.0,47.81344154376129
9.0,619.0,44.75180976042636
9.0,620.0,41.5715846548875
9.0,621.0,38.349411753859506
9.0,622.0,35.16893785084628
9.0,623.0,32.1068076283134
9.0,624.0,29.22199640994465
9.0,625.0,26.551713743467552
9.0,626.0,24.112892809988004
9.0,627.0,21.90662715867803
9.0,628.0,19.923265767512845
9.0,629.0,18.146864925247655
9.0,630.0,16.558529040936133
9.0,631.0,15.138656981554442
9.0,632.0,13.868308441043075
9.0,633.0,12.72994200433866
9.0,634.0,11.707739802348916
9.0,635.0,10.787680192174113
9.0,636.0,9.957467826491634
9.0,637.0,9.206392449750059
9.0,638.0,8.525158755803616
9.0,639.0,7.9057126520379155
9.0,640.0,7.341076414399014
9.0,641.0,6.825199551743811
9.0,642.0,6.352826831427661
9.0,643.0,5.9193840155810635
9.0,644.0,5.520879416677958
9.0,645.0,5.153820218831496
9.0,646.0,4.815141071720562
9.0,647.0,4.502143847522127
9.0,648.0,4.2124462938357725
9.0,649.0,3.943938818711484
9.0,650.0,3.69474752775688
9.0,651.0,3.4632031216848764
9.0,652.0,3.2478141211639766
9.0,653.0,3.0472443271001506
9.0,654.0,2.8602932490720026
9.0,655.0,2.6858796283060076
9.0,656.0,2.52302698013759
9.0,657.0,2.3708514340942854
9.0,658.0,2.228550932733337
9.0,659.0,2.095396170229335
9.0,660.0,1.970722428264231
9.0,661.0,1.8539227586360092
9.0,662.0,1.7444417392258378
9.0,663.0,1.6417702972982797
9.0,664.0,1.5454408773586774
9.0,665.0,1.4550234756159903
9.0,666.0,1.370121856424324
9.0,667.0,1.2903704893807861
9.0,668.0,1.2154315522781667
9.0,669.0,1.1449925471932116
9.0,670.0,1.0787638991825037
9.0,671.0,1.0164770877620626
9.0,672.0,0.9578827012339953
9.0,673.0,0.9027489628039125
9.0,674.0,0.8508601367259879
9.0,675.0,0.8020153591444341
9.0,676.0,0.756027318482591
9.0,677.0,0.712721323483727
9.0,678.0,0.6719341993950372
9.0,679.0,0.6335135420729275
9.0,680.0,0.597316785567462
9.0,681.0,0.5632106032524764
9.0,682.0,0.5310701128256979
9.0,683.0,0.5007783944194242
9.0,684.0,0.47222580679989845
9.0,685.0,0.4453095991545704
9.0,686.0,0.41993331811379025
9.0,687.0,0.39600649499789414
9.0,688.0,0.3734441277047269
9.0,689.0,0.35216642906648976
9.0,690.0,0.33209837101570633
9.0,691.0,0.31316948266105543
9.0,692.0,0.29531344672932536
9.0,693.0,0.27846793824964045
9.0,694.0,0.2625742652652097
9.0,695.0,0.2475772407840721
9.0,696.0,0.2334248613060498
9.0,697.0,0.2200682060792696
9.0,698.0,0.2074611482014423
9.0,699.0,0.19556027630707132
9.0,700.0,0.18432463395762286
9.0,701.0,0.17371565974340092
9.0,702.0,0.1636969514340574
9.0,703.0,0.15423422116340327
9.0,704.0,0.14529508141507047
9.0,705.0,0.13684901250720097
9.0,706.0,0.12886716797204278
9.0,707.0,0.12132235200027736
9.0,708.0,0.11418884216390418
9.0,709.0,0.10744237483965667
9.0,710.0,0.10105998354160181
9.0,711.0,0.09501999063708909
9.0,712.0,0.08930185981436471
9.0,713.0,0.08388619264623581
9.0,714.0,0.07875459393049156
9.0,715.0,0.07388967185635353
9.0,716.0,0.06927491513077849
9.0,717.0,0.06489469566890284
9.0,718.0,0.06073415656452029
9.0,719.0,0.056779216364440034
9.0,720.0,0.05301646706218046
9.0,721.0,0.049433179132413504
9.0,722.0,0.046017208827587294
9.0,723.0,0.042757003246336835
9.0,724.0,0.03964151629680951
9.0,725.0,0.03666021315518257
9.0,726.0,0.033802994329657436
9.0,727.0,0.03106019893449493
9.0,728.0,0.028422536347141626
9.0,729.0,0.025881087781431954
9.0,730.0,0.02342724507883715
9.0,731.0,0.021052710113248062
9.0,732.0,0.018749440297264323
9.0,733.0,0.016509645391504183
9.0,734.0,0.01432573933925963
9.0,735.0,0.012190334086564867
9.0,736.0,0.010096197384281264
9.0,737.0,0.008036243251968335
9.0,738.0,0.006003495406186713
9.0,739.0,0.003991074022154169
9.0,740.0,0.0019921644612591175
9.0,741.0,0.0
10.0,0.0,0.0
10.0,1.0,0.0009739235725206348
10.0,2.0,0.0019511447900027745
10.0,3.0,0.0029349730148531465
10.0,4.0,0.003928738739547758
10.0,5.0,0.004935807762128015
10.0,6.0,0.005959588448253381
10.0,7.0,0.007003548519285206
10.0,8.0,0.008071220321384399
10.0,9.0,0.009166220384385004
10.0,10.0,0.01029225286133689
10.0,11.0,0.011453132022477549
10.0,12.0,0.012652784036944255
10.0,13.0,0.013895272574839081
10.0,14.0,0.015184799113882446
10.0,15.0,0.016525731834033733
10.0,16.0,0.01792260464587645
10.0,17.0,0.01938014957677697
10.0,18.0,0.020903294735104536
10.0,19.0,0.02249720040483806
10.0,20.0,0.02416725618074643
10.0,21.0,0.025919121010142567
10.0,22.0,0.0277587197594036
10.0,23.0,0.029692287467798232
10.0,24.0,0.03172636563586959
10.0,25.0,0.033867850987651334
10.0,26.0,0.03612399180729135
10.0,27.0,0.038502441543435476
10.0,28.0,0.04101125556306892
10.0,29.0,0.04365894997653088
10.0,30.0,0.04645449922818668
10.0,31.0,0.04940740057388578
10.0,32.0,0.052527672988381006
10.0,33.0,0.05582592779088085
10.0,34.0,0.05931336942116099
10.0,35.0,0.06300187278550093
10.0,36.0,0.06690398653979904
10.0,37.0,0.07103301782056397
10.0,38.0,0.0754030387773727
10.0,39.0,0.0800289794654661
10.0,40.0,0.08492663849583461
10.0,41.0,0.09011278500216147
10.0,42.0,0.09560517443014963
10.0,43.0,0.1014226606582733
10.0,44.0,0.10758521813572702
10.0,45.0,0.11411406544171415
10.0,46.0,0.12103169521275357
10.0,47.0,0.12836201067948727
10.0,48.0,0.13613036511093174
10.0,49.0,0.14436371318464628
10.0,50.0,0.1530906620334494
10.0,51.0,0.16234163970211235
10.0,52.0,0.17214896033155802
10.0,53.0,0.18254701245655958
10.0,54.0,0.19357234143054658
10.0,55.0,0.20526386095524413
10.0,56.0,0.21766295657182394
10.0,57.0,0.2308137246264528
10.0,58.0,0.2447631015785285
10.0,59.0,0.25956113565113575
10.0,60.0,0.2752611478987103
10.0,61.0,0.29192004314295156
10.0,62.0,0.30959851028705265
10.0,63.0,0.32836138089647887
10.0,64.0,0.3482778782623399
10.0,65.0,0.36942203428972104
10.0,66.0,0.3918729994591398
10.0,67.0,0.4157155317204962
10.0,68.0,0.4410403829989374
10.0,69.0,0.4679448778185169
10.0,70.0,0.49653339665133767
10.0,71.0,0.5269180673700986
10.0,72.0,0.5592193719701276
10.0,73.0,0.5935669811742206
10.0,74.0,0.6301005194581262
10.0,75.0,0.668970582906409
10.0,76.0,0.7103397088765415
10.0,77.0,0.7543836305217624
10.0,78.0,0.8012925130164114
10.0,79.0,0.8512725164258155
10.0,80.0,0.9045473818607662
10.0,81.0,0.9613603995830297
10.0,82.0,1.0219764581426354
10.0,83.0,1.0866845496013662
10.0,84.0,1.155800436015778
10.0,85.0,1.2296698724610309
10.0,86.0,1.3086721029202617
10.0,87.0,1.3932240500186268
10.0,88.0,1.4837849330541686
10.0,89.0,1.5808617686570665
10.0,90.0,1.6850155161124862
10.0,91.0,1.796868365386181
10.0,92.0,1.9171119697736223
10.0,93.0,2.0465171780159817
10.0,94.0,2.1859451222548176
10.0,95.0,2.3363602876157863
10.0,96.0,2.4988454874770896
10.0,97.0,2.674619449594906
10.0,98.0,2.8650570048192523
10.0,99.0,3.0717126455021893
10.0,100.0,3.2963474664645918
10.0,101.0,3.5409602203604096
10.0,102.0,3.807822342706698
10.0,103.0,4.099517332126367
10.0,104.0,4.418983666013945
10.0,105.0,4.76956045391059
10.0,106.0,5.155033017327785
10.0,107.0,5.579674396046475
10.0,108.0,6.0482749734792876
10.0,109.0,6.56614870860317
10.0,110.0,7.139097301928898
10.0,111.0,7.773305896057359
10.0,112.0,8.475132771922873
10.0,113.0,9.250745772863826
10.0,114.0,10.105551013670135
10.0,115.0,11.043366709915643
10.0,116.0,12.065328038200347
10.0,117.0,13.168589926535036
10.0,118.0,14.34503438160369
10.0,119.0,15.580375665476817
10.0,120.0,16.85420452678325
10.0,121.0,18.14145034921516
10.0,122.0,19.415273813754975
10.0,123.0,20.650604285760036
10.0,124.0,21.827032477135955
10.0,125.0,22.9302725946899
10.0,126.0,23.952206571140575
10.0,127.0,24.889989241526244
10.0,128.0,25.74475567019302
10.0,129.0,26.520323940717237
10.0,130.0,27.222100015754386
10.0,131.0,27.856251565746966
10.0,132.0,28.429136677449762
10.0,133.0,28.94694027720613
10.0,134.0,29.4154638265273
10.0,135.0,29.840021021674826
10.0,136.0,30.22540195880764
10.0,137.0,30.575879364748886
10.0,138.0,30.89523822134686
10.0,139.0,31.186817270400617
10.0,140.0,31.453554592278547
10.0,141.0,31.69803325769255
10.0,142.0,31.922524241924666
10.0,143.0,32.129025803217374
10.0,144.0,32.319298506093965
10.0,145.0,32.494896274588854
10.0,146.0,32.65719333119018
10.0,147.0,32.80740775279551
10.0,148.0,32.94662165703621
10.0,149.0,33.07579878558582
10.0,150.0,33.19579947660573
10.0,151.0,33.30739373109044
10.0,152.0,33.41127229749055
10.0,153.0,33.508056400097836
10.0,154.0,33.598305967759266
10.0,155.0,33.68252691759038
10.0,156.0,33.76117729564352
10.0,157.0,33.83467277256182
10.0,158.0,33.90339125609281
10.0,159.0,33.96767707498281
10.0,160.0,34.02784446830845
10.0,161.0,34.08418080164692
10.0,162.0,34.13694922573759
10.0,163.0,34.18639117360867
10.0,164.0,34.232728400348286
10.0,165.0,34.276164941575004
10.0,166.0,34.31688868832366
10.0,167.0,34.35507293836103
10.0,168.0,34.39087761878158
10.0,169.0,34.424450526561216
10.0,170.0,34.455928281638556
10.0,171.0,34.485437327738104
10.0,172.0,34.51309467708834
10.0,173.0,34.539008724075686
10.0,174.0,34.56327982692256
10.0,175.0,34.58600097313697
10.0,176.0,34.60725823174245
10.0,177.0,34.62713129933301
10.0,178.0,34.645693847599404
10.0,179.0,34.663013971053424
10.0,180.0,34.67915444775068
10.0,181.0,34.69417310365332
10.0,182.0,34.70812299894755
10.0,183.0,34.72105271898868
10.0,184.0,34.73300649393285
10.0,185.0,34.74402442177879
10.0,186.0,34.75414252473746
10.0,187.0,34.76339290563269
10.0,188.0,34.77180374011064
10.0,189.0,34.77939936317996
10.0,190.0,34.786200191605325
10.0,191.0,34.79222273223844
10.0,192.0,34.797479423321725
10.0,193.0,34.80197855006586
10.0,194.0,34.80572398672206
10.0,195.0,34.8087149972874
10.0,196.0,34.81094585193645
10.0,197.0,34.81240548193662
10.0,198.0,34.81307693505659
10.0,199.0,34.81293684536784
10.0,200.0,34.81195468572017
10.0,201.0,34.81009201073857
10.0,202.0,34.80730147001058
10.0,203.0,34.80352580217766
10.0,204.0,34.79869661576892
10.0,205.0,34.79273319430809
10.0,206.0,34.78554119529601
10.0,207.0,34.77701156514746
10.0,208.0,34.76701968926795
10.0,209.0,34.75542530709818
10.0,210.0,34.74207352854115
10.0,211.0,34.72679790010418
10.0,212.0,34.70942640295856
10.0,213.0,34.68979192071604
10.0,214.0,34.667748548786435
10.0,215.0,34.64319527346451
10.0,216.0,34.616107246280066
10.0,217.0,34.58657291616339
10.0,218.0,34.55483094590917
10.0,219.0,34.52129584285185
10.0,220.0,34.48655667675665
10.0,221.0,34.451335364089715
10.0,222.0,34.41640400115932
10.0,223.0,34.382483851837634
10.0,224.0,34.35016267996484
10.0,225.0,34.319853025884285
10.0,226.0,34.29179092208218
10.0,227.0,34.26606150831736
10.0,228.0,34.24263594419854
10.0,229.0,34.22140851784029
10.0,230.0,34.20222791448518
10.0,231.0,34.18492086388196
10.0,232.0,34.16930844177782
10.0,233.0,34.15521649746215
10.0,234.0,34.14248164142828
10.0,235.0,34.13095426233497
10.0,236.0,34.12049952999711
10.0,237.0,34.110997251765255
10.0,238.0,34.10234100549561
10.0,239.0,34.09443698567011
10.0,240.0,34.08720268082364
10.0,241.0,34.08056559886139
10.0,242.0,34.07446202093802
10.0,243.0,34.06883590378209
10.0,244.0,34.06363785937273
10.0,245.0,34.05882429296632
10.0,246.0,34.054356614098275
10.0,247.0,34.05020058671477
10.0,248.0,34.0463257334323
10.0,249.0,34.04270485425312
10.0,250.0,34.03931358008337
10.0,251.0,34.03613001846211
10.0,252.0,34.03313441839561
10.0,253.0,34.030308909413954
10.0,254.0,34.02763724816074
10.0,255.0,34.02510462523013
10.0,256.0,34.0226974714691
10.0,257.0,34.020403313781095
10.0,258.0,34.018210625008365
10.0,259.0,34.0161087150048
10.0,260.0,34.01408761235331
10.0,261.0,34.0121379807454
10.0,262.0,34.010251023952996
10.0,263.0,34.00841842022117
10.0,264.0,34.00663224415825
10.0,265.0,34.00488491372833
10.0,266.0,34.00316912429367
10.0,267.0,34.00147780409797
10.0,268.0,33.99980405677331
10.0,269.0,33.998141122086835
10.0,270.0,33.99648232393793
10.0,271.0,33.99482103370495
10.0,272.0,33.99315062119103
10.0,273.0,33.991464418220545
10.0,274.0,33.989755670196
10.0,275.0,33.98801749769262
10.0,276.0,33.98624284628732
10.0,277.0,33.984424443796435
10.0,278.0,33.982554745831536
10.0,279.0,33.98062588600761
10.0,280.0,33.978629614244824
10.0,281.0,33.97655723670586
10.0,282.0,33.974399543146475
10.0,283.0,33.97214673245412
10.0,284.0,33.969788324269025
10.0,285.0,33.967313064686714
10.0,286.0,33.96470881579783
10.0,287.0,33.96196243423183
10.0,288.0,33.95905963001552
10.0,289.0,33.955984807960995
10.0,290.0,33.95272088407436
10.0,291.0,33.94924907604985
10.0,292.0,33.945548661068386
10.0,293.0,33.94159669653739
10.0,294.0,33.937367697202966
10.0,295.0,33.9328332605349
10.0,296.0,33.9279616335527
10.0,297.0,33.92271720910899
10.0,298.0,33.91705994444145
10.0,299.0,33.910944686715766
10.0,300.0,33.90432039925091
10.0,301.0,33.89712927272337
10.0,302.0,33.889305720936235
10.0,303.0,33.88077525400086
10.0,304.0,33.87145324910569
10.0,305.0,33.861243644273216
10.0,306.0,33.850037633391054
10.0,307.0,33.837712478245
10.0,308.0,33.82413065971145
10.0,309.0,33.80913969740107
10.0,310.0,33.792573171380006
10.0,311.0,33.77425369960995
10.0,312.0,33.75399894472139
10.0,313.0,33.7316319990966
10.0,314.0,33.70699770570848
10.0,315.0,33.679986259925975
10.0,316.0,33.65056449754984
10.0,317.0,33.61881295458965
10.0,318.0,33.58496279912879
10.0,319.0,33.549421394049766
10.0,320.0,33.51277103161399
10.0,321.0,33.47572715381945
10.0,322.0,33.43905570314197
10.0,323.0,33.403472050025805
10.0,324.0,33.369558343465414
10.0,325.0,33.337721730671646
10.0,326.0,33.30819309116838
10.0,327.0,33.28105259812702
10.0,328.0,33.25626664941078
10.0,329.0,33.23372492524545
10.0,330.0,33.213271675073074
10.0,331.0,33.19472931651142
10.0,332.0,33.17791475461482
10.0,333.0,33.16264976333787
10.0,334.0,33.14876699028904
10.0,335.0,33.13611292973389
10.0,336.0,33.124548941796625
10.0,337.0,33.113951066793085
10.0,338.0,33.10420917333102
10.0,339.0,33.09522576408826
10.0,340.0,33.086914667089864
10.0,341.0,33.07919972217954
10.0,342.0,33.07201354726362
10.0,343.0,33.06529640307041
10.0,344.0,33.058995183491334
10.0,345.0,33.05306251709547
10.0,346.0,33.04745598686394
10.0,347.0,33.04213744461573
10.0,348.0,33.037072421811594
10.0,349.0,33.03222961309628
10.0,350.0,33.02758043388298
10.0,351.0,33.02309863113126
10.0,352.0,33.01875994943506
10.0,353.0,33.01454183499003
10.0,354.0,33.01042318023054
10.0,355.0,33.00638409501371
10.0,356.0,33.00240570729123
10.0,357.0,32.99846998218432
10.0,358.0,32.99455956198531
10.0,359.0,32.99065761880123
10.0,360.0,32.986747721435506
10.0,361.0,32.98281371086418
10.0,362.0,32.97883958453956
10.0,363.0,32.97480938643693
10.0,364.0,32.970707101339414
10.0,365.0,32.96651655281536
10.0,366.0,32.962221301314564
10.0,367.0,32.95780454439947
10.0,368.0,32.95324901316449
10.0,369.0,32.9485368694708
10.0,370.0,32.94364959538494
10.0,371.0,32.9385678821221
10.0,372.0,32.93327150692399
10.0,373.0,32.92773920790767
10.0,374.0,32.92194854204943
10.0,375.0,32.91587573912315
10.0,376.0,32.909495533155365
10.0,377.0,32.902780987016875
10.0,378.0,32.895703287729575
10.0,379.0,32.888231530875466
10.0,380.0,32.88033246725293
10.0,381.0,32.87197023282311
10.0,382.0,32.86310603010823
10.0,383.0,32.85369778451528
10.0,384.0,32.84369973807095
10.0,385.0,32.83306200608191
10.0,386.0,32.82173005263827
10.0,387.0,32.8096441118931
10.0,388.0,32.79673850330381
10.0,389.0,32.78294086825375
10.0,390.0,32.76817126699097
10.0,391.0,32.752341162469506
10.0,392.0,32.73535221885901
10.0,393.0,32.7170949387645
10.0,394.0,32.697447053507396
10.0,395.0,32.67627168610492
10.0,396.0,32.65341518583337
10.0,397.0,32.62870464856034
10.0,398.0,32.60194500610853
10.0,399.0,32.572915696032766
10.0,400.0,32.54136678594464
10.0,401.0,32.5070145749997
10.0,402.0,32.46953656293545
10.0,403.0,32.42856586508959
10.0,404.0,32.383685053817096
10.0,405.0,32.334419680260964
10.0,406.0,32.28023173484312
10.0,407.0,32.22051376452331
10.0,408.0,32.154584612244435
10.0,409.0,32.0816885765901
10.0,410.0,32.001000502419544
10.0,411.0,31.91164073410144
10.0,412.0,31.81270513037147
10.0,413.0,31.703317060643382
10.0,414.0,31.58270898959901
10.0,415.0,31.450340562266625
10.0,416.0,31.30605502447624
10.0,417.0,31.150264603275538
10.0,418.0,30.984135146927954
10.0,419.0,30.809714025913895
10.0,420.0,30.62992378746608
10.0,421.0,30.44835335098561
10.0,422.0,30.26884474497528
10.0,423.0,30.09498784483929
10.0,424.0,29.929707111306595
10.0,425.0,29.775052796361255
10.0,426.0,29.632194602307937
10.0,427.0,29.501549603909755
10.0,428.0,29.38296689613874
10.0,429.0,29.275913006569645
10.0,430.0,29.179628327119232
10.0,431.0,29.093245242280044
10.0,432.0,29.015869728971143
10.0,433.0,28.946633407646406
10.0,434.0,28.88472357698246
10.0,435.0,28.82939823415898
10.0,436.0,28.7799911906516
10.0,437.0,28.73591131195524
10.0,438.0,28.69663828846106
10.0,439.0,28.66171684675934
10.0,440.0,28.630750248999515
10.0,441.0,28.603393923864594
10.0,442.0,28.57934935571525
10.0,443.0,28.558358625419267
10.0,444.0,28.540199437700522
10.0,445.0,28.524680866815583
10.0,446.0,28.51163955186889
10.0,447.0,28.50093653132288
10.0,448.0,28.492454418579133
10.0,449.0,28.486095110240914
10.0,450.0,28.481777725225097
10.0,451.0,28.47943698213112
10.0,452.0,28.47902171620099
10.0,453.0,28.48049376141435
10.0,454.0,28.483826902478857
10.0,455.0,28.489006139027303
10.0,456.0,28.49602696861553
10.0,457.0,28.504894945409685
10.0,458.0,28.51562522125204
10.0,459.0,28.528242338530173
10.0,460.0,28.542779980270193
10.0,461.0,28.5592809577731
10.0,462.0,28.577797139051402
10.0,463.0,28.598389608042186
10.0,464.0,28.621128755224024
10.0,465.0,28.646094598380884
10.0,466.0,28.67337703141201
10.0,467.0,28.70307630809717
10.0,468.0,28.735303456210964
10.0,469.0,28.77018093671571
10.0,470.0,28.80784324144542
10.0,471.0,28.848437751734796
10.0,472.0,28.892125550259117
10.0,473.0,28.939082516444664
10.0,474.0,28.989500397758853
10.0,475.0,29.04358819566766
10.0,476.0,29.10157356024276
10.0,477.0,29.16370454160761
10.0,478.0,29.230251396085944
10.0,479.0,29.301508806238818
10.0,480.0,29.377798219528685
10.0,481.0,29.459470678263557
10.0,482.0,29.546909856517477
10.0,483.0,29.640535693856496
10.0,484.0,29.74080835812649
10.0,485.0,29.84823294976429
10.0,486.0,29.96336470415991
10.0,487.0,30.086815135043324
10.0,488.0,30.219258910270376
10.0,489.0,30.3614419446138
10.0,490.0,30.514190550053712
10.0,491.0,30.678422184934906
10.0,492.0,30.855157710118668
10.0,493.0,31.045535769455622
10.0,494.0,31.250829292225923
10.0,495.0,31.472464831580254
10.0,496.0,31.712044846060007
10.0,497.0,31.971373747200378
10.0,498.0,32.25248792997785
10.0,499.0,32.55769069187448
10.0,500.0,32.88959229811699
10.0,501.0,33.25115603695568
10.0,502.0,33.645750298064975
10.0,503.0,34.07720699364471
10.0,504.0,34.54988536230396
10.0,505.0,35.068739707244056
10.0,506.0,35.63938716028466
10.0,507.0,36.26816925525085
10.0,508.0,36.96219598990729
10.0,509.0,37.729354987861875
10.0,510.0,38.57825830793293
10.0,511.0,39.518087383718324
10.0,512.0,40.558280621880805
10.0,513.0,41.70799312619564
10.0,514.0,42.97524797275778
10.0,515.0,44.36570864519851
10.0,516.0,45.881052020638236
10.0,517.0,47.51704096988066
10.0,518.0,49.26160386579997
10.0,519.0,51.09350500837491
10.0,520.0,52.982410389875426
10.0,521.0,54.891059899684535
10.0,522.0,56.779565043259474
10.0,523.0,58.61066435102722
10.0,524.0,60.35402109576308
10.0,525.0,61.988395481400175
10.0,526.0,63.50171040338452
10.0,527.0,64.88972184152772
10.0,528.0,66.15409836006043
10.0,529.0,67.30049365915767
10.0,530.0,68.33691954862626
10.0,531.0,69.27251831747571
10.0,532.0,70.11671399231055
10.0,533.0,70.87867197808018
10.0,534.0,71.56698663417575
10.0,535.0,72.18952611216775
10.0,536.0,72.75337913655679
10.0,537.0,73.2648640451951
10.0,538.0,73.72957281485907
10.0,539.0,74.15243249211542
10.0,540.0,74.53777291161767
10.0,541.0,74.88939426902172
10.0,542.0,75.21063086778938
10.0,543.0,75.50440935018631
10.0,544.0,75.77330070483944
10.0,545.0,76.01956610452567
10.0,546.0,76.2451968838726
10.0,547.0,76.45194921043108
10.0,548.0,76.64137400732103
10.0,549.0,76.81484271853084
10.0,550.0,76.97356945801766
10.0,551.0,77.1186300268574
10.0,552.0,77.25097825331142
10.0,553.0,77.3714600072581
10.0,554.0,77.48082525745015
10.0,555.0,77.57973840274215
10.0,556.0,77.66878717883647
10.0,557.0,77.7484902723652
10.0,558.0,77.81930389835834
10.0,559.0,77.88162739300361
10.0,560.0,77.93580805023024
10.0,561.0,77.98214518943257
10.0,562.0,78.02089366901176
10.0,563.0,78.05226677973491
10.0,564.0,78.07643872860764
10.0,565.0,78.09354660191133
10.0,566.0,78.10369202100559
10.0,567.0,78.10694233964718
10.0,568.0,78.10333160395052
10.0,569.0,78.09286108740132
10.0,570.0,78.07549963246082
10.0,571.0,78.0511835769507
10.0,572.0,78.01981650868058
10.0,573.0,77.98126859323527
10.0,574.0,77.935375730641
10.0,575.0,77.88193825245935
10.0,576.0,77.8207194264926
10.0,577.0,77.75144344612804
10.0,578.0,77.67379318097016
10.0,579.0,77.58740732890128
10.0,580.0,77.4918772522502
10.0,581.0,77.38674309743189
10.0,582.0,77.2714894814936
10.0,583.0,77.14554029823091
10.0,584.0,77.00825292033167
10.0,585.0,76.85891129481561
10.0,586.0,76.69671819018046
10.0,587.0,76.52078602464397
10.0,588.0,76.33012650029984
10.0,589.0,76.12363838718919
10.0,590.0,75.90009362722655
10.0,591.0,75.65812099288988
10.0,592.0,75.39618738788302
10.0,593.0,75.11257588560728
10.0,594.0,74.80536047684608
10.0,595.0,74.47237645105312
10.0,596.0,74.11118623677244
10.0,597.0,73.71903943481334
10.0,598.0,73.29282672398496
10.0,599.0,72.8290262221023
10.0,600.0,72.3236419428403
10.0,601.0,71.77213300236656
10.0,602.0,71.1693335857069
10.0,603.0,70.50936310890425
10.0,604.0,69.78552813911938
10.0,605.0,68.99021820393804
10.0,606.0,68.11480161319787
10.0,607.0,67.149530734674
10.0,608.0,66.08347427594919
10.0,609.0,64.90450317593475
10.0,610.0,63.59937250215244
10.0,611.0,62.15395997527469
10.0,612.0,60.55374664934288
10.0,613.0,58.78464805914269
10.0,614.0,56.83432000989186
10.0,615.0,54.69404707574145
10.0,616.0,52.36124575479462
10.0,617.0,49.842429620525046
10.0,618.0,47.15616397802411
10.0,619.0,44.33511126834876
10.0,620.0,41.4259299422241
10.0,621.0,38.48593249396731
10.0,622.0,35.576473633918525
10.0,623.0,32.75486491406079
10.0,624.0,30.067762899248248
10.0,625.0,27.547827190236895
10.0,626.0,25.213619293720505
10.0,627.0,23.071648004784574
10.0,628.0,21.11932405684551
10.0,629.0,19.347925239956027
10.0,630.0,17.7450995465739
10.0,631.0,16.29675362539509
10.0,632.0,14.988358558416925
10.0,633.0,13.805780951626843
10.0,634.0,12.735763598644747
10.0,635.0,11.76616393595256
10.0,636.0,10.88603591891121
10.0,637.0,10.085615830579789
10.0,638.0,9.35625453671035
10.0,639.0,8.690322664386413
10.0,640.0,8.081106390230033
10.0,641.0,7.522703137141842
10.0,642.0,7.0099234526525604
10.0,643.0,6.5382010415566265
10.0,644.0,6.1035126807150935
10.0,645.0,5.70230727744805
10.0,646.0,5.331444262966953
10.0,647.0,4.988139784278894
10.0,648.0,4.669920532151637
10.0,649.0,4.374583581698396
10.0,650.0,4.100162137645577
10.0,651.0,3.844895696316287
10.0,652.0,3.607204677063903
10.0,653.0,3.3856682107456044
10.0,654.0,3.1790052984634802
10.0,655.0,2.9860581846323777
10.0,656.0,2.805778287657848
10.0,657.0,2.6372136566173374
10.0,658.0,2.4794983938009
10.0,659.0,2.3318431060935003
10.0,660.0,2.193526893319212
10.0,661.0,2.063890007637728
10.0,662.0,1.9423277385775322
10.0,663.0,1.8282847115946672
10.0,664.0,1.721250185075312
10.0,665.0,1.6207535751485744
10.0,666.0,1.5263608118160117
10.0,667.0,1.43767078864861
10.0,668.0,1.354312519619061
10.0,669.0,1.2759422922947177
10.0,670.0,1.2022414347992583
10.0,671.0,1.1329140087291412
10.0,672.0,1.0676850446870834
10.0,673.0,1.006298652892413
10.0,674.0,0.9485166213557155
10.0,675.0,0.8941168525895918
10.0,676.0,0.8428922445601968
10.0,677.0,0.7946493842454111
10.0,678.0,0.749207650700209
10.0,679.0,0.7063981127188612
10.0,680.0,0.6660628075920489
10.0,681.0,0.6280538024128874
10.0,682.0,0.5922326127376251
10.0,683.0,0.5584693962750233
10.0,684.0,0.5266424836562168
10.0,685.0,0.49663768018254
10.0,686.0,0.4683478869588704
10.0,687.0,0.4416724916372831
10.0,688.0,0.41651706277499295
10.0,689.0,0.3927928145292296
10.0,690.0,0.37041636063206895
10.0,691.0,0.34930924107904565
10.0,692.0,0.32939772483716256
10.0,693.0,0.31061238895635024
10.0,694.0,0.29288796124168354
10.0,695.0,0.2761629440731831
10.0,696.0,0.26037948992550597
10.0,697.0,0.24548306363443836
10.0,698.0,0.2314223449464858
10.0,699.0,0.21814892411444062
10.0,700.0,0.20561722668741936
10.0,701.0,0.19378423822428406
10.0,702.0,0.1826094473535736
10.0,703.0,0.17205459611609136
10.0,704.0,0.16208363798065792
10.0,705.0,0.1526625109066673
10.0,706.0,0.14375910753126175
10.0,707.0,0.1353430685102288
10.0,708.0,0.12738576252228873
10.0,709.0,0.11986009782620131
10.0,710.0,0.11274051007926088
10.0,711.0,0.10600279035825613
10.0,712.0,0.09962407907810883
10.0,713.0,0.0935827089785658
10.0,714.0,0.08785820366768549
10.0,715.0,0.0824311342858459
10.0,716.0,0.07728312139720141
10.0,717.0,0.07239670421634758
10.0,718.0,0.06775534473653463
10.0,719.0,0.06334330854886182
10.0,720.0,0.0591456702349091
10.0,721.0,0.0551482049289198
10.0,722.0,0.05133739411930268
10.0,723.0,0.04770032720506984
10.0,724.0,0.04422470694908907
10.0,725.0,0.04089876036437404
10.0,726.0,0.03771124314498864
10.0,727.0,0.034651359288256633
10.0,728.0,0.03170876389919191
10.0,729.0,0.0288734910133868
10.0,730.0,0.026135954229645115
10.0,731.0,0.023486882246878303
10.0,732.0,0.02091731682875223
10.0,733.0,0.01841855560768239
10.0,734.0,0.01598214692596688
10.0,735.0,0.013599839491962402
10.0,736.0,0.011263573675311247
10.0,737.0,0.008965437625408862
10.0,738.0,0.006697654624682459
10.0,739.0,0.004452545298147749
10.0,740.0,0.0022225106488280365
10.0,741.0,0.0
11.0,0.0,0.0
11.0,1.0,0.0010747942081750126
11.0,2.0,0.002153227734011233
11.0,3.0,0.00323895152922603
11.0,4.0,0.004335642441672622
11.0,5.0,0.005447012390416547
11.0,6.0,0.006576825425034973
11.0,7.0,0.00772890461315556
11.0,8.0,0.008907152068880177
11.0,9.0,0.010115553729225206
11.0,10.0,0.011358202528900144
11.0,11.0,0.012639301249787955
11.0,12.0,0.013963189027369904
11.0,13.0,0.015334342467950042
11.0,14.0,0.016757405682994306
11.0,15.0,0.018237189882463894
11.0,16.0,0.019778707147480323
11.0,17.0,0.021387168725192574
11.0,18.0,0.023068022767822972
11.0,19.0,0.02482695157534452
11.0,20.0,0.02666991355053403
11.0,21.0,0.028603139660875857
11.0,22.0,0.030633179885293516
11.0,23.0,0.0327668991967479
11.0,24.0,0.03501152880752312
11.0,25.0,0.037374662009732426
11.0,26.0,0.03986431056325971
11.0,27.0,0.042488900773800076
11.0,28.0,0.04525733541188702
11.0,29.0,0.04817899045839695
11.0,30.0,0.051263782995880414
11.0,31.0,0.05452216911118161
11.0,32.0,0.05796521826324747
11.0,33.0,0.06160461290357833
11.0,34.0,0.06545272989996646
11.0,35.0,0.06952264252033262
11.0,36.0,0.07382820958217352
11.0,37.0,0.07838408054703074
11.0,38.0,0.08320579317427379
11.0,39.0,0.08830978259591225
11.0,40.0,0.09371348838513432
11.0,41.0,0.09943536862942157
11.0,42.0,0.10549501748467456
11.0,43.0,0.11191318544505531
11.0,44.0,0.11871190864986308
11.0,45.0,0.12591453676950584
11.0,46.0,0.13354587557397415
11.0,47.0,0.14163222412656906
11.0,48.0,0.15020153242210177
11.0,49.0,0.1592834499174454
11.0,50.0,0.16890950042041414
11.0,51.0,0.17911314440709397
11.0,52.0,0.1899299738096027
11.0,53.0,0.20139779109840134
11.0,54.0,0.21355682720624022
11.0,55.0,0.22644984102075189
11.0,56.0,0.24012236442905957
11.0,57.0,0.2546228267135699
11.0,58.0,0.2700028316549693
11.0,59.0,0.2863173124076356
11.0,60.0,0.30362484682202195
11.0,61.0,0.3219878497694071
11.0,62.0,0.3414729344235318
11.0,63.0,0.3621511508066555
11.0,64.0,0.38409840281980884
11.0,65.0,0.40739574412693463
11.0,66.0,0.43212986339867154
11.0,67.0,0.45839345171967444
11.0,68.0,0.4862857720233853
11.0,69.0,0.5159131162456256
11.0,70.0,0.5473894795649691
11.0,71.0,0.5808371308697492
11.0,72.0,0.6163874185742488
11.0,73.0,0.6541814850778027
11.0,74.0,0.6943712391421547
11.0,75.0,0.7371202545352179
11.0,76.0,0.7826049549748311
11.0,77.0,0.8310157499407748
11.0,78.0,0.8825584930415743
11.0,79.0,0.9374559252510082
11.0,80.0,0.9959494876488807
11.0,81.0,1.0583011657432286
11.0,82.0,1.1247957647988613
11.0,83.0,1.195743280681858
11.0,84.0,1.271481783008623
11.0,85.0,1.352380481064648
11.0,86.0,1.4388434101554322
11.0,87.0,1.5313134193846623
11.0,88.0,1.6302769240101387
11.0,89.0,1.7362691196224094
11.0,90.0,1.849880152458138
11.0,91.0,1.971761965918207
11.0,92.0,2.102636354797145
11.0,93.0,2.243303976183328
11.0,94.0,2.3946548897009494
11.0,95.0,2.557680406420508
11.0,96.0,2.7334868555542133
11.0,97.0,2.9233110649998304
11.0,98.0,3.1285381714745424
11.0,99.0,3.3507215190653246
11.0,100.0,3.5916051753422256
11.0,101.0,3.853148634912236
11.0,102.0,4.137553911512892
11.0,103.0,4.447294026763905
11.0,104.0,4.785142203236111
11.0,105.0,5.154199370940876
11.0,106.0,5.557917188495662
11.0,107.0,6.000111083374611
11.0,108.0,6.484956094798999
11.0,109.0,7.01695395497329
11.0,110.0,7.600856288852203
11.0,111.0,8.241522826479525
11.0,112.0,8.943689442715463
11.0,113.0,9.711617121888656
11.0,114.0,10.54859672683927
11.0,115.0,11.45629800028734
11.0,116.0,12.433985518052243
11.0,117.0,13.477682211994766
11.0,118.0,14.579444449880338
11.0,119.0,15.72699647373782
11.0,120.0,16.904007124053013
11.0,121.0,18.09119770498169
11.0,122.0,19.268202400283638
11.0,123.0,20.41574249390056
11.0,124.0,21.517486785806728
11.0,125.0,22.56115945710407
11.0,126.0,23.53881679396459
11.0,127.0,24.44648162575039
11.0,128.0,25.283418404455293
11.0,129.0,26.051296727281414
11.0,130.0,26.75340728926182
11.0,131.0,27.39401088412762
11.0,132.0,27.97784317257218
11.0,133.0,28.50976364625378
11.0,134.0,28.994523666552745
11.0,135.0,29.436624676096912
11.0,136.0,29.840241397355168
11.0,137.0,30.20918891287613
11.0,138.0,30.546918506786632
11.0,139.0,30.856530703836466
11.0,140.0,31.140798288934604
11.0,141.0,31.402193812194433
11.0,142.0,31.642918780112723
11.0,143.0,31.86493214260282
11.0,144.0,32.069977382908725
11.0,145.0,32.25960721912318
11.0,146.0,32.43520611779624
11.0,147.0,32.59801019008075
11.0,148.0,32.749124998992414
11.0,149.0,32.889541037117155
11.0,150.0,33.0201474900095
11.0,151.0,33.14174408175975
11.0,152.0,33.25505161144823
11.0,153.0,33.36072096010424
11.0,154.0,33.45934114057328
11.0,155.0,33.551446139384716
11.0,156.0,33.63752108202378
11.0,157.0,33.71800744161438
11.0,158.0,33.79330778542271
11.0,159.0,33.86378975612639
11.0,160.0,33.92978975133578
11.0,161.0,33.991615981781926
11.0,162.0,34.04955134644777
11.0,163.0,34.10385579419905
11.0,164.0,34.15476858963773
11.0,165.0,34.20251014639899
11.0,166.0,34.247283828614535
11.0,167.0,34.28927738089483
11.0,168.0,34.32866437317131
11.0,169.0,34.36560532049117
11.0,170.0,34.400248851612545
11.0,171.0,34.432732588180734
11.0,172.0,34.46318409718066
11.0,173.0,34.49172158158661
11.0,174.0,34.51845466169072
11.0,175.0,34.54348491625434
11.0,176.0,34.566906526397005
11.0,177.0,34.58880669639739
11.0,178.0,34.60926618518805
11.0,179.0,34.62835962834777
11.0,180.0,34.64615597551824
11.0,181.0,34.66271872911572
11.0,182.0,34.67810630057017
11.0,183.0,34.692372176336995
11.0,184.0,34.70556520128952
11.0,185.0,34.717729678310135
11.0,186.0,34.72890558305899
11.0,187.0,34.739128599414144
11.0,188.0,34.748430265863725
11.0,189.0,34.75683794503962
11.0,190.0,34.76437489785467
11.0,191.0,34.771060181082674
11.0,192.0,34.77690864088194
11.0,193.0,34.78193072768636
11.0,194.0,34.78613239591405
11.0,195.0,34.78951482053987
11.0,196.0,34.79207418508806
11.0,197.0,34.79380128015946
11.0,198.0,34.794681159031114
11.0,199.0,34.794692598088744
11.0,200.0,34.793807603301566
11.0,201.0,34.791990723498586
11.0,202.0,34.78919841325814
11.0,203.0,34.78537822982157
11.0,204.0,34.780468124637416
11.0,205.0,34.77439566150791
11.0,206.0,34.76707747443913
11.0,207.0,34.75841889343578
11.0,208.0,34.748314169926005
11.0,209.0,34.736647410974314
11.0,210.0,34.723294872202
11.0,211.0,34.70812899866915
11.0,212.0,34.69102514370937
11.0,213.0,34.67187158514687
11.0,214.0,34.650583759603386
11.0,215.0,34.627122846520685
11.0,216.0,34.60151824839149
11.0,217.0,34.573891472099376
11.0,218.0,34.54447691437392
11.0,219.0,34.513632286771966
11.0,220.0,34.48183077772846
11.0,221.0,34.44962937836548
11.0,222.0,34.41761579160563
11.0,223.0,34.38634628973881
11.0,224.0,34.356292619281504
11.0,225.0,34.32781032516597
11.0,226.0,34.3011308999879
11.0,227.0,34.27637220566056
11.0,228.0,34.25355923739391
11.0,229.0,34.23264799982297
11.0,230.0,34.21354795687982
11.0,231.0,34.19614060844822
11.0,232.0,34.18029368512591
11.0,233.0,34.16587115454405
11.0,234.0,34.152739891067405
11.0,235.0,34.14077370376202
11.0,236.0,34.12985557007369
11.0,237.0,34.11987855349628
11.0,238.0,34.110745958999125
11.0,239.0,34.102370937887706
11.0,240.0,34.094675864101525
11.0,241.0,34.087591526108035
11.0,242.0,34.08105632436107
11.0,243.0,34.07501543551377
11.0,244.0,34.0694200674962
11.0,245.0,34.06422673227173
11.0,246.0,34.059396629322066
11.0,247.0,34.054895056077626
11.0,248.0,34.0506909235804
11.0,249.0,34.04675629350594
11.0,250.0,34.04306600711157
11.0,251.0,34.0395973263374
11.0,252.0,34.03632965271378
11.0,253.0,34.03324424979962
11.0,254.0,34.03032403088678
11.0,255.0,34.027553343437305
11.0,256.0,34.024917808347865
11.0,257.0,34.02240415106336
11.0,258.0,34.020000079021564
11.0,259.0,34.01769414768812
11.0,260.0,34.01547566601898
11.0,261.0,34.013334588515036
11.0,262.0,34.01126144103759
11.0,263.0,34.009247232147594
11.0,264.0,34.00728339347308
11.0,265.0,34.0053617051917
11.0,266.0,34.00347424650175
11.0,267.0,34.001613331248265
11.0,268.0,33.9997714650033
11.0,269.0,33.99794128762598
11.0,270.0,33.996115534100916
11.0,271.0,33.994286981336785
11.0,272.0,33.99244841030704
11.0,273.0,33.9905925546801
11.0,274.0,33.988712061993546
11.0,275.0,33.98679944180115
11.0,276.0,33.98484702360908
11.0,277.0,33.98284690212996
11.0,278.0,33.98079088951782
11.0,279.0,33.97867045502796
11.0,280.0,33.97647666868662
11.0,281.0,33.9742001321385
11.0,282.0,33.97183091023854
11.0,283.0,33.96935844907541
11.0,284.0,33.9667714910136
11.0,285.0,33.96405797473611
11.0,286.0,33.9612049279065
11.0,287.0,33.958198342476514
11.0,288.0,33.95502303726825
11.0,289.0,33.95166249962136
11.0,290.0,33.948098707691585
11.0,291.0,33.94431192665432
11.0,292.0,33.94028047729155
11.0,293.0,33.93598047139558
11.0,294.0,33.931385509352374
11.0,295.0,33.92646633536738
11.0,296.0,33.92119044282004
11.0,297.0,33.91552162652342
11.0,298.0,33.90941947245276
11.0,299.0,33.9028387844717
11.0,300.0,33.89572893946226
11.0,301.0,33.888033177372
11.0,302.0,33.879687825425556
11.0,303.0,33.870621480549936
11.0,304.0,33.860754173354486
11.0,305.0,33.84999657907382
11.0,306.0,33.83824935766158
11.0,307.0,33.82540277843831
11.0,308.0,33.811336836462296
11.0,309.0,33.79592219061001
11.0,310.0,33.779022355203104
11.0,311.0,33.76049774888304
11.0,312.0,33.74021231910528
11.0,313.0,33.71804356971072
11.0,314.0,33.69389670714812
11.0,315.0,33.66772323855384
11.0,316.0,33.639543369548974
11.0,317.0,33.60946990176786
11.0,318.0,33.57772894100084
11.0,319.0,33.54467033999647
11.0,320.0,33.510759787855704
11.0,321.0,33.47654715485611
11.0,322.0,33.44261333315132
11.0,323.0,33.40950811415994
11.0,324.0,33.37769702888485
11.0,325.0,33.347529692386345
11.0,326.0,33.31923189203165
11.0,327.0,33.2929160295847
11.0,328.0,33.2686018274272
11.0,329.0,33.24624022499255
11.0,330.0,33.225735773842416
11.0,331.0,33.206965234238396
11.0,332.0,33.189791717813556
11.0,333.0,33.17407471317896
11.0,334.0,33.15967670599465
11.0,335.0,33.14646722536628
11.0,336.0,33.13432503012244
11.0,337.0,33.12313904383339
11.0,338.0,33.11280846483792
11.0,339.0,33.1032423871583
11.0,340.0,33.09435913317178
11.0,341.0,33.08608546004283
11.0,342.0,33.07835571509919
11.0,343.0,33.07111101283952
11.0,344.0,33.064298449232865
11.0,345.0,33.057870385284815
11.0,346.0,33.051783790792705
11.0,347.0,33.04599966333836
11.0,348.0,33.0404825049898
11.0,349.0,33.035199865345966
11.0,350.0,33.03012193198015
11.0,351.0,33.025221174690856
11.0,352.0,33.020472026004185
11.0,353.0,33.01585060350264
11.0,354.0,33.011334458808065
11.0,355.0,33.0069023581931
11.0,356.0,33.00253408231417
11.0,357.0,32.998210249234546
11.0,358.0,32.993912150932125
11.0,359.0,32.989621606311445
11.0,360.0,32.98532082359542
11.0,361.0,32.98099227360195
11.0,362.0,32.97661856945254
11.0,363.0,32.97218235235353
11.0,364.0,32.96766618169028
11.0,365.0,32.96305242688244
11.0,366.0,32.9583231619853
11.0,367.0,32.953460057982845
11.0,368.0,32.948444276575955
11.0,369.0,32.943256357609236
11.0,370.0,32.93787610684484
11.0,371.0,32.932282473125326
11.0,372.0,32.92645342462952
11.0,373.0,32.92036580985277
11.0,374.0,32.913995216094904
11.0,375.0,32.907315807347324
11.0,376.0,32.900300157507054
11.0,377.0,32.89291905670673
11.0,378.0,32.885141309865126
11.0,379.0,32.87693350073455
11.0,380.0,32.86825974370715
11.0,381.0,32.859081391666294
11.0,382.0,32.84935672520985
11.0,383.0,32.839040585971844
11.0,384.0,32.82808398223994
11.0,385.0,32.81643362334623
11.0,386.0,32.8040314135735
11.0,387.0,32.790813854966586
11.0,388.0,32.776711391854114
11.0,389.0,32.76164763838101
11.0,390.0,32.74553852328749
11.0,391.0,32.72829128402425
11.0,392.0,32.70980334518521
11.0,393.0,32.68996100309011
11.0,394.0,32.668637951853796
11.0,395.0,32.645693562126986
11.0,396.0,32.620970949050395
11.0,397.0,32.594294731731004
11.0,398.0,32.565468526420105
11.0,399.0,32.53427207436394
11.0,400.0,32.50045806563127
11.0,401.0,32.463748580055466
11.0,402.0,32.42383126037898
11.0,403.0,32.380355211999046
11.0,404.0,32.33292687911847
11.0,405.0,32.281106084410105
11.0,406.0,32.22440279015174
11.0,407.0,32.16227520416553
11.0,408.0,32.09413042700684
11.0,409.0,32.019329123245974
11.0,410.0,31.937196549871707
11.0,411.0,31.847042780168007
11.0,412.0,31.748195901670265
11.0,413.0,31.64005213262063
11.0,414.0,31.52214663408842
11.0,415.0,31.39424647856465
11.0,416.0,31.256462725815865
11.0,417.0,31.10936988886442
11.0,418.0,30.954109567806064
11.0,419.0,30.792442642894457
11.0,420.0,30.626709821273813
11.0,421.0,30.4596733415622
11.0,422.0,30.294251284247714
11.0,423.0,30.133206941207874
11.0,424.0,29.978883131887066
11.0,425.0,29.83304391115861
11.0,426.0,29.69683513345955
11.0,427.0,29.57083665256406
11.0,428.0,29.455165984600818
11.0,429.0,29.349597784398618
11.0,430.0,29.25367596263773
11.0,431.0,29.166806668894615
11.0,432.0,29.088329157590078
11.0,433.0,29.01756592354116
11.0,434.0,28.953855966853382
11.0,435.0,28.896575041270353
11.0,436.0,28.84514676336366
11.0,437.0,28.799047314583238
11.0,438.0,28.757806184012615
11.0,439.0,28.721004312509372
11.0,440.0,28.688270965335395
11.0,441.0,28.6592798188438
11.0,442.0,28.63374496546265
11.0,443.0,28.61141687097172
11.0,444.0,28.592078695537683
11.0,445.0,28.575542804740113
11.0,446.0,28.561647762445105
11.0,447.0,28.550255543769566
11.0,448.0,28.54124922102151
11.0,449.0,28.53453082632499
11.0,450.0,28.53001963918643
11.0,451.0,28.52765059007789
11.0,452.0,28.527373036816396
11.0,453.0,28.529149600155787
11.0,454.0,28.53295532797282
11.0,455.0,28.5387768720543
11.0,456.0,28.546611959953626
11.0,457.0,28.556468843648776
11.0,458.0,28.568366019793558
11.0,459.0,28.582331900549296
11.0,460.0,28.59840474105503
11.0,461.0,28.616632499293626
11.0,462.0,28.63707294468209
11.0,463.0,28.65979368762056
11.0,464.0,28.684872455776077
11.0,465.0,28.712397285767373
11.0,466.0,28.742466964849623
11.0,467.0,28.775191387907533
11.0,468.0,28.810692172750446
11.0,469.0,28.84910319612589
11.0,470.0,28.89057140161318
11.0,471.0,28.935257539653534
11.0,472.0,28.98333719904061
11.0,473.0,29.03500178899653
11.0,474.0,29.090459839578937
11.0,475.0,29.14993827979384
11.0,476.0,29.21368407017903
11.0,477.0,29.281965851306783
11.0,478.0,29.355075995034927
11.0,479.0,29.43333272442905
11.0,480.0,29.51708270089896
11.0,481.0,29.60670375210413
11.0,482.0,29.702608153352845
11.0,483.0,29.805246147837334
11.0,484.0,29.91511013616599
11.0,485.0,30.03273923776605
11.0,486.0,30.158724677298853
11.0,487.0,30.293715722915728
11.0,488.0,30.438426658758864
11.0,489.0,30.593644551530346
11.0,490.0,30.760238330946528
11.0,491.0,30.939168986920198
11.0,492.0,31.131501449380178
11.0,493.0,31.338418005866487
11.0,494.0,31.561233874512514
11.0,495.0,31.801414842319335
11.0,496.0,32.06059763073096
11.0,497.0,32.34061293321533
11.0,498.0,32.64351178665465
11.0,499.0,32.97159517615069
11.0,500.0,33.327447396042324
11.0,501.0,33.71397279653769
11.0,502.0,34.134435940717395
11.0,503.0,34.592503977518554
11.0,504.0,35.092289917095336
11.0,505.0,35.6383935467537
11.0,506.0,36.23593553306801
11.0,507.0,36.89057684711891
11.0,508.0,37.60851248343397
11.0,509.0,38.39642260494829
11.0,510.0,39.2613583305224
11.0,511.0,40.21053113318899
11.0,512.0,41.25096809919971
11.0,513.0,42.38899044501128
11.0,514.0,43.62947762582256
11.0,515.0,44.97490019346844
11.0,516.0,46.42415480112845
11.0,517.0,47.97132149350599
11.0,518.0,49.604586550223466
11.0,519.0,51.305699421539465
11.0,520.0,53.050383721794404
11.0,521.0,54.80998325571597
11.0,522.0,56.55422591738165
11.0,523.0,58.2544540146035
11.0,524.0,59.886388159084305
11.0,525.0,61.4317732892444
11.0,526.0,62.87878963716382
11.0,527.0,64.22150965715939
11.0,528.0,65.458820824722
11.0,529.0,66.59318291552475
11.0,530.0,67.62946294728263
11.0,531.0,68.57396802187712
11.0,532.0,69.433709352024
11.0,533.0,70.2158807571125
11.0,534.0,70.92751382052197
11.0,535.0,71.57526726032933
11.0,536.0,72.16531259415888
11.0,537.0,72.70328524893196
11.0,538.0,73.19427813485368
11.0,539.0,73.64286102618519
11.0,540.0,74.05311449445742
11.0,541.0,74.4286707687487
11.0,542.0,74.77275681615787
11.0,543.0,75.08823664558359
11.0,544.0,75.37765124137469
11.0,545.0,75.64325522435198
11.0,546.0,75.88704995798597
11.0,547.0,76.11081304772019
11.0,548.0,76.31612442235264
11.0,549.0,76.50438924205133
11.0,550.0,76.6768579342538
11.0,551.0,76.8346436731585
11.0,552.0,76.97873757785071
11.0,553.0,77.1100219356139
11.0,554.0,77.22928165492263
11.0,555.0,77.33721422511177
11.0,556.0,77.43443830963105
11.0,557.0,77.52150122231345
11.0,558.0,77.5988853418475
11.0,559.0,77.66701369505179
11.0,560.0,77.72625470134687
11.0,561.0,77.77692629960657
11.0,562.0,77.81929939535405
11.0,563.0,77.85360084811452
11.0,564.0,77.88001588920895
11.0,565.0,77.89869019465142
11.0,566.0,77.90973146079402
11.0,567.0,77.91321071673904
11.0,568.0,77.90916318206209
11.0,569.0,77.89758891626688
11.0,570.0,77.87845303171275
11.0,571.0,77.8516857306476
11.0,572.0,77.81718190254412
11.0,573.0,77.7748005573262
11.0,574.0,77.72436379547803
11.0,575.0,77.6656556053258
11.0,576.0,77.59842015272565
11.0,577.0,77.52235986688753
11.0,578.0,77.43713295029889
11.0,579.0,77.34235062752774
11.0,580.0,77.23757372096634
11.0,581.0,77.12230887561032
11.0,582.0,76.99600397700381
11.0,583.0,76.85804308635942
11.0,584.0,76.70774038725523
11.0,585.0,76.54433346234829
11.0,586.0,76.36697533677608
11.0,587.0,76.17472559112413
11.0,588.0,75.96653991233464
11.0,589.0,75.74125835717999
11.0,590.0,75.4975916153674
11.0,591.0,75.23410550392957
11.0,592.0,74.94920288481319
11.0,593.0,74.64110318074736
11.0,594.0,74.30781857701716
11.0,595.0,73.94712702448292
11.0,596.0,73.55654103791571
11.0,597.0,73.13327237657182
11.0,598.0,72.67419157563484
11.0,599.0,72.17578251053175
11.0,600.0,71.63409115034874
11.0,601.0,71.04466912430543
11.0,602.0,70.40251199697884
11.0,603.0,69.70199417039547
11.0,604.0,68.93680234046744
11.0,605.0,68.09987263381996
11.0,606.0,67.18333815676804
11.0,607.0,66.17849918913045
11.0,608.0,65.07583284191053
11.0,609.0,63.86506829304384
11.0,610.0,62.53536247479793
11.0,611.0,61.075624146705465
11.0,612.0,59.47504422394237
11.0,613.0,57.72389812572677
11.0,614.0,55.814677855722394
11.0,615.0,53.74357997672892
11.0,616.0,51.51229783286744
11.0,617.0,49.12993347164537
11.0,618.0,46.61465471160907
11.0,619.0,43.99453068364386
11.0,620.0,41.30689941861032
11.0,621.0,38.595835553714075
11.0,622.0,35.90789804662007
11.0,623.0,33.28716049647702
11.0,624.0,30.77095885204112
11.0,625.0,28.387359115401118
11.0,626.0,26.1545249115847
11.0,627.0,24.081553024441167
11.0,628.0,22.17013043404862
11.0,629.0,20.416446230329804
11.0,630.0,18.812983792476835
11.0,631.0,17.350008751764022
11.0,632.0,16.016701016243186
11.0,633.0,14.801957103290786
11.0,634.0,13.694920398753894
11.0,635.0,12.685305209346916
11.0,636.0,11.763572366555588
11.0,637.0,10.921004436268435
11.0,638.0,10.14971527777222
11.0,639.0,9.442620204763204
11.0,640.0,8.793383419305256
11.0,641.0,8.196355107814522
11.0,642.0,7.646504764743643
11.0,643.0,7.139356044145366
11.0,644.0,6.670924882703239
11.0,645.0,6.237663003996762
11.0,646.0,5.8364064982016615
11.0,647.0,5.464330310097967
11.0,648.0,5.118907572736681
11.0,649.0,4.797874194670615
11.0,650.0,4.499197433352706
11.0,651.0,4.2210487841985085
11.0,652.0,3.961779926456211
11.0,653.0,3.7199021001288854
11.0,654.0,3.4940677320050693
11.0,655.0,3.283054760734514
11.0,656.0,3.0857525669157106
11.0,657.0,2.9011500302357467
11.0,658.0,2.728324698675958
11.0,659.0,2.5664336498569544
11.0,660.0,2.414705095002412
11.0,661.0,2.272431348391678
11.0,662.0,2.138962265485351
11.0,663.0,2.0136998021109167
11.0,664.0,1.8960928402550936
11.0,665.0,1.7856329517083234
11.0,666.0,1.681850279649114
11.0,667.0,1.5843102200192272
11.0,668.0,1.4926101116352344
11.0,669.0,1.4063766211928526
11.0,670.0,1.3252630569516823
11.0,671.0,1.2489472967618271
11.0,672.0,1.1771295862935105
11.0,673.0,1.109530888957458
11.0,674.0,1.0458910635934158
11.0,675.0,0.9859675443908601
11.0,676.0,0.9295338181351966
11.0,677.0,0.8763783639801637
11.0,678.0,0.8263033691246338
11.0,679.0,0.7791238745420935
11.0,680.0,0.7346666820277996
11.0,681.0,0.6927696642050384
11.0,682.0,0.6532808264786713
11.0,683.0,0.6160577488671717
11.0,684.0,0.5809667744244741
11.0,685.0,0.5478825574598936
11.0,686.0,0.5166873561030821
11.0,687.0,0.4872706668334989
11.0,688.0,0.4595286035453263
11.0,689.0,0.43336360242773897
11.0,690.0,0.40868387349305596
11.0,691.0,0.3854031630340532
11.0,692.0,0.3634402663723739
11.0,693.0,0.3427188375961374
11.0,694.0,0.32316695446226745
11.0,695.0,0.3047169670556149
11.0,696.0,0.2873051074845453
11.0,697.0,0.27087137062824174
11.0,698.0,0.2553591626093593
11.0,699.0,0.2407152080043305
11.0,700.0,0.22688923214290008
11.0,701.0,0.21383389011909618
11.0,702.0,0.20150447881771094
11.0,703.0,0.1898588838357643
11.0,704.0,0.17885731781820147
11.0,705.0,0.16846228202284017
11.0,706.0,0.15863832809816839
11.0,707.0,0.14935203153083268
11.0,708.0,0.14057177444542218
11.0,709.0,0.1322677285870654
11.0,710.0,0.1244116570880343
11.0,711.0,0.11697690497792267
11.0,712.0,0.10993821816148185
11.0,713.0,0.10327173972985346
11.0,714.0,0.09695484464122057
11.0,715.0,0.090966140340109
11.0,716.0,0.08528531583731981
11.0,717.0,0.07989314533935421
11.0,718.0,0.07477135059461029
11.0,719.0,0.06990260639856168
11.0,720.0,0.06527041521558787
11.0,721.0,0.06085911356319697
11.0,722.0,0.056653758038038494
11.0,723.0,0.05264013169860167
11.0,724.0,0.048804640723832025
11.0,725.0,0.045134320011855966
11.0,726.0,0.04161673978328755
11.0,727.0,0.038240009696414064
11.0,728.0,0.034992694777207164
11.0,729.0,0.031863817421282116
11.0,730.0,0.028842782090785207
11.0,731.0,0.0259193746320951
11.0,732.0,0.023083695227713526
11.0,733.0,0.020326154507536533
11.0,734.0,0.017637414282871657
11.0,735.0,0.01500837996930531
11.0,736.0,0.012430148660984611
11.0,737.0,0.009893997415541264
11.0,738.0,0.0073913382505690324
11.0,739.0,0.0049137018664293115
11.0,740.0,0.0024526991639982907
11.0,741.0,0.0
12.0,0.0,0.0
12.0,1.0,0.001175356169288464
12.0,2.0,0.0023546915857477514
12.0,3.0,0.0035419996282898907
12.0,4.0,0.004741299157550159
12.0,5.0,0.005956651613634392
12.0,6.0,0.007192169769807788
12.0,7.0,0.008452037982036214
12.0,8.0,0.009740518535849129
12.0,9.0,0.011061975237798448
12.0,10.0,0.012420877551827386
12.0,11.0,0.013821827729994659
12.0,12.0,0.015269562944549642
12.0,13.0,0.01676898616553953
12.0,14.0,0.01832516650787081
12.0,15.0,0.01994337407695937
12.0,16.0,0.021629078766629693
12.0,17.0,0.023387989311088927
12.0,18.0,0.025226050789943947
12.0,19.0,0.027149488145879048
12.0,20.0,0.029164802677822815
12.0,21.0,0.031278820309294096
12.0,22.0,0.033498687380411486
12.0,23.0,0.035831923982585764
12.0,24.0,0.03828641939536677
12.0,25.0,0.04087049083980825
12.0,26.0,0.04359287894800315
12.0,27.0,0.046462812331036246
12.0,28.0,0.04949000351860785
12.0,29.0,0.052684719789282554
12.0,30.0,0.05605778007626352
12.0,31.0,0.05962063256922259
12.0,32.0,0.06338535315184324
12.0,33.0,0.0673647303578634
12.0,34.0,0.07157226598868949
12.0,35.0,0.07602226809390199
12.0,36.0,0.08072985451587511
12.0,37.0,0.08571105467005077
12.0,38.0,0.09098281688164785
12.0,39.0,0.09656311986752203
12.0,40.0,0.10247098487225254
12.0,41.0,0.10872659790649548
12.0,42.0,0.11535132786178835
12.0,43.0,0.1223678607465268
12.0,44.0,0.12980022516815368
12.0,45.0,0.13767394003566577
12.0,46.0,0.146016049054012
12.0,47.0,0.1548552836422271
12.0,48.0,0.1642221084002019
12.0,49.0,0.17414890133820796
12.0,50.0,0.18467001266674002
12.0,51.0,0.19582196486461168
12.0,52.0,0.20764352762916355
12.0,53.0,0.22017594085011732
12.0,54.0,0.2334630091673503
12.0,55.0,0.24755135159750594
12.0,56.0,0.2624905199155168
12.0,57.0,0.2783332795416083
12.0,58.0,0.2951357569378881
12.0,59.0,0.3129577574589522
12.0,60.0,0.331862948198366
12.0,61.0,0.3519192199082127
12.0,62.0,0.3731989133246684
12.0,63.0,0.39577923406566695
12.0,64.0,0.4197425325197954
12.0,65.0,0.4451767829635782
12.0,66.0,0.47217592976012274
12.0,67.0,0.5008404449678406
12.0,68.0,0.5312777570607764
12.0,69.0,0.563602905255995
12.0,70.0,0.5979390714994016
12.0,71.0,0.6344183549243628
12.0,72.0,0.6731824337983019
12.0,73.0,0.714383490349707
12.0,74.0,0.7581850372159407
12.0,75.0,0.80476303188836
12.0,76.0,0.8543069125750017
12.0,77.0,0.9070209534463266
12.0,78.0,0.9631255685708466
12.0,79.0,1.0228589749646895
12.0,80.0,1.0864788414795892
12.0,81.0,1.1542643476241872
12.0,82.0,1.2265182783976014
12.0,83.0,1.3035695945369117
12.0,84.0,1.3857761060278986
12.0,85.0,1.4735277057023732
12.0,86.0,1.5672497954561357
12.0,87.0,1.6674073818838089
12.0,88.0,1.7745094818158444
12.0,89.0,1.8891143372044426
12.0,90.0,2.0118350908480607
12.0,91.0,2.143346446900541
12.0,92.0,2.2843919799547368
12.0,93.0,2.435792639745297
12.0,94.0,2.598456123380406
12.0,95.0,2.7733876749744066
12.0,96.0,2.9617019746637006
12.0,97.0,3.1646366581786416
12.0,98.0,3.3835670690209443
12.0,99.0,3.6200226867952887
12.0,100.0,3.87570465451208
12.0,101.0,4.152504571892277
12.0,102.0,4.452523536949572
12.0,103.0,4.778090949285428
12.0,104.0,5.131781085205844
12.0,105.0,5.516425569802815
12.0,106.0,5.935117799578126
12.0,107.0,6.391204782562387
12.0,108.0,6.888258948841185
12.0,109.0,7.430021031324313
12.0,110.0,8.020301505634029
12.0,111.0,8.662826557657366
12.0,112.0,9.361012238883479
12.0,113.0,10.117652820905825
12.0,114.0,10.934515030990967
12.0,115.0,11.811845861616602
12.0,116.0,12.74782712835041
12.0,117.0,13.738049260511085
12.0,118.0,14.775120228427168
12.0,119.0,15.84856014217165
12.0,120.0,16.945125315708292
12.0,121.0,18.049630839981933
12.0,122.0,19.14618950216009
12.0,123.0,20.219616371091405
12.0,124.0,21.256667716483246
12.0,125.0,22.246863581809986
12.0,126.0,23.182811848265693
12.0,127.0,24.060102833132724
12.0,128.0,24.876918216712617
12.0,129.0,25.633504832433065
12.0,130.0,26.331629224256556
12.0,131.0,26.974085455470075
12.0,132.0,27.56428934362997
12.0,133.0,28.105966814112993
12.0,134.0,28.60292805466081
12.0,135.0,29.058913481767107
12.0,136.0,29.477495179584754
12.0,137.0,29.862019779301463
12.0,138.0,30.21558026847289
12.0,139.0,30.541007829501584
12.0,140.0,30.840876260826743
12.0,141.0,31.117514447096895
12.0,142.0,31.37302293257656
12.0,143.0,31.60929272223631
12.0,144.0,31.8280243213068
12.0,145.0,32.03074652604848
12.0,146.0,32.21883394865797
12.0,147.0,32.393523442692704
12.0,148.0,32.55592885242329
12.0,149.0,32.707054529075656
12.0,150.0,32.847807216520536
12.0,151.0,32.979006847090254
12.0,152.0,33.10139590989567
12.0,153.0,33.21564795114849
12.0,154.0,33.32237487863611
12.0,155.0,33.42213361718822
12.0,156.0,33.51543177897012
12.0,157.0,33.60273287254246
12.0,158.0,33.68446070198712
12.0,159.0,33.761003455779985
12.0,160.0,33.8327171254241
12.0,161.0,33.899928731156756
12.0,162.0,33.96293898646163
12.0,163.0,34.02202485905476
12.0,164.0,34.077441655005686
12.0,165.0,34.129425066616676
12.0,166.0,34.17819280850762
12.0,167.0,34.223946267647484
12.0,168.0,34.266871791919144
12.0,169.0,34.307142029763305
12.0,170.0,34.34491694749508
12.0,171.0,34.38034492490816
12.0,172.0,34.41356355922252
12.0,173.0,34.444700566981545
12.0,174.0,34.47387441854074
12.0,175.0,34.50119508440052
12.0,176.0,34.52676453347511
12.0,177.0,34.55067735265083
12.0,178.0,34.57302113383544
12.0,179.0,34.59387698825553
12.0,180.0,34.61331984081324
12.0,181.0,34.63141885485269
12.0,182.0,34.64823764712881
12.0,183.0,34.66383463402691
12.0,184.0,34.67826317607461
12.0,185.0,34.691571852532505
12.0,186.0,34.70380454053694
12.0,187.0,34.71500062131144
12.0,188.0,34.7251949954694
12.0,189.0,34.73441822062044
12.0,190.0,34.742696460930134
12.0,191.0,34.75005155251783
12.0,192.0,34.75650088205981
12.0,193.0,34.76205737321676
12.0,194.0,34.76672928618674
12.0,195.0,34.7705201160497
12.0,196.0,34.77342830372456
12.0,197.0,34.77544703717362
12.0,198.0,34.77656386667072
12.0,199.0,34.776760406016706
12.0,200.0,34.77601185694919
12.0,201.0,34.774286628020114
12.0,202.0,34.77154580609398
12.0,203.0,34.76774276194036
12.0,204.0,34.76282268416125
12.0,205.0,34.756722354162704
12.0,206.0,34.74937002060182
12.0,207.0,34.74068575358902
12.0,208.0,34.7305822453498
12.0,209.0,34.71896655408316
12.0,210.0,34.70574291061421
12.0,211.0,34.69081722293687
12.0,212.0,34.67410351578441
12.0,213.0,34.65553293092741
12.0,214.0,34.635065304220014
12.0,215.0,34.612703317533935
12.0,216.0,34.588508064099365
12.0,217.0,34.562614166209265
12.0,218.0,34.53524092801629
12.0,219.0,34.5066954244701
12.0,220.0,34.47736322007452
12.0,221.0,34.447684939046646
12.0,222.0,34.41812084416999
12.0,223.0,34.38911077320277
12.0,224.0,34.361038716861785
12.0,225.0,34.33420937968682
12.0,226.0,34.308838896143
12.0,227.0,34.2850579008807
12.0,228.0,34.262922676950105
12.0,229.0,34.2424302452667
12.0,230.0,34.22353392320172
12.0,231.0,34.206157438441544
12.0,232.0,34.190206496769704
12.0,233.0,34.17557773407681
12.0,234.0,34.1621651436929
12.0,235.0,34.14986452193656
12.0,236.0,34.138576258967944
12.0,237.0,34.1282070123267
12.0,238.0,34.11867048750103
12.0,239.0,34.10988770971292
12.0,240.0,34.10178687308085
12.0,241.0,34.09430302013431
12.0,242.0,34.08737754417271
12.0,243.0,34.08095768521136
12.0,244.0,34.07499596230294
12.0,245.0,34.06944966718347
12.0,246.0,34.06428034029555
12.0,247.0,34.05945332949199
12.0,248.0,34.05493734576959
12.0,249.0,34.050704102620216
12.0,250.0,34.04672795395482
12.0,251.0,34.04298560873946
12.0,252.0,34.039455841155416
12.0,253.0,34.03611926838649
12.0,254.0,34.032958119972406
12.0,255.0,34.02995606585216
12.0,256.0,34.02709803252107
12.0,257.0,34.02437006989511
12.0,258.0,34.02175920375188
12.0,259.0,34.01925333200662
12.0,260.0,34.01684110494331
12.0,261.0,34.01451184342382
12.0,262.0,34.01225544020153
12.0,263.0,34.01006229420115
12.0,264.0,34.00792322764742
12.0,265.0,34.00582943181831
12.0,266.0,34.003772395822125
12.0,267.0,34.00174386017272
12.0,268.0,33.99973575385337
12.0,269.0,33.99774015273709
12.0,270.0,33.99574922213292
12.0,271.0,33.99375517752183
12.0,272.0,33.991750230129576
12.0,273.0,33.98972654770277
12.0,274.0,33.98767620081926
12.0,275.0,33.985591121509344
12.0,276.0,33.983463048013135
12.0,277.0,33.981283478965985
12.0,278.0,33.97904361414215
12.0,279.0,33.9767343016639
12.0,280.0,33.97434597191931
12.0,281.0,33.97186857480109
12.0,282.0,33.96929150342569
12.0,283.0,33.966603517727776
12.0,284.0,33.963792653799
12.0,285.0,33.96084612921202
12.0,286.0,33.95775023269272
12.0,287.0,33.95449020527607
12.0,288.0,33.95105010358078
12.0,289.0,33.94741264927695
12.0,290.0,33.943559057440986
12.0,291.0,33.93946884487677
12.0,292.0,33.93511961299781
12.0,293.0,33.93048680351023
12.0,294.0,33.92554342339242
12.0,295.0,33.92025973498063
12.0,296.0,33.914602909956145
12.0,297.0,33.908536641626505
12.0,298.0,33.902020717911334
12.0,299.0,33.89501055037411
12.0,300.0,33.88745666862194
12.0,301.0,33.87930418158516
12.0,302.0,33.87049222926499
12.0,303.0,33.860953443514404
12.0,304.0,33.85061347078686
12.0,305.0,33.83939061356961
12.0,306.0,33.82719570080042
12.0,307.0,33.8139323185246
12.0,308.0,33.79949761246697
12.0,309.0,33.783783917248165
12.0,310.0,33.76668156985711
12.0,311.0,33.74808330752044
12.0,312.0,33.727890718119006
12.0,313.0,33.70602314097562
12.0,314.0,33.682429258010764
12.0,315.0,33.657101152631
12.0,316.0,33.63008989178154
12.0,317.0,33.60152055645942
12.0,318.0,33.571603413248305
12.0,319.0,33.54063692138286
12.0,320.0,33.50899847176474
12.0,321.0,33.47712088009301
12.0,322.0,33.4454569870511
12.0,323.0,33.41443952210834
12.0,324.0,33.38444570351678
12.0,325.0,33.355773730611425
12.0,326.0,33.32863352225022
12.0,327.0,33.303149722209064
12.0,328.0,33.27937286973828
12.0,329.0,33.25729442754868
12.0,330.0,33.23686236245557
12.0,331.0,33.21799520085399
12.0,332.0,33.20059361799532
12.0,333.0,33.18454933443673
12.0,334.0,33.16975156405492
12.0,335.0,33.156091406600616
12.0,336.0,33.1434646581768
12.0,337.0,33.13177343409885
12.0,338.0,33.12092696779616
12.0,339.0,33.11084183399108
12.0,340.0,33.10144181466618
12.0,341.0,33.092657531798004
12.0,342.0,33.084425964751965
12.0,343.0,33.076689901021
12.0,344.0,33.0693973815634
12.0,345.0,33.06250115054952
12.0,346.0,33.055958142113234
12.0,347.0,33.04972899617935
12.0,348.0,33.04377762234254
12.0,349.0,33.03807079705194
12.0,350.0,33.03257780676658
12.0,351.0,33.027270120781914
12.0,352.0,33.02212110332947
12.0,353.0,33.01710574950626
12.0,354.0,33.012200452834826
12.0,355.0,33.007382790926265
12.0,356.0,33.0026313355879
12.0,357.0,32.99792547622044
12.0,358.0,32.99324526132482
12.0,359.0,32.988571249542055
12.0,360.0,32.98388437329914
12.0,361.0,32.97916580917825
12.0,362.0,32.97439685605006
12.0,363.0,32.96955881787548
12.0,364.0,32.9646328898842
12.0,365.0,32.959600047917576
12.0,366.0,32.95444093701036
12.0,367.0,32.94913576198946
12.0,368.0,32.943664173229486
12.0,369.0,32.938005153450696
12.0,370.0,32.932136895461824
12.0,371.0,32.92603667996169
12.0,372.0,32.91968073975466
12.0,373.0,32.91304412284053
12.0,374.0,32.90610053686179
12.0,375.0,32.898822190823175
12.0,376.0,32.89117961234648
12.0,377.0,32.88314145991772
12.0,378.0,32.87467430378848
12.0,379.0,32.86574239858731
12.0,380.0,32.85630741627672
12.0,381.0,32.846328166122866
12.0,382.0,32.83576026480553
12.0,383.0,32.82455578690251
12.0,384.0,32.8126628528191
12.0,385.0,32.8000251878539
12.0,386.0,32.78658160279546
12.0,387.0,32.77226543302759
12.0,388.0,32.75700387919377
12.0,389.0,32.740717289496665
12.0,390.0,32.72331831870321
12.0,391.0,32.70471100696009
12.0,392.0,32.68478970512649
12.0,393.0,32.6634378931517
12.0,394.0,32.640526810241994
12.0,395.0,32.615913948427256
12.0,396.0,32.589441322693375
12.0,397.0,32.560933579068305
12.0,398.0,32.53019585520269
12.0,399.0,32.497011476072636
12.0,400.0,32.46113941757675
12.0,401.0,32.422311667634666
12.0,402.0,32.380230472938344
12.0,403.0,32.33456570199069
12.0,404.0,32.284952443731065
12.0,405.0,32.23098927854048
12.0,406.0,32.172237612527766
12.0,407.0,32.108222899628615
12.0,408.0,32.03843863444772
12.0,409.0,31.962354572408522
12.0,410.0,31.879430775351757
12.0,411.0,31.789139680500853
12.0,412.0,31.690998329530288
12.0,413.0,31.584612957991485
12.0,414.0,31.469736927356003
12.0,415.0,31.34634111116045
12.0,416.0,31.21469178138189
12.0,417.0,31.07542585930856
12.0,418.0,30.929606749791084
12.0,419.0,30.77873948190368
12.0,420.0,30.624724381742638
12.0,421.0,30.4697396509391
12.0,422.0,30.316064347201433
12.0,423.0,30.16587782425806
12.0,424.0,30.02108271416832
12.0,425.0,29.883187518464858
12.0,426.0,29.753260286328107
12.0,427.0,29.63194378063253
12.0,428.0,29.51951132139468
12.0,429.0,29.415942075039467
12.0,430.0,29.320998954154977
12.0,431.0,29.23429905543513
12.0,432.0,29.15537160980442
12.0,433.0,29.08370263758336
12.0,434.0,29.018767201031615
12.0,435.0,28.96005155369873
12.0,436.0,28.907067215771953
12.0,437.0,28.859359290147463
12.0,438.0,28.81651049239264
12.0,439.0,28.778142485407606
12.0,440.0,28.743915259546725
12.0,441.0,28.713525534183404
12.0,442.0,28.686704412519966
12.0,443.0,28.663214894837942
12.0,444.0,28.64284919375889
12.0,445.0,28.625426267220742
12.0,446.0,28.610789365296977
12.0,447.0,28.59880392189316
12.0,448.0,28.58935551614788
12.0,449.0,28.582348203613304
12.0,450.0,28.577702908301337
12.0,451.0,28.575356170091734
12.0,452.0,28.57525892215476
12.0,453.0,28.57737559838765
12.0,454.0,28.58168323653235
12.0,455.0,28.588170886772094
12.0,456.0,28.59683898541524
12.0,457.0,28.607699014510622
12.0,458.0,28.62077310193717
12.0,459.0,28.636093893834026
12.0,460.0,28.653704349115046
12.0,461.0,28.673657798467865
12.0,462.0,28.696017912863237
12.0,463.0,28.720858933913288
12.0,464.0,28.748265806512396
12.0,465.0,28.77833457548551
12.0,466.0,28.811172682354304
12.0,467.0,28.8468995328842
12.0,468.0,28.885646967653724
12.0,469.0,28.927560014935057
12.0,470.0,28.972797554923194
12.0,471.0,29.021533283077627
12.0,472.0,29.07395659931366
12.0,473.0,29.13027381932579
12.0,474.0,29.190709333662415
12.0,475.0,29.25550711963963
12.0,476.0,29.32493223211324
12.0,477.0,29.399272687600543
12.0,478.0,29.478841370103275
12.0,479.0,29.56397838352717
12.0,480.0,29.655053483829118
12.0,481.0,29.75246902770441
12.0,482.0,29.85666307880203
12.0,483.0,29.96811312234
12.0,484.0,30.087340040777928
12.0,485.0,30.214912818329992
12.0,486.0,30.35145364321698
12.0,487.0,30.49764389584726
12.0,488.0,30.65423071317947
12.0,489.0,30.822034641541254
12.0,490.0,31.0019580943211
12.0,491.0,31.194995153332773
12.0,492.0,31.402242458645265
12.0,493.0,31.624911749810313
12.0,494.0,31.864343825742825
12.0,495.0,32.122024494740664
12.0,496.0,32.39960227785537
12.0,497.0,32.69890839849212
12.0,498.0,33.021978743427645
12.0,499.0,33.37107817192848
12.0,500.0,33.748726603211594
12.0,501.0,34.15772683661678
12.0,502.0,34.60119289188199
12.0,503.0,35.08257784101288
12.0,504.0,35.60569848677537
12.0,505.0,36.17475378453621
12.0,506.0,36.79433146796656
12.0,507.0,37.46939581352304
12.0,508.0,38.20524581589965
12.0,509.0,39.00743020823791
12.0,510.0,39.88160108858004
12.0,511.0,40.83328494954291
12.0,512.0,41.86754719759692
12.0,513.0,42.988529009053785
12.0,514.0,44.1988445408878
12.0,515.0,45.49884954219525
12.0,516.0,46.885831044364856
12.0,517.0,48.35322542330208
12.0,518.0,49.89003743841135
12.0,519.0,51.480683487828486
12.0,520.0,53.10547313598599
12.0,521.0,54.741831065331425
12.0,522.0,56.366137816077696
12.0,523.0,57.95581643295841
12.0,524.0,59.49117320311005
12.0,525.0,60.95661958855036
12.0,526.0,62.34115374804172
12.0,527.0,63.63820375366036
12.0,528.0,64.84504661994644
12.0,529.0,65.96202630767073
12.0,530.0,66.99174339954071
12.0,531.0,67.93832363283745
12.0,532.0,68.80681509041943
12.0,533.0,69.60272495673765
12.0,534.0,70.33168401098396
12.0,535.0,70.99921753461891
12.0,536.0,71.61059890415643
12.0,537.0,72.17076446576216
12.0,538.0,72.6842716679728
12.0,539.0,73.15528665549839
12.0,540.0,73.58759084125657
12.0,541.0,73.98459913050479
12.0,542.0,74.34938453244796
12.0,543.0,74.68470576497914
12.0,544.0,74.99303551209442
12.0,545.0,75.2765879846113
12.0,546.0,75.53734490545506
12.0,547.0,75.77707952347026
12.0,548.0,75.99737844891092
12.0,549.0,76.19966130759093
12.0,550.0,76.38519829047338
12.0,551.0,76.55512572286642
12.0,552.0,76.7104598363057
12.0,553.0,76.85210887717903
12.0,554.0,76.9808837670536
12.0,555.0,77.09750741178382
12.0,556.0,77.202622879244
12.0,557.0,77.29680049050525
12.0,558.0,77.38054404272698
12.0,559.0,77.45429615422125
12.0,560.0,77.51844294998831
12.0,561.0,77.57331802653474
12.0,562.0,77.61920591842298
12.0,563.0,77.65634495763639
12.0,564.0,77.68492975669032
12.0,565.0,77.70511316253062
12.0,566.0,77.71700792430754
12.0,567.0,77.7206878809844
12.0,568.0,77.71618892679679
12.0,569.0,77.7035095215756
12.0,570.0,77.682611020725
12.0,571.0,77.65341755426729
12.0,572.0,77.61581574749407
12.0,573.0,77.56965397563903
12.0,574.0,77.51474146300086
12.0,575.0,77.45084688182385
12.0,576.0,77.37769677856534
12.0,577.0,77.2949734449017
12.0,578.0,77.20231257673771
12.0,579.0,77.09930029895705
12.0,580.0,76.98546991227649
12.0,581.0,76.86029789773904
12.0,582.0,76.72319954466148
12.0,583.0,76.5735236917107
12.0,584.0,76.41054695149575
12.0,585.0,76.23346685766721
12.0,586.0,76.0413943033487
12.0,587.0,75.83334465334747
12.0,588.0,75.60822789037624
12.0,589.0,75.3648371150117
12.0,590.0,75.10183574441233
12.0,591.0,74.817742662504
12.0,592.0,74.51091564878344
12.0,593.0,74.17953227455921
12.0,594.0,73.82156858570946
12.0,595.0,73.43477472029407
12.0,596.0,73.01664781348043
12.0,597.0,72.56440136963813
12.0,598.0,72.07493160189915
12.0,599.0,71.54478013090602
12.0,600.0,70.97009396368996
12.0,601.0,70.34658276513446
12.0,602.0,69.66947536097784
12.0,603.0,68.93347696741755
12.0,604.0,68.13273131948229
12.0,605.0,67.2607923551486
12.0,606.0,66.31061411058822
12.0,607.0,65.27456954807602
12.0,608.0,64.14451498462114
12.0,609.0,62.911920813557465
12.0,610.0,61.56809677322922
12.0,611.0,60.104544172452634
12.0,612.0,58.513472089419054
12.0,613.0,56.788509844664176
12.0,614.0,54.92563444029484
12.0,615.0,52.92429569727244
12.0,616.0,50.78866295395359
12.0,617.0,48.52882795178809
12.0,618.0,46.161698686339086
12.0,619.0,43.71124043769708
12.0,620.0,41.20773502031934
12.0,621.0,38.68590072160895
12.0,622.0,36.18206045236024
12.0,623.0,33.73093136434418
12.0,624.0,31.36279299933144
12.0,625.0,29.101607214583623
12.0,626.0,26.964277428356837
12.0,627.0,24.9608896240146
12.0,628.0,23.09560619359125
12.0,629.0,21.367868783720574
12.0,630.0,19.77364498324744
12.0,631.0,18.306553406882305
12.0,632.0,16.958791119521663
12.0,633.0,15.721846041190078
12.0,634.0,14.587013126387507
12.0,635.0,13.54574650642321
12.0,636.0,12.589884733038646
12.0,637.0,11.71178140088223
12.0,638.0,10.904369544503421
12.0,639.0,10.161180350056387
12.0,640.0,9.476333011027043
12.0,641.0,8.84450627770714
12.0,642.0,8.260900536570205
12.0,643.0,7.72119488515065
12.0,644.0,7.221503574646423
12.0,645.0,6.7583331045752795
12.0,646.0,6.328542127518969
12.0,647.0,5.929303946552256
12.0,648.0,5.558072764117118
12.0,649.0,5.212552825329092
12.0,650.0,4.8906712122490905
12.0,651.0,4.590553201629754
12.0,652.0,4.310500812896126
12.0,653.0,4.048973409023579
12.0,654.0,3.8045709613660508
12.0,655.0,3.5760188635436028
12.0,656.0,3.362154930755939
12.0,657.0,3.161917515785058
12.0,658.0,2.974335412692636
12.0,659.0,2.798518529060234
12.0,660.0,2.633650029227057
12.0,661.0,2.4789789749598055
12.0,662.0,2.3338141902540714
12.0,663.0,2.1975184163930344
12.0,664.0,2.0695035005179157
12.0,665.0,1.949225717917987
12.0,666.0,1.8361819809679472
12.0,667.0,1.7299060643873545
12.0,668.0,1.6299656036842236
12.0,669.0,1.5359590224005308
12.0,670.0,1.447513144315699
12.0,671.0,1.3642806696095833
12.0,672.0,1.2859382667259542
12.0,673.0,1.2121844805416617
12.0,674.0,1.1427382012040912
12.0,675.0,1.0773369146661513
12.0,676.0,1.01573546952038
12.0,677.0,0.9577046008558261
12.0,678.0,0.9030299340421016
12.0,679.0,0.8515107284597746
12.0,680.0,0.8029590707901733
12.0,681.0,0.7571987970198071
12.0,682.0,0.7140648381497291
12.0,683.0,0.6734022879123057
12.0,684.0,0.6350658717347722
12.0,685.0,0.5989191345301367
12.0,686.0,0.5648340098344918
12.0,687.0,0.5326901073620499
12.0,688.0,0.5023743639330612
12.0,689.0,0.47378041460332754
12.0,690.0,0.4468083106441258
12.0,691.0,0.4213639612588437
12.0,692.0,0.3973589067190144
12.0,693.0,0.37470982018240856
12.0,694.0,0.3533383263187139
12.0,695.0,0.3331705547082096
12.0,696.0,0.31413699604895606
12.0,697.0,0.29617210016673856
12.0,698.0,0.2792141632904674
12.0,699.0,0.26320496493616785
12.0,700.0,0.24808968085034902
12.0,701.0,0.23381655401477672
12.0,702.0,0.2203368287511484
12.0,703.0,0.2076044518836961
12.0,704.0,0.19557602422026785
12.0,705.0,0.18421052854823625
12.0,706.0,0.17346929529363583
12.0,707.0,0.1633157545445356
12.0,708.0,0.1537154131694341
12.0,709.0,0.1446356284860136
12.0,710.0,0.13604559451438847
12.0,711.0,0.12791613525723555
12.0,712.0,0.12021969808969689
12.0,713.0,0.11293016490425442
12.0,714.0,0.10602285091033839
12.0,715.0,0.09947433213569133
12.0,716.0,0.0932624481353967
12.0,717.0,0.08736614454003729
12.0,718.0,0.08176547836409083
12.0,719.0,0.07644147445716516
12.0,720.0,0.0713761322619461
12.0,721.0,0.0665522951639032
12.0,722.0,0.061953657684328665
12.0,723.0,0.05756464684069023
12.0,724.0,0.05337042887483209
12.0,725.0,0.0493568018342144
12.0,726.0,0.045510201032307046
12.0,727.0,0.041817602143179596
12.0,728.0,0.03826652467310451
12.0,729.0,0.0348449449296497
12.0,730.0,0.03154129685260561
12.0,731.0,0.028344394275723325
12.0,732.0,0.02524342852296369
12.0,733.0,0.022227899427782635
12.0,734.0,0.019287609148708477
12.0,735.0,0.016412601448764247
12.0,736.0,0.013593151223576606
12.0,737.0,0.010819711573051881
12.0,738.0,0.008082898566442006
12.0,739.0,0.005373445660455399
12.0,740.0,0.0026821832495943446
12.0,741.0,0.0
13.0,0.0,0.0
13.0,1.0,0.0012753688808044316
13.0,2.0,0.002555055732828282
13.0,3.0,0.0038433923218059323
13.0,4.0,0.005144741120849393
13.0,5.0,0.00646350618642589
13.0,6.0,0.007804153389545274
13.0,7.0,0.009171218575814249
13.0,8.0,0.010569331318068663
13.0,9.0,0.01200322056894667
13.0,10.0,0.01347774214427232
13.0,11.0,0.014997882085558637
13.0,12.0,0.016568788092808935
13.0,13.0,0.0181957708266517
13.0,14.0,0.01988433952195915
13.0,15.0,0.021640201475183085
13.0,16.0,0.02346930208657337
13.0,17.0,0.025377822798063315
13.0,18.0,0.027372225832269496
13.0,19.0,0.02945925087039836
13.0,20.0,0.03164596478109236
13.0,21.0,0.03393975735684034
13.0,22.0,0.03634839635569757
13.0,23.0,0.03888002264926101
13.0,24.0,0.041543210936077615
13.0,25.0,0.04434696469523811
13.0,26.0,0.04730078297282902
13.0,27.0,0.050414655583656945
13.0,28.0,0.05369913642255648
13.0,29.0,0.05716533941398832
13.0,30.0,0.060825018859836044
13.0,31.0,0.0646905667042558
13.0,32.0,0.06877510050059175
13.0,33.0,0.07309246263892953
13.0,34.0,0.07765731659920459
13.0,35.0,0.0824851488839796
13.0,36.0,0.0875923743255719
13.0,37.0,0.09299634157985326
13.0,38.0,0.09871544837588875
13.0,39.0,0.1047691515621119
13.0,40.0,0.1111780933321233
13.0,41.0,0.11796411697758193
13.0,42.0,0.1251504052992758
13.0,43.0,0.13276150341806536
13.0,44.0,0.1408234707935396
13.0,45.0,0.14936391268375518
13.0,46.0,0.1584121474542492
13.0,47.0,0.16799924856992954
13.0,48.0,0.1781582291971755
13.0,49.0,0.18892409697094723
13.0,50.0,0.20033405828796802
13.0,51.0,0.21242758853689944
13.0,52.0,0.22524665897161725
13.0,53.0,0.2388358256454395
13.0,54.0,0.253242482366844
13.0,55.0,0.2685169722705302
13.0,56.0,0.2847128711281769
13.0,57.0,0.30188712635907705
13.0,58.0,0.3201003759408743
13.0,59.0,0.3394171207622978
13.0,60.0,0.3599060856123905
13.0,61.0,0.38164043217519683
13.0,62.0,0.404698170148395
13.0,63.0,0.42916241996357357
13.0,64.0,0.45512188409835896
13.0,65.0,0.48267117089307293
13.0,66.0,0.5119113387085356
13.0,67.0,0.5429502951542443
13.0,68.0,0.5759034300834744
13.0,69.0,0.6108941083519462
13.0,70.0,0.6480544119644378
13.0,71.0,0.6875257494115955
13.0,72.0,0.7294597328915375
13.0,73.0,0.7740189336725022
13.0,74.0,0.8213779276036013
13.0,75.0,0.8717242342707907
13.0,76.0,0.925259573490477
13.0,77.0,0.9822010368372038
13.0,78.0,1.042782610121457
13.0,79.0,1.1072566398784625
13.0,80.0,1.1758956927445472
13.0,81.0,1.2489943975461781
13.0,82.0,1.3268717328923916
13.0,83.0,1.4098733484943928
13.0,84.0,1.4983743980583342
13.0,85.0,1.5927824721672357
13.0,86.0,1.693541125236447
13.0,87.0,1.8011335868517353
13.0,88.0,1.9160871686304308
13.0,89.0,2.0389779597800537
13.0,90.0,2.170436339036589
13.0,91.0,2.3111528978229012
13.0,92.0,2.4618853148836095
13.0,93.0,2.623465772446539
13.0,94.0,2.7968094548780718
13.0,95.0,2.982923697037904
13.0,96.0,3.182918295283896
13.0,97.0,3.3980164832637763
13.0,98.0,3.6295669943974787
13.0,99.0,3.8790565578323837
13.0,100.0,4.148123029170557
13.0,101.0,4.438568166459137
13.0,102.0,4.752369781323516
13.0,103.0,5.091691600320176
13.0,104.0,5.458889644689122
13.0,105.0,5.856512209941848
13.0,106.0,6.287290617362886
13.0,107.0,6.754115737667444
13.0,108.0,7.259994957891397
13.0,109.0,7.807981787369081
13.0,110.0,8.401070030085606
13.0,111.0,9.042042735051417
13.0,112.0,9.733267881948166
13.0,113.0,10.476434969197955
13.0,114.0,11.272234953495397
13.0,115.0,12.119997617735379
13.0,116.0,13.017320208161236
13.0,117.0,13.95974330718313
13.0,118.0,14.940552973049774
13.0,119.0,15.9507972126672
13.0,120.0,16.979589769020173
13.0,121.0,18.014720158575745
13.0,122.0,19.04350565045888
13.0,123.0,20.053735737185853
13.0,124.0,21.03452411374159
13.0,125.0,21.97691871484453
13.0,126.0,22.87420550207212
13.0,127.0,23.72192493639889
13.0,128.0,24.517674117371392
13.0,129.0,25.26078265549715
13.0,130.0,25.95194130868979
13.0,131.0,26.592839349608283
13.0,132.0,27.185844504271927
13.0,133.0,27.733739539367747
13.0,134.0,28.239517946754916
13.0,135.0,28.706232892885765
13.0,136.0,29.136891389778803
13.0,137.0,29.534383899828466
13.0,138.0,29.90144130106095
13.0,139.0,30.240611409381312
13.0,140.0,30.55424972816495
13.0,141.0,30.844519426158683
13.0,142.0,31.113397715021208
13.0,143.0,31.362685708672092
13.0,144.0,31.59402057187915
13.0,145.0,31.80888829387952
13.0,146.0,32.00863681618804
13.0,147.0,32.19448852575981
13.0,148.0,32.367552314132624
13.0,149.0,32.52883454993317
13.0,150.0,32.67924938606208
13.0,151.0,32.8196279041874
13.0,152.0,32.95072660902735
13.0,153.0,33.07323483997497
13.0,154.0,33.18778164071796
13.0,155.0,33.29494167706398
13.0,156.0,33.395240743110016
13.0,157.0,33.48916045052531
13.0,158.0,33.577142628750885
13.0,159.0,33.659593028940435
13.0,160.0,33.736884843188065
13.0,161.0,33.809361628671596
13.0,162.0,33.87734013153362
13.0,163.0,33.94111259784929
13.0,164.0,34.000949050648124
13.0,165.0,34.05709911969975
13.0,166.0,34.10979388841242
13.0,167.0,34.15924734564375
13.0,168.0,34.20565789335022
13.0,169.0,34.24920950052875
13.0,170.0,34.29007294196562
13.0,171.0,34.328406716223036
13.0,172.0,34.36435806976306
13.0,173.0,34.39806372669841
13.0,174.0,34.429650740051656
13.0,175.0,34.45923706993956
13.0,176.0,34.48693229397799
13.0,177.0,34.51283806193947
13.0,178.0,34.53704868967216
13.0,179.0,34.55965151146877
13.0,180.0,34.58072737580477
13.0,181.0,34.60035091121082
13.0,182.0,34.61859093723063
13.0,183.0,34.63551065512679
13.0,184.0,34.65116798338361
13.0,185.0,34.66561568081059
13.0,186.0,34.678901612422635
13.0,187.0,34.69106880922946
13.0,188.0,34.702155667253244
13.0,189.0,34.71219594539636
13.0,190.0,34.7212188976611
13.0,191.0,34.72924920801424
13.0,192.0,34.736307053713006
13.0,193.0,34.742407974354485
13.0,194.0,34.74756286313412
13.0,195.0,34.75177776714498
13.0,196.0,34.75505380471061
13.0,197.0,34.75738689741838
13.0,198.0,34.75876761817518
13.0,199.0,34.759180866404435
13.0,200.0,34.758605668763956
13.0,201.0,34.75701483514218
13.0,202.0,34.75437477257079
13.0,203.0,34.75064521513805
13.0,204.0,34.74577918970701
13.0,205.0,34.73972302035327
13.0,206.0,34.73241672895522
13.0,207.0,34.72379470329423
13.0,208.0,34.713787052497736
13.0,209.0,34.70232161024261
13.0,210.0,34.68932707495756
13.0,211.0,34.67473731300925
13.0,212.0,34.65849730434539
13.0,213.0,34.64057065236989
13.0,214.0,34.620948828935354
13.0,215.0,34.59966151610075
13.0,216.0,34.57678730990431
13.0,217.0,34.55246295958767
13.0,218.0,34.52688910774576
13.0,219.0,34.50032979622976
13.0,220.0,34.47310386761586
13.0,221.0,34.4455675106569
13.0,222.0,34.41808999369853
13.0,223.0,34.39102665379659
13.0,224.0,34.36469462510841
13.0,225.0,34.33935538246925
13.0,226.0,34.31520612773943
13.0,227.0,34.29237929185672
13.0,228.0,34.27094824962634
13.0,229.0,34.25093655291558
13.0,230.0,34.232328598588545
13.0,231.0,34.21507996174411
13.0,232.0,34.19912659404628
13.0,233.0,34.18439232216231
13.0,234.0,34.17079473545934
13.0,235.0,34.158249474281305
13.0,236.0,34.14667330033241
13.0,237.0,34.13598608080155
13.0,238.0,34.126112061380404
13.0,239.0,34.11698051025505
13.0,240.0,34.1085260227636
13.0,241.0,34.10068849564778
13.0,242.0,34.09341298223256
13.0,243.0,34.08664938480693
13.0,244.0,34.080352142060214
13.0,245.0,34.0744798386684
13.0,246.0,34.06899486198547
13.0,247.0,34.06386302010698
13.0,248.0,34.05905322639637
13.0,249.0,34.054537161432705
13.0,250.0,34.05028900494215
13.0,251.0,34.04628515036198
13.0,252.0,34.042503985943
13.0,253.0,34.03892565913756
13.0,254.0,34.0355319014935
13.0,255.0,34.03230583593424
13.0,256.0,34.02923183795028
13.0,257.0,34.026295378059466
13.0,258.0,34.02348291187385
13.0,259.0,34.020781750620635
13.0,260.0,34.018179973548236
13.0,261.0,34.015666320418724
13.0,262.0,34.013230120790205
13.0,263.0,34.01086120344705
13.0,264.0,34.00854983809311
13.0,265.0,34.0062866576045
13.0,266.0,34.00406260849481
13.0,267.0,34.00186888260802
13.0,268.0,33.99969687335383
13.0,269.0,33.99753811400361
13.0,270.0,33.99538423714958
13.0,271.0,33.99322691713961
13.0,272.0,33.99105783050463
13.0,273.0,33.98886860028335
13.0,274.0,33.98665075530282
13.0,275.0,33.98439567421335
13.0,276.0,33.982094541504026
13.0,277.0,33.97973828899548
13.0,278.0,33.977317546325835
13.0,279.0,33.974822577430395
13.0,280.0,33.97224322293642
13.0,281.0,33.96956882878241
13.0,282.0,33.96678817749828
13.0,283.0,33.96388940556769
13.0,284.0,33.96085991992688
13.0,285.0,33.95768629993657
13.0,286.0,33.95435419459929
13.0,287.0,33.950848204084274
13.0,288.0,33.9471517521589
13.0,289.0,33.94324694114943
13.0,290.0,33.93911439300137
13.0,291.0,33.934733070523144
13.0,292.0,33.930080079596074
13.0,293.0,33.92513044894948
13.0,294.0,33.9198568859609
13.0,295.0,33.91422950798357
13.0,296.0,33.90821554628316
13.0,297.0,33.901779026070216
13.0,298.0,33.894880420255
13.0,299.0,33.88747628685254
13.0,300.0,33.879518892030816
13.0,301.0,33.87095584022054
13.0,302.0,33.861729724929944
13.0,303.0,33.85177784274403
13.0,304.0,33.841032008784765
13.0,305.0,33.829418553575806
13.0,306.0,33.81685858474861
13.0,307.0,33.80326865452595
13.0,308.0,33.78856198640661
13.0,309.0,33.77265048352684
13.0,310.0,33.75544774916039
13.0,311.0,33.73687339982439
13.0,312.0,33.71685889935423
13.0,313.0,33.69535508258607
13.0,314.0,33.67234129611633
13.0,315.0,33.64783575699695
13.0,316.0,33.6219061589134
13.0,317.0,33.594678930817174
13.0,318.0,33.56634488550712
13.0,319.0,33.53715874683367
13.0,320.0,33.50743046508559
13.0,321.0,33.47750778512677
13.0,322.0,33.44775189873679
13.0,323.0,33.41851045734655
13.0,324.0,33.3900932239304
13.0,325.0,33.362754640731396
13.0,326.0,33.33668514329785
13.0,327.0,33.31201068685283
13.0,328.0,33.288798392608975
13.0,329.0,33.26706580511937
13.0,330.0,33.24679149524796
13.0,331.0,33.22792541710007
13.0,332.0,33.21039804459749
13.0,333.0,33.194127892863634
13.0,334.0,33.1790273470894
13.0,335.0,33.16500697274484
13.0,336.0,33.15197852978424
13.0,337.0,33.13985697743608
13.0,338.0,33.128561693430356
13.0,339.0,33.11801713713393
13.0,340.0,33.10815310254243
13.0,341.0,33.09890470989984
13.0,342.0,33.090212211071865
13.0,343.0,33.082020697257796
13.0,344.0,33.07427973820509
13.0,345.0,33.0669430048145
13.0,346.0,33.059967878903365
13.0,347.0,33.053315081678726
13.0,348.0,33.046948312314285
13.0,349.0,33.04083391737027
13.0,350.0,33.034940577405735
13.0,351.0,33.02923902570744
13.0,352.0,33.02370178430892
13.0,353.0,33.01830292881101
13.0,354.0,33.013017867973545
13.0,355.0,33.00782314719854
13.0,356.0,33.00269626366681
13.0,357.0,32.99761550018163
13.0,358.0,32.992559767791725
13.0,359.0,32.98750846216546
13.0,360.0,32.98244132639493
13.0,361.0,32.9773383229461
13.0,362.0,32.972179510240174
13.0,363.0,32.9669449240813
13.0,364.0,32.96161446238574
13.0,365.0,32.956167770650424
13.0,366.0,32.95058412973843
13.0,367.0,32.94484234035177
13.0,368.0,32.938920609043855
13.0,369.0,32.932796426774594
13.0,370.0,32.92644644828906
13.0,371.0,32.9198463596458
13.0,372.0,32.91297074575757
13.0,373.0,32.905792941271855
13.0,374.0,32.89828488038287
13.0,375.0,32.89041692456579
13.0,376.0,32.8821576876898
13.0,377.0,32.87347383280327
13.0,378.0,32.864329864031724
13.0,379.0,32.85468788279566
13.0,380.0,32.844507335868656
13.0,381.0,32.83374471897535
13.0,382.0,32.822353267598544
13.0,383.0,32.81028259273317
13.0,384.0,32.797478297450894
13.0,385.0,32.78388152557504
13.0,386.0,32.76942848256497
13.0,387.0,32.75404987301047
13.0,388.0,32.73767029916509
13.0,389.0,32.72020755766299
13.0,390.0,32.70157188346338
13.0,391.0,32.68166507086715
13.0,392.0,32.660379526041986
13.0,393.0,32.63759717430945
13.0,394.0,32.61318828392754
13.0,395.0,32.587010125398294
13.0,396.0,32.55890553964366
13.0,397.0,32.52870133567845
13.0,398.0,32.49620661194339
13.0,399.0,32.46121093621944
13.0,400.0,32.42348251781591
13.0,401.0,32.38276634689444
13.0,402.0,32.33878251017833
13.0,403.0,32.291224746101626
13.0,404.0,32.23975958872204
13.0,405.0,32.1840263340599
13.0,406.0,32.12363842050436
13.0,407.0,32.058186745597446
13.0,408.0,31.987245876889716
13.0,409.0,31.91038407096603
13.0,410.0,31.82717845924254
13.0,411.0,31.737236589087804
13.0,412.0,31.640225683687202
13.0,413.0,31.535910234973095
13.0,414.0,31.42419780346257
13.0,415.0,31.305190785767824
13.0,416.0,31.179239548470765
13.0,417.0,31.046988695474994
13.0,418.0,30.90940542127985
13.0,419.0,30.767777122043622
13.0,420.0,30.623668090760923
13.0,421.0,30.478832334607176
13.0,422.0,30.33509196331935
13.0,423.0,30.194202232001608
13.0,424.0,30.057729936332272
13.0,425.0,29.92696623372973
13.0,426.0,29.802883359075107
13.0,427.0,29.686132243569485
13.0,428.0,29.57707090247412
13.0,429.0,29.475810714534763
13.0,430.0,29.38226960458613
13.0,431.0,29.29622382788091
13.0,432.0,29.217353833414336
13.0,433.0,29.14528187906141
13.0,434.0,29.07960137034283
13.0,435.0,29.019898429974766
13.0,436.0,28.965767178823604
13.0,437.0,28.91681979062809
13.0,438.0,28.872692815320416
13.0,439.0,28.833050540062715
13.0,440.0,28.797586500720207
13.0,441.0,28.7660235025769
13.0,442.0,28.738112915496206
13.0,443.0,28.713633295467027
13.0,444.0,28.69238887365997
13.0,445.0,28.674207776453407
13.0,446.0,28.6589403953945
13.0,447.0,28.646457664872226
13.0,448.0,28.636649608472347
13.0,449.0,28.629423854782836
13.0,450.0,28.624704461272042
13.0,451.0,28.622430716112262
13.0,452.0,28.62255625252732
13.0,453.0,28.625048127843556
13.0,454.0,28.62988620656027
13.0,455.0,28.637062488305187
13.0,456.0,28.64658072859335
13.0,457.0,28.658455984915506
13.0,458.0,28.672714446120235
13.0,459.0,28.689393170647183
13.0,460.0,28.70854010193059
13.0,461.0,28.730213980241597
13.0,462.0,28.75448452946067
13.0,463.0,28.781432532198952
13.0,464.0,28.81115018156979
13.0,465.0,28.84374131759672
13.0,466.0,28.87932194597908
13.0,467.0,28.918020642270655
13.0,468.0,28.959979248270635
13.0,469.0,29.00535345939404
13.0,470.0,29.05431371864971
13.0,471.0,29.10704601252546
13.0,472.0,29.163752993115086
13.0,473.0,29.22465501935153
13.0,474.0,29.28999155042776
13.0,475.0,29.360022483115966
13.0,476.0,29.435029875057722
13.0,477.0,29.515319646156396
13.0,478.0,29.601223709631142
13.0,479.0,29.693102127198433
13.0,480.0,29.7913457502191
13.0,481.0,29.89637894590306
13.0,482.0,30.00866288180017
13.0,483.0,30.128698974960088
13.0,484.0,30.25703299176701
13.0,485.0,30.39425941504447
13.0,486.0,30.541026578657544
13.0,487.0,30.698042199222677
13.0,488.0,30.866079820268173
13.0,489.0,31.04598581320703
13.0,490.0,31.23868746448964
13.0,491.0,31.44520180657332
13.0,492.0,31.666645729872215
13.0,493.0,31.9042470373253
13.0,494.0,32.1593569685761
13.0,495.0,32.43346383290799
13.0,496.0,32.728208224730515
13.0,497.0,33.045399375871824
13.0,498.0,33.38703297127631
13.0,499.0,33.75530976368102
13.0,500.0,34.152654973829705
13.0,501.0,34.58173732464836
13.0,502.0,35.04548698289986
13.0,503.0,35.5471102661086
13.0,504.0,36.09009900587859
13.0,505.0,36.678230576043994
13.0,506.0,37.31555403261613
13.0,507.0,38.00635529547073
13.0,508.0,38.755093089217524
13.0,509.0,39.56629442060464
13.0,510.0,40.44439721929722
13.0,511.0,41.39352598570651
13.0,512.0,42.417188102741946
13.0,513.0,43.51788254656233
13.0,514.0,44.69662422615566
13.0,515.0,45.95240528207666
13.0,516.0,47.281643198190444
13.0,517.0,48.67769930796413
13.0,518.0,50.13058467355701
13.0,519.0,51.62698462615203
13.0,520.0,53.15070994170674
13.0,521.0,54.68360324782135
13.0,522.0,56.206804646439096
13.0,523.0,57.70215499156437
13.0,524.0,59.15346150156168
13.0,525.0,60.54740416199338
13.0,526.0,61.87398687006916
13.0,527.0,63.12656196670743
13.0,528.0,64.30153606312967
13.0,529.0,65.39788853421813
13.0,530.0,66.41661955606985
13.0,531.0,67.36021138648724
13.0,532.0,68.23215260795604
13.0,533.0,69.03654681394512
13.0,534.0,69.7778088006876
13.0,535.0,70.46044018319682
13.0,536.0,71.08887189148163
13.0,537.0,71.6673596073216
13.0,538.0,72.19991953445486
13.0,539.0,72.69029352902696
13.0,540.0,73.14193504086266
13.0,541.0,73.55800907758359
13.0,542.0,73.94140133897278
13.0,543.0,74.29473284442687
13.0,544.0,74.62037761260787
13.0,545.0,74.92048159751498
13.0,546.0,75.19698179029119
13.0,547.0,75.45162471331643
13.0,548.0,75.6859838970297
13.0,549.0,75.90147608451312
13.0,550.0,76.09937606270377
13.0,551.0,76.2808301148736
13.0,552.0,76.44686810913528
13.0,553.0,76.59841433297915
13.0,554.0,76.73629711081979
13.0,555.0,76.86125736702938
13.0,556.0,76.9739561509627
13.0,557.0,77.07498131187903
13.0,558.0,77.16485330215956
13.0,559.0,77.24403031227045
13.0,560.0,77.31291267186165
13.0,561.0,77.37184673384039
13.0,562.0,77.42112813101822
13.0,563.0,77.46100463653266
13.0,564.0,77.49167847401904
13.0,565.0,77.51330832503687
13.0,566.0,77.52601083776561
13.0,567.0,77.52986190271618
13.0,568.0,77.52489745903742
13.0,569.0,77.51111411693653
13.0,570.0,77.48846932049261
13.0,571.0,77.45688135712254
13.0,572.0,77.4162288993382
13.0,573.0,77.36635040614506
13.0,574.0,77.3070430312322
13.0,575.0,77.23806138610867
13.0,576.0,77.1591157664665
13.0,577.0,77.06987020978407
13.0,578.0,76.96993995264195
13.0,579.0,76.85888867398447
13.0,580.0,76.73622505146436
13.0,581.0,76.6013990329705
13.0,582.0,76.4537973070223
13.0,583.0,76.2927383869645
13.0,584.0,76.11746674657782
13.0,585.0,75.92714643135984
13.0,586.0,75.72085353426898
13.0,587.0,75.49756796610866
13.0,588.0,75.25616385857768
13.0,589.0,74.9953990342732
13.0,590.0,74.71390283199305
13.0,591.0,74.41016272881588
13.0,592.0,74.08250900660359
13.0,593.0,73.72909792663786
13.0,594.0,73.3478926463608
13.0,595.0,72.93664240566555
13.0,596.0,72.49285926861621
13.0,597.0,72.01379310847834
13.0,598.0,71.49640431785208
13.0,599.0,70.93733529874055
13.0,600.0,70.33288070634077
13.0,601.0,69.67895828202157
13.0,602.0,68.97108131453159
13.0,603.0,68.20433612074855
13.0,604.0,67.37336767946911
13.0,605.0,66.47237968710512
13.0,606.0,65.49515589616742
13.0,607.0,64.43511377452432
13.0,608.0,63.28540305063949
13.0,609.0,62.03906660490128
13.0,610.0,60.68928253156336
13.0,611.0,59.2297093788029
13.0,612.0,57.65495331079374
13.0,613.0,55.96117017015169
13.0,614.0,54.146797191363824
13.0,615.0,52.21338184741027
13.0,616.0,50.16643081559377
13.0,617.0,48.016150809136825
13.0,618.0,45.777900956493646
13.0,619.0,43.47215511555974
13.0,620.0,41.12380762099722
13.0,621.0,38.76077887692843
13.0,622.0,36.41206808664803
13.0,623.0,34.10559442435341
13.0,624.0,31.866249757781784
13.0,625.0,29.714504237833054
13.0,626.0,27.66571202460336
13.0,627.0,25.730073595306514
13.0,628.0,23.913088087875654
13.0,629.0,22.21629412275767
13.0,630.0,20.638118718271333
13.0,631.0,19.1747061234571
13.0,632.0,17.8206494657811
13.0,633.0,16.569592795214902
13.0,634.0,15.414698164672801
13.0,635.0,14.348990846300785
13.0,636.0,13.365601295030993
13.0,637.0,12.457926009720186
13.0,638.0,11.619725962203374
13.0,639.0,10.845180218685288
13.0,640.0,10.128907142953258
13.0,641.0,9.465964405002714
13.0,642.0,8.851834458898258
13.0,643.0,8.28240196540019
13.0,644.0,7.753926074679468
13.0,645.0,7.2630111878916415
13.0,646.0,6.806576997600805
13.0,647.0,6.381829890477006
13.0,648.0,5.98623542638869
13.0,649.0,5.617493216855012
13.0,650.0,5.273513404652535
13.0,651.0,4.952395720400901
13.0,652.0,4.652410101979037
13.0,653.0,4.37197971157237
13.0,654.0,4.109665264580547
13.0,655.0,3.864151460423603
13.0,656.0,3.634234423768124
13.0,657.0,3.418810942465719
13.0,658.0,3.2168684323829355
13.0,659.0,3.0274764261785188
13.0,660.0,2.8497785471812653
13.0,661.0,2.682985778682959
13.0,662.0,2.52637002219465
13.0,663.0,2.3792587657734914
13.0,664.0,2.241029886737117
13.0,665.0,2.11110741653687
13.0,666.0,1.9889573204108286
13.0,667.0,1.8740841219151851
13.0,668.0,1.766027450886317
13.0,669.0,1.6643593432899717
13.0,670.0,1.568681395493365
13.0,671.0,1.4786225963455415
13.0,672.0,1.393836962128276
13.0,673.0,1.3140017898038
13.0,674.0,1.2388156751405628
13.0,675.0,1.1679971007733017
13.0,676.0,1.1012827616630683
13.0,677.0,1.0384264206298273
13.0,678.0,0.979197481966631
13.0,679.0,0.923380061732516
13.0,680.0,0.8707717631581873
13.0,681.0,0.8211829202517742
13.0,682.0,0.7744355385101181
13.0,683.0,0.7303626790839245
13.0,684.0,0.6888075359384443
13.0,685.0,0.6496229345542776
13.0,686.0,0.6126705225937251
13.0,687.0,0.5778203623412727
13.0,688.0,0.5449502165304556
13.0,689.0,0.5139452178054593
13.0,690.0,0.484697234954531
13.0,691.0,0.4571046058683889
13.0,692.0,0.4310715722430723
13.0,693.0,0.40650806502517167
13.0,694.0,0.38332919786686703
13.0,695.0,0.36145509603712167
13.0,696.0,0.34081044066969785
13.0,697.0,0.32132433370147145
13.0,698.0,0.3029298863536849
13.0,699.0,0.28556411392373215
13.0,700.0,0.2691675630598768
13.0,701.0,0.2536842312504583
13.0,702.0,0.23906122835347776
13.0,703.0,0.22524871645041497
13.0,704.0,0.2121996018212105
13.0,705.0,0.19986949149981367
13.0,706.0,0.188216412478277
13.0,707.0,0.17720078184953392
13.0,708.0,0.16678515050955445
13.0,709.0,0.15693418422433347
13.0,710.0,0.14761442949809006
13.0,711.0,0.13879430327523953
13.0,712.0,0.13044387897243018
13.0,713.0,0.1225348828373924
13.0,714.0,0.11504049841649218
13.0,715.0,0.10793536785258241
13.0,716.0,0.10119541328816345
13.0,717.0,0.09479784160299497
13.0,718.0,0.08872098144413569
13.0,719.0,0.08294429008845344
13.0,720.0,0.0774482049513013
13.0,721.0,0.07221415141502509
13.0,722.0,0.06722440780301052
13.0,723.0,0.06246211314748401
13.0,724.0,0.05791114472927412
13.0,725.0,0.05355612487035591
13.0,726.0,0.049382310235218954
13.0,727.0,0.045375596828704644
13.0,728.0,0.041522420335013584
13.0,729.0,0.03780975858183108
13.0,730.0,0.034225042259863774
13.0,731.0,0.03075615418197492
13.0,732.0,0.027391349781413363
13.0,733.0,0.024119252551241394
13.0,734.0,0.02092878376446485
13.0,735.0,0.017809153525675386
13.0,736.0,0.014749799192179273
13.0,737.0,0.011740371507479119
13.0,738.0,0.008770681230064598
13.0,739.0,0.005830679847894153
13.0,740.0,0.0029104139413840104
13.0,741.0,0.0
14.0,0.0,0.0
14.0,1.0,0.001374592783504731
14.0,2.0,0.0027538387691325465
14.0,3.0,0.004142407674169904
14.0,4.0,0.005544998992612669
14.0,5.0,0.006966361978538455
14.0,6.0,0.008411305870036672
14.0,7.0,0.009884723557135728
14.0,8.0,0.011391598988717428
14.0,9.0,0.012937034746300381
14.0,10.0,0.014526256862415654
14.0,11.0,0.016164646529805864
14.0,12.0,0.01785774257104719
14.0,13.0,0.019611277524454317
14.0,14.0,0.02143117801969894
14.0,15.0,0.023323605497158978
14.0,16.0,0.02529495476320963
14.0,17.0,0.027351899619250976
14.0,18.0,0.029501389893629056
14.0,19.0,0.03175070228054714
14.0,20.0,0.0341074361737112
14.0,21.0,0.03657957004432025
14.0,22.0,0.03917545643514921
14.0,23.0,0.041903884241505124
14.0,24.0,0.044774073264338035
14.0,25.0,0.04779574279929464
14.0,26.0,0.05097910619454775
14.0,27.0,0.054334946201935456
14.0,28.0,0.057874610040715674
14.0,29.0,0.061610092022564074
14.0,30.0,0.06555402968787152
14.0,31.0,0.0697197942847262
14.0,32.0,0.0741214886215186
14.0,33.0,0.07877404606099637
14.0,34.0,0.08369323082411742
14.0,35.0,0.08889574625639746
14.0,36.0,0.09439923842602739
14.0,37.0,0.10022241453424349
14.0,38.0,0.10638505077930617
14.0,39.0,0.11290812191955348
14.0,40.0,0.1198138145284728
14.0,41.0,0.12712566888356056
14.0,42.0,0.1348685989221607
14.0,43.0,0.14306904782773086
14.0,44.0,0.15175501621868373
14.0,45.0,0.16095623304440276
14.0,46.0,0.17070419380932536
14.0,47.0,0.18103234868459897
14.0,48.0,0.19197615289900433
14.0,49.0,0.20357327433199196
14.0,50.0,0.21586365860704804
14.0,51.0,0.22888975887533564
14.0,52.0,0.24269661864541095
14.0,53.0,0.2573321270161341
14.0,54.0,0.272847122894587
14.0,55.0,0.2892956796211109
14.0,56.0,0.3067352349975837
14.0,57.0,0.32522691010360816
14.0,58.0,0.34483567052230074
14.0,59.0,0.3656306852229665
14.0,60.0,0.3876855255860342
14.0,61.0,0.4110785715863923
14.0,62.0,0.435893256754054
14.0,63.0,0.4622185306144609
14.0,64.0,0.4901491596687354
14.0,65.0,0.5197862572371483
14.0,66.0,0.5512376530210726
14.0,67.0,0.5846185042881737
14.0,68.0,0.620051749740126
14.0,69.0,0.6576688195457809
14.0,70.0,0.6976101932795937
14.0,71.0,0.7400262308720338
14.0,72.0,0.7850778595504615
14.0,73.0,0.8329375536105236
14.0,74.0,0.883790181890956
14.0,75.0,0.9378341717146842
14.0,76.0,0.9952825568326081
14.0,77.0,1.0563643703394847
14.0,78.0,1.1213259436552712
14.0,79.0,1.190432585131121
14.0,80.0,1.2639701939443306
14.0,81.0,1.3422472958958493
14.0,82.0,1.4255970524399326
14.0,83.0,1.51437974308809
14.0,84.0,1.6089852692380693
14.0,85.0,1.7098361933965416
14.0,86.0,1.8173908593034171
14.0,87.0,1.9321471204590717
14.0,88.0,2.0546462198303095
14.0,89.0,2.1854773600144566
14.0,90.0,2.325282501555515
14.0,91.0,2.474761935515463
14.0,92.0,2.63468015597087
14.0,93.0,2.805872573835246
14.0,94.0,2.9892525694762533
14.0,95.0,3.1858193963875894
14.0,96.0,3.396666371192645
14.0,97.0,3.622989784271898
14.0,98.0,3.86609783714444
14.0,99.0,4.127419870069035
14.0,100.0,4.40851493206196
14.0,101.0,4.711079618640579
14.0,102.0,5.036953757510599
14.0,103.0,5.388123249621114
14.0,104.0,5.766717828087188
14.0,105.0,6.175002013495338
14.0,106.0,6.615355755399152
14.0,107.0,7.090241559759121
14.0,108.0,7.602152979095075
14.0,109.0,8.153539736005138
14.0,110.0,8.746703279132982
14.0,111.0,9.383658064365646
14.0,112.0,10.065954419186223
14.0,113.0,10.794463653944229
14.0,114.0,11.569131376105657
14.0,115.0,12.38871566212354
14.0,116.0,13.250537959947911
14.0,117.0,14.15028888530338
14.0,118.0,15.081939767630754
14.0,119.0,16.03781213354548
14.0,120.0,17.008840150542138
14.0,121.0,17.98502706452163
14.0,122.0,18.956047468512445
14.0,123.0,19.91190458261422
14.0,124.0,20.843532522644857
14.0,125.0,21.743252737456313
14.0,126.0,22.605036452414925
14.0,127.0,23.424574152434797
14.0,128.0,24.199187127539904
14.0,129.0,24.927633268498457
14.0,130.0,25.609857968788944
14.0,131.0,26.24673229560244
14.0,132.0,26.83980630337135
14.0,133.0,27.391094143937046
14.0,134.0,27.90289692998662
14.0,135.0,28.37766401490106
14.0,136.0,28.817888547590265
14.0,137.0,29.226032594399584
14.0,138.0,29.604475627887002
14.0,139.0,29.955481652368
14.0,140.0,30.281179843760444
14.0,141.0,30.58355550268819
14.0,142.0,30.864447811438502
14.0,143.0,31.12555267247834
14.0,144.0,31.368428391815552
14.0,145.0,31.59450351383025
14.0,146.0,31.805085388550193
14.0,147.0,32.001369395921564
14.0,148.0,32.18444787996568
14.0,149.0,32.35531905560341
14.0,150.0,32.514895194872985
14.0,151.0,32.66401052625919
14.0,152.0,32.80342828286992
14.0,153.0,32.93384741129376
14.0,154.0,33.05590843888836
14.0,155.0,33.17019904066367
14.0,156.0,33.277258831486506
14.0,157.0,33.37758392970778
14.0,158.0,33.471630829689175
14.0,159.0,33.559820122789134
14.0,160.0,33.642539609039936
14.0,161.0,33.720147327630876
14.0,162.0,33.792974050776884
14.0,163.0,33.86132575594215
14.0,164.0,33.92548562309431
14.0,165.0,33.98571605857639
14.0,166.0,34.042260295037245
14.0,167.0,34.095344055982935
14.0,168.0,34.145176838139264
14.0,169.0,34.191953287698894
14.0,170.0,34.23585422840995
14.0,171.0,34.27704780561942
14.0,172.0,34.315690309925564
14.0,173.0,34.351927133041805
14.0,174.0,34.38589342602712
14.0,175.0,34.417714901326356
14.0,176.0,34.44750835594792
14.0,177.0,34.47538234632162
14.0,178.0,34.501437599888305
14.0,179.0,34.525767583242114
14.0,180.0,34.54845882004816
14.0,181.0,34.569591367951375
14.0,182.0,34.58923905622896
14.0,183.0,34.60746988286909
14.0,184.0,34.624346181645805
14.0,185.0,34.6399249473848
14.0,186.0,34.65425793904493
14.0,187.0,34.667391938362435
14.0,188.0,34.679368792951834
14.0,189.0,34.69022561123122
14.0,190.0,34.69999474756882
14.0,191.0,34.70870393479247
14.0,192.0,34.71637621229062
14.0,193.0,34.72302999695966
14.0,194.0,34.72867895561936
14.0,195.0,34.73333201697401
14.0,196.0,34.73699319317793
14.0,197.0,34.73966154131653
14.0,198.0,34.74133094825947
14.0,199.0,34.741990064106645
14.0,200.0,34.74162208467275
14.0,201.0,34.74020470795235
14.0,202.0,34.737709988236894
14.0,203.0,34.73410442057875
14.0,204.0,34.729349012365994
14.0,205.0,34.72339969424921
14.0,206.0,34.716207873247825
14.0,207.0,34.70772151273494
14.0,208.0,34.69788659787361
14.0,209.0,34.686649405168474
14.0,210.0,34.67395947509781
14.0,211.0,34.65977369621346
14.0,212.0,34.64406135038048
14.0,213.0,34.626810364531266
14.0,214.0,34.60803433953702
14.0,215.0,34.58778013523078
14.0,216.0,34.566134965341476
14.0,217.0,34.54323204320869
14.0,218.0,34.519253084634464
14.0,219.0,34.4944264130872
14.0,220.0,34.46901943512615
14.0,221.0,34.443325683702604
14.0,222.0,34.41764758294413
14.0,223.0,34.392277747486794
14.0,224.0,34.36748174626921
14.0,225.0,34.34348513501647
14.0,226.0,34.320465928640964
14.0,227.0,34.298552684712746
14.0,228.0,34.27782700109395
14.0,229.0,34.25832912880281
14.0,230.0,34.24006505926554
14.0,231.0,34.22301406506316
14.0,232.0,34.20713571826737
14.0,233.0,34.19237608606966
14.0,234.0,34.178672762115625
14.0,235.0,34.16595888208115
14.0,236.0,34.1541660783719
14.0,237.0,34.143226668060755
14.0,238.0,34.133075095548335
14.0,239.0,34.123648916989104
14.0,240.0,34.11488932478176
14.0,241.0,34.10674144795076
14.0,242.0,34.09915438805775
14.0,243.0,34.09208117687132
14.0,244.0,34.08547858631869
14.0,245.0,34.07930694038309
14.0,246.0,34.07352984317264
14.0,247.0,34.06811394818615
14.0,248.0,34.06302867639861
14.0,249.0,34.0582459917291
14.0,250.0,34.05374014095693
14.0,251.0,34.04948745515002
14.0,252.0,34.04546612249537
14.0,253.0,34.041656020933736
14.0,254.0,34.03803852504036
14.0,255.0,34.034596368470105
14.0,256.0,34.031313481747276
14.0,257.0,34.0281748805156
14.0,258.0,34.02516652964413
14.0,259.0,34.022275252612566
14.0,260.0,34.019488617201546
14.0,261.0,34.01679486154006
14.0,262.0,34.01418279704961
14.0,263.0,34.01164174719289
14.0,264.0,34.009161463904185
14.0,265.0,34.006732075647555
14.0,266.0,34.004344014114864
14.0,267.0,34.001987968711646
14.0,268.0,33.999654820766565
14.0,269.0,33.99733560196855
14.0,270.0,33.99502143368031
14.0,271.0,33.99270348713876
14.0,272.0,33.99037292569515
14.0,273.0,33.98802086476108
14.0,274.0,33.98563831491102
14.0,275.0,33.983216139609915
14.0,276.0,33.98074499711242
14.0,277.0,33.97821529394758
14.0,278.0,33.975617123432045
14.0,279.0,33.97294021271076
14.0,280.0,33.9701738554675
14.0,281.0,33.96730685002565
14.0,282.0,33.96432742348659
14.0,283.0,33.961223157982
14.0,284.0,33.957980903004376
14.0,285.0,33.954586686385404
14.0,286.0,33.95102561102863
14.0,287.0,33.94728174661232
14.0,288.0,33.94333800636652
14.0,289.0,33.93917601497818
14.0,290.0,33.93477596064828
14.0,291.0,33.930116434472524
14.0,292.0,33.92517425314615
14.0,293.0,33.919924265748875
14.0,294.0,33.91433914390958
14.0,295.0,33.9083891545246
14.0,296.0,33.902041918463404
14.0,297.0,33.89526215438059
14.0,298.0,33.88801141698222
14.0,299.0,33.880247831593735
14.0,300.0,33.87192584372593
14.0,301.0,33.86299599312434
14.0,302.0,33.85340474644756
14.0,303.0,33.84309441381715
14.0,304.0,33.83200320858496
14.0,305.0,33.82006550318668
14.0,306.0,33.80721237850127
14.0,307.0,33.79337256018872
14.0,308.0,33.77847388709897
14.0,309.0,33.76244544738997
14.0,310.0,33.7452205597013
14.0,311.0,33.72674073298881
14.0,312.0,33.706960724882165
14.0,313.0,33.6858546774364
14.0,314.0,33.66342316283733
14.0,315.0,33.63970065989507
14.0,316.0,33.614762668779136
14.0,317.0,33.58873125498431
14.0,318.0,33.56177757429544
14.0,319.0,33.534119882412135
14.0,320.0,33.50601603422157
14.0,321.0,33.47775043714856
14.0,322.0,33.44961684101305
14.0,323.0,33.42189955255516
14.0,324.0,33.39485622507328
14.0,325.0,33.368704810809064
14.0,326.0,33.343616059555664
14.0,327.0,33.31971152634225
14.0,328.0,33.29706609527048
14.0,329.0,33.27571352054421
14.0,330.0,33.255653539580884
14.0,331.0,33.236859345541475
14.0,332.0,33.21928463087135
14.0,333.0,33.20286971801702
14.0,334.0,33.187546615018626
14.0,335.0,33.17324296918126
14.0,336.0,33.159885044807105
14.0,337.0,33.147399851949594
14.0,338.0,33.13571661061014
14.0,339.0,33.1247676784223
14.0,340.0,33.11448909491346
14.0,341.0,33.10482082730575
14.0,342.0,33.09570682416147
14.0,343.0,33.08709492034838
14.0,344.0,33.07893666240527
14.0,345.0,33.07118706931372
14.0,346.0,33.06380437336072
14.0,347.0,33.05674973954047
14.0,348.0,33.04998699348776
14.0,349.0,33.043482347998314
14.0,350.0,33.03720414948476
14.0,351.0,33.03112263098982
14.0,352.0,33.02520968783903
14.0,353.0,33.019438661956315
14.0,354.0,33.013784147376875
14.0,355.0,33.008221803965284
14.0,356.0,33.002728189094185
14.0,357.0,32.99728059616636
14.0,358.0,32.99185690720914
14.0,359.0,32.98643545082427
14.0,360.0,32.98099487017576
14.0,361.0,32.97551399504087
14.0,362.0,32.96997171990011
14.0,363.0,32.964346885086286
14.0,364.0,32.958618160030426
14.0,365.0,32.9527639288323
14.0,366.0,32.94676217398648
14.0,367.0,32.94059036189597
14.0,368.0,32.93422532250773
14.0,369.0,32.92764313029645
14.0,370.0,32.92081897512966
14.0,371.0,32.91372703402294
14.0,372.0,32.90634032819864
14.0,373.0,32.898630580423955
14.0,374.0,32.890568052590645
14.0,375.0,32.88212138265798
14.0,376.0,32.87325739612275
14.0,377.0,32.863940915455174
14.0,378.0,32.85413453750112
14.0,379.0,32.843798406768755
14.0,380.0,32.832889949055065
14.0,381.0,32.82136359796408
14.0,382.0,32.80917047283434
14.0,383.0,32.796258045417716
14.0,384.0,32.78256974750216
14.0,385.0,32.76804456179468
14.0,386.0,32.75261654159145
14.0,387.0,32.73621430679548
14.0,388.0,32.71876045493546
14.0,389.0,32.70017094046964
14.0,390.0,32.68035435425747
14.0,391.0,32.659211163142096
14.0,392.0,32.63663283551633
14.0,393.0,32.61250092134798
14.0,394.0,32.58668600860894
14.0,395.0,32.5590466368338
14.0,396.0,32.529428090453315
14.0,397.0,32.497661172077215
14.0,398.0,32.46356088841462
14.0,399.0,32.426925181940184
14.0,400.0,32.38753366864634
14.0,401.0,32.34514657204215
14.0,402.0,32.29950387232804
14.0,403.0,32.250324958130356
14.0,404.0,32.19730890749874
14.0,405.0,32.14013584169435
14.0,406.0,32.07846965104285
14.0,407.0,32.011962756985355
14.0,408.0,31.940263430600996
14.0,409.0,31.863026559719206
14.0,410.0,31.77992852923372
14.0,411.0,31.69068711329601
14.0,412.0,31.59508674009034
14.0,413.0,31.493009270474932
14.0,414.0,31.38446919864928
14.0,415.0,31.269651141768044
14.0,416.0,31.148945385567792
14.0,417.0,31.022975719049107
14.0,418.0,30.89261203177667
14.0,419.0,30.758960485059262
14.0,420.0,30.623325982096986
14.0,421.0,30.487147066550964
14.0,422.0,30.351909847783695
14.0,423.0,30.21905421470139
14.0,424.0,30.089887763023718
14.0,425.0,29.965520708545906
14.0,426.0,29.846828363453813
14.0,427.0,29.734441337030166
14.0,428.0,29.628758143501866
14.0,429.0,29.5299730813686
14.0,430.0,29.43811179436417
14.0,431.0,29.35306882127642
14.0,432.0,29.27464281732133
14.0,433.0,29.20256740915385
14.0,434.0,29.1365364864978
14.0,435.0,29.076224187658504
14.0,436.0,29.021299813826563
14.0,437.0,28.971438707449032
14.0,438.0,28.926329613100183
14.0,439.0,28.88567956995501
14.0,440.0,28.849216689842425
14.0,441.0,28.81669166211534
14.0,442.0,28.78787809850664
14.0,443.0,28.762572358420094
14.0,444.0,28.740592775795367
14.0,445.0,28.721778791333946
14.0,446.0,28.70598978438205
14.0,447.0,28.693104030148866
14.0,448.0,28.683017499329647
14.0,449.0,28.675642887476243
14.0,450.0,28.670908545369848
14.0,451.0,28.668757683094626
14.0,452.0,28.669147491381356
14.0,453.0,28.672048551305938
14.0,454.0,28.67744415813682
14.0,455.0,28.685329935521974
14.0,456.0,28.69571335328221
14.0,457.0,28.70861353332518
14.0,458.0,28.724060947174053
14.0,459.0,28.742097399308694
14.0,460.0,28.762775891532804
14.0,461.0,28.786160772661304
14.0,462.0,28.812327761361313
14.0,463.0,28.841364256492817
14.0,464.0,28.873369516067395
14.0,465.0,28.908455128978687
14.0,466.0,28.946745354525532
14.0,467.0,28.988377763382022
14.0,468.0,29.03350374960881
14.0,469.0,29.082289356565365
14.0,470.0,29.134915981672872
14.0,471.0,29.191581411855793
14.0,472.0,29.25250075089764
14.0,473.0,29.31790769936129
14.0,474.0,29.388055745703163
14.0,475.0,29.463219738025746
14.0,476.0,29.543697393800535
14.0,477.0,29.629811225910895
14.0,478.0,29.721910442573602
14.0,479.0,29.820373308649774
14.0,480.0,29.925609527861646
14.0,481.0,30.03806314295931
14.0,482.0,30.158215517187198
14.0,483.0,30.286588904008177
14.0,484.0,30.423750174108655
14.0,485.0,30.57031521666852
14.0,486.0,30.7269535909772
14.0,487.0,30.89439395463067
14.0,488.0,31.07342985147625
14.0,489.0,31.26492639183724
14.0,490.0,31.46982741210309
14.0,491.0,31.689163644798974
14.0,492.0,31.924061480163083
14.0,493.0,32.17575283144028
14.0,494.0,32.4455856551779
14.0,495.0,32.73503558314923
14.0,496.0,33.04571813730746
14.0,497.0,33.379401855892226
14.0,498.0,33.7380216231026
14.0,499.0,34.123692263610494
14.0,500.0,34.53872133031907
14.0,501.0,34.98562063080027
14.0,502.0,35.46711473323456
14.0,503.0,35.98614506545885
14.0,504.0,36.54586664708247
14.0,505.0,37.14963452538986
14.0,506.0,37.800975078554984
14.0,507.0,38.503537045250255
14.0,508.0,39.261015062474094
14.0,509.0,40.07703828385821
14.0,510.0,40.95501527435007
14.0,511.0,41.897927770996155
14.0,512.0,42.9080675801695
14.0,513.0,43.986717164903844
14.0,514.0,45.133783211608794
14.0,515.0,46.34740747150886
14.0,516.0,47.62359674478228
14.0,517.0,48.95593418448686
14.0,518.0,50.33544795097963
14.0,519.0,51.75071427083662
14.0,520.0,53.18824742452651
14.0,521.0,54.63317769887798
14.0,522.0,56.07014625638868
14.0,523.0,57.48428147159839
14.0,524.0,58.862093798268326
14.0,525.0,60.1921536994576
14.0,526.0,61.46548162869723
14.0,527.0,62.675651043922095
14.0,528.0,63.81865705068693
14.0,529.0,64.89262763808958
14.0,530.0,65.89745364643643
14.0,531.0,66.83439951702388
14.0,532.0,67.70573683629927
14.0,533.0,68.51442480700219
14.0,534.0,69.26384711568036
14.0,535.0,69.95760555160095
14.0,536.0,70.59936486319309
14.0,537.0,71.1927412073653
14.0,538.0,71.74122563886336
14.0,539.0,72.24813494199498
14.0,540.0,72.71658287306583
14.0,541.0,73.14946636733652
14.0,542.0,73.5494621955337
14.0,543.0,73.91903080026486
14.0,544.0,74.26042470849444
14.0,545.0,74.57569975848855
14.0,546.0,74.8667277726066
14.0,547.0,75.13520981163536
14.0,548.0,75.38268936361094
14.0,549.0,75.61056508443885
14.0,550.0,75.82010284083947
14.0,551.0,76.01244690588646
14.0,552.0,76.18863026977176
14.0,553.0,76.34958401102904
14.0,554.0,76.49614580334762
14.0,555.0,76.62906752561803
14.0,556.0,76.74902211214706
14.0,557.0,76.85660959678691
14.0,558.0,76.95236252542901
14.0,559.0,77.0367506595982
14.0,560.0,77.11018517246035
14.0,561.0,77.17302222162313
14.0,562.0,77.22556612299167
14.0,563.0,77.26807196909768
14.0,564.0,77.3007479383076
14.0,565.0,77.3237570969076
14.0,566.0,77.33721896306459
14.0,567.0,77.34121059361593
14.0,568.0,77.33576748606446
14.0,569.0,77.32088401625586
14.0,570.0,77.29651372816392
14.0,571.0,77.2625691562442
14.0,572.0,77.21892152117992
14.0,573.0,77.16539993967287
14.0,574.0,77.10179051343272
14.0,575.0,77.02783489810189
14.0,576.0,76.94322874107323
14.0,577.0,76.84761954857369
14.0,578.0,76.74060439377985
14.0,579.0,76.62172698519616
14.0,580.0,76.49047452844026
14.0,581.0,76.34627385847845
14.0,582.0,76.18848729508409
14.0,583.0,76.01640765525039
14.0,584.0,75.82925289318051
14.0,585.0,75.62615975751494
14.0,586.0,75.40617695312501
14.0,587.0,75.16825715363044
14.0,588.0,74.91124836956362
14.0,589.0,74.63388397873368
14.0,590.0,74.33477194706133
14.0,591.0,74.01238251804223
14.0,592.0,73.66503493864779
14.0,593.0,73.2908824976617
14.0,594.0,72.88789652104336
14.0,595.0,72.45384865391684
14.0,596.0,71.98629222847123
14.0,597.0,71.48254221249204
14.0,598.0,70.9396548457196
14.0,599.0,70.35440683605665
14.0,600.0,69.7232758160924
14.0,601.0,69.04242269168934
14.0,602.0,68.30767867486179
14.0,603.0,67.51453903176836
14.0,604.0,66.65816822013478
14.0,605.0,65.73342078548347
14.0,606.0,64.73488561254749
14.0,607.0,63.65696126805201
14.0,608.0,62.493973731238135
14.0,609.0,61.24034773021979
14.0,610.0,59.89084545685771
14.0,611.0,58.44088381454463
14.0,612.0,56.88693927863438
14.0,613.0,55.227039234346556
14.0,614.0,53.46132580331987
14.0,615.0,51.592654460135314
14.0,616.0,49.62716336687887
14.0,617.0,47.574717409142295
14.0,618.0,45.44911034191528
14.0,619.0,43.26790610244659
14.0,620.0,41.05183890115476
14.0,621.0,38.82377005922382
14.0,622.0,36.60731135429153
14.0,623.0,34.42532278151237
14.0,624.0,32.29853589762047
14.0,625.0,30.2445106432955
14.0,626.0,28.277035429119813
14.0,627.0,26.40596841783894
14.0,628.0,24.637439661737613
14.0,629.0,22.97429509238257
14.0,630.0,21.416665842710465
14.0,631.0,19.962566801196438
14.0,632.0,18.608460421405855
14.0,633.0,17.349747980844125
14.0,634.0,16.181174419102984
14.0,635.0,15.097145489106067
14.0,636.0,14.091966443459091
14.0,637.0,13.160013255794578
14.0,638.0,12.295850315340036
14.0,639.0,11.494305634994877
14.0,640.0,10.75051505790261
14.0,641.0,10.059942997793925
14.0,642.0,9.418387520922034
14.0,643.0,8.82197391518055
14.0,644.0,8.267141654730121
14.0,645.0,7.750626544540163
14.0,646.0,7.26944109335122
14.0,647.0,6.8208534780325705
14.0,648.0,6.402367078011261
14.0,649.0,6.011700160965382
14.0,650.0,5.646767126749368
14.0,651.0,5.3056604917021
14.0,652.0,4.986634733552484
14.0,653.0,4.688090992551348
14.0,654.0,4.408563615059838
14.0,655.0,4.146707460577295
14.0,656.0,3.9012869018780996
14.0,657.0,3.6711654207226374
14.0,658.0,3.4552967089593034
14.0,659.0,3.2527161855788895
14.0,660.0,3.0625338352863403
14.0,661.0,2.8839272988376097
14.0,662.0,2.716136121561487
14.0,663.0,2.5584561142739752
14.0,664.0,2.4102347340314196
14.0,665.0,2.2708664638214326
14.0,666.0,2.1397890977241336
14.0,667.0,2.0164799351092224
14.0,668.0,1.9004527868204586
14.0,669.0,1.7912548205478676
14.0,670.0,1.6884641420073896
14.0,671.0,1.5916871619485526
14.0,672.0,1.500556636715528
14.0,673.0,1.4147294545690434
14.0,674.0,1.3338850443180346
14.0,675.0,1.2577235002444396
14.0,676.0,1.1859642867010363
14.0,677.0,1.1183446379404867
14.0,678.0,1.0546185016587022
14.0,679.0,0.994555163361352
14.0,680.0,0.9379383836409086
14.0,681.0,0.8845652071397078
14.0,682.0,0.8342452575844641
14.0,683.0,0.7867996995560469
14.0,684.0,0.742060662532188
14.0,685.0,0.6998703300532013
14.0,686.0,0.6600804696880725
14.0,687.0,0.6225516291875085
14.0,688.0,0.5871527537396086
14.0,689.0,0.5537604726347862
14.0,690.0,0.522258788685975
14.0,691.0,0.4925384420328612
14.0,692.0,0.4644966593780242
14.0,693.0,0.4380365840151642
14.0,694.0,0.4130670747389107
14.0,695.0,0.38950219313590134
14.0,696.0,0.3672610437874633
14.0,697.0,0.3462673114235881
14.0,698.0,0.32644913545102094
14.0,699.0,0.3077386908234532
14.0,700.0,0.29007209106753107
14.0,701.0,0.2733890077337648
14.0,702.0,0.25763259701748553
14.0,703.0,0.24274915347506357
14.0,704.0,0.2286880560908197
14.0,705.0,0.2154014526117639
14.0,706.0,0.20284422152983855
14.0,707.0,0.19097368393637973
14.0,708.0,0.1797495783990612
14.0,709.0,0.1691337976887279
14.0,710.0,0.15909037395331677
14.0,711.0,0.14958523804347085
14.0,712.0,0.1405862127382406
14.0,713.0,0.13206279270677207
14.0,714.0,0.12398614383588996
14.0,715.0,0.11632890212484136
14.0,716.0,0.10906517741331724
14.0,717.0,0.10217036972396211
14.0,718.0,0.09562117589924128
14.0,719.0,0.08939542208953075
14.0,720.0,0.08347207198503982
14.0,721.0,0.0778310743016166
14.0,722.0,0.07245337144493001
14.0,723.0,0.06732076097633337
14.0,724.0,0.06241590367489876
14.0,725.0,0.05772219807551648
14.0,726.0,0.05322378700353825
14.0,727.0,0.048905444369761054
14.0,728.0,0.04475257934509932
14.0,729.0,0.04075113467462612
14.0,730.0,0.036887587738059086
14.0,731.0,0.03314885970955313
14.0,732.0,0.02952231281562807
14.0,733.0,0.025995669720482707
14.0,734.0,0.022557006347743325
14.0,735.0,0.01919468091393967
14.0,736.0,0.015897321725256323
14.0,737.0,0.012653765315452587
14.0,738.0,0.009453038664554872
14.0,739.0,0.00628430592266697
14.0,740.0,0.003136844524947088
14.0,741.0,0.0
15.0,0.0,0.0
15.0,1.0,0.0014727885176218061
15.0,2.0,0.0029505627591205346
15.0,3.0,0.004438324364598725
15.0,4.0,0.005941110407520567
15.0,5.0,0.007464005939771647
15.0,6.0,0.009012167339624635
15.0,7.0,0.010590831718561745
15.0,8.0,0.012205344333528389
15.0,9.0,0.013861165095048358
15.0,10.0,0.01556390028419783
15.0,11.0,0.01731930641168659
15.0,12.0,0.019133326490532242
15.0,13.0,0.021012091509660574
15.0,14.0,0.022961961527592063
15.0,15.0,0.024989525042001335
15.0,16.0,0.027101645188138082
15.0,17.0,0.02930545730803577
15.0,18.0,0.03160842056026179
15.0,19.0,0.034018314019534424
15.0,20.0,0.0365432940322249
15.0,21.0,0.03919188920959989
15.0,22.0,0.041973063896900614
15.0,23.0,0.044896212461984844
15.0,24.0,0.04797122928555817
15.0,25.0,0.05120850279252035
15.0,26.0,0.05461899241797954
15.0,27.0,0.058214222882194244
15.0,28.0,0.06200636864254945
15.0,29.0,0.06600824897596098
15.0,30.0,0.07023342049250335
15.0,31.0,0.07469617366315635
15.0,32.0,0.07941163404807258
15.0,33.0,0.0843957609946401
15.0,34.0,0.08966545832473012
15.0,35.0,0.09523857603076495
15.0,36.0,0.10113403127452351
15.0,37.0,0.10737181403041011
15.0,38.0,0.11397311937705637
15.0,39.0,0.1209603581812537
15.0,40.0,0.12835730181711888
15.0,41.0,0.13618909915617028
15.0,42.0,0.14448243503282013
15.0,43.0,0.15326555501213165
15.0,44.0,0.16256843914193772
15.0,45.0,0.17242283621787566
15.0,46.0,0.18286245463047232
15.0,47.0,0.1939230081472157
15.0,48.0,0.2056424259888855
15.0,49.0,0.21806091251353116
15.0,50.0,0.2312211790546732
15.0,51.0,0.2451685203384989
15.0,52.0,0.25995107110582255
15.0,53.0,0.27561990264249586
15.0,54.0,0.2922293078108499
15.0,55.0,0.30983692175097866
15.0,56.0,0.328504039696034
15.0,57.0,0.3482957667428639
15.0,58.0,0.36928137375765674
15.0,59.0,0.39153448216209485
15.0,60.0,0.4151334644008355
15.0,61.0,0.4401616709996383
15.0,62.0,0.46670788352697296
15.0,63.0,0.4948665928244451
15.0,64.0,0.5247385142313503
15.0,65.0,0.5564309279549892
15.0,66.0,0.5900582686400646
15.0,67.0,0.6257425414499823
15.0,68.0,0.6636140009785765
15.0,69.0,0.703811659893267
15.0,70.0,0.7464840758596932
15.0,71.0,0.7917899737241583
15.0,72.0,0.8398991637385602
15.0,73.0,0.8909933034342519
15.0,74.0,0.9452669762102244
15.0,75.0,1.002928625499031
15.0,76.0,1.064201829946806
15.0,77.0,1.1293264504230427
15.0,78.0,1.1985601467908362
15.0,79.0,1.2721797879474328
15.0,80.0,1.3504832656795736
15.0,81.0,1.4337912292672683
15.0,82.0,1.5224492640204057
15.0,83.0,1.6168300246907688
15.0,84.0,1.7173358593261183
15.0,85.0,1.824401428687023
15.0,86.0,1.9384968682525596
15.0,87.0,2.0601309913353725
15.0,88.0,2.1898550894700977
15.0,89.0,2.3282668192625984
15.0,90.0,2.476014735910072
15.0,91.0,2.6338029467013984
15.0,92.0,2.8023964383942137
15.0,93.0,2.9826265222073745
15.0,94.0,3.1753969239689233
15.0,95.0,3.3816899069575843
15.0,96.0,3.602572891398725
15.0,97.0,3.8392048528255804
15.0,98.0,4.092842833347127
15.0,99.0,4.364847656590264
15.0,100.0,4.656688938098006
15.0,101.0,4.969948148964171
15.0,102.0,5.306319405945259
15.0,103.0,5.667606202538171
15.0,104.0,6.055713094204865
15.0,105.0,6.472629753068703
15.0,106.0,6.920405505768659
15.0,107.0,7.401110809695863
15.0,108.0,7.916782898023331
15.0,109.0,8.469351438527633
15.0,110.0,9.060541453876892
15.0,111.0,9.691750471186877
15.0,112.0,10.36390003622677
15.0,113.0,11.077263935697713
15.0,114.0,11.831281785885649
15.0,115.0,12.624372205665829
15.0,116.0,13.453768717601623
15.0,117.0,14.315407331712164
15.0,118.0,15.20389954698415
15.0,119.0,16.11261998502008
15.0,120.0,17.03392605933062
15.0,121.0,17.959503024833943
15.0,122.0,18.880800943496535
15.0,123.0,19.78950504262376
15.0,124.0,20.677972680387974
15.0,125.0,21.539578395169357
15.0,126.0,22.368933574509096
15.0,127.0,23.161974088436885
15.0,128.0,23.915933290413438
15.0,129.0,24.629229600607722
15.0,130.0,25.301302406190473
15.0,131.0,25.93242523366693
15.0,132.0,26.523519336479985
15.0,133.0,27.075981916419774
15.0,134.0,27.591537636523956
15.0,135.0,28.072115769547306
15.0,136.0,28.519753116673865
15.0,137.0,28.936519665009175
15.0,138.0,29.32446423074547
15.0,139.0,29.685575933795004
15.0,140.0,30.021758733468246
15.0,141.0,30.33481548125615
15.0,142.0,30.626439603539442
15.0,143.0,30.898211830397038
15.0,144.0,31.15160098282926
15.0,145.0,31.38796703371524
15.0,146.0,31.608566114907838
15.0,147.0,31.81455622902798
15.0,148.0,32.00700375696429
15.0,149.0,32.18688985254181
15.0,150.0,32.35511705772334
15.0,151.0,32.51251542112561
15.0,152.0,32.65984858327139
15.0,153.0,32.79781921651887
15.0,154.0,32.92707434684982
15.0,155.0,33.048210001443714
15.0,156.0,33.161775735803204
15.0,157.0,33.26827851366332
15.0,158.0,33.3681865000408
15.0,159.0,33.46193225621362
15.0,160.0,33.54991589327159
15.0,161.0,33.632507681981856
15.0,162.0,33.71005066685922
15.0,163.0,33.78286278834245
15.0,164.0,33.85123904995413
15.0,165.0,33.91545323965549
15.0,166.0,33.97575973040194
15.0,167.0,34.03239487451719
15.0,168.0,34.085578504827886
15.0,169.0,34.135515063090224
15.0,170.0,34.18239485668163
15.0,171.0,34.226394970648066
15.0,172.0,34.26768032430318
15.0,173.0,34.30640440668028
15.0,174.0,34.342710168455035
15.0,175.0,34.37673061244938
15.0,176.0,34.40858954892417
15.0,177.0,34.4384020661052
15.0,178.0,34.466275170866666
15.0,179.0,34.4923081587981
15.0,180.0,34.516593157383504
15.0,181.0,34.539215410675496
15.0,182.0,34.56025373805686
15.0,183.0,34.57978074494395
15.0,184.0,34.59786320692944
15.0,185.0,34.61456221496185
15.0,186.0,34.62993349200751
15.0,187.0,34.64402747878401
15.0,188.0,34.656889588032065
15.0,189.0,34.66856023516805
15.0,190.0,34.679075033952785
15.0,191.0,34.688464775605354
15.0,192.0,34.696755569463186
15.0,193.0,34.703968774709054
15.0,194.0,34.71012109130824
15.0,195.0,34.71522445161441
15.0,196.0,34.71928607190218
15.0,197.0,34.722308318686046
15.0,198.0,34.7242887421101
15.0,199.0,34.725219947166224
15.0,200.0,34.72508965128693
15.0,201.0,34.72388061902724
15.0,202.0,34.721570823715794
15.0,203.0,34.71813355275047
15.0,204.0,34.713537814699066
15.0,205.0,34.7077487981293
15.0,206.0,34.70072875550699
15.0,207.0,34.69243809989455
15.0,208.0,34.68283710257142
15.0,209.0,34.67188800706543
15.0,210.0,34.65955793684826
15.0,211.0,34.64582239035722
15.0,212.0,34.63066960780443
15.0,213.0,34.61410546001754
15.0,214.0,34.59615889007469
15.0,215.0,34.57688722878107
15.0,216.0,34.556380990803866
15.0,217.0,34.534767061436696
15.0,218.0,34.5122095682441
15.0,219.0,34.48890734998636
15.0,220.0,34.46508777386291
15.0,221.0,34.44099684805225
15.0,222.0,34.41688682425476
15.0,223.0,34.39300272874904
15.0,224.0,34.369569959161495
15.0,225.0,34.34678439490046
15.0,226.0,34.324806197027875
15.0,227.0,34.303757272861034
15.0,228.0,34.2837221184898
15.0,229.0,34.26475099877513
15.0,230.0,34.24686470233512
15.0,231.0,34.23005984746746
15.0,232.0,34.21431427023256
15.0,233.0,34.19959190047889
15.0,234.0,34.1858470621901
15.0,235.0,34.17302795181814
15.0,236.0,34.16107946596045
15.0,237.0,34.149945294062455
15.0,238.0,34.13956952166097
15.0,239.0,34.129897700172215
15.0,240.0,34.120877621072644
15.0,241.0,34.11245974109514
15.0,242.0,34.1045974630826
15.0,243.0,34.09724719955215
15.0,244.0,34.09036839013587
15.0,245.0,34.08392338478584
15.0,246.0,34.077877337469545
15.0,247.0,34.072198014193106
15.0,248.0,34.06685564073478
15.0,249.0,34.061822691687986
15.0,250.0,34.05707373208614
15.0,251.0,34.052585214816865
15.0,252.0,34.048335334393975
15.0,253.0,34.04430384416625
15.0,254.0,34.04047192891921
15.0,255.0,34.03682204502598
15.0,256.0,34.03333781275107
15.0,257.0,34.030003878503095
15.0,258.0,34.02680582505569
15.0,259.0,34.023730053366364
15.0,260.0,34.02076370791766
15.0,261.0,34.017894575034525
15.0,262.0,34.01511102034434
15.0,263.0,34.01240190054056
15.0,264.0,34.0097565101135
15.0,265.0,34.00716450374464
15.0,266.0,34.00461584973766
15.0,267.0,34.00210076051975
15.0,268.0,33.999609650486946
15.0,269.0,33.99713307235527
15.0,270.0,33.99466167737082
15.0,271.0,33.99218615545734
15.0,272.0,33.989697195905414
15.0,273.0,33.98718542938783
15.0,274.0,33.984641387324515
15.0,275.0,33.9820554438779
15.0,276.0,33.97941777218633
15.0,277.0,33.9767182844073
15.0,278.0,33.973946582923276
15.0,279.0,33.97109189637135
15.0,280.0,33.96814302375452
15.0,281.0,33.965088264188694
15.0,282.0,33.961915351608596
15.0,283.0,33.95861137569233
15.0,284.0,33.95516270455908
15.0,285.0,33.951554894034466
15.0,286.0,33.94777259545224
15.0,287.0,33.94379945018169
15.0,288.0,33.93961797948391
15.0,289.0,33.9352094612017
15.0,290.0,33.93055379881681
15.0,291.0,33.92562937772813
15.0,292.0,33.92041291165932
15.0,293.0,33.91487927763932
15.0,294.0,33.90900134055709
15.0,295.0,33.90274976993791
15.0,296.0,33.89609284924224
15.0,297.0,33.888996285797546
15.0,298.0,33.88142302300022
15.0,299.0,33.873333070680104
15.0,300.0,33.86468335994951
15.0,301.0,33.85542765011582
15.0,302.0,33.84551650383834
15.0,303.0,33.83489737566648
15.0,304.0,33.82351484703416
15.0,305.0,33.81131107758143
15.0,306.0,33.798226529746444
15.0,307.0,33.78420106569725
15.0,308.0,33.769175497084575
15.0,309.0,33.75309370575319
15.0,310.0,33.73590541383396
15.0,311.0,33.71756969077496
15.0,312.0,33.698059191793185
15.0,313.0,33.67736506308512
15.0,314.0,33.6555022634627
15.0,315.0,33.632514899716604
15.0,316.0,33.608480910332545
15.0,317.0,33.583515274921275
15.0,318.0,33.557770780339226
15.0,319.0,33.531435514408685
15.0,320.0,33.50472658392466
15.0,321.0,33.47788025354621
15.0,322.0,33.451139454848175
15.0,323.0,33.424740344775465
15.0,324.0,33.398899814180126
15.0,325.0,33.37380562624412
15.0,326.0,33.3496101329371
15.0,327.0,33.32642776778627
15.0,328.0,33.304335809397344
15.0,329.0,33.283377589426344
15.0,330.0,33.26356717261815
15.0,331.0,33.24489469016346
15.0,332.0,33.22733165653969
15.0,333.0,33.21083587211208
15.0,334.0,33.19535565562052
15.0,335.0,33.180833347927226
15.0,336.0,33.16720807490704
15.0,337.0,33.154417864112425
15.0,338.0,33.142401186004335
15.0,339.0,33.13109804596604
15.0,340.0,33.120450698950314
15.0,341.0,33.11040409488018
15.0,342.0,33.10090610215082
15.0,343.0,33.091907589086226
15.0,344.0,33.0833623859049
15.0,345.0,33.075227183201484
15.0,346.0,33.06746137172385
15.0,347.0,33.06002686273188
15.0,348.0,33.05288788302655
15.0,349.0,33.046010773032584
15.0,350.0,33.03936377655725
15.0,351.0,33.03291684355268
15.0,352.0,33.02664143244111
15.0,353.0,33.0205103285308
15.0,354.0,33.0144974651133
15.0,355.0,33.00857776016195
15.0,356.0,33.0027269565212
15.0,357.0,32.99692147543978
15.0,358.0,32.99113827341827
15.0,359.0,32.98535470932032
15.0,360.0,32.97954841430884
15.0,361.0,32.97369716860261
15.0,362.0,32.96777878056893
15.0,363.0,32.96177096902569
15.0,364.0,32.955651247510154
15.0,365.0,32.94939680803199
15.0,366.0,32.94298440655906
15.0,367.0,32.93639024412599
15.0,368.0,32.929589849537344
15.0,369.0,32.92255795363216
15.0,370.0,32.915268365029554
15.0,371.0,32.907693833086036
15.0,372.0,32.89980591215253
15.0,373.0,32.89157480829949
15.0,374.0,32.882969226983825
15.0,375.0,32.87395619792527
15.0,376.0,32.86450090026731
15.0,377.0,32.854566459039326
15.0,378.0,32.84411374081248
15.0,379.0,32.833101113957404
15.0,380.0,32.82148420643317
15.0,381.0,32.80921562055165
15.0,382.0,32.79624464291955
15.0,383.0,32.782516902702774
15.0,384.0,32.767974021968044
15.0,385.0,32.75255320467053
15.0,386.0,32.73618681397143
15.0,387.0,32.71880187773836
15.0,388.0,32.70031957841806
15.0,389.0,32.68065466055895
15.0,390.0,32.659714819651
15.0,391.0,32.6373999996713
15.0,392.0,32.61360167220571
15.0,393.0,32.58820202035484
15.0,394.0,32.561073112604085
15.0,395.0,32.53207598924627
15.0,396.0,32.50105976440392
15.0,397.0,32.46786067239796
15.0,398.0,32.43230118909144
15.0,399.0,32.39418917517977
15.0,400.0,32.35331721591869
15.0,401.0,32.30946214247642
15.0,402.0,32.26238497867469
15.0,403.0,32.21183136633814
15.0,404.0,32.15753281701504
15.0,405.0,32.09920894765747
15.0,406.0,32.03657118644089
15.0,407.0,31.969328233461567
15.0,408.0,31.897193898798015
15.0,409.0,31.819897679642093
15.0,410.0,31.7371987068407
15.0,411.0,31.648903251755243
15.0,412.0,31.554886021757305
15.0,413.0,31.45511465674479
15.0,414.0,31.34967644811888
15.0,415.0,31.238804985497715
15.0,416.0,31.122903694102273
15.0,417.0,31.002561851966156
15.0,418.0,30.878558547848975
15.0,419.0,30.751850120854634
15.0,420.0,30.623538886840038
15.0,421.0,30.494823805721644
15.0,422.0,30.366938172803213
15.0,423.0,30.241082386695005
15.0,424.0,30.118361648481013
15.0,425.0,29.999736633350622
15.0,426.0,29.88599224059966
15.0,427.0,29.777725042066916
15.0,428.0,29.675347279616165
15.0,429.0,29.57910289599735
15.0,430.0,29.489091128156137
15.0,431.0,29.40529317295169
15.0,432.0,29.327598978956477
15.0,433.0,29.25583176804038
15.0,434.0,29.18976942131219
15.0,435.0,29.12916201803079
15.0,436.0,29.07374589113873
15.0,437.0,29.023254244580126
15.0,438.0,28.977425120048128
15.0,439.0,28.936006907416125
15.0,440.0,28.898762200344294
15.0,441.0,28.865470092950513
15.0,442.0,28.83592760412632
15.0,443.0,28.809950177189886
15.0,444.0,28.78737182409224
15.0,445.0,28.768044736847237
15.0,446.0,28.751838852078148
15.0,447.0,28.738641103103284
15.0,448.0,28.728354796441728
15.0,449.0,28.72089878921526
15.0,450.0,28.71620688028068
15.0,451.0,28.71422705414143
15.0,452.0,28.714920982229973
15.0,453.0,28.718263395826803
15.0,454.0,28.72424173617283
15.0,455.0,28.732855678663658
15.0,456.0,28.744116942673937
15.0,457.0,28.75804897076486
15.0,458.0,28.774686897365925
15.0,459.0,28.794077379997308
15.0,460.0,28.81627872281922
15.0,461.0,28.841360856375186
15.0,462.0,28.869405613400517
15.0,463.0,28.90050685637232
15.0,464.0,28.934770906747488
15.0,465.0,28.97231682417875
15.0,466.0,29.01327699552494
15.0,467.0,29.05779757531269
15.0,468.0,29.106039247049303
15.0,469.0,29.15817784119996
15.0,470.0,29.214405288512005
15.0,471.0,29.274930439530095
15.0,472.0,29.339980237991526
15.0,473.0,29.409800774966513
15.0,474.0,29.484658720209616
15.0,475.0,29.564842654728174
15.0,476.0,29.650664809635916
15.0,477.0,29.742462733685507
15.0,478.0,29.84060140301559
15.0,479.0,29.945475295235468
15.0,480.0,30.057510949701026
15.0,481.0,30.177169537182184
15.0,482.0,30.30494996879631
15.0,483.0,30.44139206964038
15.0,484.0,30.587080354289398
15.0,485.0,30.74264793238395
15.0,486.0,30.908781087041792
15.0,487.0,31.086224056275253
15.0,488.0,31.275784561903066
15.0,489.0,31.478339614378694
15.0,490.0,31.69484213183887
15.0,491.0,31.92632789066708
15.0,492.0,32.173923323916505
15.0,493.0,32.43885365378636
15.0,494.0,32.72245182236745
15.0,495.0,33.02616763656719
15.0,496.0,33.351577483599634
15.0,497.0,33.70039389007018
15.0,498.0,34.07447507424092
15.0,499.0,34.47583349408287
15.0,500.0,34.90664316658321
15.0,501.0,35.36924428060334
15.0,502.0,35.86614424231735
15.0,503.0,36.40001288317634
15.0,504.0,36.97366997374051
15.0,505.0,37.590061601238396
15.0,506.0,38.25222220235068
15.0,507.0,38.96321739830618
15.0,508.0,39.72606309561568
15.0,509.0,40.54361510899229
15.0,510.0,41.418424779131676
15.0,511.0,42.35255652656667
15.0,512.0,43.347367087852845
15.0,513.0,44.403250378855496
15.0,514.0,45.519360376874154
15.0,515.0,46.69333362590076
15.0,516.0,47.92104526041521
15.0,517.0,49.196442064124874
15.0,518.0,50.51150217677814
15.0,519.0,51.85636536961001
15.0,520.0,53.21965922013812
15.0,521.0,54.58901183307499
15.0,522.0,55.951700844635354
15.0,523.0,57.29535231479959
15.0,524.0,58.60858971967078
15.0,525.0,59.88154666785738
15.0,526.0,61.10619303931082
15.0,527.0,62.276465251478754
15.0,528.0,63.38822590582617
15.0,529.0,64.4390968320486
15.0,530.0,65.42821502668838
15.0,531.0,66.35595513791257
15.0,532.0,67.2236522367777
15.0,533.0,68.03334665309637
15.0,534.0,68.78756307402791
15.0,535.0,69.48912806229579
15.0,536.0,70.1410255082943
15.0,537.0,70.7462862075558
15.0,538.0,71.30790676606345
15.0,539.0,71.82879237811461
15.0,540.0,72.31171863189468
15.0,541.0,72.75930781564371
15.0,542.0,73.17401617001548
15.0,543.0,73.55812900762365
15.0,544.0,73.91376145976187
15.0,545.0,74.24286298038298
15.0,546.0,74.54722432585604
15.0,547.0,74.8284859695663
15.0,548.0,75.08814726948775
15.0,549.0,75.32757586431721
15.0,550.0,75.54801695394109
15.0,551.0,75.75060224600243
15.0,552.0,75.9363583950372
15.0,553.0,76.10621489407642
15.0,554.0,76.26101131730526
15.0,555.0,76.40150397865484
15.0,556.0,76.5283719217438
15.0,557.0,76.64222237123452
15.0,558.0,76.74359554809537
15.0,559.0,76.83296902338084
15.0,560.0,76.91076148474222
15.0,561.0,76.9773361247256
15.0,562.0,77.03300348926733
15.0,563.0,77.07802402536167
15.0,564.0,77.11261012709323
15.0,565.0,77.13692794720042
15.0,566.0,77.15109873279084
15.0,567.0,77.15519998012891
15.0,568.0,77.14926612614522
15.0,569.0,77.1332890993881
15.0,570.0,77.10721840706698
15.0,571.0,77.07096110881412
15.0,572.0,77.024381312858
15.0,573.0,76.96729957309373
15.0,574.0,76.89949178175503
15.0,575.0,76.82068796373481
15.0,576.0,76.7305705261026
15.0,577.0,76.62877239585697
15.0,578.0,76.51487455801313
15.0,579.0,76.38840345325272
15.0,580.0,76.24882770545754
15.0,581.0,76.09555466365435
15.0,582.0,75.92792618675682
15.0,583.0,75.7452141802674
15.0,584.0,75.54661527185536
15.0,585.0,75.33124515980133
15.0,586.0,75.09813198172473
15.0,587.0,74.84620926468705
15.0,588.0,74.57430776974918
15.0,589.0,74.28114682584774
15.0,590.0,73.96532444322564
15.0,591.0,73.62530685037338
15.0,592.0,73.25941674541606
15.0,593.0,72.8658209865946
15.0,594.0,72.44251705916466
15.0,595.0,71.9873191851732
15.0,596.0,71.49784354479877
15.0,597.0,70.9714937300207
15.0,598.0,70.40544618221385
15.0,599.0,69.79663718573696
15.0,600.0,69.14175170873385
15.0,601.0,68.43721643816906
15.0,602.0,67.67919824282562
15.0,603.0,66.86361166702147
15.0,604.0,65.9861381833036
15.0,605.0,65.04226264751145
15.0,606.0,64.02733172628699
15.0,607.0,62.936641948928504
15.0,608.0,61.76556415843984
15.0,609.0,60.509713422451874
15.0,610.0,59.16517112532
15.0,611.0,57.72876574960312
15.0,612.0,56.19841245374261
15.0,613.0,54.57350568087843
15.0,614.0,52.85534541074827
15.0,615.0,51.04756416153896
15.0,616.0,49.156502230265495
15.0,617.0,47.19146460854667
15.0,618.0,45.16478283994385
15.0,619.0,43.09161467537023
15.0,620.0,40.989442108549994
15.0,621.0,38.877282649557856
15.0,622.0,36.77469067385691
15.0,623.0,34.700682273573115
15.0,624.0,32.6727365984056
15.0,625.0,30.706007125706225
15.0,626.0,28.81281967148207
15.0,627.0,27.002472038721663
15.0,628.0,25.281295833724283
15.0,629.0,23.652913370839535
15.0,630.0,22.11861285490496
15.0,631.0,20.677775367603783
15.0,632.0,19.328301043946865
15.0,633.0,18.06700166044619
15.0,634.0,16.889940119177734
15.0,635.0,15.792711202574663
15.0,636.0,14.770663552788069
15.0,637.0,13.81906954875968
15.0,638.0,12.933249624268138
15.0,639.0,12.108660277397227
15.0,640.0,11.34095234337445
15.0,641.0,10.626007397046656
15.0,642.0,9.959956827534286
15.0,643.0,9.339189267154588
15.0,644.0,8.76034885095991
15.0,645.0,8.22032817237468
15.0,646.0,7.716256892649939
15.0,647.0,7.245488637575427
15.0,648.0,6.805586172872646
15.0,649.0,6.394306740072697
15.0,650.0,6.009586981226027
15.0,651.0,5.649528905851076
15.0,652.0,5.312386022461043
15.0,653.0,4.99655085622515
15.0,654.0,4.7005428210215925
15.0,655.0,4.42299754758765
15.0,656.0,4.162656567312604
15.0,657.0,3.9183583941079556
15.0,658.0,3.6890298812894153
15.0,659.0,3.473678867644879
15.0,660.0,3.271386990976989
15.0,661.0,3.081303669709908
15.0,662.0,2.902640144124941
15.0,663.0,2.7346645701950965
15.0,664.0,2.5766970764459316
15.0,665.0,2.428105770694199
15.0,666.0,2.2883026283400505
15.0,667.0,2.1567402422849464
15.0,668.0,2.0329083882606995
15.0,669.0,1.9163313772552135
15.0,670.0,1.8065651711379238
15.0,671.0,1.7031952228513445
15.0,672.0,1.6058340395788984
15.0,673.0,1.5141194179807063
15.0,674.0,1.4277123721899116
15.0,675.0,1.3462956895430502
15.0,676.0,1.269572157064713
15.0,677.0,1.1972633778806294
15.0,678.0,1.129108243047285
15.0,679.0,1.0648619606624732
15.0,680.0,1.0042947304449223
15.0,681.0,0.9471909469883216
15.0,682.0,0.8933480428876288
15.0,683.0,0.8425758350786504
15.0,684.0,0.7946955089680813
15.0,685.0,0.7495390827513245
15.0,686.0,0.7069485102867246
15.0,687.0,0.6667752430094832
15.0,688.0,0.6288794334848727
15.0,689.0,0.5931295782937324
15.0,690.0,0.5594018075351248
15.0,691.0,0.5275795950542863
15.0,692.0,0.49755312182486006
15.0,693.0,0.46921904228547073
15.0,694.0,0.44247991165919826
15.0,695.0,0.4172439990875844
15.0,696.0,0.39342477065328363
15.0,697.0,0.37094074155014045
15.0,698.0,0.3497150079523265
15.0,699.0,0.3296751317142756
15.0,700.0,0.3107527153452083
15.0,701.0,0.2928833137542603
15.0,702.0,0.27600604749716556
15.0,703.0,0.2600635369176531
15.0,704.0,0.24500154957551015
15.0,705.0,0.23076895282268045
15.0,706.0,0.21731739193211796
15.0,707.0,0.20460125771535365
15.0,708.0,0.19257739237551014
15.0,709.0,0.18120506924549004
15.0,710.0,0.17044572380674247
15.0,711.0,0.16026294302184757
15.0,712.0,0.1506222193092712
15.0,713.0,0.1414909472753542
15.0,714.0,0.13283819872715166
15.0,715.0,0.12463472488807796
15.0,716.0,0.11685275077615664
15.0,717.0,0.10946598122389048
15.0,718.0,0.10244941315593682
15.0,719.0,0.09577934393440585
15.0,720.0,0.08943320024458572
15.0,721.0,0.0833895474576254
15.0,722.0,0.07762793398064582
15.0,723.0,0.07212890047430365
15.0,724.0,0.06687383864860424
15.0,725.0,0.06184499929693447
15.0,726.0,0.05702536462449987
15.0,727.0,0.05239865416610383
15.0,728.0,0.04794920982307415
15.0,729.0,0.043661998821823
15.0,730.0,0.03952251070959522
15.0,731.0,0.03551675658666902
15.0,732.0,0.031631177373013145
15.0,733.0,0.027852638610502602
15.0,734.0,0.02416834936302773
15.0,735.0,0.02056585193760729
15.0,736.0,0.017032950820772694
15.0,737.0,0.013557696710002157
15.0,738.0,0.01012832492018632
15.0,739.0,0.006733233150197438
15.0,740.0,0.0033609288155943876
15.0,741.0,0.0
16.0,0.0,0.0
16.0,1.0,0.0015697191716710131
16.0,2.0,0.0031447513640406187
16.0,3.0,0.004730428442330206
16.0,4.0,0.0063321162449370355
16.0,5.0,0.007955237387778029
16.0,6.0,0.009605282922614582
16.0,7.0,0.011287839347112454
16.0,8.0,0.013008597043531437
16.0,9.0,0.014773381745912598
16.0,10.0,0.01658816001863263
16.0,11.0,0.018459075441323667
16.0,12.0,0.020392451399416454
16.0,13.0,0.022394832260446654
16.0,14.0,0.024472983765389106
16.0,15.0,0.02663393948716273
16.0,16.0,0.02888499913260749
16.0,17.0,0.03123378059560971
16.0,18.0,0.03368821650540382
16.0,19.0,0.036256612213241904
16.0,20.0,0.03894764095383024
16.0,21.0,0.04177040813641918
16.0,22.0,0.04473444552325121
16.0,23.0,0.04784978223404471
16.0,24.0,0.05112693838912731
16.0,25.0,0.05457700328139083
16.0,26.0,0.058211628983283595
16.0,27.0,0.062043116193486195
16.0,28.0,0.06608440836733269
16.0,29.0,0.0703491858080081
16.0,30.0,0.07485186095072825
16.0,31.0,0.07960768134180495
16.0,32.0,0.08463272678984475
16.0,33.0,0.08994402196256243
16.0,34.0,0.09555953621559093
16.0,35.0,0.10149830663892052
16.0,36.0,0.10778044148840783
16.0,37.0,0.11442725463425012
16.0,38.0,0.12146127365537397
16.0,39.0,0.12890638678524782
16.0,40.0,0.13678785688930414
16.0,41.0,0.14513248217343322
16.0,42.0,0.1539686174548026
16.0,43.0,0.16332635010156005
16.0,44.0,0.17323753023458355
16.0,45.0,0.18373596361078925
16.0,46.0,0.19485745266593085
16.0,47.0,0.20664000834795823
16.0,48.0,0.21912390423965147
16.0,49.0,0.23235190970468894
16.0,50.0,0.24636935972711618
16.0,51.0,0.2612244121663062
16.0,52.0,0.2769681364350417
16.0,53.0,0.2936547981895331
16.0,54.0,0.3113419705607534
16.0,55.0,0.3300908502563113
16.0,56.0,0.34996639578779587
16.0,57.0,0.37103767976312096
16.0,58.0,0.39337805945026244
16.0,59.0,0.4170655710301152
16.0,60.0,0.44218313894715855
16.0,61.0,0.46881901912202006
16.0,62.0,0.497067054915993
16.0,63.0,0.5270271778292309
16.0,64.0,0.5588057196151271
16.0,65.0,0.5925159808879895
16.0,66.0,0.628278611046244
16.0,67.0,0.6662222575716513
16.0,68.0,0.7064840280542415
16.0,69.0,0.7492102358887422
16.0,70.0,0.7945569619516634
16.0,71.0,0.842690916008621
16.0,72.0,0.8937901195986524
16.0,73.0,0.9480449068838516
16.0,74.0,1.0056587551702898
16.0,75.0,1.0668494542720046
16.0,76.0,1.131850116936341
16.0,77.0,1.2009105521205075
16.0,78.0,1.2742984944040714
16.0,79.0,1.3523012238247876
16.0,80.0,1.4352270609788698
16.0,81.0,1.523407283902794
16.0,82.0,1.6171979434310848
16.0,83.0,1.7169821351842238
16.0,84.0,1.8231721965951728
16.0,85.0,1.9362123975183618
16.0,86.0,2.056581583522623
16.0,87.0,2.184796348302715
16.0,88.0,2.32141418230458
16.0,89.0,2.4670371770839514
16.0,90.0,2.622315714717912
16.0,91.0,2.787952715940189
16.0,92.0,2.9647078473379813
16.0,93.0,3.153402239323092
16.0,94.0,3.3549230657077436
16.0,95.0,3.5702284864798264
16.0,96.0,3.800352219239996
16.0,97.0,4.046408143325173
16.0,98.0,4.309594057091655
16.0,99.0,4.5911948187587495
16.0,100.0,4.8925837534722225
16.0,101.0,5.215222270645086
16.0,102.0,5.560656206414531
16.0,103.0,5.930508404186972
16.0,104.0,6.3264655335184035
16.0,105.0,6.7502580993438235
16.0,106.0,7.203631052119123
16.0,107.0,7.688303424668093
16.0,108.0,8.205914047434844
16.0,109.0,8.75795178215407
16.0,110.0,9.34566796318551
16.0,111.0,9.969971107869723
16.0,112.0,10.631304571080648
16.0,113.0,11.32951193733617
16.0,114.0,12.063697482853986
16.0,115.0,12.832094875460113
16.0,116.0,13.63196060030613
16.0,117.0,14.459513326302224
16.0,118.0,15.309939716014991
16.0,119.0,16.17748440512166
16.0,120.0,17.0556307990076
16.0,121.0,17.93736579479121
16.0,122.0,18.815503497603245
16.0,123.0,19.683030775148573
16.0,124.0,20.53343097390172
16.0,125.0,21.360948640892175
16.0,126.0,22.16077032004872
16.0,127.0,22.929114531172036
16.0,128.0,23.663237579404
16.0,129.0,24.361372920932226
16.0,130.0,25.02262458809348
16.0,131.0,25.64683588829944
16.0,132.0,26.23444986527905
16.0,133.0,26.78637468994187
16.0,134.0,27.30386131389868
16.0,135.0,27.788398178292166
16.0,136.0,28.241623653857193
16.0,137.0,28.66525627277126
16.0,138.0,29.061040442361275
16.0,139.0,29.430706079815106
16.0,140.0,29.775939220471084
16.0,141.0,30.098362024570566
16.0,142.0,30.39951959393715
16.0,143.0,30.680872549671992
16.0,144.0,30.94379337201093
16.0,145.0,31.189566014404576
16.0,146.0,31.419387307524207
16.0,147.0,31.634370096387542
16.0,148.0,31.83554699405681
16.0,149.0,32.02387498153124
16.0,150.0,32.200239974989195
16.0,151.0,32.36546176375131
16.0,152.0,32.520298584953935
16.0,153.0,32.66545183604436
16.0,154.0,32.80157027625224
16.0,155.0,32.92925426848445
16.0,156.0,33.049059462050465
16.0,157.0,33.16150048989285
16.0,158.0,33.2670541094011
16.0,159.0,33.36616236665643
16.0,160.0,33.45923523059045
16.0,161.0,33.54665327420356
16.0,162.0,33.628769860896135
16.0,163.0,33.70591340561366
16.0,164.0,33.778389177659875
16.0,165.0,33.84648120500168
16.0,166.0,33.910453754625266
16.0,167.0,33.97055293771222
16.0,168.0,34.027007921681765
16.0,169.0,34.080032286293246
16.0,170.0,34.1298250135537
16.0,171.0,34.17657163685983
16.0,172.0,34.22044504721655
16.0,173.0,34.26160647015715
16.0,174.0,34.300206119762976
16.0,175.0,34.336384031622735
16.0,176.0,34.370270590136506
16.0,177.0,34.40198724025422
16.0,178.0,34.431646908476985
16.0,179.0,34.45935461149068
16.0,180.0,34.48520778705342
16.0,181.0,34.509296813809016
16.0,182.0,34.53170526476537
16.0,183.0,34.552510349433135
16.0,184.0,34.57178309976894
16.0,185.0,34.58958874327095
16.0,186.0,34.605986829044866
16.0,187.0,34.62103153860056
16.0,188.0,34.63477175814595
16.0,189.0,34.64725133267484
16.0,190.0,34.658509089890124
16.0,191.0,34.66857904303921
16.0,192.0,34.67749037242576
16.0,193.0,34.68526758390866
16.0,194.0,34.691930456559014
16.0,195.0,34.69749416782527
16.0,196.0,34.70196922187959
16.0,197.0,34.70536156089886
16.0,198.0,34.707672500206435
16.0,199.0,34.70889886062239
16.0,200.0,34.70903295687782
16.0,201.0,34.70806281228552
16.0,202.0,34.70597228016921
16.0,203.0,34.70274144326581
16.0,204.0,34.69834699742582
16.0,205.0,34.69276299561281
16.0,206.0,34.6859616864614
16.0,207.0,34.677914827253424
16.0,208.0,34.668595226860596
16.0,209.0,34.65797888700788
16.0,210.0,34.64604749015929
16.0,211.0,34.632791545046025
16.0,212.0,34.618213863714246
16.0,213.0,34.602333535002245
16.0,214.0,34.58518988891131
16.0,215.0,34.56684636670877
16.0,216.0,34.547393540325196
16.0,217.0,34.52695095529335
16.0,218.0,34.50566693664829
16.0,219.0,34.48371612117235
16.0,220.0,34.46129426170106
16.0,221.0,34.43861075983717
16.0,222.0,34.41587938533295
16.0,223.0,34.393308492929215
16.0,224.0,34.371091740639486
16.0,225.0,34.349400610177184
16.0,226.0,34.328379207909045
16.0,227.0,34.308141772417805
16.0,228.0,34.28877247462001
16.0,229.0,34.27032722340754
16.0,230.0,34.252836676535686
16.0,231.0,34.236310060477685
16.0,232.0,34.22073912313472
16.0,233.0,34.206102043652805
16.0,234.0,34.19236689409517
16.0,235.0,34.17949470730183
16.0,236.0,34.16744194497144
16.0,237.0,34.15616254650022
16.0,238.0,34.14560944680969
16.0,239.0,34.13573578122388
16.0,240.0,34.12649569252839
16.0,241.0,34.11784495008194
16.0,242.0,34.10974129434182
16.0,243.0,34.10214469324763
16.0,244.0,34.09501741525298
16.0,245.0,34.08832408123825
16.0,246.0,34.08203159346001
16.0,247.0,34.076109083477746
16.0,248.0,34.07052777456443
16.0,249.0,34.065260884593506
16.0,250.0,34.060283465764144
16.0,251.0,34.05557229464006
16.0,252.0,34.05110571216038
16.0,253.0,34.04686351696299
16.0,254.0,34.04282681646869
16.0,255.0,34.03897793049665
16.0,256.0,34.035300257462964
16.0,257.0,34.03177819037647
16.0,258.0,34.02839699866292
16.0,259.0,34.02514275614309
16.0,260.0,34.022002237285676
16.0,261.0,34.018962855633184
16.0,262.0,34.01601257256738
16.0,263.0,34.01313984422594
16.0,264.0,34.01033354065301
16.0,265.0,34.007582899180136
16.0,266.0,34.00487745186068
16.0,267.0,34.00220698337204
16.0,268.0,33.99956146474914
16.0,269.0,33.99693101399325
16.0,270.0,33.994305834248266
16.0,271.0,33.99167617541788
16.0,272.0,33.989032275029295
16.0,273.0,33.986364319236934
16.0,274.0,33.98366238467125
16.0,275.0,33.980916397231795
16.0,276.0,33.97811607321668
16.0,277.0,33.97525087427594
16.0,278.0,33.972309946059966
16.0,279.0,33.9692820676199
16.0,280.0,33.9661555857086
16.0,281.0,33.96291835679066
16.0,282.0,33.959557674996134
16.0,283.0,33.95606020476693
16.0,284.0,33.952411900342135
16.0,285.0,33.948597926976134
16.0,286.0,33.944602569802626
16.0,287.0,33.94040914162071
16.0,288.0,33.93599987919073
16.0,289.0,33.93135583599788
16.0,290.0,33.926456764745474
16.0,291.0,33.92128099463313
16.0,292.0,33.9158053005139
16.0,293.0,33.91000476670011
16.0,294.0,33.90385264677257
16.0,295.0,33.89732022083599
16.0,296.0,33.89037665670547
16.0,297.0,33.88298887664714
16.0,298.0,33.87512144283978
16.0,299.0,33.86673646568256
16.0,300.0,33.85779355730038
16.0,301.0,33.8482498402419
16.0,302.0,33.83806004647295
16.0,303.0,33.827176726811715
16.0,304.0,33.81555062270781
16.0,305.0,33.8031312345161
16.0,306.0,33.789867656969946
16.0,307.0,33.77570972915826
16.0,308.0,33.76060958177618
16.0,309.0,33.744523626807855
16.0,310.0,33.72741505586565
16.0,311.0,33.70925684442104
16.0,312.0,33.69003524436869
16.0,313.0,33.669753625499744
16.0,314.0,33.648436459508716
16.0,315.0,33.62613306651823
16.0,316.0,33.60292065740632
16.0,317.0,33.578906060828245
16.0,318.0,33.55422555461519
16.0,319.0,33.52904228908594
16.0,320.0,33.5035411187792
16.0,321.0,33.47792103261489
16.0,322.0,33.45238590206188
16.0,323.0,33.42713460126419
16.0,324.0,33.402351754961714
16.0,325.0,33.37820016755686
16.0,326.0,33.35481565409909
16.0,327.0,33.3323044613962
16.0,328.0,33.310743098143845
16.0,329.0,33.29018005861881
16.0,330.0,33.27063886318111
16.0,331.0,33.25212180030738
16.0,332.0,33.234613908167134
16.0,333.0,33.21808681039439
16.0,334.0,33.20250220555036
16.0,335.0,33.18781486438066
16.0,336.0,33.17397512429952
16.0,337.0,33.16093087074941
16.0,338.0,33.14862907974099
16.0,339.0,33.137016958061906
16.0,340.0,33.12604277305978
16.0,341.0,33.115656409586244
16.0,342.0,33.10580973495753
16.0,343.0,33.09645679535766
16.0,344.0,33.08755390670743
16.0,345.0,33.07905964845911
16.0,346.0,33.07093480746015
16.0,347.0,33.063142269282324
16.0,348.0,33.055646892273955
16.0,349.0,33.048415355001524
16.0,350.0,33.041416003960734
16.0,351.0,33.03461868891769
16.0,352.0,33.02799460682106
16.0,353.0,33.02151614072306
16.0,354.0,33.01515671019316
16.0,355.0,33.008890620310794
16.0,356.0,33.00269292205956
16.0,357.0,32.99653927288342
16.0,358.0,32.990405806914836
16.0,359.0,32.98426900599677
16.0,360.0,32.97810557776989
16.0,361.0,32.971892334795164
16.0,362.0,32.96560607765436
16.0,363.0,32.959223479220746
16.0,364.0,32.95272096952563
16.0,365.0,32.94607462194702
16.0,366.0,32.939260036383686
16.0,367.0,32.9322522239543
16.0,368.0,32.92502548484074
16.0,369.0,32.9175532878925
16.0,370.0,32.909808139262346
16.0,371.0,32.90176145302302
16.0,372.0,32.89338340636582
16.0,373.0,32.884642796917085
16.0,374.0,32.87550687977077
16.0,375.0,32.86594120661444
16.0,376.0,32.855909439202854
16.0,377.0,32.84537316465677
16.0,378.0,32.8342916791535
16.0,379.0,32.822621772857694
16.0,380.0,32.81031747663544
16.0,381.0,32.797329809064806
16.0,382.0,32.783606477953484
16.0,383.0,32.769091580884655
16.0,384.0,32.75372525242184
16.0,385.0,32.737443308940435
16.0,386.0,32.72017683201517
16.0,387.0,32.70185174839674
16.0,388.0,32.68238834092415
16.0,389.0,32.66170075641971
16.0,390.0,32.63969643888951
16.0,391.0,32.61627556362769
16.0,392.0,32.591330395860474
16.0,393.0,32.564744661641555
16.0,394.0,32.536392852618626
16.0,395.0,32.5061395687768
16.0,396.0,32.473838823627666
16.0,397.0,32.43933343937735
16.0,398.0,32.40245446765496
16.0,399.0,32.36302079787797
16.0,400.0,32.32083891296024
16.0,401.0,32.275703005331096
16.0,402.0,32.22739545542482
16.0,403.0,32.17568795741823
16.0,404.0,32.12034335756062
16.0,405.0,32.06111858046823
16.0,406.0,31.997768782412933
16.0,407.0,31.93005319283301
16.0,408.0,31.857742823587905
16.0,409.0,31.780630516050028
16.0,410.0,31.698543403494583
16.0,411.0,31.611358038361026
16.0,412.0,31.51901782410597
16.0,413.0,31.42155233651404
16.0,414.0,31.319097211792457
16.0,415.0,31.211913001425003
16.0,416.0,31.100400351638775
16.0,417.0,30.98510876952622
16.0,418.0,30.866735748445116
16.0,419.0,30.74611402492936
16.0,420.0,30.624185707214764
16.0,421.0,30.501964576363786
16.0,422.0,30.380489799397083
16.0,423.0,30.260776690917584
16.0,424.0,30.143770428511257
16.0,425.0,30.03030837055313
16.0,426.0,29.92109419162836
16.0,427.0,29.81668517295996
16.0,428.0,29.71749133959457
16.0,429.0,29.62378427718963
16.0,430.0,29.535712328603736
16.0,431.0,29.45331951704233
16.0,432.0,29.376565457253403
16.0,433.0,29.305344763413082
16.0,434.0,29.23950451090374
16.0,435.0,29.178859469284255
16.0,436.0,29.123204602502067
16.0,437.0,29.072325241896067
16.0,438.0,29.02600484249522
16.0,439.0,28.984030971956866
16.0,440.0,28.94619952173025
16.0,441.0,28.912317803891728
16.0,442.0,28.882206460115608
16.0,443.0,28.85570078299183
16.0,444.0,28.832651280235087
16.0,445.0,28.812924013637268
16.0,446.0,28.796400458329725
16.0,447.0,28.78297736420952
16.0,448.0,28.772566301337513
16.0,449.0,28.765093341621455
16.0,450.0,28.760498513698302
16.0,451.0,28.75873546964026
16.0,452.0,28.759770969102455
16.0,453.0,28.763584616433263
16.0,454.0,28.770168433968646
16.0,455.0,28.779526710400617
16.0,456.0,28.7916756905985
16.0,457.0,28.8066435528335
16.0,458.0,28.824470226358546
16.0,459.0,28.845207504301182
16.0,460.0,28.868918993536
16.0,461.0,28.89568036640442
16.0,462.0,28.92557944608887
16.0,463.0,28.95871660071751
16.0,464.0,28.995204969200916
16.0,465.0,29.035171004044976
16.0,466.0,29.07875484622277
16.0,467.0,29.126111027294183
16.0,468.0,29.177409006778188
16.0,469.0,29.232834049595738
16.0,470.0,29.292587945372546
16.0,471.0,29.35689008369415
16.0,472.0,29.425978381808044
16.0,473.0,29.500110587770074
16.0,474.0,29.579565451229886
16.0,475.0,29.66464429337721
16.0,476.0,29.755672465001783
16.0,477.0,29.85300123230029
16.0,478.0,29.957009577221353
16.0,479.0,30.068106459583817
16.0,480.0,30.186733026604703
16.0,481.0,30.313365323931915
16.0,482.0,30.44851699340559
16.0,483.0,30.59274251726622
16.0,484.0,30.746640493735374
16.0,485.0,30.910857507088743
16.0,486.0,31.08609207567305
16.0,487.0,31.27309924029558
16.0,488.0,31.47269527131142
16.0,489.0,31.68576304861531
16.0,490.0,31.91325757953961
16.0,491.0,32.1562121869687
16.0,492.0,32.41574480308758
16.0,493.0,32.69306485483292
16.0,494.0,32.989480116787206
16.0,495.0,33.30640392908392
16.0,496.0,33.645362043521565
16.0,497.0,34.0079993360251
16.0,498.0,34.39608544795227
16.0,499.0,34.81151932152436
16.0,500.0,35.256331353698336
16.0,501.0,35.73268269298975
16.0,502.0,36.242859872667474
16.0,503.0,36.789263648567065
16.0,504.0,37.37438948643101
16.0,505.0,38.00079771735555
16.0,506.0,38.671069946619994
16.0,507.0,39.38774893596844
16.0,508.0,40.15325802836848
16.0,509.0,40.969797339294765
16.0,510.0,41.83921374813779
16.0,511.0,42.762844305040126
16.0,512.0,43.74133454080845
16.0,513.0,44.77443830755956
16.0,514.0,45.8608105467164
16.0,515.0,46.99781203569995
16.0,516.0,48.181351131182
16.0,517.0,49.4057934968531
16.0,518.0,50.66397081752502
16.0,519.0,51.947314284774116
16.0,520.0,53.24612329067191
16.0,521.0,54.54995851999414
16.0,522.0,55.84812298038939
16.0,523.0,57.130175176661986
16.0,524.0,58.386410138576906
16.0,525.0,59.608252487636406
16.0,526.0,60.78852512359792
16.0,527.0,61.92158265902742
16.0,528.0,63.00332012097362
16.0,529.0,64.03108260153189
16.0,530.0,65.00350698283397
16.0,531.0,65.92032657972284
16.0,532.0,66.78216388276473
16.0,533.0,67.59033026710749
16.0,534.0,68.34664426951352
16.0,535.0,69.05327483439771
16.0,536.0,69.71261126297283
16.0,537.0,70.32715921316928
16.0,538.0,70.8994600709061
16.0,539.0,71.43203060853298
16.0,540.0,71.92731932670958
16.0,541.0,72.38767635121926
16.0,542.0,72.81533383720297
16.0,543.0,73.21239451075492
16.0,544.0,73.5808261996307
16.0,545.0,73.92246079292053
16.0,546.0,74.23899626920858
16.0,547.0,74.53200084991516
16.0,548.0,74.80291848707903
16.0,549.0,75.05307514399577
16.0,550.0,75.28368545452797
16.0,551.0,75.49585945370478
16.0,552.0,75.6906092039985
16.0,553.0,75.86885513108328
16.0,554.0,76.03143204332378
16.0,555.0,76.17909469949457
16.0,556.0,76.31252299536536
16.0,557.0,76.4323266425451
16.0,558.0,76.5390494758508
16.0,559.0,76.63317324760773
16.0,560.0,76.7151210937938
16.0,561.0,76.78526050224603
16.0,562.0,76.84390600750211
16.0,563.0,76.89132140724612
16.0,564.0,76.92772176007574
16.0,565.0,76.95327492068132
16.0,566.0,76.96810290517548
16.0,567.0,76.97228280200856
16.0,568.0,76.96584755330727
16.0,569.0,76.94878628059872
16.0,570.0,76.92104451146263
16.0,571.0,76.8825239392449
16.0,572.0,76.83308210385142
16.0,573.0,76.77253158376854
16.0,574.0,76.70063911855495
16.0,575.0,76.61712420988451
16.0,576.0,76.52165765126836
16.0,577.0,76.41385949244392
16.0,578.0,76.29329691903567
16.0,579.0,76.15948151148662
16.0,580.0,76.01186639399864
16.0,581.0,75.84984269592539
16.0,582.0,75.6727358665018
16.0,583.0,75.47980122496647
16.0,584.0,75.27021931803348
16.0,585.0,75.04309042904406
16.0,586.0,74.79742884469074
16.0,587.0,74.53215619144366
16.0,588.0,74.24609448813695
16.0,589.0,73.93795820544817
16.0,590.0,73.60634603287647
16.0,591.0,73.24973164280746
16.0,592.0,72.8664542323691
16.0,593.0,72.45470816819066
16.0,594.0,72.0125326420666
16.0,595.0,71.53780076239441
16.0,596.0,71.02820919888619
16.0,597.0,70.48126801353268
16.0,598.0,69.8942921412817
16.0,599.0,69.26439453526895
16.0,600.0,68.58848299834295
16.0,601.0,67.86326135516379
16.0,602.0,67.08523784216125
16.0,603.0,66.2507423398776
16.0,604.0,65.35595651606968
16.0,605.0,64.39695977118315
16.0,606.0,63.36979641733595
16.0,607.0,62.27056817012863
16.0,608.0,61.09555821959091
16.0,609.0,59.841390912036964
16.0,610.0,58.505231866772775
16.0,611.0,57.0850288385224
16.0,612.0,55.57979133935787
16.0,613.0,53.989898500107785
16.0,614.0,52.31741798327853
16.0,615.0,50.56640627087843
16.0,616.0,48.743152226782016
16.0,617.0,46.856315849258436
16.0,618.0,44.916914951108346
16.0,619.0,42.93811964300757
16.0,620.0,40.9348390407556
16.0,621.0,38.92311632702589
16.0,622.0,36.919388782462036
16.0,623.0,34.939698078089805
16.0,624.0,32.99895030460442
16.0,625.0,31.11031101682436
16.0,626.0,29.284791935428164
16.0,627.0,27.531045395550567
16.0,628.0,25.855351017448132
16.0,629.0,24.261754406516186
16.0,630.0,22.752310701788033
16.0,631.0,21.327384793005052
16.0,632.0,19.985970214657605
16.0,633.0,18.725996917740556
16.0,634.0,17.54461086696514
16.0,635.0,16.438414793782407
16.0,636.0,15.403668281491875
16.0,637.0,14.436447316877656
16.0,638.0,13.532768321386786
16.0,639.0,12.68868049059321
16.0,640.0,11.900332923677313
16.0,641.0,11.16402039283445
16.0,642.0,10.476213425253254
16.0,643.0,9.833575333755212
16.0,644.0,9.232970531755118
16.0,645.0,8.671465475717676
16.0,646.0,8.146325405123113
16.0,647.0,7.655007227360092
16.0,648.0,7.195150887081603
16.0,649.0,6.764568902833329
16.0,650.0,6.361235876862527
16.0,651.0,5.983277254263062
16.0,652.0,5.628958815598479
16.0,653.0,5.296675946651524
16.0,654.0,4.984943983643861
16.0,655.0,4.692388553838723
16.0,656.0,4.417737105730877
16.0,657.0,4.159810489674868
16.0,658.0,3.9175157256255777
16.0,659.0,3.6898387969074977
16.0,660.0,3.47583857446627
16.0,661.0,3.274640709308043
16.0,662.0,3.0854325782448853
16.0,663.0,2.907458130726119
16.0,664.0,2.740013708410162
16.0,665.0,2.5824437013395816
16.0,666.0,2.4341371009498465
16.0,667.0,2.294523833000901
16.0,668.0,2.163071919266434
16.0,669.0,2.0392843719388205
16.0,670.0,1.9226968572252738
16.0,671.0,1.8128750538568619
16.0,672.0,1.709412729227075
16.0,673.0,1.6119294811979017
16.0,674.0,1.5200691529907508
16.0,675.0,1.4334978919370753
16.0,676.0,1.3519028426745594
16.0,677.0,1.2749904686919484
16.0,678.0,1.2024854745231064
16.0,679.0,1.1341293460286939
16.0,680.0,1.0696794614330738
16.0,681.0,1.0089078145279657
16.0,682.0,0.9516002818421512
16.0,683.0,0.8975554996305832
16.0,684.0,0.8465842604868659
16.0,685.0,0.798508520367526
16.0,686.0,0.7531609028095634
16.0,687.0,0.710383816573941
16.0,688.0,0.6700290495370979
16.0,689.0,0.6319569810237827
16.0,690.0,0.5960362505877994
16.0,691.0,0.5621430519103578
16.0,692.0,0.5301608642233621
16.0,693.0,0.4999798169122581
16.0,694.0,0.4714964733876221
16.0,695.0,0.44461325736103474
16.0,696.0,0.4192382806358712
16.0,697.0,0.3952848235088362
16.0,698.0,0.3726711993069823
16.0,699.0,0.3513202825759712
16.0,700.0,0.33115940429954804
16.0,701.0,0.3121199225236511
16.0,702.0,0.29413714310600475
16.0,703.0,0.27714992823664164
16.0,704.0,0.261100638317834
16.0,705.0,0.24593477451102458
16.0,706.0,0.23160093797176606
16.0,707.0,0.21805050310786533
16.0,708.0,0.2052375909147062
16.0,709.0,0.19311877009130501
16.0,710.0,0.18165304165766824
16.0,711.0,0.17080156546166073
16.0,712.0,0.16052765362725985
16.0,713.0,0.15079652030935323
16.0,714.0,0.14157528183213297
16.0,715.0,0.13283272782209993
16.0,716.0,0.1245393261591733
16.0,717.0,0.1166670138490324
16.0,718.0,0.10918920513364215
16.0,719.0,0.10208060065962513
16.0,720.0,0.09531719728613462
16.0,721.0,0.08887611427186763
16.0,722.0,0.08273560348164818
16.0,723.0,0.07687489145552628
16.0,724.0,0.07127418885519089
16.0,725.0,0.06591454739803967
16.0,726.0,0.06077786750397398
16.0,727.0,0.05584676917836063
16.0,728.0,0.05110459692159921
16.0,729.0,0.04653530372995383
16.0,730.0,0.042123452416746136
16.0,731.0,0.03785411197107999
16.0,732.0,0.03371285451240963
16.0,733.0,0.029685663305797423
16.0,734.0,0.02575892463240299
16.0,735.0,0.02191934680737637
16.0,736.0,0.018153946298689123
16.0,737.0,0.014449977131078682
16.0,738.0,0.01079491062553434
16.0,739.0,0.0071763746006514055
16.0,740.0,0.003582126135719965
16.0,741.0,0.0
17.0,0.0,0.0
17.0,1.0,0.0016651492218786974
17.0,2.0,0.003335934571241674
17.0,3.0,0.005018010154124078
17.0,4.0,0.006717070104718976
17.0,5.0,0.00843886275141732
17.0,6.0,0.01018921699619242
17.0,7.0,0.011974052930209242
17.0,8.0,0.013799412805599268
17.0,9.0,0.015671468370026885
17.0,10.0,0.017596556701147015
17.0,11.0,0.019581184540726045
17.0,12.0,0.021632069273683382
17.0,13.0,0.023756140557677472
17.0,14.0,0.025960586744387084
17.0,15.0,0.028252854120168015
17.0,16.0,0.030640699087428808
17.0,17.0,0.03313218535640599
17.0,18.0,0.035735742229522936
17.0,19.0,0.03846016011398339
17.0,20.0,0.04131465528236859
17.0,21.0,0.044308864111186855
17.0,22.0,0.04745291472728358
17.0,23.0,0.050757420419418844
17.0,24.0,0.0542335586231058
17.0,25.0,0.05789306400158807
17.0,26.0,0.061748315272428675
17.0,27.0,0.06581232851198754
17.0,28.0,0.07009885238661409
17.0,29.0,0.07462236230217928
17.0,30.0,0.07939816467250242
17.0,31.0,0.08444239261425836
17.0,32.0,0.08977211996703555
17.0,33.0,0.09540535932596292
17.0,34.0,0.1013611866236955
17.0,35.0,0.10765974240077536
17.0,36.0,0.11432236787251725
17.0,37.0,0.12137161046337665
17.0,38.0,0.12883137241442671
17.0,39.0,0.13672692175649598
17.0,40.0,0.14508505467073424
17.0,41.0,0.15393411325051568
17.0,42.0,0.16330416301351675
17.0,43.0,0.1732270190099673
17.0,44.0,0.18373644010596898
17.0,45.0,0.19486816524261238
17.0,46.0,0.2066601263747639
17.0,47.0,0.21915249698057834
17.0,48.0,0.23238792585743742
17.0,49.0,0.24641160033538556
17.0,50.0,0.26127150351451306
17.0,51.0,0.2770184950624587
17.0,52.0,0.2937065949405432
17.0,53.0,0.31139308518173836
17.0,54.0,0.3301388237152858
17.0,55.0,0.3500083711486333
17.0,56.0,0.3710703389857712
17.0,57.0,0.3933975462008978
17.0,58.0,0.41706740698353073
17.0,59.0,0.44216212282552786
17.0,60.0,0.4687691159521116
17.0,61.0,0.4969812637869756
17.0,62.0,0.5268973854862951
17.0,63.0,0.5586225270467183
17.0,64.0,0.5922685099012501
17.0,65.0,0.6279542766482322
17.0,66.0,0.6658065125541022
17.0,67.0,0.7059600639721945
17.0,68.0,0.7485586458950905
17.0,69.0,0.7937553476694603
17.0,70.0,0.841713442519574
17.0,71.0,0.8926069982157449
17.0,72.0,0.9466218078120763
17.0,73.0,1.003956126542028
17.0,74.0,1.064821746910563
17.0,75.0,1.1294448872766516
17.0,76.0,1.1980674388784236
17.0,77.0,1.2709480362275773
17.0,78.0,1.3483635084543182
17.0,79.0,1.4306101665003532
17.0,80.0,1.5180054959150162
17.0,81.0,1.6108897002542348
17.0,82.0,1.7096276762287586
17.0,83.0,1.8146108554194462
17.0,84.0,1.9262595037122312
17.0,85.0,2.0450249020265527
17.0,86.0,2.171392007034271
17.0,87.0,2.3058820017410238
17.0,88.0,2.4490553378338515
17.0,89.0,2.6015146610824877
17.0,90.0,2.7639082173770104
17.0,91.0,2.936933103129822
17.0,92.0,3.121338940493692
17.0,93.0,3.317931297903921
17.0,94.0,3.5275753980108866
17.0,95.0,3.751199364166214
17.0,96.0,3.989797475060885
17.0,97.0,4.2444325678670145
17.0,98.0,4.516237935027342
17.0,99.0,4.806417682736426
17.0,100.0,5.116245698670621
17.0,101.0,5.447061943133032
17.0,102.0,5.8002659252269
17.0,103.0,6.177305738740315
17.0,104.0,6.579662161922534
17.0,105.0,7.008825822864686
17.0,106.0,7.466266612885853
17.0,107.0,7.95339313097935
17.0,108.0,8.471501354054245
17.0,109.0,9.02171069083842
17.0,110.0,9.604887560641876
17.0,111.0,10.221556376857428
17.0,112.0,10.871800802671723
17.0,113.0,11.555159013587172
17.0,114.0,12.270520786216242
17.0,115.0,13.016035816571975
17.0,116.0,13.789046646015928
17.0,117.0,14.586059653345826
17.0,118.0,15.402768221726056
17.0,119.0,16.234137059175353
17.0,120.0,17.07455091604947
17.0,121.0,17.918019876750158
17.0,122.0,18.758424515630256
17.0,123.0,19.589774885927234
17.0,124.0,20.406455675541785
17.0,125.0,21.20343149856973
17.0,126.0,21.976395612404094
17.0,127.0,22.72185423786445
17.0,128.0,23.437149725489018
17.0,129.0,24.12043154707445
17.0,130.0,24.77058922072132
17.0,131.0,25.3871606283746
17.0,132.0,25.97022910344241
17.0,133.0,26.520318692348614
17.0,134.0,27.038295408783107
17.0,135.0,27.525278215991804
17.0,136.0,27.9825626037787
17.0,137.0,28.411556640929412
17.0,138.0,28.813729643371676
17.0,139.0,29.19057161684016
17.0,140.0,29.543562667837996
17.0,141.0,29.874150166894374
17.0,142.0,30.183732845543904
17.0,143.0,30.473649829699422
17.0,144.0,30.745174112621076
17.0,145.0,30.99950884310494
17.0,146.0,31.23778628955918
17.0,147.0,31.46106819501895
17.0,148.0,31.67034766978169
17.0,149.0,31.86655159049577
17.0,150.0,32.05054385008254
17.0,151.0,32.22312859949208
17.0,152.0,32.38505395028366
17.0,153.0,32.53701538965375
17.0,154.0,32.6796594495761
17.0,155.0,32.81358695078012
17.0,156.0,32.93935640187598
17.0,157.0,33.05748691727396
17.0,158.0,33.168461251652765
17.0,159.0,33.27272834182378
17.0,160.0,33.37070595844305
17.0,161.0,33.46278287657668
17.0,162.0,33.54932116480516
17.0,163.0,33.63065801507729
17.0,164.0,33.70710770596484
17.0,165.0,33.77896313219926
17.0,166.0,33.84649748371854
17.0,167.0,33.90996551663351
17.0,168.0,33.969604988610286
17.0,169.0,34.0256377102359
17.0,170.0,34.07827077343158
17.0,171.0,34.12769741767816
17.0,172.0,34.17409808331649
17.0,173.0,34.217641122126736
17.0,174.0,34.258483702453624
17.0,175.0,34.29677238884698
17.0,176.0,34.332643921385106
17.0,177.0,34.36622568476307
17.0,178.0,34.39763638015352
17.0,179.0,34.42698640037269
17.0,180.0,34.45437840916174
17.0,181.0,34.47990763588099
17.0,182.0,34.50366237420904
17.0,183.0,34.525724207199374
17.0,184.0,34.546168435067926
17.0,185.0,34.565064239394005
17.0,186.0,34.58247504792247
17.0,187.0,34.59845864525744
17.0,188.0,34.61306748153976
17.0,189.0,34.62634873631899
17.0,190.0,34.6383445778034
17.0,191.0,34.64909218701568
17.0,192.0,34.65862397547489
17.0,193.0,34.66696757880641
17.0,194.0,34.674146043933575
17.0,195.0,34.680177805955736
17.0,196.0,34.68507686237145
17.0,197.0,34.688852755697354
17.0,198.0,34.69151076364125
17.0,199.0,34.69305192461609
17.0,200.0,34.69347329136573
17.0,201.0,34.69276805956645
17.0,202.0,34.690925960347556
17.0,203.0,34.687933585109086
17.0,204.0,34.68377502984272
17.0,205.0,34.67843254977654
17.0,206.0,34.67188760885559
17.0,207.0,34.6641220328654
17.0,208.0,34.65511963854506
17.0,209.0,34.64486804846401
17.0,210.0,34.633361025241435
17.0,211.0,34.62060099727893
17.0,212.0,34.60660202006561
17.0,213.0,34.59139274659456
17.0,214.0,34.57501949794971
17.0,215.0,34.55754885703662
17.0,216.0,34.53906970630563
17.0,217.0,34.51969402785025
17.0,218.0,34.49955635460045
17.0,219.0,34.47881133012842
17.0,220.0,34.4576295651113
17.0,221.0,34.43619173900744
17.0,222.0,34.41468169413418
17.0,223.0,34.39327900178505
17.0,224.0,34.372152049815796
17.0,225.0,34.35145214201212
17.0,226.0,34.33130933502123
17.0,227.0,34.311829993419536
17.0,228.0,34.29309620816552
17.0,229.0,34.27516658928643
17.0,230.0,34.2580782573649
17.0,231.0,34.24184942681103
17.0,232.0,34.22648241630613
17.0,233.0,34.211966605203486
17.0,234.0,34.19828132023956
17.0,235.0,34.1853983430363
17.0,236.0,34.1732841545853
17.0,237.0,34.161901726858815
17.0,238.0,34.15121204619253
17.0,239.0,34.141175237105216
17.0,240.0,34.1317514890155
17.0,241.0,34.12290167433554
17.0,242.0,34.11458785174427
17.0,243.0,34.10677354576156
17.0,244.0,34.09942397844053
17.0,245.0,34.09250614231321
17.0,246.0,34.085988871623
17.0,247.0,34.079842799728596
17.0,248.0,34.074040343193445
17.0,249.0,34.06855560141854
17.0,250.0,34.06336429855989
17.0,251.0,34.05844365966924
17.0,252.0,34.053772336339016
17.0,253.0,34.04933027840431
17.0,254.0,34.04509865723004
17.0,255.0,34.04105974271195
17.0,256.0,34.03719683096267
17.0,257.0,34.03349413091013
17.0,258.0,34.029936699050864
17.0,259.0,34.02651033690936
17.0,260.0,34.02320153330286
17.0,261.0,34.019997372320915
17.0,262.0,34.016885482408995
17.0,263.0,34.01385395374346
17.0,264.0,34.01089129291524
17.0,265.0,34.0079863482399
17.0,266.0,34.00512826862211
17.0,267.0,34.0023064352364
17.0,268.0,33.99951042311178
17.0,269.0,33.996729937619975
17.0,270.0,33.99395477734288
17.0,271.0,33.99117477384125
17.0,272.0,33.98837975440396
17.0,273.0,33.9855594836028
17.0,274.0,33.98270362454443
17.0,275.0,33.979801680728414
17.0,276.0,33.976842954418714
17.0,277.0,33.97381648730648
17.0,278.0,33.970711014587955
17.0,279.0,33.96751490289639
17.0,280.0,33.964216098629315
17.0,281.0,33.96080206157259
17.0,282.0,33.95725970598874
17.0,283.0,33.953575328350254
17.0,284.0,33.94973453973318
17.0,285.0,33.94572218617577
17.0,286.0,33.94152227111345
17.0,287.0,33.93711786720822
17.0,288.0,33.93249102807818
17.0,289.0,33.92762269122087
17.0,290.0,33.92249257941751
17.0,291.0,33.917079095970465
17.0,292.0,33.91135921837639
17.0,293.0,33.905308390124624
17.0,294.0,33.898900413310784
17.0,295.0,33.892107346672745
17.0,296.0,33.884899410963094
17.0,297.0,33.87724491220431
17.0,298.0,33.86911018560994
17.0,299.0,33.86045957825475
17.0,300.0,33.851255476392645
17.0,301.0,33.84145840521516
17.0,302.0,33.83102721274469
17.0,303.0,33.81991937765594
17.0,304.0,33.80809146071042
17.0,305.0,33.795499752402215
17.0,306.0,33.78210114362305
17.0,307.0,33.76785428018936
17.0,308.0,33.75272102576662
17.0,309.0,33.73666828517131
17.0,310.0,33.719670183773204
17.0,311.0,33.70171060747504
17.0,312.0,33.68278601947636
17.0,313.0,33.66290844971175
17.0,314.0,33.642108430211245
17.0,315.0,33.620437611711026
17.0,316.0,33.597970674617635
17.0,317.0,33.574806155038296
17.0,318.0,33.55106577693285
17.0,319.0,33.526892040191434
17.0,320.0,33.50244396510569
17.0,321.0,33.477891224025846
17.0,322.0,33.45340712989892
17.0,323.0,33.42916123351255
17.0,324.0,33.40531231145544
17.0,325.0,33.382002497252536
17.0,326.0,33.35935302409707
17.0,327.0,33.33746181187039
17.0,328.0,33.31640279637598
17.0,329.0,33.2962267537475
17.0,330.0,33.27696320728676
17.0,331.0,33.25862304184426
17.0,332.0,33.241201433802914
17.0,333.0,33.22468083761877
17.0,334.0,33.209033795901775
17.0,335.0,33.194225475754045
17.0,336.0,33.18021584011138
17.0,337.0,33.16696146656471
17.0,338.0,33.15441700075757
17.0,339.0,33.142536305477535
17.0,340.0,33.13127332022014
17.0,341.0,33.120582702304475
17.0,342.0,33.11042026550185
17.0,343.0,33.10074328006599
17.0,344.0,33.09151064195882
17.0,345.0,33.08268296335932
17.0,346.0,33.074222583264536
17.0,347.0,33.06609353921804
17.0,348.0,33.05826149223992
17.0,349.0,33.050693637172174
17.0,350.0,33.043358586516575
17.0,351.0,33.036226253265795
17.0,352.0,33.02926771911704
17.0,353.0,33.02245510838295
17.0,354.0,33.01576145401271
17.0,355.0,33.00916057179878
17.0,356.0,33.0026269304122
17.0,357.0,32.99613552960239
17.0,358.0,32.9896617762807
17.0,359.0,32.983181367276245
17.0,360.0,32.976670171170305
17.0,361.0,32.970104114442876
17.0,362.0,32.96345906749035
17.0,363.0,32.9567107320588
17.0,364.0,32.94983452918451
17.0,365.0,32.942805485284666
17.0,366.0,32.93559811935332
17.0,367.0,32.92818632474217
17.0,368.0,32.920543252649715
17.0,369.0,32.91264118634083
17.0,370.0,32.90445141768176
17.0,371.0,32.89594411023965
17.0,372.0,32.88708816528092
17.0,373.0,32.8778510698168
17.0,374.0,32.868198748068025
17.0,375.0,32.8580953900601
17.0,376.0,32.84750328405521
17.0,377.0,32.83638262075736
17.0,378.0,32.82469130164204
17.0,379.0,32.81238471324443
17.0,380.0,32.79941550573981
17.0,381.0,32.78573333124865
17.0,382.0,32.771284586567845
17.0,383.0,32.75601210911809
17.0,384.0,32.73985487765099
17.0,385.0,32.72274765973209
17.0,386.0,32.704620665015526
17.0,387.0,32.68539913962057
17.0,388.0,32.66500296899633
17.0,389.0,32.64334621829456
17.0,390.0,32.62033668736072
17.0,391.0,32.59587540407477
17.0,392.0,32.56985614498255
17.0,393.0,32.54216490362023
17.0,394.0,32.512679410614254
17.0,395.0,32.481268626087264
17.0,396.0,32.44779232873582
17.0,397.0,32.41210072788972
17.0,398.0,32.37403425089794
17.0,399.0,32.33342344644895
17.0,400.0,32.29008919485994
17.0,401.0,32.24384319163343
17.0,402.0,32.1944889468852
17.0,403.0,32.141823304607556
17.0,404.0,32.085638786405305
17.0,405.0,32.0257268058715
17.0,406.0,31.96188211542249
17.0,407.0,31.89390855168137
17.0,408.0,31.821626450913563
17.0,409.0,31.744881735517783
17.0,410.0,31.663556919535885
17.0,411.0,31.5775837764266
17.0,412.0,31.486957539478368
17.0,413.0,31.391751815472496
17.0,414.0,31.29213338662203
17.0,415.0,31.18837525944682
17.0,416.0,31.08086635377056
17.0,417.0,30.970115598857568
17.0,418.0,30.85674873793951
17.0,419.0,30.74149623564092
17.0,420.0,30.62517215431229
17.0,421.0,30.5086447813783
17.0,422.0,30.39280173691482
17.0,423.0,30.278512932031433
17.0,424.0,30.16659568525938
17.0,425.0,30.05778535468349
17.0,426.0,29.952714240787746
17.0,427.0,29.851899503630655
17.0,428.0,29.75574001182691
17.0,429.0,29.664520453768603
17.0,430.0,29.578421089427682
17.0,431.0,29.497530820212063
17.0,432.0,29.421862072644956
17.0,433.0,29.35136573967337
17.0,434.0,29.285945482531577
17.0,435.0,29.225470433814056
17.0,436.0,29.169786325131085
17.0,437.0,29.11872461778623
17.0,438.0,29.07211006227206
17.0,439.0,29.02976649823287
17.0,440.0,28.99152146875968
17.0,441.0,28.957209501550803
17.0,442.0,28.92667464529943
17.0,443.0,28.89977207011181
17.0,444.0,28.87636928692632
17.0,445.0,28.856346729167594
17.0,446.0,28.839598212932124
17.0,447.0,28.826030958398604
17.0,448.0,28.815565660076683
17.0,449.0,28.80813624056167
17.0,450.0,28.803689759094777
17.0,451.0,28.802186073552917
17.0,452.0,28.80359772101511
17.0,453.0,28.80790958864649
17.0,454.0,28.81511884100386
17.0,455.0,28.825234654967833
17.0,456.0,28.83827823388433
17.0,457.0,28.85428263579111
17.0,458.0,28.873292895451087
17.0,459.0,28.89536596150532
17.0,460.0,28.920570938033475
17.0,461.0,28.9489891401407
17.0,462.0,28.980714463073816
17.0,463.0,29.015853564136613
17.0,464.0,29.05452636729504
17.0,465.0,29.096866380455698
17.0,466.0,29.143021345582397
17.0,467.0,29.19315370327927
17.0,468.0,29.247441401994546
17.0,469.0,29.306078526007223
17.0,470.0,29.369276281952573
17.0,471.0,29.4372638114772
17.0,472.0,29.510289378924583
17.0,473.0,29.588621395990305
17.0,474.0,29.67254984087337
17.0,475.0,29.762387529148846
17.0,476.0,29.858471801909065
17.0,477.0,29.961166084598545
17.0,478.0,30.070861889358895
17.0,479.0,30.187980711307947
17.0,480.0,30.312976397814616
17.0,481.0,30.446337438704372
17.0,482.0,30.588589761175605
17.0,483.0,30.740299474786994
17.0,484.0,30.902076152578093
17.0,485.0,31.074576089886452
17.0,486.0,31.258506125155083
17.0,487.0,31.454627457219445
17.0,488.0,31.663760034748865
17.0,489.0,31.88678693839449
17.0,490.0,32.124659311096956
17.0,491.0,32.378401230241536
17.0,492.0,32.6491150374308
17.0,493.0,32.9379864698517
17.0,494.0,33.246290037305805
17.0,495.0,33.575393900787944
17.0,496.0,33.92676457389358
17.0,497.0,34.30197055368541
17.0,498.0,34.70268500181604
17.0,499.0,35.13068634237002
17.0,500.0,35.58785658761882
17.0,501.0,36.07617589725657
17.0,502.0,36.59771274096265
17.0,503.0,37.15460768224535
17.0,504.0,37.74904960537658
17.0,505.0,38.383241866477874
17.0,506.0,39.05935669502459
17.0,507.0,39.77947501967241
17.0,508.0,40.545510045046555
17.0,509.0,41.35911232844352
17.0,510.0,42.22155607082839
17.0,511.0,43.13360694815094
17.0,512.0,44.09537522891813
17.0,513.0,45.106160250192765
17.0,514.0,46.16429733581137
17.0,515.0,47.26702167054096
17.0,516.0,48.41036845275416
17.0,517.0,49.58912988435255
17.0,518.0,50.79688938557963
17.0,519.0,52.026146958304366
17.0,520.0,53.268539921968696
17.0,521.0,54.51514800452424
17.0,522.0,55.75685734618912
17.0,523.0,56.98474536724742
17.0,524.0,58.190444758369196
17.0,525.0,59.36644856657628
17.0,526.0,60.50633089076319
17.0,527.0,61.604872234786235
17.0,528.0,62.65809365450757
17.0,529.0,63.66321373179075
17.0,530.0,64.61854863146856
17.0,531.0,65.52337595305997
17.0,532.0,66.37778152448854
17.0,533.0,67.18250384806596
17.0,534.0,67.93878706364137
17.0,535.0,68.64824874095507
17.0,536.0,69.31276598485329
17.0,537.0,69.93438046236844
17.0,538.0,70.51522176059123
17.0,539.0,71.05744715012558
17.0,540.0,71.5631957323813
17.0,541.0,72.0345545130174
17.0,542.0,72.47353433677027
17.0,543.0,72.8820535753695
17.0,544.0,73.26192795698606
17.0,545.0,73.61486500766915
17.0,546.0,73.94246199926646
17.0,547.0,74.24620640333987
17.0,548.0,74.52747814531097
17.0,549.0,74.78755306022504
17.0,550.0,75.02760711277118
17.0,551.0,75.24872106358853
17.0,552.0,75.45188530421683
17.0,553.0,75.63800473189454
17.0,554.0,75.80790346905121
17.0,555.0,75.96232942610307
17.0,556.0,76.10195854428477
17.0,557.0,76.2273988054938
17.0,558.0,76.33919384625452
17.0,559.0,76.43782632758369
17.0,560.0,76.52372087930026
17.0,561.0,76.59724682166375
17.0,562.0,76.65872045324899
17.0,563.0,76.7084071513429
17.0,564.0,76.74652303782452
17.0,565.0,76.77323649602839
17.0,566.0,76.78866925209823
17.0,567.0,76.79289734334164
17.0,568.0,76.78595164574152
17.0,569.0,76.76781831900553
17.0,570.0,76.73843879897157
17.0,571.0,76.69770973100731
17.0,572.0,76.64548243140868
17.0,573.0,76.58156230531144
17.0,574.0,76.50570776513388
17.0,575.0,76.41762911265738
17.0,576.0,76.31698688582912
17.0,577.0,76.20339016778011
17.0,578.0,76.07639431652741
17.0,579.0,75.93549864720781
17.0,580.0,75.78014348344304
17.0,581.0,75.60970714442402
17.0,582.0,75.42350224396135
17.0,583.0,75.22077190410153
17.0,584.0,75.00068522211194
17.0,585.0,74.76233263242932
17.0,586.0,74.50472047031559
17.0,587.0,74.22676542391764
17.0,588.0,73.92728815910561
17.0,589.0,73.6050068604755
17.0,590.0,73.25852996752015
17.0,591.0,72.88634892692754
17.0,592.0,72.4868302637333
17.0,593.0,72.0582079059679
17.0,594.0,71.59857513766863
17.0,595.0,71.10587728855515
17.0,596.0,70.57790468514668
17.0,597.0,70.01228724027548
17.0,598.0,69.4064904743966
17.0,599.0,68.75781475503864
17.0,600.0,68.06339798349428
17.0,601.0,67.3202241110606
17.0,602.0,66.52513835152857
17.0,603.0,65.67487226395696
17.0,604.0,64.76608037340844
17.0,605.0,63.79539237200035
17.0,606.0,62.75948328743462
17.0,607.0,61.65516617697887
17.0,608.0,60.47950968989132
17.0,609.0,59.22998421536254
17.0,610.0,57.90463677969918
17.0,611.0,56.50229448956032
17.0,612.0,55.022790437650976
17.0,613.0,53.46720307256888
17.0,614.0,51.838091614652306
17.0,615.0,50.13970557824504
17.0,616.0,48.378138261037044
17.0,617.0,46.561393007171404
17.0,618.0,44.699330419537254
17.0,619.0,42.803475582682594
17.0,620.0,40.886678291414874
17.0,621.0,38.96264376499909
17.0,622.0,37.0453724349116
17.0,623.0,35.14856792013182
17.0,624.0,33.28507680575832
17.0,625.0,31.466419353399512
17.0,626.0,29.702449702281214
17.0,627.0,28.001163084367697
17.0,628.0,26.368642990564915
17.0,629.0,24.809127421693667
17.0,630.0,23.325162312735387
17.0,631.0,21.91781103807562
17.0,632.0,20.586889742666756
17.0,633.0,19.331206689220014
17.0,634.0,18.148788058848258
17.0,635.0,17.037081365052657
17.0,636.0,15.993130224505821
17.0,637.0,15.013720467949703
17.0,638.0,14.095497553652203
17.0,639.0,13.235059215086185
17.0,640.0,12.429025456440684
17.0,641.0,11.67409069634715
17.0,642.0,10.967060189760447
17.0,643.0,10.304875040277059
17.0,644.0,9.684627185794252
17.0,645.0,9.103567828656546
17.0,646.0,8.559109864987821
17.0,647.0,8.048827019435716
17.0,648.0,7.570449575552759
17.0,649.0,7.121858838464587
17.0,650.0,6.701079757862019
17.0,651.0,6.306273464509077
17.0,652.0,5.935728853605639
17.0,653.0,5.587854724973136
17.0,654.0,5.261171437858576
17.0,655.0,4.954303441555098
17.0,656.0,4.665971542321371
17.0,657.0,4.3949861784158015
17.0,658.0,4.140240515322491
17.0,659.0,3.9007045790738473
17.0,660.0,3.6754192209446015
17.0,661.0,3.463491097703473
17.0,662.0,3.264087459422277
17.0,663.0,3.0764319061523167
17.0,664.0,2.899799914424206
17.0,665.0,2.7335152773081037
17.0,666.0,2.5769462738864055
17.0,667.0,2.4295026964207818
17.0,668.0,2.290632569435378
17.0,669.0,2.1598196738873776
17.0,670.0,2.0365807311076343
17.0,671.0,1.9204633439723018
17.0,672.0,1.8110435717863818
17.0,673.0,1.7079242195634354
17.0,674.0,1.6107327409218182
17.0,675.0,1.5191198172402767
17.0,676.0,1.4327575357761926
17.0,677.0,1.351338210031637
17.0,678.0,1.2745727892054786
17.0,679.0,1.2021898793680934
17.0,680.0,1.1339343479463788
17.0,681.0,1.0695665122788218
17.0,682.0,1.0088609091795622
17.0,683.0,0.9516056232446408
17.0,684.0,0.897601196788868
17.0,685.0,0.8466600750525756
17.0,686.0,0.7986056361120601
17.0,687.0,0.7532717340522901
17.0,688.0,0.7105018319719331
17.0,689.0,0.6701486273878695
17.0,690.0,0.6320732743273655
17.0,691.0,0.5961450778435354
17.0,692.0,0.5622407935289614
17.0,693.0,0.5302443801564779
17.0,694.0,0.5000463668601365
17.0,695.0,0.4715436546634179
17.0,696.0,0.4446389431369828
17.0,697.0,0.4192405730108011
17.0,698.0,0.39526200540049655
17.0,699.0,0.37262169888103536
17.0,700.0,0.3512426354287063
17.0,701.0,0.33105222631039005
17.0,702.0,0.3119818797597764
17.0,703.0,0.2939669308467299
17.0,704.0,0.27694624662906864
17.0,705.0,0.2608621758422982
17.0,706.0,0.2456601878700467
17.0,707.0,0.23128883866037625
17.0,708.0,0.21769944036108876
17.0,709.0,0.2048460403448877
17.0,710.0,0.19268511877809474
17.0,711.0,0.1811755780390951
17.0,712.0,0.17027846584484513
17.0,713.0,0.159956972688114
17.0,714.0,0.15017617844700443
17.0,715.0,0.1409030557568072
17.0,716.0,0.13210623828285126
17.0,717.0,0.12375602819063047
17.0,718.0,0.11582418447910393
17.0,719.0,0.10828393292485997
17.0,720.0,0.10110977305754085
17.0,721.0,0.0942774891356339
17.0,722.0,0.08776397450289189
17.0,723.0,0.08154724230932721
17.0,724.0,0.07560626612132355
17.0,725.0,0.06992098923517732
17.0,726.0,0.06447218052729412
17.0,727.0,0.05924144132213699
17.0,728.0,0.05421107556511558
17.0,729.0,0.049364093304491
17.0,730.0,0.04468409435045393
17.0,731.0,0.04015526751338614
17.0,732.0,0.03576228697993901
17.0,733.0,0.03149030651968497
17.0,734.0,0.027324867864165835
17.0,735.0,0.0232518891517006
17.0,736.0,0.01925758463950745
17.0,737.0,0.015328446703325714
17.0,738.0,0.011451176246716734
17.0,739.0,0.007612657609042038
17.0,740.0,0.0037998990605965367
17.0,741.0,0.0
18.0,0.0,0.0
18.0,1.0,0.0017588470072329677
18.0,2.0,0.0035236463291961184
18.0,3.0,0.00530037137783974
18.0,4.0,0.007095033595509999
18.0,5.0,0.008913707988251288
18.0,6.0,0.010762546168734084
18.0,7.0,0.012647806599785177
18.0,8.0,0.0145758640265179
18.0,9.0,0.016553244710247668
18.0,10.0,0.018586632538920397
18.0,11.0,0.020682909541592815
18.0,12.0,0.022849158980058293
18.0,13.0,0.025092711448281756
18.0,14.0,0.027421145266323353
18.0,15.0,0.029842338487772586
18.0,16.0,0.032364466939990275
18.0,17.0,0.034996062486027366
18.0,18.0,0.03774600908325553
18.0,19.0,0.04062360767492203
18.0,20.0,0.04363857067293322
18.0,21.0,0.04680109388863771
18.0,22.0,0.050121849885498095
18.0,23.0,0.05361206739959126
18.0,24.0,0.057283524054925136
18.0,25.0,0.061148633772331935
18.0,26.0,0.0652204393951987
18.0,27.0,0.06951270864192563
18.0,28.0,0.07403992725398306
18.0,29.0,0.07881740411315433
18.0,30.0,0.08386126559849298
18.0,31.0,0.08918857056668096
18.0,32.0,0.09481730669132131
18.0,33.0,0.10076651609476352
18.0,34.0,0.10705629454427844
18.0,35.0,0.11370792862888797
18.0,36.0,0.1207438988048341
18.0,37.0,0.128188029134059
18.0,38.0,0.13606549530906323
18.0,39.0,0.14440298811410393
18.0,40.0,0.15322872772079715
18.0,41.0,0.16257264220300266
18.0,42.0,0.17246638958399144
18.0,43.0,0.18294355293649886
18.0,44.0,0.19403967188565133
18.0,45.0,0.2057924560631331
18.0,46.0,0.21824182803438497
18.0,47.0,0.23143015715806442
18.0,48.0,0.2454023162199842
18.0,49.0,0.26020593808570763
18.0,50.0,0.2758914886980016
18.0,51.0,0.2925125493134056
18.0,52.0,0.31012590896782294
18.0,53.0,0.3287918755718559
18.0,54.0,0.34857439148672903
18.0,55.0,0.36954137733597037
18.0,56.0,0.3917648749808488
18.0,57.0,0.4153214286092918
18.0,58.0,0.44029226018018186
18.0,59.0,0.46676369320021405
18.0,60.0,0.49482736664798904
18.0,61.0,0.5245807078764042
18.0,62.0,0.5561271921633499
18.0,63.0,0.5895768724162245
18.0,64.0,0.6250466928630859
18.0,65.0,0.6626610847253823
18.0,66.0,0.7025523442007995
18.0,67.0,0.7448613050492683
18.0,68.0,0.7897377929637752
18.0,69.0,0.8373413881168303
18.0,70.0,0.8878419702954085
18.0,71.0,0.9414205868974309
18.0,72.0,0.9982701058236928
18.0,73.0,1.05859620717658
18.0,74.0,1.1226181638045662
18.0,75.0,1.1905699779452465
18.0,76.0,1.2627013123558934
18.0,77.0,1.3392787961314103
18.0,78.0,1.420587132195412
18.0,79.0,1.5069305990416693
18.0,80.0,1.5986343623544912
18.0,81.0,1.6960462005838484
18.0,82.0,1.7995380484182595
18.0,83.0,1.909507972317459
18.0,84.0,2.026381969370008
18.0,85.0,2.1506162114078355
18.0,86.0,2.2826991108360652
18.0,87.0,2.4231538340613
18.0,88.0,2.572540620149658
18.0,89.0,2.7314595282848497
18.0,90.0,2.9005529457502877
18.0,91.0,3.080508467552769
18.0,92.0,3.272061441635547
18.0,93.0,3.4759977622816334
18.0,94.0,3.6931561488521014
18.0,95.0,3.9244304393114184
18.0,96.0,4.1707710498961195
18.0,97.0,4.433186041318446
18.0,98.0,4.7127408159383215
18.0,99.0,5.010556749095975
18.0,100.0,5.327807600253483
18.0,101.0,5.66571381506165
18.0,102.0,6.025533334620221
18.0,103.0,6.408548791211271
18.0,104.0,6.816049464131797
18.0,105.0,7.249307673965219
18.0,106.0,7.709547851009643
18.0,107.0,8.197907967411524
18.0,108.0,8.715391795649005
18.0,109.0,9.262812255463682
18.0,110.0,9.840725338546118
18.0,111.0,10.449356497694316
18.0,112.0,11.088521289778313
18.0,113.0,11.757545158711261
18.0,114.0,12.455187687528511
18.0,115.0,13.179579921751582
18.0,116.0,13.92818330767395
18.0,117.0,14.6977806218574
18.0,118.0,15.484506654382784
18.0,119.0,16.28392472293456
18.0,120.0,17.09114855999369
18.0,121.0,17.901004157049893
18.0,122.0,18.70821825898911
18.0,123.0,19.50761682440317
18.0,124.0,20.294313519884483
18.0,125.0,21.063871563972004
18.0,126.0,21.81242561406373
18.0,127.0,22.53675827996607
18.0,128.0,23.23433080667025
18.0,129.0,23.903274003039506
18.0,130.0,24.542347179415724
18.0,131.0,25.150875469892515
18.0,132.0,25.728674083494962
18.0,133.0,26.275968085767335
18.0,134.0,26.793313040597944
18.0,135.0,27.28152139768786
18.0,136.0,27.741596415830823
18.0,137.0,28.174675507831328
18.0,138.0,28.581982497285384
18.0,139.0,28.96478904835493
18.0,140.0,29.324383732159212
18.0,141.0,29.662048418315038
18.0,142.0,29.979040228353785
18.0,143.0,30.276578728319663
18.0,144.0,30.555836735183426
18.0,145.0,30.817934615331737
18.0,146.0,31.063936692370003
18.0,147.0,31.294849874389005
18.0,148.0,31.511623347234202
18.0,149.0,31.715149636099575
18.0,150.0,31.906266060645862
18.0,151.0,32.085757023305796
18.0,152.0,32.25435628272633
18.0,153.0,32.4127497412618
18.0,154.0,32.561577984030414
18.0,155.0,32.70143915184214
18.0,156.0,32.83289144202898
18.0,157.0,32.95645584830632
18.0,158.0,33.07261847112577
18.0,159.0,33.18183302246658
18.0,160.0,33.284522882020504
18.0,161.0,33.38108333146183
18.0,162.0,33.47188334209965
18.0,163.0,33.55726753915621
18.0,164.0,33.63755773221306
18.0,165.0,33.71305462787805
18.0,166.0,33.78403912624842
18.0,167.0,33.85077380779614
18.0,168.0,33.91350402320482
18.0,169.0,33.972459182030214
18.0,170.0,34.0278536632469
18.0,171.0,34.079887932009974
18.0,172.0,34.12874929617676
18.0,173.0,34.17461287489983
18.0,174.0,34.2176422234633
18.0,175.0,34.257990174364195
18.0,176.0,34.29579934967659
18.0,177.0,34.33120289220375
18.0,178.0,34.36432488159794
18.0,179.0,34.39528097033181
18.0,180.0,34.42417871712621
18.0,181.0,34.45111814001463
18.0,182.0,34.47619197835075
18.0,183.0,34.49948617318946
18.0,184.0,34.521080067318856
18.0,185.0,34.541046821617016
18.0,186.0,34.55945356125502
18.0,187.0,34.576361735711494
18.0,188.0,34.59182721865897
18.0,189.0,34.60590061910859
18.0,190.0,34.6186273427647
18.0,191.0,34.63004786264791
18.0,192.0,34.64019775129005
18.0,193.0,34.64910792166361
18.0,194.0,34.65680464313825
18.0,195.0,34.663309768421016
18.0,196.0,34.66864075265725
18.0,197.0,34.67281089046841
18.0,198.0,34.67582936820688
18.0,199.0,34.677701548411676
18.0,200.0,34.67842910135019
18.0,201.0,34.67801039343332
18.0,202.0,34.67644076643752
18.0,203.0,34.67371311130304
18.0,204.0,34.66981838984689
18.0,205.0,34.66474650131522
18.0,206.0,34.658487163485354
18.0,207.0,34.65103119240655
18.0,208.0,34.642371856378325
18.0,209.0,34.632506659466145
18.0,210.0,34.62143921311626
18.0,211.0,34.609181492418756
18.0,212.0,34.59575608207001
18.0,213.0,34.581198610662206
18.0,214.0,34.565559889311984
18.0,215.0,34.54890783498761
18.0,216.0,34.531328614678195
18.0,217.0,34.51292702811435
18.0,218.0,34.493825599341505
18.0,219.0,34.47416250587606
18.0,220.0,34.45408806230467
18.0,221.0,34.43376020377774
18.0,222.0,34.413339064910595
18.0,223.0,34.39298141000468
18.0,224.0,34.372835210756996
18.0,225.0,34.35303511606412
18.0,226.0,34.33369893198401
18.0,227.0,34.31492552339712
18.0,228.0,34.296793899308504
18.0,229.0,34.27936355403324
18.0,230.0,34.262675602142885
18.0,231.0,34.24675464585941
18.0,232.0,34.231610901055674
18.0,233.0,34.21724256072431
18.0,234.0,34.20363802430756
18.0,235.0,34.19077806762081
18.0,236.0,34.178637693073554
18.0,237.0,34.167187810538536
18.0,238.0,34.156396564243806
18.0,239.0,34.146230492597596
18.0,240.0,34.13665537538553
18.0,241.0,34.127636961977124
18.0,242.0,34.119141450969146
18.0,243.0,34.111135905820774
18.0,244.0,34.10358848224213
18.0,245.0,34.09646863697974
18.0,246.0,34.089747195869634
18.0,247.0,34.08339643524095
18.0,248.0,34.07739005679492
18.0,249.0,34.071703195851946
18.0,250.0,34.06631234655611
18.0,251.0,34.06119533154298
18.0,252.0,34.05633120437052
18.0,253.0,34.051700201442685
18.0,254.0,34.04728363737519
18.0,255.0,34.043063851018125
18.0,256.0,34.039024102326515
18.0,257.0,34.03514851871669
18.0,258.0,34.03142199764958
18.0,259.0,34.02783015619403
18.0,260.0,34.02435924096593
18.0,261.0,34.020996081832266
18.0,262.0,34.017728009400706
18.0,263.0,34.01454281272678
18.0,264.0,34.01142866376893
18.0,265.0,34.008374078401495
18.0,266.0,34.00536784685735
18.0,267.0,34.00239899707853
18.0,268.0,33.99945672998938
18.0,269.0,33.99653038410023
18.0,270.0,33.99360937438401
18.0,271.0,33.990683157006735
18.0,272.0,33.98774117056006
18.0,273.0,33.98477279978066
18.0,274.0,33.9817673178866
18.0,275.0,33.978713848143585
18.0,276.0,33.97560130605071
18.0,277.0,33.972418357607395
18.0,278.0,33.96915336009412
18.0,279.0,33.96579431589692
18.0,280.0,33.96232881064458
18.0,281.0,33.95874396148085
18.0,282.0,33.955026351384156
18.0,283.0,33.95116197088553
18.0,284.0,33.94713614757082
18.0,285.0,33.942933480503896
18.0,286.0,33.93853776429834
18.0,287.0,33.933931916056
18.0,288.0,33.92909789416799
18.0,289.0,33.92401661864032
18.0,290.0,33.918667886225286
18.0,291.0,33.91303028693456
18.0,292.0,33.90708111965893
18.0,293.0,33.90079631101977
18.0,294.0,33.89415033998781
18.0,295.0,33.88711617082035
18.0,296.0,33.879665202317916
18.0,297.0,33.87176723557369
18.0,298.0,33.86339047468741
18.0,299.0,33.854501563781774
18.0,300.0,33.845065682578365
18.0,301.0,33.83504670676879
18.0,302.0,33.82440746450382
18.0,303.0,33.8131100994327
18.0,304.0,33.801116580897826
18.0,305.0,33.78838937519112
18.0,306.0,33.774892324606654
18.0,307.0,33.76059174576802
18.0,308.0,33.7454577895111
18.0,309.0,33.729466055492736
18.0,310.0,33.71259947634408
18.0,311.0,33.694850416329515
18.0,312.0,33.67622293532856
18.0,313.0,33.6567350757669
18.0,314.0,33.636421023734236
18.0,315.0,33.61533289426622
18.0,316.0,33.59354190158273
18.0,317.0,33.57113861225055
18.0,318.0,33.548232065619366
18.0,319.0,33.52494758117229
18.0,320.0,33.501423273084285
18.0,321.0,33.47780541900453
18.0,322.0,33.45424307139239
18.0,323.0,33.430882379530686
18.0,324.0,33.407861200589096
18.0,325.0,33.38530446718877
18.0,326.0,33.36332070113596
18.0,327.0,33.34199981832504
18.0,328.0,33.32141224777541
18.0,329.0,33.30160918109309
18.0,330.0,33.282623740698476
18.0,331.0,33.264472760116824
18.0,332.0,33.247158942421294
18.0,333.0,33.230673140832
18.0,334.0,33.21499661928891
18.0,335.0,33.200103143373255
18.0,336.0,33.18596086022986
18.0,337.0,33.17253390395142
18.0,338.0,33.15978375030003
18.0,339.0,33.147670304223624
18.0,340.0,33.13615277268705
18.0,341.0,33.12519032341033
18.0,342.0,33.11474258762581
18.0,343.0,33.10477000874762
18.0,344.0,33.09523409002333
18.0,345.0,33.08609753851057
18.0,346.0,33.07732435019844
18.0,347.0,33.068879828399
18.0,348.0,33.06073057213441
18.0,349.0,33.05284442278592
18.0,350.0,33.04519039885145
18.0,351.0,33.03773860501555
18.0,352.0,33.03046013974326
18.0,353.0,33.02332698715099
18.0,354.0,33.01631191265888
18.0,355.0,33.00938834899661
18.0,356.0,33.00253028793311
18.0,357.0,32.99571216607452
18.0,358.0,32.98890875624692
18.0,359.0,32.982095055296284
18.0,360.0,32.97524617603458
18.0,361.0,32.96833723720576
18.0,362.0,32.9613432553335
18.0,363.0,32.95423903581479
18.0,364.0,32.94699906307793
18.0,365.0,32.939597391044785
18.0,366.0,32.93200752943355
18.0,367.0,32.92420233136621
18.0,368.0,32.916153873254416
18.0,369.0,32.907833336981426
18.0,370.0,32.899210880484084
18.0,371.0,32.89025551162731
18.0,372.0,32.88093494628057
18.0,373.0,32.87121547068475
18.0,374.0,32.861061783490726
18.0,375.0,32.85043684308197
18.0,376.0,32.83930168969861
18.0,377.0,32.82761527384292
18.0,378.0,32.81533425429364
18.0,379.0,32.8024128034461
18.0,380.0,32.78880237681603
18.0,381.0,32.774451491076505
18.0,382.0,32.75930546072723
18.0,383.0,32.74330614491253
18.0,384.0,32.72639164759278
18.0,385.0,32.708496030357225
18.0,386.0,32.68954897419459
18.0,387.0,32.669475458121255
18.0,388.0,32.64819538437156
18.0,389.0,32.62562322785116
18.0,390.0,32.60166763366107
18.0,391.0,32.57623105193659
18.0,392.0,32.549209329312745
18.0,393.0,32.52049136039022
18.0,394.0,32.4899587164434
18.0,395.0,32.45748537268307
18.0,396.0,32.42293745309671
18.0,397.0,32.386173137533966
18.0,398.0,32.347042657433825
18.0,399.0,32.3053885553741
18.0,400.0,32.26104614934371
18.0,401.0,32.21384441554632
18.0,402.0,32.16360725209557
18.0,403.0,32.11015538198747
18.0,404.0,32.05330888079998
18.0,405.0,31.992890627929036
18.0,406.0,31.92873067468391
18.0,407.0,31.86067183841886
18.0,408.0,31.788576471532927
18.0,409.0,31.71233464493131
18.0,410.0,31.631873535807788
18.0,411.0,31.547168039691577
18.0,412.0,31.4582520555154
18.0,413.0,31.36523004780485
18.0,414.0,31.268287816331107
18.0,415.0,31.167701559328705
18.0,416.0,31.06384368847631
18.0,417.0,30.95718424133844
18.0,418.0,30.84828644795262
18.0,419.0,30.73779592464095
18.0,420.0,30.62642321280163
18.0,421.0,30.514920790998023
18.0,422.0,30.40405610030096
18.0,423.0,30.294583334425983
18.0,424.0,30.18721646756128
18.0,425.0,30.082606285033414
18.0,426.0,29.981322929649806
18.0,427.0,29.88384513282825
18.0,428.0,29.790555794084266
18.0,429.0,29.701743449865013
18.0,430.0,29.617608107258665
18.0,431.0,29.538270383187538
18.0,432.0,29.46378229930141
18.0,433.0,29.394138940421676
18.0,434.0,29.329289772264136
18.0,435.0,29.269149370919198
18.0,436.0,29.213606851842123
18.0,437.0,29.162534193049748
18.0,438.0,29.11579305528065
18.0,439.0,29.07324053953864
18.0,440.0,29.034733617991566
18.0,441.0,29.000132773955276
18.0,442.0,28.96930460605868
18.0,443.0,28.94212394728732
18.0,444.0,28.918475221200882
18.0,445.0,28.898253570498106
18.0,446.0,28.88136543269692
18.0,447.0,28.86772907794625
18.0,448.0,28.857274738381225
18.0,449.0,28.849944829307077
18.0,450.0,28.84569385381605
18.0,451.0,28.84448848394162
18.0,452.0,28.846307379922667
18.0,453.0,28.851141240053387
18.0,454.0,28.858992618951238
18.0,455.0,28.86987601086151
18.0,456.0,28.883817716696257
18.0,457.0,28.900855998695246
18.0,458.0,28.921041025507975
18.0,459.0,28.94443512072279
18.0,460.0,28.97111280401163
18.0,461.0,29.001161148046382
18.0,462.0,29.034679928365776
18.0,463.0,29.071782099886494
18.0,464.0,29.112594066509903
18.0,465.0,29.157256288084547
18.0,466.0,29.205923681499435
18.0,467.0,29.25876637051791
18.0,468.0,29.315970232397408
18.0,469.0,29.37773780587396
18.0,470.0,29.4442890007304
18.0,471.0,29.515862182996354
18.0,472.0,29.592715069059988
18.0,473.0,29.675126011602874
18.0,474.0,29.763395104568687
18.0,475.0,29.85784569821119
18.0,476.0,29.958825746179468
18.0,477.0,30.066709582913752
18.0,478.0,30.18189954874023
18.0,479.0,30.304828066973418
18.0,480.0,30.43595958624721
18.0,481.0,30.57579299674501
18.0,482.0,30.72486392924709
18.0,483.0,30.883747547542832
18.0,484.0,31.053061237720016
18.0,485.0,31.233467802911296
18.0,486.0,31.425678558830988
18.0,487.0,31.630456930622532
18.0,488.0,31.848621932604907
18.0,489.0,32.08105211363901
18.0,490.0,32.3286893258622
18.0,491.0,32.59254286620109
18.0,492.0,32.87369330737612
18.0,493.0,33.17329651017239
18.0,494.0,33.49258706483895
18.0,495.0,33.83288155869049
18.0,496.0,34.195580806322624
18.0,497.0,34.58217129098051
18.0,498.0,34.994224781402146
18.0,499.0,35.433396152133604
18.0,500.0,35.90141812297941
18.0,501.0,36.40009264301725
18.0,502.0,36.93127731150307
18.0,503.0,37.49686619895478
18.0,504.0,38.09876311819659
18.0,505.0,38.738846391910556
18.0,506.0,39.41892298003794
18.0,507.0,40.14067101152151
18.0,508.0,40.90556893983416
18.0,509.0,41.714811198214534
18.0,510.0,42.5692101188371
18.0,511.0,43.46908638583669
18.0,512.0,44.41415122355596
18.0,513.0,45.40338702608208
18.0,514.0,46.43493490897805
18.0,515.0,47.50600138943058
18.0,516.0,48.61279747254294
18.0,517.0,49.7505249646026
18.0,518.0,50.913422151994865
18.0,519.0,52.094877257496464
18.0,520.0,53.28760962154438
18.0,521.0,54.483909922478006
18.0,522.0,55.67592031558545
18.0,523.0,56.85592904104783
18.0,524.0,58.01665056041766
18.0,525.0,59.15146574852642
18.0,526.0,60.25460306691943
18.0,527.0,61.32125196323946
18.0,528.0,62.34760853664758
18.0,529.0,63.33086176511812
18.0,530.0,64.26913257191713
18.0,531.0,65.16138038997046
18.0,532.0,66.00729068651266
18.0,533.0,66.8071554460196
18.0,534.0,67.56175532285556
18.0,535.0,68.2722499155569
18.0,536.0,68.94007964030489
18.0,537.0,69.56688117364531
18.0,538.0,70.15441655028117
18.0,539.0,70.70451544652191
18.0,540.0,71.21902923556236
18.0,541.0,71.69979546855065
18.0,542.0,72.14861105631569
18.0,543.0,72.56721276289171
18.0,544.0,72.95726351657822
18.0,545.0,73.32034342188852
18.0,546.0,73.65794436468373
18.0,547.0,73.97146741184646
18.0,548.0,74.26222226468283
18.0,549.0,74.53142822625537
18.0,550.0,74.78021623354236
18.0,551.0,75.00963159190208
18.0,552.0,75.220637177322
18.0,553.0,75.4141168496834
18.0,554.0,75.5908789958633
18.0,555.0,75.75165999833581
18.0,556.0,75.89712765818382
18.0,557.0,76.0278843840872
18.0,558.0,76.14447025776485
18.0,559.0,76.24736577957954
18.0,560.0,76.33699446839074
18.0,561.0,76.41372509658157
18.0,562.0,76.47787378703637
18.0,563.0,76.52970572107571
18.0,564.0,76.56943673037203
18.0,565.0,76.59723448446158
18.0,566.0,76.61321958940904
18.0,567.0,76.61746626864522
18.0,568.0,76.61000298196701
18.0,569.0,76.59081261130278
18.0,570.0,76.55983260848447
18.0,571.0,76.51695469023822
18.0,572.0,76.4620245142162
18.0,573.0,76.39484087745812
18.0,574.0,76.31515490930875
18.0,575.0,76.22266875632609
18.0,576.0,76.11703426924751
18.0,577.0,75.99785114605153
18.0,578.0,75.86466507932315
18.0,579.0,75.71696531932002
18.0,580.0,75.55418223963616
18.0,581.0,75.3756842758432
18.0,582.0,75.18077486406244
18.0,583.0,74.96868871171556
18.0,584.0,74.73858807029877
18.0,585.0,74.48955830927979
18.0,586.0,74.22060350923134
18.0,587.0,73.93064134859881
18.0,588.0,73.618498060128
18.0,589.0,73.28290272071247
18.0,590.0,72.92248172517974
18.0,591.0,72.53575272008818
18.0,592.0,72.12111895002008
18.0,593.0,71.6768633412737
18.0,594.0,71.20114342118897
18.0,595.0,70.69198650297369
18.0,596.0,70.14728644650926
18.0,597.0,69.56480161191172
18.0,598.0,68.94215562279075
18.0,599.0,68.27684085281365
18.0,600.0,67.56622667767634
18.0,601.0,66.807572828274
18.0,602.0,65.99805042809058
18.0,603.0,65.13477156361932
18.0,604.0,64.21483054213539
18.0,605.0,63.23535812801634
18.0,606.0,62.19359224387421
18.0,607.0,61.086966385182336
18.0,608.0,59.91321873269267
18.0,609.0,58.670521885793185
18.0,610.0,57.357633871131384
18.0,611.0,55.97406661946209
18.0,612.0,54.52026732445306
18.0,613.0,52.99780200377918
18.0,614.0,51.409528601852806
18.0,615.0,49.75974044431994
18.0,616.0,48.05426005254311
18.0,617.0,46.3004600567039
18.0,618.0,44.50719301732577
18.0,619.0,42.68461670441276
18.0,620.0,40.843915449230444
18.0,621.0,38.996930372028906
18.0,622.0,37.15572848597609
18.0,623.0,35.33214922064061
18.0,624.0,33.537373523954166
18.0,625.0,31.781554070666445
18.0,626.0,30.07353660812195
18.0,627.0,28.420685196697548
18.0,628.0,26.828812021012684
18.0,629.0,25.302198244563712
18.0,630.0,23.8436878091209
18.0,631.0,22.454830810479635
18.0,632.0,21.13605658066772
18.0,633.0,19.886857149321056
18.0,634.0,18.705968575652783
18.0,635.0,17.591539303709403
18.0,636.0,16.54128113673776
18.0,637.0,15.552598825954508
18.0,638.0,14.62269913992627
18.0,639.0,13.74867911023908
18.0,640.0,12.927596679168467
18.0,641.0,12.15652474101679
18.0,642.0,11.432592334033657
18.0,643.0,10.753013987846249
18.0,644.0,10.115110680274116
18.0,645.0,9.516322937144874
18.0,646.0,8.954218986210794
18.0,647.0,8.426497957196336
18.0,648.0,7.930990526270412
18.0,649.0,7.465656546614663
18.0,650.0,7.028581665875748
18.0,651.0,6.617972147593759
18.0,652.0,6.2321496180843825
18.0,653.0,5.869544741667021
18.0,654.0,5.528691360081558
18.0,655.0,5.208219967216342
18.0,656.0,4.9068519352622255
18.0,657.0,4.623393288292824
18.0,658.0,4.356729362804399
18.0,659.0,4.105819113153861
18.0,660.0,3.8696903516344423
18.0,661.0,3.6474346665830217
18.0,662.0,3.438203274310231
18.0,663.0,3.241202548357272
18.0,664.0,3.0556904567771745
18.0,665.0,2.880972660115506
18.0,666.0,2.716399480231255
18.0,667.0,2.561362507425995
18.0,668.0,2.4152920374083946
18.0,669.0,2.277654123905977
18.0,670.0,2.147948420268828
18.0,671.0,2.025705616546341
18.0,672.0,1.910485626780612
18.0,673.0,1.801875355279536
18.0,674.0,1.6994871771411786
18.0,675.0,1.6029569852795433
18.0,676.0,1.5119429186627322
18.0,677.0,1.4261236484760873
18.0,678.0,1.345197315190016
18.0,679.0,1.2688800185546536
18.0,680.0,1.1969049305929482
18.0,681.0,1.1290209596986038
18.0,682.0,1.0649920118603817
18.0,683.0,1.0045958039352412
18.0,684.0,0.9476232498551092
18.0,685.0,0.8938774022089216
18.0,686.0,0.8431729439255549
18.0,687.0,0.7953352406988158
18.0,688.0,0.750199921765037
18.0,689.0,0.7076120285330282
18.0,690.0,0.667425670671498
18.0,691.0,0.6295032586492958
18.0,692.0,0.5937152235006513
18.0,693.0,0.5599393229197583
18.0,694.0,0.5280604148558745
18.0,695.0,0.4979698284103016
18.0,696.0,0.46956518289319904
18.0,697.0,0.4427498160996828
18.0,698.0,0.4174326416900689
18.0,699.0,0.3935276285246825
18.0,700.0,0.3709536902541791
18.0,701.0,0.3496342103105859
18.0,702.0,0.32949695845128796
18.0,703.0,0.3104736567702465
18.0,704.0,0.29249991865832353
18.0,705.0,0.27551485184072677
18.0,706.0,0.2594610158220689
18.0,707.0,0.24428405849594476
18.0,708.0,0.22993268865532526
18.0,709.0,0.21635834317565425
18.0,710.0,0.20351517160593594
18.0,711.0,0.19135973131232595
18.0,712.0,0.17985098153561307
18.0,713.0,0.1689500042096967
18.0,714.0,0.1586200051876559
18.0,715.0,0.1488260587282782
18.0,716.0,0.1395351138641381
18.0,717.0,0.13071576078720598
18.0,718.0,0.12233824056532401
18.0,719.0,0.1143742318611852
18.0,720.0,0.10679686240401243
18.0,721.0,0.0995805146500045
18.0,722.0,0.09270083758857543
18.0,723.0,0.08613457010093278
18.0,724.0,0.07985955182876234
18.0,725.0,0.07385456311438854
18.0,726.0,0.06809933378745854
18.0,727.0,0.06257439867796927
18.0,728.0,0.05726110328592151
18.0,729.0,0.05214147394970972
18.0,730.0,0.047198219457027436
18.0,731.0,0.04241461502760934
18.0,732.0,0.037774499002641675
18.0,733.0,0.03326216986417291
18.0,734.0,0.0288623772063631
18.0,735.0,0.024560231065295143
18.0,736.0,0.0203411864297606
18.0,737.0,0.016190964195707546
18.0,738.0,0.012095528517847131
18.0,739.0,0.00804101873334534
18.0,740.0,0.004013718889079098
18.0,741.0,0.0
19.0,0.0,0.0
19.0,1.0,0.0018505834225742716
19.0,2.0,0.003707429715505378
19.0,3.0,0.005576821710681148
19.0,4.0,0.007465086687272614
19.0,5.0,0.00937861209498163
19.0,6.0,0.01132387485012276
19.0,7.0,0.013307453110378752
19.0,8.0,0.015336060671518669
19.0,9.0,0.017416555091392904
19.0,10.0,0.019555977485890684
19.0,11.0,0.021761557312064927
19.0,12.0,0.024040757874467633
19.0,13.0,0.026401278093873798
19.0,14.0,0.02885110405212157
19.0,15.0,0.031398508094181966
19.0,16.0,0.03405210676136665
19.0,17.0,0.036820857600827664
19.0,18.0,0.0397141238638623
19.0,19.0,0.04274166942877999
19.0,20.0,0.045913730673514494
19.0,21.0,0.04924100995572409
19.0,22.0,0.05273475510761549
19.0,23.0,0.056406751961832736
19.0,24.0,0.06026941196203721
19.0,25.0,0.06433576427541844
19.0,26.0,0.0686195520660514
19.0,27.0,0.07313522479572705
19.0,28.0,0.07789804376950071
19.0,29.0,0.08292407529719416
19.0,30.0,0.08823030619316197
19.0,31.0,0.09383463855270813
19.0,32.0,0.09975601597250783
19.0,33.0,0.10601442079105795
19.0,34.0,0.11263101189430576
19.0,35.0,0.1196281253792235
19.0,36.0,0.12702942492332694
19.0,37.0,0.13485990695808245
19.0,38.0,0.14314606471395014
19.0,39.0,0.1519158991386971
19.0,40.0,0.16119909788478187
19.0,41.0,0.17102705338052152
19.0,42.0,0.1814330582081965
19.0,43.0,0.19245233193798386
19.0,44.0,0.20412223455815343
19.0,45.0,0.2164823039183107
19.0,46.0,0.22957448912363151
19.0,47.0,0.24344320071203515
19.0,48.0,0.25813556622004785
19.0,49.0,0.2737014955462866
19.0,50.0,0.29019396124631736
19.0,51.0,0.30766908192223485
19.0,52.0,0.32618643021873106
19.0,53.0,0.3458091375375732
19.0,54.0,0.3666042332001076
19.0,55.0,0.3886427743303122
19.0,56.0,0.4120002202355981
19.0,57.0,0.4367565919495324
19.0,58.0,0.46299688658101185
19.0,59.0,0.490811271776839
19.0,60.0,0.5202955456193615
19.0,61.0,0.5515513721809745
19.0,62.0,0.5846867935339327
19.0,63.0,0.6198165136455333
19.0,64.0,0.6570624702226476
19.0,65.0,0.6965541754581953
19.0,66.0,0.7384293567850437
19.0,67.0,0.7828343644454999
19.0,68.0,0.8299248917826977
19.0,69.0,0.8798664612645244
19.0,70.0,0.9328352366824147
19.0,71.0,0.9890186010892348
19.0,72.0,1.0486160751521343
19.0,73.0,1.1118400023757837
19.0,74.0,1.178916589741559
19.0,75.0,1.2500867174024788
19.0,76.0,1.325607119383379
19.0,77.0,1.4057513363068623
19.0,78.0,1.490811054862998
19.0,79.0,1.5810972224364563
19.0,80.0,1.6769415634610738
19.0,81.0,1.778697872995047
19.0,82.0,1.8867437245612333
19.0,83.0,2.0014819539577013
19.0,84.0,2.1233425644327566
19.0,85.0,2.2527843993616163
19.0,86.0,2.390297232851644
19.0,87.0,2.536403605602821
19.0,88.0,2.6916610563004815
19.0,89.0,2.8566640515347372
19.0,90.0,3.03204625634935
19.0,91.0,3.2184824151308384
19.0,92.0,3.416690464576014
19.0,93.0,3.627433101302596
19.0,94.0,3.851519387535188
19.0,95.0,4.089805549926315
19.0,96.0,4.343195491551501
19.0,97.0,4.612640076880671
19.0,98.0,4.899135614226313
19.0,99.0,5.203720466864916
19.0,100.0,5.527470087148675
19.0,101.0,5.871489246022708
19.0,102.0,6.236901599846214
19.0,103.0,6.6248352046159935
19.0,104.0,7.036403992092632
19.0,105.0,7.472683727840062
19.0,106.0,7.9346824762769375
19.0,107.0,8.423304233458868
19.0,108.0,8.93930611082115
19.0,109.0,9.483248360945982
19.0,110.0,10.055438627316734
19.0,111.0,10.655871119970149
19.0,112.0,11.284163960347996
19.0,113.0,11.939497638651012
19.0,114.0,12.620560291045921
19.0,115.0,13.325505087323604
19.0,116.0,14.051927185323464
19.0,117.0,14.796866056811231
19.0,118.0,15.5568392828171
19.0,119.0,16.327909910142782
19.0,120.0,17.10578735597988
19.0,121.0,17.88595603063281
19.0,122.0,18.663823235264804
19.0,123.0,19.434873345609287
19.0,124.0,20.19481570957648
19.0,125.0,20.939713269781794
19.0,126.0,21.66608346774481
19.0,127.0,22.370965600002826
19.0,128.0,23.05195461274572
19.0,129.0,23.70720342709248
19.0,130.0,24.33539989252188
19.0,131.0,24.93572417370805
19.0,132.0,25.507794026434077
19.0,133.0,26.051603253883805
19.0,134.0,26.56745904988776
19.0,135.0,27.055921173250272
19.0,136.0,27.517746195569938
19.0,137.0,27.95383752538981
19.0,138.0,28.365202589658537
19.0,139.0,28.752916464568724
19.0,140.0,29.118092337954884
19.0,141.0,29.461857465020685
19.0,142.0,29.7853346414108
19.0,143.0,30.089627714704744
19.0,144.0,30.375811147747832
19.0,145.0,30.644922244964075
19.0,146.0,30.897956182500124
19.0,147.0,31.135862615600864
19.0,148.0,31.359544156562574
19.0,149.0,31.569855655339307
19.0,150.0,31.76760470645639
19.0,151.0,31.953552442757104
19.0,152.0,32.12841513534985
19.0,153.0,32.29286575533029
19.0,154.0,32.44753608026875
19.0,155.0,32.59301856827495
19.0,156.0,32.72986862122505
19.0,157.0,32.858606506779125
19.0,158.0,32.97971958149082
19.0,159.0,33.09366411752311
19.0,160.0,33.20086738386657
19.0,161.0,33.30172930843595
19.0,162.0,33.39662437258438
19.0,163.0,33.485903082673346
19.0,164.0,33.56989366577629
19.0,165.0,33.64890334909
19.0,166.0,33.72321986243642
19.0,167.0,33.79311253649714
19.0,168.0,33.85883362643043
19.0,169.0,33.92061924562087
19.0,170.0,33.97869052819433
19.0,171.0,34.033254416744164
19.0,172.0,34.084504682067355
19.0,173.0,34.13262258296149
19.0,174.0,34.17777776051823
19.0,175.0,34.2201287866589
19.0,176.0,34.25982394863298
19.0,177.0,34.29700170110417
19.0,178.0,34.331791354590045
19.0,179.0,34.364313443987825
19.0,180.0,34.39468033283252
19.0,181.0,34.42299650937363
19.0,182.0,34.4493591168884
19.0,183.0,34.47385818692381
19.0,184.0,34.496577104598686
19.0,185.0,34.517592787523675
19.0,186.0,34.5369760941822
19.0,187.0,34.55479195647139
19.0,188.0,34.57109973902906
19.0,189.0,34.58595333350121
19.0,190.0,34.59940147732704
19.0,191.0,34.61148781903774
19.0,192.0,34.62225120689953
19.0,193.0,34.63172573723835
19.0,194.0,34.63994102701355
19.0,195.0,34.64692226197789
19.0,196.0,34.65269047343099
19.0,197.0,34.65726261074935
19.0,198.0,34.66065185206009
19.0,199.0,34.662867737069284
19.0,200.0,34.66391655477955
19.0,201.0,34.66380158780465
19.0,202.0,34.66252363705232
19.0,203.0,34.66008144626579
19.0,204.0,34.65647244056714
19.0,205.0,34.6516934141765
19.0,206.0,34.64574156794477
19.0,207.0,34.63861554090923
19.0,208.0,34.630316813154984
19.0,209.0,34.62085111916493
19.0,210.0,34.61023020737925
19.0,211.0,34.59847355773061
19.0,212.0,34.585610326777726
19.0,213.0,34.571681080952104
19.0,214.0,34.556739504344854
19.0,215.0,34.54085358715026
19.0,216.0,34.524106418565516
19.0,217.0,34.50659608810689
19.0,218.0,34.48843484544244
19.0,219.0,34.46974714117051
19.0,220.0,34.45066686089853
19.0,221.0,34.431333613608814
19.0,222.0,34.411888615348694
19.0,223.0,34.392470245826196
19.0,224.0,34.37320992492669
19.0,225.0,34.35422839859686
19.0,226.0,34.33563295134383
19.0,227.0,34.31751544192143
19.0,228.0,34.29995142699771
19.0,229.0,34.28300005450939
19.0,230.0,34.266704805508034
19.0,231.0,34.251094671377274
19.0,232.0,34.2361857952454
19.0,233.0,34.22198319020305
19.0,234.0,34.20848260217055
19.0,235.0,34.19567220790991
19.0,236.0,34.1835342757046
19.0,237.0,34.17204655383299
19.0,238.0,34.1611835570493
19.0,239.0,34.150917566865864
19.0,240.0,34.14121953413185
19.0,241.0,34.13205972783255
19.0,242.0,34.123408318823
19.0,243.0,34.11523575632027
19.0,244.0,34.10751311639964
19.0,245.0,34.10021228738174
19.0,246.0,34.09330615818993
19.0,247.0,34.08676867931813
19.0,248.0,34.08057494885421
19.0,249.0,34.074701197806455
19.0,250.0,34.06912481442659
19.0,251.0,34.06382428699861
19.0,252.0,34.058779193272834
19.0,253.0,34.05397012194081
19.0,254.0,34.04937864398258
19.0,255.0,34.04498722575286
19.0,256.0,34.04077919225378
19.0,257.0,34.0367386392656
19.0,258.0,34.032850394157805
19.0,259.0,34.029099931006236
19.0,260.0,34.025473331806175
19.0,261.0,34.021957206371766
19.0,262.0,34.01853865515063
19.0,263.0,34.01520519442365
19.0,264.0,34.011944720945486
19.0,265.0,34.0087454422268
19.0,266.0,34.00559584267277
19.0,267.0,34.00248461832204
19.0,268.0,33.999400643855196
19.0,269.0,33.99633291094873
19.0,270.0,33.993270495369856
19.0,271.0,33.99020249799616
19.0,272.0,33.98711801113747
19.0,273.0,33.984006061223226
19.0,274.0,33.980855573460275
19.0,275.0,33.977655315174815
19.0,276.0,33.97439385791048
19.0,277.0,33.971059520422195
19.0,278.0,33.96764032734213
19.0,279.0,33.964123950866316
19.0,280.0,33.960497665182885
19.0,281.0,33.95674828599484
19.0,282.0,33.95286212005147
19.0,283.0,33.948824901861116
19.0,284.0,33.94462173795745
19.0,285.0,33.94023704055813
19.0,286.0,33.93565446674005
19.0,287.0,33.93085684952903
19.0,288.0,33.9258261331236
19.0,289.0,33.920543303171335
19.0,290.0,33.91498832083399
19.0,291.0,33.90914005614412
19.0,292.0,33.9029762264422
19.0,293.0,33.89647334018963
19.0,294.0,33.88960664969574
19.0,295.0,33.88235011824492
19.0,296.0,33.874676403808316
19.0,297.0,33.86655687062964
19.0,298.0,33.85796163061186
19.0,299.0,33.84885963237285
19.0,300.0,33.83921880080437
19.0,301.0,33.82900625226816
19.0,302.0,33.818188589978874
19.0,303.0,33.80673231190244
19.0,304.0,33.79460433688982
19.0,305.0,33.78177268633641
19.0,306.0,33.7682073244828
19.0,307.0,33.75388119284583
19.0,308.0,33.73877142952948
19.0,309.0,33.722860792946534
19.0,310.0,33.70613925019696
19.0,311.0,33.6886057112102
19.0,312.0,33.670269813912974
19.0,313.0,33.65115367921064
19.0,314.0,33.631293469004014
19.0,315.0,33.610740600518966
19.0,316.0,33.58956239872783
19.0,317.0,33.56784202683978
19.0,318.0,33.54567751414224
19.0,319.0,33.52317982847579
19.0,320.0,33.50046998608877
19.0,321.0,33.477675373539846
19.0,322.0,33.454925514284135
19.0,323.0,33.432347660035674
19.0,324.0,33.41006255671596
19.0,325.0,33.38818076578585
19.0,326.0,33.36679977218138
19.0,327.0,33.34600205563229
19.0,328.0,33.3258541152852
19.0,329.0,33.3064063984215
19.0,330.0,33.287693948330094
19.0,331.0,33.26973761620239
19.0,332.0,33.2525456132258
19.0,333.0,33.23611526240541
19.0,334.0,33.22043477637529
19.0,335.0,33.20548498757554
19.0,336.0,33.191240927766685
19.0,337.0,33.17767324688076
19.0,338.0,33.16474942186923
19.0,339.0,33.152434785236906
19.0,340.0,33.140693353169986
19.0,341.0,33.129488500126875
19.0,342.0,33.118783470956444
19.0,343.0,33.10854178038539
19.0,344.0,33.09872749238397
19.0,345.0,33.08930542540748
19.0,346.0,33.080241273748406
19.0,347.0,33.07150168485787
19.0,348.0,33.063054280113406
19.0,349.0,33.054867652615314
19.0,350.0,33.04691132760423
19.0,351.0,33.03915571342164
19.0,352.0,33.03157202795685
19.0,353.0,33.02413222353971
19.0,354.0,33.01680889574467
19.0,355.0,33.00957519463319
19.0,356.0,33.00240472539874
19.0,357.0,32.99527145281905
19.0,358.0,32.988149598759
19.0,359.0,32.981013543121804
19.0,360.0,32.97383772039411
19.0,361.0,32.966596518141706
19.0,362.0,32.959264173016315
19.0,363.0,32.951814666447206
19.0,364.0,32.94422161943148
19.0,365.0,32.93645818419927
19.0,366.0,32.9284969364129
19.0,367.0,32.92030976101412
19.0,368.0,32.911867739989944
19.0,369.0,32.90314103021018
19.0,370.0,32.89409874457301
19.0,371.0,32.88470881932997
19.0,372.0,32.87493788614388
19.0,373.0,32.86475112613691
19.0,374.0,32.85411213015577
19.0,375.0,32.84298273656156
19.0,376.0,32.83132287681493
19.0,377.0,32.81909039388578
19.0,378.0,32.806240870197485
19.0,379.0,32.792727423549145
19.0,380.0,32.77850051460265
19.0,381.0,32.763507717528164
19.0,382.0,32.74769350477642
19.0,383.0,32.73099899053443
19.0,384.0,32.71336169182763
19.0,385.0,32.69471524472966
19.0,386.0,32.674989143421826
19.0,387.0,32.654108432618564
19.0,388.0,32.631993430930535
19.0,389.0,32.608559409213576
19.0,390.0,32.58371631276092
19.0,391.0,32.55736844588665
19.0,392.0,32.529414221093674
19.0,393.0,32.49974588754542
19.0,394.0,32.46824935723995
19.0,395.0,32.43480404237939
19.0,396.0,32.39928284242624
19.0,397.0,32.361552196775904
19.0,398.0,32.32147236652065
19.0,399.0,32.27889786813939
19.0,400.0,32.23367825281362
19.0,401.0,32.185659165130495
19.0,402.0,32.13468390856149
19.0,403.0,32.08059546262673
19.0,404.0,32.023239209526196
19.0,405.0,31.96246631570488
19.0,406.0,31.89813803708164
19.0,407.0,31.83013086073176
19.0,408.0,31.758342713312683
19.0,409.0,31.682700046146145
19.0,410.0,31.603165897538464
19.0,411.0,31.519748527635997
19.0,412.0,31.432510473694588
19.0,413.0,31.341577287569457
19.0,414.0,31.24714546471955
19.0,415.0,31.14948847770404
19.0,416.0,31.048960187238333
19.0,417.0,30.945994456653526
19.0,418.0,30.84110045068181
19.0,419.0,30.734852960971352
19.0,420.0,30.627878126240734
19.0,421.0,30.520835007131193
19.0,422.0,30.41439460208042
19.0,423.0,30.30921777284795
19.0,424.0,30.20593427012031
19.0,425.0,30.105124313556637
19.0,426.0,30.007304341221367
19.0,427.0,29.91291734567971
19.0,428.0,29.822328221862666
19.0,429.0,29.735823397885373
19.0,430.0,29.653614315413922
19.0,431.0,29.575843485894854
19.0,432.0,29.5025925097158
19.0,433.0,29.43389084361352
19.0,434.0,29.36972496775717
19.0,435.0,29.310047058748815
19.0,436.0,29.254783186442104
19.0,437.0,29.203840446688925
19.0,438.0,29.157113328212795
19.0,439.0,29.114488913044166
19.0,440.0,29.075851365677142
19.0,441.0,29.041085386352268
19.0,442.0,29.010079148928632
19.0,443.0,28.982726404954544
19.0,444.0,28.958928289878227
19.0,445.0,28.938594486465483
19.0,446.0,28.921644276915583
19.0,447.0,28.90800710214801
19.0,448.0,28.897623151474896
19.0,449.0,28.890443565353394
19.0,450.0,28.88643076904295
19.0,451.0,28.88555848875124
19.0,452.0,28.88781196732504
19.0,453.0,28.893187905128414
19.0,454.0,28.90169464662164
19.0,455.0,28.913352116761285
19.0,456.0,28.928192034371307
19.0,457.0,28.94625788849846
19.0,458.0,28.967605213658604
19.0,459.0,28.992301634419615
19.0,460.0,29.020427225245434
19.0,461.0,29.052074642371437
19.0,462.0,29.087349584281334
19.0,463.0,29.12637102533703
19.0,464.0,29.16927178996047
19.0,465.0,29.216198900884656
19.0,466.0,29.267314279576585
19.0,467.0,29.322795222341334
19.0,468.0,29.382835240571193
19.0,469.0,29.447644679579554
19.0,470.0,29.51745171433767
19.0,471.0,29.592503128371668
19.0,472.0,29.673065483342224
19.0,473.0,29.759426078222955
19.0,474.0,29.851894314002777
19.0,475.0,29.95080285625609
19.0,476.0,30.05650921891105
19.0,477.0,30.169397155619347
19.0,478.0,30.289878488178896
19.0,479.0,30.418394752843113
19.0,480.0,30.55541929836071
19.0,481.0,30.701459210912688
19.0,482.0,30.857057701745866
19.0,483.0,31.022796326100313
19.0,484.0,31.199297667618193
19.0,485.0,31.387227848022093
19.0,486.0,31.587299489281797
19.0,487.0,31.800274474853413
19.0,488.0,32.026967122095975
19.0,489.0,32.26824709148141
19.0,490.0,32.52504261720645
19.0,491.0,32.7983433510112
19.0,492.0,33.08920335773038
19.0,493.0,33.39874350044554
19.0,494.0,33.728153680539194
19.0,495.0,34.07869408681868
19.0,496.0,34.45169580801493
19.0,497.0,34.84855983838643
19.0,498.0,35.27075467147111
19.0,499.0,35.71981133823818
19.0,500.0,36.19731587343128
19.0,501.0,36.70489784855815
19.0,502.0,37.24421471050874
19.0,503.0,37.816930341727435
19.0,504.0,38.42468737275674
19.0,505.0,39.069071548385054
19.0,506.0,39.75156767454316
19.0,507.0,40.473505675913025
19.0,508.0,41.23599680352234
19.0,509.0,42.039859479008506
19.0,510.0,42.8855362781715
19.0,511.0,43.773003657350166
19.0,512.0,44.70167866964219
19.0,513.0,45.6703276258298
19.0,514.0,46.676984586361
19.0,515.0,47.71888814843614
19.0,516.0,48.792446990946374
19.0,517.0,49.893243427392925
19.0,518.0,51.0160833888978
19.0,519.0,52.155096593801176
19.0,520.0,53.30388622357934
19.0,521.0,54.45572011545431
19.0,522.0,55.6037502432505
19.0,523.0,56.74124188432342
19.0,524.0,57.86179308556907
19.0,525.0,58.95952585068343
19.0,526.0,60.02923577141579
19.0,527.0,61.066492186197415
19.0,528.0,62.067688088297736
19.0,529.0,63.03004366161563
19.0,530.0,63.95157171994385
19.0,531.0,64.83101446994448
19.0,532.0,65.66776186573776
19.0,533.0,66.46176023761083
19.0,534.0,67.21341883793988
19.0,535.0,67.92351952580097
19.0,536.0,68.59313354581924
19.0,537.0,69.22354731932775
19.0,538.0,69.8161984110074
19.0,539.0,70.3726215198743
19.0,540.0,70.89440414674048
19.0,541.0,71.3831508776172
19.0,542.0,71.84045537567593
19.0,543.0,72.26787883946066
19.0,544.0,72.66693397661233
19.0,545.0,73.0390734120372
19.0,546.0,73.38568174130783
19.0,547.0,73.70807041684816
19.0,548.0,74.00747487629167
19.0,549.0,74.28505336394902
19.0,550.0,74.5418870202813
19.0,551.0,74.7789809088295
19.0,552.0,74.99726566951688
19.0,553.0,75.19759963664785
19.0,554.0,75.38077117680727
19.0,555.0,75.54750121247166
19.0,556.0,75.69844571561855
19.0,557.0,75.8341982341689
19.0,558.0,75.95529223808646
19.0,559.0,76.06220342411379
19.0,560.0,76.15535175054873
19.0,561.0,76.23510340353616
19.0,562.0,76.30177243913327
19.0,563.0,76.35562235649543
19.0,564.0,76.39686731183662
19.0,565.0,76.42567327708
19.0,566.0,76.44215881361029
19.0,567.0,76.44639581041777
19.0,568.0,76.43840981499534
19.0,569.0,76.41818034976238
19.0,570.0,76.38564079870403
19.0,571.0,76.34067829938522
19.0,572.0,76.28313318052557
19.0,573.0,76.2127984220764
19.0,574.0,76.12941863323117
19.0,575.0,76.03268906684382
19.0,576.0,75.92225412118496
19.0,577.0,75.79770588913901
19.0,578.0,75.65858216208433
19.0,579.0,75.50436449074957
19.0,580.0,75.33447566816764
19.0,581.0,75.14827728051696
19.0,582.0,74.94506665154839
19.0,583.0,74.7240738724298
19.0,584.0,74.48445820774523
19.0,585.0,74.22530462011366
19.0,586.0,73.94561967643358
19.0,587.0,73.64432763673834
19.0,588.0,73.32026597247223
19.0,589.0,72.97218118673554
19.0,590.0,72.59872418517959
19.0,591.0,72.19844616249532
19.0,592.0,71.76979428267022
19.0,593.0,71.31110824235938
19.0,594.0,70.82061706584244
19.0,595.0,70.2964373921194
19.0,596.0,69.73657273008622
19.0,597.0,69.1389151772079
19.0,598.0,68.50124927843643
19.0,599.0,67.82125983205923
19.0,600.0,67.09654359911727
19.0,601.0,66.32462710345317
19.0,602.0,65.50299080967378
19.0,603.0,64.62910225463683
19.0,604.0,63.7004586931655
19.0,605.0,62.714642057107376
19.0,606.0,61.66938674643808
19.0,607.0,60.56266274751356
19.0,608.0,59.39277376083624
19.0,609.0,58.15847141023402
19.0,610.0,56.85908291531195
19.0,611.0,55.49465009180807
19.0,612.0,54.06607278962922
19.0,613.0,52.575249527451334
19.0,614.0,51.02520278407429
19.0,615.0,49.42017635748145
19.0,616.0,47.76568823683884
19.0,617.0,46.06852524048237
19.0,618.0,44.3366659526876
19.0,619.0,42.579126716056656
19.0,620.0,40.80573116352392
19.0,621.0,39.026816170361776
19.0,622.0,37.25289396210376
19.0,623.0,35.49429963884497
19.0,624.0,33.760853273069536
19.0,625.0,32.061565857545716
19.0,626.0,30.404408806960003
19.0,627.0,28.796159941894853
19.0,628.0,27.24232637469583
19.0,629.0,25.74713913437154
19.0,630.0,24.31360596672824
19.0,631.0,22.943608675086153
19.0,632.0,21.63802831819208
19.0,633.0,20.396885820433017
19.0,634.0,19.21948529403924
19.0,635.0,18.104553007998117
19.0,636.0,17.05036492125474
19.0,637.0,16.054860852137708
19.0,638.0,15.115742442191197
19.0,639.0,14.230556224837828
19.0,640.0,13.396761226335277
19.0,641.0,12.611783863584382
19.0,642.0,11.873060371653969
19.0,643.0,11.178069860190494
19.0,644.0,10.524358242976119
19.0,645.0,9.909555946522064
19.0,646.0,9.331389338300225
19.0,647.0,8.787688421762613
19.0,648.0,8.276390378264734
19.0,649.0,7.7955411520234135
19.0,650.0,7.343294348926477
19.0,651.0,6.917909362913859
19.0,652.0,6.5177477710029255
19.0,653.0,6.1412697041267315
19.0,654.0,5.787029078953563
19.0,655.0,5.453669254375914
19.0,656.0,5.139917899639481
19.0,657.0,4.844582540491685
19.0,658.0,4.56654551349361
19.0,659.0,4.304759728891516
19.0,660.0,4.058243943588308
19.0,661.0,3.826078898730743
19.0,662.0,3.607403013546707
19.0,663.0,3.4014089563355907
19.0,664.0,3.2073397865380033
19.0,665.0,3.0244859622371423
19.0,666.0,2.852181917239296
19.0,667.0,2.689803479259026
19.0,668.0,2.5367648487764227
19.0,669.0,2.3925163889092684
19.0,670.0,2.2565419647724196
19.0,671.0,2.1283570618685315
19.0,672.0,2.0075064433121126
19.0,673.0,1.893562554277566
19.0,674.0,1.7861234565785793
19.0,675.0,1.6848114798477662
19.0,676.0,1.5892713967099998
19.0,677.0,1.4991692855143157
19.0,678.0,1.4141909136440993
19.0,679.0,1.3340407809903285
19.0,680.0,1.2584406832258646
19.0,681.0,1.187128909386516
19.0,682.0,1.1198589609128773
19.0,683.0,1.056398880498593
19.0,684.0,0.9965301062491821
19.0,685.0,0.9400469122962362
19.0,686.0,0.8867553805086373
19.0,687.0,0.8364729362556647
19.0,688.0,0.7890274227504439
19.0,689.0,0.7442567178062005
19.0,690.0,0.7020078981358888
19.0,691.0,0.6621369250306899
19.0,692.0,0.6245078878329744
19.0,693.0,0.5889927482248102
19.0,694.0,0.5554706536835101
19.0,695.0,0.5238277315486789
19.0,696.0,0.4939564646068108
19.0,697.0,0.46575552735194964
19.0,698.0,0.43912921696913587
19.0,699.0,0.4139873252542076
19.0,700.0,0.3902446192106994
19.0,701.0,0.3678207429812034
19.0,702.0,0.346639743068503
19.0,703.0,0.32662999538158605
19.0,704.0,0.3077237707643396
19.0,705.0,0.2898571828965171
19.0,706.0,0.27296979038295677
19.0,707.0,0.25700456179235576
19.0,708.0,0.2419075110437903
19.0,709.0,0.22762767632953887
19.0,710.0,0.21411678594773764
19.0,711.0,0.20132924825244847
19.0,712.0,0.18922184543312132
19.0,713.0,0.1777537319760825
19.0,714.0,0.16688615419257383
19.0,715.0,0.15658245496943815
19.0,716.0,0.14680781710565133
19.0,717.0,0.13752927238327786
19.0,718.0,0.12871546699401296
19.0,719.0,0.12033667318030403
19.0,720.0,0.11236457522375462
19.0,721.0,0.10477228209547476
19.0,722.0,0.09753413264162226
19.0,723.0,0.09062570784554581
19.0,724.0,0.08402365398585404
19.0,725.0,0.0777056932540541
19.0,726.0,0.07165046378032336
19.0,727.0,0.06583752747187188
19.0,728.0,0.06024722590350601
19.0,729.0,0.054860684346135793
19.0,730.0,0.049659682605298516
19.0,731.0,0.044626654297982314
19.0,732.0,0.039744571794192586
19.0,733.0,0.03499693987513383
19.0,734.0,0.03036769399201863
19.0,735.0,0.025841187500923256
19.0,736.0,0.021402102500459895
19.0,737.0,0.01703542988933828
19.0,738.0,0.012726392081119678
19.0,739.0,0.008460415170504184
19.0,740.0,0.004223062849829805
19.0,741.0,0.0
20.0,0.0,0.0
20.0,1.0,0.0019401346056971982
20.0,2.0,0.003886834078882864
20.0,3.0,0.0058466865385465566
20.0,4.0,0.007826322012907963
20.0,5.0,0.00983244058328179
20.0,6.0,0.011871826748539814
20.0,7.0,0.013951382762176449
20.0,8.0,0.016078139010110872
20.0,9.0,0.018259292848229653
20.0,10.0,0.020502215310523396
20.0,11.0,0.022814495765120242
20.0,12.0,0.02520394528458921
20.0,13.0,0.02767864745368744
20.0,14.0,0.030246958753187825
20.0,15.0,0.03291756587249256
20.0,16.0,0.03569948348286978
20.0,17.0,0.03860211843306711
20.0,18.0,0.04163526531777076
20.0,19.0,0.044809177964806
20.0,20.0,0.04813456324045678
20.0,21.0,0.05162266027328908
20.0,22.0,0.055285232980291345
20.0,23.0,0.05913465751544113
20.0,24.0,0.06318391405017211
20.0,25.0,0.06744668298529927
20.0,26.0,0.07193733657695704
20.0,27.0,0.07667104450933473
20.0,28.0,0.08166376602400156
20.0,29.0,0.08693236551920061
20.0,30.0,0.09249460591761882
20.0,31.0,0.09836927503708308
20.0,32.0,0.10457618102082444
20.0,33.0,0.11113629031591447
20.0,34.0,0.11807172609267848
20.0,35.0,0.12540591877302112
20.0,36.0,0.13316360848396827
20.0,37.0,0.14137100920045412
20.0,38.0,0.1500558164145376
20.0,39.0,0.15924738609900907
20.0,40.0,0.16897674893165113
20.0,41.0,0.17927680545046926
20.0,42.0,0.19018234835506115
20.0,43.0,0.2017302754153345
20.0,44.0,0.21395962158393717
20.0,45.0,0.22691179144272175
20.0,46.0,0.2406306031064358
20.0,47.0,0.25516254225056756
20.0,48.0,0.2705568200732412
20.0,49.0,0.28686565125112184
20.0,50.0,0.30414432856096707
20.0,51.0,0.3224515274648544
20.0,52.0,0.341849400383598
20.0,53.0,0.36240391102783515
20.0,54.0,0.3841849517723063
20.0,55.0,0.4072667113357109
20.0,56.0,0.43172781923866005
20.0,57.0,0.45765175100419864
20.0,58.0,0.48512700430493694
20.0,59.0,0.514247546519827
20.0,60.0,0.5451130278995674
20.0,61.0,0.5778292770851903
20.0,62.0,0.612508557455933
20.0,63.0,0.6492701171004593
20.0,64.0,0.6882404954644662
20.0,65.0,0.7295541352687082
20.0,66.0,0.7733537476421619
20.0,67.0,0.8197909945926902
20.0,68.0,0.8690269219759504
20.0,69.0,0.9212327223116902
20.0,70.0,0.9765902461484097
20.0,71.0,1.035292856207659
20.0,72.0,1.0975460288566194
20.0,73.0,1.163568311612663
20.0,74.0,1.2335920273390868
20.0,75.0,1.3078643477976442
20.0,76.0,1.3866481135005888
20.0,77.0,1.470223035820925
20.0,78.0,1.558886644597554
20.0,79.0,1.652955629568506
20.0,80.0,1.752766924896308
20.0,81.0,1.8586791961821292
20.0,82.0,1.9710740645387588
20.0,83.0,2.090357736259755
20.0,84.0,2.2169623565147396
20.0,85.0,2.3513477618851106
20.0,86.0,2.494002931459631
20.0,87.0,2.6454478132971513
20.0,88.0,2.806234803001151
20.0,89.0,2.976950546837064
20.0,90.0,3.158217316439989
20.0,91.0,3.35069461385907
20.0,92.0,3.5550802141868862
20.0,93.0,3.7721112776478107
20.0,94.0,4.002564684237142
20.0,95.0,4.247257178177685
20.0,96.0,4.507044402271276
20.0,97.0,4.782819343028338
20.0,98.0,5.075509172004499
20.0,99.0,5.386070915625199
20.0,100.0,5.715484826217128
20.0,101.0,6.064745785493483
20.0,102.0,6.4348515014905825
20.0,103.0,6.826787748799391
20.0,104.0,7.24150935200431
20.0,105.0,7.679917172516804
20.0,106.0,8.142829887508215
20.0,107.0,8.630951052490465
20.0,108.0,9.144830633371974
20.0,109.0,9.684822131644843
20.0,110.0,10.251035376101635
20.0,111.0,10.843287287617688
20.0,112.0,11.461052132857406
20.0,113.0,12.10341521305025
20.0,114.0,12.769033162968922
20.0,115.0,13.456106239946113
20.0,116.0,14.162366623608134
20.0,117.0,14.885087974673246
20.0,118.0,15.621118787800357
20.0,119.0,16.366941745756662
20.0,120.0,17.118757091047684
20.0,121.0,17.872586711931056
20.0,122.0,18.624391322212986
20.0,123.0,19.370192773930103
20.0,124.0,20.10619123704482
20.0,125.0,20.828869285167794
20.0,126.0,21.53507526688247
20.0,127.0,22.22208265932742
20.0,128.0,22.887623420528385
20.0,129.0,23.52989754731208
20.0,130.0,24.147561374300512
20.0,131.0,24.739699861736064
20.0,132.0,25.305786893481358
20.0,133.0,25.845638964285442
20.0,134.0,26.359365432251522
20.0,135.0,26.847319281777065
20.0,136.0,27.310049913745047
20.0,137.0,27.748260268518766
20.0,138.0,28.162768356152732
20.0,139.0,28.55447431640901
20.0,140.0,28.924332195486706
20.0,141.0,29.273326929892892
20.0,142.0,29.602455327273958
20.0,143.0,29.912711303254444
20.0,144.0,30.205074075308705
20.0,145.0,30.48049956238579
20.0,146.0,30.739913752356184
20.0,147.0,30.984208367463786
20.0,148.0,31.21423770148614
20.0,149.0,31.43081705992616
20.0,150.0,31.634721789512547
20.0,151.0,31.826687417090913
20.0,152.0,32.0074099786413
20.0,153.0,32.177547125099636
20.0,154.0,32.33771915848473
20.0,155.0,32.48851062988722
20.0,156.0,32.630471706667066
20.0,157.0,32.76411996762421
20.0,158.0,32.88994187290867
20.0,159.0,33.00839458152461
20.0,160.0,33.119907392438414
20.0,161.0,33.22488348700179
20.0,162.0,33.323701271142404
20.0,163.0,33.4167159935998
20.0,164.0,33.50426095675377
20.0,165.0,33.586648990690115
20.0,166.0,33.664173522486465
20.0,167.0,33.737109902956675
20.0,168.0,33.80571633673149
20.0,169.0,33.870235067680994
20.0,170.0,33.93089317863119
20.0,171.0,33.98790364593817
20.0,172.0,34.041466020576514
20.0,173.0,34.091767364054384
20.0,174.0,34.13898282341841
20.0,175.0,34.183276460858856
20.0,176.0,34.22480173484699
20.0,177.0,34.26370223512999
20.0,178.0,34.300112081335655
20.0,179.0,34.33415657405747
20.0,180.0,34.36595252119117
20.0,181.0,34.39560881475068
20.0,182.0,34.423226694175945
20.0,183.0,34.4489002575965
20.0,184.0,34.47271667054215
20.0,185.0,34.494756619741835
20.0,186.0,34.515094475235095
20.0,187.0,34.533798694624004
20.0,188.0,34.55093194670501
20.0,189.0,34.566551474588415
20.0,190.0,34.580709189887386
20.0,191.0,34.59345200456283
20.0,192.0,34.6048219067484
20.0,193.0,34.614856273948014
20.0,194.0,34.623587945170264
20.0,195.0,34.63104553267454
20.0,196.0,34.63725351073378
20.0,197.0,34.642232549982324
20.0,198.0,34.64599965125033
20.0,199.0,34.64856853598761
20.0,200.0,34.649949864206604
20.0,201.0,34.65015172596088
20.0,202.0,34.64917999428123
20.0,203.0,34.647038973980564
20.0,204.0,34.643731949766746
20.0,205.0,34.63926205390637
20.0,206.0,34.63363306806518
20.0,207.0,34.62685055916051
20.0,208.0,34.61892296616031
20.0,209.0,34.60986300589835
20.0,210.0,34.59968900305031
20.0,211.0,34.58842646494458
20.0,212.0,34.576109478606135
20.0,213.0,34.56278219038323
20.0,214.0,34.54849991149527
20.0,215.0,34.53333005554681
20.0,216.0,34.51735244040057
20.0,217.0,34.5006591510188
20.0,218.0,34.48335355117776
20.0,219.0,34.46554871452304
20.0,220.0,34.44736500488098
20.0,221.0,34.42892722087721
20.0,222.0,34.410361208553304
20.0,223.0,34.39179047744317
20.0,224.0,34.37333281191936
20.0,225.0,34.35509740079906
20.0,226.0,34.33718241377841
20.0,227.0,34.31967340234154
20.0,228.0,34.30264230479329
20.0,229.0,34.28614726357484
20.0,230.0,34.270232917316775
20.0,231.0,34.25493127707385
20.0,232.0,34.24026281843953
20.0,233.0,34.226237883630375
20.0,234.0,34.2128580608579
20.0,235.0,34.20011766467901
20.0,236.0,34.188005043274906
20.0,237.0,34.176503872074896
20.0,238.0,34.165594211870605
20.0,239.0,34.155253513759
20.0,240.0,34.145457385154266
20.0,241.0,34.136180306642565
20.0,242.0,34.127396135751006
20.0,243.0,34.11907858364364
20.0,244.0,34.11120151358362
20.0,245.0,34.103739237354525
20.0,246.0,34.09666666670905
20.0,247.0,34.08995948385464
20.0,248.0,34.083594194568555
20.0,249.0,34.077548215466514
20.0,250.0,34.07179986525428
20.0,251.0,34.0663283996156
20.0,252.0,34.06111396605904
20.0,253.0,34.056137607400984
20.0,254.0,34.05138119705819
20.0,255.0,34.046827424733465
20.0,256.0,34.042459722797055
20.0,257.0,34.03826224261912
20.0,258.0,34.03421977843685
20.0,259.0,34.03031773931692
20.0,260.0,34.02654207410918
20.0,261.0,34.02287924177912
20.0,262.0,34.01931613926361
20.0,263.0,34.0158400714996
20.0,264.0,34.01243868288722
20.0,265.0,34.009099927472526
20.0,266.0,34.005812004050625
20.0,267.0,34.00256332644042
20.0,268.0,33.99934246186423
20.0,269.0,33.9961381009501
20.0,270.0,33.99293899879919
20.0,271.0,33.98973394418327
20.0,272.0,33.98651170259104
20.0,273.0,33.98326098400345
20.0,274.0,33.979970387157664
20.0,275.0,33.97662836525426
20.0,276.0,33.97322317067509
20.0,277.0,33.96974281799571
20.0,278.0,33.96617502844093
20.0,279.0,33.96250718965154
20.0,280.0,33.95872629927581
20.0,281.0,33.95481892109855
20.0,282.0,33.95077112738653
20.0,283.0,33.94656845128034
20.0,284.0,33.94219582790209
20.0,285.0,33.937637543420344
20.0,286.0,33.9328771755947
20.0,287.0,33.92789754078228
20.0,288.0,33.9226806356964
20.0,289.0,33.917207585026205
20.0,290.0,33.9114585879641
20.0,291.0,33.9054128713417
20.0,292.0,33.899048647267726
20.0,293.0,33.89234308013222
20.0,294.0,33.88527226593283
20.0,295.0,33.87781122664932
20.0,296.0,33.869933928032395
20.0,297.0,33.86161332220468
20.0,298.0,33.85282142928119
20.0,299.0,33.843529458898594
20.0,300.0,33.83370799203303
20.0,301.0,33.823327224025135
20.0,302.0,33.812357295154435
20.0,303.0,33.80076870932931
20.0,304.0,33.78853287157195
20.0,305.0,33.77562274206769
20.0,306.0,33.76201363733592
20.0,307.0,33.747684167356525
20.0,308.0,33.73261733010134
20.0,309.0,33.71680173209389
20.0,310.0,33.70023293315192
20.0,311.0,33.68291484816235
20.0,312.0,33.66486116472047
20.0,313.0,33.646096660833294
20.0,314.0,33.626658335827564
20.0,315.0,33.606596196069376
20.0,316.0,33.585973586020046
20.0,317.0,33.564866908535514
20.0,318.0,33.54336466874988
20.0,319.0,33.52156577105697
20.0,320.0,33.499577133831465
20.0,321.0,33.47751070773746
20.0,322.0,33.45548012432866
20.0,323.0,33.433597192942884
20.0,324.0,33.41196854900652
20.0,325.0,33.390692671009596
20.0,326.0,33.369857494332074
20.0,327.0,33.349538705546
20.0,328.0,33.32979878478199
20.0,329.0,33.310686721978264
20.0,330.0,33.29223834575807
20.0,331.0,33.274477103690025
20.0,332.0,33.25741519030065
20.0,333.0,33.241054857857435
20.0,334.0,33.225389830322534
20.0,335.0,33.21040669667932
20.0,336.0,33.19608625110787
20.0,337.0,33.18240470348458
20.0,338.0,33.169334768353
20.0,339.0,33.15684659027699
20.0,340.0,33.1449085383231
20.0,341.0,33.13348784650136
20.0,342.0,33.12255114327513
20.0,343.0,33.11206485466191
20.0,344.0,33.1019955253596
20.0,345.0,33.092310044030185
20.0,346.0,33.08297581397874
20.0,347.0,33.073960854587156
20.0,348.0,33.06523386985195
20.0,349.0,33.05676426829827
20.0,350.0,33.048522165448595
20.0,351.0,33.04047835264052
20.0,352.0,33.03260425845518
20.0,353.0,33.02487188696901
20.0,354.0,33.017253754521576
20.0,355.0,33.00972281052201
20.0,356.0,33.00225235967697
20.0,357.0,32.99481597325741
20.0,358.0,32.987387402598785
20.0,359.0,32.979940485209326
20.0,360.0,32.97244905248388
20.0,361.0,32.96488683271557
20.0,362.0,32.95722735409097
20.0,363.0,32.9494438451633
20.0,364.0,32.94150913298427
20.0,365.0,32.933395540624836
20.0,366.0,32.92507477951038
20.0,367.0,32.91651784293873
20.0,368.0,32.907694891161995
20.0,369.0,32.89857513942396
20.0,370.0,32.88912673397421
20.0,371.0,32.8793166328532
20.0,372.0,32.86911047077826
20.0,373.0,32.85847243071008
20.0,374.0,32.84736509540035
20.0,375.0,32.835749307679926
20.0,376.0,32.82358400642519
20.0,377.0,32.81082607355844
20.0,378.0,32.797430152339345
20.0,379.0,32.78334847935378
20.0,380.0,32.76853068349337
20.0,381.0,32.75292360189348
20.0,382.0,32.73647105893878
20.0,383.0,32.719113666464615
20.0,384.0,32.700788583959636
20.0,385.0,32.68142930579367
20.0,386.0,32.66096540701243
20.0,387.0,32.63932232455687
20.0,388.0,32.616421098467136
20.0,389.0,32.592178160998074
20.0,390.0,32.56650509185885
20.0,391.0,32.53930844022729
20.0,392.0,32.51048952652222
20.0,393.0,32.4799443395152
20.0,394.0,32.447563438264375
20.0,395.0,32.41323199223608
20.0,396.0,32.376829867972326
20.0,397.0,32.338231916880275
20.0,398.0,32.29730837415491
20.0,399.0,32.2539255481058
20.0,400.0,32.207946713825315
20.0,401.0,32.15923341724425
20.0,402.0,32.107647106996964
20.0,403.0,32.053051324409104
20.0,404.0,31.99531436498982
20.0,405.0,31.93431265318934
20.0,406.0,31.86993471807112
20.0,407.0,31.802085991810447
20.0,408.0,31.730694248618615
20.0,409.0,31.655715829171818
20.0,410.0,31.577142327771945
20.0,411.0,31.495007732056468
20.0,412.0,31.409395472599474
20.0,413.0,31.32044515194978
20.0,414.0,31.228358159362042
20.0,415.0,31.133401750134055
20.0,416.0,31.035910660756723
20.0,417.0,30.93628587195847
20.0,418.0,30.834989788643142
20.0,419.0,30.732537897812914
20.0,420.0,30.62948680440375
20.0,421.0,30.52641950805135
20.0,422.0,30.423928611194885
20.0,423.0,30.322599001815206
20.0,424.0,30.222991064215815
20.0,425.0,30.125625976150047
20.0,426.0,30.030973752787222
20.0,427.0,29.939444945530436
20.0,428.0,29.851385835837426
20.0,429.0,29.767077260041596
20.0,430.0,29.68673624464082
20.0,431.0,29.610520168823598
20.0,432.0,29.538532406312044
20.0,433.0,29.47082915972433
20.0,434.0,29.407426545203435
20.0,435.0,29.3483078605176
20.0,436.0,29.29343031634952
20.0,437.0,29.242731413338753
20.0,438.0,29.196134435683202
20.0,439.0,29.153553427880567
20.0,440.0,29.11489723736486
20.0,441.0,29.080073094821326
20.0,442.0,29.04898935699049
20.0,443.0,29.021557931528157
20.0,444.0,28.997696006951934
20.0,445.0,28.977327623243
20.0,446.0,28.9603846831972
20.0,447.0,28.946807942742023
20.0,448.0,28.936547550442832
20.0,449.0,28.929563673971042
20.0,450.0,28.925826754091432
20.0,451.0,28.925317924945123
20.0,452.0,28.928029114493437
20.0,453.0,28.93396336770701
20.0,454.0,28.94313488320789
20.0,455.0,28.955569312455374
20.0,456.0,28.97130379221436
20.0,457.0,28.99038726798252
20.0,458.0,29.012880561743174
20.0,459.0,29.03885675169207
20.0,460.0,29.06840130197482
20.0,461.0,29.101612520842835
20.0,462.0,29.13860177154524
20.0,463.0,29.179494025445997
20.0,464.0,29.224428169274187
20.0,465.0,29.27355766705194
20.0,466.0,29.3270509773122
20.0,467.0,29.385092336920867
20.0,468.0,29.447882301809955
20.0,469.0,29.5156386662196
20.0,470.0,29.588597141359372
20.0,471.0,29.667012424708744
20.0,472.0,29.751159032313243
20.0,473.0,29.841332534082134
20.0,474.0,29.93785055664795
20.0,475.0,30.04105420153725
20.0,476.0,30.151309236038706
20.0,477.0,30.269007710939984
20.0,478.0,30.394569355733644
20.0,479.0,30.528443410158715
20.0,480.0,30.67111023588205
20.0,481.0,30.823083369542896
20.0,482.0,30.98491135349896
20.0,483.0,31.15718000458298
20.0,484.0,31.340514448012943
20.0,485.0,31.535581571159906
20.0,486.0,31.743092211739793
20.0,487.0,31.963803722708136
20.0,488.0,32.198522209966654
20.0,489.0,32.44810506279996
20.0,490.0,32.713463045178365
20.0,491.0,32.99556253116576
20.0,492.0,33.29542711007408
20.0,493.0,33.61413908782842
20.0,494.0,33.95284004686004
20.0,495.0,34.31273090735194
20.0,496.0,34.69507056132693
20.0,497.0,35.101173405883095
20.0,498.0,35.53240472462284
20.0,499.0,35.990174093513275
20.0,500.0,36.475925611480356
20.0,501.0,36.991124962893345
20.0,502.0,37.53724196550981
20.0,503.0,38.115728470570204
20.0,504.0,38.72799019765963
20.0,505.0,39.37535236631348
20.0,506.0,40.05901785925816
20.0,507.0,40.78001810236146
20.0,508.0,41.539156007103365
20.0,509.0,42.33694207857452
20.0,510.0,43.17352437495267
20.0,511.0,44.04861515712926
20.0,512.0,44.96141707953439
20.0,513.0,45.91055417451275
20.0,514.0,46.89401296906689
20.0,515.0,47.90910109351476
20.0,516.0,48.95243000021878
20.0,517.0,50.019928933175926
20.0,518.0,51.10689458294489
20.0,519.0,52.2080790255889
20.0,520.0,53.317813690555944
20.0,521.0,54.43016374491628
20.0,522.0,55.539102288947966
20.0,523.0,56.63869180533855
20.0,524.0,57.723258352029596
20.0,525.0,58.78754591538308
20.0,526.0,59.826840369701316
20.0,527.0,60.837057353775194
20.0,528.0,61.814791911418865
20.0,529.0,62.75733236683137
20.0,530.0,63.66264302220505
20.0,531.0,64.52932263954344
20.0,532.0,65.35654552856414
20.0,533.0,66.14399237056483
20.0,534.0,66.89177637138384
20.0,535.0,67.60036971548482
20.0,536.0,68.27053347690435
20.0,537.0,68.90325349498636
20.0,538.0,69.49968325565229
20.0,539.0,70.06109450031296
20.0,540.0,70.58883531282594
20.0,541.0,71.08429543883155
20.0,542.0,71.54887802638748
20.0,543.0,71.9839771696513
20.0,544.0,72.39096034128747
20.0,545.0,72.77115505096829
20.0,546.0,73.12583893517844
20.0,547.0,73.45623270750059
20.0,548.0,73.76349536940569
20.0,549.0,74.04872123162174
20.0,550.0,74.31293834238325
20.0,551.0,74.55710797502954
20.0,552.0,74.78212494063784
20.0,553.0,74.98881844755785
20.0,554.0,75.17795341065525
20.0,555.0,75.35023196923852
20.0,556.0,75.5062952254006
20.0,557.0,75.64672497261742
20.0,558.0,75.77204551368622
20.0,559.0,75.8827253292797
20.0,560.0,75.97917876823372
20.0,561.0,76.06176749866111
20.0,562.0,76.1308019526859
20.0,563.0,76.18654247251028
20.0,564.0,76.22920044551809
20.0,565.0,76.25893909870972
20.0,566.0,76.27587429077553
20.0,567.0,76.28007493082957
20.0,568.0,76.27156341003561
20.0,569.0,76.25031563150627
20.0,570.0,76.21626107100876
20.0,571.0,76.16928240887839
20.0,572.0,76.10921521104413
20.0,573.0,76.03584715400179
20.0,574.0,75.94891731657154
20.0,575.0,75.84811498774717
20.0,576.0,75.73307855839191
20.0,577.0,75.60339390121736
20.0,578.0,75.45859285218802
20.0,579.0,75.29815115431502
20.0,580.0,75.12148652351799
20.0,581.0,74.9279561564586
20.0,582.0,74.71685438875217
20.0,583.0,74.48740978629792
20.0,584.0,74.23878243068836
20.0,585.0,73.97006065038863
20.0,586.0,73.68025801756113
20.0,587.0,73.3683098405906
20.0,588.0,73.03307004128892
20.0,589.0,72.67330763942594
20.0,590.0,72.2877038184308
20.0,591.0,71.87484880848837
20.0,592.0,71.43323966917833
20.0,593.0,70.96127825135603
20.0,594.0,70.45727056183952
20.0,595.0,69.91942689440572
20.0,596.0,69.34586413543055
20.0,597.0,68.73460974108455
20.0,598.0,68.0836090288425
20.0,599.0,67.39073546427989
20.0,600.0,66.6538058617811
20.0,601.0,65.8706003925141
20.0,602.0,65.03888959201726
20.0,603.0,64.15646842820674
20.0,604.0,63.22119978020394
20.0,605.0,62.231067346514195
20.0,606.0,61.18424014846597
20.0,607.0,60.07914809999439
20.0,608.0,58.914569920425784
20.0,609.0,57.68973139795502
20.0,610.0,56.40441327015114
20.0,611.0,55.05906400696267
20.0,612.0,53.65491348384001
20.0,613.0,52.19407906438282
20.0,614.0,50.67965630572429
20.0,615.0,49.11578251081158
20.0,616.0,47.507663426193666
20.0,617.0,45.861551591951404
20.0,618.0,44.18467005614988
20.0,619.0,42.48507689361646
20.0,620.0,40.77147458790158
20.0,621.0,39.05297229366293
20.0,622.0,37.338817939779084
20.0,623.0,35.638118819487424
20.0,624.0,33.959573691387305
20.0,625.0,32.31123502069744
20.0,626.0,30.70031835478905
20.0,627.0,29.13306679953762
20.0,628.0,27.614674722740485
20.0,629.0,26.149266039971955
20.0,630.0,24.739920896240797
20.0,631.0,23.38873913201496
20.0,632.0,22.096930966684248
20.0,633.0,20.86492297204619
20.0,634.0,19.692471716800334
20.0,635.0,18.578776416553985
20.0,636.0,17.522586777842623
20.0,637.0,16.522301103611735
20.0,638.0,15.576054160251742
20.0,639.0,14.681792562983338
20.0,640.0,13.837339222593261
20.0,641.0,13.04044604112736
20.0,642.0,12.288837321056697
20.0,643.0,11.580243590714485
20.0,644.0,10.912428526905915
20.0,645.0,10.28320868787415
20.0,646.0,9.69046861095751
20.0,647.0,9.132170789178192
20.0,648.0,8.606362838410995
20.0,649.0,8.111181125941687
20.0,650.0,7.644852926735286
20.0,651.0,7.205696163591598
20.0,652.0,6.792118593081925
20.0,653.0,6.402615329980582
20.0,654.0,6.0357664167260365
20.0,655.0,5.6902332173186885
20.0,656.0,5.364755229553512
20.0,657.0,5.058146022605785
20.0,658.0,4.76928981366922
20.0,659.0,4.497137348797557
20.0,660.0,4.240702544164373
20.0,661.0,3.9990585326766714
20.0,662.0,3.77133452966484
20.0,663.0,3.5567121572987523
20.0,664.0,3.354422608338742
20.0,665.0,3.163743293744019
20.0,666.0,2.9839953271449433
20.0,667.0,2.8145405024818073
20.0,668.0,2.6547790931612503
20.0,669.0,2.5041471455636595
20.0,670.0,2.362114571893934
20.0,671.0,2.228182735085717
20.0,672.0,2.1018828076564615
20.0,673.0,1.982773619542279
20.0,674.0,1.870440253352415
20.0,675.0,1.7644921262551745
20.0,676.0,1.6645617927511187
20.0,677.0,1.570303233222534
20.0,678.0,1.481390837406895
20.0,679.0,1.3975178746163306
20.0,680.0,1.318395633724997
20.0,681.0,1.2437520527781172
20.0,682.0,1.173330994071282
20.0,683.0,1.1068910135769756
20.0,684.0,1.0442047523547
20.0,685.0,0.9850578287589602
20.0,686.0,0.9292483298613369
20.0,687.0,0.8765858116926107
20.0,688.0,0.8268908765365167
20.0,689.0,0.7799942684777007
20.0,690.0,0.7357365243361227
20.0,691.0,0.6939671535482093
20.0,692.0,0.6545443521654662
20.0,693.0,0.6173342576091133
20.0,694.0,0.5822107165806749
20.0,695.0,0.5490546065270004
20.0,696.0,0.5177536495318236
20.0,697.0,0.4882017934360045
20.0,698.0,0.46029906482439614
20.0,699.0,0.43395100369168643
20.0,700.0,0.40906854953346966
20.0,701.0,0.3855675242550226
20.0,702.0,0.3633685461415888
20.0,703.0,0.34239655639667355
20.0,704.0,0.3225807564236041
20.0,705.0,0.30385417396947473
20.0,706.0,0.2861536197146148
20.0,707.0,0.26941928950343685
20.0,708.0,0.25359473672456634
20.0,709.0,0.23862650754342213
20.0,710.0,0.22446412597521903
20.0,711.0,0.21105975940694546
20.0,712.0,0.19836821362811738
20.0,713.0,0.18634662625093432
20.0,714.0,0.17495446927778785
20.0,715.0,0.16415326830531063
20.0,716.0,0.1539066104801115
20.0,717.0,0.14417988761146353
20.0,718.0,0.13494030760330736
20.0,719.0,0.12615665980669602
20.0,720.0,0.11779932822158828
20.0,721.0,0.1098400775982567
20.0,722.0,0.10225206688081168
20.0,723.0,0.09500965472024102
20.0,724.0,0.08808841178633572
20.0,725.0,0.08146494448692147
20.0,726.0,0.07511690490872831
20.0,727.0,0.06902283165024642
20.0,728.0,0.06316215626746748
20.0,729.0,0.05751506022377591
20.0,730.0,0.052062476815376145
20.0,731.0,0.04678596332248323
20.0,732.0,0.0416676974732944
20.0,733.0,0.03669036394792958
20.0,734.0,0.03183714451038305
20.0,735.0,0.027091618071377173
20.0,736.0,0.022437743675970546
20.0,737.0,0.01785977337468652
20.0,738.0,0.013342227301272247
20.0,739.0,0.008869818633899785
20.0,740.0,0.004427420033685031
20.0,741.0,0.0
21.0,0.0,0.0
21.0,1.0,0.0020272803844397103
21.0,2.0,0.00406142061550489
21.0,3.0,0.00610930238592443
21.0,4.0,0.008177856036617717
21.0,5.0,0.010274077758491507
21.0,6.0,0.01240506166234681
21.0,7.0,0.014578012652183737
21.0,8.0,0.016800284079221784
21.0,9.0,0.019079386611024228
21.0,10.0,0.021423031794748745
21.0,11.0,0.023839137259388785
21.0,12.0,0.026335876526695712
21.0,13.0,0.028921680901506847
21.0,14.0,0.03160529588681081
21.0,15.0,0.034395780139760634
21.0,16.0,0.037302568870372046
21.0,17.0,0.040335470268752366
21.0,18.0,0.043504736295290135
21.0,19.0,0.046821057018299445
21.0,20.0,0.05029563923773228
21.0,21.0,0.05394019921237041
21.0,22.0,0.05776704959962414
21.0,23.0,0.061789091098233245
21.0,24.0,0.06601990823427774
21.0,25.0,0.07047376049983005
21.0,26.0,0.07516568757069565
21.0,27.0,0.08011150058448477
21.0,28.0,0.08532789743977595
21.0,29.0,0.0908324549297015
21.0,30.0,0.09664375484631398
21.0,31.0,0.10278137776924827
21.0,32.0,0.1092660407844029
21.0,33.0,0.11611959382301541
21.0,34.0,0.12336516990192171
21.0,35.0,0.1310271850181811
21.0,36.0,0.1391315019310021
21.0,37.0,0.14770543474290257
21.0,38.0,0.1567779273730759
21.0,39.0,0.16637956410034646
21.0,40.0,0.17654276402686644
21.0,41.0,0.187301799023617
21.0,42.0,0.19869300565488873
21.0,43.0,0.21075481215704978
21.0,44.0,0.22352796949179696
21.0,45.0,0.237055589207166
21.0,46.0,0.2513833955151429
21.0,47.0,0.2665597761348247
21.0,48.0,0.2826360575523658
21.0,49.0,0.299666571234839
21.0,50.0,0.31770895453300796
21.0,51.0,0.33682423498642977
21.0,52.0,0.3570771596781274
21.0,53.0,0.3785363007329822
21.0,54.0,0.40127441633438343
21.0,55.0,0.4253685809554089
21.0,56.0,0.4509005817073518
21.0,57.0,0.47795707734275555
21.0,58.0,0.5066300341301003
21.0,59.0,0.5370169182343905
21.0,60.0,0.5692211759050197
21.0,61.0,0.6033524644753598
21.0,62.0,0.6395271823115587
21.0,63.0,0.6778687443737551
21.0,64.0,0.7185081680941542
21.0,65.0,0.7615844001949709
21.0,66.0,0.8072449654226581
21.0,67.0,0.8556463520893385
21.0,68.0,0.9069547313412678
21.0,69.0,0.961346409619128
21.0,70.0,1.0190086267988732
21.0,71.0,1.08014008434046
21.0,72.0,1.1449518310619329
21.0,73.0,1.2136678759757145
21.0,74.0,1.2865261703965873
21.0,75.0,1.363779314034605
21.0,76.0,1.4456956411929538
21.0,77.0,1.5325600270873945
21.0,78.0,1.6246750834175818
21.0,79.0,1.7223620683059953
21.0,80.0,1.8259621915137532
21.0,81.0,1.935837624575103
21.0,82.0,2.052372906809499
21.0,83.0,2.1759760402348487
21.0,84.0,2.3070799719204778
21.0,85.0,2.446143738180408
21.0,86.0,2.5936539731741326
21.0,87.0,2.7501260344308216
21.0,88.0,2.9161054468085963
21.0,89.0,3.092168890495128
21.0,90.0,3.2789254263401344
21.0,91.0,3.477017149859228
21.0,92.0,3.6871199491842885
21.0,93.0,3.9099435138814256
21.0,94.0,4.1462312392006195
21.0,95.0,4.396759115380608
21.0,96.0,4.662334200893094
21.0,97.0,4.9437916978378915
21.0,98.0,5.241991168222319
21.0,99.0,5.55781082715966
21.0,100.0,5.892140384669723
21.0,101.0,6.245871292875123
21.0,102.0,6.61988481839406
21.0,103.0,7.01503675357758
21.0,104.0,7.432139196734126
21.0,105.0,7.871938271561118
21.0,106.0,8.335088370283618
21.0,107.0,8.822122046534698
21.0,108.0,9.333416553805835
21.0,109.0,9.869156726822265
21.0,110.0,10.429295971082357
21.0,111.0,11.013516002056623
21.0,112.0,11.621188200725562
21.0,113.0,12.251338386566553
21.0,114.0,12.902618970568145
21.0,115.0,13.573291111162783
21.0,116.0,14.261221156255587
21.0,117.0,14.963893551898677
21.0,118.0,15.678443105634699
21.0,119.0,16.401706353058614
21.0,120.0,17.13029157965358
21.0,121.0,17.860663366603873
21.0,122.0,18.589237377856747
21.0,123.0,19.31247815679581
21.0,124.0,20.02699391315149
21.0,125.0,20.7296210686034
21.0,126.0,21.417494278160728
21.0,127.0,22.0880977962983
21.0,128.0,22.739297739536532
21.0,129.0,23.369354994465603
21.0,130.0,23.97692165869588
21.0,131.0,24.56102319590186
21.0,132.0,25.121030587433914
21.0,133.0,25.656625104158554
21.0,134.0,26.167759660256845
21.0,135.0,26.65461855099459
21.0,136.0,27.11757844016948
21.0,137.0,27.557171239745227
21.0,138.0,27.974050645837277
21.0,139.0,28.368962029503553
21.0,140.0,28.742716677022017
21.0,141.0,29.09616950684158
21.0,142.0,29.43020084652059
21.0,143.0,29.745701141042456
21.0,144.0,30.043559021463533
21.0,145.0,30.32465154868892
21.0,146.0,30.589837051029296
21.0,147.0,30.839949413413333
21.0,148.0,31.07579428887745
21.0,149.0,31.298146169332828
21.0,150.0,31.507746853418766
21.0,151.0,31.70530433044973
21.0,152.0,31.891492678608312
21.0,153.0,32.06695206757549
21.0,154.0,32.232289509683056
21.0,155.0,32.388079506785644
21.0,156.0,32.5348652679661
21.0,157.0,32.67315968933008
21.0,158.0,32.8034467894068
21.0,159.0,32.926182825245206
21.0,160.0,33.04179779140655
21.0,161.0,33.150696553339806
21.0,162.0,33.25326031894046
21.0,163.0,33.34984772106667
21.0,164.0,33.4407962114151
21.0,165.0,33.52642305646654
21.0,166.0,33.60702662904651
21.0,167.0,33.682887302047256
21.0,168.0,33.75426862862729
21.0,169.0,33.821418130027176
21.0,170.0,33.88456836446351
21.0,171.0,33.94393761215435
21.0,172.0,33.99973083796473
21.0,173.0,34.0521402803261
21.0,174.0,34.101346315165436
21.0,175.0,34.147517957012916
21.0,176.0,34.19081363271885
21.0,177.0,34.23138160351763
21.0,178.0,34.269360657168946
21.0,179.0,34.304880459616264
21.0,180.0,34.33806217391012
21.0,181.0,34.36901874971813
21.0,182.0,34.397855476989335
21.0,183.0,34.424670221184726
21.0,184.0,34.44955391933702
21.0,185.0,34.47259076867046
21.0,186.0,34.49385867268545
21.0,187.0,34.513429391008486
21.0,188.0,34.531368943576794
21.0,189.0,34.547737730310125
21.0,190.0,34.562590902613096
21.0,191.0,34.57597846304007
21.0,192.0,34.58794561544827
21.0,193.0,34.59853285753529
21.0,194.0,34.60777632438249
21.0,195.0,34.61570789090339
21.0,196.0,34.62235552851404
21.0,197.0,34.62774344037771
21.0,198.0,34.63189245764269
21.0,199.0,34.63482023780941
21.0,200.0,34.63654173495749
21.0,201.0,34.6370694996697
21.0,202.0,34.63641426529344
21.0,203.0,34.63458539402516
21.0,204.0,34.63159162464088
21.0,205.0,34.627441708115605
21.0,206.0,34.62214535409079
21.0,207.0,34.615714081435186
21.0,208.0,34.60816236973815
21.0,209.0,34.599508702887356
21.0,210.0,34.58977686532149
21.0,211.0,34.578997069265085
21.0,212.0,34.56720722791956
21.0,213.0,34.554453933799365
21.0,214.0,34.54079341186359
21.0,215.0,34.526291997032644
21.0,216.0,34.51102638271669
21.0,217.0,34.49508321631541
21.0,218.0,34.47855831447643
21.0,219.0,34.46155515712597
21.0,220.0,34.44418301484746
21.0,221.0,34.42655449286591
21.0,222.0,34.40878294244226
21.0,223.0,34.390979624718995
21.0,224.0,34.37325111430206
21.0,225.0,34.35569684061962
21.0,226.0,34.33840719180172
21.0,227.0,34.32146200332555
21.0,228.0,34.30492973390217
21.0,229.0,34.288867052560924
21.0,230.0,34.27331903161923
21.0,231.0,34.258319612343406
21.0,232.0,34.243892485887294
21.0,233.0,34.230052055774046
21.0,234.0,34.21680462167174
21.0,235.0,34.20414948606095
21.0,236.0,34.192080143109905
21.0,237.0,34.18058529608983
21.0,238.0,34.16964988262411
21.0,239.0,34.15925589242659
21.0,240.0,34.14938316757294
21.0,241.0,34.14000999737135
21.0,242.0,34.13111369865849
21.0,243.0,34.12267101172041
21.0,244.0,34.114658496369955
21.0,245.0,34.10705277055433
21.0,246.0,34.09983076588442
21.0,247.0,34.09296985151489
21.0,248.0,34.08644798911929
21.0,249.0,34.080243778143085
21.0,250.0,34.07433654226873
21.0,251.0,34.068706323674846
21.0,252.0,34.06333392468235
21.0,253.0,34.05820087080403
21.0,254.0,34.05328942413483
21.0,255.0,34.04858252866514
21.0,256.0,34.04406380649739
21.0,257.0,34.03971749421144
21.0,258.0,34.03552842903444
21.0,259.0,34.03148198174448
21.0,260.0,34.027564037187034
21.0,261.0,34.023760926959724
21.0,262.0,34.020059406838925
21.0,263.0,34.01644659100764
21.0,264.0,34.012909927761996
21.0,265.0,34.009437136089986
21.0,266.0,34.00601618026663
21.0,267.0,34.00263520899051
21.0,268.0,33.99928252900258
21.0,269.0,33.99594654661984
21.0,270.0,33.99261574022739
21.0,271.0,33.98927860383367
21.0,272.0,33.98592361812467
21.0,273.0,33.98253919555321
21.0,274.0,33.979113649570095
21.0,275.0,33.97563514072369
21.0,276.0,33.97209164367815
21.0,277.0,33.96847089383044
21.0,278.0,33.964760351790126
21.0,279.0,33.96094715012764
21.0,280.0,33.95701805514122
21.0,281.0,33.952959413559306
21.0,282.0,33.94875711169569
21.0,283.0,33.94439652229082
21.0,284.0,33.93986246161947
21.0,285.0,33.935139137250005
21.0,286.0,33.93021010441958
21.0,287.0,33.92505821643741
21.0,288.0,33.9196655828251
21.0,289.0,33.914013525563
21.0,290.0,33.908082543311615
21.0,291.0,33.901852278934356
21.0,292.0,33.89530149683715
21.0,293.0,33.888408070493426
21.0,294.0,33.88114898388104
21.0,295.0,33.87350035240911
21.0,296.0,33.86543746489802
21.0,297.0,33.85693485760602
21.0,298.0,33.847966420310954
21.0,299.0,33.838505550968996
21.0,300.0,33.82852535779352
21.0,301.0,33.81799893052913
21.0,302.0,33.80689967835445
21.0,303.0,33.795201760222334
21.0,304.0,33.782880602069596
21.0,305.0,33.76991352770414
21.0,306.0,33.75628049086959
21.0,307.0,33.74196493041744
21.0,308.0,33.726954721996144
21.0,309.0,33.71124323411156
21.0,310.0,33.69483043782881
21.0,311.0,33.6777240530602
21.0,312.0,33.65994064726432
21.0,313.0,33.6415066382538
21.0,314.0,33.622459083830826
21.0,315.0,33.60284618817142
21.0,316.0,33.58272739690483
21.0,317.0,33.56217302496771
21.0,318.0,33.54126332761052
21.0,319.0,33.5200870294587
21.0,320.0,33.498739316072346
21.0,321.0,33.47731941491182
21.0,322.0,33.45592787865709
21.0,323.0,33.43466378733377
21.0,324.0,33.413622030939095
21.0,325.0,33.39289088979268
21.0,326.0,33.372550024009996
21.0,327.0,33.35266900131815
21.0,328.0,33.33330636456407
21.0,329.0,33.314509257661236
21.0,330.0,33.29631351572697
21.0,331.0,33.27874416884894
21.0,332.0,33.261816225289294
21.0,333.0,33.24553567089892
21.0,334.0,33.22990055983589
21.0,335.0,33.214902156600864
21.0,336.0,33.20052603613328
21.0,337.0,33.18675313465719
21.0,338.0,33.17356069004727
21.0,339.0,33.160923090700194
21.0,340.0,33.14881259444705
21.0,341.0,33.13719995190663
21.0,342.0,33.12605490858103
21.0,343.0,33.11534662625667
21.0,344.0,33.105044003674365
21.0,345.0,33.09511593725807
21.0,346.0,33.08553150365936
21.0,347.0,33.07626010203204
21.0,348.0,33.06727153806381
21.0,349.0,33.058536083512024
21.0,350.0,33.05002449336871
21.0,351.0,33.041708009881695
21.0,352.0,33.03355833612207
21.0,353.0,33.02554760383486
21.0,354.0,33.01764831951956
21.0,355.0,33.00983330910411
21.0,356.0,33.002075647129956
21.0,357.0,32.99434858651082
21.0,358.0,32.98662547741195
21.0,359.0,32.97887968699671
21.0,360.0,32.97108451180109
21.0,361.0,32.9632130900631
21.0,362.0,32.95523830950023
21.0,363.0,32.947132713262945
21.0,364.0,32.93886840375821
21.0,365.0,32.93041694223466
21.0,366.0,32.92174924845895
21.0,367.0,32.912835493257546
21.0,368.0,32.90364499330389
21.0,369.0,32.894146095496865
21.0,370.0,32.88430606576684
21.0,371.0,32.87409096389633
21.0,372.0,32.86346552505456
21.0,373.0,32.85239302353363
21.0,374.0,32.84083514566478
21.0,375.0,32.82875184096253
21.0,376.0,32.81610118518976
21.0,377.0,32.80283921762249
21.0,378.0,32.78891979338881
21.0,379.0,32.774294406089474
21.0,380.0,32.758912029270554
21.0,381.0,32.74271892463118
21.0,382.0,32.72565847381888
21.0,383.0,32.7076709741964
21.0,384.0,32.68869346440816
21.0,385.0,32.668659512576475
21.0,386.0,32.64749904278075
21.0,387.0,32.625138125219806
21.0,388.0,32.60149881660346
21.0,389.0,32.576498969120465
21.0,390.0,32.55005210678538
21.0,391.0,32.52206728116975
21.0,392.0,32.492449019314755
21.0,393.0,32.46109727060091
21.0,394.0,32.427907481516534
21.0,395.0,32.392770701376634
21.0,396.0,32.35557386654856
21.0,397.0,32.316200164198946
21.0,398.0,32.27452964412766
21.0,399.0,32.23043997887959
21.0,400.0,32.183807563016344
21.0,401.0,32.134508850178484
21.0,402.0,32.08242213928387
21.0,403.0,32.027429701466744
21.0,404.0,31.969420470983053
21.0,405.0,31.90829317011568
21.0,406.0,31.84396008290673
21.0,407.0,31.776351297427958
21.0,408.0,31.705419586591596
21.0,409.0,31.63114565154213
21.0,410.0,31.553543801922498
21.0,411.0,31.47266764786276
21.0,412.0,31.388615735099638
21.0,413.0,31.301536517854
21.0,414.0,31.211632459021605
21.0,415.0,31.119162520116063
21.0,416.0,31.024442799645982
21.0,417.0,30.9278446305559
21.0,418.0,30.829790109850546
21.0,419.0,30.730744703269927
21.0,420.0,30.63120739001421
21.0,421.0,30.531698529291074
21.0,422.0,30.432746476983652
21.0,423.0,30.33487356161522
21.0,424.0,30.238582711609972
21.0,425.0,30.14434532739247
21.0,426.0,30.05259145797833
21.0,427.0,29.963702416956085
21.0,428.0,29.87800636551405
21.0,429.0,29.795776427350944
21.0,430.0,29.71723140243729
21.0,431.0,29.642538281211245
21.0,432.0,29.571816442769315
21.0,433.0,29.505142659621907
21.0,434.0,29.442556854263163
21.0,435.0,29.384067831740047
21.0,436.0,29.329659105869716
21.0,437.0,29.279294193243576
21.0,438.0,29.232921665775862
21.0,439.0,29.19047945522182
21.0,440.0,29.15189882597945
21.0,441.0,29.117107575782004
21.0,442.0,29.08603295483813
21.0,443.0,29.058603884334353
21.0,444.0,29.0347530021909
21.0,445.0,29.014418110071144
21.0,446.0,28.99754356605609
21.0,447.0,28.98408117611122
21.0,448.0,28.97399113610601
21.0,449.0,28.967242551817495
21.0,450.0,28.96381409353462
21.0,451.0,28.963694286961083
21.0,452.0,28.9668820025056
21.0,453.0,28.973386620892924
21.0,454.0,28.98322844430822
21.0,455.0,28.996438809742628
21.0,456.0,29.013060482552763
21.0,457.0,29.033147768009428
21.0,458.0,29.056766928953117
21.0,459.0,29.083996330473475
21.0,460.0,29.11492691067596
21.0,461.0,29.149662383280422
21.0,462.0,29.18831978247369
21.0,463.0,29.231029741989378
21.0,464.0,29.277937130254923
21.0,465.0,29.329201421000146
21.0,466.0,29.384997432362766
21.0,467.0,29.4455158023535
21.0,468.0,29.51096384446072
21.0,469.0,29.581566140671228
21.0,470.0,29.657565525782413
21.0,471.0,29.739223810558165
21.0,472.0,29.82682290685801
21.0,473.0,29.920665693338
21.0,474.0,30.021077293052297
21.0,475.0,30.128406093240546
21.0,476.0,30.243025185506838
21.0,477.0,30.365333548796094
21.0,478.0,30.495757658560404
21.0,479.0,30.634752836742322
21.0,480.0,30.782805028938213
21.0,481.0,30.940432315155984
21.0,482.0,31.108186840516048
21.0,483.0,31.286656462831193
21.0,484.0,31.476466799289796
21.0,485.0,31.67828295717212
21.0,486.0,31.892811620961552
21.0,487.0,32.12080276439785
21.0,488.0,32.363051641935314
21.0,489.0,32.620400304791325
21.0,490.0,32.89373926700252
21.0,491.0,33.18400853288483
21.0,492.0,33.492198567200965
21.0,493.0,33.81935037107759
21.0,494.0,34.166555181469306
21.0,495.0,34.53495289025441
21.0,496.0,34.92572961446981
21.0,497.0,35.340113426387006
21.0,498.0,35.77936856659161
21.0,499.0,36.24478704594732
21.0,500.0,36.73767784044601
21.0,501.0,37.2593524869289
21.0,502.0,37.811107186483056
21.0,503.0,38.394200179800166
21.0,504.0,39.009824495973746
21.0,505.0,39.65907494405093
21.0,506.0,40.34290965687049
21.0,507.0,41.06210545812876
21.0,508.0,41.817207951462684
21.0,509.0,42.60847647344712
21.0,510.0,43.435825929977725
21.0,511.0,44.29876708337472
21.0,512.0,45.19634892307977
21.0,513.0,46.12710643342715
21.0,514.0,47.08901899595243
21.0,515.0,48.07948398451003
21.0,516.0,49.095311242809366
21.0,517.0,50.13274236986666
21.0,518.0,51.187498405448096
21.0,519.0,52.25485625271244
21.0,520.0,53.32975244854904
21.0,521.0,54.40690887998298
21.0,522.0,55.48097333392746
21.0,523.0,56.546664898464364
21.0,524.0,57.598914496427525
21.0,525.0,58.632990596141084
21.0,526.0,59.64460293312225
21.0,527.0,60.629978921110315
21.0,528.0,61.58591125602145
21.0,529.0,62.50977718327621
21.0,530.0,63.39953286034157
21.0,531.0,64.25368692635661
21.0,532.0,65.07125875501157
21.0,533.0,65.8517261882958
21.0,534.0,66.59496772210657
21.0,535.0,67.30120274930849
21.0,536.0,67.97093317383226
21.0,537.0,68.60488830776586
21.0,538.0,69.20397469907778
21.0,539.0,69.76923142869316
21.0,540.0,70.30179135163971
21.0,541.0,70.80284800188593
21.0,542.0,71.27362799443914
21.0,543.0,71.71536829416218
21.0,544.0,72.1292979253212
21.0,545.0,72.51662343731263
21.0,546.0,72.878517654846
21.0,547.0,73.21611112225386
21.0,548.0,73.53048581681942
21.0,549.0,73.82267068867252
21.0,550.0,74.09363867124209
21.0,551.0,74.34430487203191
21.0,552.0,74.57552564655217
21.0,553.0,74.78809840131206
21.0,554.0,74.98276186610182
21.0,555.0,75.16019679649328
21.0,556.0,75.32102686204732
21.0,557.0,75.46581977684129
21.0,558.0,75.59508842436207
21.0,559.0,75.7092921137131
21.0,560.0,75.8088377014037
21.0,561.0,75.89408078474749
21.0,562.0,75.9653266729955
21.0,563.0,76.02283140345953
21.0,564.0,76.06680247340559
21.0,565.0,76.09739961092097
21.0,566.0,76.11473521534546
21.0,567.0,76.11887484296709
21.0,568.0,76.1098373252436
21.0,569.0,76.08759494555746
21.0,570.0,76.05207321652507
21.0,571.0,76.00315073285053
21.0,572.0,75.94065859550537
21.0,573.0,75.86437993050367
21.0,574.0,75.7740489515509
21.0,575.0,75.6693501379151
21.0,576.0,75.54991693071065
21.0,577.0,75.41533056732771
21.0,578.0,75.26511841226196
21.0,579.0,75.09875245339292
21.0,580.0,74.91564727910414
21.0,581.0,74.7151582564224
21.0,582.0,74.4965791860409
21.0,583.0,74.25914020865449
21.0,584.0,74.00200520405964
21.0,585.0,73.72426951676898
21.0,586.0,73.42495722284015
21.0,587.0,73.10301883889984
21.0,588.0,72.75732867253504
21.0,589.0,72.38668279416414
21.0,590.0,71.98979683006547
21.0,591.0,71.56530465299456
21.0,592.0,71.11175719266554
21.0,593.0,70.62762256237276
21.0,594.0,70.11128677539486
21.0,595.0,69.5610563970163
21.0,596.0,68.97516249118348
21.0,597.0,68.35176738968013
21.0,598.0,67.68897376112541
21.0,599.0,66.98483771451735
21.0,600.0,66.23738554855812
21.0,601.0,65.4446360817493
21.0,602.0,64.60462827367313
21.0,603.0,63.715456190303776
21.0,604.0,62.7753109806716
21.0,605.0,61.782531807706775
21.0,606.0,60.73566502830717
21.0,607.0,59.63353300003797
21.0,608.0,58.47531084989602
21.0,609.0,57.26061129594453
21.0,610.0,55.989574079230046
21.0,611.0,54.66295795795863
21.0,612.0,53.28222928449673
21.0,613.0,51.849642485732154
21.0,614.0,50.36830394331103
21.0,615.0,48.84221273490034
21.0,616.0,47.276268981220056
21.0,617.0,45.676244289862794
21.0,618.0,44.048708210788874
21.0,619.0,42.4009107719751
21.0,620.0,40.74062261661838
21.0,621.0,39.075941696964534
21.0,622.0,37.415076793079564
21.0,623.0,35.76612391624007
21.0,624.0,34.13684981671116
21.0,625.0,32.5344986732069
21.0,626.0,30.96563219702627
21.0,627.0,29.436012158768698
21.0,628.0,27.950526788422362
21.0,629.0,26.513161205289933
21.0,630.0,25.127005686828333
21.0,631.0,23.79429639045514
21.0,632.0,22.516479132171344
21.0,633.0,21.294289841087153
21.0,634.0,20.127843010550002
21.0,635.0,19.01672365906093
21.0,636.0,17.960076611007363
21.0,637.0,16.956691276322335
21.0,638.0,16.005078241465622
21.0,639.0,15.103538023874464
21.0,640.0,14.2502200461029
21.0,641.0,13.443173502292142
21.0,642.0,12.680389098927638
21.0,643.0,11.959833941477049
21.0,644.0,11.279478887630482
21.0,645.0,10.63732078188449
21.0,646.0,10.031398902174546
21.0,647.0,9.459807948123819
21.0,648.0,8.920706769767527
21.0,649.0,8.41232499824516
21.0,650.0,7.932966611204455
21.0,651.0,7.4810124192247125
21.0,652.0,7.054920356058906
21.0,653.0,6.653225408023282
21.0,654.0,6.2745379488657065
21.0,655.0,5.9175421963254395
21.0,656.0,5.580993474861004
21.0,657.0,5.263715910683593
21.0,658.0,4.964599191133645
21.0,659.0,4.682595947271684
21.0,660.0,4.416718362062947
21.0,661.0,4.1660355121853545
21.0,662.0,3.9296700329507894
21.0,663.0,3.706795574625885
21.0,664.0,3.496633638759511
21.0,665.0,3.2984512301323545
21.0,666.0,3.1115579205500747
21.0,667.0,2.935303731629736
21.0,668.0,2.7690764464358155
21.0,669.0,2.612299730893889
21.0,670.0,2.4644306927944037
21.0,671.0,2.3249582340381494
21.0,672.0,2.193400845067861
21.0,673.0,2.0693051719704614
21.0,674.0,1.9522440287382476
21.0,675.0,1.841815159594758
21.0,676.0,1.7376394493214278
21.0,677.0,1.6393598601886303
21.0,678.0,1.5466398204398641
21.0,679.0,1.4591623157324851
21.0,680.0,1.3766284368318118
21.0,681.0,1.2987566067773195
21.0,682.0,1.2252812703422342
21.0,683.0,1.1559522398055984
21.0,684.0,1.090533510444724
21.0,685.0,1.028802709556968
21.0,686.0,0.9705500239812086
21.0,687.0,0.9155777387331093
21.0,688.0,0.8636992641940947
21.0,689.0,0.8147387523268825
21.0,690.0,0.7685302126761354
21.0,691.0,0.7249171955847695
21.0,692.0,0.6837519875009306
21.0,693.0,0.6448953519115773
21.0,694.0,0.6082157956448369
21.0,695.0,0.5735893593802636
21.0,696.0,0.5408989476826344
21.0,697.0,0.5100341619493984
21.0,698.0,0.4808906878246663
21.0,699.0,0.4533701643177747
21.0,700.0,0.4273796230392302
21.0,701.0,0.4028313879846854
21.0,702.0,0.37964256172244026
21.0,703.0,0.3577349509985237
21.0,704.0,0.3370345956015799
21.0,705.0,0.3174717155200687
21.0,706.0,0.298980278727188
21.0,707.0,0.281497966121918
21.0,708.0,0.26496577492482487
21.0,709.0,0.24932799807081193
21.0,710.0,0.23453186029557185
21.0,711.0,0.22052750902815862
21.0,712.0,0.20726768058555106
21.0,713.0,0.19470769994496975
21.0,714.0,0.1828051747573827
21.0,715.0,0.1715200016692263
21.0,716.0,0.16081408612058629
21.0,717.0,0.15065135313907374
21.0,718.0,0.14099749110984314
21.0,719.0,0.13181996518543648
21.0,720.0,0.1230877834069941
21.0,721.0,0.11477151106684166
21.0,722.0,0.10684305772679828
21.0,723.0,0.09927569103848075
21.0,724.0,0.0920438433485647
21.0,725.0,0.08512312362805345
21.0,726.0,0.07849014247827547
21.0,727.0,0.07212252094712066
21.0,728.0,0.06599873285563587
21.0,729.0,0.060098109388510415
21.0,730.0,0.05440069775118571
21.0,731.0,0.048887260515398025
21.0,732.0,0.04353914969227863
21.0,733.0,0.03833829989298072
21.0,734.0,0.03326711696557758
21.0,735.0,0.028308464096917313
21.0,736.0,0.023445564211262104
21.0,737.0,0.018661978193518548
21.0,738.0,0.013941520286327499
21.0,739.0,0.009268227657504213
21.0,740.0,0.00462628806032539
21.0,741.0,0.0
22.0,0.0,0.0
22.0,1.0,0.0021118071597177918
22.0,2.0,0.004230759021116914
22.0,3.0,0.006364025572567751
22.0,4.0,0.008518822374983836
22.0,5.0,0.010702441172729334
22.0,6.0,0.012922265504075344
22.0,7.0,0.015185806962065606
22.0,8.0,0.01750071646150672
22.0,9.0,0.019874826482331152
22.0,10.0,0.02231615833608323
22.0,11.0,0.024832970735658363
22.0,12.0,0.027433763419972446
22.0,13.0,0.0301273324100011
22.0,14.0,0.03292277037096925
22.0,15.0,0.035829528935598765
22.0,16.0,0.038857416209026746
22.0,17.0,0.04201666656640358
22.0,18.0,0.045317935737218845
22.0,19.0,0.04877237851626469
22.0,20.0,0.05239164190157637
22.0,21.0,0.056187951195766625
22.0,22.0,0.06017410171592434
22.0,23.0,0.06436355380701039
22.0,24.0,0.06877042369345514
22.0,25.0,0.07340958797837024
22.0,26.0,0.07829667426600924
22.0,27.0,0.08344817578080108
22.0,28.0,0.08888144245818175
22.0,29.0,0.09461480638683878
22.0,30.0,0.10066757414372521
22.0,31.0,0.10706016384252226
22.0,32.0,0.11381409957811209
22.0,33.0,0.12095216095539836
22.0,34.0,0.12849838061053073
22.0,35.0,0.13647820719834858
22.0,36.0,0.144918507073819
22.0,37.0,0.1538477418351931
22.0,38.0,0.1632959753812756
22.0,39.0,0.17329506724286234
22.0,40.0,0.1838786863817
22.0,41.0,0.19508252169713955
22.0,42.0,0.20694430410334871
22.0,43.0,0.21950403577389208
22.0,44.0,0.23280402222759813
22.0,45.0,0.24688912207378236
22.0,46.0,0.2618067910571049
22.0,47.0,0.2776073542934787
22.0,48.0,0.2943440644734827
22.0,49.0,0.3120733988369394
22.0,50.0,0.3308551340163096
22.0,51.0,0.3507526702898278
22.0,52.0,0.37183312586407113
22.0,53.0,0.3941676912745249
22.0,54.0,0.41783174626301006
22.0,55.0,0.4429052475630204
22.0,56.0,0.46947287192464865
22.0,57.0,0.4976244409308261
22.0,58.0,0.5274550941593918
22.0,59.0,0.5590657551234073
22.0,60.0,0.5925633390327448
22.0,61.0,0.6280612644297434
22.0,62.0,0.6656797005101733
22.0,63.0,0.7055461295188349
22.0,64.0,0.7477956390899472
22.0,65.0,0.7925715409459668
22.0,66.0,0.8400257141804289
22.0,67.0,0.8903192862147885
22.0,68.0,0.9436230333041394
22.0,69.0,1.0001181299630748
22.0,70.0,1.0599966131135563
22.0,71.0,1.123462206147849
22.0,72.0,1.190730852875962
22.0,73.0,1.2620316218221268
22.0,74.0,1.337607315178575
22.0,75.0,1.4177154574716315
22.0,76.0,1.5026289826404917
22.0,77.0,1.5926373083029601
22.0,78.0,1.6880471001635458
22.0,79.0,1.789183427908357
22.0,80.0,1.8963905993639374
22.0,81.0,2.0100333852809733
22.0,82.0,2.1304979044611683
22.0,83.0,2.2581928904682553
22.0,84.0,2.393550591045699
22.0,85.0,2.5370280274017944
22.0,86.0,2.6891078434205538
22.0,87.0,2.850299473788091
22.0,88.0,3.0211398362945756
22.0,89.0,3.2021942735600915
22.0,90.0,3.3940569193001684
22.0,91.0,3.5973512032789166
22.0,92.0,3.8127296327393263
22.0,93.0,4.040873544147544
22.0,94.0,4.2824919168983095
22.0,95.0,4.53831991206159
22.0,96.0,4.809116172454227
22.0,97.0,5.0956595067871335
22.0,98.0,5.398743932499757
22.0,99.0,5.719172655938581
22.0,100.0,6.057749906440062
22.0,101.0,6.415271170521119
22.0,102.0,6.792510710857153
22.0,103.0,7.190206926771243
22.0,104.0,7.609044476904761
22.0,105.0,8.049633827250545
22.0,106.0,8.512487313084918
22.0,107.0,8.997992652993211
22.0,108.0,9.506383378909847
22.0,109.0,10.037707632400029
22.0,110.0,10.591795419498123
22.0,111.0,11.168226523840762
22.0,112.0,11.766299979929629
22.0,113.0,12.385008119529882
22.0,114.0,13.02301678309968
22.0,115.0,13.678655148466113
22.0,116.0,14.349916781931531
22.0,117.0,15.034474811544042
22.0,118.0,15.729711594915491
22.0,119.0,16.4327638687038
22.0,120.0,17.14058127584947
22.0,121.0,17.849996496649432
22.0,122.0,18.55780222277038
22.0,123.0,19.260831095157496
22.0,124.0,19.956032677939042
22.0,125.0,20.640543589185846
22.0,126.0,21.311746027819304
22.0,127.0,21.9673129224623
22.0,128.0,22.605237598701834
22.0,129.0,23.223848951405685
22.0,130.0,23.821812495034695
22.0,131.0,24.398120191034277
22.0,132.0,24.952070658214215
22.0,133.0,25.48324321752119
22.0,134.0,25.99146736397386
22.0,135.0,26.476790677814442
22.0,136.0,26.93944607771385
22.0,137.0,27.37982061469845
22.0,138.0,27.798425900217982
22.0,139.0,28.195871617421272
22.0,140.0,28.57284158073744
22.0,141.0,28.930073280738643
22.0,142.0,29.268340004034858
22.0,143.0,29.58843619014139
22.0,144.0,29.8911649472024
22.0,145.0,30.177328282072562
22.0,146.0,30.447718930604832
22.0,147.0,30.70311433319125
22.0,148.0,30.94427167319084
22.0,149.0,31.17192455586134
22.0,150.0,31.386780303332554
22.0,151.0,31.589518487503167
22.0,152.0,31.780789737864982
22.0,153.0,31.96121548669764
22.0,154.0,32.131387743731885
22.0,155.0,32.29186959377815
22.0,156.0,32.44319555522325
22.0,157.0,32.58587251357052
22.0,158.0,32.72038040484098
22.0,159.0,32.847173374554835
22.0,160.0,32.966680616764094
22.0,161.0,33.07930762312272
22.0,162.0,33.18543707068744
22.0,163.0,33.285430077219466
22.0,164.0,33.379627073078545
22.0,165.0,33.46834901326617
22.0,166.0,33.55189819654341
22.0,167.0,33.63055940710616
22.0,168.0,33.70460066193992
22.0,169.0,33.77427426923253
22.0,170.0,33.83981749617728
22.0,171.0,33.90145354000055
22.0,172.0,33.959392115213184
22.0,173.0,34.013830338348335
22.0,174.0,34.06495323760051
22.0,175.0,34.11293455531767
22.0,176.0,34.157937185113134
22.0,177.0,34.200113897700305
22.0,178.0,34.23960771162312
22.0,179.0,34.27655254874282
22.0,180.0,34.311073545186225
22.0,181.0,34.34328764308835
22.0,182.0,34.373303848536665
22.0,183.0,34.40122376632458
22.0,184.0,34.42714181182142
22.0,185.0,34.45114569572075
22.0,186.0,34.47331659709528
22.0,187.0,34.4937296056283
22.0,188.0,34.51245386381617
22.0,189.0,34.52955297515005
22.0,190.0,34.54508512471177
22.0,191.0,34.5591034634426
22.0,192.0,34.57165621846477
22.0,193.0,34.582787066157515
22.0,194.0,34.59253524664257
22.0,195.0,34.60093594207495
22.0,196.0,34.60802041398819
22.0,197.0,34.613816408034104
22.0,198.0,34.618348338172105
22.0,199.0,34.62163774469939
22.0,200.0,34.62370355488819
22.0,201.0,34.624562626359676
22.0,202.0,34.62423011791171
22.0,203.0,34.62272015248005
22.0,204.0,34.6200463309272
22.0,205.0,34.61622254320803
22.0,206.0,34.61126364575857
22.0,207.0,34.60518642879053
22.0,208.0,34.598010446484615
22.0,209.0,34.58975910422346
22.0,210.0,34.580460572680536
22.0,211.0,34.57014888669285
22.0,212.0,34.55886479026861
22.0,213.0,34.54665664775452
22.0,214.0,34.53358097733048
22.0,215.0,34.519702899787745
22.0,216.0,34.50509607276363
22.0,217.0,34.489842404816606
22.0,218.0,34.474031168959584
22.0,219.0,34.45775785050014
22.0,220.0,34.44112243360136
22.0,221.0,34.42422752630672
22.0,222.0,34.40717611821053
22.0,223.0,34.39006941687332
22.0,224.0,34.373004604157586
22.0,225.0,34.356072945008336
22.0,226.0,34.33935806994167
22.0,227.0,34.32293479027109
22.0,228.0,34.30686820462593
22.0,229.0,34.29121336379013
22.0,230.0,34.27601519463461
22.0,231.0,34.26130888265243
22.0,232.0,34.247120391373905
22.0,233.0,34.23346728976222
22.0,234.0,34.220359578722416
22.0,235.0,34.20780068800611
22.0,236.0,34.19578836657899
22.0,237.0,34.18431564886514
22.0,238.0,34.173371655019224
22.0,239.0,34.162942417218105
22.0,240.0,34.15301151976314
22.0,241.0,34.143560748049424
22.0,242.0,34.13457055633184
22.0,243.0,34.126020545912354
22.0,244.0,34.11788977961175
22.0,245.0,34.11015711618109
22.0,246.0,34.10280140240258
22.0,247.0,34.095801696105596
22.0,248.0,34.089137367514
22.0,249.0,34.08278824077508
22.0,250.0,34.07673463172294
22.0,251.0,34.07095743230169
22.0,252.0,34.065438105951266
22.0,253.0,34.06015873334742
22.0,254.0,34.05510198094569
22.0,255.0,34.050251121243605
22.0,256.0,34.04558998533891
22.0,257.0,34.04110296680098
22.0,258.0,34.03677496553225
22.0,259.0,34.03259138128305
22.0,260.0,34.02853805352109
22.0,261.0,34.02460124845481
22.0,262.0,34.02076759781111
22.0,263.0,34.01702408173815
22.0,264.0,34.013357968165074
22.0,265.0,34.009756792951826
22.0,266.0,34.00620830069103
22.0,267.0,34.00270042281407
22.0,268.0,33.99922122016903
22.0,269.0,33.99575885937215
22.0,270.0,33.992301557167515
22.0,271.0,33.98883755505799
22.0,272.0,33.985355065262354
22.0,273.0,33.98184224352174
22.0,274.0,33.97828713638244
22.0,275.0,33.97467765202754
22.0,276.0,33.97100150861051
22.0,277.0,33.96724620299838
22.0,278.0,33.963398959963655
22.0,279.0,33.959446698852844
22.0,280.0,33.95537598362857
22.0,281.0,33.951172987722316
22.0,282.0,33.946823445240604
22.0,283.0,33.942312614670605
22.0,284.0,33.937625232083974
22.0,285.0,33.93274547501134
22.0,286.0,33.927656919284026
22.0,287.0,33.922342505385735
22.0,288.0,33.916784501790865
22.0,289.0,33.91096447758375
22.0,290.0,33.90486327694866
22.0,291.0,33.89846100400384
22.0,292.0,33.89173701567201
22.0,293.0,33.88466992771611
22.0,294.0,33.87723763677586
22.0,295.0,33.86941736069597
22.0,296.0,33.8611857051814
22.0,297.0,33.85251875671101
22.0,298.0,33.84339221492071
22.0,299.0,33.833781562337805
22.0,300.0,33.82366228954866
22.0,301.0,33.81301017149791
22.0,302.0,33.8018016169274
22.0,303.0,33.79001408343668
22.0,304.0,33.77762658196573
22.0,305.0,33.764620257417405
22.0,306.0,33.75097906705218
22.0,307.0,33.7366905329837
22.0,308.0,33.72174658211946
22.0,309.0,33.70614443290427
22.0,310.0,33.68988752650359
22.0,311.0,33.67298643821773
22.0,312.0,33.65545974569225
22.0,313.0,33.63733476451598
22.0,314.0,33.618648109924486
22.0,315.0,33.59944598087673
22.0,316.0,33.57978412652197
22.0,317.0,33.559727405524775
22.0,318.0,33.53934893497644
22.0,319.0,33.51872879261212
22.0,320.0,33.49795234111
22.0,321.0,33.47710821587596
22.0,322.0,33.45628612210676
22.0,323.0,33.43557454167391
22.0,324.0,33.41505852987036
22.0,325.0,33.39481770175431
22.0,326.0,33.3749245554909
22.0,327.0,33.35544317167501
22.0,328.0,33.336428360620026
22.0,329.0,33.31792521730945
22.0,330.0,33.29996908553556
22.0,331.0,33.2825858360846
22.0,332.0,33.26579242534895
22.0,333.0,33.24959762346255
22.0,334.0,33.23400287858182
22.0,335.0,33.2190032191983
22.0,336.0,33.20458818046009
22.0,337.0,33.19074268009079
22.0,338.0,33.17744785242201
22.0,339.0,33.164681788239506
22.0,340.0,33.15242020608787
22.0,341.0,33.1406370182976
22.0,342.0,33.129304827036584
22.0,343.0,33.1183953226869
22.0,344.0,33.10787962332603
22.0,345.0,33.097728532087615
22.0,346.0,33.087912750631546
22.0,347.0,33.07840302749193
22.0,348.0,33.06917027677757
22.0,349.0,33.06018564702818
22.0,350.0,33.05142057192236
22.0,351.0,33.042846783619915
22.0,352.0,33.03443631626849
22.0,353.0,33.026161481829895
22.0,354.0,33.01799484147706
22.0,355.0,33.00990915665834
22.0,356.0,33.00187733876197
22.0,357.0,32.99387238402162
22.0,358.0,32.98586730821796
22.0,359.0,32.97783507093814
22.0,360.0,32.969748499454774
22.0,361.0,32.961580205641134
22.0,362.0,32.953302501313814
22.0,363.0,32.944887309567434
22.0,364.0,32.936306072590796
22.0,365.0,32.92752965813865
22.0,366.0,32.91852825997147
22.0,367.0,32.90927129948775
22.0,368.0,32.89972731837695
22.0,369.0,32.889863874997936
22.0,370.0,32.879647428496526
22.0,371.0,32.869043229276635
22.0,372.0,32.858015193680274
22.0,373.0,32.84652578783627
22.0,374.0,32.83453589202795
22.0,375.0,32.822004677335954
22.0,376.0,32.80888945906126
22.0,377.0,32.795145565958535
22.0,378.0,32.78072618261869
22.0,379.0,32.76558221182293
22.0,380.0,32.74966210675599
22.0,381.0,32.73291172826992
22.0,382.0,32.71527416941038
22.0,383.0,32.69668961142621
22.0,384.0,32.67709514566515
22.0,385.0,32.65642463538476
22.0,386.0,32.63460854407003
22.0,387.0,32.61157381503594
22.0,388.0,32.58724372127323
22.0,389.0,32.56153778221576
22.0,390.0,32.53437165916416
22.0,391.0,32.5056571393497
22.0,392.0,32.47530211382226
22.0,393.0,32.443210674119875
22.0,394.0,32.40928322726243
22.0,395.0,32.37341677084084
22.0,396.0,32.33550522307446
22.0,397.0,32.2954399681337
22.0,398.0,32.253110507490774
22.0,399.0,32.208405396997286
22.0,400.0,32.161213355490645
22.0,401.0,32.11142474269752
22.0,402.0,32.05893328321067
22.0,403.0,32.003638246560534
22.0,404.0,31.945446941119293
22.0,405.0,31.8842777307197
22.0,406.0,31.82006339354195
22.0,407.0,31.75275500723464
22.0,408.0,31.68232611169845
22.0,409.0,31.608777275011754
22.0,410.0,31.532140709378048
22.0,411.0,31.452484970436252
22.0,412.0,31.369919256125282
22.0,413.0,31.28459723745673
22.0,414.0,31.196719823515977
22.0,415.0,31.10653674573675
22.0,416.0,31.014346346351125
22.0,417.0,30.920493550643315
22.0,418.0,30.825365568294917
22.0,419.0,30.72938559253983
22.0,420.0,30.633004380257354
22.0,421.0,30.53669039219272
22.0,422.0,30.440918739925408
22.0,423.0,30.346159935698903
22.0,424.0,30.252868842232342
22.0,425.0,30.161474834961645
22.0,426.0,30.07237339076537
22.0,427.0,29.985919831338304
22.0,428.0,29.9024250392686
22.0,429.0,29.822153497066157
22.0,430.0,29.745323096964842
22.0,431.0,29.672106815071473
22.0,432.0,29.60263550507947
22.0,433.0,29.537001842754933
22.0,434.0,29.475264661843294
22.0,435.0,29.41745379187851
22.0,436.0,29.36357472071463
22.0,437.0,29.313613324905006
22.0,438.0,29.267540090085372
22.0,439.0,29.225314187915004
22.0,440.0,29.186886905333044
22.0,441.0,29.15220488204182
22.0,442.0,29.12121268961304
22.0,443.0,29.09385526343907
22.0,444.0,29.070079729145046
22.0,445.0,29.049837165684444
22.0,446.0,29.03308383638703
22.0,447.0,29.019782447202292
22.0,448.0,29.009902943684235
22.0,449.0,29.003423416522065
22.0,450.0,29.000330604069354
22.0,451.0,29.000620570207687
22.0,452.0,29.004299022805306
22.0,453.0,29.01138185976076
22.0,454.0,29.021895386070234
22.0,455.0,29.03587679846556
22.0,456.0,29.05337436107677
22.0,457.0,29.074447879199877
22.0,458.0,29.09916887646876
22.0,459.0,29.12762109379244
22.0,460.0,29.15990069884765
22.0,461.0,29.196116836194303
22.0,462.0,29.23639189172592
22.0,463.0,29.280862113337584
22.0,464.0,29.32967794768913
22.0,465.0,29.383004746590565
22.0,466.0,29.441023190149487
22.0,467.0,29.503930091441628
22.0,468.0,29.571938918091178
22.0,469.0,29.64528070613279
22.0,470.0,29.724204690680715
22.0,471.0,29.808979338561016
22.0,472.0,29.899893097368224
22.0,473.0,29.997255554842766
22.0,474.0,30.10139831364195
22.0,475.0,30.212676282840555
22.0,476.0,30.331468682340986
22.0,477.0,30.45818046733573
22.0,478.0,30.593243460327677
22.0,479.0,30.737117901571178
22.0,480.0,30.890293696554714
22.0,481.0,31.053292072387023
22.0,482.0,31.226666911962674
22.0,483.0,31.411006475151947
22.0,484.0,31.606934764327775
22.0,485.0,31.815113235992303
22.0,486.0,32.03624210106785
22.0,487.0,32.27106190156495
22.0,488.0,32.52035458639681
22.0,489.0,32.78494475121684
22.0,490.0,33.06570023782782
22.0,491.0,33.36353272374157
22.0,492.0,33.67939746008003
22.0,493.0,34.01429273986985
22.0,494.0,34.369258205013146
22.0,495.0,34.745372509381475
22.0,496.0,35.143749383269636
22.0,497.0,35.565532537256196
22.0,498.0,36.011888378862004
22.0,499.0,36.48399689447801
22.0,500.0,36.98303960407079
22.0,501.0,37.51018487226344
22.0,502.0,38.06656945689111
22.0,503.0,38.65327657300375
22.0,504.0,39.27130942843994
22.0,505.0,39.92156064524965
22.0,506.0,40.604776794646234
22.0,507.0,41.321518845889415
22.0,508.0,42.07211833725242
22.0,509.0,42.85663080713386
22.0,510.0,43.674787250442606
22.0,511.0,44.525946228192936
22.0,512.0,45.409048622116046
22.0,513.0,46.32257884622233
22.0,514.0,47.264535556911675
22.0,515.0,48.232416301221384
22.0,516.0,49.223219189698604
22.0,517.0,50.233465187183164
22.0,518.0,51.25924230212364
22.0,519.0,52.29627240005625
22.0,520.0,53.33999826909795
22.0,521.0,54.38568753435437
22.0,522.0,55.42854712841528
22.0,523.0,56.463841760047
22.0,524.0,57.487008381804394
22.0,525.0,58.49376007081976
22.0,526.0,59.480173085503665
22.0,527.0,60.4427536115251
22.0,528.0,61.378481935998956
22.0,529.0,62.284834636364884
22.0,530.0,63.15978623107533
22.0,531.0,64.0017936907356
22.0,532.0,64.80976711795208
22.0,533.0,65.58303078549808
22.0,534.0,66.32127785124656
22.0,535.0,67.02452225669253
22.0,536.0,67.69305013256573
22.0,537.0,68.3273729794808
22.0,538.0,68.92818377500024
22.0,539.0,69.49631713060096
22.0,540.0,70.03271374715968
22.0,541.0,70.53838950055227
22.0,542.0,71.01440887933963
22.0,543.0,71.46186266616253
22.0,544.0,71.88184936665701
22.0,545.0,72.27546008779382
22.0,546.0,72.64376634733921
22.0,547.0,72.98781046903332
22.0,548.0,73.3085981239683
22.0,549.0,73.60709268922987
22.0,550.0,73.88421110196043
22.0,551.0,74.14082091364739
22.0,552.0,74.37773834580129
22.0,553.0,74.5957270800099
22.0,554.0,74.79549769705703
22.0,555.0,74.9777075121448
22.0,556.0,75.14296082056532
22.0,557.0,75.29180929954421
22.0,558.0,75.4247526669346
22.0,559.0,75.5422393276991
22.0,560.0,75.6446671842336
22.0,561.0,75.73238431603858
22.0,562.0,75.80568977188317
22.0,563.0,75.86483414662092
22.0,564.0,75.91002024695815
22.0,565.0,75.94140347935846
22.0,566.0,75.9590923214474
22.0,567.0,75.96314846728163
22.0,568.0,75.95358706218424
22.0,569.0,75.93037657220263
22.0,570.0,75.89343875649074
22.0,571.0,75.84264824091161
22.0,572.0,75.77783221275224
22.0,573.0,75.69876968746487
22.0,574.0,75.6051909184814
22.0,575.0,75.49677635374776
22.0,576.0,75.37315576127328
22.0,577.0,75.23390688092958
22.0,578.0,75.07855427672234
22.0,579.0,74.90656770206712
22.0,580.0,74.71736070565692
22.0,581.0,74.5102887485408
22.0,582.0,74.28464761585722
22.0,583.0,74.03967135617042
22.0,584.0,73.77453059170284
22.0,585.0,73.48833040095876
22.0,586.0,73.18010868298359
22.0,587.0,72.84883418217883
22.0,588.0,72.49340515783295
22.0,589.0,72.11264786703833
22.0,590.0,71.70531593267812
22.0,591.0,71.27008977137552
22.0,592.0,70.80557725737478
22.0,593.0,70.31031482422429
22.0,594.0,69.78277030496893
22.0,595.0,69.2213467633279
22.0,596.0,68.6243887626334
22.0,597.0,67.99019039729224
22.0,598.0,67.3170066942414
22.0,599.0,66.60306778989336
22.0,600.0,65.84659764262373
22.0,601.0,65.04583674031197
22.0,602.0,64.1990706558666
22.0,603.0,63.30466386596363
22.0,604.0,62.361100623748165
22.0,605.0,61.36703203713107
22.0,606.0,60.32133077984981
22.0,607.0,59.2231519380663
22.0,608.0,58.07200058175125
22.0,609.0,56.86780337305876
22.0,610.0,55.6109833846637
22.0,611.0,54.30253370697284
22.0,612.0,52.94408718681469
22.0,613.0,51.537975997616066
22.0,614.0,50.08727682622813
22.0,615.0,48.59583435265102
22.0,616.0,47.068258797126454
22.0,617.0,45.509891453995934
22.0,618.0,43.92673682411207
22.0,619.0,42.325359617447624
22.0,620.0,40.71275091705253
22.0,621.0,39.09616806773644
22.0,622.0,37.48295867275021
22.0,623.0,35.880378054637916
22.0,624.0,34.2954132496906
22.0,625.0,32.73462287377226
22.0,626.0,31.20400327949372
22.0,627.0,29.708885512930475
22.0,628.0,28.253867434395282
22.0,629.0,26.84277918301111
22.0,630.0,25.478680706804127
22.0,631.0,24.163885149202738
22.0,632.0,22.900004012785715
22.0,633.0,21.68800661155092
22.0,634.0,20.528289779508604
22.0,635.0,19.420751334353103
22.0,636.0,18.36486485750832
22.0,637.0,17.359751132158802
22.0,638.0,16.404245666716715
22.0,639.0,15.49695934285746
22.0,640.0,14.636333067332862
22.0,641.0,13.82068462180725
22.0,642.0,13.048249462976331
22.0,643.0,12.317214280974897
22.0,644.0,11.625745466649471
22.0,645.0,10.972011524602028
22.0,646.0,10.354201679056295
22.0,647.0,9.770539719481711
22.0,648.0,9.219295273956018
22.0,649.0,8.69879146941927
22.0,650.0,8.207411047495206
22.0,651.0,7.743599781061798
22.0,652.0,7.305869132249516
22.0,653.0,6.8927968920993985
22.0,654.0,6.503027628566193
22.0,655.0,6.135271600445775
22.0,656.0,5.788303870580661
22.0,657.0,5.4609622175603505
22.0,658.0,5.152145505677545
22.0,659.0,4.860811075459487
22.0,660.0,4.58597275694885
22.0,661.0,4.32669804838514
22.0,662.0,4.082106016687895
22.0,663.0,3.8513644558609035
22.0,664.0,3.633687822079605
22.0,665.0,3.4283344847985666
22.0,666.0,3.2346047802482185
22.0,667.0,3.051838417035377
22.0,668.0,2.8794126909466553
22.0,669.0,2.716740074317424
22.0,670.0,2.5632666094247316
22.0,671.0,2.4184696908465133
22.0,672.0,2.2818566392188613
22.0,673.0,2.152962673912743
22.0,674.0,2.031349659980014
22.0,675.0,1.9166042618253702
22.0,676.0,1.8083368513899671
22.0,677.0,1.7061798301516145
22.0,678.0,1.6097866844198536
22.0,679.0,1.5188304616846253
22.0,680.0,1.433002958296633
22.0,681.0,1.3520133360806357
22.0,682.0,1.2755874279912573
22.0,683.0,1.203466481487033
22.0,684.0,1.1354065685681687
22.0,685.0,1.0711774433427594
22.0,686.0,1.0105620439110616
22.0,687.0,0.9533554526443542
22.0,688.0,0.8993644785237339
22.0,689.0,0.848406709774877
22.0,690.0,0.8003101664069394
22.0,691.0,0.7549124359346208
22.0,692.0,0.7120603869440301
22.0,693.0,0.6716093796508205
22.0,694.0,0.633423032319714
22.0,695.0,0.5973724993375863
22.0,696.0,0.563336283221861
22.0,697.0,0.5311995737255131
22.0,698.0,0.5008540989857508
22.0,699.0,0.472197519925903
22.0,700.0,0.4451333148236488
22.0,701.0,0.4195702239381202
22.0,702.0,0.39542216242286
22.0,703.0,0.3726077106923328
22.0,704.0,0.3510500511762322
22.0,705.0,0.3306765004555932
22.0,706.0,0.3114184658596524
22.0,707.0,0.29321101585540893
22.0,708.0,0.27599285293326764
22.0,709.0,0.25970591913226654
22.0,710.0,0.24429538205294804
22.0,711.0,0.2297092727499959
22.0,712.0,0.21589848205628445
22.0,713.0,0.20281642838110683
22.0,714.0,0.1904190618335719
22.0,715.0,0.17866455973305762
22.0,716.0,0.1675133362878421
22.0,717.0,0.1569277638593453
22.0,718.0,0.1468721861872873
22.0,719.0,0.13731266365458036
22.0,720.0,0.1282169882570535
22.0,721.0,0.1195544512949017
22.0,722.0,0.11129585846627442
22.0,723.0,0.10341331856690068
22.0,724.0,0.09588025724535065
22.0,725.0,0.08867122542735138
22.0,726.0,0.08176191040866924
22.0,727.0,0.07512896283686554
22.0,728.0,0.06875000393755443
22.0,729.0,0.06260346998576301
22.0,730.0,0.05666861456454297
22.0,731.0,0.05092536954225879
22.0,732.0,0.04535434135066087
22.0,733.0,0.039936687554642046
22.0,734.0,0.03465410621117322
22.0,735.0,0.02948872717543323
22.0,736.0,0.024423093663514667
22.0,737.0,0.019440067484232746
22.0,738.0,0.014522801978089528
22.0,739.0,0.009654660398208323
22.0,740.0,0.004819179436383317
22.0,741.0,0.0
23.0,0.0,0.0
23.0,1.0,0.002193506109467404
23.0,2.0,0.004394433441637734
23.0,3.0,0.0066102268335123645
23.0,4.0,0.00884838371280143
23.0,5.0,0.011116472685659438
23.0,6.0,0.013422168210898611
23.0,7.0,0.015773264501097107
23.0,8.0,0.01817771623497718
23.0,9.0,0.020643648120798337
23.0,10.0,0.023179401996523505
23.0,11.0,0.02579354241810116
23.0,12.0,0.02849491051102048
23.0,13.0,0.03129262596468139
23.0,14.0,0.03419614801782513
23.0,15.0,0.037215274263943755
23.0,16.0,0.04036020917712547
23.0,17.0,0.043641560162689344
23.0,18.0,0.04707041405953762
23.0,19.0,0.05065833090531544
23.0,20.0,0.05441742888682445
23.0,21.0,0.0583603763304776
23.0,22.0,0.06250048561419372
23.0,23.0,0.06685170394230597
23.0,24.0,0.07142871678120784
23.0,25.0,0.07624693803383557
23.0,26.0,0.08132262361785439
23.0,27.0,0.08667286171912382
23.0,28.0,0.09231569719618651
23.0,29.0,0.09827012266560566
23.0,30.0,0.10455621449085155
23.0,31.0,0.11119512553605315
23.0,32.0,0.11820923358209848
23.0,33.0,0.12562213668027822
23.0,34.0,0.13345881493468706
23.0,35.0,0.14174562949469965
23.0,36.0,0.1505104987518831
23.0,37.0,0.15978290213161883
23.0,38.0,0.16959407187615735
23.0,39.0,0.1799770029325032
23.0,40.0,0.1909666616325424
23.0,41.0,0.2026000031281923
23.0,42.0,0.21491619843640838
23.0,43.0,0.22795666104531123
23.0,44.0,0.24176529396810928
23.0,45.0,0.2563885273372376
23.0,46.0,0.2718755873085936
23.0,47.0,0.2882785466763869
23.0,48.0,0.3056526176892159
23.0,49.0,0.32405621795782763
23.0,50.0,0.3435512894887614
23.0,51.0,0.36420338242153344
23.0,52.0,0.3860820028544102
23.0,53.0,0.4092607172366839
23.0,54.0,0.43381753185392063
23.0,55.0,0.4598350210133106
23.0,56.0,0.48740074136959116
23.0,57.0,0.5166073873724912
23.0,58.0,0.547553243943035
23.0,59.0,0.5803423729928981
23.0,60.0,0.6150851082918516
23.0,61.0,0.6518982772033189
23.0,62.0,0.6909057418962993
23.0,63.0,0.7322386607423299
23.0,64.0,0.7760360802844685
23.0,65.0,0.8224452409638192
23.0,66.0,0.8716222244079053
23.0,67.0,0.923732308229238
23.0,68.0,0.9789506731471611
23.0,69.0,1.0374628114161242
23.0,70.0,1.099465297911456
23.0,71.0,1.1651662561306924
23.0,72.0,1.2347861964442068
23.0,73.0,1.3085585423096318
23.0,74.0,1.3867305370939007
23.0,75.0,1.4695638307575019
23.0,76.0,1.5573354535173802
23.0,77.0,1.6503384592119952
23.0,78.0,1.7488829588870678
23.0,79.0,1.853296810487288
23.0,80.0,1.9639266971753573
23.0,81.0,2.0811388426698003
23.0,82.0,2.205320106267276
23.0,83.0,2.3368786872924283
23.0,84.0,2.4762451892973427
23.0,85.0,2.6238732532613374
23.0,86.0,2.78024051444502
23.0,87.0,2.9458490689047667
23.0,88.0,3.121226204272881
23.0,89.0,3.306924553698654
23.0,90.0,3.503522421905618
23.0,91.0,3.711623410080249
23.0,92.0,3.931856076118031
23.0,93.0,4.164872718736418
23.0,94.0,4.411348002145452
23.0,95.0,4.671976465584579
23.0,96.0,4.947469608144471
23.0,97.0,5.238551545427071
23.0,98.0,5.545953900201024
23.0,99.0,5.870408879558893
23.0,100.0,6.212641181384867
23.0,101.0,6.573357657900386
23.0,102.0,6.9532353899248776
23.0,103.0,7.352907122086056
23.0,104.0,7.77294478865807
23.0,105.0,8.213840192003811
23.0,106.0,8.6759837522338
23.0,107.0,9.159640641199147
23.0,108.0,9.664925568010087
23.0,109.0,10.191775954175458
23.0,110.0,10.739925283282888
23.0,111.0,11.30887693084502
23.0,112.0,11.897880856187172
23.0,113.0,12.505914006870857
23.0,114.0,13.13166724264118
23.0,115.0,13.773539817207428
23.0,116.0,14.429644083648425
23.0,117.0,15.097820888329235
23.0,118.0,15.775667276360407
23.0,119.0,16.460575471649925
23.0,120.0,17.14978291075265
23.0,121.0,17.840430300312768
23.0,122.0,18.52962560847899
23.0,123.0,19.21450950107213
23.0,124.0,19.892319332837893
23.0,125.0,20.560447204664257
23.0,126.0,21.216489996942308
23.0,127.0,21.85828834916331
23.0,128.0,22.483954364559164
23.0,129.0,23.09188700332475
23.0,130.0,23.680776786867614
23.0,131.0,24.249600278640017
23.0,132.0,24.797607006584354
23.0,133.0,25.324299866334105
23.0,134.0,25.82941181124065
23.0,135.0,26.312879680697797
23.0,136.0,26.774817547586395
23.0,137.0,27.21548989156228
23.0,138.0,27.635286381945203
23.0,139.0,28.03469800949357
23.0,140.0,28.414295833016595
23.0,141.0,28.774711655188565
23.0,142.0,29.116621544895693
23.0,143.0,29.44073126935857
23.0,144.0,29.747764364424896
23.0,145.0,30.038451794510102
23.0,146.0,30.31352385458301
23.0,147.0,30.573703243135526
23.0,148.0,30.81969994779884
23.0,149.0,31.052206897159476
23.0,150.0,31.27189703993513
23.0,151.0,31.4794208489278
23.0,152.0,31.67540493938498
23.0,153.0,31.860450846696107
23.0,154.0,32.03513467960136
23.0,155.0,32.20000673772721
23.0,156.0,32.35559182980601
23.0,157.0,32.5023894192122
23.0,158.0,32.640874346023324
23.0,159.0,32.77149728395136
23.0,160.0,32.89468568750646
23.0,161.0,33.010844414297466
23.0,162.0,33.12035677847201
23.0,163.0,33.223585242802876
23.0,164.0,33.32087250177752
23.0,165.0,33.412542182951796
23.0,166.0,33.49889991205523
23.0,167.0,33.58023398691764
23.0,168.0,33.65681639645484
23.0,169.0,33.72890344633073
23.0,170.0,33.796736716540465
23.0,171.0,33.86054362831254
23.0,172.0,33.92053833330561
23.0,173.0,33.97692221785557
23.0,174.0,34.029884722041814
23.0,175.0,34.079603781496104
23.0,176.0,34.12624657782189
23.0,177.0,34.16996992067841
23.0,178.0,34.210920932980386
23.0,179.0,34.249237377459565
23.0,180.0,34.285048281238595
23.0,181.0,34.31847421197961
23.0,182.0,34.34962784717763
23.0,183.0,34.378614205640744
23.0,184.0,34.40553116745474
23.0,185.0,34.430469667143825
23.0,186.0,34.45351417093744
23.0,187.0,34.474742838736816
23.0,188.0,34.4942279662627
23.0,189.0,34.51203612409101
23.0,190.0,34.52822857366002
23.0,191.0,34.54286139331816
23.0,192.0,34.55598587919408
23.0,193.0,34.56764867057733
23.0,194.0,34.57789214943174
23.0,195.0,34.58675458058314
23.0,196.0,34.59427052718646
23.0,197.0,34.60047102500775
23.0,198.0,34.605384035149335
23.0,199.0,34.609034675659025
23.0,200.0,34.61144573642608
23.0,201.0,34.61263799415343
23.0,202.0,34.61263081574972
23.0,203.0,34.61144258190334
23.0,204.0,34.60909140130948
23.0,205.0,34.60559565968508
23.0,206.0,34.600974853015835
23.0,207.0,34.595250257489276
23.0,208.0,34.58844586006072
23.0,209.0,34.58058910536819
23.0,210.0,34.57171185272154
23.0,211.0,34.56185109796235
23.0,212.0,34.551049821561136
23.0,213.0,34.539357517348456
23.0,214.0,34.526830735942006
23.0,215.0,34.513533206922204
23.0,216.0,34.49953586285474
23.0,217.0,34.484916360456175
23.0,218.0,34.46975843697196
23.0,219.0,34.4541507546555
23.0,220.0,34.438185609465854
23.0,221.0,34.421957228314255
23.0,222.0,34.405560069942226
23.0,223.0,34.38908690973468
23.0,224.0,34.37262713219438
23.0,225.0,34.35626502544796
23.0,226.0,34.34007846466946
23.0,227.0,34.324137750940274
23.0,228.0,34.308504925292006
23.0,229.0,34.293233281096555
23.0,230.0,34.278367328371644
23.0,231.0,34.26394290360356
23.0,232.0,34.24998763561957
23.0,233.0,34.23652145781911
23.0,234.0,34.22355736028187
23.0,235.0,34.211102090254265
23.0,236.0,34.1991569939687
23.0,237.0,34.18771873641964
23.0,238.0,34.176780096672395
23.0,239.0,34.16633060382239
23.0,240.0,34.15635721381891
23.0,241.0,34.14684481641069
23.0,242.0,34.13777677051718
23.0,243.0,34.129135276170416
23.0,244.0,34.12090177514781
23.0,245.0,34.11305720305712
23.0,246.0,34.10558227587544
23.0,247.0,34.098457645478376
23.0,248.0,34.0916640964717
23.0,249.0,34.08518262899553
23.0,250.0,34.07899458855539
23.0,251.0,34.07308169683853
23.0,252.0,34.06742613335175
23.0,253.0,34.06201053072759
23.0,254.0,34.056818022667954
23.0,255.0,34.051832216068675
23.0,256.0,34.04703721590412
23.0,257.0,34.042417582990915
23.0,258.0,34.03795834332372
23.0,259.0,34.033644937558726
23.0,260.0,34.029463219936346
23.0,261.0,34.02539940353061
23.0,262.0,34.02144005216474
23.0,263.0,34.01757202401562
23.0,264.0,34.01378245870661
23.0,265.0,34.01005872084193
23.0,266.0,34.00638838362089
23.0,267.0,34.00275917318865
23.0,268.0,33.99915894955362
23.0,269.0,33.99557565218884
23.0,270.0,33.99199727867189
23.0,271.0,33.988411831689746
23.0,272.0,33.98480729560487
23.0,273.0,33.9811715848625
23.0,274.0,33.977492518584256
23.0,275.0,33.97375777032613
23.0,276.0,33.96995484079581
23.0,277.0,33.96607100895466
23.0,278.0,33.962093303046906
23.0,279.0,33.95800845318682
23.0,280.0,33.95380286109315
23.0,281.0,33.94946255457826
23.0,282.0,33.944973156732644
23.0,283.0,33.94031984317847
23.0,284.0,33.935487312000625
23.0,285.0,33.9304597453083
23.0,286.0,33.9252207820378
23.0,287.0,33.91975348637254
23.0,288.0,33.914040326752335
23.0,289.0,33.90806315515086
23.0,290.0,33.90180319734316
23.0,291.0,33.89524104906446
23.0,292.0,33.88835668494914
23.0,293.0,33.88112948032402
23.0,294.0,33.87353824934279
23.0,295.0,33.865561304662734
23.0,296.0,33.85717653914719
23.0,297.0,33.8483615398101
23.0,298.0,33.83909373175123
23.0,299.0,33.82935056699709
23.0,300.0,33.81910975321463
23.0,301.0,33.80834954115371
23.0,302.0,33.797049062345536
23.0,303.0,33.78518873830212
23.0,304.0,33.77275074764273
23.0,305.0,33.75971957202936
23.0,306.0,33.746082599210425
23.0,307.0,33.731830799509204
23.0,308.0,33.716959441566736
23.0,309.0,33.70146885396531
23.0,310.0,33.68536518141654
23.0,311.0,33.668661128160544
23.0,312.0,33.651376618066564
23.0,313.0,33.633539350553036
23.0,314.0,33.61518516772988
23.0,315.0,33.596358208356996
23.0,316.0,33.57711076631109
23.0,317.0,33.55750284718331
23.0,318.0,33.53760136894506
23.0,319.0,33.51747904466106
23.0,320.0,33.497212944518346
23.0,321.0,33.47688283334707
23.0,322.0,33.45656933314862
23.0,323.0,33.43635204953668
23.0,324.0,33.41630773352066
23.0,325.0,33.39650861837234
23.0,326.0,33.37702097941452
23.0,327.0,33.35790401540954
23.0,328.0,33.339209045469644
23.0,329.0,33.320979063627234
23.0,330.0,33.30324859199866
23.0,331.0,33.28604383196296
23.0,332.0,33.269383024407524
23.0,333.0,33.25327700204894
23.0,334.0,33.237729840983135
23.0,335.0,33.222739599580706
23.0,336.0,33.20829906439464
23.0,337.0,33.19439650627109
23.0,338.0,33.181016383989764
23.0,339.0,33.168140014105816
23.0,340.0,33.15574615995873
23.0,341.0,33.14381156968053
23.0,342.0,33.13231142722542
23.0,343.0,33.12121975219061
23.0,344.0,33.110509719204885
23.0,345.0,33.10015393434486
23.0,346.0,33.09012464315108
23.0,347.0,33.08039390657097
23.0,348.0,33.0709337216084
23.0,349.0,33.0617161202439
23.0,350.0,33.0527132250347
23.0,351.0,33.04389729135381
23.0,352.0,33.03524071634505
23.0,353.0,33.02671604054315
23.0,354.0,33.01829592426297
23.0,355.0,33.00995312048958
23.0,356.0,33.001660428896315
23.0,357.0,32.99339064835863
23.0,358.0,32.985116515647555
23.0,359.0,32.97681064315148
23.0,360.0,32.96844544689271
23.0,361.0,32.959993072977106
23.0,362.0,32.95142531782918
23.0,363.0,32.942713545405724
23.0,364.0,32.93382860130624
23.0,365.0,32.92474072175403
23.0,366.0,32.91541944239354
23.0,367.0,32.90583349935243
23.0,368.0,32.89595073299226
23.0,369.0,32.88573798094037
23.0,370.0,32.8751609767537
23.0,371.0,32.864184234604444
23.0,372.0,32.85277094271869
23.0,373.0,32.840882839401694
23.0,374.0,32.82848010122706
23.0,375.0,32.815521210315914
23.0,376.0,32.801962837617545
23.0,377.0,32.787759701870996
23.0,378.0,32.772864449014605
23.0,379.0,32.757227504164554
23.0,380.0,32.74079694935345
23.0,381.0,32.72351837132396
23.0,382.0,32.70533474162812
23.0,383.0,32.68618626530106
23.0,384.0,32.66601027014505
23.0,385.0,32.64474106476294
23.0,386.0,32.622309848007276
23.0,387.0,32.59864458987939
23.0,388.0,32.57366997817131
23.0,389.0,32.54730734296376
23.0,390.0,32.519474666069
23.0,391.0,32.49008657996773
23.0,392.0,32.459054477460214
23.0,393.0,32.4262866295127
23.0,394.0,32.3916884480727
23.0,395.0,32.35516278476107
23.0,396.0,32.31661041904738
23.0,397.0,32.275930620394476
23.0,398.0,32.233021955450326
23.0,399.0,32.18778321747072
23.0,400.0,32.14011466559701
23.0,401.0,32.08991944076901
23.0,402.0,32.037105358471855
23.0,403.0,31.981586927615616
23.0,404.0,31.92328779933581
23.0,405.0,31.86214346445421
23.0,406.0,31.798104391169947
23.0,407.0,31.731139370934525
23.0,408.0,31.66123922936309
23.0,409.0,31.58842059421786
23.0,410.0,31.51272981872691
23.0,411.0,31.434246655708783
23.0,412.0,31.353087711136066
23.0,413.0,31.26940917901366
23.0,414.0,31.18340884138397
23.0,415.0,31.09532679249952
23.0,416.0,31.00544490729682
23.0,417.0,30.914084578897118
23.0,418.0,30.821602910604433
23.0,419.0,30.728387085236914
23.0,420.0,30.63484737723359
23.0,421.0,30.5414087985042
23.0,422.0,30.448502127180333
23.0,423.0,30.356554501891477
23.0,424.0,30.265980461904654
23.0,425.0,30.1771735988342
23.0,426.0,30.090499603003423
23.0,427.0,30.006290644704496
23.0,428.0,29.92484162358725
23.0,429.0,29.84640792457706
23.0,430.0,29.771204967328977
23.0,431.0,29.699408955942527
23.0,432.0,29.631158984181045
23.0,433.0,29.56655980387866
23.0,434.0,29.505685408796253
23.0,435.0,29.44858275135846
23.0,436.0,29.395275822400116
23.0,437.0,29.34576947219228
23.0,438.0,29.30005330520142
23.0,439.0,29.25810509105001
23.0,440.0,29.219894115007367
23.0,441.0,29.18538395447801
23.0,442.0,29.154535171353228
23.0,443.0,29.127307426069038
23.0,444.0,29.10366154674766
23.0,445.0,29.083561058984504
23.0,446.0,29.066973736777328
23.0,447.0,29.053872667429328
23.0,448.0,29.044237408414507
23.0,449.0,29.038054709917112
23.0,450.0,29.03531939385338
23.0,451.0,29.036034841613063
23.0,452.0,29.0402136924645
23.0,453.0,29.047878183311344
23.0,454.0,29.059060742701032
23.0,455.0,29.073804249237508
23.0,456.0,29.092162578656602
23.0,457.0,29.114200830593735
23.0,458.0,29.139995871144706
23.0,459.0,29.169636564592984
23.0,460.0,29.203224342580736
23.0,461.0,29.240873467817813
23.0,462.0,29.282711652883194
23.0,463.0,29.328880376181694
23.0,464.0,29.379535567742405
23.0,465.0,29.43484799301346
23.0,466.0,29.495004019094267
23.0,467.0,29.560206078668124
23.0,468.0,29.630673527237608
23.0,469.0,29.706643196957618
23.0,470.0,29.788370353027958
23.0,471.0,29.876129344802603
23.0,472.0,29.97021466691927
23.0,473.0,30.070941712186812
23.0,474.0,30.17864793961207
23.0,475.0,30.293693729447664
23.0,476.0,30.4164636551544
23.0,477.0,30.547367434638392
23.0,478.0,30.686841295209902
23.0,479.0,30.835349005095374
23.0,480.0,30.993383308016902
23.0,481.0,31.161467003630108
23.0,482.0,31.340154409200576
23.0,483.0,31.53003243403191
23.0,484.0,31.73172199672607
23.0,485.0,31.945879003266718
23.0,486.0,32.17319560527319
23.0,487.0,32.41440093931735
23.0,488.0,32.670262048892226
23.0,489.0,32.941584167612795
23.0,490.0,33.229211038618985
23.0,491.0,33.534024419465936
23.0,492.0,33.85694341022428
23.0,493.0,34.19892271639037
23.0,494.0,34.56095043550715
23.0,495.0,34.94404443308021
23.0,496.0,35.34924783771764
23.0,497.0,35.77762267037267
23.0,498.0,36.23024207508965
23.0,499.0,36.708180121538476
23.0,500.0,37.21249959684221
23.0,501.0,37.744236741685896
23.0,502.0,38.3043833425314
23.0,503.0,38.893865190381625
23.0,504.0,39.513517408501635
23.0,505.0,40.164055848255494
23.0,506.0,40.84604531314656
23.0,507.0,41.55986420666915
23.0,508.0,42.30566685829544
23.0,509.0,43.08334377855311
23.0,510.0,43.892481842429554
23.0,511.0,44.73232551982359
23.0,512.0,45.601742014272276
23.0,513.0,46.49919226339387
23.0,514.0,47.42271126833214
23.0,515.0,48.36990001049816
23.0,516.0,49.33793218696226
23.0,517.0,50.323577197272144
23.0,518.0,51.32324103704322
23.0,519.0,52.33302432681545
23.0,520.0,53.34879636476503
23.0,521.0,54.36628149795824
23.0,522.0,55.381153896255896
23.0,523.0,56.389134884040566
23.0,524.0,57.38608769672921
23.0,525.0,58.36810384610427
23.0,526.0,59.33157712071867
23.0,527.0,60.27326160261923
23.0,528.0,61.19031247331922
23.0,529.0,62.080308981692866
23.0,530.0,62.94126105577187
23.0,531.0,63.77160119289492
23.0,532.0,64.57016462863194
23.0,533.0,65.33616030177735
23.0,534.0,66.0691357943918
23.0,535.0,66.7689385164315
23.0,536.0,67.43567565075136
23.0,537.0,68.06967435012648
23.0,538.0,68.67144378323793
23.0,539.0,69.24163971000384
23.0,540.0,69.78103238177566
23.0,541.0,70.29047784756072
23.0,542.0,70.77089291142389
23.0,543.0,71.22323348148338
23.0,544.0,71.64847624227284
23.0,545.0,72.04760325739842
23.0,546.0,72.42158928845743
23.0,547.0,72.77139143639698
23.0,548.0,73.09794084226353
23.0,549.0,73.40213612294785
23.0,550.0,73.68483827465309
23.0,551.0,73.9468668177882
23.0,552.0,74.18899692504836
23.0,553.0,74.41195740991985
23.0,554.0,74.61642932352483
23.0,555.0,74.80304513516529
23.0,556.0,74.97238824121274
23.0,557.0,75.12499286672744
23.0,558.0,75.26134409038798
23.0,559.0,75.38187813694167
23.0,560.0,75.48698264389908
23.0,561.0,75.57699711867681
23.0,562.0,75.65221326109692
23.0,563.0,75.71287543334755
23.0,564.0,75.75918091444511
23.0,565.0,75.79128028273017
23.0,566.0,75.80927752119338
23.0,567.0,75.81323024744857
23.0,568.0,75.80314961790423
23.0,569.0,75.77900036412503
23.0,570.0,75.74070046378996
23.0,571.0,75.68812095909227
23.0,572.0,75.62108537684402
23.0,573.0,75.53936931729058
23.0,574.0,75.44269961753476
23.0,575.0,75.33075371059293
23.0,576.0,75.20315853814864
23.0,577.0,75.05948969245844
23.0,578.0,74.89927009897262
23.0,579.0,74.72196897063408
23.0,580.0,74.52700030119595
23.0,581.0,74.31372168596566
23.0,582.0,74.08143269657332
23.0,583.0,73.8293736587169
23.0,584.0,73.55672402377441
23.0,585.0,73.26260124845213
23.0,586.0,72.94605934469283
23.0,587.0,72.60608808595788
23.0,588.0,72.24161201297386
23.0,589.0,71.85149030624466
23.0,590.0,71.43451666168025
23.0,591.0,70.9894203297809
23.0,592.0,70.51486746313572
23.0,593.0,70.00946403990936
23.0,594.0,69.4717595331154
23.0,595.0,68.90025271456874
23.0,596.0,68.29339880282612
23.0,597.0,67.64961947358083
23.0,598.0,66.96731498568882
23.0,599.0,66.24488006257441
23.0,600.0,65.48072280554318
23.0,601.0,64.67328835604069
23.0,602.0,63.82108653765963
23.0,603.0,62.92272516441994
23.0,604.0,61.97694805128704
23.0,605.0,60.98267917893237
23.0,606.0,59.93907159580977
23.0,607.0,58.84556195641279
23.0,608.0,57.701928461019584
23.0,609.0,56.508352145277144
23.0,610.0,55.26547808060483
23.0,611.0,53.974475157349225
23.0,612.0,52.63708962635738
23.0,613.0,51.25568984616502
23.0,614.0,49.83329641907923
23.0,615.0,48.37359475459257
23.0,616.0,46.88092454561683
23.0,617.0,45.36024452700188
23.0,618.0,43.81706936496384
23.0,619.0,42.257380499787246
23.0,620.0,40.687511984810826
23.0,621.0,39.114017719953424
23.0,622.0,37.54352537458593
23.0,623.0,35.98258675250098
23.0,624.0,34.43753170296157
23.0,625.0,32.91433534964522
23.0,626.0,31.418503894069953
23.0,627.0,29.954985448930607
23.0,628.0,28.52810686796011
23.0,629.0,27.141538489891214
23.0,630.0,25.79828353066047
23.0,631.0,24.500690626456983
23.0,632.0,23.250483860664943
23.0,633.0,22.048807484043312
23.0,634.0,20.896279321200314
23.0,635.0,19.793050519032487
23.0,636.0,18.738866585010076
23.0,637.0,17.733128633031512
23.0,638.0,16.774951132741617
23.0,639.0,15.863216393479723
23.0,640.0,14.996623246085434
23.0,641.0,14.17373114092584
23.0,642.0,13.392997906496602
23.0,643.0,12.652812976397819
23.0,644.0,11.951524745683002
23.0,645.0,11.28746413476783
23.0,646.0,10.65896318092963
23.0,647.0,10.064370801485303
23.0,648.0,9.502064559084634
23.0,649.0,8.970460530777956
23.0,650.0,8.468020053157769
23.0,651.0,7.993255358240435
23.0,652.0,7.544732794310641
23.0,653.0,7.121075550493009
23.0,654.0,6.7209645061775785
23.0,655.0,6.3431390358544295
23.0,656.0,5.986396332532681
23.0,657.0,5.649591005363632
23.0,658.0,5.331633474048609
23.0,659.0,5.031488854061977
23.0,660.0,4.748174830597098
23.0,661.0,4.48076016483912
23.0,662.0,4.228362319024821
23.0,663.0,3.9901458018848954
23.0,664.0,3.7653197199113784
23.0,665.0,3.553136099913902
23.0,666.0,3.3528874753004874
23.0,667.0,3.1639052692212886
23.0,668.0,2.9855574800964897
23.0,669.0,2.8172471725786603
23.0,670.0,2.658410297202961
23.0,671.0,2.5085143127912723
23.0,672.0,2.3670561561853134
23.0,673.0,2.2335610047057717
23.0,674.0,2.107580400064207
23.0,675.0,1.9886911502397742
23.0,676.0,1.8764936044881122
23.0,677.0,1.7706106885482114
23.0,678.0,1.6706863235583362
23.0,679.0,1.5763845855247465
23.0,680.0,1.4873882588237128
23.0,681.0,1.4033981094583639
23.0,682.0,1.324131562943004
23.0,683.0,1.2493220804510952
23.0,684.0,1.1787179507621355
23.0,685.0,1.1120817585732623
23.0,686.0,1.0491892805258412
23.0,687.0,0.9898290354627957
23.0,688.0,0.9338012751394543
23.0,689.0,0.8809176068968443
23.0,690.0,0.8310000703709087
23.0,691.0,0.7838808238171375
23.0,692.0,0.7394012988842443
23.0,693.0,0.6974119426053789
23.0,694.0,0.6577714430486924
23.0,695.0,0.6203465197481571
23.0,696.0,0.585011213756479
23.0,697.0,0.5516467200037477
23.0,698.0,0.5201407359431733
23.0,699.0,0.49038732998820683
23.0,700.0,0.46228634355200854
23.0,701.0,0.43574329031948855
23.0,702.0,0.41066880703565456
23.0,703.0,0.3869785789182355
23.0,704.0,0.36459283504941215
23.0,705.0,0.3434362957295367
23.0,706.0,0.3234377087741668
23.0,707.0,0.30452981505327126
23.0,708.0,0.28664892239471595
23.0,709.0,0.26973488595019024
23.0,710.0,0.25373071676138165
23.0,711.0,0.2385825739477402
23.0,712.0,0.2242394053065828
23.0,713.0,0.21065294863271372
23.0,714.0,0.19777740200249333
23.0,715.0,0.18556943181501157
23.0,716.0,0.1739878706563509
23.0,717.0,0.1629937298999313
23.0,718.0,0.15254992326409128
23.0,719.0,0.14262128202854585
23.0,720.0,0.133174302588971
23.0,721.0,0.12417716254007853
23.0,722.0,0.11559949069777227
23.0,723.0,0.10741238246967501
23.0,724.0,0.09958819096097578
23.0,725.0,0.09210054020258568
23.0,726.0,0.08492413608307726
23.0,727.0,0.07803477613496825
23.0,728.0,0.07140917914396266
23.0,729.0,0.0650249903068886
23.0,730.0,0.058860628462339325
23.0,731.0,0.052895285531016564
23.0,732.0,0.04710879039016799
23.0,733.0,0.04148160158979548
23.0,734.0,0.03599468695811652
23.0,735.0,0.03062950865637591
23.0,736.0,0.025367917654856437
23.0,737.0,0.020192130245792715
23.0,738.0,0.015084636569976554
23.0,739.0,0.010028167752254801
23.0,740.0,0.0050056176881073285
23.0,741.0,0.0
24.0,0.0,0.0
24.0,1.0,0.0022721762497010262
24.0,2.0,0.004552038643593887
24.0,3.0,0.006847300509261809
24.0,4.0,0.009165724159857697
24.0,5.0,0.011515153804923855
24.0,6.0,0.013903532319751444
24.0,7.0,0.016338940232286492
24.0,8.0,0.018829607814896697
24.0,9.0,0.021383960503115158
24.0,10.0,0.02401062667661618
24.0,11.0,0.026718489877381606
24.0,12.0,0.029516692663157998
24.0,13.0,0.03241469600935472
24.0,14.0,0.03542227963983384
24.0,15.0,0.038549609018678495
24.0,16.0,0.04180723259013101
24.0,17.0,0.04520615679358418
24.0,18.0,0.048757840677175
24.0,19.0,0.05247427940229888
24.0,20.0,0.05636799673419702
24.0,21.0,0.0604521375413936
24.0,22.0,0.06474045871206749
24.0,23.0,0.06924743119955934
24.0,24.0,0.07398822996595059
24.0,25.0,0.0789788461777533
24.0,26.0,0.08423607683856693
24.0,27.0,0.08977764779990219
24.0,28.0,0.09562220381376282
24.0,29.0,0.10178944309300206
24.0,30.0,0.10830010859298007
24.0,31.0,0.11517613493472419
24.0,32.0,0.12244064181331746
24.0,33.0,0.13011809418633205
24.0,34.0,0.1382342988062579
24.0,35.0,0.14681657867716974
24.0,36.0,0.15589377382032002
24.0,37.0,0.16549643111480725
24.0,38.0,0.1756568105304831
24.0,39.0,0.18640909159456528
24.0,40.0,0.19778938646529862
24.0,41.0,0.20983596440702879
24.0,42.0,0.22258927323261057
24.0,43.0,0.23609218332536602
24.0,44.0,0.2503900191488978
24.0,45.0,0.26553082452632265
24.0,46.0,0.28156540610348274
24.0,47.0,0.29854762178421057
24.0,48.0,0.31653443823697947
24.0,49.0,0.33558624458940267
24.0,50.0,0.355766926288329
24.0,51.0,0.3771442063759228
24.0,52.0,0.3997897382469556
24.0,53.0,0.4237794770595988
24.0,54.0,0.44919379417696553
24.0,55.0,0.47611788150253875
24.0,56.0,0.5046418906384602
24.0,57.0,0.5348613731687462
24.0,58.0,0.5668774478021431
24.0,59.0,0.6007972798404386
24.0,60.0,0.6367342797793748
24.0,61.0,0.6748086253700261
24.0,62.0,0.715147495296861
24.0,63.0,0.7578856373296584
24.0,64.0,0.8031656407367473
24.0,65.0,0.8511385539759115
24.0,66.0,0.9019641993626292
24.0,67.0,0.9558118434745143
24.0,68.0,1.012860557173377
24.0,69.0,1.073299941270074
24.0,70.0,1.1373305341383948
24.0,71.0,1.2051645940149034
24.0,72.0,1.277026554910469
24.0,73.0,1.353153864922484
24.0,74.0,1.4337974886076172
24.0,75.0,1.5192227974535486
24.0,76.0,1.6097101128335531
24.0,77.0,1.7055556397333835
24.0,78.0,1.8070720381616283
24.0,79.0,1.9145893835176584
24.0,80.0,2.0284557448888725
24.0,81.0,2.1490381439065
24.0,82.0,2.2767231043473917
24.0,83.0,2.4119175643537094
24.0,84.0,2.5550493413197146
24.0,85.0,2.7065679278262906
24.0,86.0,2.8669447865292232
24.0,87.0,3.036673925399944
24.0,88.0,3.216271896308477
24.0,89.0,3.4062779970398123
24.0,90.0,3.607253791262434
24.0,91.0,3.8197827201638317
24.0,92.0,4.044468887710417
24.0,93.0,4.281935781529322
24.0,94.0,4.532823974964852
24.0,95.0,4.7977885561837565
24.0,96.0,5.077495291643516
24.0,97.0,5.372616252680157
24.0,98.0,5.683823877824324
24.0,99.0,6.0117841893127535
24.0,100.0,6.357148116200755
24.0,101.0,6.720541653770753
24.0,102.0,7.102553824968378
24.0,103.0,7.503723229947206
24.0,104.0,7.924522224525599
24.0,105.0,8.36533964710809
24.0,106.0,8.826461305496315
24.0,107.0,9.308049385962033
24.0,108.0,9.810120287714833
24.0,109.0,10.332522408711476
24.0,110.0,10.874913786628337
24.0,111.0,11.436741558748436
24.0,112.0,12.017223562479007
24.0,113.0,12.615334406850472
24.0,114.0,13.229796570460998
24.0,115.0,13.859078902436957
24.0,116.0,14.50140285719746
24.0,117.0,15.154758305683304
24.0,118.0,15.816928380680768
24.0,119.0,16.4855240277438
24.0,120.0,17.15802633083285
24.0,121.0,17.831835831226275
24.0,122.0,18.504325570343937
24.0,123.0,19.17289604720276
24.0,124.0,19.83502826112469
24.0,125.0,20.488333030312777
24.0,126.0,21.130593317140832
24.0,127.0,21.759798778402153
24.0,128.0,22.374170610043354
24.0,129.0,22.97217735737642
24.0,130.0,23.55254114900013
24.0,131.0,24.114236196392152
24.0,132.0,24.656479890739934
24.0,133.0,25.17871887270894
24.0,134.0,25.68061063155327
24.0,135.0,26.162002962895585
24.0,136.0,26.622911607971155
24.0,137.0,27.063498036936544
24.0,138.0,27.484047281253453
24.0,139.0,27.884947339846725
24.0,140.0,28.266669663436076
24.0,141.0,28.629751878103413
24.0,142.0,28.974781960828665
24.0,143.0,29.30238478521275
24.0,144.0,29.613210079497556
24.0,145.0,29.907922581651647
24.0,146.0,30.18719335851112
24.0,147.0,30.45169301742896
24.0,148.0,30.702085763995772
24.0,149.0,30.93902502318272
24.0,150.0,31.16314959751452
24.0,151.0,31.375081090097872
24.0,152.0,31.57542160059794
24.0,153.0,31.764752439356297
24.0,154.0,31.943632905692787
24.0,155.0,32.112599892028925
24.0,156.0,32.27216739591813
24.0,157.0,32.42282671373484
24.0,158.0,32.56504643022799
24.0,159.0,32.69927298454715
24.0,160.0,32.82593095489183
24.0,161.0,32.945423844267765
24.0,162.0,33.05813453380075
24.0,163.0,33.164426183736566
24.0,164.0,33.26464277000856
24.0,165.0,33.35911003075666
24.0,166.0,33.44813603000374
24.0,167.0,33.53201210450307
24.0,168.0,33.61101341882597
24.0,169.0,33.685399884336725
24.0,170.0,33.75541668402998
24.0,171.0,33.821295147005884
24.0,172.0,33.883253230880264
24.0,173.0,33.941496342900486
24.0,174.0,33.996217774068796
24.0,175.0,34.04759946318414
24.0,176.0,34.09581238097535
24.0,177.0,34.14101723672981
24.0,178.0,34.18336481345165
24.0,179.0,34.22299661895666
24.0,180.0,34.26004517487032
24.0,181.0,34.29463461557126
24.0,182.0,34.326880935102835
24.0,183.0,34.35689253846085
24.0,184.0,34.384770451494894
24.0,185.0,34.410608830011675
24.0,186.0,34.43449513871374
24.0,187.0,34.45651062463296
24.0,188.0,34.47673047228486
24.0,189.0,34.495224249232585
24.0,190.0,34.51205604608701
24.0,191.0,34.52728490367795
24.0,192.0,34.54096494842952
24.0,193.0,34.55314581277955
24.0,194.0,34.563872778861224
24.0,195.0,34.57318720645456
24.0,196.0,34.58112670071069
24.0,197.0,34.58772556481731
24.0,198.0,34.59301501031769
24.0,199.0,34.597023654207675
24.0,200.0,34.59977779232067
24.0,201.0,34.6013019614821
24.0,202.0,34.60161929576299
24.0,203.0,34.60075217141944
24.0,204.0,34.598722659861615
24.0,205.0,34.59555326320267
24.0,206.0,34.59126746295134
24.0,207.0,34.58589053332078
24.0,208.0,34.579450157393154
24.0,209.0,34.5719772711867
24.0,210.0,34.563506678323016
24.0,211.0,34.554077831915414
24.0,212.0,34.54373533021924
24.0,213.0,34.53252949641381
24.0,214.0,34.52051659801851
24.0,215.0,34.507759059373015
24.0,216.0,34.49432524458397
24.0,217.0,34.48028916417693
24.0,218.0,34.46572972310802
24.0,219.0,34.45072988157878
24.0,220.0,34.43537540109398
24.0,221.0,34.41975357366502
24.0,222.0,34.403951659748664
24.0,223.0,34.38805544735355
24.0,224.0,34.37214768859365
24.0,225.0,34.35630681151598
24.0,226.0,34.34060566193298
24.0,227.0,34.32511062935832
24.0,228.0,34.30988088774357
24.0,229.0,34.29496804949077
24.0,230.0,34.280415937722715
24.0,231.0,34.26626072797397
24.0,232.0,34.252531153031136
24.0,233.0,34.2392489932486
24.0,234.0,34.226429553073494
24.0,235.0,34.21408233411997
24.0,236.0,34.202211625352
24.0,237.0,34.190817218165364
24.0,238.0,34.17989499173093
24.0,239.0,34.16943757616264
24.0,240.0,34.159434862895004
24.0,241.0,34.14987456777786
24.0,242.0,34.14074263688883
24.0,243.0,34.13202369536211
24.0,244.0,34.123701346092396
24.0,245.0,34.11575851057953
24.0,246.0,34.10817763260086
24.0,247.0,34.10094092704328
24.0,248.0,34.09403050634398
24.0,249.0,34.08742855595152
24.0,250.0,34.08111740175713
24.0,251.0,34.07507962967723
24.0,252.0,34.06929811011911
24.0,253.0,34.06375607639026
24.0,254.0,34.058437119160345
24.0,255.0,34.05332523524847
24.0,256.0,34.048404801970776
24.0,257.0,34.04366060496283
24.0,258.0,34.039077799645455
24.0,259.0,34.03464192434539
24.0,260.0,34.030338853989
24.0,261.0,34.02615480292337
24.0,262.0,34.022076274335895
24.0,263.0,34.018090055791426
24.0,264.0,34.01418316669592
24.0,265.0,34.01034284856583
24.0,266.0,34.00655651201548
24.0,267.0,34.00281172307473
24.0,268.0,33.99909615060313
24.0,269.0,33.99539754949753
24.0,270.0,33.99170370905612
24.0,271.0,33.98800243361533
24.0,272.0,33.98428149215659
24.0,273.0,33.98052859674297
24.0,274.0,33.97673135355228
24.0,275.0,33.97287723942618
24.0,276.0,33.9689535545105
24.0,277.0,33.964947397276426
24.0,278.0,33.960845619051945
24.0,279.0,33.95663479803317
24.0,280.0,33.952301196214705
24.0,281.0,33.94783073320048
24.0,282.0,33.943208946414664
24.0,283.0,33.93842096598407
24.0,284.0,33.93345147968108
24.0,285.0,33.928284710838426
24.0,286.0,33.92290439030603
24.0,287.0,33.91729374034664
24.0,288.0,33.91143545706016
24.0,289.0,33.905311704581955
24.0,290.0,33.89890411303089
24.0,291.0,33.89219378917992
24.0,292.0,33.88516133709621
24.0,293.0,33.87778689383353
24.0,294.0,33.8700501825781
24.0,295.0,33.861930584791004
24.0,296.0,33.85340723873236
24.0,297.0,33.84445916262022
24.0,298.0,33.83506541447285
24.0,299.0,33.82520528361958
24.0,300.0,33.81485852996242
24.0,301.0,33.80400566230464
24.0,302.0,33.79262827469163
24.0,303.0,33.78070942733177
24.0,304.0,33.76823409193206
24.0,305.0,33.75518964127287
24.0,306.0,33.74156640080944
24.0,307.0,33.727358232462336
24.0,308.0,33.7125631626722
24.0,309.0,33.6971840119737
24.0,310.0,33.68122902913301
24.0,311.0,33.66471247227955
24.0,312.0,33.6476551303499
24.0,313.0,33.63008471468786
24.0,314.0,33.612036109450266
24.0,315.0,33.5935514074324
24.0,316.0,33.574679728188315
24.0,317.0,33.55547675860883
24.0,318.0,33.536004039381446
24.0,319.0,33.516327969455794
24.0,320.0,33.49651859300592
24.0,321.0,33.476648181232065
24.0,322.0,33.456789712922024
24.0,323.0,33.43701529439708
24.0,324.0,33.417394639738546
24.0,325.0,33.39799365105055
24.0,326.0,33.378873204409494
24.0,327.0,33.36008815123891
24.0,328.0,33.341686603053795
24.0,329.0,33.32370946737036
24.0,330.0,33.3061902633667
24.0,331.0,33.2891551514232
24.0,332.0,33.27262318026587
24.0,333.0,33.25660667061133
24.0,334.0,33.241111732469165
24.0,335.0,33.226138836580816
24.0,336.0,33.211683443441125
24.0,337.0,33.197736621358374
24.0,338.0,33.18428566830431
24.0,339.0,33.171314682269426
24.0,340.0,33.15880510543591
24.0,341.0,33.14673619827783
24.0,342.0,33.135085476087355
24.0,343.0,33.12382907224457
24.0,344.0,33.11294206418718
24.0,345.0,33.10239873175392
24.0,346.0,33.09217278430765
24.0,347.0,33.082237529746536
24.0,348.0,33.072566020208534
24.0,349.0,33.063131150011905
24.0,350.0,33.05390573778233
24.0,351.0,33.0448625704285
24.0,352.0,33.03597443734281
24.0,353.0,33.027214134721916
24.0,354.0,33.01855446439473
24.0,355.0,33.00996820963291
24.0,356.0,33.00142810807077
24.0,357.0,32.992906807245326
24.0,358.0,32.98437681839939
24.0,359.0,32.97581045758655
24.0,360.0,32.96717978501152
24.0,361.0,32.9584565356689
24.0,362.0,32.949612047254675
24.0,363.0,32.94061718292423
24.0,364.0,32.9314422496322
24.0,365.0,32.922056914613975
24.0,366.0,32.912430115196024
24.0,367.0,32.90252996994844
24.0,368.0,32.89232368048579
24.0,369.0,32.881777437848505
24.0,370.0,32.87085631653923
24.0,371.0,32.85952417653403
24.0,372.0,32.84774354975127
24.0,373.0,32.83547553816471
24.0,374.0,32.82267969308998
24.0,375.0,32.80931391019527
24.0,376.0,32.79533430245679
24.0,377.0,32.780695093498856
24.0,378.0,32.76534848589446
24.0,379.0,32.74924455531856
24.0,380.0,32.73233111718082
24.0,381.0,32.71455362569871
24.0,382.0,32.69585504383397
24.0,383.0,32.67617575380742
24.0,384.0,32.655453438226004
24.0,385.0,32.633623012066494
24.0,386.0,32.61061652706623
24.0,387.0,32.58636314017725
24.0,388.0,32.56078905916608
24.0,389.0,32.53381756942863
24.0,390.0,32.505369046760904
24.0,391.0,32.475361073674634
24.0,392.0,32.443708555861726
24.0,393.0,32.4103239710583
24.0,394.0,32.375117638948616
24.0,395.0,32.33799816002558
24.0,396.0,32.29887290397513
24.0,397.0,32.25764871167911
24.0,398.0,32.21423268245971
24.0,399.0,32.16853322622713
24.0,400.0,32.120461240777914
24.0,401.0,32.06993160675494
24.0,402.0,32.01686484400051
24.0,403.0,31.961189128559088
24.0,404.0,31.902842488382852
24.0,405.0,31.841775373067303
24.0,406.0,31.7779533760121
24.0,407.0,31.71136028510873
24.0,408.0,31.64200118307781
24.0,409.0,31.569905737392183
24.0,410.0,31.495131327766206
24.0,411.0,31.41776610467316
24.0,412.0,31.337931550985786
24.0,413.0,31.25578460417833
24.0,414.0,31.17151886133963
24.0,415.0,31.085364934440303
24.0,416.0,30.997589493500488
24.0,417.0,30.90849315822072
24.0,418.0,30.818406883534852
24.0,419.0,30.727687184018723
24.0,420.0,30.636710023847257
24.0,421.0,30.545863942052886
24.0,422.0,30.45554241368903
24.0,423.0,30.36613618090621
24.0,424.0,30.278025617099992
24.0,425.0,30.191573875711747
24.0,426.0,30.10712078924431
24.0,427.0,30.02497814093573
24.0,428.0,29.94542606576169
24.0,429.0,29.86871101341698
24.0,430.0,29.795044813856116
24.0,431.0,29.724605128546717
24.0,432.0,29.657536685532378
24.0,433.0,29.593953523000994
24.0,434.0,29.533941589635237
24.0,435.0,29.477561950824825
24.0,436.0,29.424853964749335
24.0,437.0,29.37583874748916
24.0,438.0,29.33052233331668
24.0,439.0,29.288898929459354
24.0,440.0,29.250953711320207
24.0,441.0,29.216665626817594
24.0,442.0,29.186009680287775
24.0,443.0,29.158959216526643
24.0,444.0,29.13548768281438
24.0,445.0,29.115570425540444
24.0,446.0,29.09918599331128
24.0,447.0,29.086317527886287
24.0,448.0,29.076953700379885
24.0,449.0,29.071089792000556
24.0,450.0,29.068728357918975
24.0,451.0,29.06988008798334
24.0,452.0,29.07456428239613
24.0,453.0,29.082809569083764
24.0,454.0,29.094654260381805
24.0,455.0,29.110146988407408
24.0,456.0,29.129346997053894
24.0,457.0,29.152324742674494
24.0,458.0,29.179162162842864
24.0,459.0,29.209953278078167
24.0,460.0,29.244804468598343
24.0,461.0,29.283835103829027
24.0,462.0,29.32717785059716
24.0,463.0,29.374979350415046
24.0,464.0,29.427400576763535
24.0,465.0,29.48461757509393
24.0,466.0,29.54682188246756
24.0,467.0,29.61422134129718
24.0,468.0,29.68704059106716
24.0,469.0,29.765521963467997
24.0,470.0,29.849926052642335
24.0,471.0,29.94053269596419
24.0,472.0,30.037641625631412
24.0,473.0,30.14157353526028
24.0,474.0,30.252670810975264
24.0,475.0,30.37129867845552
24.0,476.0,30.497846005087215
24.0,477.0,30.632726514117973
24.0,478.0,30.776379639790285
24.0,479.0,30.929271783505357
24.0,480.0,31.091897189603788
24.0,481.0,31.26477920111312
24.0,482.0,31.448471102893297
24.0,483.0,31.643557309221922
24.0,484.0,31.850654090590435
24.0,485.0,32.070410588886666
24.0,486.0,32.30350930062062
24.0,487.0,32.55066676379442
24.0,488.0,32.81263360938181
24.0,489.0,33.09019469247177
24.0,490.0,33.38416844062919
24.0,491.0,33.695406105884295
24.0,492.0,34.02479002899122
24.0,493.0,34.37323156520548
24.0,494.0,34.74166774618994
24.0,495.0,35.13105728299179
24.0,496.0,35.54237494854996
24.0,497.0,35.97660489827719
24.0,498.0,36.4347319368935
24.0,499.0,36.91773125317535
24.0,500.0,37.42655562269014
24.0,501.0,37.96212059463218
24.0,502.0,38.52528670517456
24.0,503.0,39.11683929435347
24.0,504.0,39.737465103624025
24.0,505.0,40.3877264058821
24.0,506.0,41.068032122422814
24.0,507.0,41.77860701521644
24.0,508.0,42.519458866852524
24.0,509.0,43.29034525187169
24.0,510.0,44.09074043228067
24.0,511.0,44.91980460594023
24.0,512.0,45.77635668727595
24.0,513.0,46.658853367531414
24.0,514.0,47.56537600772137
24.0,515.0,48.49362815339784
24.0,516.0,49.44094491764033
24.0,517.0,50.404316200735764
24.0,518.0,51.38042372337737
24.0,519.0,52.36569207381075
24.0,520.0,53.35635171111498
24.0,521.0,54.348511937739595
24.0,522.0,55.338239823774096
24.0,523.0,56.32164153976366
24.0,524.0,57.294941277982225
24.0,525.0,58.2545541890101
24.0,526.0,59.19714937588053
24.0,527.0,60.119700869041864
24.0,528.0,61.019524643846744
24.0,529.0,61.89430173128956
24.0,530.0,62.74208757797805
24.0,531.0,63.56130941438865
24.0,532.0,64.35075311645303
24.0,533.0,65.10954208063704
24.0,534.0,65.83710996358042
24.0,535.0,66.53316970525266
24.0,536.0,67.19768037200355
24.0,537.0,67.83081366089496
24.0,538.0,68.43292101374672
24.0,539.0,69.00450249859803
24.0,540.0,69.54617784492086
24.0,541.0,70.05866021660673
24.0,542.0,70.54273270911959
24.0,543.0,70.99922776033208
24.0,544.0,71.42900924158064
24.0,545.0,71.83295718623366
24.0,546.0,72.21195484454421
24.0,547.0,72.5668779042607
24.0,548.0,72.89858557981731
24.0,549.0,73.20791335878162
24.0,550.0,73.49566717226759
24.0,551.0,73.76261875915523
24.0,552.0,74.00950207622122
24.0,553.0,74.23701051538654
24.0,554.0,74.44579487073403
24.0,555.0,74.6364618065123
24.0,556.0,74.8095728564493
24.0,557.0,74.96564368924922
24.0,558.0,75.10514375234656
24.0,559.0,75.228496004784
24.0,560.0,75.33607692669722
24.0,561.0,75.42821648509215
24.0,562.0,75.50519831321407
24.0,563.0,75.56725974603846
24.0,564.0,75.61459203453074
24.0,565.0,75.64734033942429
24.0,566.0,75.66560388916368
24.0,567.0,75.66943585761229
24.0,568.0,75.65884340579046
24.0,569.0,75.63378739580861
24.0,570.0,75.59418227929177
24.0,571.0,75.53989561966281
24.0,572.0,75.47074780766916
24.0,573.0,75.3865113801651
24.0,574.0,75.28691055824048
24.0,575.0,75.1716203655451
24.0,576.0,75.04026599975938
24.0,577.0,74.8924217698545
24.0,578.0,74.72761032969271
24.0,579.0,74.54530147421114
24.0,580.0,74.34491128779236
24.0,581.0,74.12580086748122
24.0,582.0,73.88727547206831
24.0,583.0,73.62858328017735
24.0,584.0,73.34891467333506
24.0,585.0,73.04740119323594
24.0,586.0,72.72311515915891
24.0,587.0,72.37506906824345
24.0,588.0,72.00221584131572
24.0,589.0,71.60344901987479
24.0,590.0,71.17760406217124
24.0,591.0,70.7234598380693
24.0,592.0,70.23974156555924
24.0,593.0,69.72512429455544
24.0,594.0,69.17823828486765
24.0,595.0,68.59767539970916
24.0,596.0,67.98199797009856
24.0,597.0,67.329749269288
24.0,598.0,66.63946715317792
24.0,599.0,65.90970000783419
24.0,600.0,65.13902662768439
24.0,601.0,64.32607911818091
24.0,602.0,63.46957043760406
24.0,603.0,62.568325521161604
24.0,604.0,61.62131745209401
24.0,605.0,60.62770729607726
24.0,606.0,59.58688869529725
24.0,607.0,58.49853526168904
24.0,608.0,57.36265122059685
24.0,609.0,56.17962249158664
24.0,610.0,54.950267763392304
24.0,611.0,53.67588572738581
24.0,612.0,52.35829709285241
24.0,613.0,50.9998766890011
24.0,614.0,49.603573764062126
24.0,615.0,48.17291565940195
24.0,616.0,46.71199350373206
24.0,617.0,45.22542630455159
24.0,618.0,43.7183040986608
24.0,619.0,42.196109194891676
24.0,620.0,40.664619365364295
24.0,621.0,39.12979531878037
24.0,622.0,37.59765939189734
24.0,623.0,36.07417012167244
24.0,624.0,34.56510093441319
24.0,625.0,33.07592759462632
24.0,626.0,31.611731389201402
24.0,627.0,30.177120321070834
24.0,628.0,28.776172247594435
24.0,629.0,27.412398897940573
24.0,630.0,26.08873154959414
24.0,631.0,24.80752460286608
24.0,632.0,23.570575855987755
24.0,633.0,22.3791584812235
24.0,634.0,21.234063008887546
24.0,635.0,20.135644407670604
24.0,636.0,19.083873119886007
24.0,637.0,18.078385960723903
24.0,638.0,17.11853671233677
24.0,639.0,16.203443305705168
24.0,640.0,15.332032353569335
24.0,641.0,14.503078741997172
24.0,642.0,13.71524172680501
24.0,643.0,12.967095781450029
24.0,644.0,12.257158048336345
24.0,645.0,11.583910929703137
24.0,646.0,10.945821856921803
24.0,647.0,10.341358888170054
24.0,648.0,9.769004218616258
24.0,649.0,9.227264264110085
24.0,650.0,8.714678370734713
24.0,651.0,8.229824773511027
24.0,652.0,7.771325791235084
24.0,653.0,7.337850827875076
24.0,654.0,6.928119093611847
24.0,655.0,6.5409005658058295
24.0,656.0,6.175017032822757
24.0,657.0,5.829341701374608
24.0,658.0,5.502799148497255
24.0,659.0,5.194364071845996
24.0,660.0,4.9030605665280635
24.0,661.0,4.627960367203626
24.0,662.0,4.368181738460467
24.0,663.0,4.122887447566048
24.0,664.0,3.8912834632950313
24.0,665.0,3.672616818716401
24.0,666.0,3.4661742464877863
24.0,667.0,3.2712800349939504
24.0,668.0,3.0872946814017643
24.0,669.0,2.9136128056665513
24.0,670.0,2.749661870605323
24.0,671.0,2.594900191903524
24.0,672.0,2.4488157528760097
24.0,673.0,2.3109243309762975
24.0,674.0,2.1807684206330338
24.0,675.0,2.0579154852098815
24.0,676.0,1.9419569920612312
24.0,677.0,1.8325067915002473
24.0,678.0,1.7292002624045213
24.0,679.0,1.6316928151780163
24.0,680.0,1.5396591427335862
24.0,681.0,1.4527918417486625
24.0,682.0,1.370800761882891
24.0,683.0,1.2934117381866799
24.0,684.0,1.2203660304492991
24.0,685.0,1.1514191589876235
24.0,686.0,1.0863404257039346
24.0,687.0,1.0249118453646844
24.0,688.0,0.9669277400364331
24.0,689.0,0.9121937581638135
24.0,690.0,0.8605265343853399
24.0,691.0,0.8117527891048699
24.0,692.0,0.765709046159916
24.0,693.0,0.7222408060656165
24.0,694.0,0.6812023145471215
24.0,695.0,0.6424558031635772
24.0,696.0,0.6058713022784462
24.0,697.0,0.5713259433078209
24.0,698.0,0.5387038102601286
24.0,699.0,0.5078952983763227
24.0,700.0,0.4787969989063376
24.0,701.0,0.4513111094054787
24.0,702.0,0.4253453469195512
24.0,703.0,0.40081240566507487
24.0,704.0,0.3776298942633225
24.0,705.0,0.355719836958654
24.0,706.0,0.335008630971915
24.0,707.0,0.31542658780048577
24.0,708.0,0.2969079071536941
24.0,709.0,0.2793902552308742
24.0,710.0,0.26281475205690163
24.0,711.0,0.2471255839523037
24.0,712.0,0.23227000140765908
24.0,713.0,0.21819796324472884
24.0,714.0,0.20486214245654796
24.0,715.0,0.19221759981300593
24.0,716.0,0.18022179535138996
24.0,717.0,0.1688342894062327
24.0,718.0,0.15801675766524115
24.0,719.0,0.1477327178038783
24.0,720.0,0.13794754622633396
24.0,721.0,0.128628228662426
24.0,722.0,0.1197433768947003
24.0,723.0,0.11126300183087585
24.0,724.0,0.1031585286782948
24.0,725.0,0.09540259114115973
24.0,726.0,0.08796904364420945
24.0,727.0,0.08083277542208187
24.0,728.0,0.07396971851689829
24.0,729.0,0.06735668062872174
24.0,730.0,0.060971347718141757
24.0,731.0,0.054792134573289394
24.0,732.0,0.048798180939800165
24.0,733.0,0.04296921883231898
24.0,734.0,0.03728556119148361
24.0,735.0,0.031727985027261096
24.0,736.0,0.026277711666778076
24.0,737.0,0.02091630486396732
24.0,738.0,0.015625641753957614
24.0,739.0,0.010387825099010397
24.0,740.0,0.005185144105405589
24.0,741.0,0.0
25.0,0.0,0.0
25.0,1.0,0.002347622400668899
25.0,2.0,0.004703186301470811
25.0,3.0,0.007074658451948146
25.0,4.0,0.009470061839072837
25.0,5.0,0.01189749555541608
25.0,6.0,0.014365171883271197
25.0,7.0,0.01688143114355556
25.0,8.0,0.01945478523836864
25.0,9.0,0.022093927851980038
25.0,10.0,0.02480778482377052
25.0,11.0,0.0276055200869406
25.0,12.0,0.03049659325828609
25.0,13.0,0.033490761719615944
25.0,14.0,0.03659814583037825
25.0,15.0,0.03982922758143759
25.0,16.0,0.04319492386142489
25.0,17.0,0.0467065821427866
25.0,18.0,0.05037606226317536
25.0,19.0,0.054215729639898895
25.0,20.0,0.05823854606405327
25.0,21.0,0.06245806098208263
25.0,22.0,0.06688851184309923
25.0,23.0,0.07154481403569077
25.0,24.0,0.07644267137845079
25.0,25.0,0.08159856535697173
25.0,26.0,0.08702987640456428
25.0,27.0,0.09275487314914206
25.0,28.0,0.09879284519603446
25.0,29.0,0.10516409316784338
25.0,30.0,0.11189007377479437
25.0,31.0,0.11899339151331
25.0,32.0,0.1264979568921789
25.0,33.0,0.13442898074825
25.0,34.0,0.14281314658952537
25.0,35.0,0.15167860858974413
25.0,36.0,0.1610551791130048
25.0,37.0,0.17097433156374714
25.0,38.0,0.18146940427230912
25.0,39.0,0.1925756095035086
25.0,40.0,0.20433025500913513
25.0,41.0,0.21677276063738626
25.0,42.0,0.22994489899696
25.0,43.0,0.2438908212611238
25.0,44.0,0.25865731853871243
25.0,45.0,0.27429385863024786
25.0,46.0,0.2908528698630858
25.0,47.0,0.30838979073169026
25.0,48.0,0.32696337812586
25.0,49.0,0.3466357719708417
25.0,50.0,0.3674728299561405
25.0,51.0,0.38954420947987933
25.0,52.0,0.4129237311663562
25.0,53.0,0.4376894806068275
25.0,54.0,0.4639242031290721
25.0,55.0,0.4917154280040602
25.0,56.0,0.5211558970885536
25.0,57.0,0.5523437143194004
25.0,58.0,0.5853828109728629
25.0,59.0,0.6203831233738201
25.0,60.0,0.6574610975766199
25.0,61.0,0.6967398982431138
25.0,62.0,0.7383499555104188
25.0,63.0,0.7824292078922747
25.0,64.0,0.829123693902214
25.0,65.0,0.8785878315384911
25.0,66.0,0.9309850567940418
25.0,67.0,0.9864881416966105
25.0,68.0,1.045279881039959
25.0,69.0,1.107553449924338
25.0,70.0,1.1735131387148516
25.0,71.0,1.2433747493575162
25.0,72.0,1.3173663764650734
25.0,73.0,1.3957288390779976
25.0,74.0,1.4787165025474196
25.0,75.0,1.5665977384555998
25.0,76.0,1.6596557771212481
25.0,77.0,1.7581891825134688
25.0,78.0,1.862512718068653
25.0,79.0,1.9729578148319002
25.0,80.0,2.0898734229219933
25.0,81.0,2.213626438743573
25.0,82.0,2.344602499635384
25.0,83.0,2.4832063184096533
25.0,84.0,2.6298623578823928
25.0,85.0,2.785014996445498
25.0,86.0,2.949128990367977
25.0,87.0,3.1226893605107464
25.0,88.0,3.306201511335285
25.0,89.0,3.500190684061856
25.0,90.0,3.705201550194226
25.0,91.0,3.9217970187022764
25.0,92.0,4.1505570574912
25.0,93.0,4.392076571492128
25.0,94.0,4.646963129337022
25.0,95.0,4.915833549245846
25.0,96.0,5.1993101269752975
25.0,97.0,5.498015488010488
25.0,98.0,5.812566842976634
25.0,99.0,6.143568611103042
25.0,100.0,6.491604202405715
25.0,101.0,6.857225930383797
25.0,102.0,7.240943889398511
25.0,103.0,7.643212819094631
25.0,104.0,8.0644178871247
25.0,105.0,8.504858529887075
25.0,106.0,8.964731455742928
25.0,107.0,9.44411215335049
25.0,108.0,9.94293626950086
25.0,109.0,10.460980484359403
25.0,110.0,10.997844571292976
25.0,111.0,11.552934585359475
25.0,112.0,12.125449168156544
25.0,113.0,12.714369138081517
25.0,114.0,13.318452474835398
25.0,115.0,13.936234818724976
25.0,116.0,14.566037347484684
25.0,117.0,15.20598166563945
25.0,118.0,15.854012854305896
25.0,119.0,16.507929394342586
25.0,120.0,17.16542006183255
25.0,121.0,17.82410543202123
25.0,122.0,18.4815831204214
25.0,123.0,19.13547365866677
25.0,124.0,19.78346573544455
25.0,125.0,20.423357700195343
25.0,126.0,21.0530944580772
25.0,127.0,21.670797392634938
25.0,128.0,22.274787414732753
25.0,129.0,22.86359985118333
25.0,130.0,23.43599232034443
25.0,131.0,23.990945230419413
25.0,132.0,24.52765676236985
25.0,133.0,25.045532458885873
25.0,134.0,25.54417152726509
25.0,135.0,26.023350026298942
25.0,136.0,26.48300292373643
25.0,137.0,26.92320496957748
25.0,138.0,27.344152071133003
25.0,139.0,27.746142799029297
25.0,140.0,28.129561387214892
25.0,141.0,28.494861570944
25.0,142.0,28.842552365830393
25.0,143.0,29.173184929039973
25.0,144.0,29.487341432509577
25.0,145.0,29.78562497188415
25.0,146.0,30.06865134401548
25.0,147.0,30.337041666073524
25.0,148.0,30.59141662571227
25.0,149.0,30.832391328245276
25.0,150.0,31.06057151874371
25.0,151.0,31.276550162166643
25.0,152.0,31.480905163533084
25.0,153.0,31.674197239430374
25.0,154.0,31.856968732276854
25.0,155.0,32.02974241000541
25.0,156.0,32.193021051622736
25.0,157.0,32.34728689185394
25.0,158.0,32.49300173136894
25.0,159.0,32.630606813866585
25.0,160.0,32.760523278718
25.0,161.0,32.88315231568578
25.0,162.0,32.998875828864115
25.0,163.0,33.10805675903885
25.0,164.0,33.21103986676309
25.0,165.0,33.30815214596584
25.0,166.0,33.39970366282539
25.0,167.0,33.485988008800085
25.0,168.0,33.56728315282177
25.0,169.0,33.64385189953651
25.0,170.0,33.71594272718069
25.0,171.0,33.78379022925579
25.0,172.0,33.84761592086383
25.0,173.0,33.907628650712475
25.0,174.0,33.964025365915994
25.0,175.0,34.01699148721836
25.0,176.0,34.06670162724966
25.0,177.0,34.11331992597555
25.0,178.0,34.15700072083458
25.0,179.0,34.197888842271595
25.0,180.0,34.23612023658384
25.0,181.0,34.271822223417495
25.0,182.0,34.30511407390284
25.0,183.0,34.33610723351956
25.0,184.0,34.36490585949436
25.0,185.0,34.3916070137281
25.0,186.0,34.41630116469071
25.0,187.0,34.43907235635436
25.0,188.0,34.45999868113102
25.0,189.0,34.479152432133
25.0,190.0,34.49660055519931
25.0,191.0,34.5124047934244
25.0,192.0,34.5266221280985
25.0,193.0,34.53930492635658
25.0,194.0,34.55050138291191
25.0,195.0,34.56025568380729
25.0,196.0,34.56860846298347
25.0,197.0,34.575596997173406
25.0,198.0,34.58125569316868
25.0,199.0,34.58561633023603
25.0,200.0,34.588708594532164
25.0,201.0,34.590560384858115
25.0,202.0,34.59119840851914
25.0,203.0,34.59064856191516
25.0,204.0,34.58893659506422
25.0,205.0,34.58608856800237
25.0,206.0,34.582131576597696
25.0,207.0,34.57709426651688
25.0,208.0,34.57100758883389
25.0,209.0,34.563905324363354
25.0,210.0,34.55582480447773
25.0,211.0,34.54680736283383
25.0,212.0,34.53689892080806
25.0,213.0,34.526150250876114
25.0,214.0,34.51461730105559
25.0,215.0,34.502361142114005
25.0,216.0,34.48944791164333
25.0,217.0,34.47594834648333
25.0,218.0,34.46193728215598
25.0,219.0,34.44749275285674
25.0,220.0,34.43269508497439
25.0,221.0,34.41762566396187
25.0,222.0,34.40236577980969
25.0,223.0,34.386995267337355
25.0,224.0,34.37159134272405
25.0,225.0,34.3562273675506
25.0,226.0,34.34097191542716
25.0,227.0,34.32588786618628
25.0,228.0,34.31103186028306
25.0,229.0,34.29645382216893
25.0,230.0,34.28219684086597
25.0,231.0,34.26829710444766
25.0,232.0,34.25478414205681
25.0,233.0,34.24168107030532
25.0,234.0,34.229005076762654
25.0,235.0,34.21676784972024
25.0,236.0,34.20497617679676
25.0,237.0,34.19363244143692
25.0,238.0,34.182735235147064
25.0,239.0,34.17227983669566
25.0,240.0,34.16225877233601
25.0,241.0,34.15266222927167
25.0,242.0,34.14347853114375
25.0,243.0,34.13469446609456
25.0,244.0,34.126295668740255
25.0,245.0,34.11826686218676
25.0,246.0,34.11059215211136
25.0,247.0,34.10325519240504
25.0,248.0,34.09623940386961
25.0,249.0,34.08952807726657
25.0,250.0,34.08310453108906
25.0,251.0,34.07695216614722
25.0,252.0,34.07105457608581
25.0,253.0,34.06539556608666
25.0,254.0,34.05995922778763
25.0,255.0,34.054729932425744
25.0,256.0,34.04969237947615
25.0,257.0,34.044831572258666
25.0,258.0,34.04013284742458
25.0,259.0,34.03558183901644
25.0,260.0,34.03116449407916
25.0,261.0,34.026867029504594
25.0,262.0,34.02267593757403
25.0,263.0,34.018577938634536
25.0,264.0,34.01455997926387
25.0,265.0,34.010609182867555
25.0,266.0,34.00671284233882
25.0,267.0,34.002858369974966
25.0,268.0,33.999033285924966
25.0,269.0,33.99522516834584
25.0,270.0,33.99142163853869
25.0,271.0,33.98761031195508
25.0,272.0,33.98377878068065
25.0,273.0,33.979914565726354
25.0,274.0,33.9760050974011
25.0,275.0,33.972037669264836
25.0,276.0,33.967999416925984
25.0,277.0,33.96387727408537
25.0,278.0,33.95965795040085
25.0,279.0,33.9553278902197
25.0,280.0,33.95087325038356
25.0,281.0,33.94627986255112
25.0,282.0,33.94153321219667
25.0,283.0,33.936618405896
25.0,284.0,33.93152015334005
25.0,285.0,33.92622274163977
25.0,286.0,33.92071002298263
25.0,287.0,33.91496539896194
25.0,288.0,33.90897181760735
25.0,289.0,33.90271177201967
25.0,290.0,33.89616731196215
25.0,291.0,33.88932006273028
25.0,292.0,33.88215125832777
25.0,293.0,33.87464178852199
25.0,294.0,33.86677226280476
25.0,295.0,33.858523095871924
25.0,296.0,33.849874613889604
25.0,297.0,33.84080719087925
25.0,298.0,33.83130141080757
25.0,299.0,33.8213382688914
25.0,300.0,33.81089940379918
25.0,301.0,33.799967377521504
25.0,302.0,33.78852598999866
25.0,303.0,33.77656064707598
25.0,304.0,33.76405876296655
25.0,305.0,33.751010215466756
25.0,306.0,33.73740782723533
25.0,307.0,33.723247888397864
25.0,308.0,33.70853068365253
25.0,309.0,33.69326103359198
25.0,310.0,33.67744880169604
25.0,311.0,33.6611093700694
25.0,312.0,33.644264024504906
25.0,313.0,33.62694024770065
25.0,314.0,33.60917185567263
25.0,315.0,33.59099897954854
25.0,316.0,33.572467832948526
25.0,317.0,33.5536302827713
25.0,318.0,33.53454318235866
25.0,319.0,33.515267512750924
25.0,320.0,33.49586731953163
25.0,321.0,33.476408523073474
25.0,322.0,33.456957616176716
25.0,323.0,33.43758034913081
25.0,324.0,33.418340426561414
25.0,325.0,33.39929831698802
25.0,326.0,33.38051018728804
25.0,327.0,33.362027042559035
25.0,328.0,33.34389405529418
25.0,329.0,33.326150134036844
25.0,330.0,33.30882768513146
25.0,331.0,33.29195259159702
25.0,332.0,33.275544342223
25.0,333.0,33.25961632100984
25.0,334.0,33.244176183168285
25.0,335.0,33.22922632613825
25.0,336.0,33.214764385695624
25.0,337.0,33.20078377150857
25.0,338.0,33.18727418144461
25.0,339.0,33.174222117238784
25.0,340.0,33.161611350954324
25.0,341.0,33.14942337194617
25.0,342.0,33.13763777236116
25.0,343.0,33.12623260535932
25.0,344.0,33.115184680491716
25.0,345.0,33.10446983216621
25.0,346.0,33.09406313014944
25.0,347.0,33.08393906758403
25.0,348.0,33.074071698746216
25.0,349.0,33.06443476002434
25.0,350.0,33.05500174901612
25.0,351.0,33.045745992222194
25.0,352.0,33.03664067877669
25.0,353.0,33.027658887052816
25.0,354.0,33.01877358430239
25.0,355.0,33.00995762210555
25.0,356.0,33.00118371085647
25.0,357.0,32.992424391682135
25.0,358.0,32.98365199252147
25.0,359.0,32.97483858210355
25.0,360.0,32.965955912523576
25.0,361.0,32.956975359218205
25.0,362.0,32.94786785349131
25.0,363.0,32.938603811158956
25.0,364.0,32.929153057397585
25.0,365.0,32.9194847458146
25.0,366.0,32.90956727723608
25.0,367.0,32.899368210343106
25.0,368.0,32.888854175539755
25.0,369.0,32.87799077794166
25.0,370.0,32.86674250723773
25.0,371.0,32.855072633704374
25.0,372.0,32.84294311498546
25.0,373.0,32.830314485935595
25.0,374.0,32.81714576350664
25.0,375.0,32.803394331624425
25.0,376.0,32.7890158459308
25.0,377.0,32.77396411562978
25.0,378.0,32.75819101076872
25.0,379.0,32.74164634414962
25.0,380.0,32.724277785259815
25.0,381.0,32.706030747073136
25.0,382.0,32.68684831282552
25.0,383.0,32.66667113502174
25.0,384.0,32.64543738421445
25.0,385.0,32.623082671031646
25.0,386.0,32.59954003023113
25.0,387.0,32.574739881364906
25.0,388.0,32.54861006695162
25.0,389.0,32.52107587380424
25.0,390.0,32.49206015147808
25.0,391.0,32.46148342454832
25.0,392.0,32.429264126703515
25.0,393.0,32.39531884437766
25.0,394.0,32.359562712758546
25.0,395.0,32.32190984262913
25.0,396.0,32.28227393617972
25.0,397.0,32.240568960135796
25.0,398.0,32.19671004926941
25.0,399.0,32.15061449656673
25.0,400.0,32.102203016199816
25.0,401.0,32.051401119662216
25.0,402.0,31.998140800115934
25.0,403.0,31.94236234281005
25.0,404.0,31.884016458216035
25.0,405.0,31.823066523353084
25.0,406.0,31.759491119015323
25.0,407.0,31.693286603427595
25.0,408.0,31.624469889049635
25.0,409.0,31.55308110602703
25.0,410.0,31.479186289347275
25.0,411.0,31.40287971145296
25.0,412.0,31.324285971188566
25.0,413.0,31.24356141182902
25.0,414.0,31.16089497878894
25.0,415.0,31.076508079558987
25.0,416.0,30.990653608912346
25.0,417.0,30.903613753915895
25.0,418.0,30.81569686142747
25.0,419.0,30.72723309675038
25.0,420.0,30.638569343703157
25.0,421.0,30.55006321081442
25.0,422.0,30.462076750428135
25.0,423.0,30.37496984297985
25.0,424.0,30.289093928215028
25.0,425.0,30.204786017502116
25.0,426.0,30.122363630331773
25.0,427.0,30.042120465420364
25.0,428.0,29.964323329224875
25.0,429.0,29.889209960161004
25.0,430.0,29.81698813987205
25.0,431.0,29.747835579775806
25.0,432.0,29.681900890527544
25.0,433.0,29.619305034933276
25.0,434.0,29.560143555185014
25.0,435.0,29.50448894973638
25.0,436.0,29.452393526331235
25.0,437.0,29.40389212044111
25.0,438.0,29.359005066791983
25.0,439.0,29.317740840331144
25.0,440.0,29.28009881852195
25.0,441.0,29.246071604172062
25.0,442.0,29.21564741571818
25.0,443.0,29.188811995487125
25.0,444.0,29.16555058526616
25.0,445.0,29.145849419062323
25.0,446.0,29.129697313632228
25.0,447.0,29.117086796801974
25.0,448.0,29.10801537741178
25.0,449.0,29.102486381187582
25.0,450.0,29.100509974688794
25.0,451.0,29.10210378286729
25.0,452.0,29.10729373802795
25.0,453.0,29.116114545848614
25.0,454.0,29.128610420633223
25.0,455.0,29.144835455639416
25.0,456.0,29.16485429453155
25.0,457.0,29.18874245066759
25.0,458.0,29.216586953951843
25.0,459.0,29.248486653795986
25.0,460.0,29.28455287145604
25.0,461.0,29.32490971318146
25.0,462.0,29.369694750748817
25.0,463.0,29.419059364768493
25.0,464.0,29.473169470260352
25.0,465.0,29.53220590485492
25.0,466.0,29.596365211480546
25.0,467.0,29.665860081817396
25.0,468.0,29.740920203993582
25.0,469.0,29.82179276761526
25.0,470.0,29.908743380269076
25.0,471.0,30.00205663620166
25.0,472.0,30.102037100806136
25.0,473.0,30.20900993992443
25.0,474.0,30.323321965663073
25.0,475.0,30.44534231657508
25.0,476.0,30.5754635502468
25.0,477.0,30.714102355312342
25.0,478.0,30.8617006651746
25.0,479.0,31.01872636965229
25.0,480.0,31.185674408500496
25.0,481.0,31.36306743183763
25.0,482.0,31.551456809933796
25.0,483.0,31.751423165282425
25.0,484.0,31.9635772040359
25.0,485.0,32.18856000601816
25.0,486.0,32.427043540301824
25.0,487.0,32.67973054949201
25.0,488.0,32.947354554017785
25.0,489.0,33.23067910041643
25.0,490.0,33.53049698292257
25.0,491.0,33.847628539714805
25.0,492.0,34.182919724719504
25.0,493.0,34.537239030742285
25.0,494.0,34.911473931231285
25.0,495.0,35.30652589036614
25.0,496.0,35.72330457388924
25.0,497.0,36.16272028977351
25.0,498.0,36.625675263402904
25.0,499.0,37.113052772892566
25.0,500.0,37.625704743952525
25.0,501.0,38.164436863230065
25.0,502.0,38.729991850866185
25.0,503.0,39.323030049951484
25.0,504.0,39.944108093898734
25.0,505.0,40.59365500806034
25.0,506.0,41.27194673929958
25.0,507.0,41.97907879629923
25.0,508.0,42.71493835516528
25.0,509.0,43.479175962568064
25.0,510.0,44.27117864456858
25.0,511.0,45.0900450494197
25.0,512.0,45.934564852306536
25.0,513.0,46.80320341153644
25.0,514.0,47.694094056783086
25.0,515.0,48.60503895447127
25.0,516.0,49.53352053726264
25.0,517.0,50.47672374964608
25.0,518.0,51.43157000592461
25.0,519.0,52.39476177152791
25.0,520.0,53.3628370762745
25.0,521.0,54.33223130025518
25.0,522.0,55.29934406951276
25.0,523.0,56.260607535074584
25.0,524.0,57.212553250125666
25.0,525.0,58.15187394976999
25.0,526.0,59.07547800864006
25.0,527.0,59.98053400967242
25.0,528.0,60.86450460889479
25.0,529.0,61.72516876147669
25.0,530.0,62.56063301979534
25.0,531.0,63.36933237138797
25.0,532.0,64.15002235660391
25.0,533.0,64.90176368826938
25.0,534.0,65.62390144542167
25.0,535.0,66.3160401689708
25.0,536.0,66.97801671756149
25.0,537.0,67.60987191110249
25.0,538.0,68.21182233958609
25.0,539.0,68.78423292910331
25.0,540.0,69.32759112861432
25.0,541.0,69.84248292001072
25.0,542.0,70.32957109412102
25.0,543.0,70.78957572837975
25.0,544.0,71.2232570165276
25.0,545.0,71.63140024655763
25.0,546.0,72.01480289791893
25.0,547.0,72.37426361402648
25.0,548.0,72.71057292125636
25.0,549.0,73.02450547514502
25.0,550.0,73.3168136523704
25.0,551.0,73.58822233002364
25.0,552.0,73.8394246413001
25.0,553.0,74.07107862633492
25.0,554.0,74.28380454575174
25.0,555.0,74.47818285759193
25.0,556.0,74.65475260314257
25.0,557.0,74.8140102829834
25.0,558.0,74.95640894240229
25.0,559.0,75.08235762437106
25.0,560.0,75.19222087737299
25.0,561.0,75.28631854880497
25.0,562.0,75.36492551409806
25.0,563.0,75.4282716408368
25.0,564.0,75.47654159638111
25.0,565.0,75.50987486357208
25.0,566.0,75.52836552787117
25.0,567.0,75.53206226333499
25.0,568.0,75.52096803307163
25.0,569.0,75.49503999263484
25.0,570.0,75.45418906262968
25.0,571.0,75.39827971889483
25.0,572.0,75.32712941628908
25.0,573.0,75.24050825375643
25.0,574.0,75.13813824631674
25.0,575.0,75.01969287087674
25.0,576.0,74.88479620172403
25.0,577.0,74.73302236225639
25.0,578.0,74.56389456039419
25.0,579.0,74.3768844949214
25.0,580.0,74.1714113540285
25.0,581.0,73.94684125575323
25.0,582.0,73.70248630867651
25.0,583.0,73.43760420766696
25.0,584.0,73.15139750456703
25.0,585.0,72.84301353742826
25.0,586.0,72.5115441255306
25.0,587.0,72.15602608751414
25.0,588.0,71.77544166440553
25.0,589.0,71.36871998461281
25.0,590.0,70.93473863555955
25.0,591.0,70.47232656539227
25.0,592.0,69.98026737089097
25.0,593.0,69.45730428716749
25.0,594.0,68.90214593343934
25.0,595.0,68.31347422460814
25.0,596.0,67.68995350183695
25.0,597.0,67.03024237878144
25.0,598.0,66.33300734337756
25.0,599.0,65.59693967358757
25.0,600.0,64.82077465798164
25.0,601.0,64.00331468587459
25.0,602.0,63.14345507603944
25.0,603.0,62.24021411546822
25.0,604.0,61.292765932791546
25.0,605.0,60.3004774319726
25.0,606.0,59.2629474924849
25.0,607.0,58.18004922013666
25.0,608.0,57.051972838170734
25.0,609.0,55.879269373108905
25.0,610.0,54.66289196473981
25.0,611.0,53.40423425430031
25.0,612.0,52.10516197105419
25.0,613.0,50.76803667922769
25.0,614.0,49.39572750647235
25.0,615.0,47.99160994864693
25.0,616.0,46.559548112664324
25.0,617.0,45.10386062376655
25.0,618.0,43.62926817111668
25.0,619.0,42.14082504730051
25.0,620.0,40.643835031660956
25.0,621.0,39.14375645556802
25.0,622.0,37.64609899611689
25.0,623.0,36.15631874543342
25.0,624.0,34.679714991792345
25.0,625.0,33.22133528013413
25.0,626.0,31.78589125756895
25.0,627.0,30.37769020316614
25.0,628.0,29.000582510191684
25.0,629.0,27.657927578298242
25.0,630.0,26.352575967033978
25.0,631.0,25.08686817954132
25.0,632.0,23.86264627504758
25.0,633.0,22.68127758787566
25.0,634.0,21.54368617056797
25.0,635.0,20.450391146231794
25.0,636.0,19.40154784653475
25.0,637.0,18.396991452496547
25.0,638.0,17.436279683786402
25.0,639.0,16.51873499372584
25.0,640.0,15.643483536352225
25.0,641.0,14.809492031710047
25.0,642.0,14.015600373100593
25.0,643.0,13.260551582773559
25.0,644.0,12.543017339415814
25.0,645.0,11.861620968180597
25.0,646.0,11.2149563227216
25.0,647.0,10.60160458112264
25.0,648.0,10.02014746926808
25.0,649.0,9.469178964569787
25.0,650.0,8.947314005424076
25.0,651.0,8.453196234306896
25.0,652.0,7.98550327660357
25.0,653.0,7.542951532245479
25.0,654.0,7.124298947456212
25.0,655.0,6.728347684929885
25.0,656.0,6.353945126435711
25.0,657.0,5.999985068676764
25.0,658.0,5.6654075205827175
25.0,659.0,5.349198910380558
25.0,660.0,5.050391094236022
25.0,661.0,4.7680609281252355
25.0,662.0,4.501328787608581
25.0,663.0,4.249357755661059
25.0,664.0,4.011351864316218
25.0,665.0,3.7865550728146906
25.0,666.0,3.574249375993515
25.0,667.0,3.3737536909884973
25.0,668.0,3.184421929608009
25.0,669.0,3.0056418716202216
25.0,670.0,2.8368332645093752
25.0,671.0,2.677446733052153
25.0,672.0,2.5269619461823933
25.0,673.0,2.3848865928995195
25.0,674.0,2.250754639648359
25.0,675.0,2.124125389158
25.0,676.0,2.004581840662857
25.0,677.0,1.8917298392280382
25.0,678.0,1.785196543746307
25.0,679.0,1.684629668347754
25.0,680.0,1.5896960582876871
25.0,681.0,1.5000810212200952
25.0,682.0,1.4154870080484012
25.0,683.0,1.335633029495077
25.0,684.0,1.2602534371595921
25.0,685.0,1.189097419470707
25.0,686.0,1.1219278771910468
25.0,687.0,1.0585209921660406
25.0,688.0,0.998665191059026
25.0,689.0,0.9421607800838875
25.0,690.0,0.8888189906592396
25.0,691.0,0.8384616733734017
25.0,692.0,0.7909204193808378
25.0,693.0,0.7460363070902938
25.0,694.0,0.7036590934022054
25.0,695.0,0.6636470069601019
25.0,696.0,0.6258660036836384
25.0,697.0,0.5901896008300145
25.0,698.0,0.5564981916730252
25.0,699.0,0.5246789150520336
25.0,700.0,0.4946250244560252
25.0,701.0,0.46623578817082306
25.0,702.0,0.43941590843109213
25.0,703.0,0.4140754476980096
25.0,704.0,0.39012929393053014
25.0,705.0,0.3674971089270351
25.0,706.0,0.3461028361333673
25.0,707.0,0.3258746673581565
25.0,708.0,0.3067445898756114
25.0,709.0,0.288648368172783
25.0,710.0,0.27152512741832036
25.0,711.0,0.2553173472200675
25.0,712.0,0.23997047881671527
25.0,713.0,0.22543294811607376
25.0,714.0,0.21165580422541022
25.0,715.0,0.19859272930541158
25.0,716.0,0.18619971628811322
25.0,717.0,0.1744350833202841
25.0,718.0,0.1632591787266473
25.0,719.0,0.15263439803070544
25.0,720.0,0.14252491440698922
25.0,721.0,0.13289669645880586
25.0,722.0,0.12371726256811126
25.0,723.0,0.11495569777992307
25.0,724.0,0.10658243060364544
25.0,725.0,0.09856924750449243
25.0,726.0,0.09088909083717021
25.0,727.0,0.08351606957706885
25.0,728.0,0.07642527717747967
25.0,729.0,0.06959279728888042
25.0,730.0,0.06299554042556307
25.0,731.0,0.05661124352127809
25.0,732.0,0.05041832437136024
25.0,733.0,0.04439587395839578
25.0,734.0,0.03852352770261035
25.0,735.0,0.03278144956302359
25.0,736.0,0.027150219182811623
25.0,737.0,0.021610806830425103
25.0,738.0,0.016144475568524455
25.0,739.0,0.010732746146430777
25.0,740.0,0.005357313351582739
25.0,741.0,0.0
26.0,0.0,0.0
26.0,1.0,0.0024196584064053854
26.0,2.0,0.004847500699677399
26.0,3.0,0.00729173969036202
26.0,4.0,0.009760640305234275
26.0,5.0,0.01226255460902749
26.0,6.0,0.014805939635062828
26.0,7.0,0.017399398874455418
26.0,8.0,0.020051695121149155
26.0,9.0,0.022771798805353502
26.0,10.0,0.025568896241337104
26.0,11.0,0.028452445194074878
26.0,12.0,0.03143217893523466
26.0,13.0,0.03451816944927319
26.0,14.0,0.03772082772537765
26.0,15.0,0.041050975031730566
26.0,16.0,0.04451983989899156
26.0,17.0,0.04813913791939905
26.0,18.0,0.05192106591099877
26.0,19.0,0.05587839073196273
26.0,20.0,0.0600244411545439
26.0,21.0,0.06437320622481996
26.0,22.0,0.06893932542168196
26.0,23.0,0.07373819713855105
26.0,24.0,0.07878596775604065
26.0,25.0,0.08409965087549205
26.0,26.0,0.08969711599477041
26.0,27.0,0.09559721918419835
26.0,28.0,0.10181979212377007
26.0,29.0,0.10838578498072989
26.0,30.0,0.11531725664384171
26.0,31.0,0.12263753063896665
26.0,32.0,0.13037118748241755
26.0,33.0,0.13854423455691542
26.0,34.0,0.14718410160195886
26.0,35.0,0.15631982556789412
26.0,36.0,0.1659820503670093
26.0,37.0,0.17620322782842687
26.0,38.0,0.1870176229494979
26.0,39.0,0.19846153218890344
26.0,40.0,0.21057329558382135
26.0,41.0,0.22339353374276277
26.0,42.0,0.23696516832945974
26.0,43.0,0.25133367924984257
26.0,44.0,0.26654713514760353
26.0,45.0,0.28265647241990366
26.0,46.0,0.2997155375201992
26.0,47.0,0.31778138958228147
26.0,48.0,0.3369143564800592
26.0,49.0,0.35717836298543915
26.0,50.0,0.37864100268741924
26.0,51.0,0.40137389375005533
26.0,52.0,0.425452768937015
26.0,53.0,0.45095786116241293
26.0,54.0,0.47797401399093337
26.0,55.0,0.506591099273416
26.0,56.0,0.5369041505808057
26.0,57.0,0.5690138152688733
26.0,58.0,0.6030265133336052
26.0,59.0,0.639054926227862
26.0,60.0,0.6772181835635155
26.0,61.0,0.7176423908680094
26.0,62.0,0.7604608463579072
26.0,63.0,0.8058146095196932
26.0,64.0,0.8538527497743531
26.0,65.0,0.9047329572159598
26.0,66.0,0.9586218242844592
26.0,67.0,1.0156954990874072
26.0,68.0,1.076140000067786
26.0,69.0,1.1401519109144727
26.0,70.0,1.2079387264715
26.0,71.0,1.2797195860966888
26.0,72.0,1.3557256464555063
26.0,73.0,1.4362008470178733
26.0,74.0,1.521402301565566
26.0,75.0,1.6116010849176339
26.0,76.0,1.7070826294809605
26.0,77.0,1.808147515714406
26.0,78.0,1.9151118522310415
26.0,79.0,2.028308043217848
26.0,80.0,2.1480851196181048
26.0,81.0,2.274809443767274
26.0,82.0,2.408864943976779
26.0,83.0,2.5506536988396213
26.0,84.0,2.70059600679967
26.0,85.0,2.8591307685200245
26.0,86.0,3.0267152952806873
26.0,87.0,3.2038253759903625
26.0,88.0,3.390954692061163
26.0,89.0,3.588614414789614
26.0,90.0,3.7973320487311213
26.0,91.0,4.017650354824287
26.0,92.0,4.250125389585874
26.0,93.0,4.495324491044065
26.0,94.0,4.7538232205003155
26.0,95.0,5.026202087538539
26.0,96.0,5.3130420431105705
26.0,97.0,5.614919568901543
26.0,98.0,5.932400332200519
26.0,99.0,6.266032246668703
26.0,100.0,6.616336910624608
26.0,101.0,6.983800298202042
26.0,102.0,7.368861708819566
26.0,103.0,7.77190192316992
26.0,104.0,8.19322965257438
26.0,105.0,8.633067356568425
26.0,106.0,9.09153565837346
26.0,107.0,9.568637622550694
26.0,108.0,10.064242329360365
26.0,109.0,10.57806925040858
26.0,110.0,11.109673098027267
26.0,111.0,11.658430893708001
26.0,112.0,12.223531124286536
26.0,113.0,12.803966872996178
26.0,114.0,13.398532828516863
26.0,115.0,14.005827970541011
26.0,116.0,14.624263580759578
26.0,117.0,15.252077958421031
26.0,118.0,15.887356898118277
26.0,119.0,16.52806058716345
26.0,120.0,17.172055174650854
26.0,121.0,17.817148866037737
26.0,122.0,18.461130078254957
26.0,123.0,19.101806971835696
26.0,124.0,19.737045605904555
26.0,125.0,20.36480603240397
26.0,126.0,20.983173864789883
26.0,127.0,21.590387174695277
26.0,128.0,22.184856969096604
26.0,129.0,22.7651819047994
26.0,130.0,23.330156298538082
26.0,131.0,23.878772811098344
26.0,132.0,24.41021945519653
26.0,133.0,24.92387272470887
26.0,134.0,25.41928674937972
26.0,135.0,25.896180361037047
26.0,136.0,26.354421941161103
26.0,137.0,26.794013793902064
26.0,138.0,27.215075718259
26.0,139.0,27.617829282673867
26.0,140.0,28.0025822379141
26.0,141.0,28.369714331144774
26.0,142.0,28.71966375223894
26.0,143.0,29.052915285773363
26.0,144.0,29.36998925694712
26.0,145.0,29.671432218235495
26.0,146.0,29.957808383559108
26.0,147.0,30.229692684003847
26.0,148.0,30.487664417945567
26.0,149.0,30.732302334785615
26.0,150.0,30.9641801225895
26.0,151.0,31.1838631268439
26.0,152.0,31.391905285993783
26.0,153.0,31.58884711045759
26.0,154.0,31.775213714737156
26.0,155.0,31.951513732912215
26.0,156.0,32.11823815398274
26.0,157.0,32.27585991086213
26.0,158.0,32.42483328618299
26.0,159.0,32.565593970118364
26.0,160.0,32.69855885858392
26.0,161.0,32.82412642557304
26.0,162.0,32.942676781318056
26.0,163.0,33.05457224568953
26.0,164.0,33.16015757008315
26.0,165.0,33.259760630262534
26.0,166.0,33.35369274349766
26.0,167.0,33.442249423318195
26.0,168.0,33.52571074419664
26.0,169.0,33.604342118527796
26.0,170.0,33.67839467640478
26.0,171.0,33.74810603815887
26.0,172.0,33.81370068782872
26.0,173.0,33.87539072397986
26.0,174.0,33.93337621339521
26.0,175.0,33.987845909606364
26.0,176.0,34.038977578987705
26.0,177.0,34.08693868122021
26.0,178.0,34.1318866640069
26.0,179.0,34.17396960312576
26.0,180.0,34.21332646489877
26.0,181.0,34.25008770600814
26.0,182.0,34.28437550502331
26.0,183.0,34.316304324084186
26.0,184.0,34.345981112511005
26.0,185.0,34.37350583405462
26.0,186.0,34.39897164710632
26.0,187.0,34.42246540267609
26.0,188.0,34.44406780715565
26.0,189.0,34.463853897657096
26.0,190.0,34.48189319478398
26.0,191.0,34.498250163536966
26.0,192.0,34.51298436516946
26.0,193.0,34.52615091355516
26.0,194.0,34.53780063690305
26.0,195.0,34.54798054116659
26.0,196.0,34.55673399395803
26.0,197.0,34.564101207937
26.0,198.0,34.57011946023071
26.0,199.0,34.574823609134135
26.0,200.0,34.578246361875955
26.0,201.0,34.58041883633761
26.0,202.0,34.58137088681557
26.0,203.0,34.581131717307244
26.0,204.0,34.579730267306566
26.0,205.0,34.577195872706916
26.0,206.0,34.57355869986805
26.0,207.0,34.568850432853374
26.0,208.0,34.563104723099194
26.0,209.0,34.556357857584764
26.0,210.0,34.54864916491271
26.0,211.0,34.54002159154507
26.0,212.0,34.530521978810555
26.0,213.0,34.520201452079206
26.0,214.0,34.509115468396566
26.0,215.0,34.4973239198742
26.0,216.0,34.4848908628813
26.0,217.0,34.47188426586972
26.0,218.0,34.458375379070986
26.0,219.0,34.44443812327452
26.0,220.0,34.43014814003809
26.0,221.0,34.41558190746817
26.0,222.0,34.40081560028652
26.0,223.0,34.385924097874174
26.0,224.0,34.37097984291475
26.0,225.0,34.35605193877576
26.0,226.0,34.34120519537878
26.0,227.0,34.32649948105099
26.0,228.0,34.31198908475324
26.0,229.0,34.29772240819232
26.0,230.0,34.28374168405998
26.0,231.0,34.27008300453413
26.0,232.0,34.256776353975724
26.0,233.0,34.24384590351116
26.0,234.0,34.23131026846655
26.0,235.0,34.21918296964205
26.0,236.0,34.20747281437735
26.0,237.0,34.19618442857854
26.0,238.0,34.185318674963625
26.0,239.0,34.17487318201197
26.0,240.0,34.16484273906454
26.0,241.0,34.155219775674034
26.0,242.0,34.14599469958397
26.0,243.0,34.13715630391316
26.0,244.0,34.128692034766864
26.0,245.0,34.12058832085416
26.0,246.0,34.112830771101635
26.0,247.0,34.10540443163002
26.0,248.0,34.09829392117156
26.0,249.0,34.09148362532303
26.0,250.0,34.084957780578584
26.0,251.0,34.078700617239846
26.0,252.0,34.07269640317544
26.0,253.0,34.06692954622923
26.0,254.0,34.061384607706636
26.0,255.0,34.05604637364894
26.0,256.0,34.050899846374925
26.0,257.0,34.045930292238516
26.0,258.0,34.04112321781195
26.0,259.0,34.03646440006766
26.0,260.0,34.031939852218756
26.0,261.0,34.027535840821095
26.0,262.0,34.023238844980895
26.0,263.0,34.019035563704826
26.0,264.0,34.014912871155076
26.0,265.0,34.010857816673685
26.0,266.0,34.00685757798649
26.0,267.0,34.002899455658365
26.0,268.0,33.99897082558211
26.0,269.0,33.9950591291459
26.0,270.0,33.99115182595339
26.0,271.0,33.987236380669195
26.0,272.0,33.98330021667313
26.0,273.0,33.979330700368216
26.0,274.0,33.97531509635392
26.0,275.0,33.97124054991864
26.0,276.0,33.967094044313825
26.0,277.0,33.962862382203966
26.0,278.0,33.95853214573509
26.0,279.0,33.95408967788515
26.0,280.0,33.94952104625728
26.0,281.0,33.944812025577306
26.0,282.0,33.93994806652494
26.0,283.0,33.934914281088616
26.0,284.0,33.92969541830578
26.0,285.0,33.92427585484251
26.0,286.0,33.918639580284754
26.0,287.0,33.91277019619889
26.0,288.0,33.90665091463673
26.0,289.0,33.90026457008765
26.0,290.0,33.89359363615609
26.0,291.0,33.88662025624682
26.0,292.0,33.87932628493302
26.0,293.0,33.87169334487755
26.0,294.0,33.863702901139575
26.0,295.0,33.85533635356927
26.0,296.0,33.84657515395846
26.0,297.0,33.83740094460201
26.0,298.0,33.82779572929348
26.0,299.0,33.817742069267155
26.0,300.0,33.807223318722414
26.0,301.0,33.7962238878768
26.0,302.0,33.78472955067174
26.0,303.0,33.77272777965418
26.0,304.0,33.76020812606313
26.0,305.0,33.74716262090509
26.0,306.0,33.733586213978185
26.0,307.0,33.71947721831517
26.0,308.0,33.704837773943844
26.0,309.0,33.689674288886614
26.0,310.0,33.67399786707401
26.0,311.0,33.65782467174951
26.0,312.0,33.64117623079062
26.0,313.0,33.624079626222176
26.0,314.0,33.60656757550387
26.0,315.0,33.58867834736572
26.0,316.0,33.57045552896068
26.0,317.0,33.55194759727357
26.0,318.0,33.53320733015368
26.0,319.0,33.51429102893519
26.0,320.0,33.495257612514
26.0,321.0,33.4761675764256
26.0,322.0,33.457081898544466
26.0,323.0,33.43806089914735
26.0,324.0,33.41916314626195
26.0,325.0,33.40044441311741
26.0,326.0,33.38195677116045
26.0,327.0,33.3637478094084
26.0,328.0,33.34586004368596
26.0,329.0,33.328330483100984
26.0,330.0,33.3111903946241
26.0,331.0,33.29446521228613
26.0,332.0,33.27817461505637
26.0,333.0,33.262332707960255
26.0,334.0,33.24694832307807
26.0,335.0,33.232025372729574
26.0,336.0,33.21756327205719
26.0,337.0,33.20355736789912
26.0,338.0,33.189999396097754
26.0,339.0,33.176877911813
26.0,340.0,33.16417872083957
26.0,341.0,33.151885264436345
26.0,342.0,33.139978990298296
26.0,343.0,33.12843966894584
26.0,344.0,33.117245690734244
26.0,345.0,33.10637430802157
26.0,346.0,33.09580185822028
26.0,347.0,33.08550393629672
26.0,348.0,33.07545555130234
26.0,349.0,33.06563123875326
26.0,350.0,33.05600516108887
26.0,351.0,33.04655117094721
26.0,352.0,33.037242866296936
26.0,353.0,33.02805361508926
26.0,354.0,33.01895657469693
26.0,355.0,33.009924686956175
26.0,356.0,33.000930669877356
26.0,357.0,32.99194699034946
26.0,358.0,32.98294583435245
26.0,359.0,32.97389906293834
26.0,360.0,32.96477816562143
26.0,361.0,32.955554203835455
26.0,362.0,32.94619775090348
26.0,363.0,32.936678826051164
26.0,364.0,32.92696682338342
26.0,365.0,32.9170304387084
26.0,366.0,32.9068375892569
26.0,367.0,32.8963553350197
26.0,368.0,32.88554979051636
26.0,369.0,32.87438604204819
26.0,370.0,32.86282805263984
26.0,371.0,32.850838576552434
26.0,372.0,32.83837905858252
26.0,373.0,32.82540954737365
26.0,374.0,32.811888590582306
26.0,375.0,32.79777314900215
26.0,376.0,32.78301848973954
26.0,377.0,32.76757810398045
26.0,378.0,32.75140360133205
26.0,379.0,32.73444463530724
26.0,380.0,32.71664880348902
26.0,381.0,32.697961586605906
26.0,382.0,32.67832626130588
26.0,383.0,32.657683861208426
26.0,384.0,32.635973112013616
26.0,385.0,32.61313042633791
26.0,386.0,32.589089874836716
26.0,387.0,32.56378323117101
26.0,388.0,32.53713999799212
26.0,389.0,32.50908752422606
26.0,390.0,32.479551111294654
26.0,391.0,32.44845423210682
26.0,392.0,32.41571875071796
26.0,393.0,32.38126528076125
26.0,394.0,32.345013560418444
26.0,395.0,32.30688299672739
26.0,396.0,32.26679324604348
26.0,397.0,32.224664997964005
26.0,398.0,32.18042081695577
26.0,399.0,32.13398622226514
26.0,400.0,32.08529084482053
26.0,401.0,32.03426985210316
26.0,402.0,31.980865459302496
26.0,403.0,31.9250287230864
26.0,404.0,31.866721408747434
26.0,405.0,31.80591812508221
26.0,406.0,31.742608481087306
26.0,407.0,31.676799448233908
26.0,408.0,31.608517636524574
26.0,409.0,31.537811650565537
26.0,410.0,31.464754182934694
26.0,411.0,31.38944399380008
26.0,412.0,31.31200738879531
26.0,413.0,31.232599341259164
26.0,414.0,31.151403848405327
26.0,415.0,31.068633697871785
26.0,416.0,30.98452925274894
26.0,417.0,30.899356509385754
26.0,418.0,30.813404102513104
26.0,419.0,30.72697963326732
26.0,420.0,30.640405091494504
26.0,421.0,30.554011881083408
26.0,422.0,30.468135303724168
26.0,423.0,30.383109105155103
26.0,424.0,30.299259962023072
26.0,425.0,30.21690253213319
26.0,426.0,30.136334886164775
26.0,427.0,30.057834885709546
26.0,428.0,29.981657204437575
26.0,429.0,29.908031461379807
26.0,430.0,29.837161029167632
26.0,431.0,29.76922290207043
26.0,432.0,29.704368083304914
26.0,433.0,29.642722835515887
26.0,434.0,29.58439019870589
26.0,435.0,29.529452125787213
26.0,436.0,29.47797162613926
26.0,437.0,29.42999530645176
26.0,438.0,29.385555708569296
26.0,439.0,29.344673886733457
26.0,440.0,29.30736163937941
26.0,441.0,29.273623890761794
26.0,442.0,29.24346064848903
26.0,443.0,29.216869077632943
26.0,444.0,29.193845119801683
26.0,445.0,29.17438523399485
26.0,446.0,29.15848768146804
26.0,447.0,29.146153959565645
26.0,448.0,29.13738979414399
26.0,449.0,29.13220631788952
26.0,450.0,29.130620827465798
26.0,451.0,29.13265776544723
26.0,452.0,29.138349301172205
26.0,453.0,29.14773617299845
26.0,454.0,29.16086814656552
26.0,455.0,29.17780476693335
26.0,456.0,29.198615739811018
26.0,457.0,29.223381634524056
26.0,458.0,29.252194225163063
26.0,459.0,29.28515717695438
26.0,460.0,29.32238637638071
26.0,461.0,29.36401062612692
26.0,462.0,29.41017198641385
26.0,463.0,29.46102649739332
26.0,464.0,29.51674454816831
26.0,465.0,29.577511640137732
26.0,466.0,29.643528795173186
26.0,467.0,29.71501336861608
26.0,468.0,29.79219950344229
26.0,469.0,29.875338996949143
26.0,470.0,29.964701802982816
26.0,471.0,30.060576951300746
26.0,472.0,30.163273094501246
26.0,473.0,30.27311947299717
26.0,474.0,30.390466496502775
26.0,475.0,30.515686739766853
26.0,476.0,30.649175539514236
26.0,477.0,30.791351995638152
26.0,478.0,30.942659552326244
26.0,479.0,31.103566965136025
26.0,480.0,31.27456881834576
26.0,481.0,31.456186398764444
26.0,482.0,31.648968078499408
26.0,483.0,31.85349000967519
26.0,484.0,32.070356270831
26.0,485.0,32.30019926082664
26.0,486.0,32.543679465757045
26.0,487.0,32.80148538295993
26.0,488.0,33.07433271149029
26.0,489.0,33.36296357637984
26.0,490.0,33.66814487788379
26.0,491.0,33.99066651129049
26.0,492.0,34.33133852885461
26.0,493.0,34.69098796379634
26.0,494.0,35.0704543688223
26.0,495.0,35.470584762602996
26.0,496.0,35.892227022615145
26.0,497.0,36.33622239661695
26.0,498.0,36.80339617063965
26.0,499.0,37.294547160873805
26.0,500.0,37.810435094218356
26.0,501.0,38.35176657314156
26.0,502.0,38.91917876387512
26.0,503.0,39.51322158746803
26.0,504.0,40.13433769836171
26.0,505.0,40.78284119313838
26.0,506.0,41.45889457166238
26.0,507.0,42.16248514895858
26.0,508.0,42.89340077049892
26.0,509.0,43.651206359795225
26.0,510.0,44.43522153122168
26.0,511.0,45.24450112749582
26.0,512.0,46.077819233771365
26.0,513.0,46.933658710613265
26.0,514.0,47.81020687710148
26.0,515.0,48.7053592261899
26.0,516.0,49.6167314546789
26.0,517.0,50.54168103767708
26.0,518.0,51.47733778096323
26.0,519.0,52.42064347889363
26.0,520.0,53.36839894457074
26.0,521.0,54.31731731559996
26.0,522.0,55.26408086752565
26.0,523.0,56.2053994088031
26.0,524.0,57.13806709115189
26.0,525.0,58.05901567723662
26.0,526.0,58.96536156144069
26.0,527.0,59.85444535135438
26.0,528.0,60.7238624039878
26.0,529.0,61.57148428493364
26.0,530.0,62.39547077469568
26.0,531.0,63.19427342905748
26.0,532.0,63.96663123000195
26.0,533.0,64.71155992291129
26.0,534.0,65.42833598857669
26.0,535.0,66.11647694273493
26.0,536.0,66.77571889522638
26.0,537.0,67.40599281578706
26.0,538.0,68.00740018207203
26.0,539.0,68.58018906387535
26.0,540.0,69.12473100104354
26.0,541.0,69.64149933637951
26.0,542.0,70.13104909229938
26.0,543.0,70.59399873518765
26.0,544.0,71.03101373988565
26.0,545.0,71.4427920739829
26.0,546.0,71.83005142939652
26.0,547.0,72.19351817644744
26.0,548.0,72.53391785376058
26.0,549.0,72.85196708096888
26.0,550.0,73.1483667401133
26.0,551.0,73.42379625833125
26.0,552.0,73.67890889700628
26.0,553.0,73.91432784260282
26.0,554.0,74.1306430764197
26.0,555.0,74.32840878726283
26.0,556.0,74.50814138060332
26.0,557.0,74.67031781699379
26.0,558.0,74.81537440935332
26.0,559.0,74.94370577771707
26.0,560.0,75.05566416477585
26.0,561.0,75.15155877267074
26.0,562.0,75.23165539515298
26.0,563.0,75.2961759635329
26.0,564.0,75.34529834851837
26.0,565.0,75.3791559909555
26.0,566.0,75.39783776921706
26.0,567.0,75.40138762820119
26.0,568.0,75.38980444152638
26.0,569.0,75.36304158196104
26.0,570.0,75.32100673424543
26.0,571.0,75.26356137428562
26.0,572.0,75.1905205106782
26.0,573.0,75.10165206105901
26.0,574.0,74.99667652073704
26.0,575.0,74.87526624488314
26.0,576.0,74.73704506341208
26.0,577.0,74.58158749957686
26.0,578.0,74.40841837377283
26.0,579.0,74.21701201505927
26.0,580.0,74.00679192551688
26.0,581.0,73.77713007402596
26.0,582.0,73.52734673014565
26.0,583.0,73.2567099722947
26.0,584.0,72.96443584919099
26.0,585.0,72.64968829093078
26.0,586.0,72.3115798204712
26.0,587.0,71.94917212964043
26.0,588.0,71.56147764646907
26.0,589.0,71.14746113200282
26.0,590.0,70.70604251386533
26.0,591.0,70.23609997503888
26.0,592.0,69.73647458915936
26.0,593.0,69.20597550574294
26.0,594.0,68.6433870611164
26.0,595.0,68.04747680346242
26.0,596.0,67.4170058856966
26.0,597.0,66.75074079010102
26.0,598.0,66.04746789679761
26.0,599.0,65.30600980923175
26.0,600.0,64.52524496614235
26.0,601.0,63.70412935022973
26.0,602.0,62.841721768679754
26.0,603.0,61.93721132609669
26.0,604.0,60.98994840198583
26.0,605.0,59.999477440651056
26.0,606.0,58.96557256230496
26.0,607.0,57.88827384709294
26.0,608.0,56.76792485561731
26.0,609.0,55.605208665303465
26.0,610.0,54.4011824653678
26.0,611.0,53.15730741642682
26.0,612.0,51.87547339182366
26.0,613.0,50.55801495969311
26.0,614.0,49.20771816688858
26.0,615.0,47.827814663562414
26.0,616.0,46.421963333164875
26.0,617.0,44.994216902682645
26.0,618.0,43.54897507164391
26.0,619.0,42.09092326224405
26.0,620.0,40.62496039246483
26.0,621.0,39.15611658918457
26.0,622.0,37.6894659039962
26.0,623.0,36.2300361552576
26.0,624.0,34.78272164151032
26.0,625.0,33.35220082870924
26.0,626.0,31.942864116040354
26.0,627.0,30.55875253410304
26.0,628.0,29.203510861401035
26.0,629.0,27.880354156208128
26.0,630.0,26.59204936831944
26.0,631.0,25.340909358275457
26.0,632.0,24.1287996565727
26.0,633.0,22.957154312642366
26.0,634.0,21.827000604036385
26.0,635.0,20.738988734274724
26.0,636.0,19.693426387065863
26.0,637.0,18.690314571083476
26.0,638.0,17.729385089717788
26.0,639.0,16.81013660231542
26.0,640.0,15.931870172828623
26.0,641.0,15.093721804142694
26.0,642.0,14.294693339494033
26.0,643.0,13.533679645223781
26.0,644.0,12.809493799457217
26.0,645.0,12.120888473921434
26.0,646.0,11.466575435848304
26.0,647.0,10.845241507632888
26.0,648.0,10.25556300430724
26.0,649.0,9.696217050830285
26.0,650.0,9.16589182006141
26.0,651.0,8.663294106170184
26.0,652.0,8.187156253543234
26.0,653.0,7.736240843104548
26.0,654.0,7.3093451150379725
26.0,655.0,6.905303508249032
26.0,656.0,6.5229902472206795
26.0,657.0,6.161320335862107
26.0,658.0,5.819250840344968
26.0,659.0,5.4957808052926564
26.0,660.0,5.189951639398247
26.0,661.0,4.900846306804025
26.0,662.0,4.62758911800343
26.0,663.0,4.3693444558650425
26.0,664.0,4.125316191581577
26.0,665.0,3.894746132066719
26.0,666.0,3.676913217297535
26.0,667.0,3.4711318208060633
26.0,668.0,3.276750837355462
26.0,669.0,3.0931519275362622
26.0,670.0,2.9197485699513366
26.0,671.0,2.7559843113031524
26.0,672.0,2.6013318321606596
26.0,673.0,2.455291242673335
26.0,674.0,2.317389193112386
26.0,675.0,2.187177240298502
26.0,676.0,2.064231021536768
26.0,677.0,1.948148706324074
26.0,678.0,1.8385502435765866
26.0,679.0,1.735075905931176
26.0,680.0,1.6373856142122414
26.0,681.0,1.5451575767292496
26.0,682.0,1.4580876909504839
26.0,683.0,1.375888276947122
26.0,684.0,1.298287553657161
26.0,685.0,1.2250284635445496
26.0,686.0,1.1558682192307295
26.0,687.0,1.0905772151725552
26.0,688.0,1.028938639513292
26.0,689.0,0.9707474678835107
26.0,690.0,0.9158101348652936
26.0,691.0,0.8639436047067898
26.0,692.0,0.8149750966518207
26.0,693.0,0.7687412273043572
26.0,694.0,0.7250877841439369
26.0,695.0,0.683868934391431
26.0,696.0,0.6449470412335316
26.0,697.0,0.6081919342629785
26.0,698.0,0.5734807632202691
26.0,699.0,0.5406973253661922
26.0,700.0,0.5097319518793376
26.0,701.0,0.48048088783606385
26.0,702.0,0.4528462067532335
26.0,703.0,0.4267352391799778
26.0,704.0,0.40206051122935504
26.0,705.0,0.37873921811361455
26.0,706.0,0.3566931828549292
26.0,707.0,0.3358483714122609
26.0,708.0,0.31613486809273167
26.0,709.0,0.2974864292180193
26.0,710.0,0.27984047206991886
26.0,711.0,0.2631376643241537
26.0,712.0,0.24732192365384795
26.0,713.0,0.23234004041705847
26.0,714.0,0.21814168530917558
26.0,715.0,0.20467906302681732
26.0,716.0,0.19190692560446815
26.0,717.0,0.17978225499180936
26.0,718.0,0.1682642799316565
26.0,719.0,0.1573141855809879
26.0,720.0,0.14689513198729282
26.0,721.0,0.13697198905643942
26.0,722.0,0.12751135486396134
26.0,723.0,0.11848131442656368
26.0,724.0,0.10985145624482157
26.0,725.0,0.10159265347070655
26.0,726.0,0.09367707721984243
26.0,727.0,0.08607799884608434
26.0,728.0,0.07876979868604438
26.0,729.0,0.07172778825456011
26.0,730.0,0.06492821319277686
26.0,731.0,0.05834809428630845
26.0,732.0,0.05196522348176642
26.0,733.0,0.04575802270345282
26.0,734.0,0.039705531882780504
26.0,735.0,0.03378728461024181
26.0,736.0,0.027983287188477875
26.0,737.0,0.022273910204715006
26.0,738.0,0.016639857672005376
26.0,739.0,0.011062073643869512
26.0,740.0,0.005521700550015582
26.0,741.0,0.0
27.0,0.0,0.0
27.0,1.0,0.0024881048709495296
27.0,2.0,0.0049846253160796055
27.0,3.0,0.007498003645707746
27.0,4.0,0.010036741724190541
27.0,5.0,0.012609422001286716
27.0,6.0,0.015224746788912438
27.0,7.0,0.017891553969503444
27.0,8.0,0.020618863113682617
27.0,9.0,0.023415886257111027
27.0,10.0,0.026292081251019353
27.0,11.0,0.029257158013797985
27.0,12.0,0.032321139521257224
27.0,13.0,0.035494363959169314
27.0,14.0,0.03878755378020695
27.0,15.0,0.04221181420902453
27.0,16.0,0.045778710818280534
27.0,17.0,0.049500264868888234
27.0,18.0,0.053389039888603364
27.0,19.0,0.057458134367087826
27.0,20.0,0.061721277857532494
27.0,21.0,0.06619282158950396
27.0,22.0,0.07088784465730454
27.0,23.0,0.07582214316358846
27.0,24.0,0.08101234710800072
27.0,25.0,0.08647590873165543
27.0,26.0,0.09223123077642373
27.0,27.0,0.09829765476497457
27.0,28.0,0.10469560136528462
27.0,29.0,0.11144655941344855
27.0,30.0,0.11857323918992428
27.0,31.0,0.12609956307308517
27.0,32.0,0.13405083261369938
27.0,33.0,0.14245372179649887
27.0,34.0,0.15133645888762326
27.0,35.0,0.1607288233794629
27.0,36.0,0.17066234368230726
27.0,37.0,0.18117029893430361
27.0,38.0,0.19228793371310862
27.0,39.0,0.20405246600759178
27.0,40.0,0.21650332023727104
27.0,41.0,0.22968214280450766
27.0,42.0,0.24363305482772796
27.0,43.0,0.2584026768207503
27.0,44.0,0.2740404026682633
27.0,45.0,0.2905984351100849
27.0,46.0,0.30813208261095976
27.0,47.0,0.32669980745812366
27.0,48.0,0.346363547297492
27.0,49.0,0.3671887777771685
27.0,50.0,0.38924486063162794
27.0,51.0,0.4126051229134584
27.0,52.0,0.4373472335962566
27.0,53.0,0.4635533015200598
27.0,54.0,0.4913102825382496
27.0,55.0,0.5207100983420211
27.0,56.0,0.5518500761767591
27.0,57.0,0.5848330906839668
27.0,58.0,0.6197680381305494
27.0,59.0,0.6567700032800801
27.0,60.0,0.6959607698755652
27.0,61.0,0.7374690142802711
27.0,62.0,0.7814308535773894
27.0,63.0,0.8279900672410411
27.0,64.0,0.8772986835911082
27.0,65.0,0.9295172299810238
27.0,66.0,0.9848153573716578
27.0,67.0,1.0433721183356326
27.0,68.0,1.1053766280521509
27.0,69.0,1.171028367666289
27.0,70.0,1.2405378778688008
27.0,71.0,1.314127082594119
27.0,72.0,1.3920300082812485
27.0,73.0,1.4744931192515485
27.0,74.0,1.5617760514086922
27.0,75.0,1.6541519455150333
27.0,76.0,1.7519081780310541
27.0,77.0,1.8553466713943085
27.0,78.0,1.9647845963393835
27.0,79.0,2.080554628518949
27.0,80.0,2.203005585248661
27.0,81.0,2.332502584580784
27.0,82.0,2.4694275640925967
27.0,83.0,2.614179280867974
27.0,84.0,2.767173639677787
27.0,85.0,2.9288434492015583
27.0,86.0,3.0996384607058687
27.0,87.0,3.2800247662931814
27.0,88.0,3.4704844161766246
27.0,89.0,3.671514308263119
27.0,90.0,3.8836252122765464
27.0,91.0,4.107339957143704
27.0,92.0,4.343191645029757
27.0,93.0,4.5917208965567085
27.0,94.0,4.853472991724154
27.0,95.0,5.128993889571555
27.0,96.0,5.4188259953465625
27.0,97.0,5.723502643614251
27.0,98.0,6.043542178778275
27.0,99.0,6.3794406004502004
27.0,100.0,6.731663684398617
27.0,101.0,7.100637568633687
27.0,102.0,7.486738771841385
27.0,103.0,7.890282690406746
27.0,104.0,8.311511636333256
27.0,105.0,8.750581563741186
27.0,106.0,9.207548687214535
27.0,107.0,9.682355288052998
27.0,108.0,10.174816092878375
27.0,109.0,10.68460469954827
27.0,110.0,11.211241626071699
27.0,111.0,11.754083620691652
27.0,112.0,12.3123159468252
27.0,113.0,12.88494734941346
27.0,114.0,13.470809410548275
27.0,115.0,14.068559880853382
27.0,116.0,14.676691460498946
27.0,117.0,15.293545248456576
27.0,118.0,15.917329854406454
27.0,119.0,16.54614481612443
27.0,120.0,17.1780086980915
27.0,121.0,17.81088990229043
27.0,122.0,18.442740032693106
27.0,123.0,19.071527445141257
27.0,124.0,19.695270611652486
27.0,125.0,20.312068930967637
27.0,126.0,20.92013082661503
27.0,127.0,21.517797163794004
27.0,128.0,22.10356036036905
27.0,129.0,22.676077835356818
27.0,130.0,23.234180788653497
27.0,131.0,23.776877531368257
27.0,132.0,24.303352839779475
27.0,133.0,24.812962920336815
27.0,134.0,25.30522769253564
27.0,135.0,25.779820097325846
27.0,136.0,26.23655414355177
27.0,137.0,26.675371331835017
27.0,138.0,27.096327030277546
27.0,139.0,27.499576278288806
27.0,140.0,27.88536040158105
27.0,141.0,28.25399373580627
27.0,142.0,28.605851660651954
27.0,143.0,28.941359093517946
27.0,144.0,29.260980503628215
27.0,145.0,29.56521049422988
27.0,146.0,29.854565918690923
27.0,147.0,30.129578521385078
27.0,148.0,30.39078901279981
27.0,149.0,30.638741547496625
27.0,150.0,30.87397948526924
27.0,151.0,31.09704140492183
27.0,152.0,31.308458238545484
27.0,153.0,31.508750510042713
27.0,154.0,31.69842654184647
27.0,155.0,31.877980634724253
27.0,156.0,32.04789208387567
27.0,157.0,32.208624059966546
27.0,158.0,32.36062321763521
27.0,159.0,32.504319084147575
27.0,160.0,32.640124088537014
27.0,161.0,32.768433307115906
27.0,162.0,32.889624781332095
27.0,163.0,33.004059505863985
27.0,164.0,33.11208193630314
27.0,165.0,33.21402013512509
27.0,166.0,33.31018639657907
27.0,167.0,33.40087748898172
27.0,168.0,33.48637534450794
27.0,169.0,33.56694735395801
27.0,170.0,33.64284708453146
27.0,171.0,33.71431459651797
27.0,172.0,33.781577163621726
27.0,173.0,33.84484959089267
27.0,174.0,33.90433492065318
27.0,175.0,33.96022473824523
27.0,176.0,34.01269985284288
27.0,177.0,34.06193058291412
27.0,178.0,34.10807740578075
27.0,179.0,34.15129121861274
27.0,180.0,34.191713953991844
27.0,181.0,34.22947881518645
27.0,182.0,34.26471085755188
27.0,183.0,34.297527199096855
27.0,184.0,34.32803756959574
27.0,185.0,34.35634449930227
27.0,186.0,34.38254383937411
27.0,187.0,34.406724933204984
27.0,188.0,34.42897111333088
27.0,189.0,34.44935986137054
27.0,190.0,34.467963288099064
27.0,191.0,34.48484828947915
27.0,192.0,34.500077018082614
27.0,193.0,34.513707044144816
27.0,194.0,34.52579182791377
27.0,195.0,34.5363808959244
27.0,196.0,34.54552032492982
27.0,197.0,34.553252944337046
27.0,198.0,34.55961884267096
27.0,199.0,34.56465560674591
27.0,200.0,34.56839886038159
27.0,201.0,34.5708825484958
27.0,202.0,34.5721395139679
27.0,203.0,34.57220182923038
27.0,204.0,34.57110140948503
27.0,205.0,34.56887038428431
27.0,206.0,34.56554173263956
27.0,207.0,34.56114967175429
27.0,208.0,34.55573028175786
27.0,209.0,34.54932186891595
27.0,210.0,34.54196552673962
27.0,211.0,34.53370541016806
27.0,212.0,34.52458916095553
27.0,213.0,34.51466801469794
27.0,214.0,34.503997010608806
27.0,215.0,34.49263485495818
27.0,216.0,34.480643848961805
27.0,217.0,34.468089459407985
27.0,218.0,34.45503993969809
27.0,219.0,34.44156561269958
27.0,220.0,34.4277382241682
27.0,221.0,34.41363001206201
27.0,222.0,34.399312899401856
27.0,223.0,34.38485748361741
27.0,224.0,34.37033221998142
27.0,225.0,34.35580248803011
27.0,226.0,34.341329916642664
27.0,227.0,34.32697166096548
27.0,228.0,34.31277997600031
27.0,229.0,34.298801777983755
27.0,230.0,34.28507850539059
27.0,231.0,34.27164596937916
27.0,232.0,34.25853447679125
27.0,233.0,34.245768919864254
27.0,234.0,34.23336909435959
27.0,235.0,34.221349951384724
27.0,236.0,34.20972203002908
27.0,237.0,34.19849179228818
27.0,238.0,34.18766209723382
27.0,239.0,34.1772325544975
27.0,240.0,34.16719998570193
27.0,241.0,34.15755875262959
27.0,242.0,34.14830117247572
27.0,243.0,34.13941779650067
27.0,244.0,34.13089776331923
27.0,245.0,34.1227290190001
27.0,246.0,34.11489860512236
27.0,247.0,34.10739282121188
27.0,248.0,34.10019745184249
27.0,249.0,34.09329787775546
27.0,250.0,34.086679249975866
27.0,251.0,34.08032655821677
27.0,252.0,34.074224761104745
27.0,253.0,34.068358820733295
27.0,254.0,34.062713797725145
27.0,255.0,34.05727485999641
27.0,256.0,34.05202735029551
27.0,257.0,34.04695677598811
27.0,258.0,34.04204885538613
27.0,259.0,34.0372894940301
27.0,260.0,34.032664814825445
27.0,261.0,34.0281611250737
27.0,262.0,34.02376493429564
27.0,263.0,34.01946291522652
27.0,264.0,34.01524191227107
27.0,265.0,34.011088898849124
27.0,266.0,34.00699097869727
27.0,267.0,34.00293534131825
27.0,268.0,33.99890925779905
27.0,269.0,33.99490003565837
27.0,270.0,33.99089501046653
27.0,271.0,33.986881501076034
27.0,272.0,33.98284679808421
27.0,273.0,33.97877812025263
27.0,274.0,33.97466260073252
27.0,275.0,33.97048724541856
27.0,276.0,33.96623891785091
27.0,277.0,33.96190430030304
27.0,278.0,33.95746987838368
27.0,279.0,33.95292190583052
27.0,280.0,33.948246390068114
27.0,281.0,33.943429061981846
27.0,282.0,33.938455364059834
27.0,283.0,33.93331042687352
27.0,284.0,33.92797906196429
27.0,285.0,33.92244574738176
27.0,286.0,33.91669462819322
27.0,287.0,33.91070951425106
27.0,288.0,33.90447389212397
27.0,289.0,33.89797093929152
27.0,290.0,33.891183552419825
27.0,291.0,33.884094383395706
27.0,292.0,33.876685890150405
27.0,293.0,33.86894040126744
27.0,294.0,33.860840196868466
27.0,295.0,33.852367609766624
27.0,296.0,33.84350514499944
27.0,297.0,33.8342356262872
27.0,298.0,33.824542363145724
27.0,299.0,33.81440935112922
27.0,300.0,33.80382149431211
27.0,301.0,33.792764865521185
27.0,302.0,33.78122698826107
27.0,303.0,33.769197157662006
27.0,304.0,33.75666677835328
27.0,305.0,33.743629736901774
27.0,306.0,33.73008277959566
27.0,307.0,33.71602591195673
27.0,308.0,33.70146278271322
27.0,309.0,33.68640106626469
27.0,310.0,33.6708527982587
27.0,311.0,33.65483467618309
27.0,312.0,33.638368273226305
27.0,313.0,33.621480177667735
27.0,314.0,33.604202004015036
27.0,315.0,33.586570293670505
27.0,316.0,33.56862625604907
27.0,317.0,33.55041538030708
27.0,318.0,33.531986880547336
27.0,319.0,33.51339302275156
27.0,320.0,33.49468831245175
27.0,321.0,33.47592861028742
27.0,322.0,33.45717016842164
27.0,323.0,33.43846866755463
27.0,324.0,33.419878252506834
27.0,325.0,33.401450647058155
27.0,326.0,33.383234339114026
27.0,327.0,33.36527390618523
27.0,328.0,33.34760945639603
27.0,329.0,33.33027623799192
27.0,330.0,33.313304374536955
27.0,331.0,33.296718762540216
27.0,332.0,33.280539074902904
27.0,333.0,33.26477989638193
27.0,334.0,33.24945092793154
27.0,335.0,33.234557282396096
27.0,336.0,33.22009980866642
27.0,337.0,33.206075468168734
27.0,338.0,33.19247770542761
27.0,339.0,33.17929684040407
27.0,340.0,33.16652043077681
27.0,341.0,33.154133635867325
27.0,342.0,33.14211953680075
27.0,343.0,33.130459447440465
27.0,344.0,33.119133176257876
27.0,345.0,33.10811927487266
27.0,346.0,33.09739523798728
27.0,347.0,33.08693769006182
27.0,348.0,33.07672252722491
27.0,349.0,33.06672504807284
27.0,350.0,33.056920045170415
27.0,351.0,33.04728188822353
27.0,352.0,33.03778457391618
27.0,353.0,33.02840176997378
27.0,354.0,33.0191068317287
27.0,355.0,33.00987281479689
27.0,356.0,33.000672465693526
27.0,357.0,32.991478209609106
27.0,358.0,32.9822621210958
27.0,359.0,32.97299589212082
27.0,360.0,32.96365078758651
27.0,361.0,32.95419759765388
27.0,362.0,32.944606581779816
27.0,363.0,32.934847408331095
27.0,364.0,32.924889089972844
27.0,365.0,32.91469991286117
27.0,366.0,32.904247365612
27.0,367.0,32.89349805987073
27.0,368.0,32.882417654726034
27.0,369.0,32.87097077020431
27.0,370.0,32.85912090886649
27.0,371.0,32.84683036376497
27.0,372.0,32.8340601390804
27.0,373.0,32.82076985432347
27.0,374.0,32.806917666256496
27.0,375.0,32.79246017165519
27.0,376.0,32.77735233345916
27.0,377.0,32.76154738528402
27.0,378.0,32.74499676582297
27.0,379.0,32.727650029596255
27.0,380.0,32.709454795175205
27.0,381.0,32.69035666847964
27.0,382.0,32.67029921253309
27.0,383.0,32.649223892099
27.0,384.0,32.6270700755397
27.0,385.0,32.603775012861036
27.0,386.0,32.57927388397957
27.0,387.0,32.55349982645474
27.0,388.0,32.52638404917822
27.0,389.0,32.49785593128306
27.0,390.0,32.46784322596337
27.0,391.0,32.43627225817636
27.0,392.0,32.40306824976469
27.0,393.0,32.36815565021392
27.0,394.0,32.33145862084769
27.0,395.0,32.29290153912369
27.0,396.0,32.25240968506199
27.0,397.0,32.209909963528986
27.0,398.0,32.16533183783106
27.0,399.0,32.11860831306066
27.0,400.0,32.06967715610145
27.0,401.0,32.01848217176328
27.0,402.0,31.9649747299031
27.0,403.0,31.909115338713804
27.0,404.0,31.850875461846144
27.0,405.0,31.790239343495344
27.0,406.0,31.727206035736224
27.0,407.0,31.661791354130088
27.0,408.0,31.594029947109124
27.0,409.0,31.52397716235404
27.0,410.0,31.451710885787087
27.0,411.0,31.37733299550804
27.0,412.0,31.30097060433329
27.0,413.0,31.22277670562126
27.0,414.0,31.142930414923065
27.0,415.0,31.061636421138925
27.0,416.0,30.979123891465957
27.0,417.0,30.89564447795635
27.0,418.0,30.811469757036058
27.0,419.0,30.726887813409395
27.0,420.0,30.642199406873882
27.0,421.0,30.55771350202582
27.0,422.0,30.47374269468943
27.0,423.0,30.39059835305649
27.0,424.0,30.308586056877296
27.0,425.0,30.228001133496743
27.0,426.0,30.149124863044964
27.0,427.0,30.072221075217264
27.0,428.0,29.997533653054315
27.0,429.0,29.92528455935058
27.0,430.0,29.855672832204522
27.0,431.0,29.788874063649008
27.0,432.0,29.725040758887342
27.0,433.0,29.664303018087928
27.0,434.0,29.606769924325324
27.0,435.0,29.552531043079856
27.0,436.0,29.501658435479662
27.0,437.0,29.454208581168906
27.0,438.0,29.41022465202127
27.0,439.0,29.36973853673575
27.0,440.0,29.332773104022163
27.0,441.0,29.299344110990276
27.0,442.0,29.26946228929667
27.0,443.0,29.243135018112103
27.0,444.0,29.22036815530935
27.0,445.0,29.201167431961814
27.0,446.0,29.185540013536357
27.0,447.0,29.173495622838757
27.0,448.0,29.165047854196885
27.0,449.0,29.160215059357743
27.0,450.0,29.159021456371327
27.0,451.0,29.161497824492844
27.0,452.0,29.16768245531272
27.0,453.0,29.17762170425066
27.0,454.0,29.191370829799464
27.0,455.0,29.20899444532023
27.0,456.0,29.230567286886643
27.0,457.0,29.256174602854802
27.0,458.0,29.285912884079284
27.0,459.0,29.31989022191537
27.0,460.0,29.358227027811775
27.0,461.0,29.401056383885198
27.0,462.0,29.448524772631835
27.0,463.0,29.50079243829516
27.0,464.0,29.558034141783466
27.0,465.0,29.620439545685212
27.0,466.0,29.688214004272055
27.0,467.0,29.76157897995278
27.0,468.0,29.840772873161463
27.0,469.0,29.926051472904554
27.0,470.0,30.01768882595561
27.0,471.0,30.11597771846607
27.0,472.0,30.22123057768864
27.0,473.0,30.333779974815663
27.0,474.0,30.45397954479988
27.0,475.0,30.582204491956773
27.0,476.0,30.71885250357142
27.0,477.0,30.864344228496627
27.0,478.0,31.01912414717936
27.0,479.0,31.18366097845536
27.0,480.0,31.358448451241465
27.0,481.0,31.5440055747023
27.0,482.0,31.740877233761886
27.0,483.0,31.949634231328748
27.0,484.0,32.170873599436575
27.0,485.0,32.40521828768089
27.0,486.0,32.65331704264997
27.0,487.0,32.91584357270868
27.0,488.0,33.19349579922947
27.0,489.0,33.48699427357797
27.0,490.0,33.79708054437561
27.0,491.0,34.12451453884017
27.0,492.0,34.470071723120064
27.0,493.0,34.834539091110535
27.0,494.0,35.218710726381815
27.0,495.0,35.62338197705728
27.0,496.0,36.049342971948164
27.0,497.0,36.49737051904123
27.0,498.0,36.96821911021632
27.0,499.0,37.46261009544692
27.0,500.0,37.98121976983619
27.0,501.0,38.524665493939615
27.0,502.0,39.093490649945984
27.0,503.0,39.6881476634215
27.0,504.0,40.30898000906394
27.0,505.0,40.956202606633646
27.0,506.0,41.62988170881993
27.0,507.0,42.32991393410785
27.0,508.0,43.05600578875141
27.0,509.0,43.80765362387667
27.0,510.0,44.58412562840722
27.0,511.0,45.38444607420231
27.0,512.0,46.20738359086018
27.0,513.0,47.051443816766856
27.0,514.0,47.91486816622101
27.0,515.0,48.79563891010306
27.0,516.0,49.691491932610866
27.0,517.0,50.5999368449529
27.0,518.0,51.51828507581204
27.0,519.0,52.44368479467739
27.0,520.0,53.373162337658115
27.0,521.0,54.303668114134084
27.0,522.0,55.23212583843858
27.0,523.0,56.15548250369202
27.0,524.0,57.07075759397825
27.0,525.0,57.975088984724664
27.0,526.0,58.86577430986317
27.0,527.0,59.74030587232629
27.0,528.0,60.59639863631006
27.0,529.0,61.432010320974804
27.0,530.0,62.24535401875943
27.0,531.0,63.03490324800854
27.0,532.0,63.79939054050736
27.0,533.0,64.53780005523947
27.0,534.0,65.24935563120083
27.0,535.0,65.9335049844847
27.0,536.0,66.58990143529715
27.0,537.0,67.21838380440988
27.0,538.0,67.8189556234836
27.0,539.0,68.39176409252194
27.0,540.0,68.93707960822293
27.0,541.0,69.45527606723199
27.0,542.0,69.94681246207858
27.0,543.0,70.41221579013254
27.0,544.0,70.8520655469128
27.0,545.0,71.26697971032621
27.0,546.0,71.65760230871247
27.0,547.0,72.02459243214406
27.0,548.0,72.36861465867202
27.0,549.0,72.69033075925988
27.0,550.0,72.99039257233191
27.0,551.0,73.26943595033013
27.0,552.0,73.52807561308363
27.0,553.0,73.76690086920398
27.0,554.0,73.98647199688473
27.0,555.0,74.18731731426927
27.0,556.0,74.3699306921724
27.0,557.0,74.5347696121154
27.0,558.0,74.68225348413219
27.0,559.0,74.81276240044228
27.0,560.0,74.9266359991096
27.0,561.0,75.02417268558257
27.0,562.0,75.10562884304142
27.0,563.0,75.17121834932172
27.0,564.0,75.22111198526028
27.0,565.0,75.25543712017502
27.0,566.0,75.27427721074098
27.0,567.0,75.27767156525884
27.0,568.0,75.26561485905553
27.0,569.0,75.23805691802161
27.0,570.0,75.19490220419314
27.0,571.0,75.13600958452405
27.0,572.0,75.06119176425614
27.0,573.0,74.97021502971762
27.0,574.0,74.862798629429
27.0,575.0,74.73861450198991
27.0,576.0,74.5972866277196
27.0,577.0,74.43839077655859
27.0,578.0,74.2614538786009
27.0,579.0,74.06595385465913
27.0,580.0,73.85131908465837
27.0,581.0,73.61692841753899
27.0,582.0,73.36211085469408
27.0,583.0,73.08614587884695
27.0,584.0,72.78826351822326
27.0,585.0,72.46764518864785
27.0,586.0,72.12342436557853
27.0,587.0,71.75468820234016
27.0,588.0,71.36047911352611
27.0,589.0,70.93979751637433
27.0,590.0,70.49160472068519
27.0,591.0,70.0148272386558
27.0,592.0,69.5083614800557
27.0,593.0,68.97108018216072
27.0,594.0,68.40183951440474
27.0,595.0,67.79948827932712
27.0,596.0,67.16287811688971
27.0,597.0,66.49087619038758
27.0,598.0,65.7823792085589
27.0,599.0,65.03633028785273
27.0,600.0,64.25173741897008
27.0,601.0,63.42769501467127
27.0,602.0,62.56340715012407
27.0,603.0,61.65821386691078
27.0,604.0,60.711618910799764
27.0,605.0,59.723320066263405
27.0,606.0,58.69324011181061
27.0,607.0,57.621559243710486
27.0,608.0,56.50874655423722
27.0,609.0,55.35559102679687
27.0,610.0,54.16322917319134
27.0,611.0,52.933169425925605
27.0,612.0,51.66731007176611
27.0,613.0,50.36795070661409
27.0,614.0,49.03779398774093
27.0,615.0,47.679937961206555
27.0,616.0,46.29785625206184
27.0,617.0,44.89536725909371
27.0,618.0,43.476590714599155
27.0,619.0,42.04589408985549
27.0,620.0,40.60782859810649
27.0,621.0,39.167058696833614
27.0,622.0,37.72828603978829
27.0,623.0,36.29617271539305
27.0,624.0,34.875265185515794
27.0,625.0,33.46992378285443
27.0,626.0,32.084258674057985
27.0,627.0,30.722076255216063
27.0,628.0,29.38683564488703
27.0,629.0,28.081617863351916
27.0,630.0,26.809105928731206
27.0,631.0,25.571577162773686
27.0,632.0,24.37090482101915
27.0,633.0,23.208569519060244
27.0,634.0,22.08567701520106
27.0,635.0,21.002982566106443
27.0,636.0,19.96091838330108
27.0,637.0,18.95962458230086
27.0,638.0,17.99898044898604
27.0,639.0,17.07863680646911
27.0,640.0,16.198046725997596
27.0,641.0,15.356495791996029
27.0,642.0,14.553129561185358
27.0,643.0,13.786979782493736
27.0,644.0,13.056987322650418
27.0,645.0,12.362023613036103
27.0,646.0,11.700908763275558
27.0,647.0,11.072428303211431
27.0,648.0,10.475346811576014
27.0,649.0,9.908420459573017
27.0,650.0,9.370406778785888
27.0,651.0,8.860073694866921
27.0,652.0,8.376206150176953
27.0,653.0,7.91761233848276
27.0,654.0,7.483127869786715
27.0,655.0,7.071619853810666
27.0,656.0,6.681989208488277
27.0,657.0,6.313173140755335
27.0,658.0,5.964146094810224
27.0,659.0,5.633921072570528
27.0,660.0,5.321549614504797
27.0,661.0,5.026122304186206
27.0,662.0,4.746768083407479
27.0,663.0,4.482654201868982
27.0,664.0,4.232985092829923
27.0,665.0,3.9970019614276793
27.0,666.0,3.773981387123837
27.0,667.0,3.5632346912907025
27.0,668.0,3.364106386368277
27.0,669.0,3.175973422992922
27.0,670.0,2.9982435707408497
27.0,671.0,2.830354614830588
27.0,672.0,2.6717727272698952
27.0,673.0,2.5219916608404738
27.0,674.0,2.3805311503493423
27.0,675.0,2.2469361353382338
27.0,676.0,2.1207752172865124
27.0,677.0,2.001639930776861
27.0,678.0,1.889143272573448
27.0,679.0,1.78291903264735
27.0,680.0,1.6826204040341035
27.0,681.0,1.5879193792814568
27.0,682.0,1.4985054450971425
27.0,683.0,1.4140850457548233
27.0,684.0,1.3343803631947726
27.0,685.0,1.2591288462105998
27.0,686.0,1.1880820744322569
27.0,687.0,1.1210053503469697
27.0,688.0,1.0576766441592318
27.0,689.0,0.9978862446035113
27.0,690.0,0.9414357808082447
27.0,691.0,0.8881379272376787
27.0,692.0,0.8378154982178609
27.0,693.0,0.790301202056751
27.0,694.0,0.7454368036975701
27.0,695.0,0.703072923006058
27.0,696.0,0.6630682610119859
27.0,697.0,0.6252894374451231
27.0,698.0,0.5896102761457102
27.0,699.0,0.5559116771224945
27.0,700.0,0.5240809569120526
27.0,701.0,0.4940117506847686
27.0,702.0,0.4656034035787947
27.0,703.0,0.43876089866590856
27.0,704.0,0.41339429555590135
27.0,705.0,0.3894186803348561
27.0,706.0,0.3667536480140617
27.0,707.0,0.3453232708553162
27.0,708.0,0.325055621514325
27.0,709.0,0.30588275646232044
27.0,710.0,0.2877402769401679
27.0,711.0,0.27056732446715404
27.0,712.0,0.2543061769741343
27.0,713.0,0.23890225365521556
27.0,714.0,0.22430374388351418
27.0,715.0,0.21046161890763765
27.0,716.0,0.19732929137055344
27.0,717.0,0.18486263157933477
27.0,718.0,0.1730196556457339
27.0,719.0,0.16176054426441827
27.0,720.0,0.15104735767316393
27.0,721.0,0.14084405506208744
27.0,722.0,0.1311162347123837
27.0,723.0,0.121831152327484
27.0,724.0,0.1129574848526559
27.0,725.0,0.10446534616940881
27.0,726.0,0.09632607322487358
27.0,727.0,0.08851223766404114
27.0,728.0,0.08099745300852444
27.0,729.0,0.0737563809182886
27.0,730.0,0.06676455825503451
27.0,731.0,0.05999839676687526
27.0,732.0,0.05343502895299613
27.0,733.0,0.04705230005210965
27.0,734.0,0.0408286316929948
27.0,735.0,0.034743005141306224
27.0,736.0,0.028774841775739992
27.0,737.0,0.022903976608571623
27.0,738.0,0.01711055467010085
27.0,739.0,0.011374993866736393
27.0,740.0,0.005677896387491507
27.0,741.0,0.0
28.0,0.0,0.0
28.0,1.0,0.002552792515411982
28.0,2.0,0.005114218073583194
28.0,3.0,0.007692940208513683
28.0,4.0,0.010297677389591578
28.0,5.0,0.012937239945288996
28.0,6.0,0.01562054884796154
28.0,7.0,0.01835667945791213
28.0,8.0,0.021154875043938655
28.0,9.0,0.02402459774318421
28.0,10.0,0.02697553722492395
28.0,11.0,0.030017669274147802
28.0,12.0,0.03316126002364488
28.0,13.0,0.03641693258692983
28.0,14.0,0.03979566730659571
28.0,15.0,0.04330887688515924
28.0,16.0,0.046968403126128766
28.0,17.0,0.050786601039810635
28.0,18.0,0.05477633258783456
28.0,19.0,0.05895106027517707
28.0,20.0,0.06332483844929296
28.0,21.0,0.06791241692984691
28.0,22.0,0.07272923046043417
28.0,23.0,0.07779151297406439
28.0,24.0,0.08311628584904786
28.0,25.0,0.08872148346145145
28.0,26.0,0.09462594095740591
28.0,27.0,0.1008495318038454
28.0,28.0,0.1074131558575572
28.0,29.0,0.11433888969277671
28.0,30.0,0.12164997582299454
28.0,31.0,0.1293709866585839
28.0,32.0,0.13752781582083642
28.0,33.0,0.1461478566647926
28.0,34.0,0.15525999671616714
28.0,35.0,0.1648948117837759
28.0,36.0,0.17508456464865127
28.0,37.0,0.18586341588645114
28.0,38.0,0.19726742804350372
28.0,39.0,0.20933479439145072
28.0,40.0,0.22210584993603028
28.0,41.0,0.23562331943243126
28.0,42.0,0.24993233668742093
28.0,43.0,0.2650807132721012
28.0,44.0,0.28111896769359035
28.0,45.0,0.2981006163485164
28.0,46.0,0.3160822142525567
28.0,47.0,0.3351236698778808
28.0,48.0,0.3552882992312134
28.0,49.0,0.37664316630413425
28.0,50.0,0.39925915237413134
28.0,51.0,0.423211323857728
28.0,52.0,0.44857901876188494
28.0,53.0,0.47544624375182115
28.0,54.0,0.5039017796849758
28.0,55.0,0.5340396096680323
28.0,56.0,0.5659590455389226
28.0,57.0,0.5997651885634087
28.0,58.0,0.6355690785600819
28.0,59.0,0.6734881886383379
28.0,60.0,0.7136465983431584
28.0,61.0,0.7561755234123986
28.0,62.0,0.8012135137929617
28.0,63.0,0.8489070187270307
28.0,64.0,0.8994106096789257
28.0,65.0,0.9528875800543937
28.0,66.0,1.0095101918704161
28.0,67.0,1.0694603079445277
28.0,68.0,1.1329296593944285
28.0,69.0,1.2001205060399254
28.0,70.0,1.271245919344772
28.0,71.0,1.3465304638333813
28.0,72.0,1.4262104866331997
28.0,73.0,1.510534808635634
28.0,74.0,1.5997650070377685
28.0,75.0,1.6941760994029547
28.0,76.0,1.7940567991196414
28.0,77.0,1.8997101679753512
28.0,78.0,2.011453815728636
28.0,79.0,2.1296204867279984
28.0,80.0,2.254558163205472
28.0,81.0,2.386630538176659
28.0,82.0,2.5262169668996695
28.0,83.0,2.673712761049098
28.0,84.0,2.829528913307798
28.0,85.0,2.9940921259177817
28.0,86.0,3.167844208971415
28.0,87.0,3.3512417294468215
28.0,88.0,3.54475495422659
28.0,89.0,3.748866973778746
28.0,90.0,3.9640720269332324
28.0,91.0,4.190873917871934
28.0,92.0,4.4297835236027305
28.0,93.0,4.6813162875035
28.0,94.0,4.945988677493683
28.0,95.0,5.224314511293696
28.0,96.0,5.516800113211583
28.0,97.0,5.823939218142518
28.0,98.0,6.146206583610122
28.0,99.0,6.4840512509696575
28.0,100.0,6.837888430355593
28.0,101.0,7.208090995792055
28.0,102.0,7.594979604402053
28.0,103.0,7.998812499550083
28.0,104.0,8.419774084379958
28.0,105.0,8.857963432869285
28.0,106.0,9.313381933138633
28.0,107.0,9.785921368905619
28.0,108.0,10.275351768578336
28.0,109.0,10.781310479907065
28.0,110.0,11.303291932029643
28.0,111.0,11.840639667413468
28.0,112.0,12.392540183116031
28.0,113.0,12.95802019893873
28.0,114.0,13.535946847256374
28.0,115.0,14.12503228167505
28.0,116.0,14.723841977389192
28.0,117.0,15.330807911449455
28.0,118.0,15.944245496904434
28.0,119.0,16.562375004270763
28.0,120.0,17.183345857951604
28.0,121.0,17.80526407416696
28.0,122.0,18.42622082080243
28.0,123.0,19.04432206676175
28.0,124.0,19.657717141688693
28.0,125.0,20.264626173526384
28.0,126.0,20.86336438455272
28.0,127.0,21.452363512105958
28.0,128.0,22.03018874207948
28.0,129.0,22.595551888066584
28.0,130.0,23.147319690793996
28.0,131.0,23.684518425270447
28.0,132.0,24.206334089398023
28.0,133.0,24.712109670220205
28.0,134.0,25.2013389836466
28.0,135.0,25.673658704079553
28.0,136.0,26.128838124577584
28.0,137.0,26.566768228766428
28.0,138.0,26.98744953767041
28.0,139.0,27.390980187982098
28.0,140.0,27.777543572689876
28.0,141.0,28.147396848482842
28.0,142.0,28.500859506142632
28.0,143.0,28.838303169547302
28.0,144.0,29.160141711219673
28.0,145.0,29.46682274278323
28.0,146.0,29.75881949567826
28.0,147.0,30.03662407716573
28.0,148.0,30.30074107750598
28.0,149.0,30.551682468183184
28.0,150.0,30.78996275313317
28.0,151.0,31.01609528762031
28.0,152.0,31.230588730085273
28.0,153.0,31.433944528667322
28.0,154.0,31.626654421518953
28.0,155.0,31.809198846105115
28.0,156.0,31.9820452559138
28.0,157.0,32.14564723575187
28.0,158.0,32.30044343572332
28.0,159.0,32.44685721116786
28.0,160.0,32.585296010876306
28.0,161.0,32.71615139582877
28.0,162.0,32.83979875262719
28.0,163.0,32.956597577156735
28.0,164.0,33.06689141377533
28.0,165.0,33.171008317046834
28.0,166.0,33.26926094166065
28.0,167.0,33.36194711731832
28.0,168.0,33.4493500338802
28.0,169.0,33.531738881791306
28.0,170.0,33.60936909218533
28.0,171.0,33.68248300861631
28.0,172.0,33.75131015353398
28.0,173.0,33.816067907287454
28.0,174.0,33.87696178124164
28.0,175.0,33.934186087721024
28.0,176.0,33.98792420670054
28.0,177.0,34.038349236148484
28.0,178.0,34.08562424423129
28.0,179.0,34.1299028938764
28.0,180.0,34.17132967621313
28.0,181.0,34.210040506497656
28.0,182.0,34.24616293741724
28.0,183.0,34.27981672610758
28.0,184.0,34.31111402824671
28.0,185.0,34.340159937988595
28.0,186.0,34.367052665674215
28.0,187.0,34.39188405428311
28.0,188.0,34.4147397452425
28.0,189.0,34.43569967658018
28.0,190.0,34.454838242805884
28.0,191.0,34.47222478138799
28.0,192.0,34.48792373402742
28.0,193.0,34.50199512934135
28.0,194.0,34.51449475395833
28.0,195.0,34.52547464021936
28.0,196.0,34.53498325615942
28.0,197.0,34.543066007306656
28.0,198.0,34.549765454357704
28.0,199.0,34.55512183723536
28.0,200.0,34.55917332746504
28.0,201.0,34.56195657978337
28.0,202.0,34.563507022029164
28.0,203.0,34.56385943386854
28.0,204.0,34.56304826951527
28.0,205.0,34.561108253730026
28.0,206.0,34.55807472127174
28.0,207.0,34.553984207003396
28.0,208.0,34.548874770981705
28.0,209.0,34.54278654338362
28.0,210.0,34.535761987702664
28.0,211.0,34.52784634563621
28.0,212.0,34.51908777762315
28.0,213.0,34.50953764373273
28.0,214.0,34.49925045772075
28.0,215.0,34.488283944851396
28.0,216.0,34.47669876004072
28.0,217.0,34.46455828839798
28.0,218.0,34.45192811331855
28.0,219.0,34.4388755700595
28.0,220.0,34.42546900083152
28.0,221.0,34.411777125767664
28.0,222.0,34.397868174189576
28.0,223.0,34.38380918240607
28.0,224.0,34.36966512352907
28.0,225.0,34.355498259133874
28.0,226.0,34.34136738992953
28.0,227.0,34.32732737058925
28.0,228.0,34.31342857023805
28.0,229.0,34.29971661455449
28.0,230.0,34.2862320927702
28.0,231.0,34.27301053696957
28.0,232.0,34.260082360963345
28.0,233.0,34.24747304205175
28.0,234.0,34.235203241694606
28.0,235.0,34.223289130013065
28.0,236.0,34.2117426236376
28.0,237.0,34.20057178819581
28.0,238.0,34.189781131625075
28.0,239.0,34.179372028854004
28.0,240.0,34.16934302194758
28.0,241.0,34.15969022662327
28.0,242.0,34.150407606882425
28.0,243.0,34.14148733898201
28.0,244.0,34.13292004304983
28.0,245.0,34.1246950933237
28.0,246.0,34.11680080051798
28.0,247.0,34.10922466642532
28.0,248.0,34.101953518170106
28.0,249.0,34.09497371088697
28.0,250.0,34.08827121908184
28.0,251.0,34.08183179388925
28.0,252.0,34.07564101848712
28.0,253.0,34.069684427317
28.0,254.0,34.06394753273325
28.0,255.0,34.05841591332493
28.0,256.0,34.0530752183956
28.0,257.0,34.047911231713655
28.0,258.0,34.04290985947151
28.0,259.0,34.038057174775
28.0,260.0,34.033339393698675
28.0,261.0,34.02874290481182
28.0,262.0,34.024254236982024
28.0,263.0,34.0198600773318
28.0,264.0,34.015547233614285
28.0,265.0,34.011302643243
28.0,266.0,34.00711333239421
28.0,267.0,34.002966418160625
28.0,268.0,33.998849066022665
28.0,269.0,33.99474848673634
28.0,270.0,33.99065189344819
28.0,271.0,33.98654649462465
28.0,272.0,33.9824194518487
28.0,273.0,33.97825786991963
28.0,274.0,33.97404875625246
28.0,275.0,33.969779009214776
28.0,276.0,33.96543538004663
28.0,277.0,33.96100446055128
28.0,278.0,33.956472648563924
28.0,279.0,33.951826136279344
28.0,280.0,33.94705088052735
28.0,281.0,33.94213259331139
28.0,282.0,33.93705671850873
28.0,283.0,33.9318084266218
28.0,284.0,33.92637260002585
28.0,285.0,33.92073383451357
28.0,286.0,33.91487643587364
28.0,287.0,33.90878443154717
28.0,288.0,33.90244158213956
28.0,289.0,33.895831407396535
28.0,290.0,33.8889372172062
28.0,291.0,33.88174215710042
28.0,292.0,33.87422926432417
28.0,293.0,33.86638153906861
28.0,294.0,33.85818203211929
28.0,295.0,33.849613948822025
28.0,296.0,33.84066077539125
28.0,297.0,33.831306422837365
28.0,298.0,33.82153539876515
28.0,299.0,33.8113329975895
28.0,300.0,33.80068552290996
28.0,301.0,33.789580527532486
28.0,302.0,33.778007087399885
28.0,303.0,33.76595608929524
28.0,304.0,33.753420549916164
28.0,305.0,33.74039593982667
28.0,306.0,33.726880529966806
28.0,307.0,33.712875727201
28.0,308.0,33.6983864156807
28.0,309.0,33.68342126332708
28.0,310.0,33.667993009144375
28.0,311.0,33.6521186845078
28.0,312.0,33.635819784406706
28.0,313.0,33.619122338411174
28.0,314.0,33.60205690087642
28.0,315.0,33.584658411448366
28.0,316.0,33.566965953754575
28.0,317.0,33.54902237025417
28.0,318.0,33.530873774327794
28.0,319.0,33.51256892888829
28.0,320.0,33.494158548056156
28.0,321.0,33.47569450306664
28.0,322.0,33.45722900192069
28.0,323.0,33.438813731270294
28.0,324.0,33.42049903570503
28.0,325.0,33.402333121953845
28.0,326.0,33.384361359458765
28.0,327.0,33.36662565556226
28.0,328.0,33.34916396573297
28.0,329.0,33.332009903248704
28.0,330.0,33.315192495218554
28.0,331.0,33.29873603613926
28.0,332.0,33.282660074567026
28.0,333.0,33.26697947530091
28.0,334.0,33.25170458615284
28.0,335.0,33.23684144855319
28.0,336.0,33.2223920793563
28.0,337.0,33.20835476466242
28.0,338.0,33.1947243945262
28.0,339.0,33.18149278377253
28.0,340.0,33.16864901057602
28.0,341.0,33.156179723501545
28.0,342.0,33.14406945122441
28.0,343.0,33.13230087102285
28.0,344.0,33.12085507176513
28.0,345.0,33.10971177228636
28.0,346.0,33.098849531048614
28.0,347.0,33.08824591213089
28.0,348.0,33.07787764234504
28.0,349.0,33.067720728199305
28.0,350.0,33.05775056534645
28.0,351.0,33.04794201268314
28.0,352.0,33.03826946074177
28.0,353.0,33.02870686998714
28.0,354.0,33.019227805011745
28.0,355.0,33.009805443867855
28.0,356.0,33.00041258436219
28.0,357.0,32.99102163048084
28.0,358.0,32.9816045761625
28.0,359.0,32.97213297390219
28.0,360.0,32.96257790039653
28.0,361.0,32.9529099114633
28.0,362.0,32.94309899305699
28.0,363.0,32.93311450582865
28.0,364.0,32.92292512428312
28.0,365.0,32.91249877368138
28.0,366.0,32.90180255958765
28.0,367.0,32.89080269940618
28.0,368.0,32.87946444426123
28.0,369.0,32.86775200727266
28.0,370.0,32.85562847963467
28.0,371.0,32.84305575778125
28.0,372.0,32.82999445569479
28.0,373.0,32.81640383341284
28.0,374.0,32.802241708032724
28.0,375.0,32.78746438659898
28.0,376.0,32.77202657901524
28.0,377.0,32.75588133927775
28.0,378.0,32.73897998462144
28.0,379.0,32.721272050397076
28.0,380.0,32.70270522134175
28.0,381.0,32.68322530722158
28.0,382.0,32.6627761942202
28.0,383.0,32.64129985088228
28.0,384.0,32.61873631035502
28.0,385.0,32.595023719263565
28.0,386.0,32.57009836500238
28.0,387.0,32.54389478401279
28.0,388.0,32.51634585252965
28.0,389.0,32.4873829752889
28.0,390.0,32.45693626299043
28.0,391.0,32.42493482753628
28.0,392.0,32.39130707463301
28.0,393.0,32.35598113672922
28.0,394.0,32.31888531389959
28.0,395.0,32.279948679675584
28.0,396.0,32.239101706240376
28.0,397.0,32.196277079526915
28.0,398.0,32.151410543530034
28.0,399.0,32.104441956575975
28.0,400.0,32.05531638086954
28.0,401.0,32.0039853978296
28.0,402.0,31.950408448491597
28.0,403.0,31.894554397628664
28.0,404.0,31.83640309370666
28.0,405.0,31.775947125005576
28.0,406.0,31.713193511381984
28.0,407.0,31.648165529553488
28.0,408.0,31.58090437460075
28.0,409.0,31.511470851572053
28.0,410.0,31.439946763113035
28.0,411.0,31.36643618726316
28.0,412.0,31.291066282070734
28.0,413.0,31.213987824524956
28.0,414.0,31.135375108346814
28.0,415.0,31.05542544399946
28.0,416.0,30.974357898397262
28.0,417.0,30.892411580735825
28.0,418.0,30.809843149892167
28.0,419.0,30.72692393395283
28.0,420.0,30.643936387554014
28.0,421.0,30.561170363675775
28.0,422.0,30.478918964308164
28.0,423.0,30.397474508913902
28.0,424.0,30.317124388291322
28.0,425.0,30.238147362504705
28.0,426.0,30.160810027922075
28.0,427.0,30.085363989195862
28.0,428.0,30.01204338318402
28.0,429.0,29.941063243910676
28.0,430.0,29.872618266158543
28.0,431.0,29.806882411833204
28.0,432.0,29.74400883975837
28.0,433.0,29.68413057891678
28.0,434.0,29.627361374171755
28.0,435.0,29.573797127249073
28.0,436.0,29.523517335782877
28.0,437.0,29.476586978097107
28.0,438.0,29.43305823786997
28.0,439.0,29.39297255389809
28.0,440.0,29.356362388435592
28.0,441.0,29.32325324060639
28.0,442.0,29.293665298249287
28.0,443.0,29.267615293844642
28.0,444.0,29.24511795424638
28.0,445.0,29.226187644229665
28.0,446.0,29.21083958514963
28.0,447.0,29.199091277895636
28.0,448.0,29.190963498636936
28.0,449.0,29.18648152129311
28.0,450.0,29.185675919189432
28.0,451.0,29.188583621270933
28.0,452.0,29.195248557293485
28.0,453.0,29.205722586524846
28.0,454.0,29.220066025358594
28.0,455.0,29.23834848601945
28.0,456.0,29.260649322526334
28.0,457.0,29.28705841271395
28.0,458.0,29.317676553519085
28.0,459.0,29.352616214191766
28.0,460.0,29.39200190625656
28.0,461.0,29.435970930075698
28.0,462.0,29.484673739205434
28.0,463.0,29.538274696906182
28.0,464.0,29.596952449191953
28.0,465.0,29.66090070252088
28.0,466.0,29.730328614560612
28.0,467.0,29.80546159897381
28.0,468.0,29.886541737549653
28.0,469.0,29.973828612411513
28.0,470.0,30.067599737324098
28.0,471.0,30.168151411369177
28.0,472.0,30.275799160451594
28.0,473.0,30.390878598983814
28.0,474.0,30.513745864296567
28.0,475.0,30.644778463499392
28.0,476.0,30.784375672945274
28.0,477.0,30.932959335417603
28.0,478.0,31.090974183157144
28.0,479.0,31.258888534948156
28.0,480.0,31.43719448350221
28.0,481.0,31.626408421825282
28.0,482.0,31.827071012862522
28.0,483.0,32.03974744859134
28.0,484.0,32.26502709063737
28.0,485.0,32.50352333278654
28.0,486.0,32.755872764846835
28.0,487.0,33.02273446899941
28.0,488.0,33.30478851516599
28.0,489.0,33.602734474036595
28.0,490.0,33.91728900160082
28.0,491.0,34.249183298864395
28.0,492.0,34.59915948951849
28.0,493.0,34.96796670367214
28.0,494.0,35.3563559036485
28.0,495.0,35.76507422728823
28.0,496.0,36.19485788698975
28.0,497.0,36.646424396011696
28.0,498.0,37.12046317880402
28.0,499.0,37.61762535041352
28.0,500.0,38.13851176677307
28.0,501.0,38.683660173239595
28.0,502.0,39.25353063698489
28.0,503.0,39.84849017397568
28.0,504.0,40.468795889951195
28.0,505.0,41.11457767909977
28.0,506.0,41.78581998748978
28.0,507.0,42.482343863962235
28.0,508.0,43.20378903326044
28.0,509.0,43.94959741207536
28.0,510.0,44.718998027644396
28.0,511.0,45.51099491604576
28.0,512.0,46.32435810406535
28.0,513.0,47.15761927452404
28.0,514.0,48.009072182309524
28.0,515.0,48.87677921200448
28.0,516.0,49.75858384505964
28.0,517.0,50.65212993760942
28.0,518.0,51.55488701531807
28.0,519.0,52.46418177921922
28.0,520.0,53.377234338158694
28.0,521.0,54.29119863595661
28.0,522.0,55.20320501635357
28.0,523.0,56.11040391681452
28.0,524.0,57.01000843032947
28.0,525.0,57.899334692619234
28.0,526.0,58.775838104994264
28.0,527.0,59.63714476001481
28.0,528.0,60.48107671987165
28.0,529.0,61.30567117326403
28.0,530.0,62.10919287848477
28.0,531.0,62.89014055854615
28.0,532.0,63.64724728445818
28.0,533.0,64.37947593540693
28.0,534.0,65.08601013785284
28.0,535.0,65.76624191466708
28.0,536.0,66.41975654928544
28.0,537.0,67.04631580693834
28.0,538.0,67.64583993968273
28.0,539.0,68.2183893948838
28.0,540.0,68.76414649459863
28.0,541.0,69.2833977420181
28.0,542.0,69.77651685983182
28.0,543.0,70.24394897263257
28.0,544.0,70.68619591520034
28.0,545.0,71.10380288132718
28.0,546.0,71.4973463252781
28.0,547.0,71.86742318329105
28.0,548.0,72.21464130685744
28.0,549.0,72.5396110696487
28.0,550.0,72.84293805755662
28.0,551.0,73.12521672770539
28.0,552.0,73.3870249894163
28.0,553.0,73.62891953520975
28.0,554.0,73.85143193388058
28.0,555.0,74.05506526557352
28.0,556.0,74.24029137813645
28.0,557.0,74.40754850036569
28.0,558.0,74.55723936212469
28.0,559.0,74.68972951305096
28.0,560.0,74.80534606126713
28.0,561.0,74.90437647855434
28.0,562.0,74.9870677641857
28.0,563.0,75.05362556656812
28.0,564.0,75.10421362446192
28.0,565.0,75.13895307750437
28.0,566.0,75.15792207608295
28.0,567.0,75.16115518903497
28.0,568.0,75.1486431063594
28.0,569.0,75.12033208279846
28.0,570.0,75.07612368575104
28.0,571.0,75.01587423992225
28.0,572.0,74.93939459790393
28.0,573.0,74.84644957537223
28.0,574.0,74.73675774562915
28.0,575.0,74.60999087877953
28.0,576.0,74.46577378596203
28.0,577.0,74.30368380146227
28.0,578.0,74.12325072935981
28.0,579.0,73.9239564366355
28.0,580.0,73.70523498657067
28.0,581.0,73.46647244567016
28.0,582.0,73.20700732647973
28.0,583.0,72.92613075367723
28.0,584.0,72.62308738607561
28.0,585.0,72.29707613945378
28.0,586.0,71.94725181507081
28.0,587.0,71.57272664001037
28.0,588.0,71.1725728982468
28.0,589.0,70.74582562329537
28.0,590.0,70.29148660635121
28.0,591.0,69.80852865780982
28.0,592.0,69.29590144995571
28.0,593.0,68.7525378452478
28.0,594.0,68.17736210657033
28.0,595.0,67.56929885455659
28.0,596.0,66.92728422440685
28.0,597.0,66.25027803318208
28.0,598.0,65.53727844223991
28.0,599.0,64.78733784354056
28.0,600.0,63.99958144720788
28.0,601.0,63.1732271712524
28.0,602.0,62.30760824516434
28.0,603.0,61.402196936085154
28.0,604.0,60.456630667835476
28.0,605.0,59.470738671837886
28.0,606.0,58.44457021708897
28.0,607.0,57.37842221658891
28.0,608.0,56.27286697370887
28.0,609.0,55.128777494013484
28.0,610.0,53.94735084779584
28.0,611.0,52.7301266997755
28.0,612.0,51.47900133803464
28.0,613.0,50.19623421431304
28.0,614.0,48.884447453772985
28.0,615.0,47.54661559762082
28.0,616.0,46.186046567728305
28.0,617.0,44.806351799028405
28.0,618.0,43.4114074641883
28.0,619.0,42.005305752275476
28.0,620.0,40.59229926085734
28.0,621.0,39.176738507223796
28.0,622.0,37.763006571933346
28.0,623.0,36.355451540876246
28.0,624.0,34.958321146363275
28.0,625.0,33.57570025119258
28.0,626.0,32.21145523327371
28.0,627.0,30.8691852098002
28.0,628.0,29.55218324911674
28.0,629.0,28.263406420918994
28.0,630.0,27.005456742217287
28.0,631.0,25.780570809509392
28.0,632.0,24.590619283302065
28.0,633.0,23.4371132889665
28.0,634.0,22.321218412895647
28.0,635.0,21.24377306284238
28.0,636.0,20.205311788971294
28.0,637.0,19.20609039527687
28.0,638.0,18.24611363437168
28.0,639.0,17.325162581145367
28.0,640.0,16.442822799445523
28.0,641.0,15.598510726342885
28.0,642.0,14.791499714315703
28.0,643.0,14.0209434551592
28.0,644.0,13.285898491121651
28.0,645.0,12.58534376485324
28.0,646.0,11.9181990966249
28.0,647.0,11.283340691264566
28.0,648.0,10.679615669900988
28.0,649.0,10.105853816057603
28.0,650.0,9.560878578803283
28.0,651.0,9.04351556469851
28.0,652.0,8.552600568668076
28.0,653.0,8.086985390332748
28.0,654.0,7.645543468834793
28.0,655.0,7.227173583470351
28.0,656.0,6.830803622778288
28.0,657.0,6.455392665179748
28.0,658.0,6.099933337334209
28.0,659.0,5.763452689519675
28.0,660.0,5.4450135157538595
28.0,661.0,5.143714357496247
28.0,662.0,4.858690080311266
28.0,663.0,4.589111266439254
28.0,664.0,4.334184275251897
28.0,665.0,4.093150223522762
28.0,666.0,3.8652847011432474
28.0,667.0,3.6498964878779363
28.0,668.0,3.4463270512848063
28.0,669.0,3.2539491093166366
28.0,670.0,3.0721660027208277
28.0,671.0,2.900410182448726
28.0,672.0,2.738142522319627
28.0,673.0,2.5848507871457107
28.0,674.0,2.440048931505259
28.0,675.0,2.30327558724407
28.0,676.0,2.1740933793858637
28.0,677.0,2.0520874589224154
28.0,678.0,1.936864856007783
28.0,679.0,1.8280530746327677
28.0,680.0,1.725299495352642
28.0,681.0,1.6282700417133866
28.0,682.0,1.5366486391055234
28.0,683.0,1.4501359580156514
28.0,684.0,1.3684489316087867
28.0,685.0,1.2913195775188206
28.0,686.0,1.2184945740026416
28.0,687.0,1.1497341596786748
28.0,688.0,1.0848117662395462
28.0,689.0,1.0235129940144985
28.0,690.0,0.9656352980275111
28.0,691.0,0.910987036284846
28.0,692.0,0.859387205239206
28.0,693.0,0.81066455713024
28.0,694.0,0.7646573805267269
28.0,695.0,0.7212126827589279
28.0,696.0,0.6801860110596868
28.0,697.0,0.6414406960371561
28.0,698.0,0.6048477089484569
28.0,699.0,0.5702849622065473
28.0,700.0,0.537637198442818
28.0,701.0,0.5067953441768079
28.0,702.0,0.47765642651766527
28.0,703.0,0.4501229763167935
28.0,704.0,0.4241029685942253
28.0,705.0,0.3995092717182142
28.0,706.0,0.37625960790105867
28.0,707.0,0.3542760451891778
28.0,708.0,0.33348497463953297
28.0,709.0,0.31381664214695987
28.0,710.0,0.29520513917718766
28.0,711.0,0.2775879716969993
28.0,712.0,0.2609060615962553
28.0,713.0,0.24510335021538948
28.0,714.0,0.23012680783244574
28.0,715.0,0.21592606949802212
28.0,716.0,0.20245345019143987
28.0,717.0,0.1896636108734705
28.0,718.0,0.17751357712687926
28.0,719.0,0.1659624335210548
28.0,720.0,0.15497134374565183
28.0,721.0,0.14450327154821527
28.0,722.0,0.1345230005454155
28.0,723.0,0.12499688014501754
28.0,724.0,0.11589284337755912
28.0,725.0,0.10718017634795647
28.0,726.0,0.0988295325719679
28.0,727.0,0.09081272462092459
28.0,728.0,0.08310273357263481
28.0,729.0,0.0756735216158456
28.0,730.0,0.06850003533512213
28.0,731.0,0.061558038130375005
28.0,732.0,0.0548241061504494
28.0,733.0,0.04827547945806968
28.0,734.0,0.041890049508116416
28.0,735.0,0.035646228050267396
28.0,736.0,0.029522925115894647
28.0,737.0,0.02349943470006986
28.0,738.0,0.017555402276265997
28.0,739.0,0.011670726336709887
28.0,740.0,0.005825514497121119
28.0,741.0,0.0
29.0,0.0,0.0
29.0,1.0,0.002613559694496703
29.0,2.0,0.005235958176606206
29.0,3.0,0.007876062294649778
29.0,4.0,0.010542801406545958
29.0,5.0,0.013245189446624806
29.0,6.0,0.01599236615705457
29.0,7.0,0.01879361355997922
29.0,8.0,0.021658404370907842
29.0,9.0,0.024596413285380158
29.0,10.0,0.027617572983845685
29.0,11.0,0.03073208065720316
29.0,12.0,0.03395046202791766
29.0,13.0,0.037283573559216555
29.0,14.0,0.04074267493765983
29.0,15.0,0.04433942743668978
29.0,16.0,0.04808597533174856
29.0,17.0,0.05199494092048967
29.0,18.0,0.05607951537302813
29.0,19.0,0.06035345094867613
29.0,20.0,0.06483116182124182
29.0,21.0,0.06952771407591718
29.0,22.0,0.07445893709295441
29.0,23.0,0.07964141195858448
29.0,24.0,0.08509259404013764
29.0,25.0,0.09083080050186984
29.0,26.0,0.0968753447608763
29.0,27.0,0.10324652386267456
29.0,28.0,0.10996576557025756
29.0,29.0,0.11705561642537812
29.0,30.0,0.12453990229287887
29.0,31.0,0.13244371801187443
29.0,32.0,0.14079360229400867
29.0,33.0,0.14961752995398628
29.0,34.0,0.15894510214334803
29.0,35.0,0.16880754224163558
29.0,36.0,0.17923790249602617
29.0,37.0,0.19027106475200417
29.0,38.0,0.20194396466267941
29.0,39.0,0.21429559853982166
29.0,40.0,0.2273672663931765
29.0,41.0,0.2412025862869697
29.0,42.0,0.25584775756642436
29.0,43.0,0.27135158420819283
29.0,44.0,0.28776575968474727
29.0,45.0,0.30514490089507057
29.0,46.0,0.3235468562021795
29.0,47.0,0.3430327516163074
29.0,48.0,0.3636673236088521
29.0,49.0,0.38551897928516043
29.0,50.0,0.4086601556190231
29.0,51.0,0.43316739538352966
29.0,52.0,0.45912173444926063
29.0,53.0,0.48660879522243783
29.0,54.0,0.5157192035872963
29.0,55.0,0.5465487015077514
29.0,56.0,0.5791985950431691
29.0,57.0,0.6137758875717707
29.0,58.0,0.6503937600329961
29.0,59.0,0.6891717258859936
29.0,60.0,0.7302361442826141
29.0,61.0,0.7737203973267275
29.0,62.0,0.8197654361952258
29.0,63.0,0.8685199804394316
29.0,64.0,0.9201410960621283
29.0,65.0,0.9747944154031294
29.0,66.0,1.0326547447361842
29.0,67.0,1.0939063015785426
29.0,68.0,1.1587433473461062
29.0,69.0,1.227370436554611
29.0,70.0,1.3000030672748897
29.0,71.0,1.3768679334360512
29.0,72.0,1.4582035820123507
29.0,73.0,1.5442606552231974
29.0,74.0,1.635302538252899
29.0,75.0,1.731605572227615
29.0,76.0,1.8334596694420215
29.0,77.0,1.9411684701654226
29.0,78.0,2.055049893375169
29.0,79.0,2.1754362002197545
29.0,80.0,2.3026744366267464
29.0,81.0,2.4371263531006893
29.0,82.0,2.5791686807504606
29.0,83.0,2.72919284050862
29.0,84.0,2.8876049756412154
29.0,85.0,3.0548253630625957
29.0,86.0,3.2312881030125236
29.0,87.0,3.4174401208841094
29.0,88.0,3.6137403887641555
29.0,89.0,3.820658378802663
29.0,90.0,4.0386726629952685
29.0,91.0,4.268268650633322
29.0,92.0,4.509936385057458
29.0,93.0,4.764167372342971
29.0,94.0,5.031451372465479
29.0,95.0,5.3122721115825176
29.0,96.0,5.6071028597105
29.0,97.0,5.916400826732556
29.0,98.0,6.240601343879655
29.0,99.0,6.580110791243039
29.0,100.0,6.93529927604038
29.0,101.0,7.306492049161481
29.0,102.0,7.693960723076933
29.0,103.0,8.097913330623188
29.0,104.0,8.518484371407048
29.0,105.0,8.955723964849943
29.0,106.0,9.409587364852355
29.0,107.0,9.879924056926166
29.0,108.0,10.366467814468747
29.0,109.0,10.868827040886279
29.0,110.0,11.386476882931191
29.0,111.0,11.918752516981888
29.0,112.0,12.464845146738114
29.0,113.0,13.023800110144549
29.0,114.0,13.594518581718752
29.0,115.0,14.175762139298385
29.0,116.0,14.766161488619124
29.0,117.0,15.364228344702825
29.0,118.0,15.968371439933538
29.0,119.0,16.576915287698384
29.0,120.0,17.18812229154093
29.0,121.0,17.80021646283019
29.0,122.0,18.41140902580707
29.0,123.0,19.01992394345109
29.0,124.0,19.624023522337733
29.0,125.0,20.22203213004849
29.0,126.0,20.812358303755722
29.0,127.0,21.393513513340423
29.0,128.0,21.964128168516673
29.0,129.0,22.52296349942231
29.0,130.0,23.068920279855924
29.0,131.0,23.60104339293686
29.0,132.0,24.118523531694095
29.0,133.0,24.620695304592317
29.0,134.0,25.107033231078653
29.0,135.0,25.577145026128854
29.0,136.0,26.03076371101249
29.0,137.0,26.467737953315567
29.0,138.0,26.88802212020225
29.0,139.0,27.291665373042875
29.0,140.0,27.678801178606758
29.0,141.0,28.04963645915676
29.0,142.0,28.404441634901342
29.0,143.0,28.743540679337592
29.0,144.0,29.067302332702777
29.0,145.0,29.376131514533814
29.0,146.0,29.670461996945825
29.0,147.0,29.950749327557695
29.0,148.0,30.21746500542799
29.0,149.0,30.471090871814845
29.0,150.0,30.712114681722525
29.0,151.0,30.94102581021061
29.0,152.0,31.15831203681722
29.0,153.0,31.36445636748264
29.0,154.0,31.55993482392426
29.0,155.0,31.74521417347125
29.0,156.0,31.920750520813193
29.0,157.0,32.08698775283987
29.0,158.0,32.24435675148245
29.0,159.0,32.393274386044574
29.0,160.0,32.53414319351861
29.0,161.0,32.667350779397154
29.0,162.0,32.79326984018462
29.0,163.0,32.91225786108906
29.0,164.0,33.02465738146809
29.0,165.0,33.13079590208933
29.0,166.0,33.230986316670446
29.0,167.0,33.3255269618554
29.0,168.0,33.41470215654928
29.0,169.0,33.49878234441448
29.0,170.0,33.578024697604654
29.0,171.0,33.652673314825854
29.0,172.0,33.722959857816086
29.0,173.0,33.78910377836444
29.0,174.0,33.85131296500497
29.0,175.0,33.90978398038117
29.0,176.0,33.96470270264628
29.0,177.0,34.016244560696414
29.0,178.0,34.064575160157226
29.0,179.0,34.109850508714125
29.0,180.0,34.15221762070886
29.0,181.0,34.19181472842563
29.0,182.0,34.22877186254243
29.0,183.0,34.26321104807513
29.0,184.0,34.295246860483
29.0,185.0,34.32498660725549
29.0,186.0,34.35253086155581
29.0,187.0,34.37797363232436
29.0,188.0,34.4014028790971
29.0,189.0,34.422900675103286
29.0,190.0,34.44254370839206
29.0,191.0,34.46040344376044
29.0,192.0,34.47654661656123
29.0,193.0,34.49103540036409
29.0,194.0,34.50392790070245
29.0,195.0,34.515278335987645
29.0,196.0,34.525137538756944
29.0,197.0,34.53355315722764
29.0,198.0,34.54057017095148
29.0,199.0,34.54623111904952
29.0,200.0,34.55057663501662
29.0,201.0,34.55364570450633
29.0,202.0,34.55547621970595
29.0,203.0,34.55610526388091
29.0,204.0,34.55556967864322
29.0,205.0,34.55390636383677
29.0,206.0,34.55115284091081
29.0,207.0,34.547347545258326
29.0,208.0,34.54253035642322
29.0,209.0,34.53674284700756
29.0,210.0,34.53002873771094
29.0,211.0,34.522434055433244
29.0,212.0,34.51400746213633
29.0,213.0,34.50480026959451
29.0,214.0,34.4948665911729
29.0,215.0,34.48426316735391
29.0,216.0,34.473049303795946
29.0,217.0,34.461286484075615
29.0,218.0,34.449038087485675
29.0,219.0,34.436368802116796
29.0,220.0,34.423344157019756
29.0,221.0,34.410029791402614
29.0,222.0,34.396490876356864
29.0,223.0,34.38279133065432
29.0,224.0,34.36899323262182
29.0,225.0,34.35515608640025
29.0,226.0,34.34133632448843
29.0,227.0,34.327586714807204
29.0,228.0,34.313956028920245
29.0,229.0,34.30048864539578
29.0,230.0,34.28722441800806
29.0,231.0,34.27419848809479
29.0,232.0,34.26144134574667
29.0,233.0,34.248978827029994
29.0,234.0,34.23683233094507
29.0,235.0,34.22501895492646
29.0,236.0,34.213551815949046
29.0,237.0,34.202440270895906
29.0,238.0,34.19169028995306
29.0,239.0,34.18130471346305
29.0,240.0,34.171283634625546
29.0,241.0,34.161624655798875
29.0,242.0,34.15232325012461
29.0,243.0,34.14337299309594
29.0,244.0,34.13476588508463
29.0,245.0,34.126492545333086
29.0,246.0,34.11854248736315
29.0,247.0,34.11090427106128
29.0,248.0,34.10356572995464
29.0,249.0,34.096514082627934
29.0,250.0,34.08973611511487
29.0,251.0,34.083218256002105
29.0,252.0,34.07694671933014
29.0,253.0,34.07090754908634
29.0,254.0,34.0650867287154
29.0,255.0,34.05947020091445
29.0,256.0,34.05404394969125
29.0,257.0,34.048794000945065
29.0,258.0,34.04370648239809
29.0,259.0,34.03876760971939
29.0,260.0,34.033963728866645
29.0,261.0,34.02928129170289
29.0,262.0,34.024706884485454
29.0,263.0,34.02022719615841
29.0,264.0,34.015829036002046
29.0,265.0,34.011499297117936
29.0,266.0,34.00722496564563
29.0,267.0,34.002993081416165
29.0,268.0,33.99879074066446
29.0,269.0,33.994605055415484
29.0,270.0,33.990423151269425
29.0,271.0,33.98623212679741
29.0,272.0,33.982019047746334
29.0,273.0,33.977770907550656
29.0,274.0,33.97347461918718
29.0,275.0,33.96911697785172
29.0,276.0,33.96468465168775
29.0,277.0,33.960164147728015
29.0,278.0,33.95554180282532
29.0,279.0,33.950803754122276
29.0,280.0,33.945935931730446
29.0,281.0,33.940924035271664
29.0,282.0,33.9357535301902
29.0,283.0,33.930409632313015
29.0,284.0,33.92487731014495
29.0,285.0,33.919141279927814
29.0,286.0,33.91318601686189
29.0,287.0,33.906995763800595
29.0,288.0,33.90055455505086
29.0,289.0,33.89384624259725
29.0,290.0,33.886854536918584
29.0,291.0,33.879563055431994
29.0,292.0,33.871955385536126
29.0,293.0,33.86401516067899
29.0,294.0,33.85572615143418
29.0,295.0,33.847072375011514
29.0,296.0,33.83803822031693
29.0,297.0,33.82860859649786
29.0,298.0,33.81876909721186
29.0,299.0,33.80850619243458
29.0,300.0,33.79780743499529
29.0,301.0,33.786661696737845
29.0,302.0,33.775059416096276
29.0,303.0,33.76299287410731
29.0,304.0,33.75045647476832
29.0,305.0,33.73744704786175
29.0,306.0,33.72396414380973
29.0,307.0,33.71001033890396
29.0,308.0,33.69559151398143
29.0,309.0,33.68071712476412
29.0,310.0,33.66540042104689
29.0,311.0,33.64965863347111
29.0,312.0,33.633513081003514
29.0,313.0,33.61698922039931
29.0,314.0,33.60011658994909
29.0,315.0,33.58292867466403
29.0,316.0,33.56546264862667
29.0,317.0,33.547759031337286
29.0,318.0,33.52986122118268
29.0,319.0,33.51181495515557
29.0,320.0,33.493667667199006
29.0,321.0,33.47546780624295
29.0,322.0,33.457264093827476
29.0,323.0,33.43910479018274
29.0,324.0,33.42103695098275
29.0,325.0,33.403105744639106
29.0,326.0,33.38535380803075
29.0,327.0,33.36782070472085
29.0,328.0,33.350542454046796
29.0,329.0,33.33355118517068
29.0,330.0,33.3168748732553
29.0,331.0,33.30053720150956
29.0,332.0,33.2845574969199
29.0,333.0,33.26895077566197
29.0,334.0,33.25372784066554
29.0,335.0,33.23889546334028
29.0,336.0,33.224456590880166
29.0,337.0,33.210410610456705
29.0,338.0,33.1967536139575
29.0,339.0,33.18347869585164
29.0,340.0,33.17057623195603
29.0,341.0,33.15803417354105
29.0,342.0,33.1458383093387
29.0,343.0,33.13397253132949
29.0,344.0,33.12241906158436
29.0,345.0,33.11115867652493
29.0,346.0,33.10017089020862
29.0,347.0,33.089434132379154
29.0,348.0,33.078925886826326
29.0,349.0,33.06862282412489
29.0,350.0,33.058500897980245
29.0,351.0,33.048535436684716
29.0,352.0,33.03870120252719
29.0,353.0,33.02897244735928
29.0,354.0,33.019322940879846
29.0,355.0,33.00972599593894
29.0,356.0,33.00015447138101
29.0,357.0,32.99058077232043
29.0,358.0,32.98097683266282
29.0,359.0,32.97131409491014
29.0,360.0,32.96156347675877
29.0,361.0,32.951695334256655
29.0,362.0,32.94167941617078
29.0,363.0,32.93148481365541
29.0,364.0,32.92107990548817
29.0,365.0,32.91043229688805
29.0,366.0,32.899508758291965
29.0,367.0,32.888275155622736
29.0,368.0,32.87669638504535
29.0,369.0,32.864736296852286
29.0,370.0,32.85235762862087
29.0,371.0,32.83952192497592
29.0,372.0,32.82618947178819
29.0,373.0,32.81231921441661
29.0,374.0,32.79786869607154
29.0,375.0,32.782793977764385
29.0,376.0,32.767049584747234
29.0,377.0,32.75058843235242
29.0,378.0,32.73336178556368
29.0,379.0,32.71531919626871
29.0,380.0,32.69640848257886
29.0,381.0,32.67657568481074
29.0,382.0,32.65576507321847
29.0,383.0,32.63391913233124
29.0,384.0,32.61097860835521
29.0,385.0,32.5868825343712
29.0,386.0,32.56156833183024
29.0,387.0,32.53497189255783
29.0,388.0,32.507027752463536
29.0,389.0,32.47766925020082
29.0,390.0,32.44682879524982
29.0,391.0,32.41443812715125
29.0,392.0,32.38042870407384
29.0,393.0,32.344732090173984
29.0,394.0,32.307280493809294
29.0,395.0,32.26800731270283
29.0,396.0,32.226847851741
29.0,397.0,32.18374005453089
29.0,398.0,32.138625427139964
29.0,399.0,32.09144997785238
29.0,400.0,32.0421653624176
29.0,401.0,31.990730038162035
29.0,402.0,31.937110624928593
29.0,403.0,31.88128325177952
29.0,404.0,31.823235092696212
29.0,405.0,31.762965841459152
29.0,406.0,31.700489331080462
29.0,407.0,31.63583501565946
29.0,408.0,31.569049520616343
29.0,409.0,31.500197945930214
29.0,410.0,31.42936513112547
29.0,411.0,31.3566565374568
29.0,412.0,31.282198967096694
29.0,413.0,31.206140756558124
29.0,414.0,31.128651690584363
29.0,415.0,31.049922273065526
29.0,416.0,30.970162647995235
29.0,417.0,30.889600826259517
29.0,418.0,30.808480576995958
29.0,419.0,30.72705867259772
29.0,420.0,30.64560192011651
29.0,421.0,30.564383700600775
29.0,422.0,30.483680513510095
29.0,423.0,30.4037682605439
29.0,424.0,30.32491880338748
29.0,425.0,30.247396509550637
29.0,426.0,30.171455323855312
29.0,427.0,30.097336026655146
29.0,428.0,30.02526419230174
29.0,429.0,29.955448436294464
29.0,430.0,29.88807943081695
29.0,431.0,29.823329203807173
29.0,432.0,29.76135117553285
29.0,433.0,29.702280388826242
29.0,434.0,29.64623437988074
29.0,435.0,29.593314106993326
29.0,436.0,29.543605397087404
29.0,437.0,29.497180306562733
29.0,438.0,29.45409888418363
29.0,439.0,29.414410723131763
29.0,440.0,29.37815682558792
29.0,441.0,29.345371162144403
29.0,442.0,29.316082486706314
29.0,443.0,29.290315784024028
29.0,444.0,29.268093945615007
29.0,445.0,29.249439043162667
29.0,446.0,29.234373826409964
29.0,447.0,29.222922802996365
29.0,448.0,29.215113554511472
29.0,449.0,29.210977631401654
29.0,450.0,29.210551704836668
29.0,451.0,29.21387830105162
29.0,452.0,29.221006817483005
29.0,453.0,29.23199412769851
29.0,454.0,29.246905493756657
29.0,455.0,29.265815073856317
29.0,456.0,29.28880676187756
29.0,457.0,29.315974627482433
29.0,458.0,29.347423710333874
29.0,459.0,29.383270418247232
29.0,460.0,29.423643298956712
29.0,461.0,29.46868341703959
29.0,462.0,29.51854512102354
29.0,463.0,29.57339641467294
29.0,464.0,29.633419732006917
29.0,465.0,29.6988123132947
29.0,466.0,29.76978699519981
29.0,467.0,29.846572596389766
29.0,468.0,29.929414724359937
29.0,469.0,30.01857616967072
29.0,470.0,30.114337724719068
29.0,471.0,30.216998578899947
29.0,472.0,30.326877137256695
29.0,473.0,30.444311400843045
29.0,474.0,30.569659764264742
29.0,475.0,30.703301355611632
29.0,476.0,30.845636780768732
29.0,477.0,30.997088384810606
29.0,478.0,31.158100896877528
29.0,479.0,31.329141559099153
29.0,480.0,31.51070060798766
29.0,481.0,31.703291196949536
29.0,482.0,31.9074496277068
29.0,483.0,32.12373496745969
29.0,484.0,32.35272891607872
29.0,485.0,32.59503498840094
29.0,486.0,32.85127786946036
29.0,487.0,33.122101996179
29.0,488.0,33.40817021412348
29.0,489.0,33.71016155202761
29.0,490.0,34.02876895136868
29.0,491.0,34.36469598473532
29.0,492.0,34.71865338834599
29.0,493.0,35.091354437492285
29.0,494.0,35.483509980425296
29.0,495.0,35.89582216207269
29.0,496.0,36.32897764972825
29.0,497.0,36.78363940774285
29.0,498.0,37.26043784283876
29.0,499.0,37.75996040323144
29.0,500.0,38.28274048380213
29.0,501.0,38.82924478613258
29.0,502.0,39.39986004640662
29.0,503.0,39.99487838352783
29.0,504.0,40.614482278063214
29.0,505.0,41.25872857953
29.0,506.0,41.92753268600812
29.0,507.0,42.62065247267285
29.0,508.0,43.337673265843165
29.0,509.0,44.077993624957614
29.0,510.0,44.840813361616796
29.0,511.0,45.6251236988499
29.0,512.0,46.429701048960084
29.0,513.0,47.2531043373164
29.0,514.0,48.09367724231706
29.0,515.0,48.9495551182974
29.0,516.0,49.81867765404833
29.0,517.0,50.69880666400914
29.0,518.0,51.587549552232495
29.0,519.0,52.482387328516
29.0,520.0,53.3807071197323
29.0,521.0,54.279837545059635
29.0,522.0,55.17708640267039
29.0,523.0,56.06977872908477
29.0,524.0,56.95529446547362
29.0,525.0,57.8311038265134
29.0,526.0,58.69479975042617
29.0,527.0,59.544125902065325
29.0,528.0,60.3770000342867
29.0,529.0,61.191531758834614
29.0,530.0,61.986035060295485
29.0,531.0,62.759035190548936
29.0,532.0,63.509270721258
29.0,533.0,64.23569082986403
29.0,534.0,64.93744884583994
29.0,535.0,65.6138923613259
29.0,536.0,66.26455097297428
29.0,537.0,66.88912200266144
29.0,538.0,67.4874551469697
29.0,539.0,68.0595363297179
29.0,540.0,68.60547150760034
29.0,541.0,69.12547058432662
29.0,542.0,69.61983196387796
29.0,543.0,70.08892778563416
29.0,544.0,70.53319017231247
29.0,545.0,70.95309845419646
29.0,546.0,71.34916753727907
29.0,547.0,71.72193734055071
29.0,548.0,72.07196334423749
29.0,549.0,72.39980817322765
29.0,550.0,72.7060341625327
29.0,551.0,72.99119685679344
29.0,552.0,73.25583931764771
29.0,553.0,73.50048723850088
29.0,554.0,73.72564468120109
29.0,555.0,73.93179049392027
29.0,556.0,74.11937517282523
29.0,557.0,74.28881829333847
29.0,558.0,74.44050622475756
29.0,559.0,74.57479032365859
29.0,560.0,74.69198527152815
29.0,561.0,74.7923678226426
29.0,562.0,74.87617557842312
29.0,563.0,74.94360612469245
29.0,564.0,74.99481609738862
29.0,565.0,75.02992058287138
29.0,566.0,75.04899236618445
29.0,567.0,75.05206150229344
29.0,568.0,75.03911467018105
29.0,569.0,75.01009485296181
29.0,570.0,74.96490074951475
29.0,571.0,74.90338652839444
29.0,572.0,74.82536127470289
29.0,573.0,74.73058880799077
29.0,574.0,74.61878716713603
29.0,575.0,74.48962850756985
29.0,576.0,74.34273865268354
29.0,577.0,74.1776971123852
29.0,578.0,73.99403675769723
29.0,579.0,73.79124403257113
29.0,580.0,73.5687588405918
29.0,581.0,73.32597505686644
29.0,582.0,73.06224075379315
29.0,583.0,72.77685916127761
29.0,584.0,72.46908940378314
29.0,585.0,72.1381481063062
29.0,586.0,71.78321086822581
29.0,587.0,71.40341476968553
29.0,588.0,70.99786086866776
29.0,589.0,70.56561792624905
29.0,590.0,70.1057262790754
29.0,591.0,69.61720316788073
29.0,592.0,69.0990484014103
29.0,593.0,68.55025173111684
29.0,594.0,67.96980077165217
29.0,595.0,67.35669089875411
29.0,596.0,66.70993590386495
29.0,597.0,66.02858087459276
29.0,598.0,65.31171600352657
29.0,599.0,64.55849280176385
29.0,600.0,63.76814130899512
29.0,601.0,62.93998973967515
29.0,602.0,62.07348499881675
29.0,603.0,61.16821541301275
29.0,604.0,60.223933894004084
29.0,605.0,59.24058272361798
29.0,606.0,58.21831790496937
29.0,607.0,57.15753406094605
29.0,608.0,56.05888752171158
29.0,609.0,54.92331836517643
29.0,610.0,53.75206877880295
29.0,611.0,52.54669836001983
29.0,612.0,51.309093577406664
29.0,613.0,50.04147204353654
29.0,614.0,48.74637891652269
29.0,615.0,47.42667640003284
29.0,616.0,46.085524074976725
29.0,617.0,44.726351674113
29.0,618.0,43.35282274808761
29.0,619.0,41.96879170409588
29.0,620.0,40.57825351017752
29.0,621.0,39.185289406318084
29.0,622.0,37.79400860282709
29.0,623.0,36.40848985523864
29.0,624.0,35.03272314883535
29.0,625.0,33.67055540476317
29.0,626.0,32.325640142673194
29.0,627.0,31.00139450920292
29.0,628.0,29.70096287429032
29.0,629.0,28.427189589989666
29.0,630.0,27.18259922390888
29.0,631.0,25.969386037196575
29.0,632.0,24.78941025867352
29.0,633.0,23.6442023285739
29.0,634.0,22.534972202324287
29.0,635.0,21.462624613730963
29.0,636.0,20.427777248375502
29.0,637.0,19.430782737466156
29.0,638.0,18.471751524725434
29.0,639.0,17.550576707380625
29.0,640.0,16.666958133154562
29.0,641.0,15.820427115139587
29.0,642.0,15.010369305986998
29.0,643.0,14.236047344394786
29.0,644.0,13.496621044609027
29.0,645.0,12.791166941497602
29.0,646.0,12.118695135526831
29.0,647.0,11.47816538636436
29.0,648.0,10.868500515742058
29.0,649.0,10.288599146765584
29.0,650.0,9.737345909623855
29.0,651.0,9.213621174615778
29.0,652.0,8.71630847864435
29.0,653.0,8.244301708859451
29.0,654.0,7.796510225439022
29.0,655.0,7.371863970485396
29.0,656.0,6.969316750367128
29.0,657.0,6.587849710674911
29.0,658.0,6.2264731927216825
29.0,659.0,5.884228957328264
29.0,660.0,5.560190966863804
29.0,661.0,5.253466675499664
29.0,662.0,4.96319702343304
29.0,663.0,4.688557048632597
29.0,664.0,4.428755320471462
29.0,665.0,4.183034072535514
29.0,666.0,3.9506682517295486
29.0,667.0,3.7309653250536217
29.0,668.0,3.5232640779905218
29.0,669.0,3.3269342102260127
29.0,670.0,3.141374983234493
29.0,671.0,2.966014689856132
29.0,672.0,2.8003092244002183
29.0,673.0,2.643741487617525
29.0,674.0,2.495819932119222
29.0,675.0,2.35607794638673
29.0,676.0,2.2240724126904805
29.0,677.0,2.0993831002572207
29.0,678.0,1.9816112611386756
29.0,679.0,1.8703790525613844
29.0,680.0,1.7653281874783664
29.0,681.0,1.6661193986798875
29.0,682.0,1.572431154362104
29.0,683.0,1.4839591711539837
29.0,684.0,1.4004152004004766
29.0,685.0,1.3215265933695506
29.0,686.0,1.2470351606400418
29.0,687.0,1.1766967900117473
29.0,688.0,1.1102803790748785
29.0,689.0,1.047567504462032
29.0,690.0,0.9883514261008091
29.0,691.0,0.9324368051955749
29.0,692.0,0.8796387776325484
29.0,693.0,0.829782717292047
29.0,694.0,0.7827033754390498
29.0,695.0,0.738244685515401
29.0,696.0,0.6962589649979133
29.0,697.0,0.6566067576090054
29.0,698.0,0.6191560939761699
29.0,699.0,0.5837823671573338
29.0,700.0,0.5503676484284556
29.0,701.0,0.5188005920935458
29.0,702.0,0.48897580281581776
29.0,703.0,0.46079376583271997
29.0,704.0,0.43416026239703615
29.0,705.0,0.4089863217158978
29.0,706.0,0.38518768125717473
29.0,707.0,0.36268475695752406
29.0,708.0,0.3414021453587816
29.0,709.0,0.32126860886881675
29.0,710.0,0.30221661690994156
29.0,711.0,0.2841823432571836
29.0,712.0,0.26710524359723664
29.0,713.0,0.25092806220449504
29.0,714.0,0.23559644351879833
29.0,715.0,0.22105894564532058
29.0,716.0,0.207266683758372
29.0,717.0,0.19417334812387146
29.0,718.0,0.18173487732228735
29.0,719.0,0.1699094786900634
29.0,720.0,0.15865732952599118
29.0,721.0,0.14794059802962758
29.0,722.0,0.13772317081131222
29.0,723.0,0.12797067257095285
29.0,724.0,0.11865021837237022
29.0,725.0,0.10973043045490107
29.0,726.0,0.10118121385793936
29.0,727.0,0.09297376889096257
29.0,728.0,0.08508038880442614
29.0,729.0,0.07747446656156651
29.0,730.0,0.0701303133476948
29.0,731.0,0.0630231583900686
29.0,732.0,0.0561289871796715
29.0,733.0,0.04942453317420012
29.0,734.0,0.04288713467515784
29.0,735.0,0.03649471732418532
29.0,736.0,0.030225668634254497
29.0,737.0,0.02405881025174624
29.0,738.0,0.017973289184157925
29.0,739.0,0.011948538850000655
29.0,740.0,0.005964186077107007
29.0,741.0,0.0
30.0,0.0,0.0
30.0,1.0,0.00267025586887705
30.0,2.0,0.00534954093507909
30.0,3.0,0.008046916267438269
30.0,4.0,0.010771500351861718
30.0,5.0,0.01353250769020738
30.0,6.0,0.016339268423806428
30.0,7.0,0.019201274063716967
30.0,8.0,0.022128191603633673
30.0,9.0,0.02512991679316633
30.0,10.0,0.02821658316425434
30.0,11.0,0.03139862327186855
30.0,12.0,0.034686773075992966
30.0,13.0,0.038092141592109455
30.0,14.0,0.041626211094164624
30.0,15.0,0.04530091564050056
30.0,16.0,0.049128637592175846
30.0,17.0,0.05312229550881521
30.0,18.0,0.057295337511410784
30.0,19.0,0.06166183907706652
30.0,20.0,0.06623649381619558
30.0,21.0,0.07103472173552938
30.0,22.0,0.0760726580466793
30.0,23.0,0.08136727251325873
30.0,24.0,0.08693635696130293
30.0,25.0,0.09279865637908162
30.0,26.0,0.098973855860039
30.0,27.0,0.10548272418296148
30.0,28.0,0.11234710098499821
30.0,29.0,0.11959005361530184
30.0,30.0,0.12723586540927792
30.0,31.0,0.13531020668048688
30.0,32.0,0.14384012504731328
30.0,33.0,0.1528542315054218
30.0,34.0,0.16238269384401763
30.0,35.0,0.17245743882377113
30.0,36.0,0.18311214981083768
30.0,37.0,0.19438248617171938
30.0,38.0,0.20630608634774936
30.0,39.0,0.2189228056670054
30.0,40.0,0.23227472617779854
30.0,41.0,0.24640641416576275
30.0,42.0,0.2613649381587406
30.0,43.0,0.2772001475206114
30.0,44.0,0.29396470012715115
30.0,45.0,0.31171436348147996
30.0,46.0,0.3305080536344292
30.0,47.0,0.35040816032196614
30.0,48.0,0.37148059875527223
30.0,49.0,0.3937951603075483
30.0,50.0,0.4174255788160217
30.0,51.0,0.44244990832975856
30.0,52.0,0.46895060553143164
30.0,53.0,0.49701493597976665
30.0,54.0,0.5267350741506491
30.0,55.0,0.5582085394416475
30.0,56.0,0.5915383151199314
30.0,57.0,0.6268333150674346
30.0,58.0,0.6642085225673666
30.0,59.0,0.703785488311379
30.0,60.0,0.7456924894048196
30.0,61.0,0.7900650584718087
30.0,62.0,0.8370461624432535
30.0,63.0,0.8867867616037793
30.0,64.0,0.9394460065566803
30.0,65.0,0.9951918246567771
30.0,66.0,1.054201131907769
30.0,67.0,1.1166604422869206
30.0,68.0,1.182766089075412
30.0,69.0,1.2527248499384411
30.0,70.0,1.326754169131926
30.0,71.0,1.4050827876469516
30.0,72.0,1.4879509536447368
30.0,73.0,1.5756110422506657
30.0,74.0,1.6683277361611897
30.0,75.0,1.7663786134712307
30.0,76.0,1.8700542733373082
30.0,77.0,1.9796588621848803
30.0,78.0,2.0955101102233415
30.0,79.0,2.21793975611476
30.0,80.0,2.347293448621454
30.0,81.0,2.4839310169360456
30.0,82.0,2.628226177439526
30.0,83.0,2.7805665810855005
30.0,84.0,2.9413532479331277
30.0,85.0,3.111000304153428
30.0,86.0,3.289934046772076
30.0,87.0,3.478592261376935
30.0,88.0,3.677422797063347
30.0,89.0,3.8868823329310813
30.0,90.0,4.107434320321038
30.0,91.0,4.339547044192881
30.0,92.0,4.583690769795511
30.0,93.0,4.840334928552273
30.0,94.0,5.109944295187106
30.0,95.0,5.392975124224489
30.0,96.0,5.689870190450153
30.0,97.0,6.001053722600154
30.0,98.0,6.326925177871999
30.0,99.0,6.667852878730368
30.0,100.0,7.0241664775343935
30.0,101.0,7.3961493182555325
30.0,102.0,7.784029697973714
30.0,103.0,8.187972164352237
30.0,104.0,8.608067910403914
30.0,105.0,9.044325488916416
30.0,106.0,9.496660985073863
30.0,107.0,9.964888968193875
30.0,108.0,10.448713445218496
30.0,109.0,10.947720230395598
30.0,110.0,11.461370021299002
30.0,111.0,11.988993654731242
30.0,112.0,12.529788849368435
30.0,113.0,13.082819896399098
30.0,114.0,13.647019534459185
30.0,115.0,14.221194354820696
30.0,116.0,14.80403279380773
30.0,117.0,15.39411683409835
30.0,118.0,15.989936198093144
30.0,119.0,16.589905859376493
30.0,120.0,17.192385348558137
30.0,121.0,17.795700394347197
30.0,122.0,18.398165131327197
30.0,123.0,18.998105238789567
30.0,124.0,19.59388014837737
30.0,125.0,20.183904684773935
30.0,126.0,20.7666683711479
30.0,127.0,21.34075293984134
30.0,128.0,21.90484652506886
30.0,129.0,22.457755363053625
30.0,130.0,22.998411783488248
30.0,131.0,23.525879613157453
30.0,132.0,24.03935604961424
30.0,133.0,24.53817134984282
30.0,134.0,25.021785571317707
30.0,135.0,25.489783825508333
30.0,136.0,25.94186935195807
30.0,137.0,26.37785588513042
30.0,138.0,26.79765860556998
30.0,139.0,27.20128508834996
30.0,140.0,27.58882547293625
30.0,141.0,27.960443173849487
30.0,142.0,28.316365272202358
30.0,143.0,28.65687380891602
30.0,144.0,28.98229704246764
30.0,145.0,29.293001805831512
30.0,146.0,29.58938596678515
30.0,147.0,29.87187205939594
30.0,148.0,30.140901053582052
30.0,149.0,30.396927282915915
30.0,150.0,30.64041347944671
30.0,151.0,30.87182690372515
30.0,152.0,31.091635515543288
30.0,153.0,31.300305152734953
30.0,154.0,31.49829667065271
30.0,155.0,31.68606399583672
30.0,156.0,31.86405206019561
30.0,157.0,32.032695559165475
30.0,158.0,32.19241751768994
30.0,159.0,32.34362859896946
30.0,160.0,32.48672615929606
30.0,161.0,32.62209397551065
30.0,162.0,32.75010166867279
30.0,163.0,32.87110474136423
30.0,164.0,32.98544427264757
30.0,165.0,33.09344717788397
30.0,166.0,33.19542609770885
30.0,167.0,33.29167981191311
30.0,168.0,33.38249326253956
30.0,169.0,33.46813806926094
30.0,170.0,33.548872641088515
30.0,171.0,33.62494275366443
30.0,172.0,33.696581715703516
30.0,173.0,33.76401097901862
30.0,174.0,33.82744033505742
30.0,175.0,33.88706853669512
30.0,176.0,33.94308350748647
30.0,177.0,33.995662960692655
30.0,178.0,34.04497460953384
30.0,179.0,34.0911767739352
30.0,180.0,34.13441858448344
30.0,181.0,34.174840571300486
30.0,182.0,34.21257485787032
30.0,183.0,34.24774572954418
30.0,184.0,34.280469816150735
30.0,185.0,34.310856640113585
30.0,186.0,34.33900878897137
30.0,187.0,34.36502244510323
30.0,188.0,34.38898755109351
30.0,189.0,34.4109883247104
30.0,190.0,34.43110342151704
30.0,191.0,34.44940644006343
30.0,192.0,34.4659660872638
30.0,193.0,34.48084667969003
30.0,194.0,34.49410831790499
30.0,195.0,34.505807390135686
30.0,196.0,34.51599676176457
30.0,197.0,34.524726287242345
30.0,198.0,34.53204301996252
30.0,199.0,34.53799173665601
30.0,200.0,34.542615170465844
30.0,201.0,34.54595454877074
30.0,202.0,34.54804984795
30.0,203.0,34.54894034015454
30.0,204.0,34.54866486163418
30.0,205.0,34.54726235619392
30.0,206.0,34.54477214007169
30.0,207.0,34.541234420052774
30.0,208.0,34.53669052755277
30.0,209.0,34.53118337898451
30.0,210.0,34.524757641925824
30.0,211.0,34.51746009702493
30.0,212.0,34.50933969324683
30.0,213.0,34.500447768219345
30.0,214.0,34.4908379516918
30.0,215.0,34.4805662088114
30.0,216.0,34.46969056455771
30.0,217.0,34.45827095430261
30.0,218.0,34.44636876765387
30.0,219.0,34.43404652107057
30.0,220.0,34.42136725294512
30.0,221.0,34.408394067100105
30.0,222.0,34.39518944291464
30.0,223.0,34.381814725637085
30.0,224.0,34.368329435043066
30.0,225.0,34.35479078883342
30.0,226.0,34.34125309324083
30.0,227.0,34.32776737531992
30.0,228.0,34.314380919096855
30.0,229.0,34.30113705532223
30.0,230.0,34.288074874639804
30.0,231.0,34.27522918919064
30.0,232.0,34.262630420738645
30.0,233.0,34.25030471796663
30.0,234.0,34.23827399168419
30.0,235.0,34.22655615166362
30.0,236.0,34.215165247282556
30.0,237.0,34.204111780031816
30.0,238.0,34.19340290566384
30.0,239.0,34.18304278076132
30.0,240.0,34.173032788209824
30.0,241.0,34.163371884402096
30.0,242.0,34.154056819495686
30.0,243.0,34.145082462092255
30.0,244.0,34.13644199595205
30.0,245.0,34.12812720865164
30.0,246.0,34.12012865520631
30.0,247.0,34.11243590491029
30.0,248.0,34.105037668856355
30.0,249.0,34.09792200454374
30.0,250.0,34.091076408569975
30.0,251.0,34.08448798188453
30.0,252.0,34.078143491350694
30.0,253.0,34.072029500204934
30.0,254.0,34.06613240325564
30.0,255.0,34.060438527682976
30.0,256.0,34.0549341468303
30.0,257.0,34.04960555637347
30.0,258.0,34.044439071341436
30.0,259.0,34.03942108221473
30.0,260.0,34.03453803924716
30.0,261.0,34.029776492433136
30.0,262.0,34.02512306656269
30.0,263.0,34.02056448835814
30.0,264.0,34.01608755507925
30.0,265.0,34.0116791515465
30.0,266.0,34.00732621457502
30.0,267.0,34.003015742110634
30.0,268.0,33.99873475533503
30.0,269.0,33.99447030175672
30.0,270.0,33.99020941650325
30.0,271.0,33.98593912093534
30.0,272.0,33.98164638442546
30.0,273.0,33.97731811989809
30.0,274.0,33.97294114728481
30.0,275.0,33.96850218733473
30.0,276.0,33.96398782793304
30.0,277.0,33.95938451757172
30.0,278.0,33.95467853582073
30.0,279.0,33.94985598800192
30.0,280.0,33.94490278131106
30.0,281.0,33.93980462249919
30.0,282.0,33.93454700146275
30.0,283.0,33.92911519410729
30.0,284.0,33.92349425565102
30.0,285.0,33.91766903132352
30.0,286.0,33.91162416215715
30.0,287.0,33.90534410674257
30.0,288.0,33.89881316288829
30.0,289.0,33.89201550427873
30.0,290.0,33.88493522201154
30.0,291.0,33.87755638060825
30.0,292.0,33.86986308399115
30.0,293.0,33.8618395557498
30.0,294.0,33.85347023442472
30.0,295.0,33.84473988302101
30.0,296.0,33.835633718262066
30.0,297.0,33.82613755374793
30.0,298.0,33.81623796675574
30.0,299.0,33.80592247773813
30.0,300.0,33.79517975580511
30.0,301.0,33.78399983394264
30.0,302.0,33.77237435000308
30.0,303.0,33.76029679161912
30.0,304.0,33.74776276296686
30.0,305.0,33.73477024562322
30.0,306.0,33.72131987255919
30.0,307.0,33.70741518149611
30.0,308.0,33.69306286734404
30.0,309.0,33.6782729943165
30.0,310.0,33.66305918835212
30.0,311.0,33.6474387660264
30.0,312.0,33.63143282270844
30.0,313.0,33.615066234013554
30.0,314.0,33.598367597684955
30.0,315.0,33.58136907100497
30.0,316.0,33.56410613811596
30.0,317.0,33.54661726675466
30.0,318.0,33.52894349848539
30.0,319.0,33.51112793861862
30.0,320.0,33.493215200308555
30.0,321.0,33.47525077564362
30.0,322.0,33.45728039661313
30.0,323.0,33.43934936253216
30.0,324.0,33.42150190063254
30.0,325.0,33.403780535380335
30.0,326.0,33.386225531437695
30.0,327.0,33.36887438002306
30.0,328.0,33.35176138722341
30.0,329.0,33.334917325359704
30.0,330.0,33.318369197559505
30.0,331.0,33.302140067950766
30.0,332.0,33.2862489999093
30.0,333.0,33.270711048394666
30.0,334.0,33.255537343510746
30.0,335.0,33.24073520833841
30.0,336.0,33.22630834570616
30.0,337.0,33.21225703718722
30.0,338.0,33.19857838872277
30.0,339.0,33.1852665687334
30.0,340.0,33.17231307400706
30.0,341.0,33.159706973083956
30.0,342.0,33.14743516348293
30.0,343.0,33.135482596803186
30.0,344.0,33.1238325085908
30.0,345.0,33.11246661128416
30.0,346.0,33.10136528681627
30.0,347.0,33.09050774125054
30.0,348.0,33.079872156768076
30.0,349.0,33.06943580724166
30.0,350.0,33.0591751705597
30.0,351.0,33.04906600770266
30.0,352.0,33.03908343879871
30.0,353.0,33.02920198997776
30.0,354.0,33.01939563764997
30.0,355.0,33.009637828025554
30.0,356.0,32.99990149433344
30.0,357.0,32.990159053839974
30.0,358.0,32.980382402458524
30.0,359.0,32.97054289369972
30.0,360.0,32.96061131463207
30.0,361.0,32.95055785067092
30.0,362.0,32.94035204631303
30.0,363.0,32.929962759161484
30.0,364.0,32.91935810838423
30.0,365.0,32.908505420963685
30.0,366.0,32.89737117048704
30.0,367.0,32.88592091835416
30.0,368.0,32.87411924533692
30.0,369.0,32.861929690411024
30.0,370.0,32.84931467755248
30.0,371.0,32.83623545500538
30.0,372.0,32.82265202004231
30.0,373.0,32.80852306186877
30.0,374.0,32.79380588759134
30.0,375.0,32.77845637262309
30.0,376.0,32.76242889191517
30.0,377.0,32.74567628270663
30.0,378.0,32.72814978622465
30.0,379.0,32.70979902896255
30.0,380.0,32.69057198158882
30.0,381.0,32.670414966685065
30.0,382.0,32.6492726435681
30.0,383.0,32.627088052612386
30.0,384.0,32.60380263710771
30.0,385.0,32.57935633693585
30.0,386.0,32.55368766144017
30.0,387.0,32.526733848268115
30.0,388.0,32.49843100441443
30.0,389.0,32.46871434931012
30.0,390.0,32.437518444464104
30.0,391.0,32.40477754301674
30.0,392.0,32.37042593125457
30.0,393.0,32.33439840920168
30.0,394.0,32.296630768879254
30.0,395.0,32.25706043102015
30.0,396.0,32.21562708398046
30.0,397.0,32.17227349875354
30.0,398.0,32.12694634705639
30.0,399.0,32.07959720835949
30.0,400.0,32.03018357350396
30.0,401.0,31.978670040934656
30.0,402.0,31.92502949070798
30.0,403.0,31.869244440135894
30.0,404.0,31.81130834027313
30.0,405.0,31.751227022589564
30.0,406.0,31.689020026039348
30.0,407.0,31.624722017961783
30.0,408.0,31.558384008675866
30.0,409.0,31.490074578381506
30.0,410.0,31.419880787895234
30.0,411.0,31.347909002274903
30.0,412.0,31.274285277448733
30.0,413.0,31.199155559871958
30.0,414.0,31.12268534006737
30.0,415.0,31.045059046061294
30.0,416.0,30.966478823560916
30.0,417.0,30.887163040725465
30.0,418.0,30.807344183597476
30.0,419.0,30.72726654233204
30.0,420.0,30.64718337800276
30.0,421.0,30.567354031138997
30.0,422.0,30.48804067641146
30.0,423.0,30.409505230306138
30.0,424.0,30.332006109082048
30.0,425.0,30.25579536450302
30.0,426.0,30.181115860567246
30.0,427.0,30.108199014304095
30.0,428.0,30.037262708102208
30.0,429.0,29.96850987677861
30.0,430.0,29.90212731216326
30.0,431.0,29.838285167100317
30.0,432.0,29.777136641659652
30.0,433.0,29.718818322343775
30.0,434.0,29.66345061062176
30.0,435.0,29.61113871598775
30.0,436.0,29.561973619022375
30.0,437.0,29.516033498690078
30.0,438.0,29.473385011082083
30.0,439.0,29.434084942931456
30.0,440.0,29.398181616265838
30.0,441.0,29.365716601338367
30.0,442.0,29.336726105947548
30.0,443.0,29.311242632569066
30.0,444.0,29.28929626244479
30.0,445.0,29.270916190256784
30.0,446.0,29.256131857234195
30.0,447.0,29.244974335408383
30.0,448.0,29.237477296880073
30.0,449.0,29.233678246735035
30.0,450.0,29.233619337175327
30.0,451.0,29.237348464696588
30.0,452.0,29.244919949937824
30.0,453.0,29.256395523076442
30.0,454.0,29.2718448955038
30.0,455.0,29.29134666006229
30.0,456.0,29.314988781326008
30.0,457.0,29.34286943636297
30.0,458.0,29.375097448290106
30.0,459.0,29.411793090202384
30.0,460.0,29.453088483008795
30.0,461.0,29.499128380998688
30.0,462.0,29.55007055048664
30.0,463.0,29.606086550716924
30.0,464.0,29.66736210490588
30.0,465.0,29.734097885024156
30.0,466.0,29.806509881504617
30.0,467.0,29.88483019486067
30.0,468.0,29.969307404507415
30.0,469.0,30.060207363977458
30.0,470.0,30.157813562719557
30.0,471.0,30.26242791453808
30.0,472.0,30.374371098510743
30.0,473.0,30.49398332177868
30.0,474.0,30.62162461639113
30.0,475.0,30.757675547195877
30.0,476.0,30.90253742992041
30.0,477.0,31.056632942069225
30.0,478.0,31.220406213271957
30.0,479.0,31.394323281150886
30.0,480.0,31.578871987269398
30.0,481.0,31.774562200268306
30.0,482.0,31.981925429054712
30.0,483.0,32.201514711623744
30.0,484.0,32.433903831074154
30.0,485.0,32.67968674026532
30.0,486.0,32.93947623594578
30.0,487.0,33.21390275724653
30.0,488.0,33.503612339684985
30.0,489.0,33.809264591171406
30.0,490.0,34.131529713489776
30.0,491.0,34.47108542668815
30.0,492.0,34.828612815905025
30.0,493.0,35.20479195045902
30.0,494.0,35.60029629729386
30.0,495.0,36.01578677578073
30.0,496.0,36.45190448918584
30.0,497.0,36.90926298654917
30.0,498.0,37.38843911974743
30.0,499.0,37.889963371945875
30.0,500.0,38.414308774595234
30.0,501.0,38.96187933405622
30.0,502.0,39.532997166709066
30.0,503.0,40.127889336182335
30.0,504.0,40.7466737059072
30.0,505.0,41.389344901000726
30.0,506.0,42.055759835429726
30.0,507.0,42.74562401646046
30.0,508.0,43.45847823607293
30.0,509.0,44.1936869711004
30.0,510.0,44.95042823161367
30.0,511.0,45.727686237176314
30.0,512.0,46.52424671561973
30.0,513.0,47.33869615498858
30.0,514.0,48.169424729533354
30.0,515.0,49.014634027637605
30.0,516.0,49.872349067927516
30.0,517.0,50.740435365993235
30.0,518.0,51.6166201637268
30.0,519.0,52.49851811153529
30.0,520.0,53.38366009273142
30.0,521.0,54.26952502301252
30.0,522.0,55.15357298455226
30.0,523.0,56.03327923103786
30.0,524.0,56.90616731857316
30.0,525.0,57.76984086356669
30.0,526.0,58.62201235740914
30.0,527.0,59.46052876524018
30.0,528.0,60.28339273860705
30.0,529.0,61.08877955635395
30.0,530.0,61.87504911634919
30.0,531.0,62.640753494398
30.0,532.0,63.38463983711558
30.0,533.0,64.10564940061155
30.0,534.0,64.80291280607601
30.0,535.0,65.4757424571948
30.0,536.0,66.12362233364522
30.0,537.0,66.74619608521677
30.0,538.0,67.34325365471182
30.0,539.0,67.91471722733445
30.0,540.0,68.46062667350107
30.0,541.0,68.98112510450343
30.0,542.0,69.47644462237893
30.0,543.0,69.9468926974053
30.0,544.0,70.39283917944906
30.0,545.0,70.81470420877878
30.0,546.0,71.21294698525796
30.0,547.0,71.58805552217967
30.0,548.0,71.94053732835111
30.0,549.0,72.27091103372115
30.0,550.0,72.57969891547818
30.0,551.0,72.8674202521358
30.0,552.0,73.13458549802984
30.0,553.0,73.38169113452855
30.0,554.0,73.60921524133805
30.0,555.0,73.81761358348025
30.0,556.0,74.00731631810432
30.0,557.0,74.17872506177042
30.0,558.0,74.3322104887909
30.0,559.0,74.4681101488696
30.0,560.0,74.58672674388374
30.0,561.0,74.68832650018203
30.0,562.0,74.77313794660341
30.0,563.0,74.84135068216852
30.0,564.0,74.8931145141391
30.0,565.0,74.9285384969694
30.0,566.0,74.94769032300238
30.0,567.0,74.95059554095198
30.0,568.0,74.93723712270057
30.0,569.0,74.90755479911331
30.0,570.0,74.86144475463067
30.0,571.0,74.79875904548553
30.0,572.0,74.71930540023527
30.0,573.0,74.62284671150648
30.0,574.0,74.5091009464677
30.0,575.0,74.37774072934792
30.0,576.0,74.22839339246607
30.0,577.0,74.06064069436054
30.0,578.0,73.87401907079158
30.0,579.0,73.66801956380593
30.0,580.0,73.44208836451831
30.0,581.0,73.19562706316562
30.0,582.0,72.92799361269913
30.0,583.0,72.6385030499447
30.0,584.0,72.32642905195183
30.0,585.0,71.9910053242902
30.0,586.0,71.6314279707661
30.0,587.0,71.24685779608741
30.0,588.0,70.83642376258375
30.0,589.0,70.39922650850203
30.0,590.0,69.93434321892059
30.0,591.0,69.44083271223968
30.0,592.0,68.9177420988825
30.0,593.0,68.36411382686084
30.0,594.0,67.77899452779336
30.0,595.0,67.16144442090534
30.0,596.0,66.51054873052611
30.0,597.0,65.82542980135094
30.0,598.0,65.1052613852454
30.0,599.0,64.34928368505234
30.0,600.0,63.55682061348683
30.0,601.0,62.72729771795571
30.0,602.0,61.86026216986357
30.0,603.0,60.95540309076232
30.0,604.0,60.01257350538935
30.0,605.0,59.03181197144486
30.0,606.0,58.01336502514079
30.0,607.0,56.95770824155478
30.0,608.0,55.86556688206213
30.0,609.0,54.73793368861429
30.0,610.0,53.57608466822617
30.0,611.0,52.38159026692329
30.0,612.0,51.15632276359089
30.0,613.0,49.902457285800445
30.0,614.0,48.622467464441854
30.0,615.0,47.319113367682796
30.0,616.0,45.9954231658829
30.0,617.0,44.65466665581396
30.0,618.0,43.30032274628479
30.0,619.0,41.936039684670135
30.0,620.0,40.565590852284416
30.0,621.0,39.19282553565303
30.0,622.0,37.82161808525482
30.0,623.0,36.45581524827971
30.0,624.0,35.099185324871236
30.0,625.0,33.755368911134
30.0,626.0,32.427834686904006
30.0,627.0,31.119839585569444
30.0,628.0,29.834396266677743
30.0,629.0,28.574246554642148
30.0,630.0,27.341843084704312
30.0,631.0,26.139337122031904
30.0,632.0,24.968574190736984
30.0,633.0,23.83109494476747
30.0,634.0,22.728142528541884
30.0,635.0,21.660673574980233
30.0,636.0,20.629373948028128
30.0,637.0,19.634676328947677
30.0,638.0,18.67678081168109
30.0,639.0,17.75567572187645
30.0,640.0,16.871159998702574
30.0,641.0,16.022864548515564
30.0,642.0,15.21027412074152
30.0,643.0,14.432747321529558
30.0,644.0,13.689536510545212
30.0,645.0,12.979805375162597
30.0,646.0,12.30264607939817
30.0,647.0,11.657093917103676
30.0,648.0,11.042141469150083
30.0,649.0,10.45675028616808
30.0,650.0,9.89986215449232
30.0,651.0,9.370408023812418
30.0,652.0,8.86731667744915
30.0,653.0,8.389521255920554
30.0,654.0,7.935965713585162
30.0,655.0,7.505609335889535
30.0,656.0,7.097431380068234
30.0,657.0,6.710433975775336
30.0,658.0,6.34364532209653
30.0,659.0,5.996121323617285
30.0,660.0,5.666947670396263
30.0,661.0,5.355240511228632
30.0,662.0,5.060147690866399
30.0,663.0,4.780848709670312
30.0,664.0,4.516555341055509
30.0,665.0,4.266511077595331
30.0,666.0,4.029991305423021
30.0,667.0,3.8063023938102103
30.0,668.0,3.5947815636740055
30.0,669.0,3.3947957415113614
30.0,670.0,3.2057412264624623
30.0,671.0,3.0270424000283063
30.0,672.0,2.8581512698161786
30.0,673.0,2.6985461029950395
30.0,674.0,2.5477309040705616
30.0,675.0,2.4052340216531465
30.0,676.0,2.2706076014708576
30.0,677.0,2.143426201841714
30.0,678.0,2.023286250768558
30.0,679.0,1.9098046947023268
30.0,680.0,1.8026184792091282
30.0,681.0,1.7013832474787847
30.0,682.0,1.6057728570651233
30.0,683.0,1.5154781385474196
30.0,684.0,1.430206455690206
30.0,685.0,1.3496805302284145
30.0,686.0,1.2736380490471624
30.0,687.0,1.2018305578552668
30.0,688.0,1.1340231163117573
30.0,689.0,1.0699932610789866
30.0,690.0,1.0095307079577638
30.0,691.0,0.9524363832386761
30.0,692.0,0.8985221706478035
30.0,693.0,0.8476100088642174
30.0,694.0,0.799531680266474
30.0,695.0,0.7541279718185527
30.0,696.0,0.7112485021240162
30.0,697.0,0.6707509424975994
30.0,698.0,0.6325008785882147
30.0,699.0,0.5963710882700954
30.0,700.0,0.5622414340191555
30.0,701.0,0.5299981942166772
30.0,702.0,0.4995339825045235
30.0,703.0,0.4707471291514738
30.0,704.0,0.4435416237331401
30.0,705.0,0.4178265433333023
30.0,706.0,0.3935160150657975
30.0,707.0,0.3705286880463631
30.0,708.0,0.3487877124755282
30.0,709.0,0.3282202525028894
30.0,710.0,0.3087574788071287
30.0,711.0,0.2903341196716205
30.0,712.0,0.27288846421940505
30.0,713.0,0.25636194921756583
30.0,714.0,0.24069917034378796
30.0,715.0,0.2258475024307998
30.0,716.0,0.2117571163519101
30.0,717.0,0.19838063060177485
30.0,718.0,0.18567313158764331
30.0,719.0,0.1735918546160676
30.0,720.0,0.16209620556239554
30.0,721.0,0.15114746949313962
30.0,722.0,0.14070883185733724
30.0,723.0,0.13074511312026424
30.0,724.0,0.12122278777609885
30.0,725.0,0.11210974350015314
30.0,726.0,0.10337529642273016
30.0,727.0,0.09498997342406768
30.0,728.0,0.08692552223456705
30.0,729.0,0.07915471559943874
30.0,730.0,0.071651354880988
30.0,731.0,0.06439009490889644
30.0,732.0,0.05734643985645617
30.0,733.0,0.050496587667952494
30.0,734.0,0.04381741706316886
30.0,735.0,0.037286350495901295
30.0,736.0,0.030881331210228763
30.0,737.0,0.024580703734212745
30.0,738.0,0.01836317996782513
30.0,739.0,0.01220773625373657
30.0,740.0,0.006093567520838184
30.0,741.0,0.0
31.0,0.0,0.0
31.0,1.0,0.0027227389145596356
31.0,2.0,0.005454684808333583
31.0,3.0,0.008205073871509688
31.0,4.0,0.010983207371041538
31.0,5.0,0.013798474615961707
31.0,6.0,0.01666039588719712
31.0,7.0,0.019578639571432573
31.0,8.0,0.022563072569289043
31.0,9.0,0.025623772022147738
31.0,10.0,0.028771083623286075
31.0,11.0,0.03201562837750778
31.0,12.0,0.03536836925527454
31.0,13.0,0.03884061344578229
31.0,14.0,0.04244408781486147
31.0,15.0,0.04619093713844868
31.0,16.0,0.05009380885118722
31.0,17.0,0.05416584777924647
31.0,18.0,0.0584207906982898
31.0,19.0,0.06287295812248436
31.0,20.0,0.06753735922797814
31.0,21.0,0.07242968129891354
31.0,22.0,0.07756640561592369
31.0,23.0,0.08296479521018849
31.0,24.0,0.08864302236584641
31.0,25.0,0.09462015538973839
31.0,26.0,0.10091629843210054
31.0,27.0,0.10755257804267358
31.0,28.0,0.11455129607555378
31.0,29.0,0.12193591687171815
31.0,30.0,0.12973123408126797
31.0,31.0,0.13796335938784843
31.0,32.0,0.14665990415428984
31.0,33.0,0.15584997068531756
31.0,34.0,0.16556434968001138
31.0,35.0,0.17583551511464315
31.0,36.0,0.1866978385662018
31.0,37.0,0.1981875888856391
31.0,38.0,0.21034316453906818
31.0,39.0,0.22320509933087215
31.0,40.0,0.23681631399032427
31.0,41.0,0.25122212929062476
31.0,42.0,0.26647053818468164
31.0,43.0,0.2826122277455319
31.0,44.0,0.2997008732203594
31.0,45.0,0.3177931702834499
31.0,46.0,0.33694915242461637
31.0,47.0,0.3572322350489567
31.0,48.0,0.3787095576343589
31.0,49.0,0.4014520412208341
31.0,50.0,0.4255347567477277
31.0,51.0,0.45103699743311193
31.0,52.0,0.47804267461605077
31.0,53.0,0.5066404064118983
31.0,54.0,0.5369239422136588
31.0,55.0,0.5689922687935219
31.0,56.0,0.60295006432731
31.0,57.0,0.6389078227587168
31.0,58.0,0.6769823377592147
31.0,59.0,0.7172968456303144
31.0,60.0,0.7599815389424074
31.0,61.0,0.8051737274585489
31.0,62.0,0.8530183802375902
31.0,63.0,0.9036683029389894
31.0,64.0,0.9572847058361537
31.0,65.0,1.0140373943017122
31.0,66.0,1.0741053583394542
31.0,67.0,1.137676970922376
31.0,68.0,1.2049505921696526
31.0,69.0,1.2761347673526828
31.0,70.0,1.3514488355366052
31.0,71.0,1.4311231152833557
31.0,72.0,1.5153995032270458
31.0,73.0,1.604531630549956
31.0,74.0,1.6987854313109767
31.0,75.0,1.7984392463761396
31.0,76.0,1.9037843340797234
31.0,77.0,2.015124890154565
31.0,78.0,2.1327784641704857
31.0,79.0,2.2570758538288676
31.0,80.0,2.388361379306086
31.0,81.0,2.526992597796947
31.0,82.0,2.6733403741907797
31.0,83.0,2.8277883468500633
31.0,84.0,2.990732716962387
31.0,85.0,3.1625813793859283
31.0,86.0,3.3437533349337025
31.0,87.0,3.534677381377684
31.0,88.0,3.735791033876524
31.0,89.0,3.9475386524203717
31.0,90.0,4.170369737710779
31.0,91.0,4.4047363552652055
31.0,92.0,4.651090660972263
31.0,93.0,4.909881473439631
31.0,94.0,5.181550881016082
31.0,95.0,5.46652981988664
31.0,96.0,5.765233631094972
31.0,97.0,6.078056532319872
31.0,98.0,6.405366040686596
31.0,99.0,6.74749629363519
31.0,100.0,7.104741344435062
31.0,101.0,7.477347405637378
31.0,102.0,7.86550517203878
31.0,103.0,8.269341239724028
31.0,104.0,8.688909822901833
31.0,105.0,9.12418384386489
31.0,106.0,9.5750466788286
31.0,107.0,10.04128370161527
31.0,108.0,10.52257498824805
31.0,109.0,11.01848838293981
31.0,110.0,11.528474347665965
31.0,111.0,12.051861821791876
31.0,112.0,12.587856524583339
31.0,113.0,13.135540892279934
31.0,114.0,13.69387701819262
31.0,115.0,14.261711670577197
31.0,116.0,14.837784604955237
31.0,117.0,15.420739046886375
31.0,118.0,16.009135338745494
31.0,119.0,16.601466379489104
31.0,120.0,17.19617560707497
31.0,121.0,17.791675921857475
31.0,122.0,18.38637010912867
31.0,123.0,18.97867101890483
31.0,124.0,19.567021988271772
31.0,125.0,20.149915764513107
31.0,126.0,20.725912486941525
31.0,127.0,21.293655126125717
31.0,128.0,21.851883129683085
31.0,129.0,22.399442904229925
31.0,130.0,22.93529612631572
31.0,131.0,23.458524759176445
31.0,132.0,23.968333991034875
31.0,133.0,24.464052170735233
31.0,134.0,24.94512910803489
31.0,135.0,25.4111319314487
31.0,136.0,25.861739935168497
31.0,137.0,26.29673764289364
31.0,138.0,26.716007509321564
31.0,139.0,27.1195214612627
31.0,140.0,27.507332639908004
31.0,141.0,27.879566487768077
31.0,142.0,28.236412461450705
31.0,143.0,28.578115447185475
31.0,144.0,28.904968079221373
31.0,145.0,29.217302979214534
31.0,146.0,29.51548604664724
31.0,147.0,29.799909775032052
31.0,148.0,30.070987669076597
31.0,149.0,30.329148711140984
31.0,150.0,30.57483291204249
31.0,151.0,30.808486883120555
31.0,152.0,31.03056043645302
31.0,153.0,31.241503150407667
31.0,154.0,31.44176188779238
31.0,155.0,31.631778212346028
31.0,156.0,31.811986676612058
31.0,157.0,31.982812940909263
31.0,158.0,32.144672685163954
31.0,159.0,32.29797029054983
31.0,160.0,32.443098242619484
31.0,161.0,32.580436251886105
31.0,162.0,32.710351033526145
31.0,163.0,32.83319576201507
31.0,164.0,32.94931013175773
31.0,165.0,33.0590200596727
31.0,166.0,33.16263794924704
31.0,167.0,33.26046257217724
31.0,168.0,33.35277947450162
31.0,169.0,33.43986098338305
31.0,170.0,33.521966707768414
31.0,171.0,33.599343628983966
31.0,172.0,33.67222665981329
31.0,173.0,33.74083878789636
31.0,174.0,33.80539166641516
31.0,175.0,33.86608578760364
31.0,176.0,33.92311108567804
31.0,177.0,33.976647124389174
31.0,178.0,34.02686369874677
31.0,179.0,34.07392102578668
31.0,180.0,34.11797033631331
31.0,181.0,34.15915406219452
31.0,182.0,34.197606413045484
31.0,183.0,34.23345355664395
31.0,184.0,34.266814178421576
31.0,185.0,34.29779965420629
31.0,186.0,34.326514592742555
31.0,187.0,34.353057002059955
31.0,188.0,34.37751881712826
31.0,189.0,34.39998606280961
31.0,190.0,34.4205393702246
31.0,191.0,34.43925414049277
31.0,192.0,34.45620105442959
31.0,193.0,34.47144624206395
31.0,194.0,34.48505179080773
31.0,195.0,34.497075925920065
31.0,196.0,34.50757352210303
31.0,197.0,34.51659629942458
31.0,198.0,34.524193342115424
31.0,199.0,34.530411312645064
31.0,200.0,34.535294978976424
31.0,201.0,34.5388874461535
31.0,202.0,34.54123068907051
31.0,203.0,34.54236579578745
31.0,204.0,34.54233349680323
31.0,205.0,34.54117440734427
31.0,206.0,34.53892953640553
31.0,207.0,34.53564050697245
31.0,208.0,34.53135001960953
31.0,209.0,34.526102021325826
31.0,210.0,34.519942091085355
31.0,211.0,34.512917522140675
31.0,212.0,34.50507759327767
31.0,213.0,34.49647352899001
31.0,214.0,34.48715862370863
31.0,215.0,34.47718805210755
31.0,216.0,34.46661882634145
31.0,217.0,34.455509446373505
31.0,218.0,34.443919692231624
31.0,219.0,34.43191012964575
31.0,220.0,34.41954176671409
31.0,221.0,34.40687545763778
31.0,222.0,34.39397147873545
31.0,223.0,34.380888894523736
31.0,224.0,34.36768512351562
31.0,225.0,34.354415338988346
31.0,226.0,34.341132094937365
31.0,227.0,34.327884825639906
31.0,228.0,34.3147195865124
31.0,229.0,34.301678694976395
31.0,230.0,34.2888006152938
31.0,231.0,34.27611975560017
31.0,232.0,34.26366649828437
31.0,233.0,34.25146714251685
31.0,234.0,34.2395440596264
31.0,235.0,34.227915752710786
31.0,236.0,34.216597103564716
31.0,237.0,34.20559951290431
31.0,238.0,34.19493120183983
31.0,239.0,34.18459739656294
31.0,240.0,34.17460065080196
31.0,241.0,34.16494104457874
31.0,242.0,34.155616501381076
31.0,243.0,34.146622978729646
31.0,244.0,34.137954762192315
31.0,245.0,34.12960463368726
31.0,246.0,34.12156413211656
31.0,247.0,34.1138236922308
31.0,248.0,34.106372867685515
31.0,249.0,34.099200438400736
31.0,250.0,34.09229459604919
31.0,251.0,34.085643021200795
31.0,252.0,34.079233033840495
31.0,253.0,34.07305164350262
31.0,254.0,34.06708566875538
31.0,255.0,34.06132176439162
31.0,256.0,34.05574651428913
31.0,257.0,34.050346439890966
31.0,258.0,34.04510807078142
31.0,259.0,34.04001793844643
31.0,260.0,34.03506262853861
31.0,261.0,34.030228763462304
31.0,262.0,34.025503039805706
31.0,263.0,34.02087220278171
31.0,264.0,34.016323071789245
31.0,265.0,34.01184250924251
31.0,266.0,34.00741743675046
31.0,267.0,34.00303480043111
31.0,268.0,33.99868157980091
31.0,269.0,33.994344751321194
31.0,270.0,33.990011291784406
31.0,271.0,33.98566814158636
31.0,272.0,33.98130220418996
31.0,273.0,33.97690031046336
31.0,274.0,33.972449215695306
31.0,275.0,33.967935566285874
31.0,276.0,33.9633458957812
31.0,277.0,33.95866659524984
31.0,278.0,33.95388390989825
31.0,279.0,33.94898391461232
31.0,280.0,33.94395251290839
31.0,281.0,33.93877541936528
31.0,282.0,33.93343816295708
31.0,283.0,33.927926078442795
31.0,284.0,33.922224316510736
31.0,285.0,33.91631784661998
31.0,286.0,33.910191476845576
31.0,287.0,33.903829871154855
31.0,288.0,33.897217582343806
31.0,289.0,33.89033908723477
31.0,290.0,33.88317883657357
31.0,291.0,33.87572131206966
31.0,292.0,33.867951097474105
31.0,293.0,33.859852961612205
31.0,294.0,33.85141195491472
31.0,295.0,33.842613522411774
31.0,296.0,33.83344362949865
31.0,297.0,33.823888907981974
31.0,298.0,33.81393681350213
31.0,299.0,33.803575805789116
31.0,300.0,33.79279553755328
31.0,301.0,33.78158706673055
31.0,302.0,33.76994307242455
31.0,303.0,33.75785809178921
31.0,304.0,33.745328752553355
31.0,305.0,33.732354020263216
31.0,306.0,33.71893542924028
31.0,307.0,33.70507731769043
31.0,308.0,33.69078703052528
31.0,309.0,33.67607511167799
31.0,310.0,33.66095544488771
31.0,311.0,33.64544536676701
31.0,312.0,33.62956570816829
31.0,313.0,33.61334079118839
31.0,314.0,33.59679833725609
31.0,315.0,33.579969319269175
31.0,316.0,33.562887715396165
31.0,317.0,33.5455902052301
31.0,318.0,33.52811577036241
31.0,319.0,33.51050524891841
31.0,320.0,33.49280081141577
31.0,321.0,33.47504541562512
31.0,322.0,33.45728221184051
31.0,323.0,33.43955396154136
31.0,324.0,33.42190244176229
31.0,325.0,33.40436789919039
31.0,326.0,33.38698852331575
31.0,327.0,33.36979999942325
31.0,328.0,33.35283510463255
31.0,329.0,33.33612340169454
31.0,330.0,33.31969098640177
31.0,331.0,33.30356033650422
31.0,332.0,33.28775021150458
31.0,333.0,33.272275645510454
31.0,334.0,33.25714797835155
31.0,335.0,33.24237496347984
31.0,336.0,33.227960896479274
31.0,337.0,33.213906801099526
31.0,338.0,33.2002106176965
31.0,339.0,33.18686743082854
31.0,340.0,33.1738696836356
31.0,341.0,33.16120741620664
31.0,342.0,33.14886847922527
31.0,343.0,33.13683876047038
31.0,344.0,33.12510237946748
31.0,345.0,33.113641887688416
31.0,346.0,33.10243843362182
31.0,347.0,33.09147192915435
31.0,348.0,33.080721180522566
31.0,349.0,33.07016401848543
31.0,350.0,33.05977739485095
31.0,351.0,33.04953747742907
31.0,352.0,33.03941971444606
31.0,353.0,33.02939889721101
31.0,354.0,33.01944919610978
31.0,355.0,33.00954419481839
31.0,356.0,32.99965690209256
31.0,357.0,32.989759761580956
31.0,358.0,32.979824643626145
31.0,359.0,32.96982283456165
31.0,360.0,32.959725012466585
31.0,361.0,32.94950121948523
31.0,362.0,32.939120825108326
31.0,363.0,32.92855248467801
31.0,364.0,32.917764093421184
31.0,365.0,32.90672273399165
31.0,366.0,32.89539462423263
31.0,367.0,32.88374505642329
31.0,368.0,32.87173834164868
31.0,369.0,32.85933774340288
31.0,370.0,32.84650542153211
31.0,371.0,32.833202363033955
31.0,372.0,32.819388328844475
31.0,373.0,32.80502178509363
31.0,374.0,32.79005985656068
31.0,375.0,32.774458262331365
31.0,376.0,32.75817128058131
31.0,377.0,32.74115169356567
31.0,378.0,32.7233507695425
31.0,379.0,32.704718223344614
31.0,380.0,32.685202222756516
31.0,381.0,32.66474937260087
31.0,382.0,32.643304754755015
31.0,383.0,32.62081194573983
31.0,384.0,32.59721310179975
31.0,385.0,32.57244902238212
31.0,386.0,32.54645929424758
31.0,387.0,32.51918241587232
31.0,388.0,32.49055601725121
31.0,389.0,32.46051706292411
31.0,390.0,32.429002166678245
31.0,391.0,32.395947893187305
31.0,392.0,32.36129118868529
31.0,393.0,32.32496980244342
31.0,394.0,32.28692285483908
31.0,395.0,32.24709139905941
31.0,396.0,32.20541914560834
31.0,397.0,32.16185318029536
31.0,398.0,32.11634485748833
31.0,399.0,32.06885068082918
31.0,400.0,32.01933336454307
31.0,401.0,31.967762866481586
31.0,402.0,31.91411759570495
31.0,403.0,31.858385561841466
31.0,404.0,31.80056567694877
31.0,405.0,31.740668950598796
31.0,406.0,31.678719795670343
31.0,407.0,31.61475715754307
31.0,408.0,31.548835691421907
31.0,409.0,31.48102667324674
31.0,410.0,31.41141887955186
31.0,411.0,31.340119098786566
31.0,412.0,31.267252527367894
31.0,413.0,31.19296269838468
31.0,414.0,31.117411225168166
31.0,415.0,31.040777004482127
31.0,416.0,30.9632552032795
31.0,417.0,30.88505568201805
31.0,418.0,30.806401230676382
31.0,419.0,30.727525285342523
31.0,420.0,30.64866955692278
31.0,421.0,30.57008125215999
31.0,422.0,30.492010366644127
31.0,423.0,30.414706729207193
31.0,424.0,30.33841730875384
31.0,425.0,30.263383441912534
31.0,426.0,30.189838503293053
31.0,427.0,30.118005635554898
31.0,428.0,30.04809605496648
31.0,429.0,29.980307495475603
31.0,430.0,29.91482329344725
31.0,431.0,29.851811619526018
31.0,432.0,29.791425349246737
31.0,433.0,29.733802029184943
31.0,434.0,29.679064429906504
31.0,435.0,29.627321104578282
31.0,436.0,29.578667456554623
31.0,437.0,29.533186708700423
31.0,438.0,29.490951300416953
31.0,439.0,29.452024087856916
31.0,440.0,29.416459902700243
31.0,441.0,29.384306832546343
31.0,442.0,29.35560781049808
31.0,443.0,29.33040186597083
31.0,444.0,29.308725656323862
31.0,445.0,29.290614619502787
31.0,446.0,29.276104397408652
31.0,447.0,29.265231856482327
31.0,448.0,29.258036382761986
31.0,449.0,29.254560762185402
31.0,450.0,29.254852348362345
31.0,451.0,29.258963811186003
31.0,452.0,29.266954191230287
31.0,453.0,29.278889534739466
31.0,454.0,29.29484385504787
31.0,455.0,29.31489967605209
31.0,456.0,29.33914892300215
31.0,457.0,29.367693396888107
31.0,458.0,29.400645615923615
31.0,459.0,29.43812924124788
31.0,460.0,29.480279887549045
31.0,461.0,29.527245517017583
31.0,462.0,29.579187233564628
31.0,463.0,29.636279657611382
31.0,464.0,29.698711713635085
31.0,465.0,29.766686993388493
31.0,466.0,29.840424541180134
31.0,467.0,29.92015920751052
31.0,468.0,30.006142430495004
31.0,469.0,30.098642575533038
31.0,470.0,30.197945704397885
31.0,471.0,30.30435588914868
31.0,472.0,30.418195952317
31.0,473.0,30.539807734458506
31.0,474.0,30.669552779151637
31.0,475.0,30.807812522922227
31.0,476.0,30.95498888696305
31.0,477.0,31.111504345160743
31.0,478.0,31.277802370048633
31.0,479.0,31.454347318827814
31.0,480.0,31.641624663612376
31.0,481.0,31.840140616248156
31.0,482.0,32.050422052063055
31.0,483.0,32.27301577173663
31.0,484.0,32.508488003495884
31.0,485.0,32.75742317448796
31.0,486.0,33.02042284920505
31.0,487.0,33.29810385473523
31.0,488.0,33.59109648468879
31.0,489.0,33.9000417945806
31.0,490.0,34.22558887376945
31.0,491.0,34.56839110322911
31.0,492.0,34.929102278446784
31.0,493.0,35.308371608912005
31.0,494.0,35.70683847121242
31.0,495.0,36.12512593828959
31.0,496.0,36.563833966769586
31.0,497.0,37.02353128918563
31.0,498.0,37.5047469097273
31.0,499.0,38.00796029283121
31.0,500.0,38.53359117686689
31.0,501.0,39.081988167888284
31.0,502.0,39.653417100362425
31.0,503.0,40.24804841153862
31.0,504.0,40.86594459277216
31.0,505.0,41.507047079944236
31.0,506.0,42.17116373810937
31.0,507.0,42.85795643046536
31.0,508.0,43.56692991672699
31.0,509.0,44.29742168767183
31.0,510.0,45.04859403863179
31.0,511.0,45.81942805781578
31.0,512.0,46.60872081711423
31.0,513.0,47.415085420865175
31.0,514.0,48.236955072897416
31.0,515.0,49.07259067565712
31.0,516.0,49.92009286374852
31.0,517.0,50.77741772321551
31.0,518.0,51.64239673418303
31.0,519.0,52.51275985472829
31.0,520.0,53.386161887290115
31.0,521.0,54.26021073705618
31.0,522.0,55.132497384450865
31.0,523.0,56.000626007802964
31.0,524.0,56.86224393469314
31.0,525.0,57.71506989389616
31.0,526.0,58.55692031823761
31.0,527.0,59.38573241528155
31.0,528.0,60.19958400361201
31.0,529.0,60.996709211605626
31.0,530.0,61.77551036114634
31.0,531.0,62.534565538036595
31.0,532.0,63.27263246482621
31.0,533.0,63.988648511481365
31.0,534.0,64.68172764640148
31.0,535.0,65.35115437579569
31.0,536.0,65.99637553036747
31.0,537.0,66.6169900383094
31.0,538.0,67.21273748815015
31.0,539.0,67.78348562153207
31.0,540.0,68.32921743166776
31.0,541.0,68.85001796062339
31.0,542.0,69.34606131161773
31.0,543.0,69.81759791076486
31.0,544.0,70.2649423735783
31.0,545.0,70.68846196385446
31.0,546.0,71.08856585541771
31.0,547.0,71.46569516069812
31.0,548.0,71.82031381422254
31.0,549.0,72.15290027670589
31.0,550.0,72.46394004721719
31.0,551.0,72.75391897325443
31.0,552.0,73.0233172633278
31.0,553.0,73.27260423349108
31.0,554.0,73.50223362227285
31.0,555.0,73.71263955940981
31.0,556.0,73.90423296085164
31.0,557.0,74.07739849744598
31.0,558.0,74.23249185239277
31.0,559.0,74.36983748168838
31.0,560.0,74.48972653738124
31.0,561.0,74.59241523724863
31.0,562.0,74.67812328599935
31.0,563.0,74.74703270216285
31.0,564.0,74.79928660074805
31.0,565.0,74.8349883567232
31.0,566.0,74.85420064371826
31.0,567.0,74.85694484381439
31.0,568.0,74.8432002664527
31.0,569.0,74.81290374290852
31.0,570.0,74.7659489774888
31.0,571.0,74.70218629225329
31.0,572.0,74.62142208934613
31.0,573.0,74.52341873796374
31.0,574.0,74.40789415315929
31.0,575.0,74.2745218437524
31.0,576.0,74.12293064025418
31.0,577.0,73.95270495050273
31.0,578.0,73.76338469863732
31.0,579.0,73.55446586586336
31.0,580.0,73.32540073474071
31.0,581.0,73.07559882662386
31.0,582.0,72.80442758176264
31.0,583.0,72.51121384325194
31.0,584.0,72.1952451439009
31.0,585.0,71.8557719288883
31.0,586.0,71.49200966443308
31.0,587.0,71.10314203649399
31.0,588.0,70.68832414180177
31.0,589.0,70.24668694459552
31.0,590.0,69.77734185292566
31.0,591.0,69.2793867533019
31.0,592.0,68.75191230608408
31.0,593.0,68.19400989844924
31.0,594.0,67.60477999892072
31.0,595.0,66.98334235604592
31.0,596.0,66.32884671428165
31.0,597.0,65.64048551652883
31.0,598.0,64.91750717583938
31.0,599.0,64.15923138588182
31.0,600.0,63.365064934777564
31.0,601.0,62.53451945772286
31.0,602.0,61.66722944139943
31.0,603.0,60.762971842636915
31.0,604.0,59.821685447984784
31.0,605.0,58.843491228346785
31.0,606.0,57.82871160404346
31.0,607.0,56.777889748144574
31.0,608.0,55.69180663383432
31.0,609.0,54.571496845840194
31.0,610.0,53.41826070058026
31.0,611.0,52.233673661508774
31.0,612.0,51.01959054415167
31.0,613.0,49.778145602532305
31.0,614.0,48.51174611292716
31.0,615.0,47.22306083942505
31.0,616.0,45.91500131871391
31.0,617.0,44.59069782812553
31.0,618.0,43.253468459138624
31.0,619.0,41.906783749989835
31.0,620.0,40.554225832143125
31.0,621.0,39.199445096184924
31.0,622.0,37.84611374501965
31.0,623.0,36.49787958478314
31.0,624.0,35.15831956367254
31.0,625.0,33.83089643278284
31.0,626.0,32.51891784938971
31.0,627.0,31.22550099923667
31.0,628.0,29.95354159776154
31.0,629.0,28.705689842138412
31.0,630.0,27.48433159424932
31.0,631.0,26.29157682394084
31.0,632.0,25.129253060798046
31.0,633.0,23.998905451139745
31.0,634.0,22.901800800098496
31.0,635.0,21.838936949373647
31.0,636.0,20.811054702465018
31.0,637.0,19.81865358910946
31.0,638.0,18.86200868461663
31.0,639.0,17.941189855373867
31.0,640.0,17.05608076143998
31.0,641.0,16.2063991408931
31.0,642.0,15.391715871018183
31.0,643.0,14.611474502428274
31.0,644.0,13.865008927565997
31.0,645.0,13.151561032587841
31.0,646.0,12.470296136056557
31.0,647.0,11.820318180421529
31.0,648.0,11.200682587582858
31.0,649.0,10.610408822089273
31.0,650.0,10.0484906481287
31.0,651.0,9.51390616644044
31.0,652.0,9.005625665550209
31.0,653.0,8.522619388602244
31.0,654.0,8.06386327964637
31.0,655.0,7.628344806130504
31.0,656.0,7.215066939295068
31.0,657.0,6.823052371580464
31.0,658.0,6.4513460646078675
31.0,659.0,6.099018181003141
31.0,660.0,5.765165503516622
31.0,661.0,5.448913364036015
31.0,662.0,5.149416196462779
31.0,663.0,4.865858702681314
31.0,664.0,4.597455758263656
31.0,665.0,4.343453012318459
31.0,666.0,4.103126323741678
31.0,667.0,3.875781952649727
31.0,668.0,3.6607556681176527
31.0,669.0,3.457412654840529
31.0,670.0,3.2651464019753296
31.0,671.0,3.0833784201432786
31.0,672.0,2.9115569951140765
31.0,673.0,2.749156786986806
31.0,674.0,2.5956775115657895
31.0,675.0,2.450643474956358
31.0,676.0,2.3136022289251197
31.0,677.0,2.1841240795282406
31.0,678.0,2.0618007498260025
31.0,679.0,1.9462448898376352
31.0,680.0,1.8370887700288956
31.0,681.0,1.733983811231653
31.0,682.0,1.6365993247571347
31.0,683.0,1.5446220743869805
31.0,684.0,1.4577550732847169
31.0,685.0,1.3757171853025394
31.0,686.0,1.2982419846568085
31.0,687.0,1.2250774002289444
31.0,688.0,1.1559846409027927
31.0,689.0,1.0907378839692974
31.0,690.0,1.029123266827497
31.0,691.0,0.9709386187935662
31.0,692.0,0.9159925183324465
31.0,693.0,0.864104066336056
31.0,694.0,0.8151020070146731
31.0,695.0,0.7688245399016727
31.0,696.0,0.7251185018654098
31.0,697.0,0.6838392146068943
31.0,698.0,0.6448497248561458
31.0,699.0,0.6080206838690535
31.0,700.0,0.5732296426722238
31.0,701.0,0.5403609599706726
31.0,702.0,0.5093051492453461
31.0,703.0,0.4799588115049499
31.0,704.0,0.4522240310779003
31.0,705.0,0.4260083297425093
31.0,706.0,0.40122410815818554
31.0,707.0,0.37778861806083197
31.0,708.0,0.3556234464230093
31.0,709.0,0.33465450258544777
31.0,710.0,0.3148115424052494
31.0,711.0,0.29602816739505117
31.0,712.0,0.27824138629959305
31.0,713.0,0.2613916235206318
31.0,714.0,0.24542231574634538
31.0,715.0,0.23027992714505394
31.0,716.0,0.2159135788526684
31.0,717.0,0.20227506861641512
31.0,718.0,0.1893185311185706
31.0,719.0,0.1770004599392313
31.0,720.0,0.16527939685707818
31.0,721.0,0.15411595417556248
31.0,722.0,0.1434725312916542
31.0,723.0,0.133313335591332
31.0,724.0,0.12360412471419323
31.0,725.0,0.11431222437118438
31.0,726.0,0.1054062948561328
31.0,727.0,0.09685634427103275
31.0,728.0,0.08863351794490311
31.0,729.0,0.0807101056697549
31.0,730.0,0.07305935278282633
31.0,731.0,0.06565546011988672
31.0,732.0,0.05847341559913245
31.0,733.0,0.051488985688126564
31.0,734.0,0.04467856639680344
31.0,735.0,0.03801916513054458
31.0,736.0,0.03148827005620366
31.0,737.0,0.025063821277018738
31.0,738.0,0.018724097579677655
31.0,739.0,0.012447675917376912
31.0,740.0,0.00621333457799811
31.0,741.0,0.0
32.0,0.0,0.0
32.0,1.0,0.0027708786873211163
32.0,2.0,0.005551125828795748
32.0,3.0,0.008350142930333176
32.0,4.0,0.011177391036491029
32.0,5.0,0.014042430762132583
32.0,6.0,0.01695494263202518
32.0,7.0,0.019924774510033574
32.0,8.0,0.022961956216679635
32.0,9.0,0.02607675478123762
32.0,10.0,0.02927968377541812
32.0,11.0,0.03258156682664184
32.0,12.0,0.0359935421242394
32.0,13.0,0.03952713465034747
32.0,14.0,0.04319425633869497
32.0,15.0,0.047007287503094394
32.0,16.0,0.05097907315816683
32.0,17.0,0.055123014154416526
32.0,18.0,0.05945306020529804
32.0,19.0,0.06398381127249589
32.0,20.0,0.06873050788472224
32.0,21.0,0.0737091433572011
32.0,22.0,0.07893645203464886
32.0,23.0,0.08443003297517879
32.0,24.0,0.0902083368031585
32.0,25.0,0.0962908015398395
32.0,26.0,0.1026978388112234
32.0,27.0,0.1094509825656154
32.0,28.0,0.1165728754471525
32.0,29.0,0.12408743120395717
32.0,30.0,0.13201982210928095
32.0,31.0,0.1403966559325424
32.0,32.0,0.1492459653665378
32.0,33.0,0.15859740050660553
32.0,34.0,0.16848222132308172
32.0,35.0,0.17893350666990973
32.0,36.0,0.18998615092496365
32.0,37.0,0.20167709062675956
32.0,38.0,0.2140453064891973
32.0,39.0,0.22713206884092788
32.0,40.0,0.24098094630225528
32.0,41.0,0.25563807127233673
32.0,42.0,0.27115215662990927
32.0,43.0,0.287574782573504
32.0,44.0,0.3049604227680496
32.0,45.0,0.3233667538853347
32.0,46.0,0.3428546926568316
32.0,47.0,0.363488729475795
32.0,48.0,0.3853369778212962
32.0,49.0,0.4084715332562377
32.0,50.0,0.43296853664315
32.0,51.0,0.4589085597862435
32.0,52.0,0.48637668374552134
32.0,53.0,0.5154629122022965
32.0,54.0,0.5462622659676843
32.0,55.0,0.5788752248689957
32.0,56.0,0.6134078392065258
32.0,57.0,0.6499722005228461
32.0,58.0,0.6886865702424324
32.0,59.0,0.7296758790454239
32.0,60.0,0.7730718721694424
32.0,61.0,0.8190136361976864
32.0,62.0,0.8676477594366302
32.0,63.0,0.9191288836614356
32.0,64.0,0.973619876512919
32.0,65.0,1.0312924040159128
32.0,66.0,1.0923271099465723
32.0,67.0,1.1569142026212427
32.0,68.0,1.2252536335267716
32.0,69.0,1.297555688810143
32.0,70.0,1.3740411559665358
32.0,71.0,1.4549419064550047
32.0,72.0,1.5405010346982457
32.0,73.0,1.6309734130896905
32.0,74.0,1.7266257817457424
32.0,75.0,1.8277372506157452
32.0,76.0,1.934599311097256
32.0,77.0,2.0475162517683247
32.0,78.0,2.166805053893519
32.0,79.0,2.292795677251588
32.0,80.0,2.4258307905419003
32.0,81.0,2.566265871749716
32.0,82.0,2.7144687114553188
32.0,83.0,2.870819258215499
32.0,84.0,3.0357088179754346
32.0,85.0,3.2095395594312044
32.0,86.0,3.3927233167724578
32.0,87.0,3.585680653859248
32.0,88.0,3.788839161696915
32.0,89.0,4.002631965295616
32.0,90.0,4.227495393947537
32.0,91.0,4.463866803859016
32.0,92.0,4.712181492262022
32.0,93.0,4.972869706998701
32.0,94.0,5.246352680414376
32.0,95.0,5.533038710740497
32.0,96.0,5.833318216365735
32.0,97.0,6.147558811917634
32.0,98.0,6.476099337597449
32.0,99.0,6.819243925633958
32.0,100.0,7.17725505341319
32.0,101.0,7.550346713523958
32.0,102.0,7.9386766821110415
32.0,103.0,8.342339074217795
32.0,104.0,8.76135621232807
32.0,105.0,9.195671064640255
32.0,106.0,9.645139332072803
32.0,107.0,10.109522509909194
32.0,108.0,10.588481052792382
32.0,109.0,11.081569025458622
32.0,110.0,11.58822939698504
32.0,111.0,12.107791384346745
32.0,112.0,12.63946898982253
32.0,113.0,13.182362106870954
32.0,114.0,13.73545926436889
32.0,115.0,14.297643283943358
32.0,116.0,14.867698777891311
32.0,117.0,15.444322597832507
32.0,118.0,16.02613596778775
32.0,119.0,16.611699211987364
32.0,120.0,17.199527607677876
32.0,121.0,17.78810908967668
32.0,122.0,18.375922180875023
32.0,123.0,18.96145476487953
32.0,124.0,19.543222016380177
32.0,125.0,20.119784105307534
32.0,126.0,20.68976204923175
32.0,127.0,21.25185244037391
32.0,128.0,21.80483957799612
32.0,129.0,22.347605915852856
32.0,130.0,22.879139559129346
32.0,131.0,23.398539920160268
32.0,132.0,23.905020461375756
32.0,133.0,24.397909799143314
32.0,134.0,24.876650239546688
32.0,135.0,25.340795119476127
32.0,136.0,25.790004098886673
32.0,137.0,26.224037808618554
32.0,138.0,26.642751013006805
32.0,139.0,27.04608566815037
32.0,140.0,27.43406300609926
32.0,141.0,27.806775969272703
32.0,142.0,28.164381075706782
32.0,143.0,28.507090970042157
32.0,144.0,28.83516668806055
32.0,145.0,29.14891082185681
32.0,146.0,29.4486605685796
32.0,147.0,29.73478179147381
32.0,148.0,30.007663044201774
32.0,149.0,30.26771064095754
32.0,150.0,30.51534370504669
32.0,151.0,30.75099024373121
32.0,152.0,30.975083175701435
32.0,153.0,31.188057333542705
32.0,154.0,31.390346370647904
32.0,155.0,31.5823805761517
32.0,156.0,31.764584537190316
32.0,157.0,31.937375637496498
32.0,158.0,32.101162346010554
32.0,159.0,32.256343272258555
32.0,160.0,32.40330595937619
32.0,161.0,32.542426380198386
32.0,162.0,32.67406812611703
32.0,163.0,32.79858224281244
32.0,164.0,32.916306722232434
32.0,165.0,33.02756659307805
32.0,166.0,33.13267363921809
32.0,167.0,33.23192667562275
32.0,168.0,33.32561143140365
32.0,169.0,33.41400095594145
32.0,170.0,33.497355617846196
32.0,171.0,33.575923598171734
32.0,172.0,33.64994096773647
32.0,173.0,33.719632234512254
32.0,174.0,33.78521047099222
32.0,175.0,33.84687789122238
32.0,176.0,33.904826007440185
32.0,177.0,33.9592362190062
32.0,178.0,34.010279983607006
32.0,179.0,34.05811940579266
32.0,180.0,34.10290741289027
32.0,181.0,34.144788335202776
32.0,182.0,34.18389808064627
32.0,183.0,34.22036470213304
32.0,184.0,34.25430856802396
32.0,185.0,34.285842914981096
32.0,186.0,34.315074013772175
32.0,187.0,34.342101708067275
32.0,188.0,34.367019577051394
32.0,189.0,34.3899154623353
32.0,190.0,34.41087163027534
32.0,191.0,34.42996529038887
32.0,192.0,34.447268761233296
32.0,193.0,34.46284998441213
32.0,194.0,34.4767726982403
32.0,195.0,34.48909695147244
32.0,196.0,34.49987928861551
32.0,197.0,34.50917326670579
32.0,198.0,34.517029654790896
32.0,199.0,34.523496955171595
32.0,200.0,34.52862161699767
32.0,201.0,34.53244856011827
32.0,202.0,34.535021398698994
32.0,203.0,34.53638296103725
32.0,204.0,34.53657551356855
32.0,205.0,34.53564126381891
32.0,206.0,34.53362256845932
32.0,207.0,34.53056239958649
32.0,208.0,34.52650451352547
32.0,209.0,34.52149385413214
32.0,210.0,34.51557665348586
32.0,211.0,34.50880074189107
32.0,212.0,34.50121554972452
32.0,213.0,34.49287229471315
32.0,214.0,34.48382385840213
32.0,215.0,34.474124829215725
32.0,216.0,34.46383123883112
32.0,217.0,34.45300045514241
32.0,218.0,34.441690782747365
32.0,219.0,34.42996122134353
32.0,220.0,34.41787095721883
32.0,221.0,34.40547902511341
32.0,222.0,34.39284373828435
32.0,223.0,34.380022309118445
32.0,224.0,34.367070277717524
32.0,225.0,34.35404115299339
32.0,226.0,34.34098589965055
32.0,227.0,34.32795265492204
32.0,228.0,34.31498632131011
32.0,229.0,34.30212839674454
32.0,230.0,34.28941669962205
32.0,231.0,34.27688532753884
32.0,232.0,34.2645645183462
32.0,233.0,34.2524807310751
32.0,234.0,34.24065662766522
32.0,235.0,34.229111253962664
32.0,236.0,34.21786011482496
32.0,237.0,34.20691542502342
32.0,238.0,34.19628624609313
32.0,239.0,34.18597877595737
32.0,240.0,34.17599651764446
32.0,241.0,34.16634058036229
32.0,242.0,34.157009855648795
32.0,243.0,34.14800130903226
32.0,244.0,34.13931014604512
32.0,245.0,34.13093008051685
32.0,246.0,34.12285347952112
32.0,247.0,34.11507160049434
32.0,248.0,34.107574709693466
32.0,249.0,34.10035228512774
32.0,250.0,34.093393107163024
32.0,251.0,34.086685427596564
32.0,252.0,34.08021703371675
32.0,253.0,34.07397538591817
32.0,254.0,34.067947658061335
32.0,255.0,34.06212084710552
32.0,256.0,34.05648179331363
32.0,257.0,34.051017265769126
32.0,258.0,34.0457139661145
32.0,259.0,34.040558593769944
32.0,260.0,34.03553783670361
32.0,261.0,34.0306384198762
32.0,262.0,34.025847086181656
32.0,263.0,34.02115063123974
32.0,264.0,34.01653587722778
32.0,265.0,34.011989696721876
32.0,266.0,34.00749898173364
32.0,267.0,34.00305065891501
32.0,268.0,33.99863165576068
32.0,269.0,33.99422890917188
32.0,270.0,33.98982933050814
32.0,271.0,33.985419809268215
32.0,272.0,33.980987178485336
32.0,273.0,33.9765182151367
32.0,274.0,33.971999607278576
32.0,275.0,33.96741795274239
32.0,276.0,33.96275972940274
32.0,277.0,33.95801129375831
32.0,278.0,33.95315885581612
32.0,279.0,33.948188479289406
32.0,280.0,33.943086062763584
32.0,281.0,33.93783734346694
32.0,282.0,33.93242788665305
32.0,283.0,33.926843095206
32.0,284.0,33.92106820951869
32.0,285.0,33.91508832556634
32.0,286.0,33.9088884079574
32.0,287.0,33.90245331951568
32.0,288.0,33.89576785058875
32.0,289.0,33.88881676356561
32.0,290.0,33.881584841876105
32.0,291.0,33.8740569531483
32.0,292.0,33.86621812150987
32.0,293.0,33.85805361312123
32.0,294.0,33.84954903523247
32.0,295.0,33.84069044742095
32.0,296.0,33.83146449014128
32.0,297.0,33.82185852389624
32.0,298.0,33.81186078846351
32.0,299.0,33.80146057014061
32.0,300.0,33.790648390138955
32.0,301.0,33.77941619667829
32.0,302.0,33.76775757695761
32.0,303.0,33.755667966055356
32.0,304.0,33.743144871354026
32.0,305.0,33.73018808402895
32.0,306.0,33.71679989813498
32.0,307.0,33.702985303525935
32.0,308.0,33.68875217491654
32.0,309.0,33.67411141863504
32.0,310.0,33.659077101493054
32.0,311.0,33.64366651982741
32.0,312.0,33.627900236218125
32.0,313.0,33.611802040250716
32.0,314.0,33.59539886541162
32.0,315.0,33.5787206190092
32.0,316.0,33.56179996348113
32.0,317.0,33.54467200860233
32.0,318.0,33.52737396044478
32.0,319.0,33.50994469048279
32.0,320.0,33.49242427820911
32.0,321.0,33.47485349432193
32.0,322.0,33.45727328375442
32.0,323.0,33.43972421744381
32.0,324.0,33.422245974975944
32.0,325.0,33.40487682594251
32.0,326.0,33.387653171393595
32.0,327.0,33.37060910927119
32.0,328.0,33.35377608140197
32.0,329.0,33.337182560166546
32.0,330.0,33.32085382699455
32.0,331.0,33.3048117948432
32.0,332.0,33.289074921376674
32.0,333.0,33.27365816033288
32.0,334.0,33.258572993546935
32.0,335.0,33.24382748858303
32.0,336.0,33.22942642184016
32.0,337.0,33.21537141180748
32.0,338.0,33.20166110118575
32.0,339.0,33.1882913341381
32.0,340.0,33.17525536713839
32.0,341.0,33.162544062525804
32.0,342.0,33.15014610325813
32.0,343.0,33.138048181509745
32.0,344.0,33.12623519939176
32.0,345.0,33.11469043826748
32.0,346.0,33.10339573416124
32.0,347.0,33.09233161963646
32.0,348.0,33.08147746814338
32.0,349.0,33.0708116051263
32.0,350.0,33.06031141964348
32.0,351.0,33.04995344474486
32.0,352.0,33.03971343740023
32.0,353.0,33.02956643029622
32.0,354.0,33.0194867826843
32.0,355.0,33.00944820687765
32.0,356.0,32.99942379338351
32.0,357.0,32.989386015838015
32.0,358.0,32.97930673400221
32.0,359.0,32.969157180914664
32.0,360.0,32.958907947237805
32.0,361.0,32.94852895423545
32.0,362.0,32.93798942272827
32.0,363.0,32.9272578352623
32.0,364.0,32.91630189269137
32.0,365.0,32.90508846869413
32.0,366.0,32.89358355683129
32.0,367.0,32.88175222046269
32.0,368.0,32.86955853308611
32.0,369.0,32.856965526751715
32.0,370.0,32.84393512861994
32.0,371.0,32.83042811120576
32.0,372.0,32.816404028430725
32.0,373.0,32.801821171486836
32.0,374.0,32.78663650823279
32.0,375.0,32.77080564917747
32.0,376.0,32.754282794913166
32.0,377.0,32.73702071771014
32.0,378.0,32.71897072281719
32.0,379.0,32.70008265245535
32.0,380.0,32.68030486826769
32.0,381.0,32.6595842861143
32.0,382.0,32.637866388719736
32.0,383.0,32.615095301589264
32.0,384.0,32.59121384695055
32.0,385.0,32.56616367327278
32.0,386.0,32.539885363835495
32.0,387.0,32.51231863459939
32.0,388.0,32.48340251296729
32.0,389.0,32.453075620871005
32.0,390.0,32.421276441177966
32.0,391.0,32.387943704387375
32.0,392.0,32.35301676113693
32.0,393.0,32.31643609117252
32.0,394.0,32.278143799711636
32.0,395.0,32.2380842654044
32.0,396.0,32.196204774800925
32.0,397.0,32.15245632059721
32.0,398.0,32.10679438074535
32.0,399.0,32.05917986789903
32.0,400.0,32.009580046295135
32.0,401.0,31.95796961654328
32.0,402.0,31.904331743052015
32.0,403.0,31.848659234264233
32.0,404.0,31.790955625788136
32.0,405.0,31.731236385364085
32.0,406.0,31.66952996357099
32.0,407.0,31.60587891815879
32.0,408.0,31.540340809782002
32.0,409.0,31.472989108188656
32.0,410.0,31.403913783092545
32.0,411.0,31.333221835036518
32.0,412.0,31.261037422622792
32.0,413.0,31.187501865808322
32.0,414.0,31.112773172236743
32.0,415.0,31.03702540082829
32.0,416.0,30.96044750957254
32.0,417.0,30.883242045801822
32.0,418.0,30.8056233329327
32.0,419.0,30.72781556130977
32.0,420.0,30.65005044531058
32.0,421.0,30.57256490160979
32.0,422.0,30.495598411953214
32.0,423.0,30.419390562376957
32.0,424.0,30.344178409311542
32.0,425.0,30.270194185934084
32.0,426.0,30.19766296937004
32.0,427.0,30.126800827889134
32.0,428.0,30.057813024830313
32.0,429.0,29.990892793843095
32.0,430.0,29.926220211483596
32.0,431.0,29.863961674915252
32.0,432.0,29.804269461409202
32.0,433.0,29.74728187559472
32.0,434.0,29.69312341917902
32.0,435.0,29.641905496483037
32.0,436.0,29.593727058287122
32.0,437.0,29.548675714449924
32.0,438.0,29.50682869446307
32.0,439.0,29.468254211169757
32.0,440.0,29.433012589693536
32.0,441.0,29.40115774609109
32.0,442.0,29.372738363833484
32.0,443.0,29.347799383494852
32.0,444.0,29.326383140529963
32.0,445.0,29.308530796844014
32.0,446.0,29.29428338700819
32.0,447.0,29.283683153417453
32.0,448.0,29.276774475751168
32.0,449.0,29.273605095447905
32.0,450.0,29.27422692354724
32.0,451.0,29.278697156867203
32.0,452.0,29.287078972638287
32.0,453.0,29.29944254890627
32.0,454.0,29.31586566179234
32.0,455.0,29.33643462765229
32.0,456.0,29.36124482181772
32.0,457.0,29.39040156133825
32.0,458.0,29.424020563996663
32.0,459.0,29.46222878922619
32.0,460.0,29.50516485407144
32.0,461.0,29.55297984696759
32.0,462.0,29.605837713837253
32.0,463.0,29.663916055386593
32.0,464.0,29.72740649208798
32.0,465.0,29.796515450765007
32.0,466.0,29.871464511973233
32.0,467.0,29.952491185972985
32.0,468.0,30.039849239959352
32.0,469.0,30.133809456956214
32.0,470.0,30.234659933293752
32.0,471.0,30.342706806273707
32.0,472.0,30.458274503973485
32.0,473.0,30.581706418416168
32.0,474.0,30.713365079845556
32.0,475.0,30.85363274121102
32.0,476.0,31.00291143711841
32.0,477.0,31.16162343231548
32.0,478.0,31.330211111195407
32.0,479.0,31.509137227287336
32.0,480.0,31.698884552165843
32.0,481.0,31.89995584448544
32.0,482.0,32.112873167317446
32.0,483.0,32.338177474062626
32.0,484.0,32.57642748085628
32.0,485.0,32.828198743291
32.0,486.0,33.09408194650497
32.0,487.0,33.37468132240953
32.0,488.0,33.670612196337956
32.0,489.0,33.982498572032455
32.0,490.0,34.310969753755145
32.0,491.0,34.656656910117455
32.0,492.0,35.02018857997062
32.0,493.0,35.40218602320122
32.0,494.0,35.8032574259235
32.0,495.0,36.22399186657422
32.0,496.0,36.664952072474726
32.0,497.0,37.12666688602021
32.0,498.0,37.60962250497891
32.0,499.0,38.114253441627945
32.0,500.0,38.64093231882938
32.0,501.0,39.18995948954981
32.0,502.0,39.76155167271265
32.0,503.0,40.355830650809985
32.0,504.0,40.972811317024394
32.0,505.0,41.61239018940058
32.0,506.0,42.274333787313836
32.0,507.0,42.95826806135737
32.0,508.0,43.66366837561211
32.0,509.0,44.38985128705123
32.0,510.0,45.13596769487812
32.0,511.0,45.90099860824373
32.0,512.0,46.68375311692199
32.0,513.0,47.48286973520131
32.0,514.0,48.29682062489469
32.0,515.0,49.123919686661175
32.0,516.0,49.96233384698063
32.0,517.0,50.810098252019145
32.0,518.0,51.665134441554365
32.0,519.0,52.5252718831051
32.0,520.0,53.388271671712275
32.0,521.0,54.251852467875345
32.0,522.0,55.11371728245399
32.0,523.0,55.9715809811279
32.0,524.0,56.82319706608211
32.0,525.0,57.66638357097111
32.0,526.0,58.49904675090459
32.0,527.0,59.31920253037075
32.0,528.0,60.12499466034921
32.0,529.0,60.91470978221281
32.0,530.0,61.68678869014237
32.0,531.0,62.4398342479433
32.0,532.0,63.172615578726486
32.0,533.0,63.88406918871046
32.0,534.0,64.57329689448818
32.0,535.0,65.2395613237717
32.0,536.0,65.8822790096476
32.0,537.0,66.50101185457775
32.0,538.0,67.09545704404358
32.0,539.0,67.66543611081273
32.0,540.0,68.21088322711016
32.0,541.0,68.73183330094824
32.0,542.0,69.22840992091423
32.0,543.0,69.70081358152785
32.0,544.0,70.14931019615712
32.0,545.0,70.57422018753527
32.0,546.0,70.9759081375891
32.0,547.0,71.35477315840924
32.0,548.0,71.7112399602147
32.0,549.0,72.045750667815
32.0,550.0,72.3587573760193
32.0,551.0,72.65071540219033
32.0,552.0,72.92207725893283
32.0,553.0,73.17328722561005
32.0,554.0,73.40477658825714
32.0,555.0,73.61695935704253
32.0,556.0,73.8102285875032
32.0,557.0,73.98495305163028
32.0,558.0,74.14147444839806
32.0,559.0,74.28010484046045
32.0,560.0,74.40112457411956
32.0,561.0,74.50478031172325
32.0,562.0,74.59128350345232
32.0,563.0,74.66080887064462
32.0,564.0,74.71349329864559
32.0,565.0,74.74943465420552
32.0,566.0,74.7686909969128
32.0,567.0,74.77127964216494
32.0,568.0,74.75717661676285
32.0,569.0,74.72631590671948
32.0,570.0,74.67858910990506
32.0,571.0,74.61384483499202
32.0,572.0,74.5318885307811
32.0,573.0,74.43248202930715
32.0,574.0,74.31534355824887
32.0,575.0,74.18014744837811
32.0,576.0,74.02652436309188
32.0,577.0,73.85406121885612
32.0,578.0,73.66230169528679
32.0,579.0,73.45074644787462
32.0,580.0,73.21885399396365
32.0,581.0,72.96604133049814
32.0,582.0,72.69168532616624
32.0,583.0,72.39512389339058
32.0,584.0,72.07565805467759
32.0,585.0,71.73255385698367
32.0,586.0,71.36504531976937
32.0,587.0,70.97233731931598
32.0,588.0,70.553609664334
32.0,589.0,70.10802121389862
32.0,590.0,69.63471535850657
32.0,591.0,69.13282566129506
32.0,592.0,68.60148303964077
32.0,593.0,68.03982322464877
32.0,594.0,67.446995927914
32.0,595.0,66.82217438368104
32.0,596.0,66.1645667295453
32.0,597.0,65.47342780912618
32.0,598.0,64.74807287215509
32.0,599.0,63.987891649420476
32.0,600.0,63.19236426288677
32.0,601.0,62.361077316123925
32.0,602.0,61.4937415789916
32.0,603.0,60.59020945169774
32.0,604.0,59.65049354619378
32.0,605.0,58.67478438843645
32.0,606.0,57.66346848529177
32.0,607.0,56.6171445745296
32.0,608.0,55.53663921450258
32.0,609.0,54.42301937639216
32.0,610.0,53.277603155545584
32.0,611.0,52.10196618492068
32.0,612.0,50.89794492365049
32.0,613.0,49.66763444878023
32.0,614.0,48.41338211987392
32.0,615.0,47.13777494683971
32.0,616.0,45.84362238199996
32.0,617.0,44.53393271716245
32.0,618.0,43.21188527528747
32.0,619.0,41.880797008777215
32.0,620.0,40.5440861842448
32.0,621.0,39.20523216015815
32.0,622.0,37.86773431889705
32.0,623.0,36.53506938749973
32.0,624.0,35.2106503671898
32.0,625.0,33.89778628182015
32.0,626.0,32.59964585494887
32.0,627.0,31.31922404955032
32.0,628.0,30.059314246517122
32.0,629.0,28.82248455341859
32.0,630.0,27.61106057741881
32.0,631.0,26.42711267452099
32.0,632.0,25.27244958831508
32.0,633.0,24.148616092155645
32.0,634.0,23.056896244236416
32.0,635.0,21.998319619614033
32.0,636.0,20.97367197929988
32.0,637.0,19.983507648169567
32.0,638.0,19.028165052323512
32.0,639.0,18.10778272061495
32.0,640.0,17.222317287660303
32.0,641.0,16.371560912141874
32.0,642.0,15.555159781064967
32.0,643.0,14.772631252875104
32.0,644.0,14.023381449948673
32.0,645.0,13.306720989512865
32.0,646.0,12.621880784600318
32.0,647.0,11.968025719280437
32.0,648.0,11.34426822064665
32.0,649.0,10.749679619949765
32.0,650.0,10.183301384324043
32.0,651.0,9.644154174064235
32.0,652.0,9.131246837733192
32.0,653.0,8.64358334213954
32.0,654.0,8.180169758079911
32.0,655.0,7.740019326534305
32.0,656.0,7.322157718618301
32.0,657.0,6.925626532730746
32.0,658.0,6.549487123509558
32.0,659.0,6.192822820282974
32.0,660.0,5.854741603720748
32.0,661.0,5.534377311287591
32.0,662.0,5.230891409797381
32.0,663.0,4.94347341934716
32.0,664.0,4.671341993796054
32.0,665.0,4.413744757772557
32.0,666.0,4.169958870583097
32.0,667.0,3.9392904354128175
32.0,668.0,3.721074688327151
32.0,669.0,3.5146751068579576
32.0,670.0,3.3194833360237235
32.0,671.0,3.1349180959830556
32.0,672.0,2.960424931809597
32.0,673.0,2.795474996921786
32.0,674.0,2.6395646925833187
32.0,675.0,2.4922143850841314
32.0,676.0,2.352967984178999
32.0,677.0,2.221391637005601
32.0,678.0,2.0970732813838193
32.0,679.0,1.9796213476544438
32.0,680.0,1.8686643123808497
32.0,681.0,1.7638494301298742
32.0,682.0,1.6648423051209715
32.0,683.0,1.5713256679524947
32.0,684.0,1.4829989766663254
32.0,685.0,1.3995772481173516
32.0,686.0,1.3207906953674649
32.0,687.0,1.2463836194411546
32.0,688.0,1.1761140866023043
32.0,689.0,1.1097528833367318
32.0,690.0,1.0470832346300372
32.0,691.0,0.9878998229279548
32.0,692.0,0.9320085468083401
32.0,693.0,0.8792256032004713
32.0,694.0,0.8293772846583968
32.0,695.0,0.7822991231195586
32.0,696.0,0.7378357232062309
32.0,697.0,0.6958399651538213
32.0,698.0,0.6561728710878078
32.0,699.0,0.6187028643612792
32.0,700.0,0.5833056654962093
32.0,701.0,0.5498636049678266
32.0,702.0,0.5182655453996714
32.0,703.0,0.4884062447655423
32.0,704.0,0.46018630144073974
32.0,705.0,0.43351156481995523
32.0,706.0,0.40829309991709173
32.0,707.0,0.3844466424889924
32.0,708.0,0.36189258001683244
32.0,709.0,0.34055544855827063
32.0,710.0,0.3203639271150465
32.0,711.0,0.30125037359321694
32.0,712.0,0.2831508297499219
32.0,713.0,0.26600459381061464
32.0,714.0,0.2497542333826141
32.0,715.0,0.23434519245087815
32.0,716.0,0.2197258098395686
32.0,717.0,0.20584695847777362
32.0,718.0,0.19266206717774595
32.0,719.0,0.1801267902248027
32.0,720.0,0.16819903041870962
32.0,721.0,0.15683863719494728
32.0,722.0,0.14600742904167568
32.0,723.0,0.13566891850086968
32.0,724.0,0.12578833222607755
32.0,725.0,0.11633236134055493
32.0,726.0,0.10726917753992472
32.0,727.0,0.0985682073998654
32.0,728.0,0.09020014305252985
32.0,729.0,0.08213673913841002
32.0,730.0,0.0743508166960176
32.0,731.0,0.06681608154132623
32.0,732.0,0.059507120106981906
32.0,733.0,0.05239923810842834
32.0,734.0,0.04546844715212988
32.0,735.0,0.03869132261039629
32.0,736.0,0.032044979888143074
32.0,737.0,0.02550695047884801
32.0,738.0,0.01905514683662322
32.0,739.0,0.01266775562393675
32.0,740.0,0.006323190180578075
32.0,741.0,0.0
33.0,0.0,0.0
33.0,1.0,0.002814554139623137
33.0,2.0,0.005638624805909227
33.0,3.0,0.00848175870199998
33.0,4.0,0.01135356976302692
33.0,5.0,0.014263762875091221
33.0,6.0,0.017222178231362954
33.0,7.0,0.02023880902024222
33.0,8.0,0.02332385350878318
33.0,9.0,0.026487727137078407
33.0,10.0,0.029741122766105813
33.0,11.0,0.033095017631033175
33.0,12.0,0.03656074220618246
33.0,13.0,0.040149982491006764
33.0,14.0,0.0438748579657793
33.0,15.0,0.0477479197105801
33.0,16.0,0.05178223795164628
33.0,17.0,0.055991396545963995
33.0,18.0,0.060389590650071344
33.0,19.0,0.06499161814092508
33.0,20.0,0.06981298797642951
33.0,21.0,0.07486990916726172
33.0,22.0,0.08017941044158271
33.0,23.0,0.08575932743253986
33.0,24.0,0.09162843430851657
33.0,25.0,0.09780642989708929
33.0,26.0,0.10431408199670855
33.0,27.0,0.11117321321985013
33.0,28.0,0.11840685876196332
33.0,29.0,0.12603925281411735
33.0,30.0,0.1340960006299547
33.0,31.0,0.14260406643072338
33.0,32.0,0.15159196068007247
33.0,33.0,0.16108973048104083
33.0,34.0,0.17112916304063397
33.0,35.0,0.18174377963765379
33.0,36.0,0.19296905633231423
33.0,37.0,0.20484242266359787
33.0,38.0,0.21740350073110856
33.0,39.0,0.23069410985784808
33.0,40.0,0.24475852523839928
33.0,41.0,0.25964348987330294
33.0,42.0,0.27539849403441974
33.0,43.0,0.29207579583448334
33.0,44.0,0.3097307228001285
33.0,45.0,0.3284217024765737
33.0,46.0,0.34821058741188476
33.0,47.0,0.3691626972011632
33.0,48.0,0.3913471681595032
33.0,49.0,0.4148370081679464
33.0,50.0,0.4397094722305207
33.0,51.0,0.466046131376301
33.0,52.0,0.4939332751358298
33.0,53.0,0.523461995554655
33.0,54.0,0.5547286173575228
33.0,55.0,0.5878347978059343
33.0,56.0,0.6228879849074886
33.0,57.0,0.6600015333609831
33.0,58.0,0.6992951905653053
33.0,59.0,0.7408952281863103
33.0,60.0,0.7849349548637901
33.0,61.0,0.8315548619363212
33.0,62.0,0.8809031605593814
33.0,63.0,0.9331359387518318
33.0,64.0,0.9884177190277625
33.0,65.0,1.0469216220753366
33.0,66.0,1.1088299388524385
33.0,67.0,1.1743342937465422
33.0,68.0,1.2436362222489152
33.0,69.0,1.3169473232198723
33.0,70.0,1.3944898295728894
33.0,71.0,1.4764967351060645
33.0,72.0,1.5632123409085084
33.0,73.0,1.6548923369197606
33.0,74.0,1.7518043008139883
33.0,75.0,1.854227707810225
33.0,76.0,1.9624543513945505
33.0,77.0,2.076788246735504
33.0,78.0,2.1975459336015004
33.0,79.0,2.325056228901893
33.0,80.0,2.459660361460027
33.0,81.0,2.601711517684332
33.0,82.0,2.7515747455443567
33.0,83.0,2.909626224380541
33.0,84.0,3.076252861865783
33.0,85.0,3.2518512050572097
33.0,86.0,3.4368266401361605
33.0,87.0,3.6315918481331564
33.0,88.0,3.8365655043501956
33.0,89.0,4.052170170732763
33.0,90.0,4.2788303826062295
33.0,91.0,4.516969863557237
33.0,92.0,4.767008885284403
33.0,93.0,5.0293606946693
33.0,94.0,5.30442804354181
33.0,95.0,5.5925987375823585
33.0,96.0,5.894241263637108
33.0,97.0,6.2096994138856685
33.0,98.0,6.539286997185493
33.0,99.0,6.883281567906142
33.0,100.0,7.2419183026807
33.0,101.0,7.615382978554237
33.0,102.0,8.003805232803593
33.0,103.0,8.407251092093743
33.0,104.0,8.825716009180665
33.0,105.0,9.25911743669616
33.0,106.0,9.707288236819268
33.0,107.0,10.169969998170165
33.0,108.0,10.646807611675309
33.0,109.0,11.137344205682362
33.0,110.0,11.641017822337817
33.0,111.0,12.157158935000188
33.0,112.0,12.684990179107183
33.0,113.0,13.22362735001618
33.0,114.0,13.77208297710029
33.0,115.0,14.329271426597717
33.0,116.0,14.894016723464823
33.0,117.0,15.46506189506231
33.0,118.0,16.04108086776162
33.0,119.0,16.62069154669379
33.0,120.0,17.202470945166386
33.0,121.0,17.784970840002156
33.0,122.0,18.366734694363533
33.0,123.0,18.94631423310243
33.0,124.0,19.522286365383618
33.0,125.0,20.093268839749474
33.0,126.0,20.65793537293241
33.0,127.0,21.215028729050754
33.0,128.0,21.76337261520379
33.0,129.0,22.30188102431558
33.0,130.0,22.82956605556402
33.0,131.0,23.34554301608313
33.0,132.0,23.84903399321429
33.0,133.0,24.339368850874415
33.0,134.0,24.815984958147265
33.0,135.0,25.278424704873554
33.0,136.0,25.726332175309157
33.0,137.0,26.159448081035805
33.0,138.0,26.577604333648836
33.0,139.0,26.98071735903047
33.0,140.0,27.368781503369874
33.0,141.0,27.741861603871172
33.0,142.0,28.10008602131372
33.0,143.0,28.443639165631726
33.0,144.0,28.772754751082246
33.0,145.0,29.087708770269792
33.0,146.0,29.388813365718978
33.0,147.0,29.67641055398832
33.0,148.0,29.950866931292467
33.0,149.0,30.21256829230223
33.0,150.0,30.461915251180947
33.0,151.0,30.699318784422104
33.0,152.0,30.925196753771242
33.0,153.0,31.13997032648924
33.0,154.0,31.344061327795483
33.0,155.0,31.537889448159298
33.0,156.0,31.721870322078008
33.0,157.0,31.896413412049366
33.0,158.0,32.06192069951622
33.0,159.0,32.21878513137288
33.0,160.0,32.36738981076532
33.0,161.0,32.50810689812213
33.0,162.0,32.641297198806335
33.0,163.0,32.76730942215603
33.0,164.0,32.88648007591977
33.0,165.0,32.999133000514774
33.0,166.0,33.105579494230525
33.0,167.0,33.206118053885525
33.0,168.0,33.3010346684307
33.0,169.0,33.39060271027131
33.0,170.0,33.47508334732126
33.0,171.0,33.554725540889244
33.0,172.0,33.629766537068065
33.0,173.0,33.70043193706704
33.0,174.0,33.76693623799458
33.0,175.0,33.82948294987435
33.0,176.0,33.888265163487624
33.0,177.0,33.94346569518009
33.0,178.0,33.995257665645795
33.0,179.0,34.04380465920876
33.0,180.0,34.08926130245603
33.0,181.0,34.1317734291682
33.0,182.0,34.171478651745346
33.0,183.0,34.208506526553045
33.0,184.0,34.24297911430923
33.0,185.0,34.27501114346829
33.0,186.0,34.30471055829015
33.0,187.0,34.33217868012564
33.0,188.0,34.35751074386859
33.0,189.0,34.380796058702074
33.0,190.0,34.402118535085734
33.0,191.0,34.42155684769154
33.0,192.0,34.43918495598746
33.0,193.0,34.4550722726879
33.0,194.0,34.469284181284095
33.0,195.0,34.48188221324919
33.0,196.0,34.49292456539612
33.0,197.0,34.50246628814481
33.0,198.0,34.510559804174314
33.0,199.0,34.51725510808352
33.0,200.0,34.522600285253006
33.0,201.0,34.52664172004151
33.0,202.0,34.52942460996069
33.0,203.0,34.53099317509977
33.0,204.0,34.53139115770911
33.0,205.0,34.53066202005233
33.0,206.0,34.52884941370109
33.0,207.0,34.52599734711919
33.0,208.0,34.522150603297426
33.0,209.0,34.51735485326429
33.0,210.0,34.51165699659995
33.0,211.0,34.50510519444968
33.0,212.0,34.497749106825296
33.0,213.0,34.48963982049784
33.0,214.0,34.480829961640715
33.0,215.0,34.471373501707255
33.0,216.0,34.46132573487021
33.0,217.0,34.45074295886708
33.0,218.0,34.43968232311538
33.0,219.0,34.42820139972657
33.0,220.0,34.41635792721466
33.0,221.0,34.40420930553255
33.0,222.0,34.391812277290896
33.0,223.0,34.37922239473923
33.0,224.0,34.36649369046545
33.0,225.0,34.35367816944934
33.0,226.0,34.34082552115022
33.0,227.0,34.327982684415936
33.0,228.0,34.315193642687795
33.0,229.0,34.302499095340174
33.0,230.0,34.28993636060797
33.0,231.0,34.27753916814029
33.0,232.0,34.26533767509383
33.0,233.0,34.2533583763291
33.0,234.0,34.241624222566635
33.0,235.0,34.230154630642055
33.0,236.0,34.21896568160334
33.0,237.0,34.20807020558188
33.0,238.0,34.19747803295028
33.0,239.0,34.187196126443034
33.0,240.0,34.17722885902163
33.0,241.0,34.16757816838534
33.0,242.0,34.15824383919067
33.0,243.0,34.149223660107666
33.0,244.0,34.14051369364596
33.0,245.0,34.13210842173744
33.0,246.0,34.12400099217589
33.0,247.0,34.11618334416659
33.0,248.0,34.108646425398504
33.0,249.0,34.10138029346865
33.0,250.0,34.09437430148223
33.0,251.0,34.08761717453653
33.0,252.0,34.08109716444274
33.0,253.0,34.0748021026135
33.0,254.0,34.06871952617299
33.0,255.0,34.062836709838024
33.0,256.0,34.05714076656078
33.0,257.0,34.05161866156493
33.0,258.0,34.046257290983434
33.0,259.0,34.04104348132897
33.0,260.0,34.03596404954933
33.0,261.0,34.0310057910552
33.0,262.0,34.02615552437336
33.0,263.0,34.02140007055809
33.0,264.0,34.016726285289714
33.0,265.0,34.012121032150624
33.0,266.0,34.00757120466913
33.0,267.0,34.00306369560723
33.0,268.0,33.99858541113445
33.0,269.0,33.99412323798968
33.0,270.0,33.9896640517149
33.0,271.0,33.9851946833381
33.0,272.0,33.98070192341856
33.0,273.0,33.97617248976404
33.0,274.0,33.97159302894504
33.0,275.0,33.966950086511766
33.0,276.0,33.96223010762838
33.0,277.0,33.95741941129564
33.0,278.0,33.95250419183675
33.0,279.0,33.94747049875812
33.0,280.0,33.94230424098371
33.0,281.0,33.93699117419349
33.0,282.0,33.9315169099441
33.0,283.0,33.925866912601634
33.0,284.0,33.920026515787434
33.0,285.0,33.91398093134671
33.0,286.0,33.90771527589144
33.0,287.0,33.90121459458175
33.0,288.0,33.89446390085545
33.0,289.0,33.887448218085154
33.0,290.0,33.88015263581014
33.0,291.0,33.872562372476565
33.0,292.0,33.86466285151051
33.0,293.0,33.85643978821704
33.0,294.0,33.84787928869744
33.0,295.0,33.83896796339658
33.0,296.0,33.82969305096994
33.0,297.0,33.820042559705925
33.0,298.0,33.81000541675526
33.0,299.0,33.79957163647605
33.0,300.0,33.78873249271775
33.0,301.0,33.77748070983826
33.0,302.0,33.76581065183395
33.0,303.0,33.75371852728696
33.0,304.0,33.74120258409443
33.0,305.0,33.728263314117065
33.0,306.0,33.714903636477665
33.0,307.0,33.70112908182611
33.0,308.0,33.686947941540666
33.0,309.0,33.672371406475484
33.0,310.0,33.65741365536385
33.0,311.0,33.6420919203693
33.0,312.0,33.62642648742512
33.0,313.0,33.61044066279148
33.0,314.0,33.59416066278287
33.0,315.0,33.57761546334568
33.0,316.0,33.560836567599274
33.0,317.0,33.543857734408206
33.0,318.0,33.52671462865959
33.0,319.0,33.50944444310192
33.0,320.0,33.49208545538949
33.0,321.0,33.47467657618781
33.0,322.0,33.45725685408126
33.0,323.0,33.43986499708401
33.0,324.0,33.42253887662149
33.0,325.0,33.40531507485575
33.0,326.0,33.38822843894496
33.0,327.0,33.37131170130569
33.0,328.0,33.35459512522819
33.0,329.0,33.338106231042204
33.0,330.0,33.321869557088306
33.0,331.0,33.30590650600946
33.0,332.0,33.29023522595824
33.0,333.0,33.2748705729222
33.0,334.0,33.25982410053836
33.0,335.0,33.245104120384134
33.0,336.0,33.23071577778516
33.0,337.0,33.21666118417619
33.0,338.0,33.2029395515597
33.0,339.0,33.189547369145515
33.0,340.0,33.17647856967251
33.0,341.0,33.16372472506706
33.0,342.0,33.151275221866634
33.0,343.0,33.13911745567481
33.0,344.0,33.12723699855574
33.0,345.0,33.11561777791102
33.0,346.0,33.10424222449473
33.0,347.0,33.093091426819825
33.0,348.0,33.08214525348391
33.0,349.0,33.0713824787053
33.0,350.0,33.06078087655924
33.0,351.0,33.050317316551556
33.0,352.0,33.039967830103215
33.0,353.0,33.02970767726818
33.0,354.0,33.019511387528034
33.0,355.0,33.0093528000578
33.0,356.0,32.999205081836664
33.0,357.0,32.9890407445056
33.0,358.0,32.978831643205645
33.0,359.0,32.96854897328202
33.0,360.0,32.95816325333609
33.0,361.0,32.94764430499952
33.0,362.0,32.93696122359583
33.0,363.0,32.92608234407772
33.0,364.0,32.91497520256171
33.0,365.0,32.90360649139726
33.0,366.0,32.8919420147517
33.0,367.0,32.87994663573615
33.0,368.0,32.86758422924183
33.0,369.0,32.85481762413952
33.0,370.0,32.84160855674955
33.0,371.0,32.82791761140032
33.0,372.0,32.813704178289974
33.0,373.0,32.79892639616961
33.0,374.0,32.78354111895588
33.0,375.0,32.767503865024224
33.0,376.0,32.75076879778516
33.0,377.0,32.73328868705575
33.0,378.0,32.71501490993705
33.0,379.0,32.69589743099204
33.0,380.0,32.67588483116475
33.0,381.0,32.6549243150269
33.0,382.0,32.63296177714304
33.0,383.0,32.60994184642189
33.0,384.0,32.58580800119999
33.0,385.0,32.56050266266034
33.0,386.0,32.5339673718561
33.0,387.0,32.50614294607172
33.0,388.0,32.47696973281694
33.0,389.0,32.446387844617156
33.0,390.0,32.41433750631307
33.0,391.0,32.38075938462768
33.0,392.0,32.34559504536035
33.0,393.0,32.30878739353038
33.0,394.0,32.27028125548293
33.0,395.0,32.23002394256451
33.0,396.0,32.18796596876091
33.0,397.0,32.14406174461809
33.0,398.0,32.098270432639744
33.0,399.0,32.05055676733547
33.0,400.0,32.00089203706795
33.0,401.0,31.949255009673358
33.0,402.0,31.895633010002804
33.0,403.0,31.840022908157195
33.0,404.0,31.782432236831376
33.0,405.0,31.7228801718251
33.0,406.0,31.661398604435362
33.0,407.0,31.598033014682393
33.0,408.0,31.532843385869953
33.0,409.0,31.46590484578076
33.0,410.0,31.39730829040982
33.0,411.0,31.327160655728406
33.0,412.0,31.255585114833472
33.0,413.0,31.18272085236044
33.0,414.0,31.10872272294835
33.0,415.0,31.033760439526027
33.0,416.0,30.958017635936503
33.0,417.0,30.881690450215814
33.0,418.0,30.8049860167868
33.0,419.0,30.728120517444168
33.0,420.0,30.651317224158525
33.0,421.0,30.57480418423943
33.0,422.0,30.49881202021636
33.0,423.0,30.423571486475335
33.0,424.0,30.349311283364987
33.0,425.0,30.276255749092698
33.0,426.0,30.204622945291288
33.0,427.0,30.134622721682856
33.0,428.0,30.066455279834525
33.0,429.0,30.00030977748657
33.0,430.0,29.936363491973648
33.0,431.0,29.874781037566752
33.0,432.0,29.81571415457799
33.0,433.0,29.759301521680705
33.0,434.0,29.70566911431867
33.0,435.0,29.65493052427926
33.0,436.0,29.60718777624858
33.0,437.0,29.562532027966885
33.0,438.0,29.52104471027048
33.0,439.0,29.482798471865337
33.0,440.0,29.447858511101103
33.0,441.0,29.416283642225245
33.0,442.0,29.38812770737087
33.0,443.0,29.363440666483953
33.0,444.0,29.342270006223252
33.0,445.0,29.324661785084473
33.0,446.0,29.310661984819752
33.0,447.0,29.300317469718074
33.0,448.0,29.293677251271113
33.0,449.0,29.290793342951932
33.0,450.0,29.291721928193688
33.0,451.0,29.29652410832172
33.0,452.0,29.305266977222473
33.0,453.0,29.31802427065
33.0,454.0,29.3348773589632
33.0,455.0,29.355915811812764
33.0,456.0,29.381238324109617
33.0,457.0,29.4109532122311
33.0,458.0,29.445179289049086
33.0,459.0,29.484046307292786
33.0,460.0,29.52769579792096
33.0,461.0,29.576281473929324
33.0,462.0,29.62997004325389
33.0,463.0,29.688941582640677
33.0,464.0,29.75339033202104
33.0,465.0,29.82352504335994
33.0,466.0,29.899569758235042
33.0,467.0,29.981764130939048
33.0,468.0,30.070364184830524
33.0,469.0,30.165642602321743
33.0,470.0,30.267889448323498
33.0,471.0,30.377412411920528
33.0,472.0,30.494537476678445
33.0,473.0,30.61960908953141
33.0,474.0,30.75299074756718
33.0,475.0,30.89506505862038
33.0,476.0,31.04623420209104
33.0,477.0,31.20691983264974
33.0,478.0,31.377563358400575
33.0,479.0,31.558625623732976
33.0,480.0,31.750586931554462
33.0,481.0,31.9539464236135
33.0,482.0,32.169221754687435
33.0,483.0,32.39694806892414
33.0,484.0,32.63767721329049
33.0,485.0,32.891976187459136
33.0,486.0,33.160425762707625
33.0,487.0,33.443618262286385
33.0,488.0,33.74215543255414
33.0,489.0,34.05664539352926
33.0,490.0,34.38769959507515
33.0,491.0,34.73592876809608
33.0,492.0,35.10193879571361
33.0,493.0,35.4863255011169
33.0,494.0,35.88966927989665
33.0,495.0,36.312528590121374
33.0,496.0,36.75543323771387
33.0,497.0,37.21887649931234
33.0,498.0,37.70330703992415
33.0,499.0,38.20911971193317
33.0,500.0,38.73664622519348
33.0,501.0,39.286144836713056
33.0,502.0,39.85779009577155
33.0,503.0,40.45166187208526
33.0,504.0,41.06773476019336
33.0,505.0,41.70586717900752
33.0,506.0,42.365791320174544
33.0,507.0,43.04710335622558
33.0,508.0,43.74925511046193
33.0,509.0,44.47154667328613
33.0,510.0,45.21312118072423
33.0,511.0,45.972961270635835
33.0,512.0,46.74988838612932
33.0,513.0,47.542564405297924
33.0,514.0,48.34949664021821
33.0,515.0,49.16904556736739
33.0,516.0,49.999436121989376
33.0,517.0,50.83877173011166
33.0,518.0,51.68505163992936
33.0,519.0,52.53619050448915
33.0,520.0,53.39004049779265
33.0,521.0,54.24441472292303
33.0,522.0,55.097111972807625
33.0,523.0,55.94594150285374
33.0,524.0,56.78874776994429
33.0,525.0,57.62343383407681
33.0,526.0,58.44798340903568
33.0,527.0,59.26048043180997
33.0,528.0,60.05912628449232
33.0,529.0,60.84225380566935
33.0,530.0,61.608338430600156
33.0,531.0,62.356005892775634
33.0,532.0,63.084037023121766
33.0,533.0,63.79136934148882
33.0,534.0,64.47709611350558
33.0,535.0,65.1404627577152
33.0,536.0,65.7808613293669
33.0,537.0,66.39782307513515
33.0,538.0,66.9910097584679
33.0,539.0,67.56020379161876
33.0,540.0,68.10529778781286
33.0,541.0,68.6262835679738
33.0,542.0,69.12324111521593
33.0,543.0,69.59632749108326
33.0,544.0,70.04576607489577
33.0,545.0,70.4718361198605
33.0,546.0,70.87486285925722
33.0,547.0,71.25520814761347
33.0,548.0,71.61326175406457
33.0,549.0,71.94943330054586
33.0,550.0,72.26414486037585
33.0,551.0,72.5578242344324
33.0,552.0,72.83089883238617
33.0,553.0,73.08379021540843
33.0,554.0,73.31690915067155
33.0,555.0,73.53065128480091
33.0,556.0,73.7253932173927
33.0,557.0,73.90148914087395
33.0,558.0,74.05926776382861
33.0,559.0,74.19902974886932
33.0,560.0,74.3210453212464
33.0,561.0,74.42555234768696
33.0,562.0,74.51275448225238
33.0,563.0,74.58281974925112
33.0,564.0,74.63587910114717
33.0,565.0,74.67202539319148
33.0,566.0,74.69131225389486
33.0,567.0,74.69375336530089
33.0,568.0,74.67932157317718
33.0,569.0,74.64794841352129
33.0,570.0,74.59952341634362
33.0,571.0,74.53389384561488
33.0,572.0,74.45086417719891
33.0,573.0,74.35019604616383
33.0,574.0,74.23160790642075
33.0,575.0,74.09477520662216
33.0,576.0,73.93933026696007
33.0,577.0,73.76486273340016
33.0,578.0,73.57091973652753
33.0,579.0,73.35700670420619
33.0,580.0,73.12258789882759
33.0,581.0,72.8670877009844
33.0,582.0,72.58989165509963
33.0,583.0,72.29034837118859
33.0,584.0,71.96777124407056
33.0,585.0,71.62144115572491
33.0,586.0,71.25060906846714
33.0,587.0,70.85449974439886
33.0,588.0,70.43231544478898
33.0,589.0,69.9832409113354
33.0,590.0,69.5064484269513
33.0,591.0,69.00110431899829
33.0,592.0,68.46637564214178
33.0,593.0,67.90143845603194
33.0,594.0,67.30548636664885
33.0,595.0,66.67774078599852
33.0,596.0,66.01746149850369
33.0,597.0,65.32395901065358
33.0,598.0,64.59660717489591
33.0,599.0,63.83485756382532
33.0,600.0,63.03825396736267
33.0,601.0,62.20644846279533
33.0,602.0,61.33921728964978
33.0,603.0,60.43647792798547
33.0,604.0,59.498305452771305
33.0,605.0,58.52494949412674
33.0,606.0,57.51684971066161
33.0,607.0,56.47465103704019
33.0,608.0,55.39921646508093
33.0,609.0,54.29163858019185
33.0,610.0,53.153247516443244
33.0,611.0,51.98561657995602
33.0,612.0,50.79056319912643
33.0,613.0,49.57014658365888
33.0,614.0,48.3266598686997
33.0,615.0,47.0626183833236
33.0,616.0,45.780742065418885
33.0,617.0,44.483934030454215
33.0,618.0,43.1752536539192
33.0,619.0,41.85788659530104
33.0,620.0,40.53511047377998
33.0,621.0,39.21025900095983
33.0,622.0,37.88668354103781
33.0,623.0,36.56771513738401
33.0,624.0,35.25662605792094
33.0,625.0,33.956593922746116
33.0,626.0,32.670667335368016
33.0,627.0,31.40173589626169
33.0,628.0,30.152503210915512
33.0,629.0,28.9254654424534
33.0,630.0,27.72289362175059
33.0,631.0,26.546821893437894
33.0,632.0,25.399039524274464
33.0,633.0,24.281088532544477
33.0,634.0,23.1942644707415
33.0,635.0,22.139622011152092
33.0,636.0,21.11798270065409
33.0,637.0,20.12994644997181
33.0,638.0,19.175904080654195
33.0,639.0,18.25605251469482
33.0,640.0,17.370409978643856
33.0,641.0,16.518832893587792
33.0,642.0,15.701031923807925
33.0,643.0,14.916588970800957
33.0,644.0,14.164972704464638
33.0,645.0,13.445554533054155
33.0,646.0,12.75762271717515
33.0,647.0,12.100396626226928
33.0,648.0,11.473038938089116
33.0,649.0,10.874667851535108
33.0,650.0,10.304367185976359
33.0,651.0,9.761196482723614
33.0,652.0,9.244199036038777
33.0,653.0,8.752409989736513
33.0,654.0,8.284862465272013
33.0,655.0,7.840593860252174
33.0,656.0,7.41865030974678
33.0,657.0,7.018091438886419
33.0,658.0,6.637993418709129
33.0,659.0,6.277452433733042
33.0,660.0,5.9355865894469195
33.0,661.0,5.611538341762632
33.0,662.0,5.304475492049041
33.0,663.0,5.0135927991692935
33.0,664.0,4.738112268482632
33.0,665.0,4.477284135910699
33.0,666.0,4.230386625342333
33.0,667.0,3.9967264623807663
33.0,668.0,3.77563824356902
33.0,669.0,3.566484607758074
33.0,670.0,3.368655332415029
33.0,671.0,3.18156726422371
33.0,672.0,3.0046632332773506
33.0,673.0,2.8374118220406577
33.0,674.0,2.679306167640849
33.0,675.0,2.5298636296453076
33.0,676.0,2.3886245337519725
33.0,677.0,2.255151783658974
33.0,678.0,2.1290295858311525
33.0,679.0,2.0098630386235277
33.0,680.0,1.8972768670063467
33.0,681.0,1.7909150125859272
33.0,682.0,1.6904393987437714
33.0,683.0,1.595529537827442
33.0,684.0,1.5058813406712765
33.0,685.0,1.4212067516018971
33.0,686.0,1.3412326113811188
33.0,687.0,1.2657003264354145
33.0,688.0,1.194364790573898
33.0,689.0,1.1269940917142962
33.0,690.0,1.0633684950129623
33.0,691.0,1.0032801880794848
33.0,692.0,0.9465323261933741
33.0,693.0,0.8929388153793567
33.0,694.0,0.8423234190013295
33.0,695.0,0.7945195769540863
33.0,696.0,0.7493695719800975
33.0,697.0,0.7067243824972166
33.0,698.0,0.6664429063683832
33.0,699.0,0.6283918444320057
33.0,700.0,0.5924449790835575
33.0,701.0,0.5584830853307913
33.0,702.0,0.5263932613535699
33.0,703.0,0.4960688638120989
33.0,704.0,0.4674088874867757
33.0,705.0,0.4403179215801688
33.0,706.0,0.4147055755638405
33.0,707.0,0.39048645330051485
33.0,708.0,0.3675796223108291
33.0,709.0,0.3459086026759909
33.0,710.0,0.32540087706266735
33.0,711.0,0.3059878915298435
33.0,712.0,0.28760460379860375
33.0,713.0,0.27018949326620945
33.0,714.0,0.25368414516771637
33.0,715.0,0.23803326728558502
33.0,716.0,0.22318430781351695
33.0,717.0,0.2090874764341454
33.0,718.0,0.19569539385623053
33.0,719.0,0.18296311511123042
33.0,720.0,0.1708478088889774
33.0,721.0,0.15930878107287233
33.0,722.0,0.1483071821436342
33.0,723.0,0.13780602913033696
33.0,724.0,0.1277699394850393
33.0,725.0,0.11816514977158567
33.0,726.0,0.10895927453485195
33.0,727.0,0.10012132018046034
33.0,728.0,0.0916214674704899
33.0,729.0,0.08343107916473137
33.0,730.0,0.07552250486981824
33.0,731.0,0.06786908111637814
33.0,732.0,0.06044495737067312
33.0,733.0,0.05322508731217124
33.0,734.0,0.04618507488610804
33.0,735.0,0.03930115562288857
33.0,736.0,0.03255006166672356
33.0,737.0,0.0259089920422068
33.0,738.0,0.019355495638582857
33.0,739.0,0.01286742938015453
33.0,740.0,0.006422858178030453
33.0,741.0,0.0
34.0,0.0,0.0
34.0,1.0,0.0028536569530384914
34.0,2.0,0.005716961380983703
34.0,3.0,0.008599594779933257
34.0,4.0,0.011511299926911077
34.0,5.0,0.01446192208863804
34.0,6.0,0.017461429948519305
34.0,7.0,0.020519964431722795
34.0,8.0,0.02364785373592405
34.0,9.0,0.026855670209215053
34.0,10.0,0.03015423993418472
34.0,11.0,0.033554708108199466
34.0,12.0,0.037068543648831546
34.0,13.0,0.04070761354435633
34.0,14.0,0.044484182972446086
34.0,15.0,0.048410999112397185
34.0,16.0,0.05250128729850749
34.0,17.0,0.0567688448146685
34.0,18.0,0.06122803363906573
34.0,19.0,0.0658938847764305
34.0,20.0,0.07078208819175422
34.0,21.0,0.07590910827575117
34.0,22.0,0.08129217161222893
34.0,23.0,0.08694939421817453
34.0,24.0,0.09289976784227255
34.0,25.0,0.09916329967240875
34.0,26.0,0.10576099792145915
34.0,27.0,0.1127150247516856
34.0,28.0,0.12004868196804365
34.0,29.0,0.1277865779704974
34.0,30.0,0.1359546144441742
34.0,31.0,0.1445801682163317
34.0,32.0,0.15369207990583728
34.0,33.0,0.16332085163025095
34.0,34.0,0.1734986386529617
34.0,35.0,0.18425946395592227
34.0,36.0,0.19563921399931028
34.0,37.0,0.207675871244427
34.0,38.0,0.22040951521507554
34.0,39.0,0.2338825741195636
34.0,40.0,0.24813983247104152
34.0,41.0,0.263228703012647
34.0,42.0,0.27919924221021714
34.0,43.0,0.2961044437238364
34.0,44.0,0.31400026312301177
34.0,45.0,0.33294593416238855
34.0,46.0,0.3530040040764209
34.0,47.0,0.3742406738949769
34.0,48.0,0.3967258456381152
34.0,49.0,0.4205334878330627
34.0,50.0,0.4457416958319472
34.0,51.0,0.47243308354463487
34.0,52.0,0.5006948579196763
34.0,53.0,0.5306192376609673
34.0,54.0,0.5623035426142835
34.0,55.0,0.5958506398551228
34.0,56.0,0.631369048270871
34.0,57.0,0.6689734118482841
34.0,58.0,0.7087846190846855
34.0,59.0,0.7509303025103198
34.0,60.0,0.7955449716381701
34.0,61.0,0.8427705366586306
34.0,62.0,0.8927564523682641
34.0,63.0,0.945660262484981
34.0,64.0,1.0016477502851644
34.0,65.0,1.0608934980009534
34.0,66.0,1.1235810376265867
34.0,67.0,1.1899034172490168
34.0,68.0,1.2600633425211234
34.0,69.0,1.334273738395626
34.0,70.0,1.4127578679482444
34.0,71.0,1.4957498736676011
34.0,72.0,1.5834948554737223
34.0,73.0,1.676249370287697
34.0,74.0,1.7742814450542665
34.0,75.0,1.877871006603571
34.0,76.0,1.9873097980916403
34.0,77.0,2.1029017030336434
34.0,78.0,2.224962524715287
34.0,79.0,2.353820158660391
34.0,80.0,2.4898141842398824
34.0,81.0,2.6332958288204473
34.0,82.0,2.7846273091994784
34.0,83.0,2.9441815185993576
34.0,84.0,3.1123410431954426
34.0,85.0,3.2894974906986842
34.0,86.0,3.476050095110573
34.0,87.0,3.6724045941840573
34.0,88.0,3.8789713253182856
34.0,89.0,4.096163550824273
34.0,90.0,4.324394942181121
34.0,91.0,4.564077249932763
34.0,92.0,4.815617076146771
34.0,93.0,5.0794127943537495
34.0,94.0,5.355850526052351
34.0,95.0,5.645300241068806
34.0,96.0,5.948110889575738
34.0,97.0,6.264605661228758
34.0,98.0,6.595076286202528
34.0,99.0,6.939777509057676
34.0,100.0,7.298920666690672
34.0,101.0,7.672667544773297
34.0,102.0,8.061123469909719
34.0,103.0,8.464330862389708
34.0,104.0,8.882262240020339
34.0,105.0,9.314813951594335
34.0,106.0,9.76179966548645
34.0,107.0,10.222944941334733
34.0,108.0,10.697881937622086
34.0,109.0,11.186145616913418
34.0,110.0,11.68717050841335
34.0,111.0,12.200289394113765
34.0,112.0,12.724732950961204
34.0,113.0,13.259631678166917
34.0,114.0,13.804019071097812
34.0,115.0,14.356837286601985
34.0,116.0,14.916944146727877
34.0,117.0,15.483122601485665
34.0,118.0,16.054091354482203
34.0,119.0,16.6285176303816
34.0,120.0,17.205030645398733
34.0,121.0,17.782236634572005
34.0,122.0,18.358733891012317
34.0,123.0,18.9331285970772
34.0,124.0,19.50404986348179
34.0,125.0,20.070164756164456
34.0,126.0,20.630191766363687
34.0,127.0,21.18291357726217
34.0,128.0,21.727187688918743
34.0,129.0,22.26195587979936
34.0,130.0,22.786251209494072
34.0,131.0,23.29920368239136
34.0,132.0,23.800043420249853
34.0,133.0,24.288102587427367
34.0,134.0,24.76281503138902
34.0,135.0,25.223714966332956
34.0,136.0,25.670433733720838
34.0,137.0,26.10269600453924
34.0,138.0,26.52031448445353
34.0,139.0,26.92318448204478
34.0,140.0,27.31127739454079
34.0,141.0,27.684634437355673
34.0,142.0,28.04335964457722
34.0,143.0,28.387613417290368
34.0,144.0,28.71760561186637
34.0,145.0,29.0335893914549
34.0,146.0,29.335854799495376
34.0,147.0,29.624723228103566
34.0,148.0,29.90054171405007
34.0,149.0,30.163678191871238
34.0,150.0,30.414516620163354
34.0,151.0,30.653453075363842
34.0,152.0,30.880891721819637
34.0,153.0,31.097241724595982
34.0,154.0,31.302914014748097
34.0,155.0,31.498318951547226
34.0,156.0,31.68386379877132
34.0,157.0,31.859951041789206
34.0,158.0,32.02697647469994
34.0,159.0,32.185328069154416
34.0,160.0,32.33538456957784
34.0,161.0,32.47751481274063
34.0,162.0,32.61207673402363
34.0,163.0,32.73941704515745
34.0,164.0,32.85987056475757
34.0,165.0,32.97376017316194
34.0,166.0,33.08139639265894
34.0,167.0,33.183077550850655
34.0,168.0,33.279089548439984
34.0,169.0,33.36970617472737
34.0,170.0,33.45518901252805
34.0,171.0,33.53578786055058
34.0,172.0,33.61174073547748
34.0,173.0,33.68327436574683
34.0,174.0,33.75060425986014
34.0,175.0,33.8139352444142
34.0,176.0,33.873461575303665
34.0,177.0,33.92936749979552
34.0,178.0,33.98182739358063
34.0,179.0,34.031006332388195
34.0,180.0,34.07706024297056
34.0,181.0,34.12013647438807
34.0,182.0,34.16037395515437
34.0,183.0,34.19790375804996
34.0,184.0,34.232849258968265
34.0,185.0,34.26532669208251
34.0,186.0,34.295445308545155
34.0,187.0,34.323307921147325
34.0,188.0,34.349011063023774
34.0,189.0,34.37264552267337
34.0,190.0,34.3942965042499
34.0,191.0,34.41404415497089
34.0,192.0,34.43196372941981
34.0,193.0,34.44812611191914
34.0,194.0,34.46259798746507
34.0,195.0,34.47544236148663
34.0,196.0,34.48671873946477
34.0,197.0,34.49648364550934
34.0,198.0,34.50479081123533
34.0,199.0,34.51169169261942
34.0,200.0,34.517235666187155
34.0,201.0,34.52147054056066
34.0,202.0,34.52444275440669
34.0,203.0,34.526197874992256
34.0,204.0,34.52678078779839
34.0,205.0,34.52623616954563
34.0,206.0,34.524608654348484
34.0,207.0,34.521943263711236
34.0,208.0,34.51828552945197
34.0,209.0,34.513681859190044
34.0,210.0,34.5081795932983
34.0,211.0,34.50182728286048
34.0,212.0,34.49467465816038
34.0,213.0,34.486772798508646
34.0,214.0,34.47817399462564
34.0,215.0,34.46893179719052
34.0,216.0,34.459100765505134
34.0,217.0,34.44873639404235
34.0,218.0,34.43789475415197
34.0,219.0,34.42663231358769
34.0,220.0,34.41500549419553
34.0,221.0,34.403070415103244
34.0,222.0,34.39088240351191
34.0,223.0,34.378495703906786
34.0,224.0,34.36596298736404
34.0,225.0,34.35333507342941
34.0,226.0,34.34066048328218
34.0,227.0,34.327985216516595
34.0,228.0,34.31535238507557
34.0,229.0,34.30280207537022
34.0,230.0,34.2903710855776
34.0,231.0,34.2780928877065
34.0,232.0,34.26599747453762
34.0,233.0,34.25411142042028
34.0,234.0,34.24245782962546
34.0,235.0,34.23105648211681
34.0,236.0,34.21992386492673
34.0,237.0,34.209073381579515
34.0,238.0,34.19851544313018
34.0,239.0,34.18825771739298
34.0,240.0,34.17830525592056
34.0,241.0,34.16866076064479
34.0,242.0,34.15932472594819
34.0,243.0,34.150295704232924
34.0,244.0,34.14157044681085
34.0,245.0,34.13314415483646
34.0,246.0,34.12501060773377
34.0,247.0,34.11716239078259
34.0,248.0,34.109591004355515
34.0,249.0,34.10228706359644
34.0,250.0,34.09524038542064
34.0,251.0,34.08844015890678
34.0,252.0,34.08187500969707
34.0,253.0,34.07553314193105
34.0,254.0,34.06940238144791
34.0,255.0,34.06347029145647
34.0,256.0,34.057724196958645
34.0,257.0,34.05215127706485
34.0,258.0,34.046738573521395
34.0,259.0,34.041473062835564
34.0,260.0,34.036341651879994
34.0,261.0,34.03133123295139
34.0,262.0,34.02642866928905
34.0,263.0,34.02162083598366
34.0,264.0,34.01689459799587
34.0,265.0,34.01223683955127
34.0,266.0,34.007634436955534
34.0,267.0,34.00307427882225
34.0,268.0,33.99854323570642
34.0,269.0,33.994028173254534
34.0,270.0,33.989515920450344
34.0,271.0,33.984993277577196
34.0,272.0,33.98044698470844
34.0,273.0,33.975863726245095
34.0,274.0,33.97123010119826
34.0,275.0,33.966532626017596
34.0,276.0,33.96175770820954
34.0,277.0,33.95689164920623
34.0,278.0,33.95192062294079
34.0,279.0,33.946830680619854
34.0,280.0,33.94160773603102
34.0,281.0,33.936237574267906
34.0,282.0,33.93070584576475
34.0,283.0,33.92499808126586
34.0,284.0,33.91909969684853
34.0,285.0,33.91299601770382
34.0,286.0,33.90667229668888
34.0,287.0,33.90011374975117
34.0,288.0,33.8933055907922
34.0,289.0,33.88623308175923
34.0,290.0,33.878881586726514
34.0,291.0,33.87123663970243
34.0,292.0,33.86328402073116
34.0,293.0,33.855009844190384
34.0,294.0,33.84640065923848
34.0,295.0,33.8374435606441
34.0,296.0,33.8281263148708
34.0,297.0,33.818437494093615
34.0,298.0,33.80836662742984
34.0,299.0,33.79790435656925
34.0,300.0,33.78704260895446
34.0,301.0,33.77577477024623
34.0,302.0,33.76409587255438
34.0,303.0,33.752002774783875
34.0,304.0,33.739494354436665
34.0,305.0,33.72657168200334
34.0,306.0,33.713238199834784
34.0,307.0,33.69949987179413
34.0,308.0,33.68536532809052
34.0,309.0,33.67084596746396
34.0,310.0,33.65595604396255
34.0,311.0,33.64071269744333
34.0,312.0,33.62513595859586
34.0,313.0,33.60924868602708
34.0,314.0,33.59307647075969
34.0,315.0,33.57664746569113
34.0,316.0,33.55999218090549
34.0,317.0,33.543143203791075
34.0,318.0,33.52613489095729
34.0,319.0,33.5090029930666
34.0,320.0,33.491784265403425
34.0,321.0,33.47451602724775
34.0,322.0,33.45723572739463
34.0,323.0,33.43998047963459
34.0,324.0,33.42278662788091
34.0,325.0,33.40568930366737
34.0,326.0,33.38872203553189
34.0,327.0,33.37191637008477
34.0,328.0,33.35530156192259
34.0,329.0,33.33890428806972
34.0,330.0,33.32274844042808
34.0,331.0,33.30685494761168
34.0,332.0,33.29124167566596
34.0,333.0,33.27592335553182
34.0,334.0,33.26091158329936
34.0,335.0,33.24621483903246
34.0,336.0,33.23183856769587
34.0,337.0,33.217785267538396
34.0,338.0,33.204054627892326
34.0,339.0,33.19064366281827
34.0,340.0,33.17754688164096
34.0,341.0,33.16475644504028
34.0,342.0,33.15226234708659
34.0,343.0,33.14005257489856
34.0,344.0,33.12811328553899
34.0,345.0,33.11642895530701
34.0,346.0,33.10498253987183
34.0,347.0,33.093755604149614
34.0,348.0,33.08272845863343
34.0,349.0,33.07188026498825
34.0,350.0,33.06118914524604
34.0,351.0,33.05063226147402
34.0,352.0,33.04018589722662
34.0,353.0,33.02982551189874
34.0,354.0,33.019525795640845
34.0,355.0,33.0092607004389
34.0,356.0,32.99900347078122
34.0,357.0,32.98872665430462
34.0,358.0,32.97840211105301
34.0,359.0,32.968001006892734
34.0,360.0,32.95749380441026
34.0,361.0,32.94685024240185
34.0,362.0,32.936039311477145
34.0,363.0,32.92502922290772
34.0,364.0,32.913787371957035
34.0,365.0,32.902280299334834
34.0,366.0,32.89047364525302
34.0,367.0,32.87833210675709
34.0,368.0,32.86581938557999
34.0,369.0,32.85289814476615
34.0,370.0,32.83952995361165
34.0,371.0,32.825675247305725
34.0,372.0,32.811293272645024
34.0,373.0,32.79634205492573
34.0,374.0,32.78077834873337
34.0,375.0,32.76455761705308
34.0,376.0,32.74763399228677
34.0,377.0,32.72996027352783
34.0,378.0,32.71148790405698
34.0,379.0,32.692166993955674
34.0,380.0,32.671946321676394
34.0,381.0,32.65077339062937
34.0,382.0,32.628594463979574
34.0,383.0,32.60535466548154
34.0,384.0,32.58099805834672
34.0,385.0,32.55546780231315
34.0,386.0,32.528706289106445
34.0,387.0,32.50065536932349
34.0,388.0,32.47125655843513
34.0,389.0,32.44045134822907
34.0,390.0,32.40818149809449
34.0,391.0,32.374389446053435
34.0,392.0,32.33901869968422
34.0,393.0,32.30201436053858
34.0,394.0,32.263323626775644
34.0,395.0,32.22289644119821
34.0,396.0,32.18068611258949
34.0,397.0,32.136650090757236
34.0,398.0,32.09075070472016
34.0,399.0,32.04295605707931
34.0,400.0,31.993240863739302
34.0,401.0,31.941587443963435
34.0,402.0,31.88798662785901
34.0,403.0,31.832438797655602
34.0,404.0,31.774954806336638
34.0,405.0,31.715557001330808
34.0,406.0,31.65428007262335
34.0,407.0,31.5911719653574
34.0,408.0,31.526294552785714
34.0,409.0,31.45972432462595
34.0,410.0,31.391552765726342
34.0,411.0,31.321886699632703
34.0,412.0,31.25084825552128
34.0,413.0,31.17857475892744
34.0,414.0,31.105218194207897
34.0,415.0,31.030944572063394
34.0,416.0,30.955932845435083
34.0,417.0,30.880373746003315
34.0,418.0,30.804468183787574
34.0,419.0,30.72842562374812
34.0,420.0,30.652462080748833
34.0,421.0,30.576798186338266
34.0,422.0,30.501656962117767
34.0,423.0,30.4272617855734
34.0,424.0,30.35383416681715
34.0,425.0,30.281591844181726
34.0,426.0,30.210746789408507
34.0,427.0,30.14150364204997
34.0,428.0,30.074058126464376
34.0,429.0,30.008595975448173
34.0,430.0,29.945291871224693
34.0,431.0,29.88430892995038
34.0,432.0,29.82579819770314
34.0,433.0,29.76989868872965
34.0,434.0,29.716737395278912
34.0,435.0,29.66642981007109
34.0,436.0,29.61908035837729
34.0,437.0,29.574783297662954
34.0,438.0,29.533623455793204
34.0,439.0,29.495677388453643
34.0,440.0,29.46101430585246
34.0,441.0,29.429697376029534
34.0,442.0,29.401784737061153
34.0,443.0,29.377330854114184
34.0,444.0,29.35638753724398
34.0,445.0,29.339005284794403
34.0,446.0,29.325234251990125
34.0,447.0,29.31512553762403
34.0,448.0,29.308732071483647
34.0,449.0,29.3061098219927
34.0,450.0,29.30731858886142
34.0,451.0,29.312423125106818
34.0,452.0,29.321493834539677
34.0,453.0,29.334607812298167
34.0,454.0,29.351849455212957
34.0,455.0,29.373311431268345
34.0,456.0,29.399095215312055
34.0,457.0,29.429312000584282
34.0,458.0,29.46408317355688
34.0,459.0,29.503541180707995
34.0,460.0,29.54782995528385
34.0,461.0,29.597105750554327
34.0,462.0,29.651537528597885
34.0,463.0,29.71130776785411
34.0,464.0,29.776612820035385
34.0,465.0,29.84766369519235
34.0,466.0,29.924686387756495
34.0,467.0,30.00792263666824
34.0,468.0,30.097630215389678
34.0,469.0,30.194083657881436
34.0,470.0,30.297574500102613
34.0,471.0,30.408411954619933
34.0,472.0,30.526923082450374
34.0,473.0,30.65345338963082
34.0,474.0,30.788366898024123
34.0,475.0,30.93204662602777
34.0,476.0,31.084894514919192
34.0,477.0,31.247331742822613
34.0,478.0,31.419798449138966
34.0,479.0,31.602753815808512
34.0,480.0,31.79667551633252
34.0,481.0,32.00205948136593
34.0,482.0,32.21941898105422
34.0,483.0,32.44928397353549
34.0,484.0,32.692199710518054
34.0,485.0,32.94872554842046
34.0,486.0,33.219432948753166
34.0,487.0,33.50490361430148
34.0,488.0,33.80572674043028
34.0,489.0,34.12249632605011
34.0,490.0,34.45580752331001
34.0,491.0,34.80625296978149
34.0,492.0,35.17441808774395
34.0,493.0,35.56087629663242
34.0,494.0,35.96618313677729
34.0,495.0,36.39087025814066
34.0,496.0,36.83543829620654
34.0,497.0,37.30034960422373
34.0,498.0,37.78601990103514
34.0,499.0,38.29280982925592
34.0,500.0,38.82101553500887
34.0,501.0,39.3708593006368
34.0,502.0,39.94247940850127
34.0,503.0,40.53592031353391
34.0,504.0,41.15112238117524
34.0,505.0,41.78791231856618
34.0,506.0,42.44599363757527
34.0,507.0,43.12493832054744
34.0,508.0,43.82417909870574
34.0,509.0,44.54300353311491
34.0,510.0,45.2805493498845
34.0,511.0,46.035802194216835
34.0,512.0,46.807595246897385
34.0,513.0,47.59461177981912
34.0,514.0,48.39539002185579
34.0,515.0,49.2083312528441
34.0,516.0,50.03171036089428
34.0,517.0,50.86368956182881
34.0,518.0,51.70233433809316
34.0,519.0,52.54563205020983
34.0,520.0,53.39151210176049
34.0,521.0,54.23786788897436
34.0,522.0,55.08257929469603
34.0,523.0,55.923535811451785
34.0,524.0,56.75865903218493
34.0,525.0,57.58592455574838
34.0,526.0,58.40338214204473
34.0,527.0,59.20917423503021
34.0,528.0,60.001551884738994
34.0,529.0,60.778888333402485
34.0,530.0,61.5396895481061
34.0,531.0,62.282602135811935
34.0,532.0,63.00641817580338
34.0,533.0,63.710077549587915
34.0,534.0,64.39266751389647
34.0,535.0,65.05342018118213
34.0,536.0,65.69170779971162
34.0,537.0,66.30703651155399
34.0,538.0,66.89903856243549
34.0,539.0,67.467463593376
34.0,540.0,68.01216901968616
34.0,541.0,68.5331100350108
34.0,542.0,69.03032924750705
34.0,543.0,69.50394637016792
34.0,544.0,69.95414796273263
34.0,545.0,70.3811775249622
34.0,546.0,70.78532593188169
34.0,547.0,71.16692239318178
34.0,548.0,71.5263259314936
34.0,549.0,71.86391745449971
34.0,550.0,72.18009243390905
34.0,551.0,72.47525417096682
34.0,552.0,72.74980769396373
34.0,553.0,73.00415418311628
34.0,554.0,73.23868601294862
34.0,555.0,73.45378223210656
34.0,556.0,73.64980462504741
34.0,557.0,73.82709410654206
34.0,558.0,73.98596765482456
34.0,559.0,74.12671546960046
34.0,560.0,74.24959862701827
34.0,561.0,74.3548468556376
34.0,562.0,74.44265677493225
34.0,563.0,74.51319015950745
34.0,564.0,74.56657264193126
34.0,565.0,74.6028923570532
34.0,566.0,74.62219901316277
34.0,567.0,74.62450283268991
34.0,568.0,74.60977392081872
34.0,569.0,74.57794144453614
34.0,570.0,74.52889325377042
34.0,571.0,74.4624752669954
34.0,572.0,74.37849132635371
34.0,573.0,74.27670278472714
34.0,574.0,74.15682860325786
34.0,575.0,74.01854516222534
34.0,576.0,73.86148663725899
34.0,577.0,73.68524508492942
34.0,578.0,73.48937116315857
34.0,579.0,73.2733745724859
34.0,580.0,73.03672521696303
34.0,581.0,72.77885411365571
34.0,582.0,72.49915512247799
34.0,583.0,72.19698646913729
34.0,584.0,71.87167320501038
34.0,585.0,71.52250952101522
34.0,586.0,71.14876212972509
34.0,587.0,70.74967357678612
34.0,588.0,70.32446676336016
34.0,589.0,69.87234948304132
34.0,590.0,69.39252031760265
34.0,591.0,68.88417463380159
34.0,592.0,68.34651208078027
34.0,593.0,67.77874426271018
34.0,594.0,67.18010403058356
34.0,595.0,66.54985499041751
34.0,596.0,65.88730270141005
34.0,597.0,65.19180607032519
34.0,598.0,64.4627904266228
34.0,599.0,63.699760676653966
34.0,600.0,62.902316010877506
34.0,601.0,62.07016443597037
34.0,602.0,61.20313857361346
34.0,603.0,60.30121085525137
34.0,604.0,59.36450950586035
34.0,605.0,58.39333329604582
34.0,606.0,57.38816640275982
34.0,607.0,56.34969121775549
34.0,608.0,55.278800408855915
34.0,609.0,54.17660596865232
34.0,610.0,53.04444656721105
34.0,611.0,51.88389090593694
34.0,612.0,50.696738478449575
34.0,613.0,49.485015493527584
34.0,614.0,48.25096755509112
34.0,615.0,46.99704702009289
34.0,616.0,45.72589691757873
34.0,617.0,44.44032960712955
34.0,618.0,43.14330241345313
34.0,619.0,41.837888712947745
34.0,620.0,40.52724706105455
34.0,621.0,39.214587096467916
34.0,622.0,37.90313507903286
34.0,623.0,36.59609794051108
34.0,624.0,35.296628819928195
34.0,625.0,34.00779293782294
34.0,626.0,32.73253671584676
34.0,627.0,31.473658803229373
34.0,628.0,30.233785698108775
34.0,629.0,29.015350315387515
34.0,630.0,27.820575886512742
34.0,631.0,26.651463195769676
34.0,632.0,25.509783234253927
34.0,633.0,24.397072969511772
34.0,634.0,23.3146360727678
34.0,635.0,22.263546086917525
34.0,636.0,21.24465373684763
34.0,637.0,20.258595758678414
34.0,638.0,19.305806908627133
34.0,639.0,18.386532517258484
34.0,640.0,17.50084328633145
34.0,641.0,16.648649750656116
34.0,642.0,15.829718184937123
34.0,643.0,15.04368547087062
34.0,644.0,14.290074804255152
34.0,645.0,13.568309860575734
34.0,646.0,12.877729394039976
34.0,647.0,12.217599984944638
34.0,648.0,11.58712898837456
34.0,649.0,10.985475480101222
34.0,650.0,10.411761308417773
34.0,651.0,9.86508011103885
34.0,652.0,9.34450643927533
34.0,653.0,8.849102895743906
34.0,654.0,8.377927441859072
34.0,655.0,7.930038815806395
34.0,656.0,7.504502215735956
34.0,657.0,7.100393214498426
34.0,658.0,6.716802047484136
34.0,659.0,6.352836260226411
34.0,660.0,6.007623835802786
34.0,661.0,5.68031480659329
34.0,662.0,5.370083443138987
34.0,663.0,5.076129042211119
34.0,664.0,4.797677375648577
34.0,665.0,4.53398084070218
34.0,666.0,4.284319339630168
34.0,667.0,4.047999949876299
34.0,668.0,3.8243573769399926
34.0,669.0,3.6127532743186084
34.0,670.0,3.4125763856516467
34.0,671.0,3.223241619166924
34.0,672.0,3.0441899714896246
34.0,673.0,2.8748874393410344
34.0,674.0,2.7148247971454054
34.0,675.0,2.563516410130787
34.0,676.0,2.4204999209603506
34.0,677.0,2.2853350130354273
34.0,678.0,2.1576030475771004
34.0,679.0,2.036905813514139
34.0,680.0,1.9228651453810754
34.0,681.0,1.8151216862976505
34.0,682.0,1.7133345083292244
34.0,683.0,1.617179907328197
34.0,684.0,1.5263510406287855
34.0,685.0,1.440556766547143
34.0,686.0,1.3595213090969933
34.0,687.0,1.2829831503975335
34.0,688.0,1.2106947281860356
34.0,689.0,1.142421385972068
34.0,690.0,1.07794110622263
34.0,691.0,1.0170435205857449
34.0,692.0,0.9595296795131301
34.0,693.0,0.905211123057126
34.0,694.0,0.8539096861963298
34.0,695.0,0.8054566294265684
34.0,696.0,0.7596924780226234
34.0,697.0,0.7164662107684466
34.0,698.0,0.675635130709074
34.0,699.0,0.6370641097964306
34.0,700.0,0.6006254882702445
34.0,701.0,0.5661983726546026
34.0,702.0,0.5336685606854723
34.0,703.0,0.5029278899184522
34.0,704.0,0.47387418503966294
34.0,705.0,0.44641065428988946
34.0,706.0,0.42044585601400203
34.0,707.0,0.3958931401351073
34.0,708.0,0.37267063088414787
34.0,709.0,0.3507007106427303
34.0,710.0,0.32991001592569646
34.0,711.0,0.3102289610327596
34.0,712.0,0.29159174451521674
34.0,713.0,0.2739359102194298
34.0,714.0,0.2572023616416347
34.0,715.0,0.24133495809970895
34.0,716.0,0.22628053455793484
34.0,717.0,0.21198853081950758
34.0,718.0,0.1984110145794964
34.0,719.0,0.18550234168358787
34.0,720.0,0.17321918033773714
34.0,721.0,0.16152020062485242
34.0,722.0,0.15036609796060477
34.0,723.0,0.13971931019656283
34.0,724.0,0.12954403856130553
34.0,725.0,0.11980599080425751
34.0,726.0,0.11047239799839141
34.0,727.0,0.10151178229271575
34.0,728.0,0.09289396807679856
34.0,729.0,0.08458987301100607
34.0,730.0,0.07657151216355927
34.0,731.0,0.06881181107601989
34.0,732.0,0.061284601580600236
34.0,733.0,0.05396445573405346
34.0,734.0,0.04682667210665323
34.0,735.0,0.039847129480698074
34.0,736.0,0.03300226247321289
34.0,737.0,0.026268933945910126
34.0,738.0,0.019624398881526044
34.0,739.0,0.0130461944904945
34.0,740.0,0.0065120913062017465
34.0,741.0,0.0
35.0,0.0,0.0
35.0,1.0,0.002888088479436886
35.0,2.0,0.005785941342347279
35.0,3.0,0.00870335392072859
35.0,4.0,0.011650190502217595
35.0,5.0,0.014636408651378602
35.0,6.0,0.017672104706768426
35.0,7.0,0.020767531911562637
35.0,8.0,0.023933153837137157
35.0,9.0,0.027179656770086765
35.0,10.0,0.030518011509322564
35.0,11.0,0.03395948047234945
35.0,12.0,0.03751568832857534
35.0,13.0,0.041198624308951284
35.0,14.0,0.04502072215921167
35.0,15.0,0.04899485816374968
35.0,16.0,0.0531344409289302
35.0,17.0,0.057453405664485716
35.0,18.0,0.061966314338936256
35.0,19.0,0.06668834679994576
35.0,20.0,0.07163541188129566
35.0,21.0,0.07682413598760417
35.0,22.0,0.08227198577523584
35.0,23.0,0.08799725487655635
35.0,24.0,0.09401919882554292
35.0,25.0,0.10035802065222181
35.0,26.0,0.10703501877736886
35.0,27.0,0.11407257226869454
35.0,28.0,0.12149430248749893
35.0,29.0,0.12932505886403906
35.0,30.0,0.13759109514166565
35.0,31.0,0.14632005659881783
35.0,32.0,0.15554117180198068
35.0,33.0,0.1652852422746452
35.0,34.0,0.17558485073783242
35.0,35.0,0.18647435430026807
35.0,36.0,0.1979901102319645
35.0,37.0,0.21017047382211482
35.0,38.0,0.22305604279411945
35.0,39.0,0.2366896610445442
35.0,40.0,0.2511166828625919
35.0,41.0,0.2663849838197088
35.0,42.0,0.282545245996772
35.0,43.0,0.29965097733251383
35.0,44.0,0.3177588190794325
35.0,45.0,0.33692857493065376
35.0,46.0,0.35722354190982664
35.0,47.0,0.3787105505677419
35.0,48.0,0.40146032044775865
35.0,49.0,0.4255475125588235
35.0,50.0,0.45105111042727986
35.0,51.0,0.47805448589016647
35.0,52.0,0.5066458065218661
35.0,53.0,0.5369181155225952
35.0,54.0,0.5689697659623832
35.0,55.0,0.6029045151284184
35.0,56.0,0.6388319855186069
35.0,57.0,0.6768677734120548
35.0,58.0,0.7171339358184724
35.0,59.0,0.759759112190876
35.0,60.0,0.8048790355310241
35.0,61.0,0.8526366650007866
35.0,62.0,0.9031827180182297
35.0,63.0,0.9566758099563232
35.0,64.0,1.013283002242869
35.0,65.0,1.0731799432568598
35.0,66.0,1.136551425053544
35.0,67.0,1.203591516855948
35.0,68.0,1.2745041199312535
35.0,69.0,1.3495030815867144
35.0,70.0,1.4288127337770486
35.0,71.0,1.512667971096599
35.0,72.0,1.601314753743105
35.0,73.0,1.6950101274953946
35.0,74.0,1.7940226655456821
35.0,75.0,1.8986324017243055
35.0,76.0,2.0091311783193646
35.0,77.0,2.125822455764206
35.0,78.0,2.249021524837569
35.0,79.0,2.3790551466689047
35.0,80.0,2.5162615777311323
35.0,81.0,2.660989983515655
35.0,82.0,2.8136002137866205
35.0,83.0,2.9744619220759123
35.0,84.0,3.143954017392296
35.0,85.0,3.3224634106410664
35.0,86.0,3.510384058495821
35.0,87.0,3.7081152483943742
35.0,88.0,3.916060142385066
35.0,89.0,4.134623506702363
35.0,90.0,4.364209660764864
35.0,91.0,4.605219558660186
35.0,92.0,4.858048054792826
35.0,93.0,5.123080257135539
35.0,94.0,5.400688041039994
35.0,95.0,5.691225623028551
35.0,96.0,5.995025293513341
35.0,97.0,6.312392210889139
35.0,98.0,6.643599387934784
35.0,99.0,6.988881784144333
35.0,100.0,7.348430673610217
35.0,101.0,7.722387221608277
35.0,102.0,8.110836484327864
35.0,103.0,8.513800791308654
35.0,104.0,8.931233773318883
35.0,105.0,9.363014024549582
35.0,106.0,9.808939708101207
35.0,107.0,10.268723118780215
35.0,108.0,10.741986547730429
35.0,109.0,11.228258473925564
35.0,110.0,11.72697144094712
35.0,111.0,12.2374606296511
35.0,112.0,12.758964466528901
35.0,113.0,13.290626229130496
35.0,114.0,13.831497930437054
35.0,115.0,14.38054535654976
35.0,116.0,14.936655444295853
35.0,117.0,15.49864475602565
35.0,118.0,16.065270119329767
35.0,119.0,16.635240061483692
35.0,120.0,17.20722798864407
35.0,121.0,17.77988562998577
35.0,122.0,18.351857609758724
35.0,123.0,18.921795603863362
35.0,124.0,19.488372911702026
35.0,125.0,20.05029790003693
35.0,126.0,20.606327181569117
35.0,127.0,21.155277048819585
35.0,128.0,21.69603411281392
35.0,129.0,22.227563777021352
35.0,130.0,22.74891761350725
35.0,131.0,23.259238399454087
35.0,132.0,23.757763999651875
35.0,133.0,24.243828970423177
35.0,134.0,24.716865165663307
35.0,135.0,25.1764003076533
35.0,136.0,25.622055861066766
35.0,137.0,26.053543222223034
35.0,138.0,26.47065958048375
35.0,139.0,26.873282478389775
35.0,140.0,27.261364413434602
35.0,141.0,27.634926497139787
35.0,142.0,27.99405247872616
35.0,143.0,28.338882123930315
35.0,144.0,28.669605210018315
35.0,145.0,28.986455098203898
35.0,146.0,29.289703096291383
35.0,147.0,29.57965254624693
35.0,148.0,29.856633804823772
35.0,149.0,30.120999032255764
35.0,150.0,30.373117918656845
35.0,151.0,30.613373251729925
35.0,152.0,30.84215742371426
35.0,153.0,31.05986877783169
35.0,154.0,31.266908866538035
35.0,155.0,31.46367952545154
35.0,156.0,31.650580814447185
35.0,157.0,31.828008738910324
35.0,158.0,31.996353785219927
35.0,159.0,32.15599919666459
35.0,160.0,32.30732000856959
35.0,161.0,32.45068178491722
35.0,162.0,32.58644006104743
35.0,163.0,32.71493945271508
35.0,164.0,32.836513422243044
35.0,165.0,32.95148368125908
35.0,166.0,33.060160206735425
35.0,167.0,33.16284086976875
35.0,168.0,33.2598116393055
35.0,169.0,33.351346380626964
35.0,170.0,33.43770719561711
35.0,171.0,33.5191443452417
35.0,172.0,33.595896685339085
35.0,173.0,33.66819167689776
35.0,174.0,33.73624588525207
35.0,175.0,33.80026505019782
35.0,176.0,33.860444624081005
35.0,177.0,33.91696988074586
35.0,178.0,33.97001647436838
35.0,179.0,34.019750571998586
35.0,180.0,34.066329420231135
35.0,181.0,34.10990149081814
35.0,182.0,34.1506070465298
35.0,183.0,34.18857829311894
35.0,184.0,34.22393993914318
35.0,185.0,34.25680935058769
35.0,186.0,34.28729710211284
35.0,187.0,34.31550713298681
35.0,188.0,34.34153728927061
35.0,189.0,34.36547948143798
35.0,190.0,34.38742021845137
35.0,191.0,34.407440768567554
35.0,192.0,34.42561768708454
35.0,193.0,34.44202298231471
35.0,194.0,34.4567246389373
35.0,195.0,34.46978679089022
35.0,196.0,34.481270241652375
35.0,197.0,34.49123264475546
35.0,198.0,34.499729020837464
35.0,199.0,34.506811944506495
35.0,200.0,34.51253205557119
35.0,201.0,34.516938248059056
35.0,202.0,34.520078169657765
35.0,203.0,34.52199840489634
35.0,204.0,34.52274495272505
35.0,205.0,34.52236339153918
35.0,206.0,34.5208993204638
35.0,207.0,34.51839848968455
35.0,208.0,34.514907187211
35.0,209.0,34.510472314870114
35.0,210.0,34.505141700237616
35.0,211.0,34.49896409789071
35.0,212.0,34.49198940709894
35.0,213.0,34.48426858074162
35.0,214.0,34.475853734284115
35.0,215.0,34.46679795188812
35.0,216.0,34.457155281477455
35.0,217.0,34.44698043876388
35.0,218.0,34.4363286959445
35.0,219.0,34.425255498064615
35.0,220.0,34.41381626686096
35.0,221.0,34.40206595730379
35.0,222.0,34.390058810145334
35.0,223.0,34.37784788633052
35.0,224.0,34.36548480878568
35.0,225.0,34.353019315970165
35.0,226.0,34.340499033378634
35.0,227.0,34.32796908378463
35.0,228.0,34.31547192183053
35.0,229.0,34.303047028529505
35.0,230.0,34.29073083014968
35.0,231.0,34.27855649098364
35.0,232.0,34.266553923640785
35.0,233.0,34.25474968026096
35.0,234.0,34.24316704847356
35.0,235.0,34.23182602990759
35.0,236.0,34.22074350668585
35.0,237.0,34.20993328883784
35.0,238.0,34.199406331159146
35.0,239.0,34.1891708282115
35.0,240.0,34.179232460384085
35.0,241.0,34.16959451582625
35.0,242.0,34.16025814655855
35.0,243.0,34.151222499716404
35.0,244.0,34.14248496830479
35.0,245.0,34.13404131830187
35.0,246.0,34.12588592300332
35.0,247.0,34.11801187686319
35.0,248.0,34.110411206523125
35.0,249.0,34.10307496612235
35.0,250.0,34.09599342159247
35.0,251.0,34.08915612524203
35.0,252.0,34.082552072543706
35.0,253.0,34.07616975602285
35.0,254.0,34.069997295586894
35.0,255.0,34.06402247320085
35.0,256.0,34.05823283892879
35.0,257.0,34.0526157287097
35.0,258.0,34.04715834885979
35.0,259.0,34.041847779632135
35.0,260.0,34.03667104112571
35.0,261.0,34.031615085373176
35.0,262.0,34.02666684655443
35.0,263.0,34.02181322423149
35.0,264.0,34.01704112058054
35.0,265.0,34.0123374171739
35.0,266.0,34.00768900170359
35.0,267.0,34.00308274046581
35.0,268.0,33.99850549680606
35.0,269.0,33.993944101235165
35.0,270.0,33.989385363617956
35.0,271.0,33.98481604267062
35.0,272.0,33.9802228537637
35.0,273.0,33.975592439435765
35.0,274.0,33.97091137459945
35.0,275.0,33.96616613966512
35.0,276.0,33.961343124931744
35.0,277.0,33.956428607948304
35.0,278.0,33.951408758939785
35.0,279.0,33.94626962414113
35.0,280.0,33.940997134246246
35.0,281.0,33.93557709562045
35.0,282.0,33.9299952039546
35.0,283.0,33.92423704547993
35.0,284.0,33.91828811823764
35.0,285.0,33.91213384565589
35.0,286.0,33.905759608071136
35.0,287.0,33.89915077123565
35.0,288.0,33.892292730895484
35.0,289.0,33.885170958911395
35.0,290.0,33.87777106372973
35.0,291.0,33.87007885672631
35.0,292.0,33.86208043119263
35.0,293.0,33.85376225112813
35.0,294.0,33.84511125076669
35.0,295.0,33.8361149471974
35.0,296.0,33.82676156131616
35.0,297.0,33.8170401541841
35.0,298.0,33.80694076844549
35.0,299.0,33.79645458608908
35.0,300.0,33.78557408670474
35.0,301.0,33.77429322121745
35.0,302.0,33.76260757984512
35.0,303.0,33.750514572495625
35.0,304.0,33.73801359511203
35.0,305.0,33.72510620306736
35.0,306.0,33.71179626020216
35.0,307.0,33.698090087349854
35.0,308.0,33.683996574593806
35.0,309.0,33.669527283988295
35.0,310.0,33.65469650351667
35.0,311.0,33.63952128237317
35.0,312.0,33.624021406058766
35.0,313.0,33.608219345468335
35.0,314.0,33.592140137557365
35.0,315.0,33.57581123667709
35.0,316.0,33.55926229459012
35.0,317.0,33.54252491376762
35.0,318.0,33.525632333337626
35.0,319.0,33.50861909783306
35.0,320.0,33.4915206696951
35.0,321.0,33.47437304045442
35.0,322.0,33.45721230252094
35.0,323.0,33.440074239696386
35.0,324.0,33.422993898017445
35.0,325.0,33.406005196144434
35.0,326.0,33.389140535018704
35.0,327.0,33.37243046500918
35.0,328.0,33.35590336709719
35.0,329.0,33.33958520373019
35.0,330.0,33.32349929212654
35.0,331.0,33.30766615227578
35.0,332.0,33.29210337890558
35.0,333.0,33.2768255862771
35.0,334.0,33.26184437253941
35.0,335.0,33.24716834968147
35.0,336.0,33.232803184643615
35.0,337.0,33.218751695574696
35.0,338.0,33.205013949063954
35.0,339.0,33.19158740095926
35.0,340.0,33.17846702811864
35.0,341.0,33.16564549273372
35.0,342.0,33.153113289039624
35.0,343.0,33.14085891314571
35.0,344.0,33.128869008917256
35.0,345.0,33.11712852951132
35.0,346.0,33.10562087102551
35.0,347.0,33.09432801629227
35.0,348.0,33.083230649072135
35.0,349.0,33.072308274545115
35.0,350.0,33.061539310350625
35.0,351.0,33.05090118132532
35.0,352.0,33.04037038638564
35.0,353.0,33.029922567333315
35.0,354.0,33.01953255245968
35.0,355.0,33.00917440075536
35.0,356.0,32.99882142431428
35.0,357.0,32.98844621019561
35.0,358.0,32.97802062438599
35.0,359.0,32.96751581404107
35.0,360.0,32.95690219609362
35.0,361.0,32.94614944280691
35.0,362.0,32.93522645824166
35.0,363.0,32.92410135011686
35.0,364.0,32.912741397389176
35.0,365.0,32.901113011445204
35.0,366.0,32.8891816980949
35.0,367.0,32.87691201119317
35.0,368.0,32.86426751247569
35.0,369.0,32.85121072088853
35.0,370.0,32.83770307395251
35.0,371.0,32.823704876413885
35.0,372.0,32.809175267253465
35.0,373.0,32.79407217179369
35.0,374.0,32.77835227910087
35.0,375.0,32.76197100242003
35.0,376.0,32.74488247257185
35.0,377.0,32.727039512549744
35.0,378.0,32.70839365359388
35.0,379.0,32.68889513097193
35.0,380.0,32.668492930706606
35.0,381.0,32.6471348149438
35.0,382.0,32.624767408771206
35.0,383.0,32.60133626508743
35.0,384.0,32.57678600248321
35.0,385.0,32.55106042103637
35.0,386.0,32.524102703669186
35.0,387.0,32.49585559559775
35.0,388.0,32.46626168266851
35.0,389.0,32.43526364796698
35.0,390.0,32.40280464098904
35.0,391.0,32.36882862470767
35.0,392.0,32.33328084851892
35.0,393.0,32.29610829727061
35.0,394.0,32.25726027806077
35.0,395.0,32.21668897860534
35.0,396.0,32.174350172367575
35.0,397.0,32.130203886370246
35.0,398.0,32.08421521999967
35.0,399.0,32.03635511121921
35.0,400.0,31.98660125112008
35.0,401.0,31.93493892207924
35.0,402.0,31.881361972642743
35.0,403.0,31.8258736818339
35.0,404.0,31.768487738135082
35.0,405.0,31.70922906243128
35.0,406.0,31.648134713008865
35.0,407.0,31.585254578671545
35.0,408.0,31.52065211284364
35.0,409.0,31.45440479312299
35.0,410.0,31.38660457740871
35.0,411.0,31.31735802272655
35.0,412.0,31.246786361142753
35.0,413.0,31.175025185171513
35.0,414.0,31.102224066289217
35.0,415.0,31.02854575031096
35.0,416.0,30.954165288120045
35.0,417.0,30.879268740854744
35.0,418.0,30.804051856579495
35.0,419.0,30.7287183541038
35.0,420.0,30.653478249605158
35.0,421.0,30.578545855488624
35.0,422.0,30.504137921615023
35.0,423.0,30.430471535318276
35.0,424.0,30.35776227717934
35.0,425.0,30.286222226691685
35.0,426.0,30.216058332607485
35.0,427.0,30.147470710579267
35.0,428.0,30.08065139298975
35.0,429.0,30.015783055399133
35.0,430.0,29.95303825029667
35.0,431.0,29.892578631804685
35.0,432.0,29.834554707673682
35.0,433.0,29.779105562917778
35.0,434.0,29.726359100426443
35.0,435.0,29.676432207950004
35.0,436.0,29.629431411055297
35.0,437.0,29.585453391991
35.0,438.0,29.544585953804695
35.0,439.0,29.506908785317027
35.0,440.0,29.472494630500282
35.0,441.0,29.441410197370413
35.0,442.0,29.413717436992112
35.0,443.0,29.389474509488632
35.0,444.0,29.368737095927457
35.0,445.0,29.351559355667668
35.0,446.0,29.337995216230837
35.0,447.0,29.328099277933024
35.0,448.0,29.32192804759178
35.0,449.0,29.31954076564346
35.0,450.0,29.3210005668448
35.0,451.0,29.326375220284103
35.0,452.0,29.335738213186296
35.0,453.0,29.34916940500436
35.0,454.0,29.366756039060476
35.0,455.0,29.388593318585567
35.0,456.0,29.414785355766067
35.0,457.0,29.44544568084773
35.0,458.0,29.480698139927814
35.0,459.0,29.52067734878057
35.0,460.0,29.565529550131753
35.0,461.0,29.615413022331868
35.0,462.0,29.670498904432893
35.0,463.0,29.730971566705023
35.0,464.0,29.797029407988962
35.0,465.0,29.868885190618357
35.0,466.0,29.946766809456406
35.0,467.0,30.03091758818169
35.0,468.0,30.12159701319475
35.0,469.0,30.219080981444968
35.0,470.0,30.323662484951665
35.0,471.0,30.43565179228794
35.0,472.0,30.555377060658792
35.0,473.0,30.683184423645827
35.0,474.0,30.819438497439638
35.0,475.0,30.96452233630332
35.0,476.0,31.118837787498656
35.0,477.0,31.282805263008882
35.0,478.0,31.456863883842882
35.0,479.0,31.641471001860115
35.0,480.0,31.837102058580843
35.0,481.0,32.044249774714146
35.0,482.0,32.26342363175934
35.0,483.0,32.49514862968901
35.0,484.0,32.73996428241029
35.0,485.0,32.99842282724631
35.0,486.0,33.27108760938183
35.0,487.0,33.558530612431866
35.0,488.0,33.861330094979614
35.0,489.0,34.1800673028896
35.0,490.0,34.5153232169085
35.0,491.0,34.86767430916554
35.0,492.0,35.23768827002458
35.0,493.0,35.62591868968339
35.0,494.0,36.03289966206573
35.0,495.0,36.45913931528139
35.0,496.0,36.90511324852705
35.0,497.0,37.37125691083179
35.0,498.0,37.857957921975405
35.0,499.0,38.36554741501846
35.0,500.0,38.8942914303821
35.0,501.0,39.44438149817218
35.0,502.0,40.015925476597566
35.0,503.0,40.60893785147655
35.0,504.0,41.22333060693
35.0,505.0,41.85890394568857
35.0,506.0,42.515338007489696
35.0,507.0,43.192184932056904
35.0,508.0,43.88886243679841
35.0,509.0,44.60464830361077
35.0,510.0,45.33867693359231
35.0,511.0,46.0899373749867
35.0,512.0,46.85727392268943
35.0,513.0,47.63938865467201
35.0,514.0,48.43484688397606
35.0,515.0,49.24208479636908
35.0,516.0,50.059420076304924
35.0,517.0,50.88506465211022
35.0,518.0,51.71714015119071
35.0,519.0,52.55369504238211
35.0,520.0,53.392723845341095
35.0,521.0,54.23218725759128
35.0,522.0,55.070033413008154
35.0,523.0,55.90421906497992
35.0,524.0,56.73273082262871
35.0,525.0,57.553605271345894
35.0,526.0,58.36494811526327
35.0,527.0,59.16495130629407
35.0,528.0,59.95190838737926
35.0,529.0,60.72422721698843
35.0,530.0,61.48044043744152
35.0,531.0,62.2192130836429
35.0,532.0,62.93934783086907
35.0,533.0,63.63978749289494
35.0,534.0,64.31961536959385
35.0,535.0,64.97805322579634
35.0,536.0,65.61445754503194
35.0,537.0,66.22831395479284
35.0,538.0,66.81923045261593
35.0,539.0,67.38692939316235
35.0,540.0,67.9312388025831
35.0,541.0,68.45208300645827
35.0,542.0,68.94947304212239
35.0,543.0,69.42349684706772
35.0,544.0,69.87430958264063
35.0,545.0,70.30212408416688
35.0,546.0,70.70720168191964
35.0,547.0,71.08984338799382
35.0,548.0,71.45038158377648
35.0,549.0,71.78917221734417
35.0,550.0,72.10658754487253
35.0,551.0,72.4030094521193
35.0,552.0,72.67882329951334
35.0,553.0,72.93441236574331
35.0,554.0,73.170152751935
35.0,555.0,73.38640887054426
35.0,556.0,73.58352930691454
35.0,557.0,73.76184323507104
35.0,558.0,73.9216571068798
35.0,559.0,74.06325185965004
35.0,560.0,74.18688029602994
35.0,561.0,74.29276494900238
35.0,562.0,74.38109602269469
35.0,563.0,74.45202979231793
35.0,564.0,74.5056869919692
35.0,565.0,74.54215164585014
35.0,566.0,74.56146981019234
35.0,567.0,74.563648754693
35.0,568.0,74.54865598952709
35.0,569.0,74.51641874054457
35.0,570.0,74.46682321761801
35.0,571.0,74.39971435283833
35.0,572.0,74.3148952926069
35.0,573.0,74.21212739454084
35.0,574.0,74.09112995266237
35.0,575.0,73.95158047604747
35.0,576.0,73.79311468435473
35.0,577.0,73.61532711962738
35.0,578.0,73.41777147843754
35.0,579.0,73.19996163781309
35.0,580.0,72.96137242045391
35.0,581.0,72.70144114631597
35.0,582.0,72.41956895823883
35.0,583.0,72.11512304149555
35.0,584.0,71.78743866754813
35.0,585.0,71.43582225313966
35.0,586.0,71.05955430742073
35.0,587.0,70.65789352684553
35.0,588.0,70.23008085167179
35.0,589.0,69.77534480815163
35.0,590.0,69.29290688846405
35.0,591.0,68.78198835037756
35.0,592.0,68.24181712172603
35.0,593.0,67.67163624033061
35.0,594.0,67.07071243946552
35.0,595.0,66.43834634561131
35.0,596.0,65.77388281244454
35.0,597.0,65.07672287805364
35.0,598.0,64.34633576915428
35.0,599.0,63.58227244109817
35.0,600.0,62.78417896171995
35.0,601.0,61.95181121066379
35.0,602.0,61.0850490723143
35.0,603.0,60.183911561176934
35.0,604.0,59.24857091987486
35.0,605.0,58.27936708921701
35.0,606.0,57.276820457189906
35.0,607.0,56.241644256456645
35.0,608.0,55.17475440835873
35.0,609.0,54.07727818537886
35.0,610.0,52.95055943075897
35.0,611.0,51.79616176762574
35.0,612.0,50.61586755146977
35.0,613.0,49.4116741381384
35.0,614.0,48.18578532634361
35.0,615.0,46.94059977277101
35.0,616.0,45.678694429583835
35.0,617.0,44.402805096866366
35.0,618.0,43.11580238477306
35.0,619.0,41.82066549580672
35.0,620.0,40.52045236460996
35.0,621.0,39.21826884244331
35.0,622.0,37.91723563662807
35.0,623.0,36.62045586329906
35.0,624.0,35.33098197172066
35.0,625.0,34.05178492362487
35.0,626.0,32.785724287535274
35.0,627.0,31.535522010561294
35.0,628.0,30.303738304477665
35.0,629.0,29.092752181933847
35.0,630.0,27.904744786851815
35.0,631.0,26.741687786943714
35.0,632.0,25.60533467747293
35.0,633.0,24.49721701949344
35.0,634.0,23.41864322117202
35.0,635.0,22.370701709002326
35.0,636.0,21.354265942928322
35.0,637.0,20.37000303155982
35.0,638.0,19.418383337268907
35.0,639.0,18.49969281576072
35.0,640.0,17.614045490547998
35.0,641.0,16.761397852918932
35.0,642.0,15.941562648502964
35.0,643.0,15.154223918774246
35.0,644.0,14.398950844272212
35.0,645.0,13.675212344601723
35.0,646.0,12.98239007291573
35.0,647.0,12.319791839470717
35.0,648.0,11.686663185515743
35.0,649.0,11.082199205333568
35.0,650.0,10.505554407802892
35.0,651.0,9.955852758864635
35.0,652.0,9.432195751628463
35.0,653.0,8.933670669868874
35.0,654.0,8.459356933874403
35.0,655.0,8.00833270209825
35.0,656.0,7.57967964960226
35.0,657.0,7.172488091063662
35.0,658.0,6.785860394394876
35.0,659.0,6.418914836926224
35.0,660.0,6.0707878712131835
35.0,661.0,5.740636929232122
35.0,662.0,5.427641751348332
35.0,663.0,5.131006340439554
35.0,664.0,4.849959546935832
35.0,665.0,4.583756353168092
35.0,666.0,4.331677883410186
35.0,667.0,4.09303217349384
35.0,668.0,3.8671537489981285
35.0,669.0,3.6534040095610085
35.0,670.0,3.451170493336868
35.0,671.0,3.2598669814211862
35.0,672.0,3.078932543872197
35.0,673.0,2.9078314482644325
35.0,674.0,2.7460520626161355
35.0,675.0,2.593106633692888
35.0,676.0,2.4485301052739636
35.0,677.0,2.311879816446265
35.0,678.0,2.182734279660906
35.0,679.0,2.0606928366779673
35.0,680.0,1.945374429532075
35.0,681.0,1.8364172416899216
35.0,682.0,1.7334774860152236
35.0,683.0,1.6362290507266632
35.0,684.0,1.5443623213706081
35.0,685.0,1.457583844965946
35.0,686.0,1.3756151975186353
35.0,687.0,1.298192674989384
35.0,688.0,1.2250662137140853
35.0,689.0,1.155999113247244
35.0,690.0,1.0907670139245884
35.0,691.0,1.0291576539785285
35.0,692.0,0.9709699061734215
35.0,693.0,0.9160135696586635
35.0,694.0,0.864108465941735
35.0,695.0,0.8150842645759891
35.0,696.0,0.7687796375646097
35.0,697.0,0.7250421170419137
35.0,698.0,0.683727306405051
35.0,699.0,0.644698767534842
35.0,700.0,0.6078272864383711
35.0,701.0,0.5729907871855326
35.0,702.0,0.5400736495417732
35.0,703.0,0.5089666466053274
35.0,704.0,0.47956631175872616
35.0,705.0,0.4517748969295184
35.0,706.0,0.4254997861483119
35.0,707.0,0.4006534713845834
35.0,708.0,0.3771530100348389
35.0,709.0,0.3549200153760437
35.0,710.0,0.3338801553949476
35.0,711.0,0.31396315503304245
35.0,712.0,0.29510233388845775
35.0,713.0,0.2772346175820362
35.0,714.0,0.2603001120026077
35.0,715.0,0.24424212129189632
35.0,716.0,0.22900675645228835
35.0,717.0,0.2145429576202477
35.0,718.0,0.20080213500561145
35.0,719.0,0.18773819329286578
35.0,720.0,0.17530720302736724
35.0,721.0,0.16346742514695586
35.0,722.0,0.15217901106975257
35.0,723.0,0.14140402551227693
35.0,724.0,0.13110617366322955
35.0,725.0,0.12125082058667658
35.0,726.0,0.11180474398497413
35.0,727.0,0.10273614861555525
35.0,728.0,0.09401444325298684
35.0,729.0,0.08561024866484834
35.0,730.0,0.07749519747735951
35.0,731.0,0.0696419343595333
35.0,732.0,0.0620239375786943
35.0,733.0,0.05461551013252236
35.0,734.0,0.047391621850099874
35.0,735.0,0.04032789028878449
35.0,736.0,0.03340044229328814
35.0,737.0,0.026585883538754893
35.0,738.0,0.019861178504941953
35.0,739.0,0.013203607598686908
35.0,740.0,0.006590664532693637
35.0,741.0,0.0
36.0,0.0,0.0
36.0,1.0,0.002917763416728638
36.0,2.0,0.005845390346661863
36.0,3.0,0.008792779074009542
36.0,4.0,0.011769890511263616
36.0,5.0,0.014786790318572307
36.0,6.0,0.017853670284551416
36.0,7.0,0.020980898231274015
36.0,8.0,0.024179033363757953
36.0,9.0,0.027458884405652067
36.0,10.0,0.030831519375730344
36.0,11.0,0.034308332412444124
36.0,12.0,0.037901048454328914
36.0,13.0,0.04162179922998011
36.0,14.0,0.045483123343334673
36.0,15.0,0.04949805192937454
36.0,16.0,0.05368010467488151
36.0,17.0,0.05804338566933834
36.0,18.0,0.06260257592706295
36.0,19.0,0.06737303999740536
36.0,20.0,0.07237081559521163
36.0,21.0,0.07761273157451008
36.0,22.0,0.08311639532104269
36.0,23.0,0.0889003227391326
36.0,24.0,0.09498392411246627
36.0,25.0,0.10138764680455505
36.0,26.0,0.10813296035183068
36.0,27.0,0.11524251263370841
36.0,28.0,0.12274011502493622
36.0,29.0,0.1306509128511425
36.0,30.0,0.13900137149452868
36.0,31.0,0.1478194620140042
36.0,32.0,0.15713464916859998
36.0,33.0,0.16697809314644627
36.0,34.0,0.1773826405420235
36.0,35.0,0.18838304320327653
36.0,36.0,0.20001595326957455
36.0,37.0,0.21232016020827008
36.0,38.0,0.2253365910865841
36.0,39.0,0.23910856692386243
36.0,40.0,0.2536818094277998
36.0,41.0,0.2691047178309718
36.0,42.0,0.28542838336340626
36.0,43.0,0.302706887764178
36.0,44.0,0.3209973267796387
36.0,45.0,0.34036013153291655
36.0,46.0,0.36085910231856544
36.0,47.0,0.38256175396142417
36.0,48.0,0.4055393611087906
36.0,49.0,0.4298673285978277
36.0,50.0,0.45562524930569015
36.0,51.0,0.4828973003488342
36.0,52.0,0.5117723143140319
36.0,53.0,0.5423442018043225
36.0,54.0,0.5747120365064514
36.0,55.0,0.6089805041394635
36.0,56.0,0.6452600012747717
36.0,57.0,0.6836671100873699
36.0,58.0,0.7243247100806326
36.0,59.0,0.7673624771278912
36.0,60.0,0.8129170061996184
36.0,61.0,0.8611323319420332
36.0,62.0,0.9121600590793358
36.0,63.0,0.9661599001179877
36.0,64.0,1.0232998082048066
36.0,65.0,1.0837565253659662
36.0,66.0,1.1477157101299833
36.0,67.0,1.21537248688819
36.0,68.0,1.2869315574113405
36.0,69.0,1.3626077383182655
36.0,70.0,1.4426260415859158
36.0,71.0,1.527222182592354
36.0,72.0,1.6166426097000042
36.0,73.0,1.7111449597599047
36.0,74.0,1.8109980107081332
36.0,75.0,1.9164820546680752
36.0,76.0,2.0278887401529833
36.0,77.0,2.1455213249298635
36.0,78.0,2.2696943658630375
36.0,79.0,2.4007338045672273
36.0,80.0,2.538976453300388
36.0,81.0,2.68476985638174
36.0,82.0,2.8384715102240996
36.0,83.0,3.0004484330613
36.0,84.0,3.1710760469291728
36.0,85.0,3.350737378392945
36.0,86.0,3.539821521266254
36.0,87.0,3.738722383285445
36.0,88.0,3.947836642479464
36.0,89.0,4.167561951374392
36.0,90.0,4.398294299884584
36.0,91.0,4.640425592782113
36.0,92.0,4.894340341357536
36.0,93.0,5.16041254557836
36.0,94.0,5.439001659980169
36.0,95.0,5.730448743884162
36.0,96.0,6.0350716889112705
36.0,97.0,6.353160653683651
36.0,98.0,6.684972605552889
36.0,99.0,7.030726134261183
36.0,100.0,7.390595451725751
36.0,101.0,7.76470478334007
36.0,102.0,8.153122085885707
36.0,103.0,8.55585334154723
36.0,104.0,8.972836387697349
36.0,105.0,9.403935575541656
36.0,106.0,9.848936240167877
36.0,107.0,10.307540311491664
36.0,108.0,10.779362061964145
36.0,109.0,11.263925340883688
36.0,110.0,11.760661285530897
36.0,111.0,12.268907853814975
36.0,112.0,12.787910135315434
36.0,113.0,13.31682274756933
36.0,114.0,13.854713208806512
36.0,115.0,14.400567522215669
36.0,116.0,14.953296767922817
36.0,117.0,15.511745839857667
36.0,118.0,16.074703012116068
36.0,119.0,16.640911365417203
36.0,120.0,17.209080651487053
36.0,121.0,17.777900534580255
36.0,122.0,18.346053710579202
36.0,123.0,18.912229789922293
36.0,124.0,19.475138416562817
36.0,125.0,20.033522509076207
36.0,126.0,20.586170124620185
36.0,127.0,21.131925884560683
36.0,128.0,21.669700540120036
36.0,129.0,22.198479707991005
36.0,130.0,22.71733046129733
36.0,131.0,23.22540691217976
36.0,132.0,23.721953583191837
36.0,133.0,24.20630780147072
36.0,134.0,24.677900008095236
36.0,135.0,25.136253288168767
36.0,136.0,25.5809810798988
36.0,137.0,26.01178440588592
36.0,138.0,26.428447618371834
36.0,139.0,26.83083400668955
36.0,140.0,27.218880264412594
36.0,141.0,27.592591144016733
36.0,142.0,27.95203328328445
36.0,143.0,28.297329494834752
36.0,144.0,28.62865248013062
36.0,145.0,28.94621921577906
36.0,146.0,29.250284948842587
36.0,147.0,29.541138004971273
36.0,148.0,29.819094325044123
36.0,149.0,30.08449289380565
36.0,150.0,30.337690961635733
36.0,151.0,30.57906018816491
36.0,152.0,30.808982601724754
36.0,153.0,31.027847474374944
36.0,154.0,31.23604800639607
36.0,155.0,31.43397889612068
36.0,156.0,31.62203369491159
36.0,157.0,31.800603003263102
36.0,158.0,31.970072418514995
36.0,159.0,32.13082127302782
36.0,160.0,32.28322108753263
36.0,161.0,32.42763476306942
36.0,162.0,32.56441545295353
36.0,163.0,32.693906123578564
36.0,164.0,32.816438763908515
36.0,165.0,32.93233423805363
36.0,166.0,33.041901760285405
36.0,167.0,33.145438972229556
36.0,168.0,33.243231621770505
36.0,169.0,33.33555380824109
36.0,170.0,33.4226678140137
36.0,171.0,33.504824471248796
36.0,172.0,33.58226310473726
36.0,173.0,33.65521198306646
36.0,174.0,33.72388834000928
36.0,175.0,33.7884988811338
36.0,176.0,33.84923985858863
36.0,177.0,33.90629761116154
36.0,178.0,33.95984867369225
36.0,179.0,34.0100603344268
36.0,180.0,34.05709076558116
36.0,181.0,34.10108958664718
36.0,182.0,34.142198006950856
36.0,183.0,34.1805493874652
36.0,184.0,34.21626938967775
36.0,185.0,34.24947653157058
36.0,186.0,34.280282339838095
36.0,187.0,34.308791898096096
36.0,188.0,34.33510400154713
36.0,189.0,34.35931169723584
36.0,190.0,34.38150244168167
36.0,191.0,34.40175863412089
36.0,192.0,34.42015777840929
36.0,193.0,34.43677301065602
36.0,194.0,34.45167326679574
36.0,195.0,34.464923805763156
36.0,196.0,34.47658638347135
36.0,197.0,34.4867197716191
36.0,198.0,34.495379937312215
36.0,199.0,34.502620555674525
36.0,200.0,34.50849319197472
36.0,201.0,34.513047803430254
36.0,202.0,34.51633291751726
36.0,203.0,34.51839611485705
36.0,204.0,34.51928419363195
36.0,205.0,34.51904362158487
36.0,206.0,34.51772067263009
36.0,207.0,34.51536183240996
36.0,208.0,34.51201389005202
36.0,209.0,34.50772427932068
36.0,210.0,34.50254110704219
36.0,211.0,34.49651341173262
36.0,212.0,34.48969111155691
36.0,213.0,34.48212516539036
36.0,214.0,34.47386742809531
36.0,215.0,34.4649707057929
36.0,216.0,34.45548851485532
36.0,217.0,34.44547503337268
36.0,218.0,34.43498477167655
36.0,219.0,34.424072434134956
36.0,220.0,34.41279252127219
36.0,221.0,34.401199127713696
36.0,222.0,34.38934550637471
36.0,223.0,34.377283836856904
36.0,224.0,34.36506478814946
36.0,225.0,34.35273729484654
36.0,226.0,34.34034815473558
36.0,227.0,34.32794184701466
36.0,228.0,34.31556019503417
36.0,229.0,34.30324225209072
36.0,230.0,34.291024049044935
36.0,231.0,34.278938561459334
36.0,232.0,34.26701554943114
36.0,233.0,34.25528160757631
36.0,234.0,34.243760092868314
36.0,235.0,34.23247124864927
36.0,236.0,34.221432207527265
36.0,237.0,34.210657173670775
36.0,238.0,34.20015748278443
36.0,239.0,34.1899418237734
36.0,240.0,34.18001633637162
36.0,241.0,34.170384853341986
36.0,242.0,34.16104901767941
36.0,243.0,34.152008528866425
36.0,244.0,34.143261264658584
36.0,245.0,34.134803518482116
36.0,246.0,34.12663011463091
36.0,247.0,34.118734627780846
36.0,248.0,34.11110948422579
36.0,249.0,34.10374615807637
36.0,250.0,34.096635254466726
36.0,251.0,34.089766679969124
36.0,252.0,34.08312970629898
36.0,253.0,34.076713114698045
36.0,254.0,34.0705052405223
36.0,255.0,34.064494092859604
36.0,256.0,34.0586673815843
36.0,257.0,34.05301261439206
36.0,258.0,34.04751710857761
36.0,259.0,34.04216806813063
36.0,260.0,34.03695258277999
36.0,261.0,34.0318576879365
36.0,262.0,34.02687035357688
36.0,263.0,34.02197752975946
36.0,264.0,34.0171661277985
36.0,265.0,34.012423053909856
36.0,266.0,34.00773518493202
36.0,267.0,34.003089392448125
36.0,268.0,33.99847251510073
36.0,269.0,33.99387137533289
36.0,270.0,33.98927275015821
36.0,271.0,33.98466338249754
36.0,272.0,33.9800299521295
36.0,273.0,33.97535908348995
36.0,274.0,33.970637318454905
36.0,275.0,33.96585112242803
36.0,276.0,33.96098686060395
36.0,277.0,33.956030804197454
36.0,278.0,33.95096911190105
36.0,279.0,33.945787838204794
36.0,280.0,33.94047292189061
36.0,281.0,33.935010198543964
36.0,282.0,33.92938539810459
36.0,283.0,33.923584163860525
36.0,284.0,33.91759206127542
36.0,285.0,33.91139460595119
36.0,286.0,33.904977286136834
36.0,287.0,33.89832560229965
36.0,288.0,33.891425105832454
36.0,289.0,33.88426145291694
36.0,290.0,33.876820461904465
36.0,291.0,33.86908818399655
36.0,292.0,33.861050981474065
36.0,293.0,33.8526956172407
36.0,294.0,33.844009355388394
36.0,295.0,33.834980070713435
36.0,296.0,33.82559637189017
36.0,297.0,33.815847730535836
36.0,298.0,33.805724625388905
36.0,299.0,33.79521868825536
36.0,300.0,33.784322864971216
36.0,301.0,33.77303157257556
36.0,302.0,33.76134086950915
36.0,303.0,33.74924861474033
36.0,304.0,33.736754635826834
36.0,305.0,33.72386087680506
36.0,306.0,33.710571548890925
36.0,307.0,33.69689325034459
36.0,308.0,33.682835081468426
36.0,309.0,33.66840871727249
36.0,310.0,33.653628467041734
36.0,311.0,33.63851128051189
36.0,312.0,33.623076733683156
36.0,313.0,33.607346952345516
36.0,314.0,33.59134651080312
36.0,315.0,33.5751022634692
36.0,316.0,33.55864315185356
36.0,317.0,33.54199994522051
36.0,318.0,33.52520496268432
36.0,319.0,33.50829173613723
36.0,320.0,33.49129466662044
36.0,321.0,33.474248634482365
36.0,322.0,33.4571886196699
36.0,323.0,33.44014929261827
36.0,324.0,33.423164634144534
36.0,325.0,33.40626754369494
36.0,326.0,33.38948949451433
36.0,327.0,33.37286019274032
36.0,328.0,33.356407297468884
36.0,329.0,33.34015615563154
36.0,330.0,33.324129606083645
36.0,331.0,33.30834780343622
36.0,332.0,33.292828112954595
36.0,333.0,33.277585024291696
36.0,334.0,33.26263013247656
36.0,335.0,33.247972132211636
36.0,336.0,33.23361687152767
36.0,337.0,33.21956741041667
36.0,338.0,33.2058241287286
36.0,339.0,33.19238482977344
36.0,340.0,33.179244882618065
36.0,341.0,33.16639735139963
36.0,342.0,33.15383315355662
36.0,343.0,33.14154119797848
36.0,344.0,33.129508543816115
36.0,345.0,33.11772053419053
36.0,346.0,33.106160944077104
36.0,347.0,33.094812100216735
36.0,348.0,33.08365501039687
36.0,349.0,33.072669463839986
36.0,350.0,33.06183413754473
36.0,351.0,33.05112667443592
36.0,352.0,33.040523765070056
36.0,353.0,33.03000120310933
36.0,354.0,33.019533942610835
36.0,355.0,33.00909613197329
36.0,356.0,32.99866114830403
36.0,357.0,32.988201611998655
36.0,358.0,32.97768940045256
36.0,359.0,32.96709564601712
36.0,360.0,32.95639073174184
36.0,361.0,32.945544275751914
36.0,362.0,32.93452511191023
36.0,363.0,32.9233012638077
36.0,364.0,32.9118399133379
36.0,365.0,32.9001073675877
36.0,366.0,32.88806901841451
36.0,367.0,32.87568930565275
36.0,368.0,32.862931670946494
36.0,369.0,32.849758520910406
36.0,370.0,32.83613117875418
36.0,371.0,32.82200985140241
36.0,372.0,32.80735358289299
36.0,373.0,32.79212023000399
36.0,374.0,32.77626642204512
36.0,375.0,32.75974755028467
36.0,376.0,32.742517739598014
36.0,377.0,32.72452985794251
36.0,378.0,32.705735506380755
36.0,379.0,32.68608505600641
36.0,380.0,32.66552766409932
36.0,381.0,32.64401134722239
36.0,382.0,32.621483032633115
36.0,383.0,32.59788867767014
36.0,384.0,32.57317336693406
36.0,385.0,32.5472814894212
36.0,386.0,32.520156893216175
36.0,387.0,32.491743132887876
36.0,388.0,32.46198369423504
36.0,389.0,32.43082232490693
36.0,390.0,32.39820334172434
36.0,391.0,32.3640720568745
36.0,392.0,32.32837517897783
36.0,393.0,32.29106134495651
36.0,394.0,32.25208162269968
36.0,395.0,32.21139015414164
36.0,396.0,32.16894476139531
36.0,397.0,32.124707699004816
36.0,398.0,32.07864635611815
36.0,399.0,32.030734104743075
36.0,400.0,31.980951077516604
36.0,401.0,31.929285083926814
36.0,402.0,31.87573242666096
36.0,403.0,31.820298839725144
36.0,404.0,31.763000287291046
36.0,405.0,31.703863858126436
36.0,406.0,31.64292847166586
36.0,407.0,31.580245645234786
36.0,408.0,31.51588001654364
36.0,409.0,31.44990988831439
36.0,410.0,31.382427469538474
36.0,411.0,31.313539101601066
36.0,412.0,31.24336512774248
36.0,413.0,31.172039720490677
36.0,414.0,31.09971031378553
36.0,415.0,31.026536986008345
36.0,416.0,30.952691432761235
36.0,417.0,30.87835591123007
36.0,418.0,30.803721789175054
36.0,419.0,30.72898811751895
36.0,420.0,30.654359852832222
36.0,421.0,30.580046183897384
36.0,422.0,30.506258577483415
36.0,423.0,30.433209027446967
36.0,424.0,30.361108103910308
36.0,425.0,30.290163309195435
36.0,426.0,30.220577310624865
36.0,427.0,30.15254657202035
36.0,428.0,30.086259920236063
36.0,429.0,30.021897578313393
36.0,430.0,29.959630163552983
36.0,431.0,29.899618189725075
36.0,432.0,29.84201153296442
36.0,433.0,29.786949409443338
36.0,434.0,29.734560288008513
36.0,435.0,29.684962298432108
36.0,436.0,29.63826352636694
36.0,437.0,29.594562772957385
36.0,438.0,29.553950142846062
36.0,439.0,29.516508060338882
36.0,440.0,29.482312054253374
36.0,441.0,29.45143193644898
36.0,442.0,29.42393269429229
36.0,443.0,29.399875749305245
36.0,444.0,29.379319883632274
36.0,445.0,29.362322514506463
36.0,446.0,29.34894060032258
36.0,447.0,29.33923188608726
36.0,448.0,29.33325575370555
36.0,449.0,29.331074411463284
36.0,450.0,29.332753669540228
36.0,451.0,29.33836406115996
36.0,452.0,29.347981537035558
36.0,453.0,29.361688516504948
36.0,454.0,29.379574503392345
36.0,455.0,29.401737072335298
36.0,456.0,29.428282413742362
36.0,457.0,29.459326264096916
36.0,458.0,29.49499438988013
36.0,459.0,29.53542347151178
36.0,460.0,29.580761535887607
36.0,461.0,29.631168802354967
36.0,462.0,29.68681807139681
36.0,463.0,29.747895538083895
36.0,464.0,29.81460114079261
36.0,465.0,29.887149343218187
36.0,466.0,29.965769442057113
36.0,467.0,30.05070631305138
36.0,468.0,30.14222067037588
36.0,469.0,30.240589765330622
36.0,470.0,30.346107582715902
36.0,471.0,30.459085472622085
36.0,472.0,30.57985226024299
36.0,473.0,30.708754781602455
36.0,474.0,30.846157872911448
36.0,475.0,30.992444769886085
36.0,476.0,31.148016930787026
36.0,477.0,31.3132942461556
36.0,478.0,31.48871463607859
36.0,479.0,31.6747340027796
36.0,480.0,31.8718255276277
36.0,481.0,32.08047928342094
36.0,482.0,32.30120114074478
36.0,483.0,32.534511940750974
36.0,484.0,32.78094590473316
36.0,485.0,33.04104925313798
36.0,486.0,33.31537799845947
36.0,487.0,33.60449588437817
36.0,488.0,33.90897143306027
36.0,489.0,34.22937507305947
36.0,490.0,34.5662753118226
36.0,491.0,34.920234926950414
36.0,492.0,35.291806148472986
36.0,493.0,35.681525811214115
36.0,494.0,36.08990946575278
36.0,495.0,36.51744543697059
36.0,496.0,36.96458784480908
36.0,497.0,37.43174959280099
36.0,498.0,37.91929437651419
36.0,499.0,38.427528741744084
36.0,500.0,38.95669329403613
36.0,501.0,39.50695412096277
36.0,502.0,40.07839358873627
36.0,503.0,40.67100161071301
36.0,504.0,41.284666615652135
36.0,505.0,41.919167347837785
36.0,506.0,42.57416479152494
36.0,507.0,43.2491953748465
36.0,508.0,43.943664796875595
36.0,509.0,44.65684363132209
36.0,510.0,45.38786407444806
36.0,511.0,46.13571895029324
36.0,512.0,46.89926232437973
36.0,513.0,47.67721274920845
36.0,514.0,48.46815842906899
36.0,515.0,49.2705651864623
36.0,516.0,50.08278641123579
36.0,517.0,50.90307569406731
36.0,518.0,51.729601195185
36.0,519.0,52.5604622556169
36.0,520.0,53.39370717955751
36.0,521.0,54.22735252258909
36.0,522.0,55.05940273646743
36.0,523.0,55.88787038898455
36.0,524.0,56.71079580551367
36.0,525.0,57.52626631227301
36.0,526.0,58.33243400882636
36.0,527.0,59.127532289162595
36.0,528.0,59.90989019349351
36.0,529.0,60.677944905846694
36.0,530.0,61.43025167850741
36.0,531.0,62.16549161607059
36.0,532.0,62.882476806791324
36.0,533.0,63.580153338228506
36.0,534.0,64.257601867457
36.0,535.0,64.9140363477219
36.0,536.0,65.54880072130172
36.0,537.0,66.16136419446065
36.0,538.0,66.7513149961323
36.0,539.0,67.3183532012601
36.0,540.0,67.86228257155987
36.0,541.0,68.38300192144392
36.0,542.0,68.88049598514426
36.0,543.0,69.35482619546808
36.0,544.0,69.80612135956562
36.0,545.0,70.2345685339506
36.0,546.0,70.64040409118452
36.0,547.0,71.0239051714084
36.0,548.0,71.38538152376213
36.0,549.0,71.72516782715017
36.0,550.0,72.04361651784347
36.0,551.0,72.34109111783566
36.0,552.0,72.61796012503514
36.0,553.0,72.87459137231767
36.0,554.0,73.11134696067988
36.0,555.0,73.3285785943242
36.0,556.0,73.52662347606893
36.0,557.0,73.70580051784411
36.0,558.0,73.86640708490383
36.0,559.0,74.00871595989231
36.0,560.0,74.13297281087178
36.0,561.0,74.23939378379342
36.0,562.0,74.32816357266434
36.0,563.0,74.39943352405213
36.0,564.0,74.45332020075993
36.0,565.0,74.48990389848629
36.0,566.0,74.50922761341857
36.0,567.0,74.51129589226736
36.0,568.0,74.4960741367233
36.0,569.0,74.46348773181798
36.0,570.0,74.41342164471858
36.0,571.0,74.3457198016411
36.0,572.0,74.26018496422387
36.0,573.0,74.15657835155169
36.0,574.0,74.034619804089
36.0,575.0,73.89398767465478
36.0,576.0,73.73431931759482
36.0,577.0,73.55521130080709
36.0,578.0,73.35622028650681
36.0,579.0,73.1368636455797
36.0,580.0,72.89662082574554
36.0,581.0,72.6349344792155
36.0,582.0,72.35121244361976
36.0,583.0,72.04482952314262
36.0,584.0,71.71513023579523
36.0,585.0,71.36143141492424
36.0,586.0,70.98302590068944
36.0,587.0,70.57918614978576
36.0,588.0,70.14916906521839
36.0,589.0,69.69222081223535
36.0,590.0,69.20758298269641
36.0,591.0,68.69449880757367
36.0,592.0,68.15222083233185
36.0,593.0,67.58001868185292
36.0,594.0,66.97718837131299
36.0,595.0,66.34306170734718
36.0,596.0,65.6770172638544
36.0,597.0,64.97849138263658
36.0,598.0,64.24699069507207
36.0,599.0,63.48210450752348
36.0,600.0,62.68351854158866
36.0,601.0,61.85102825168332
36.0,602.0,60.984553191109185
36.0,603.0,60.08415052048857
36.0,604.0,59.15002910143841
36.0,605.0,58.18256214182921
36.0,606.0,57.18229981110906
36.0,607.0,56.14997968093265
36.0,608.0,55.086536406989694
36.0,609.0,53.99310843290292
36.0,610.0,52.871043172769
36.0,611.0,51.721898437238465
36.0,612.0,50.54744166354019
36.0,613.0,49.349644773230395
36.0,614.0,48.130676395655215
36.0,615.0,46.89288941754622
36.0,616.0,45.638805841153705
36.0,617.0,44.37109710797516
36.0,618.0,43.09256215246065
36.0,619.0,41.8061015595012
36.0,620.0,40.514690360779795
36.0,621.0,39.22134802615602
36.0,622.0,37.92910838834315
36.0,623.0,36.64098815195937
36.0,624.0,35.359956815641944
36.0,625.0,34.08890663288697
36.0,626.0,32.83062540061029
36.0,627.0,31.58777055537264
36.0,628.0,30.36284721376379
36.0,629.0,29.158188403803937
36.0,630.0,27.975939903719656
36.0,631.0,26.818047667633042
36.0,632.0,25.686250022928622
36.0,633.0,24.582072371835334
36.0,634.0,23.506826387722633
36.0,635.0,22.461611251912935
36.0,636.0,21.447318793783257
36.0,637.0,20.464639971307747
36.0,638.0,19.51407450048764
36.0,639.0,18.59594103741783
36.0,640.0,17.710389729854423
36.0,641.0,16.85741456747819
36.0,642.0,16.036867398934156
36.0,643.0,15.248471107539181
36.0,644.0,14.49183388623737
36.0,645.0,13.766462183403076
36.0,646.0,13.071774335879041
36.0,647.0,12.407112542276126
36.0,648.0,11.771755259770533
36.0,649.0,11.164927751170831
36.0,650.0,10.585812916787932
36.0,651.0,10.033560199695149
36.0,652.0,9.507294732532541
36.0,653.0,9.00612456376337
36.0,654.0,8.529148148276736
36.0,655.0,8.075459978689757
36.0,656.0,7.644156544436831
36.0,657.0,7.234340525165899
36.0,658.0,6.845125396042031
36.0,659.0,6.475638376129244
36.0,660.0,6.125023879056279
36.0,661.0,5.792445418747458
36.0,662.0,5.477088104488154
36.0,663.0,5.178159698664478
36.0,664.0,4.894892341822533
36.0,665.0,4.626542939362671
36.0,666.0,4.372394281560266
36.0,667.0,4.131754913624082
36.0,668.0,3.9039597921384357
36.0,669.0,3.688369769040098
36.0,670.0,3.4843719023506847
36.0,671.0,3.29137866163966
36.0,672.0,3.1088279889063957
36.0,673.0,2.9361823122039974
36.0,674.0,2.772928432964489
36.0,675.0,2.618576416224017
36.0,676.0,2.4726593638877565
36.0,677.0,2.334732234558891
36.0,678.0,2.2043715482031683
36.0,679.0,2.08117417582287
36.0,680.0,1.964757009504485
36.0,681.0,1.854755751838006
36.0,682.0,1.7508245761208663
36.0,683.0,1.6526349371865026
36.0,684.0,1.5598752392676392
36.0,685.0,1.4722496834397587
36.0,686.0,1.389477954996813
36.0,687.0,1.3112941177262825
36.0,688.0,1.2374463283263828
36.0,689.0,1.1676957839329714
36.0,690.0,1.1018164678508573
36.0,691.0,1.039594153909655
36.0,692.0,0.9808261853726695
36.0,693.0,0.925320537607562
36.0,694.0,0.8728956302911133
36.0,695.0,0.8233794483751841
36.0,696.0,0.7766093864745347
36.0,697.0,0.7324314270543414
36.0,698.0,0.6907000150503797
36.0,699.0,0.651277291493444
36.0,700.0,0.6140329958704712
36.0,701.0,0.5788437529482997
36.0,702.0,0.5455930000650545
36.0,703.0,0.5141703246539271
36.0,704.0,0.48447141349739326
36.0,705.0,0.45639743832925944
36.0,706.0,0.42985502404447234
36.0,707.0,0.4047556797346823
36.0,708.0,0.3810157828886718
36.0,709.0,0.3585560532627445
36.0,710.0,0.3373015502046845
36.0,711.0,0.31718118685245267
36.0,712.0,0.2981277378482206
36.0,713.0,0.28007739147998284
36.0,714.0,0.2629697652068264
36.0,715.0,0.2467474934954638
36.0,716.0,0.2313562487426528
36.0,717.0,0.21674436270306752
36.0,718.0,0.2028628505618321
36.0,719.0,0.1896650639949191
36.0,720.0,0.17710671630853328
36.0,721.0,0.16514556531366845
36.0,722.0,0.1537414376057093
36.0,723.0,0.14285593956765835
36.0,724.0,0.13245247901022156
36.0,725.0,0.1224960027413908
36.0,726.0,0.11295301392277038
36.0,727.0,0.10379133475530768
36.0,728.0,0.09498011803071163
36.0,729.0,0.08648963358335839
36.0,730.0,0.07829127262582876
36.0,731.0,0.07035735670496496
36.0,732.0,0.06266113350761676
36.0,733.0,0.05517660713433328
36.0,734.0,0.04787852414537471
36.0,735.0,0.040742224028596945
36.0,736.0,0.033743614326802514
36.0,737.0,0.026859040227110966
36.0,738.0,0.020065247669000398
36.0,739.0,0.013339271020985494
36.0,740.0,0.006658383114468378
36.0,741.0,0.0
37.0,0.0,0.0
37.0,1.0,0.0029426065928720613
37.0,2.0,0.0058951612955280746
37.0,3.0,0.008867643737954671
37.0,4.0,0.011870103782252919
37.0,5.0,0.014912686289718481
37.0,6.0,0.01800567746303506
37.0,7.0,0.02115952330408659
37.0,8.0,0.02438488403023076
37.0,9.0,0.027692646677259614
37.0,10.0,0.031093988044027413
37.0,11.0,0.034600381910894575
37.0,12.0,0.03822367098274206
37.0,13.0,0.04197606921458976
37.0,14.0,0.04587024324411607
37.0,15.0,0.04991931034302542
37.0,16.0,0.054136929856658605
37.0,17.0,0.05853729733218156
37.0,18.0,0.06313524651475898
37.0,19.0,0.06794624024181327
37.0,20.0,0.07298648358255054
37.0,21.0,0.07827291213141221
37.0,22.0,0.0838233169204379
37.0,23.0,0.08965633079454097
37.0,24.0,0.09579156577411717
37.0,25.0,0.10224959824973272
37.0,26.0,0.10905211952524059
37.0,27.0,0.11622192062950443
37.0,28.0,0.12378305682754769
37.0,29.0,0.13176083291141416
37.0,30.0,0.14018198252772113
37.0,31.0,0.14907465487767743
37.0,32.0,0.15846860977258678
37.0,33.0,0.168395206742904
37.0,34.0,0.17888761679690598
37.0,35.0,0.18998081500828767
37.0,36.0,0.2017118100147718
37.0,37.0,0.21411964122004817
37.0,38.0,0.22724562712488156
37.0,39.0,0.24113336833790472
37.0,40.0,0.25582901587679335
37.0,41.0,0.27138128122769617
37.0,42.0,0.2878417257814817
37.0,43.0,0.30526477920555295
37.0,44.0,0.32370805118092466
37.0,45.0,0.34323235934232216
37.0,46.0,0.3639020644438437
37.0,47.0,0.3857851090697166
37.0,48.0,0.40895337726366604
37.0,49.0,0.4334827450953621
37.0,50.0,0.45945346562069084
37.0,51.0,0.48695023218426775
37.0,52.0,0.5160625893079408
37.0,53.0,0.5468850092875827
37.0,54.0,0.579517329201288
37.0,55.0,0.6140648408806163
37.0,56.0,0.6506387536449988
37.0,57.0,0.689356297045418
37.0,58.0,0.7303412081136492
37.0,59.0,0.7737238453300685
37.0,60.0,0.8196416980590714
37.0,61.0,0.8682395089088822
37.0,62.0,0.9196698015271312
37.0,63.0,0.9740930068108968
37.0,64.0,1.0316780032629658
37.0,65.0,1.0926022402710418
37.0,66.0,1.1570522826642946
37.0,67.0,1.2252239213932279
37.0,68.0,1.2973227106530327
37.0,69.0,1.373564052630331
37.0,70.0,1.4541737114419133
37.0,71.0,1.539387854038277
37.0,72.0,1.6294535201134228
37.0,73.0,1.7246285956452518
37.0,74.0,1.8251822117551668
37.0,75.0,1.9313946206335992
37.0,76.0,2.043557489008771
37.0,77.0,2.1619736383344867
37.0,78.0,2.2869571901027
37.0,79.0,2.4188331232678912
37.0,80.0,2.557937219305356
37.0,81.0,2.7046153802207953
37.0,82.0,2.8592233114610375
37.0,83.0,3.022125534119447
37.0,84.0,3.1936947343550006
37.0,85.0,3.3743103945906094
37.0,86.0,3.564357730292315
37.0,87.0,3.7642258586716477
37.0,88.0,3.9743062394571718
37.0,89.0,4.194990298155966
37.0,90.0,4.426667289503683
37.0,91.0,4.669721298799219
37.0,92.0,4.924528458519948
37.0,93.0,5.191453269446314
37.0,94.0,5.470845126596139
37.0,95.0,5.763033936108478
37.0,96.0,6.068325950523131
37.0,97.0,6.3869987118538125
37.0,98.0,6.719296262016177
37.0,99.0,7.065423520082431
37.0,100.0,7.425541023010909
37.0,101.0,7.7997589456942595
37.0,102.0,8.188131637774545
37.0,103.0,8.590651613673263
37.0,104.0,9.00724427472511
37.0,105.0,9.437762320599555
37.0,106.0,9.881981165742173
37.0,107.0,10.339594332611536
37.0,108.0,10.810210162446648
37.0,109.0,11.293348815889344
37.0,110.0,11.788440909133296
37.0,111.0,12.294826736448508
37.0,112.0,12.811757402482018
37.0,113.0,13.33839676616278
37.0,114.0,13.873825466961993
37.0,115.0,14.417045858723217
37.0,116.0,14.96698904243335
37.0,117.0,15.5225227266944
37.0,118.0,16.08246101304047
37.0,119.0,16.645574734267605
37.0,120.0,17.21060335258409
37.0,121.0,17.77626696162972
37.0,122.0,18.341279333694633
37.0,123.0,18.904360508180037
37.0,124.0,19.46424983860848
37.0,125.0,20.019717994360267
37.0,126.0,20.569578858196934
37.0,127.0,21.11269986402024
37.0,128.0,21.6480117811409
37.0,129.0,22.1745165738811
37.0,130.0,22.691294432870432
37.0,131.0,23.197508707693093
37.0,132.0,23.692409931238778
37.0,133.0,24.17533776209077
37.0,134.0,24.64572211447328
37.0,135.0,25.103082378900226
37.0,136.0,25.547026055515744
37.0,137.0,25.977245752452028
37.0,138.0,26.39351589332056
37.0,139.0,26.795688107761535
37.0,140.0,27.18368664412759
37.0,141.0,27.557502777756945
37.0,142.0,27.917189528854127
37.0,143.0,28.26285564886946
37.0,144.0,28.5946601525521
37.0,145.0,28.912806333802166
37.0,146.0,29.217536501117365
37.0,147.0,29.509126350061795
37.0,148.0,29.787880167881518
37.0,149.0,30.054125771159047
37.0,150.0,30.308210334747805
37.0,151.0,30.550496002564817
37.0,152.0,30.78135640665294
37.0,153.0,31.001172981508972
37.0,154.0,31.210332173317965
37.0,155.0,31.409222433764665
37.0,156.0,31.59823207562962
37.0,157.0,31.777746887796493
37.0,158.0,31.948148567756835
37.0,159.0,32.109812881347935
37.0,160.0,32.263108590945684
37.0,161.0,32.40839607704289
37.0,162.0,32.54602667889977
37.0,163.0,32.676341696575165
37.0,164.0,32.79967206508132
37.0,165.0,32.91633766182797
37.0,166.0,33.02664724320664
37.0,167.0,33.13089799130124
37.0,168.0,33.22937565137256
37.0,169.0,33.322354261529185
37.0,170.0,33.41009643949732
37.0,171.0,33.49285324869953
37.0,172.0,33.570864592174495
37.0,173.0,33.64435917757158
37.0,174.0,33.71355498468777
37.0,175.0,33.778659299946824
37.0,176.0,33.83986923155021
37.0,177.0,33.897371790963675
37.0,178.0,33.95134443609797
37.0,179.0,34.00195518318681
37.0,180.0,34.04936316377416
37.0,181.0,34.09371875521581
37.0,182.0,34.13516414164903
37.0,183.0,34.173833455290215
37.0,184.0,34.20985333510711
37.0,185.0,34.2433430742212
37.0,186.0,34.27441517278742
37.0,187.0,34.30317548922536
37.0,188.0,34.329723785906694
37.0,189.0,34.354153883686905
37.0,190.0,34.37655420044012
37.0,191.0,34.397007909458736
37.0,192.0,34.41559347165615
37.0,193.0,34.43238479882407
37.0,194.0,34.447451780408805
37.0,195.0,34.46086045231538
37.0,196.0,34.47267351849513
37.0,197.0,34.482950524903266
37.0,198.0,34.49174837466228
37.0,199.0,34.499121504881465
37.0,200.0,34.50512239187729
37.0,201.0,34.509801725888416
37.0,202.0,34.51320889984117
37.0,203.0,34.515392173717856
37.0,204.0,34.5163991369203
37.0,205.0,34.51627685054827
37.0,206.0,34.51507227002949
37.0,207.0,34.51283235045244
37.0,208.0,34.509604413528145
37.0,209.0,34.50543619923048
37.0,210.0,34.50037616023861
37.0,211.0,34.494473443402214
37.0,212.0,34.487778096488555
37.0,213.0,34.48034096621093
37.0,214.0,34.47221380698745
37.0,215.0,34.46344908879551
37.0,216.0,34.45410000573415
37.0,217.0,34.4442201963706
37.0,218.0,34.43386366030189
37.0,219.0,34.423084404595464
37.0,220.0,34.41193628749842
37.0,221.0,34.400472614936795
37.0,222.0,34.38874593971244
37.0,223.0,34.376807639467536
37.0,224.0,34.36470770494508
37.0,225.0,34.352494333495
37.0,226.0,34.34021373991303
37.0,227.0,34.327909796757794
37.0,228.0,34.31562389592509
37.0,229.0,34.303394659467116
37.0,230.0,34.29125787074684
37.0,231.0,34.279246268953536
37.0,232.0,34.26738955761134
37.0,233.0,34.25571428491806
37.0,234.0,34.244243926864634
37.0,235.0,34.2329988459951
37.0,236.0,34.22199643820164
37.0,237.0,34.21125115586184
37.0,238.0,34.20077470239401
37.0,239.0,34.190576102401444
37.0,240.0,34.18066192631593
37.0,241.0,34.17103638982731
37.0,242.0,34.161701591799094
37.0,243.0,34.1526576270914
37.0,244.0,34.143902823506295
37.0,245.0,34.13543385519952
37.0,246.0,34.12724596781092
37.0,247.0,34.11933308318674
37.0,248.0,34.11168800535783
37.0,249.0,34.10430251066341
37.0,250.0,34.09716753038521
37.0,251.0,34.090273223224884
37.0,252.0,34.083609132944176
37.0,253.0,34.07716424235623
37.0,254.0,34.07092710619601
37.0,255.0,34.06488588734016
37.0,256.0,34.05902846638676
37.0,257.0,34.05334246180309
37.0,258.0,34.04781531843666
37.0,259.0,34.04243431382528
37.0,260.0,34.03718662821769
37.0,261.0,34.03205933949123
37.0,262.0,34.0270394773501
37.0,263.0,34.02211400929402
37.0,264.0,34.01726988158737
37.0,265.0,34.01249399859838
37.0,266.0,34.00777325297278
37.0,267.0,34.00309450048709
37.0,268.0,33.998444581674306
37.0,269.0,33.9938102941554
37.0,270.0,33.989178407794206
37.0,271.0,33.98453563632127
37.0,272.0,33.97986864796613
37.0,273.0,33.975164038089254
37.0,274.0,33.97040833716813
37.0,275.0,33.9655879861163
37.0,276.0,33.960689343493016
37.0,277.0,33.955698665217305
37.0,278.0,33.95060211292872
37.0,279.0,33.94538573989534
37.0,280.0,33.94003550256797
37.0,281.0,33.93453725462273
37.0,282.0,33.92887676390743
37.0,283.0,33.92303971673016
37.0,284.0,33.917011742567695
37.0,285.0,33.910778430878665
37.0,286.0,33.904325366087996
37.0,287.0,33.89763815931685
37.0,288.0,33.89070249621631
37.0,289.0,33.883504185996735
37.0,290.0,33.87602922457759
37.0,291.0,33.868263863075434
37.0,292.0,33.86019468836303
37.0,293.0,33.85180871262598
37.0,294.0,33.84309347266263
37.0,295.0,33.834037141119154
37.0,296.0,33.82462864458692
37.0,297.0,33.81485779555362
37.0,298.0,33.80471542745941
37.0,299.0,33.79419354417373
37.0,300.0,33.78328546760628
37.0,301.0,33.77198599863583
37.0,302.0,33.760291569701636
37.0,303.0,33.74820040771609
37.0,304.0,33.735712680527925
37.0,305.0,33.722830648796126
37.0,306.0,33.709558791788744
37.0,307.0,33.6959039320769
37.0,308.0,33.68187532352715
37.0,309.0,33.66748473080921
37.0,310.0,33.65274646154884
37.0,311.0,33.63767738295512
37.0,312.0,33.62229688181934
37.0,313.0,33.60662680385041
37.0,314.0,33.59069133014302
37.0,315.0,33.574516831403926
37.0,316.0,33.55813165765868
37.0,317.0,33.54156590902736
37.0,318.0,33.52485114590685
37.0,319.0,33.50802008896347
37.0,320.0,33.49110626804436
37.0,321.0,33.47414367448779
37.0,322.0,33.457166376270976
37.0,323.0,33.44020815324806
37.0,324.0,33.42330211133649
37.0,325.0,33.40648033402565
37.0,326.0,33.389773528397725
37.0,327.0,33.37321072350074
37.0,328.0,33.356818975693486
37.0,329.0,33.340623136950875
37.0,330.0,33.324645637757115
37.0,331.0,33.308906337961865
37.0,332.0,33.293422394417874
37.0,333.0,33.27820819598179
37.0,334.0,33.263275312614006
37.0,335.0,33.24863250662689
37.0,336.0,33.23428575180829
37.0,337.0,33.22023830641186
37.0,338.0,33.20649078591887
37.0,339.0,33.19304127996958
37.0,340.0,33.17988546065216
37.0,341.0,33.167016725251244
37.0,342.0,33.15442632283887
37.0,343.0,33.14210350657368
37.0,344.0,33.130035663972905
37.0,345.0,33.11820846561083
37.0,346.0,33.10660598788183
37.0,347.0,33.095210848502695
37.0,348.0,33.084004314120854
37.0,349.0,33.07296641642956
37.0,350.0,33.06207604016418
37.0,351.0,33.05131101654301
37.0,352.0,33.04064818979021
37.0,353.0,33.03006348687665
37.0,354.0,33.019531962650085
37.0,355.0,33.00902784647451
37.0,356.0,32.998524567390064
37.0,357.0,32.98799477932551
37.0,358.0,32.9774103685656
37.0,359.0,32.96674245986688
37.0,360.0,32.95596140901221
37.0,361.0,32.94503679252903
37.0,362.0,32.93393738838866
37.0,363.0,32.92263115222972
37.0,364.0,32.91108518942738
37.0,365.0,32.899265720866396
37.0,366.0,32.88713804975449
37.0,367.0,32.87466652015211
37.0,368.0,32.86181448210843
37.0,369.0,32.84854424640288
37.0,370.0,32.83481705189776
37.0,371.0,32.82059302032854
37.0,372.0,32.805831130235404
37.0,373.0,32.79048917619062
37.0,374.0,32.77452375432095
37.0,375.0,32.75789023110198
37.0,376.0,32.74054274632861
37.0,377.0,32.72243419754411
37.0,378.0,32.703516267352185
37.0,379.0,32.683739430667146
37.0,380.0,32.663053014458505
37.0,381.0,32.6414052362614
37.0,382.0,32.618743305737105
37.0,383.0,32.59501350417859
37.0,384.0,32.570161338538774
37.0,385.0,32.544131672853794
37.0,386.0,32.5168689464452
37.0,387.0,32.48831736903017
37.0,388.0,32.45842121536419
37.0,389.0,32.42712509598136
37.0,390.0,32.39437434022302
37.0,391.0,32.36011535360856
37.0,392.0,32.32429609949433
37.0,393.0,32.28686655146735
37.0,394.0,32.24777928020667
37.0,395.0,32.20699000440125
37.0,396.0,32.16445828312235
37.0,397.0,32.1201481609972
37.0,398.0,32.0740289570148
37.0,399.0,32.02607598862547
37.0,400.0,31.97627143515488
37.0,401.0,31.924605111150345
37.0,402.0,31.871075366796077
37.0,403.0,31.815689863919015
37.0,404.0,31.75846645819027
37.0,405.0,31.699433913494662
37.0,406.0,31.63863269362765
37.0,407.0,31.576115535202575
37.0,408.0,31.511948063585262
37.0,409.0,31.44620913525514
37.0,410.0,31.378991188327703
37.0,411.0,31.31040026691968
37.0,412.0,31.2405560252684
37.0,413.0,31.1695913631461
37.0,414.0,31.0976520273458
37.0,415.0,31.024895820247615
37.0,416.0,30.95149178324873
37.0,417.0,30.877618988062295
37.0,418.0,30.803465339090923
37.0,419.0,30.72922601219078
37.0,420.0,30.65510196816285
37.0,421.0,30.581298156000138
37.0,422.0,30.508021876037972
37.0,423.0,30.43548090237939
37.0,424.0,30.363881860826808
37.0,425.0,30.29342843898453
37.0,426.0,30.224319944179076
37.0,427.0,30.1567497561434
37.0,428.0,30.090904203721443
37.0,429.0,30.026961377569645
37.0,430.0,29.965090418241545
37.0,431.0,29.905450754262358
37.0,432.0,29.848191839178135
37.0,433.0,29.79345282540754
37.0,434.0,29.7413627355755
37.0,435.0,29.692040535261036
37.0,436.0,29.645595683274724
37.0,437.0,29.602128533543972
37.0,438.0,29.561731184365282
37.0,439.0,29.524488123335384
37.0,440.0,29.49047728706058
37.0,441.0,29.459770861543486
37.0,442.0,29.4324364683019
37.0,443.0,29.40853804197569
37.0,444.0,29.388137071807556
37.0,445.0,29.371293493808267
37.0,446.0,29.358066933597105
37.0,447.0,29.348517568141148
37.0,448.0,29.34270733344411
37.0,449.0,29.34070072765125
37.0,450.0,29.342565962622306
37.0,451.0,29.34837569427406
37.0,452.0,29.358208109427654
37.0,453.0,29.37214757987189
37.0,454.0,29.390285684659894
37.0,455.0,29.412721791454747
37.0,456.0,29.43956401983883
37.0,457.0,29.470929757391424
37.0,458.0,29.50694657201489
37.0,459.0,29.547752671395713
37.0,460.0,29.59349777236631
37.0,461.0,29.644343511422942
37.0,462.0,29.700464277198698
37.0,463.0,29.7620475769695
37.0,464.0,29.829294834766454
37.0,465.0,29.90242171458108
37.0,466.0,29.98165888171221
37.0,467.0,30.067252277836594
37.0,468.0,30.159463836958516
37.0,469.0,30.258571700678
37.0,470.0,30.3648708725791
37.0,471.0,30.47867335385561
37.0,472.0,30.600308711058343
37.0,473.0,30.730124102632253
37.0,474.0,30.86848472454584
37.0,475.0,31.01577368716646
37.0,476.0,31.17239229135751
37.0,477.0,31.338759702460127
37.0,478.0,31.515312996025997
37.0,479.0,31.70250656164099
37.0,480.0,31.900811842848398
37.0,481.0,32.11071638858888
37.0,482.0,32.33272319670681
37.0,483.0,32.56734931578102
37.0,484.0,32.81512468707565
37.0,485.0,33.07659018601865
37.0,486.0,33.35229584547361
37.0,487.0,33.642798216450814
37.0,488.0,33.94865784899969
37.0,489.0,34.27043584931323
37.0,490.0,34.60869049735051
37.0,491.0,34.96397288688876
37.0,492.0,35.33682257632757
37.0,493.0,35.72776222512889
37.0,494.0,36.13729221223881
37.0,495.0,36.565884233121515
37.0,496.0,37.01397488529643
37.0,497.0,37.481958270986034
37.0,498.0,37.97017864689532
37.0,499.0,38.47892219264681
37.0,500.0,39.00840895459615
37.0,501.0,39.55878408965012
37.0,502.0,40.130109497207435
37.0,503.0,40.72235502406299
37.0,504.0,41.33539036190809
37.0,505.0,41.968976883521776
37.0,506.0,42.62276056112588
37.0,507.0,43.29626526596765
37.0,508.0,43.98888759800703
37.0,509.0,44.69989257772087
37.0,510.0,45.42841132364772
37.0,511.0,46.17344004875344
37.0,512.0,46.93384143272362
37.0,513.0,47.70834766424215
37.0,514.0,48.49556609787461
37.0,515.0,49.29398674042802
37.0,516.0,50.1019923583772
37.0,517.0,50.91787031338003
37.0,518.0,51.73982674157228
37.0,519.0,52.566002070468386
37.0,520.0,53.39448831824093
37.0,521.0,54.22334708126688
37.0,522.0,55.05062851995225
37.0,523.0,55.87439021519976
37.0,524.0,56.69271613160468
37.0,525.0,57.503734598479134
37.0,526.0,58.30563554111822
37.0,527.0,59.09668598437057
37.0,528.0,59.87524411815528
37.0,529.0,60.6397711122678
37.0,530.0,61.388841063633635
37.0,531.0,62.12114845372812
37.0,532.0,62.83551359801725
37.0,533.0,63.53088564994041
37.0,534.0,64.20634371737937
37.0,535.0,64.86109580998418
37.0,536.0,65.49447621118071
37.0,537.0,66.10594110855789
37.0,538.0,66.69506306676973
37.0,539.0,67.26152425147096
37.0,540.0,67.80510893793503
37.0,541.0,68.32569525533304
37.0,542.0,68.82324661971693
37.0,543.0,69.29780282858285
37.0,544.0,69.74947117162534
37.0,545.0,70.17841754357016
37.0,546.0,70.58485780827353
37.0,547.0,70.96904941336334
37.0,548.0,71.33128340006346
37.0,549.0,71.67187682727044
37.0,550.0,71.99116565550496
37.0,551.0,72.28949813901653
37.0,552.0,72.5672286801379
37.0,553.0,72.82471223350186
37.0,554.0,73.06229913028118
37.0,555.0,73.28033045877145
37.0,556.0,73.47913379416049
37.0,557.0,73.65901947039079
37.0,558.0,73.8202771148438
37.0,559.0,73.96317270150497
37.0,560.0,74.08794577497575
37.0,561.0,74.19480716829305
37.0,562.0,74.2839368010592
37.0,563.0,74.35548195132893
37.0,564.0,74.40955552343387
37.0,565.0,74.44623477779803
37.0,566.0,74.46555998148833
37.0,567.0,74.46753351950422
37.0,568.0,74.45211886261482
37.0,569.0,74.41924000650474
37.0,570.0,74.36878071543019
37.0,571.0,74.30058426035443
37.0,572.0,74.21445292246896
37.0,573.0,74.11014802749199
37.0,574.0,73.98738971974252
37.0,575.0,73.8458573168472
37.0,576.0,73.68518939266652
37.0,577.0,73.50498450463782
37.0,578.0,73.3048016522933
37.0,579.0,73.08416145814148
37.0,580.0,72.84254709742146
37.0,581.0,72.57940604221587
37.0,582.0,72.29415158659961
37.0,583.0,71.98616529137131
37.0,584.0,71.65479925522527
37.0,585.0,71.29937942191408
37.0,586.0,70.91920876972111
37.0,587.0,70.51357166055152
37.0,588.0,70.0817381325656
37.0,589.0,69.62296947655295
37.0,590.0,69.13652381412244
37.0,591.0,68.62166307384797
37.0,592.0,68.07766001210338
37.0,593.0,67.50380672125797
37.0,594.0,66.89942319279615
37.0,595.0,66.26386741255189
37.0,596.0,65.59654546634764
37.0,597.0,64.89692315347416
37.0,598.0,64.16453748534244
37.0,599.0,63.399009571597865
37.0,600.0,62.600057158455535
37.0,601.0,61.767508312141814
37.0,602.0,60.90131439096483
37.0,603.0,60.00156377990766
37.0,604.0,59.06849440845671
37.0,605.0,58.10250650630285
37.0,606.0,57.104173505280976
37.0,607.0,56.07425253695954
37.0,608.0,55.013692348976505
37.0,609.0,53.92364011634252
37.0,610.0,52.805444931476735
37.0,611.0,51.66065952623245
37.0,612.0,50.49103803266372
37.0,613.0,49.29853147562536
37.0,614.0,48.085278896558634
37.0,615.0,46.85359600425127
37.0,616.0,45.60595940585204
37.0,617.0,44.34498856172167
37.0,618.0,43.07342370553744
37.0,619.0,41.794102130187596
37.0,620.0,40.509931260437746
37.0,621.0,39.22386113186798
37.0,622.0,37.93885482016576
37.0,623.0,36.657859576313925
37.0,624.0,35.3837772405095
37.0,625.0,34.119436715941276
37.0,626.0,32.867566995247714
37.0,627.0,31.630773435890042
37.0,628.0,30.411515602955813
37.0,629.0,29.212089207723857
37.0,630.0,28.03461022985693
37.0,631.0,26.881003545509934
37.0,632.0,25.752993910178482
37.0,633.0,24.652101421486552
37.0,634.0,23.579639106146274
37.0,635.0,22.53671460403034
37.0,636.0,21.524233450626433
37.0,637.0,20.542905841092082
37.0,638.0,19.59325430419385
37.0,639.0,18.67562414204345
37.0,640.0,17.790194053670387
37.0,641.0,16.936988820824215
37.0,642.0,16.115891510228636
37.0,643.0,15.326657124697022
37.0,644.0,14.568925221145683
37.0,645.0,13.842233495405539
37.0,646.0,13.146029926765074
37.0,647.0,12.479685548760926
37.0,648.0,11.842505513159159
37.0,649.0,11.233740570007566
37.0,650.0,10.652596696806272
37.0,651.0,10.098245041065491
37.0,652.0,9.56982996461862
37.0,653.0,9.066477379189521
37.0,654.0,8.587301206125767
37.0,655.0,8.13141015993963
37.0,656.0,7.6979127239970815
37.0,657.0,7.285922515269714
37.0,658.0,6.894561935163518
37.0,659.0,6.522966290308491
37.0,660.0,6.17028630466622
37.0,661.0,5.8356911859328795
37.0,662.0,5.518370189743064
37.0,663.0,5.217534817921534
37.0,664.0,4.932419615941066
37.0,665.0,4.662283674879737
37.0,666.0,4.406410825438769
37.0,667.0,4.164110595307933
37.0,668.0,3.9347179414348217
37.0,669.0,3.717593792234956
37.0,670.0,3.512124437403163
37.0,671.0,3.3177217623969875
37.0,672.0,3.133822393737916
37.0,673.0,2.9598877128422365
37.0,674.0,2.7954028354931277
37.0,675.0,2.6398764740977265
37.0,676.0,2.492839813271492
37.0,677.0,2.3538462742100323
37.0,678.0,2.222470334199451
37.0,679.0,2.0983072339664774
37.0,680.0,1.980971777279116
37.0,681.0,1.8700980116767945
37.0,682.0,1.7653380349051804
37.0,683.0,1.6663616710492015
37.0,684.0,1.5728553030569556
37.0,685.0,1.4845215596980794
37.0,686.0,1.4010781875709186
37.0,687.0,1.322257759190337
37.0,688.0,1.247806593354657
37.0,689.0,1.1774844907597064
37.0,690.0,1.1110637081729113
37.0,691.0,1.0483287250367888
37.0,692.0,0.9890752743374708
37.0,693.0,0.9331101414990971
37.0,694.0,0.88025025295852
37.0,695.0,0.8303225070942872
37.0,696.0,0.783162920176413
37.0,697.0,0.7386164879827625
37.0,698.0,0.6965363878594464
37.0,699.0,0.6567838689430671
37.0,700.0,0.6192275084450157
37.0,701.0,0.5837431279324711
37.0,702.0,0.5502131015607878
37.0,703.0,0.5185262956003344
37.0,704.0,0.4885774261243246
37.0,705.0,0.4602670188487872
37.0,706.0,0.43350081369137433
37.0,707.0,0.4081897419765005
37.0,708.0,0.38424937527757524
37.0,709.0,0.36159991709691136
37.0,710.0,0.34016569346186465
37.0,711.0,0.31987515629547303
37.0,712.0,0.30066041333531074
37.0,713.0,0.282457240547967
37.0,714.0,0.2652046490624977
37.0,715.0,0.2488449041364236
37.0,716.0,0.23332312693202314
37.0,717.0,0.21858731770374332
37.0,718.0,0.2045879903868776
37.0,719.0,0.19127819783908453
37.0,720.0,0.17861319735125572
37.0,721.0,0.16655047593424177
37.0,722.0,0.15504944499673975
37.0,723.0,0.1440714638188929
37.0,724.0,0.13357956176894234
37.0,725.0,0.12353845824580387
37.0,726.0,0.11391431092314058
37.0,727.0,0.10467473057187131
37.0,728.0,0.09578855392603643
37.0,729.0,0.08722585191260883
37.0,730.0,0.07895772582735408
37.0,731.0,0.07095630760286542
37.0,732.0,0.0631945780642138
37.0,733.0,0.05564635795667295
37.0,734.0,0.04828614712019277
37.0,735.0,0.041089105075858466
37.0,736.0,0.034030910015119674
37.0,737.0,0.02708772780878823
37.0,738.0,0.020236089751601787
37.0,739.0,0.013452848909707531
37.0,740.0,0.006715075593646184
37.0,741.0,0.0
38.0,0.0,0.0
38.0,1.0,0.002962556659891862
38.0,2.0,0.005935127762048106
38.0,3.0,0.008927763043158662
38.0,4.0,0.011950575808624983
38.0,5.0,0.01501378568767986
38.0,6.0,0.018127740330737982
38.0,7.0,0.02130296606837051
38.0,8.0,0.02455018348285606
38.0,9.0,0.027880366422028575
38.0,10.0,0.03130475190942854
38.0,11.0,0.03483490797717194
38.0,12.0,0.03848273839776699
38.0,13.0,0.04226055981858798
38.0,14.0,0.04618110182257106
38.0,15.0,0.050257593870663565
38.0,16.0,0.05450376122832541
38.0,17.0,0.058933922251499925
38.0,18.0,0.06356298075119311
38.0,19.0,0.06840653419309117
38.0,20.0,0.07348086311349725
38.0,21.0,0.0788030508426691
38.0,22.0,0.08439097063202554
38.0,23.0,0.09026341755647642
38.0,24.0,0.09644009406492311
38.0,25.0,0.10294175476705292
38.0,26.0,0.10979019117644415
38.0,27.0,0.11700839014205737
38.0,28.0,0.12462051861517613
38.0,29.0,0.13265209654443375
38.0,30.0,0.1411299825635113
38.0,31.0,0.15008256222989672
38.0,32.0,0.1595397355984094
38.0,33.0,0.16953312174638444
38.0,34.0,0.18009604926677913
38.0,35.0,0.19126377808379627
38.0,36.0,0.20307349396581986
38.0,37.0,0.21556454869239242
38.0,38.0,0.22877845974771788
38.0,39.0,0.242759169947912
38.0,40.0,0.257553053525078
38.0,41.0,0.27320919635676716
38.0,42.0,0.28977940968161586
38.0,43.0,0.30731853208280374
38.0,44.0,0.3258844520794916
38.0,45.0,0.3455384329918718
38.0,46.0,0.3663451456156693
38.0,47.0,0.3883730170238195
38.0,48.0,0.4116942744377054
38.0,49.0,0.4363853188808967
38.0,50.0,0.4625267811893221
38.0,51.0,0.49020392120171424
38.0,52.0,0.5195066965741955
38.0,53.0,0.5505301878391872
38.0,54.0,0.5833746802730634
38.0,55.0,0.6181461146411318
38.0,56.0,0.654956181766146
38.0,57.0,0.693922798052481
38.0,58.0,0.7351702115636911
38.0,59.0,0.7788295004234795
38.0,60.0,0.825038688065002
38.0,61.0,0.873943261265759
38.0,62.0,0.9256962906989402
38.0,63.0,0.9804589635856503
38.0,64.0,1.0384007036635556
38.0,65.0,1.09969971112997
38.0,66.0,1.1645430735355087
38.0,67.0,1.2331273027293843
38.0,68.0,1.3056584248643528
38.0,69.0,1.3823525003161088
38.0,70.0,1.463435676823993
38.0,71.0,1.5491446737146282
38.0,72.0,1.639726777080854
38.0,73.0,1.7354402639862194
38.0,74.0,1.8365543124094148
38.0,75.0,1.9433493343722754
38.0,76.0,2.056116766113832
38.0,77.0,2.1751592712808727
38.0,78.0,2.3007903685147495
38.0,79.0,2.433334457116328
38.0,80.0,2.573126230170717
38.0,81.0,2.7205104658052854
38.0,82.0,2.875841164641755
38.0,83.0,3.0394810405751223
38.0,84.0,3.211800312595998
38.0,85.0,3.39317582102694
38.0,86.0,3.5839893969599155
38.0,87.0,3.784626524747604
38.0,88.0,3.995474209425816
38.0,89.0,4.216919106289301
38.0,90.0,4.44934481039245
38.0,91.0,4.693129382273795
38.0,92.0,4.948641997318176
38.0,93.0,5.216239816789827
38.0,94.0,5.496263962366042
38.0,95.0,5.789035717560451
38.0,96.0,6.094851837995659
38.0,97.0,6.413980123648684
38.0,98.0,6.746654141450906
38.0,99.0,7.093068285689997
38.0,100.0,7.45337207712492
38.0,101.0,7.8276649263915115
38.0,102.0,8.21599027981936
38.0,103.0,8.618330412908987
38.0,104.0,9.034600808356132
38.0,105.0,9.464645420970076
38.0,106.0,9.908231781650377
38.0,107.0,10.365047271318597
38.0,108.0,10.834695522072526
38.0,109.0,11.316694289265882
38.0,110.0,11.810473739435723
38.0,111.0,12.315376487922704
38.0,112.0,12.830658295372746
38.0,113.0,13.355490720078024
38.0,114.0,13.888964574127112
38.0,115.0,14.430095417135837
38.0,116.0,14.977829852883332
38.0,117.0,15.53105378074995
38.0,118.0,16.088601274373033
38.0,119.0,16.649265153185898
38.0,120.0,17.211807832892678
38.0,121.0,17.774973448185822
38.0,122.0,18.33749977230829
38.0,123.0,18.898130885344646
38.0,124.0,19.45562909364144
38.0,125.0,20.00878705210505
38.0,126.0,20.55643861424853
38.0,127.0,21.097469402889146
38.0,128.0,21.630825688082197
38.0,129.0,22.155522637291426
38.0,130.0,22.6706506109964
38.0,131.0,23.175380654723394
38.0,132.0,23.668967953842408
38.0,133.0,24.150754483767205
38.0,134.0,24.620169704756847
38.0,135.0,25.076730596943843
38.0,136.0,25.520039946186905
38.0,137.0,25.949784213095736
38.0,138.0,26.36572993170423
38.0,139.0,26.767719979871558
38.0,140.0,27.15566868033569
38.0,141.0,27.529557061611825
38.0,142.0,27.889427232611897
38.0,143.0,28.235377171599417
38.0,144.0,28.567554868078016
38.0,145.0,28.88615308116017
38.0,146.0,29.19140363418717
38.0,147.0,29.483572469570188
38.0,148.0,29.76295436628561
38.0,149.0,30.029868506030958
38.0,150.0,30.28465377774301
38.0,151.0,30.52766497240563
38.0,152.0,30.759268751144198
38.0,153.0,30.97984050913118
38.0,154.0,31.18976101779904
38.0,155.0,31.38941394295471
38.0,156.0,31.579183126410644
38.0,157.0,31.759450707519175
38.0,158.0,31.930594982016355
38.0,159.0,32.092989056121084
38.0,160.0,32.24699920672679
38.0,161.0,32.39298398901499
38.0,162.0,32.53129301844787
38.0,163.0,32.662266452865936
38.0,164.0,32.78623411966458
38.0,165.0,32.90351529855171
38.0,166.0,33.01441812416158
38.0,167.0,33.11923960372544
38.0,168.0,33.218265234214805
38.0,169.0,33.31176919847726
38.0,170.0,33.4000141454534
38.0,171.0,33.48325151775697
38.0,172.0,33.56172145271142
38.0,173.0,33.635653203243706
38.0,174.0,33.705265125941
38.0,175.0,33.77076516512477
38.0,176.0,33.83235090159634
38.0,177.0,33.89021007671596
38.0,178.0,33.944520681914526
38.0,179.0,33.99545150550697
38.0,180.0,34.043162248425226
38.0,181.0,34.08780408140344
38.0,182.0,34.12951977681291
38.0,183.0,34.168444267860124
38.0,184.0,34.2047047899723
38.0,185.0,34.23842143684068
38.0,186.0,34.26970730760405
38.0,187.0,34.2986690570276
38.0,188.0,34.32540704682509
38.0,189.0,34.350015889037536
38.0,190.0,34.37258460125724
38.0,191.0,34.39319714337636
38.0,192.0,34.411932577226594
38.0,193.0,34.42886559728982
38.0,194.0,34.444066695316316
38.0,195.0,34.45760268528835
38.0,196.0,34.469536872883275
38.0,197.0,34.47992957391413
38.0,198.0,34.48883828703009
38.0,199.0,34.49631820301373
38.0,200.0,34.50242237688055
38.0,201.0,34.507202222857174
38.0,202.0,34.510707679179674
38.0,203.0,34.51298768050971
38.0,204.0,34.51409030552492
38.0,205.0,34.514063215335995
38.0,206.0,34.51295377090134
38.0,207.0,34.510809423282346
38.0,208.0,34.50767778569157
38.0,209.0,34.503606959938814
38.0,210.0,34.49864554736005
38.0,211.0,34.4928428963927
38.0,212.0,34.486249038513584
38.0,213.0,34.47891484520866
38.0,214.0,34.47089187985839
38.0,215.0,34.46223245866437
38.0,216.0,34.452989417067464
38.0,217.0,34.44321607799541
38.0,218.0,34.432965941016555
38.0,219.0,34.42229257131719
38.0,220.0,34.41124922976623
38.0,221.0,34.39988870543017
38.0,222.0,34.388262913006656
38.0,223.0,34.376422698382015
38.0,224.0,34.364417434576524
38.0,225.0,34.35229483224284
38.0,226.0,34.34010056519747
38.0,227.0,34.327878115243145
38.0,228.0,34.31566845353988
38.0,229.0,34.30350994231688
38.0,230.0,34.29143808991862
38.0,231.0,34.27948552245422
38.0,232.0,34.267681820249685
38.0,233.0,34.25605356232283
38.0,234.0,34.24462424222789
38.0,235.0,34.2334143793334
38.0,236.0,34.22244150427791
38.0,237.0,34.21172032463106
38.0,238.0,34.20126276525959
38.0,239.0,34.19107817253769
38.0,240.0,34.181173392948224
38.0,241.0,34.17155299935459
38.0,242.0,34.16221939165324
38.0,243.0,34.15317303006384
38.0,244.0,34.144412543833305
38.0,245.0,34.13593495922414
38.0,246.0,34.12773580533799
38.0,247.0,34.11980932772603
38.0,248.0,34.112148583674184
38.0,249.0,34.10474563554838
38.0,250.0,34.09759163089597
38.0,251.0,34.09067697241207
38.0,252.0,34.08399138070409
38.0,253.0,34.077524039954675
38.0,254.0,34.0712636430783
38.0,255.0,34.065198513736284
38.0,256.0,34.05931663491019
38.0,257.0,34.05360574895687
38.0,258.0,34.048053371421005
38.0,259.0,34.04264687140723
38.0,260.0,34.03737347286698
38.0,261.0,34.032220317826145
38.0,262.0,34.02717445752143
38.0,263.0,34.02222290106243
38.0,264.0,34.01735259875974
38.0,265.0,34.01255047870891
38.0,266.0,34.00780342452539
38.0,267.0,34.00309830218449
38.0,268.0,33.99842193421675
38.0,269.0,33.99376111897354
38.0,270.0,33.98910260318266
38.0,271.0,33.98443309566828
38.0,272.0,33.9797392400491
38.0,273.0,33.97500762484581
38.0,274.0,33.970224758039706
38.0,275.0,33.96537707546298
38.0,276.0,33.96045091893204
38.0,277.0,33.95543254483979
38.0,278.0,33.95030810763458
38.0,279.0,33.945063670615156
38.0,280.0,33.93968519663583
38.0,281.0,33.93415856323152
38.0,282.0,33.92846956257473
38.0,283.0,33.922603923208555
38.0,284.0,33.916547321433455
38.0,285.0,33.91028541206409
38.0,286.0,33.90380385354179
38.0,287.0,33.89708835020636
38.0,288.0,33.890124693452634
38.0,289.0,33.882898817951876
38.0,290.0,33.87539686101835
38.0,291.0,33.86760523493668
38.0,292.0,33.85951070627816
38.0,293.0,33.8511004858831
38.0,294.0,33.84236232905412
38.0,295.0,33.83328464369058
38.0,296.0,33.82385661097357
38.0,297.0,33.814068310548855
38.0,298.0,33.803910859417435
38.0,299.0,33.79337655085157
38.0,300.0,33.782459006691404
38.0,301.0,33.771153323881116
38.0,302.0,33.759456232335765
38.0,303.0,33.74736623976971
38.0,304.0,33.734883783996786
38.0,305.0,33.72201136345068
38.0,306.0,33.70875366968423
38.0,307.0,33.695117688226986
38.0,308.0,33.68111279483181
38.0,309.0,33.66675080983703
38.0,310.0,33.652046041179425
38.0,311.0,33.63701527604554
38.0,312.0,33.621677755603415
38.0,313.0,33.60605509110083
38.0,314.0,33.5901711601421
38.0,315.0,33.57405194074432
38.0,316.0,33.55772532670198
38.0,317.0,33.54122088197537
38.0,318.0,33.52456958237492
38.0,319.0,33.50780350276349
38.0,320.0,33.49095550233596
38.0,321.0,33.47405886657849
38.0,322.0,33.45714696177028
38.0,323.0,33.44025286039984
38.0,324.0,33.423408995265426
38.0,325.0,33.40664679949884
38.0,326.0,33.3899963906327
38.0,327.0,33.37348625392016
38.0,328.0,33.35714298197134
38.0,329.0,33.34099102328852
38.0,330.0,33.32505249470658
38.0,331.0,33.30934700759043
38.0,332.0,33.29389156025477
38.0,333.0,33.27870044415204
38.0,334.0,33.26378521374203
38.0,335.0,33.24915466612549
38.0,336.0,33.23481487810322
38.0,337.0,33.22076924634741
38.0,338.0,33.20701857650295
38.0,339.0,33.19356116760734
38.0,340.0,33.18039293614212
38.0,341.0,33.167507527789525
38.0,342.0,33.154896459862016
38.0,343.0,33.142549244958765
38.0,344.0,33.1304535374139
38.0,345.0,33.118595256171886
38.0,346.0,33.106958723991966
38.0,347.0,33.09552678014159
38.0,348.0,33.08428090440228
38.0,349.0,33.07320131341023
38.0,350.0,33.06226706456158
38.0,351.0,33.051456132652504
38.0,352.0,33.04074549132383
38.0,353.0,33.03011116890507
38.0,354.0,33.019528306983915
38.0,355.0,33.008971196018294
38.0,356.0,32.99841331199492
38.0,357.0,32.987827333508434
38.0,358.0,32.97718515837994
38.0,359.0,32.9664579046235
38.0,360.0,32.95561590945109
38.0,361.0,32.944628716979004
38.0,362.0,32.93346506237168
38.0,363.0,32.9220928494008
38.0,364.0,32.91047912268735
38.0,365.0,32.89859003841543
38.0,366.0,32.88639082781206
38.0,367.0,32.87384576451899
38.0,368.0,32.86091812267659
38.0,369.0,32.84757014473553
38.0,370.0,32.833762997841795
38.0,371.0,32.81945674627504
38.0,372.0,32.80461031030842
38.0,373.0,32.78918144802638
38.0,374.0,32.77312672148314
38.0,375.0,32.75640149340006
38.0,376.0,32.73895990628203
38.0,377.0,32.72075490042607
38.0,378.0,32.70173821266779
38.0,379.0,32.68186042322767
38.0,380.0,32.66107098191511
38.0,381.0,32.639318292544225
38.0,382.0,32.61654977564668
38.0,383.0,32.592712000406166
38.0,384.0,32.56775079409622
38.0,385.0,32.541611432551846
38.0,386.0,32.514238807457126
38.0,387.0,32.48557768705387
38.0,388.0,32.455572952770694
38.0,389.0,32.42416994182809
38.0,390.0,32.39131476414072
38.0,391.0,32.35695473727935
38.0,392.0,32.3210387926078
38.0,393.0,32.28351801018062
38.0,394.0,32.24434611914002
38.0,395.0,32.203480134995054
38.0,396.0,32.160880952844686
38.0,397.0,32.11651408158351
38.0,398.0,32.07035031909977
38.0,399.0,32.022366566980075
38.0,400.0,31.972546564338543
38.0,401.0,31.92088175268207
38.0,402.0,31.867372029911905
38.0,403.0,31.812026619004442
38.0,404.0,31.754864787286927
38.0,405.0,31.695916656289533
38.0,406.0,31.63522381597446
38.0,407.0,31.572839999406483
38.0,408.0,31.508831510592103
38.0,409.0,31.443277680289405
38.0,410.0,31.376271023541268
38.0,411.0,31.30791739609557
38.0,412.0,31.23833580745969
38.0,413.0,31.167658214338676
38.0,414.0,31.096028939491855
38.0,415.0,31.023604070438335
38.0,416.0,30.950550473072454
38.0,417.0,30.877044808281667
38.0,418.0,30.80327217782668
38.0,419.0,30.729424822142473
38.0,420.0,30.655700486320868
38.0,421.0,30.58230090976712
38.0,422.0,30.509430042003764
38.0,423.0,30.437292468743493
38.0,424.0,30.366091631116195
38.0,425.0,30.296028345080842
38.0,426.0,30.227299177782214
38.0,427.0,30.160095205031404
38.0,428.0,30.094600674823905
38.0,429.0,30.030992113897625
38.0,430.0,29.96943736676909
38.0,431.0,29.9100951151405
38.0,432.0,29.85311433068087
38.0,433.0,29.798634220586926
38.0,434.0,29.746784083981986
38.0,435.0,29.69768365269009
38.0,436.0,29.651443302634
38.0,437.0,29.60816472717746
38.0,438.0,29.567941430618202
38.0,439.0,29.530859654634284
38.0,440.0,29.496999071369874
38.0,441.0,29.466433880460535
38.0,442.0,29.439233621892967
38.0,443.0,29.415464368459944
38.0,444.0,29.39518958966073
38.0,445.0,29.378471378137892
38.0,446.0,29.365371311304617
38.0,447.0,29.355951666529926
38.0,448.0,29.350276243525194
38.0,449.0,29.348411538860887
38.0,450.0,29.350427507043115
38.0,451.0,29.35639867852415
38.0,452.0,29.366404849512726
38.0,453.0,29.38053213809348
38.0,454.0,29.398873601636105
38.0,455.0,29.42153023277248
38.0,456.0,29.448611508850984
38.0,457.0,29.480236333564914
38.0,458.0,29.516533525591207
38.0,459.0,29.557642713044427
38.0,460.0,29.60371476870002
38.0,461.0,29.654912663621293
38.0,462.0,29.71141185462884
38.0,463.0,29.7734011008049
38.0,464.0,29.841082805471473
38.0,465.0,29.914673795097464
38.0,466.0,29.994405613207235
38.0,467.0,30.080525255659612
38.0,468.0,30.17329540772792
38.0,469.0,30.272995122836573
38.0,470.0,30.37991998653903
38.0,471.0,30.494382717558512
38.0,472.0,30.61671323348757
38.0,473.0,30.747259143316924
38.0,474.0,30.886385679322533
38.0,475.0,31.034476039129977
38.0,476.0,31.191931136424387
38.0,477.0,31.359169738023798
38.0,478.0,31.53662797285862
38.0,479.0,31.72475919573418
38.0,480.0,31.92403317983184
38.0,481.0,32.13493562435043
38.0,482.0,32.35796694130901
38.0,483.0,32.59364131004583
38.0,484.0,32.842484955623725
38.0,485.0,33.10503464084582
38.0,486.0,33.38183532308012
38.0,487.0,33.67343796646092
38.0,488.0,33.980396459375015
38.0,489.0,34.30326462928489
38.0,490.0,34.642592308414116
38.0,491.0,34.99892144564182
38.0,492.0,35.372781228079525
38.0,493.0,35.764683214168734
38.0,494.0,36.175115459593584
38.0,495.0,36.60453664894487
38.0,496.0,37.053369241537844
38.0,497.0,37.52199266112944
38.0,498.0,38.01073557520601
38.0,499.0,38.519868316403965
38.0,500.0,39.04959453890184
38.0,501.0,39.60004318999292
38.0,502.0,40.17125994463241
38.0,503.0,40.76319921226917
38.0,504.0,41.375715921866494
38.0,505.0,42.0085582188551
38.0,506.0,42.66136033369787
38.0,507.0,43.33363676669304
38.0,508.0,44.0247770882038
38.0,509.0,44.734042485583636
38.0,510.0,45.460563370419145
38.0,511.0,46.203339129480156
38.0,512.0,46.961239313528814
38.0,513.0,47.73300725849552
38.0,514.0,48.51726537667729
38.0,515.0,49.312522983674405
38.0,516.0,50.11718581121926
38.0,517.0,50.92956791422897
38.0,518.0,51.74790502030062
38.0,519.0,52.57036986531294
38.0,520.0,53.39508847193988
38.0,521.0,54.220157769890086
38.0,522.0,55.04366346105566
38.0,523.0,55.86369842872411
38.0,524.0,56.67838059948282
38.0,525.0,57.485870517903074
38.0,526.0,58.28438761517775
38.0,527.0,59.07222545335994
38.0,528.0,59.84776505792291
38.0,529.0,60.60948668713903
38.0,530.0,61.35597932020492
38.0,531.0,62.08594829944449
38.0,532.0,62.798220588050384
38.0,533.0,63.49174815847869
38.0,534.0,64.16560913779674
38.0,535.0,64.81900727659034
38.0,536.0,65.45126950123885
38.0,537.0,66.06184212811382
38.0,538.0,66.65028559560375
38.0,539.0,67.21626826390454
38.0,540.0,67.75955920021605
38.0,541.0,68.28002043665349
38.0,542.0,68.77759865466314
38.0,543.0,69.2523166969567
38.0,544.0,69.70426488206259
38.0,545.0,70.13359242331444
38.0,546.0,70.54049894371518
38.0,547.0,70.92522628536142
38.0,548.0,71.28805062367037
38.0,549.0,71.62927498421752
38.0,550.0,71.94922219827399
38.0,551.0,72.24822829969081
38.0,552.0,72.52663643416966
38.0,553.0,72.78479119538349
38.0,554.0,73.02303350325835
38.0,555.0,73.24169585746655
38.0,556.0,73.4410981341208
38.0,557.0,73.62154368306841
38.0,558.0,73.78331595341172
38.0,559.0,73.92667533345676
38.0,560.0,74.05185649774309
38.0,561.0,74.15906587933642
38.0,562.0,74.24847962901191
38.0,563.0,74.32024161359344
38.0,564.0,74.37446188680173
38.0,565.0,74.41121512026464
38.0,566.0,74.430539501592
38.0,567.0,74.43243552333088
38.0,568.0,74.41686524440641
38.0,569.0,74.38375138450543
38.0,570.0,74.33297690839534
38.0,571.0,74.26438439764289
38.0,572.0,74.17777594247896
38.0,573.0,74.07291278865415
38.0,574.0,73.94951554792578
38.0,575.0,73.80726414484434
38.0,576.0,73.64579838432168
38.0,577.0,73.46471825099107
38.0,578.0,73.26358490040792
38.0,579.0,73.04192139198024
38.0,580.0,72.79921419865734
38.0,581.0,72.53491448257164
38.0,582.0,72.24844024558305
38.0,583.0,71.939178283343
38.0,584.0,71.60648712397857
38.0,585.0,71.24969981896257
38.0,586.0,70.86812783662465
38.0,587.0,70.46106486339447
38.0,588.0,70.02779182838185
38.0,589.0,69.56758189112867
38.0,590.0,69.07970676725516
38.0,591.0,68.56344306203097
38.0,592.0,68.01808003748538
38.0,593.0,67.44292740665875
38.0,594.0,66.83732462089255
38.0,595.0,66.20065015859697
38.0,596.0,65.53233230887258
38.0,597.0,64.8318598628831
38.0,598.0,64.09879421966383
38.0,599.0,63.33278121293956
38.0,600.0,62.5335641651474
38.0,601.0,61.70099635999988
38.0,602.0,60.83505442870868
38.0,603.0,59.935850722298454
38.0,604.0,59.00364615055943
38.0,605.0,58.03886144696632
38.0,606.0,57.04208833352552
38.0,607.0,56.0140984512988
38.0,608.0,54.955851547195586
38.0,609.0,53.868500725230625
38.0,610.0,52.753396309261475
38.0,611.0,51.61208611975632
38.0,612.0,50.44631382134823
38.0,613.0,49.25801320001628
38.0,614.0,48.04930019445622
38.0,615.0,46.82246065708772
38.0,616.0,45.57993588581012
38.0,617.0,44.324304061530306
38.0,618.0,43.05825987230431
38.0,619.0,41.784590628949566
38.0,620.0,40.506151377418796
38.0,621.0,39.22583745125814
38.0,622.0,37.946557136585284
38.0,623.0,36.67120296104848
38.0,624.0,35.402624356234426
38.0,625.0,34.14360017917667
38.0,626.0,32.896813816917835
38.0,627.0,31.664829240050825
38.0,628.0,30.450070613505638
38.0,629.0,29.254803640543184
38.0,630.0,28.08112107511216
38.0,631.0,26.930930357350586
38.0,632.0,25.805945618817997
38.0,633.0,24.707681801528295
38.0,634.0,23.63745297174238
38.0,635.0,22.59637240512106
38.0,636.0,21.585356407016096
38.0,637.0,20.605129337681742
38.0,638.0,19.65623174671221
38.0,639.0,18.73902904200166
38.0,640.0,17.85372259096548
38.0,641.0,17.000360687198228
38.0,642.0,16.178851313059674
38.0,643.0,15.388974175796701
38.0,644.0,14.63039400313062
38.0,645.0,13.902672640464356
38.0,646.0,13.205281998475026
38.0,647.0,12.53761546425541
38.0,648.0,11.898999883468212
38.0,649.0,11.288705794745493
38.0,650.0,10.705958071215152
38.0,651.0,10.149944710341325
38.0,652.0,9.619825959834678
38.0,653.0,9.114741570868889
38.0,654.0,8.633818384268183
38.0,655.0,8.176176081527604
38.0,656.0,7.740933310596607
38.0,657.0,7.327212051217081
38.0,658.0,6.934142422522601
38.0,659.0,6.560865825122556
38.0,660.0,6.206538604012255
38.0,661.0,5.870334148636518
38.0,662.0,5.5514455931032645
38.0,663.0,5.249087055517287
38.0,664.0,4.962495550906938
38.0,665.0,4.6909315393581945
38.0,666.0,4.433680211515868
38.0,667.0,4.190051496768873
38.0,668.0,3.9593808611868577
38.0,669.0,3.741028905987687
38.0,670.0,3.534381796424519
38.0,671.0,3.3388505595135864
38.0,672.0,3.153871241677049
38.0,673.0,2.97890399475054
38.0,674.0,2.813433041254433
38.0,675.0,2.6569656198538834
38.0,676.0,2.509031820525891
38.0,677.0,2.3691834452433023
38.0,678.0,2.236993761187478
38.0,679.0,2.1120563194965625
38.0,680.0,1.9939846629640277
38.0,681.0,1.882411135073528
38.0,682.0,1.776986569109447
38.0,683.0,1.6773791111454739
38.0,684.0,1.5832739099006665
38.0,685.0,1.4943719705707295
38.0,686.0,1.4103898588027486
38.0,687.0,1.3310585969712971
38.0,688.0,1.2561233910394456
38.0,689.0,1.185342576820838
38.0,690.0,1.1184873749926014
38.0,691.0,1.0553408918141072
38.0,692.0,0.9956979049401861
38.0,693.0,0.9393639207855872
38.0,694.0,0.8861549918691886
38.0,695.0,0.8358968313511987
38.0,696.0,0.7884246612673234
38.0,697.0,0.74358238358478
38.0,698.0,0.7012224577345589
38.0,699.0,0.6612051267201539
38.0,700.0,0.6233983217256894
38.0,701.0,0.5876769412783662
38.0,702.0,0.5539227803206218
38.0,703.0,0.5220238601029769
38.0,704.0,0.4918743788969738
38.0,705.0,0.46337409012420877
38.0,706.0,0.4364282718049048
38.0,707.0,0.4109471503687032
38.0,708.0,0.3868458859439152
38.0,709.0,0.3640440393133907
38.0,710.0,0.34246557022316454
38.0,711.0,0.3220383450175442
38.0,712.0,0.30269414526142235
38.0,713.0,0.2843682136939194
38.0,714.0,0.26699927059991413
38.0,715.0,0.2505290958472204
38.0,716.0,0.23490255059794216
38.0,717.0,0.22006719333001593
38.0,718.0,0.20597330463911467
38.0,719.0,0.19257353528402119
38.0,720.0,0.17982293198873642
38.0,721.0,0.16767861568727177
38.0,722.0,0.15609980638896317
38.0,723.0,0.14504752992819084
38.0,724.0,0.13448464010065625
38.0,725.0,0.1243755523447448
38.0,726.0,0.11468626149070996
38.0,727.0,0.10538410091125056
38.0,728.0,0.09643775434792667
38.0,729.0,0.08781703916801645
38.0,730.0,0.07949291084235974
38.0,731.0,0.07143726903311404
38.0,732.0,0.06362295339425188
38.0,733.0,0.05602357129017554
38.0,734.0,0.0486134836741968
38.0,735.0,0.04136765330101124
38.0,736.0,0.03426161950973241
38.0,737.0,0.027271365843998575
38.0,738.0,0.020373282624671793
38.0,739.0,0.013544052929935171
38.0,740.0,0.0067606018887909096
38.0,741.0,0.0
39.0,0.0,0.0
39.0,1.0,0.0029775627408910282
39.0,2.0,0.005965191378600287
39.0,3.0,0.008972983696377144
39.0,4.0,0.012011108527391907
39.0,5.0,0.0150898308073077
39.0,6.0,0.018219558458003715
39.0,7.0,0.021410861054786064
39.0,8.0,0.024674524878753618
39.0,9.0,0.02802156565775715
39.0,10.0,0.03146329224631698
39.0,11.0,0.03501131391542149
39.0,12.0,0.03867761313469704
39.0,13.0,0.04247454790756224
39.0,14.0,0.046414934151469425
39.0,15.0,0.0505120436018786
39.0,16.0,0.05477969631287308
39.0,17.0,0.05923225468595613
39.0,18.0,0.06388472664521197
39.0,19.0,0.06875275638510099
39.0,20.0,0.07385273881157298
39.0,21.0,0.07920180764683082
39.0,22.0,0.08481796177031803
39.0,23.0,0.09072005136773281
39.0,24.0,0.09692791685340928
39.0,25.0,0.10346237380545112
39.0,26.0,0.11034536520334111
39.0,27.0,0.11759994595048393
39.0,28.0,0.12525044921730932
39.0,29.0,0.1333224714160357
39.0,30.0,0.141843053499143
39.0,31.0,0.15084066731766846
39.0,32.0,0.1603454127863198
39.0,33.0,0.17038900662442868
39.0,34.0,0.18100499636013706
39.0,35.0,0.19222875251987612
39.0,36.0,0.20409770050214024
39.0,37.0,0.21665131734368362
39.0,38.0,0.2299313825444486
39.0,39.0,0.24398198059196483
39.0,40.0,0.2588497718576292
39.0,41.0,0.2745840020987875
39.0,42.0,0.2912367945654981
39.0,43.0,0.308863167714065
39.0,44.0,0.32752134965295454
39.0,45.0,0.3472728052809705
39.0,46.0,0.36818257414832445
39.0,47.0,0.3903193081625222
39.0,48.0,0.41375563382896036
39.0,49.0,0.4385682015288288
39.0,50.0,0.4648380729113045
39.0,51.0,0.4926507825157247
39.0,52.0,0.5220967507866042
39.0,53.0,0.5532713584555209
39.0,54.0,0.5862753852053781
39.0,55.0,0.6212150967060774
39.0,56.0,0.6582027083211588
39.0,57.0,0.6973564839557127
39.0,58.0,0.7388012233214957
39.0,59.0,0.7826683707443836
39.0,60.0,0.8290965233156933
39.0,61.0,0.8782315464455102
39.0,62.0,0.9302270986470638
39.0,63.0,0.9852447488231855
39.0,64.0,1.0434545113618618
39.0,65.0,1.1050349578036636
39.0,66.0,1.1701737532614451
39.0,67.0,1.2390677521225808
39.0,68.0,1.3119235234255477
39.0,69.0,1.3889574164808731
39.0,70.0,1.4703960586204556
39.0,71.0,1.556476371956495
39.0,72.0,1.6474460217541687
39.0,73.0,1.743563359889006
39.0,74.0,1.8450977958993455
39.0,75.0,1.9523296359959756
39.0,76.0,2.0655503416109684
39.0,77.0,2.185062225091039
39.0,78.0,2.3111785523690447
39.0,79.0,2.444223047909102
39.0,80.0,2.584529789259726
39.0,81.0,2.732442464808233
39.0,82.0,2.8883139989690227
39.0,83.0,3.0525054975575383
39.0,84.0,3.2253855341340265
39.0,85.0,3.407328710463393
39.0,86.0,3.598714528473283
39.0,87.0,3.799925489011829
39.0,88.0,4.011345471986186
39.0,89.0,4.233357297790121
39.0,90.0,4.466340543124014
39.0,91.0,4.710668499022696
39.0,92.0,4.966705364901123
39.0,93.0,5.2348025585920945
39.0,94.0,5.515295259989422
39.0,95.0,5.8084980656078145
39.0,96.0,6.114700899364339
39.0,97.0,6.434164060086212
39.0,98.0,6.767113583021811
39.0,99.0,7.1137358050076935
39.0,100.0,7.474172346433855
39.0,101.0,7.848514413861406
39.0,102.0,8.236797674588534
39.0,103.0,8.638996623943308
39.0,104.0,9.055019733835955
39.0,105.0,9.484704318950277
39.0,106.0,9.92781244048645
39.0,107.0,10.384026792430287
39.0,108.0,10.852947909466128
39.0,109.0,11.334091636470301
39.0,110.0,11.826888199101662
39.0,111.0,12.330681790629267
39.0,112.0,12.844731990969048
39.0,113.0,13.368215884979822
39.0,114.0,13.900232147095755
39.0,115.0,14.439805889227198
39.0,116.0,14.98589546903346
39.0,117.0,15.537399970838107
39.0,118.0,16.093168475833355
39.0,119.0,16.652009747998342
39.0,120.0,17.212703376868895
39.0,121.0,17.774010933131468
39.0,122.0,18.33468812417943
39.0,123.0,18.8934964658435
39.0,124.0,19.449215437737536
39.0,125.0,20.000653638567133
39.0,126.0,20.546659928266724
39.0,127.0,21.086133113342097
39.0,128.0,21.61803121601678
39.0,129.0,22.141378954270884
39.0,130.0,22.655274548625183
39.0,131.0,23.1588945688496
39.0,132.0,23.651498016668928
39.0,133.0,24.13242844253036
39.0,134.0,24.601115362266178
39.0,135.0,25.057073842031865
39.0,136.0,25.49990356606452
39.0,137.0,25.929286303896088
39.0,138.0,26.344983114963902
39.0,139.0,26.746830232175263
39.0,140.0,27.134734961864734
39.0,141.0,27.508670546818863
39.0,142.0,27.86867131054674
39.0,143.0,28.214827020903783
39.0,144.0,28.54727775986739
39.0,145.0,28.86620822194099
39.0,146.0,29.17184269081028
39.0,147.0,29.464439599709355
39.0,148.0,29.744286887097587
39.0,149.0,30.011697038738305
39.0,150.0,30.267002992120972
39.0,151.0,30.51055378492695
39.0,152.0,30.742711091797684
39.0,153.0,30.96384552758438
39.0,154.0,31.17433383402613
39.0,155.0,31.374555830279444
39.0,156.0,31.564892220920374
39.0,157.0,31.74572214916591
39.0,158.0,31.91742156881259
39.0,159.0,32.0803613341092
39.0,160.0,32.23490606323624
39.0,161.0,32.381412689267364
39.0,162.0,32.52022973790571
39.0,163.0,32.6516962628604
39.0,164.0,32.776141462508704
39.0,165.0,32.893883927333
39.0,166.0,33.00523152631656
39.0,167.0,33.110480901512986
39.0,168.0,33.209917563314825
39.0,169.0,33.30381557608008
39.0,170.0,33.39243781053969
39.0,171.0,33.47603577354693
39.0,172.0,33.554849974906446
39.0,173.0,33.62910986303462
39.0,174.0,33.699034271861095
39.0,175.0,33.76483143209969
39.0,176.0,33.82669947132157
39.0,177.0,33.884826477460415
39.0,178.0,33.93939103158597
39.0,179.0,33.99056230616776
39.0,180.0,34.03850061549765
39.0,181.0,34.08335753615538
39.0,182.0,34.12527646450413
39.0,183.0,34.16439275081798
39.0,184.0,34.200834256891035
39.0,185.0,34.23472149848734
39.0,186.0,34.26616819894381
39.0,187.0,34.295281437060595
39.0,188.0,34.32216219470168
39.0,189.0,34.34690550900622
39.0,190.0,34.3696010134316
39.0,191.0,34.39033309425008
39.0,192.0,34.409181425238586
39.0,193.0,34.42622112881863
39.0,194.0,34.44152330465092
39.0,195.0,34.455155195448086
39.0,196.0,34.46718070904678
39.0,197.0,34.47766058784216
39.0,198.0,34.48665292246809
39.0,199.0,34.49421332197499
39.0,200.0,34.50039541508858
39.0,201.0,34.50525101576334
39.0,202.0,34.50883060525588
39.0,203.0,34.51118348475041
39.0,204.0,34.51235822847277
39.0,205.0,34.51240281209177
39.0,206.0,34.51136502429961
39.0,207.0,34.509292557223475
39.0,208.0,34.50623336197034
39.0,209.0,34.50223568606408
39.0,210.0,34.49734835815954
39.0,211.0,34.491620758305174
39.0,212.0,34.48510301906864
39.0,213.0,34.47784591779273
39.0,214.0,34.469900986138114
39.0,215.0,34.46132031960182
39.0,216.0,34.45215659482417
39.0,217.0,34.44246279998494
39.0,218.0,34.43229216829151
39.0,219.0,34.42169784226089
39.0,220.0,34.41073274110084
39.0,221.0,34.39944918059053
39.0,222.0,34.387898699726755
39.0,223.0,34.376131664077036
39.0,224.0,34.36419708137688
39.0,225.0,34.35214221841681
39.0,226.0,34.340012435215826
39.0,227.0,34.327850843179874
39.0,228.0,34.31569818304212
39.0,229.0,34.30359254573389
39.0,230.0,34.29156931150286
39.0,231.0,34.27966094609965
39.0,232.0,34.267897009074034
39.0,233.0,34.25630402835847
39.0,234.0,34.244905576560804
39.0,235.0,34.23372221855698
39.0,236.0,34.22277164715397
39.0,237.0,34.21206869208852
39.0,238.0,34.20162550157829
39.0,239.0,34.19145159765581
39.0,240.0,34.18155408801318
39.0,241.0,34.171937751735314
39.0,242.0,34.162605266084896
39.0,243.0,34.15355730786659
39.0,244.0,34.144792781708304
39.0,245.0,34.136308924745364
39.0,246.0,34.12810152578242
39.0,247.0,34.12016502402106
39.0,248.0,34.11249271158853
39.0,249.0,34.10507682008329
39.0,250.0,34.09790870186804
39.0,251.0,34.09097890091157
39.0,252.0,34.08427731069427
39.0,253.0,34.07779322799675
39.0,254.0,34.07151548714927
39.0,255.0,34.06543249701451
39.0,256.0,34.059532352633866
39.0,257.0,34.053802856719486
39.0,258.0,34.04823161058484
39.0,259.0,34.04280602209176
39.0,260.0,34.03751337820369
39.0,261.0,34.03234084163465
39.0,262.0,34.02727550753801
39.0,263.0,34.02230439117975
39.0,264.0,34.01741447126978
39.0,265.0,34.01259267091882
39.0,266.0,34.00782589001233
39.0,267.0,34.003100981579266
39.0,268.0,33.998404775460536
39.0,269.0,33.99372405206953
39.0,270.0,33.98904555946171
39.0,271.0,33.98435598633726
39.0,272.0,33.97964197450471
39.0,273.0,33.97489009288834
39.0,274.0,33.97008684731427
39.0,275.0,33.965218657252166
39.0,276.0,33.960271864845296
39.0,277.0,33.95523271614147
39.0,278.0,33.95008737133901
39.0,279.0,33.94482189234179
39.0,280.0,33.93942225629257
39.0,281.0,33.933874351408406
39.0,282.0,33.928163996003704
39.0,283.0,33.922276944701785
39.0,284.0,33.91619891528338
39.0,285.0,33.909915607492046
39.0,286.0,33.90341274013511
39.0,287.0,33.89667608475344
39.0,288.0,33.88969151539169
39.0,289.0,33.8824450593162
39.0,290.0,33.874922961680205
39.0,291.0,33.86711175515944
39.0,292.0,33.85899834126959
39.0,293.0,33.85057008014424
39.0,294.0,33.84181488940838
39.0,295.0,33.83272135424024
39.0,296.0,33.82327884336252
39.0,297.0,33.813477637914744
39.0,298.0,33.80330906221957
39.0,299.0,33.792765627799945
39.0,300.0,33.78184117410344
39.0,301.0,33.770531021272475
39.0,302.0,33.75883211307322
39.0,303.0,33.74674316895028
39.0,304.0,33.734264818277865
39.0,305.0,33.7213997391677
39.0,306.0,33.70815277030151
39.0,307.0,33.69453102147211
39.0,308.0,33.680543947314746
39.0,309.0,33.66620341335795
39.0,310.0,33.651523715694495
39.0,311.0,33.63652158714428
39.0,312.0,33.621216148979805
39.0,313.0,33.60562884522731
39.0,314.0,33.58978331737492
39.0,315.0,33.57370526100532
39.0,316.0,33.55742222181379
39.0,317.0,33.54096337718131
39.0,318.0,33.52435926096111
39.0,319.0,33.507641482064955
39.0,320.0,33.49084239483342
39.0,321.0,33.47399477548239
39.0,322.0,33.457131462593516
39.0,323.0,33.44028501849511
39.0,324.0,33.423487368781515
39.0,325.0,33.406769477952516
39.0,326.0,33.390161016864454
39.0,327.0,33.373690079685964
39.0,328.0,33.35738290379986
39.0,329.0,33.341263648889374
39.0,330.0,33.325354186077114
39.0,331.0,33.30967395116598
39.0,332.0,33.29423981043348
39.0,333.0,33.2790659905721
39.0,334.0,33.26416401941543
39.0,335.0,33.24954272669202
39.0,336.0,33.235208250551224
39.0,337.0,33.22116409706385
39.0,338.0,33.207411198593334
39.0,339.0,33.19394801654075
39.0,340.0,33.18077063552631
39.0,341.0,33.16787289304027
39.0,342.0,33.155246493672855
39.0,343.0,33.14288115052913
39.0,344.0,33.13076470568656
39.0,345.0,33.11888327071883
39.0,346.0,33.107221342423564
39.0,347.0,33.095761932866345
39.0,348.0,33.084486672562285
39.0,349.0,33.07337592354035
39.0,350.0,33.0624088651202
39.0,351.0,33.05156358624627
39.0,352.0,33.04081715150964
39.0,353.0,33.030145671231686
39.0,354.0,33.01952434733581
39.0,355.0,33.008927521332204
39.0,356.0,32.99832870105909
39.0,357.0,32.987700587885286
39.0,358.0,32.97701508629432
39.0,359.0,32.9662433123802
39.0,360.0,32.955355588852775
39.0,361.0,32.9443214373702
39.0,362.0,32.93310956191641
39.0,363.0,32.92168782780502
39.0,364.0,32.91002323662717
39.0,365.0,32.89808189497573
39.0,366.0,32.88582898437581
39.0,367.0,32.87322872299802
39.0,368.0,32.86024433423804
39.0,369.0,32.8468380049792
39.0,370.0,32.83297085683991
39.0,371.0,32.81860290495766
39.0,372.0,32.80369303641538
39.0,373.0,32.78819897408705
39.0,374.0,32.77207726741274
39.0,375.0,32.75528326658846
39.0,376.0,32.737771131695865
39.0,377.0,32.7194938234364
39.0,378.0,32.70040313762418
39.0,379.0,32.680449719733
39.0,380.0,32.65958313289013
39.0,381.0,32.63775190466735
39.0,382.0,32.61490363788992
39.0,383.0,32.59098509925439
39.0,384.0,32.56594238335868
39.0,385.0,32.53972105370384
39.0,386.0,32.512266371153984
39.0,387.0,32.483523498433144
39.0,388.0,32.4534378044488
39.0,389.0,32.42195514319281
39.0,390.0,32.389022244627625
39.0,391.0,32.35458707751262
39.0,392.0,32.3185993353858
39.0,393.0,32.281010889759074
39.0,394.0,32.241776375603386
39.0,395.0,32.20085373605684
39.0,396.0,32.158204905227855
39.0,397.0,32.1137964375823
39.0,398.0,32.067600276453334
39.0,399.0,32.019594450393306
39.0,400.0,31.96976390349045
39.0,401.0,31.91810122741317
39.0,402.0,31.864607515024
39.0,403.0,31.809293081527457
39.0,404.0,31.752178287293315
39.0,405.0,31.693294186270965
39.0,406.0,31.63268324970644
39.0,407.0,31.570399867607016
39.0,408.0,31.506510895391365
39.0,409.0,31.44109592824186
39.0,410.0,31.37424759140797
39.0,411.0,31.306071511486763
39.0,412.0,31.23668628153772
39.0,413.0,31.166223070532567
39.0,414.0,31.094825218579743
39.0,415.0,31.02264745670907
39.0,416.0,30.949855124576235
39.0,417.0,30.87662301492547
39.0,418.0,30.80313425188604
39.0,419.0,30.729578821882615
39.0,420.0,30.65615219751193
39.0,421.0,30.58305366066047
39.0,422.0,30.51048479565325
39.0,423.0,30.438647741605866
39.0,424.0,30.3677437005047
39.0,425.0,30.297971267209718
39.0,426.0,30.229525098209578
39.0,427.0,30.162594456510593
39.0,428.0,30.097362165010644
39.0,429.0,30.034003472449193
39.0,430.0,29.97268537680525
39.0,431.0,29.91356587469699
39.0,432.0,29.856793693493714
39.0,433.0,29.802507939324776
39.0,434.0,29.75083823100745
39.0,435.0,29.701904719835756
39.0,436.0,29.65581858149627
39.0,437.0,29.612682350057923
39.0,438.0,29.572590700032823
39.0,439.0,29.535631019941967
39.0,440.0,29.501884406340775
39.0,441.0,29.471426398257258
39.0,442.0,29.444328106386926
39.0,443.0,29.420657035729004
39.0,444.0,29.400478282816557
39.0,445.0,29.38385538628024
39.0,446.0,29.3708515391546
39.0,447.0,29.361530422291565
39.0,448.0,29.35595739421667
39.0,449.0,29.35420027746657
39.0,450.0,29.356330502806927
39.0,451.0,29.362423831816717
39.0,452.0,29.372561444128536
39.0,453.0,29.386830589959846
39.0,454.0,29.405325617801967
39.0,455.0,29.4281485578204
39.0,456.0,29.455410093063414
39.0,457.0,29.487230078869164
39.0,458.0,29.523738463469236
39.0,459.0,29.565075750114087
39.0,460.0,29.61139387331884
39.0,461.0,29.66285660976873
39.0,462.0,29.719640414798715
39.0,463.0,29.78193478563922
39.0,464.0,29.849943059364417
39.0,465.0,29.923882727960187
39.0,466.0,30.003986194136704
39.0,467.0,30.090501032207193
39.0,468.0,30.183690691948147
39.0,469.0,30.2838346924296
39.0,470.0,30.39122925653967
39.0,471.0,30.506187416691393
39.0,472.0,30.62903955367166
39.0,473.0,30.760133383519218
39.0,474.0,30.899834363968516
39.0,475.0,31.04852552072521
39.0,476.0,31.206607672967113
39.0,477.0,31.374499044809546
39.0,478.0,31.55263524825349
39.0,479.0,31.741468612097584
39.0,480.0,31.94146784679143
39.0,481.0,32.15311700899122
39.0,482.0,32.37691475877295
39.0,483.0,32.61337286448578
39.0,484.0,32.86301495004201
39.0,485.0,33.126374433372675
39.0,486.0,33.40399265210046
39.0,487.0,33.69641612223372
39.0,488.0,34.004193927394546
39.0,489.0,34.32787418583738
39.0,490.0,34.668000595482134
39.0,491.0,35.025108011330786
39.0,492.0,35.39971806070488
39.0,493.0,35.79233376487789
39.0,494.0,36.20343418158754
39.0,495.0,36.63346805969365
39.0,496.0,37.082847534502775
39.0,497.0,37.55194088722719
39.0,498.0,38.04106541668818
39.0,499.0,38.55047948860359
39.0,500.0,39.08037483511983
39.0,501.0,39.630868220142695
39.0,502.0,40.201993570242934
39.0,503.0,40.7936937417937
39.0,504.0,41.40581304902442
39.0,505.0,42.038089777635264
39.0,506.0,42.69014982401197
39.0,507.0,43.361500729116386
39.0,508.0,44.05152724350541
39.0,509.0,44.75948771758325
39.0,510.0,45.48451242115757
39.0,511.0,46.225603082929894
39.0,512.0,46.98163468518288
39.0,513.0,47.75135876705977
39.0,514.0,48.53340916438198
39.0,515.0,49.32630937027432
39.0,516.0,50.12848230507409
39.0,517.0,50.93826158988652
39.0,518.0,51.753904956394756
39.0,519.0,52.57360879643111
39.0,520.0,53.395524334593695
39.0,521.0,54.217774360222656
39.0,522.0,55.03847088386667
39.0,523.0,55.855732633729964
39.0,524.0,56.66770268927725
39.0,525.0,57.472565206683754
39.0,526.0,58.26856152274128
39.0,527.0,59.054004691092466
39.0,528.0,59.82729277710415
39.0,529.0,60.58692011070783
39.0,530.0,61.331486894522165
39.0,531.0,62.05970653553976
39.0,532.0,62.7704111754427
39.0,533.0,63.46255495560548
39.0,534.0,64.13521555346816
39.0,535.0,64.78759367304013
39.0,536.0,65.41901105601892
39.0,537.0,66.02890681073607
39.0,538.0,66.61683261711293
39.0,539.0,67.1824466851069
39.0,540.0,67.72550698057798
39.0,541.0,68.24586364733588
39.0,542.0,68.74345106679424
39.0,543.0,69.21827951532438
39.0,544.0,69.6704267699065
39.0,545.0,70.1000296433407
39.0,546.0,70.50727569992696
39.0,547.0,70.89239515226402
39.0,548.0,71.2556530889507
39.0,549.0,71.59734205739571
39.0,550.0,71.91777505380777
39.0,551.0,72.21727897569787
39.0,552.0,72.49618849714837
39.0,553.0,72.75484046215632
39.0,554.0,72.99356867106212
39.0,555.0,73.21269920399268
39.0,556.0,73.41254607718949
39.0,557.0,73.59340743235809
39.0,558.0,73.7555619808165
39.0,559.0,73.89926596494705
39.0,560.0,74.0247502884585
39.0,561.0,74.1322181450363
39.0,562.0,74.2218427292998
39.0,563.0,74.29376543012579
39.0,564.0,74.34809402442984
39.0,565.0,74.38490134429621
39.0,566.0,74.40422387081577
39.0,567.0,74.40606080190057
39.0,568.0,74.39037298337618
39.0,569.0,74.35708232596203
39.0,570.0,74.30607103384112
39.0,571.0,74.23718134332653
39.0,572.0,74.15021503411862
39.0,573.0,74.04493348782611
39.0,574.0,73.92105749345396
39.0,575.0,73.77826765074018
39.0,576.0,73.61620450872913
39.0,577.0,73.43446936649075
39.0,578.0,73.23262481156401
39.0,579.0,73.01019599859619
39.0,580.0,72.76667168239031
39.0,581.0,72.5015060825178
39.0,582.0,72.21412053255918
39.0,583.0,71.90390606432824
39.0,584.0,71.57022581874209
39.0,585.0,71.21241850451979
39.0,586.0,70.8298017339378
39.0,587.0,70.42167652405581
39.0,588.0,69.98733172801998
39.0,589.0,69.52604974687901
39.0,590.0,69.03711221817235
39.0,591.0,68.51980708656363
39.0,592.0,67.97343567883706
39.0,593.0,67.39732123397171
39.0,594.0,66.79081742908528
39.0,595.0,66.15331838584895
39.0,596.0,65.48426860733423
39.0,597.0,64.78317435062895
39.0,598.0,64.04961478423554
39.0,599.0,63.283254442900386
39.0,600.0,62.48385521878606
39.0,601.0,61.65128939753328
39.0,602.0,60.7855518626115
39.0,603.0,59.88677296626546
39.0,604.0,58.955230076927364
39.0,605.0,57.99135929422253
39.0,606.0,56.99576524124943
39.0,607.0,55.96923043408063
39.0,608.0,54.91272206581842
39.0,609.0,53.82739774506738
39.0,610.0,52.71460799686745
39.0,611.0,51.5758971509123
39.0,612.0,50.4130004506642
39.0,613.0,49.22783914622927
39.0,614.0,48.02251148829508
39.0,615.0,46.79928157417447
39.0,616.0,45.56056409535821
39.0,617.0,44.30890715878447
39.0,618.0,43.046971387568426
39.0,619.0,41.77750769697026
39.0,620.0,40.503332096698436
39.0,621.0,39.22730010336811
39.0,622.0,37.952279210764964
39.0,623.0,36.68112211924179
39.0,624.0,35.41663919045062
39.0,625.0,34.161572854631025
39.0,626.0,32.918572366232816
39.0,627.0,31.69017156934269
39.0,628.0,30.478767920328544
39.0,629.0,29.28660529279584
39.0,630.0,28.11575861522611
39.0,631.0,26.96812269433919
39.0,632.0,25.84540306670015
39.0,633.0,24.749111061756814
39.0,634.0,23.68056073546333
39.0,635.0,22.640869720535104
39.0,636.0,21.63096151784036
39.0,637.0,20.651571187645644
39.0,638.0,19.703251889061015
39.0,639.0,18.786384191764057
39.0,640.0,17.901185587477002
39.0,641.0,17.04772213523945
39.0,642.0,16.225919690631436
39.0,643.0,15.435576693545737
39.0,644.0,14.676376015747675
39.0,645.0,13.947897898814347
39.0,646.0,13.249631548743832
39.0,647.0,12.580987476262612
39.0,648.0,11.94130821685469
39.0,649.0,11.329879571168373
39.0,650.0,10.745940062913938
39.0,651.0,10.188690794399047
39.0,652.0,9.657303451594096
39.0,653.0,9.150928664167845
39.0,654.0,8.668702517968377
39.0,655.0,8.209753436711132
39.0,656.0,7.77320726763087
39.0,657.0,7.358192786761276
39.0,658.0,6.963845489385451
39.0,659.0,6.589311869924973
39.0,660.0,6.233752083182907
39.0,661.0,5.8963431716936325
39.0,662.0,5.576280775015654
39.0,663.0,5.272781480032353
39.0,664.0,4.985083751210536
39.0,665.0,4.712449569607324
39.0,666.0,4.454164743141642
39.0,667.0,4.209539983267164
39.0,668.0,3.977910735472426
39.0,669.0,3.758637822578281
39.0,670.0,3.5511069150864936
39.0,671.0,3.3547288494582452
39.0,672.0,3.1689388376518353
39.0,673.0,2.9931965491600203
39.0,674.0,2.826985140346363
39.0,675.0,2.6698111713638224
39.0,676.0,2.521203519341431
39.0,677.0,2.3807131859737694
39.0,678.0,2.2479121444424024
39.0,679.0,2.1223930805289597
39.0,680.0,2.0037682113409194
39.0,681.0,1.8916689921372487
39.0,682.0,1.7857449352814374
39.0,683.0,1.6856633063505595
39.0,684.0,1.5911079640045245
39.0,685.0,1.501779062105473
39.0,686.0,1.4173919250931113
39.0,687.0,1.337676767494132
39.0,688.0,1.2623776146580046
39.0,689.0,1.1912520469244
39.0,690.0,1.1240701719537005
39.0,691.0,1.0606143977104765
39.0,692.0,1.0006784599003238
39.0,693.0,0.9440672256174698
39.0,694.0,0.8905957773887535
39.0,695.0,0.8400892476535412
39.0,696.0,0.7923819594622392
39.0,697.0,0.7473172907668194
39.0,698.0,0.7047468707988538
39.0,699.0,0.664530472335418
39.0,700.0,0.6265352620884918
39.0,701.0,0.5906357185828592
39.0,702.0,0.5567129344438434
39.0,703.0,0.5246545572090751
39.0,704.0,0.4943541411412175
39.0,705.0,0.46571110813778094
39.0,706.0,0.4386301465700993
39.0,707.0,0.4130211894110421
39.0,708.0,0.388798857572725
39.0,709.0,0.365882452407453
39.0,710.0,0.34419544105519434
39.0,711.0,0.3236654605628503
39.0,712.0,0.3042238428362116
39.0,713.0,0.285805627747457
39.0,714.0,0.2683491253985093
39.0,715.0,0.2517959357321808
39.0,716.0,0.2360905459422185
39.0,717.0,0.2211803542591848
39.0,718.0,0.207015300477997
39.0,719.0,0.19354789174779344
39.0,720.0,0.18073286432391558
39.0,721.0,0.1685272093462068
39.0,722.0,0.15688986405453545
39.0,723.0,0.14578173568839523
39.0,724.0,0.1351654205300346
39.0,725.0,0.12500522419729684
39.0,726.0,0.11526690699405708
39.0,727.0,0.10591769899628516
39.0,728.0,0.0969260702944144
39.0,729.0,0.08826173938861491
39.0,730.0,0.07989546700109021
39.0,731.0,0.07179905639995693
39.0,732.0,0.06394516954083068
39.0,733.0,0.056307318029282655
39.0,734.0,0.04885970042022865
39.0,735.0,0.041577182606645405
39.0,736.0,0.03443515516217061
39.0,737.0,0.027409502008707873
39.0,738.0,0.02047647673232364
39.0,739.0,0.013612658434709752
39.0,740.0,0.00679484598500512
39.0,741.0,0.0
40.0,0.0,0.0
40.0,1.0,0.0029875881171656784
40.0,2.0,0.005985275010484172
40.0,3.0,0.009003195042852276
40.0,4.0,0.012051546671045554
40.0,5.0,0.0151406355559181
40.0,6.0,0.018280896436439036
40.0,7.0,0.021482944209799532
40.0,8.0,0.02475758962682211
40.0,9.0,0.028115898796295963
40.0,10.0,0.03156920316953386
40.0,11.0,0.03512916793640629
40.0,12.0,0.03880779678553311
40.0,13.0,0.042617509677945926
40.0,14.0,0.04657114289359674
40.0,15.0,0.05068203669238127
40.0,16.0,0.054964031187396685
40.0,17.0,0.059431564432232575
40.0,18.0,0.06409966469676752
40.0,19.0,0.0689840595541764
40.0,20.0,0.07410116517603192
40.0,21.0,0.07946820703232976
40.0,22.0,0.08510320686919283
40.0,23.0,0.09102511568023088
40.0,24.0,0.09725379908205178
40.0,25.0,0.10381018326516013
40.0,26.0,0.11071623953941082
40.0,27.0,0.11799514402691713
40.0,28.0,0.12567126221093677
40.0,29.0,0.13377032319112248
40.0,30.0,0.1423194051341659
40.0,31.0,0.15134712497199704
40.0,32.0,0.16088362571941328
40.0,33.0,0.17096078255678843
40.0,34.0,0.1816121930468305
40.0,35.0,0.19287340060253375
40.0,36.0,0.20478188869923863
40.0,37.0,0.21737732278251445
40.0,38.0,0.23070154962881387
40.0,39.0,0.24479885879198837
40.0,40.0,0.2597159883105433
40.0,41.0,0.27550240681916727
40.0,42.0,0.2922103268254948
40.0,43.0,0.3098950086158101
40.0,44.0,0.32861478231943997
40.0,45.0,0.34843137470431895
40.0,46.0,0.36940994119964526
40.0,47.0,0.39161941659237137
40.0,48.0,0.4151325580715401
40.0,49.0,0.44002632068162306
40.0,50.0,0.4663819122629922
40.0,51.0,0.4942851942674125
40.0,52.0,0.523826749170168
40.0,53.0,0.5551023068750971
40.0,54.0,0.5882128247291583
40.0,55.0,0.6232649391990146
40.0,56.0,0.660371057983346
40.0,57.0,0.6996498358800661
40.0,58.0,0.7412262776097938
40.0,59.0,0.7852322357507249
40.0,60.0,0.8318065216904676
40.0,61.0,0.8810954221099201
40.0,62.0,0.9332528138888255
40.0,63.0,0.9884406937825386
40.0,64.0,1.0468292910240773
40.0,65.0,1.1085976024567474
40.0,66.0,1.1739334938944213
40.0,67.0,1.243034229935738
40.0,68.0,1.3161065517480308
40.0,69.0,1.3933671869764774
40.0,70.0,1.4750428873872328
40.0,71.0,1.5613708995830953
40.0,72.0,1.6525989407717308
40.0,73.0,1.7489856053154977
40.0,74.0,1.8508002507088976
40.0,75.0,1.9583233082807745
40.0,76.0,2.07184604426671
40.0,77.0,2.191670735293341
40.0,78.0,2.3181102613281523
40.0,79.0,2.451488098102068
40.0,80.0,2.5921376900060307
40.0,81.0,2.7404022027673034
40.0,82.0,2.8966336156042316
40.0,83.0,3.061192169001777
40.0,84.0,3.234445107571532
40.0,85.0,3.416765750840595
40.0,86.0,3.6085318127176675
40.0,87.0,3.8101240195232777
40.0,88.0,4.021923930744469
40.0,89.0,4.244312030419714
40.0,90.0,4.477664979618674
40.0,91.0,4.722353117700933
40.0,92.0,4.978737092902457
40.0,93.0,5.247164732341263
40.0,94.0,5.527967026771419
40.0,95.0,5.821454366036457
40.0,96.0,6.1279119007961675
40.0,97.0,6.447595196341543
40.0,98.0,6.780725060124899
40.0,99.0,7.1274827426429495
40.0,100.0,7.488004404711904
40.0,101.0,7.862376087514284
40.0,102.0,8.25062809357572
40.0,103.0,8.652730052284381
40.0,104.0,9.068585593746887
40.0,105.0,9.49802793826839
40.0,106.0,9.940815336594659
40.0,107.0,10.396627692785732
40.0,108.0,10.865063305889674
40.0,109.0,11.345637071472765
40.0,110.0,11.83777906372147
40.0,111.0,12.340834827308669
40.0,112.0,12.85406626320912
40.0,113.0,13.376654401692932
40.0,114.0,13.907702888125213
40.0,115.0,14.446243416291697
40.0,116.0,14.991241858705235
40.0,117.0,15.541606254920675
40.0,118.0,16.09619532375755
40.0,119.0,16.65382858429347
40.0,120.0,17.213296675155814
40.0,121.0,17.773372893860582
40.0,122.0,18.332824491971653
40.0,123.0,18.890424711955337
40.0,124.0,19.444964082196975
40.0,125.0,19.99526195591728
40.0,126.0,20.54017683003349
40.0,127.0,21.078616465305647
40.0,128.0,21.60954639783312
40.0,129.0,22.13199792609352
40.0,130.0,22.645074240214708
40.0,131.0,23.147955853589256
40.0,132.0,23.639904087313568
40.0,133.0,24.120263841026787
40.0,134.0,24.588464477017038
40.0,135.0,25.044020109479774
40.0,136.0,25.48652818453454
40.0,137.0,25.91566767868253
40.0,138.0,26.331195837987575
40.0,139.0,26.732944797399902
40.0,140.0,27.120817018062347
40.0,141.0,27.494780872750407
40.0,142.0,27.85486531631029
40.0,143.0,28.20115494663573
40.0,144.0,28.53378438170367
40.0,145.0,28.852933224564854
40.0,146.0,29.15882052611239
40.0,147.0,29.45169998038694
40.0,148.0,29.731854746993356
40.0,149.0,29.999593098813317
40.0,150.0,30.25524377797304
40.0,151.0,30.499152224675314
40.0,152.0,30.73167655551644
40.0,153.0,30.953184426368388
40.0,154.0,31.164049655828162
40.0,155.0,31.36464971888448
40.0,156.0,31.555362991554325
40.0,157.0,31.73656683426349
40.0,158.0,31.908635404068747
40.0,159.0,32.071938264358614
40.0,160.0,32.22683869514612
40.0,161.0,32.373692755331525
40.0,162.0,32.51284801583975
40.0,163.0,32.64464299885509
40.0,164.0,32.76940625985282
40.0,165.0,32.88745613197135
40.0,166.0,32.99910008860792
40.0,167.0,33.104634728113055
40.0,168.0,33.204345356579154
40.0,169.0,33.298506156622224
40.0,170.0,33.38737993886847
40.0,171.0,33.471218447564695
40.0,172.0,33.550262238125946
40.0,173.0,33.6247410809536
40.0,174.0,33.6948739306841
40.0,175.0,33.76086939747512
40.0,176.0,33.82292578099702
40.0,177.0,33.88123158537766
40.0,178.0,33.93596559738858
40.0,179.0,33.98729742716666
40.0,180.0,34.03538761546227
40.0,181.0,34.08038818721175
40.0,182.0,34.12244277719189
40.0,183.0,34.16168718757258
40.0,184.0,34.19824952493983
40.0,185.0,34.23225075619449
40.0,186.0,34.26380485274203
40.0,187.0,34.2930193415904
40.0,188.0,34.319995454618876
40.0,189.0,34.34482867351275
40.0,190.0,34.367608883447105
40.0,191.0,34.38842091159539
40.0,192.0,34.40734468530062
40.0,193.0,34.42445576429905
40.0,194.0,34.4398255034814
40.0,195.0,34.45352157865513
40.0,196.0,34.46560815329404
40.0,197.0,34.47614639660258
40.0,198.0,34.485194652205735
40.0,199.0,34.49280894549123
40.0,200.0,34.49904315005431
40.0,201.0,34.50394947887584
40.0,202.0,34.50757864166299
40.0,203.0,34.509980311598305
40.0,204.0,34.5112032638128
40.0,205.0,34.51129580660583
40.0,206.0,34.5103058886338
40.0,207.0,34.50828148121972
40.0,208.0,34.505270640081854
40.0,209.0,34.501321824323576
40.0,210.0,34.496483898381875
40.0,211.0,34.490806374218046
40.0,212.0,34.48433934127762
40.0,213.0,34.47713362180952
40.0,214.0,34.469240621336525
40.0,215.0,34.46071239301843
40.0,216.0,34.45160140825319
40.0,217.0,34.441960534066254
40.0,218.0,34.431842732161975
40.0,219.0,34.42130096231163
40.0,220.0,34.410387827020344
40.0,221.0,34.39915542216375
40.0,222.0,34.38765495168573
40.0,223.0,34.375936552568774
40.0,224.0,34.364048908043436
40.0,225.0,34.352039076047504
40.0,226.0,34.339952129360064
40.0,227.0,34.327831014513556
40.0,228.0,34.315716243063804
40.0,229.0,34.3036458019642
40.0,230.0,34.29165491279912
40.0,231.0,34.279776006234314
40.0,232.0,34.268038557064514
40.0,233.0,34.25646912625055
40.0,234.0,34.24509127080653
40.0,235.0,34.23392564876047
40.0,236.0,34.22298999566762
40.0,237.0,34.21229928174613
40.0,238.0,34.20186574198921
40.0,239.0,34.19169907123722
40.0,240.0,34.18180649266063
40.0,241.0,34.172192975537655
40.0,242.0,34.16286132695942
40.0,243.0,34.1538124180771
40.0,244.0,34.145045285609505
40.0,245.0,34.13655735461098
40.0,246.0,34.128344539032206
40.0,247.0,34.12040145195794
40.0,248.0,34.11272149745745
40.0,249.0,34.10529706220185
40.0,250.0,34.09811959368243
40.0,251.0,34.09117976977312
40.0,252.0,34.08446756081691
40.0,253.0,34.077972375857286
40.0,254.0,34.07168310797552
40.0,255.0,34.065588257520346
40.0,256.0,34.05967596141833
40.0,257.0,34.05393409481876
40.0,258.0,34.04835028595928
40.0,259.0,34.042911998298266
40.0,260.0,34.0376065329965
40.0,261.0,34.0324210939337
40.0,262.0,34.027342780067215
40.0,263.0,34.022358635824524
40.0,264.0,34.01745563561561
40.0,265.0,34.01262072204578
40.0,266.0,34.007840784769
40.0,267.0,34.003102688844145
40.0,268.0,33.99839324998255
40.0,269.0,33.99369925522887
40.0,270.0,33.989007436520744
40.0,271.0,33.98430448574907
40.0,272.0,33.97957702844143
40.0,273.0,33.974811635168976
40.0,274.0,33.96999479710618
40.0,275.0,33.965112935716284
40.0,276.0,33.96015238193602
40.0,277.0,33.95509938609288
40.0,278.0,33.949940102514944
40.0,279.0,33.94466060170651
40.0,280.0,33.939246862281415
40.0,281.0,33.93368478753586
40.0,282.0,33.927960206730226
40.0,283.0,33.922058898325204
40.0,284.0,33.91596660276246
40.0,285.0,33.90966905473586
40.0,286.0,33.903152009700946
40.0,287.0,33.89640128758498
40.0,288.0,33.889402815228415
40.0,289.0,33.882142683826146
40.0,290.0,33.87460720929192
40.0,291.0,33.866783005381116
40.0,292.0,33.858657063477324
40.0,293.0,33.85021684267351
40.0,294.0,33.841450369604594
40.0,295.0,33.83234634565669
40.0,296.0,33.82289426611347
40.0,297.0,33.813084543036595
40.0,298.0,33.802908641092074
40.0,299.0,33.79235921246428
40.0,300.0,33.78143024428527
40.0,301.0,33.77011719926456
40.0,302.0,33.75841716677862
40.0,303.0,33.74632899991185
40.0,304.0,33.73385345925051
40.0,305.0,33.72099333410402
40.0,306.0,33.70775356534721
40.0,307.0,33.69414133627232
40.0,308.0,33.680166159061066
40.0,309.0,33.66583991968897
40.0,310.0,33.651176912491806
40.0,311.0,33.63619382449902
40.0,312.0,33.620909704718215
40.0,313.0,33.60534587672422
40.0,314.0,33.589525834052964
40.0,315.0,33.57347507591376
40.0,316.0,33.55722092727213
40.0,317.0,33.54079230067852
40.0,318.0,33.524219448388976
40.0,319.0,33.50753366235531
40.0,320.0,33.490766974647954
40.0,321.0,33.47395181599134
40.0,322.0,33.45712068807115
40.0,323.0,33.44030580689287
40.0,324.0,33.423538774685795
40.0,325.0,33.406850236489326
40.0,326.0,33.39026957935751
40.0,327.0,33.37382462843977
40.0,328.0,33.35754139704365
40.0,329.0,33.34144384257015
40.0,330.0,33.32555368365882
40.0,331.0,33.30989022798798
40.0,332.0,33.294470263794636
40.0,333.0,33.279307962487664
40.0,334.0,33.26441484305027
40.0,335.0,33.2497997442784
40.0,336.0,33.23546885337129
40.0,337.0,33.221425736557016
40.0,338.0,33.20767141839611
40.0,339.0,33.19420445609912
40.0,340.0,33.18102105389802
40.0,341.0,33.16811516540028
40.0,342.0,33.155478627491725
40.0,343.0,33.143101276098314
40.0,344.0,33.13097108584218
40.0,345.0,33.1190742869036
40.0,346.0,33.10739549935336
40.0,347.0,33.095917841742484
40.0,348.0,33.08462305205511
40.0,349.0,33.073491581657485
40.0,350.0,33.06250269769947
40.0,351.0,33.05163455876259
40.0,352.0,33.040864296012366
40.0,353.0,33.03016806910914
40.0,354.0,33.01952112536338
40.0,355.0,33.00889783616157
40.0,356.0,32.99827173480276
40.0,357.0,32.98761553488677
40.0,358.0,32.97690114848447
40.0,359.0,32.966099688728264
40.0,360.0,32.955181470595505
40.0,361.0,32.944116000443394
40.0,362.0,32.93287196207782
40.0,363.0,32.92141719629684
40.0,364.0,32.90971867518115
40.0,365.0,32.89774247495159
40.0,366.0,32.885453741643474
40.0,367.0,32.872816660825876
40.0,368.0,32.859794418085286
40.0,369.0,32.84634916946377
40.0,370.0,32.832442000534144
40.0,371.0,32.81803290184097
40.0,372.0,32.803080730842645
40.0,373.0,32.78754319721675
40.0,374.0,32.771376832600794
40.0,375.0,32.75453699137055
40.0,376.0,32.73697783393927
40.0,377.0,32.718652349533535
40.0,378.0,32.699512359798064
40.0,379.0,32.67950857115141
40.0,380.0,32.658590606548366
40.0,381.0,32.63670709613679
40.0,382.0,32.61380574616899
40.0,383.0,32.58983347779334
40.0,384.0,32.564736543142786
40.0,385.0,32.53846072301093
40.0,386.0,32.51095150087344
40.0,387.0,32.48215433067033
40.0,388.0,32.452014879644466
40.0,389.0,32.4204793771445
40.0,390.0,32.38749493631338
40.0,391.0,32.35300999331594
40.0,392.0,32.31697471561626
40.0,393.0,32.2793415378285
40.0,394.0,32.2400656600775
40.0,395.0,32.19910568126508
40.0,396.0,32.156424184335776
40.0,397.0,32.111988459726106
40.0,398.0,32.06577116493877
40.0,399.0,32.01775112012797
40.0,400.0,31.967914017247505
40.0,401.0,31.916253256403024
40.0,402.0,31.862770665579585
40.0,403.0,31.807477331528503
40.0,404.0,31.75039427608262
40.0,405.0,31.691553220778136
40.0,406.0,31.63099715233034
40.0,407.0,31.568780948661807
40.0,408.0,31.504971757366278
40.0,409.0,31.43964940573554
40.0,410.0,31.372906515526672
40.0,411.0,31.304848624421894
40.0,412.0,31.235593971288466
40.0,413.0,31.165273273824766
40.0,414.0,31.094029142425732
40.0,415.0,31.02201548904951
40.0,416.0,30.94939656383602
40.0,417.0,30.876346010938008
40.0,418.0,30.803045565991074
40.0,419.0,30.729683819999185
40.0,420.0,30.65645466044677
40.0,421.0,30.583555846117008
40.0,422.0,30.511187311349484
40.0,423.0,30.439549684245318
40.0,424.0,30.36884259435844
40.0,425.0,30.29926327748358
40.0,426.0,30.23100502717336
40.0,427.0,30.16425601873094
40.0,428.0,30.0991980243681
40.0,429.0,30.03600555961471
40.0,430.0,29.974844945425012
40.0,431.0,29.91587383859062
40.0,432.0,29.85924067961021
40.0,433.0,29.8050846235031
40.0,434.0,29.753535368499623
40.0,435.0,29.704713463090076
40.0,436.0,29.65873047473926
40.0,437.0,29.61568961885733
40.0,438.0,29.575686202982183
40.0,439.0,29.538808506151305
40.0,440.0,29.505138423259904
40.0,441.0,29.47475251855248
40.0,442.0,29.447722795478924
40.0,443.0,29.424117853142345
40.0,444.0,29.40400371577172
40.0,445.0,29.3874450324705
40.0,446.0,29.374505913841368
40.0,447.0,29.365251129844516
40.0,448.0,29.359746915993465
40.0,449.0,29.3580621387815
40.0,450.0,29.360269047885183
40.0,451.0,29.366444391578007
40.0,452.0,29.37667010310271
40.0,453.0,29.391034358748193
40.0,454.0,29.409632195332495
40.0,455.0,29.432566510829435
40.0,456.0,29.45994861564629
40.0,457.0,29.49189917994655
40.0,458.0,29.528548724344006
40.0,459.0,29.570038519702095
40.0,460.0,29.616521023373814
40.0,461.0,29.668160736659384
40.0,462.0,29.7251345911847
40.0,463.0,29.787632766725885
40.0,464.0,29.85585902905636
40.0,465.0,29.930031506769737
40.0,466.0,30.01038297715449
40.0,467.0,30.09716159513001
40.0,468.0,30.190631117542008
40.0,469.0,30.29107157043786
40.0,470.0,30.398779394642627
40.0,471.0,30.514068029335924
40.0,472.0,30.63726795284411
40.0,473.0,30.76872715080941
40.0,474.0,30.90881101579165
40.0,475.0,31.057902657236447
40.0,476.0,31.21640261175487
40.0,477.0,31.384728939697858
40.0,478.0,31.56331668505655
40.0,479.0,31.75261769002932
40.0,480.0,31.953099729796428
40.0,481.0,32.165245962639
40.0,482.0,32.389553651218165
40.0,483.0,32.62653315265465
40.0,484.0,32.876706125763576
40.0,485.0,33.1406039547478
40.0,486.0,33.418765333204234
40.0,487.0,33.711734009241965
40.0,488.0,34.0200556349535
40.0,489.0,34.344274723279916
40.0,490.0,34.68493065994395
40.0,491.0,35.042553777615325
40.0,492.0,35.41766045080031
40.0,493.0,35.8107482258913
40.0,494.0,36.22228996345118
40.0,495.0,36.65272801878852
40.0,496.0,37.10246746540408
40.0,497.0,37.571869404133516
40.0,498.0,38.06124339952103
40.0,499.0,38.57084010808249
40.0,500.0,39.100843185740715
40.0,501.0,39.65136156443015
40.0,502.0,40.22242123725136
40.0,503.0,40.813957667397645
40.0,504.0,41.42580801394889
40.0,505.0,42.05770430884301
40.0,506.0,42.70926682631333
40.0,507.0,43.37999878382401
40.0,508.0,44.069281649519446
40.0,509.0,44.77637217621107
40.0,510.0,45.5004004470101
40.0,511.0,46.240370001489204
40.0,512.0,46.99515930711211
40.0,513.0,47.76352555701562
40.0,514.0,48.5441100066338
40.0,515.0,49.335445708110235
40.0,516.0,50.135966777400846
40.0,517.0,50.94401990748383
40.0,518.0,51.75787717484522
40.0,519.0,52.57575070263618
40.0,520.0,53.39580815141407
40.0,521.0,54.216189469432635
40.0,522.0,55.03502383152429
40.0,523.0,55.850447106802136
40.0,524.0,56.660618794296546
40.0,525.0,57.46373872735771
40.0,526.0,58.25806255451735
40.0,527.0,59.041916310619776
40.0,528.0,59.81370920636873
40.0,529.0,60.5719450028728
40.0,530.0,61.315231254044775
40.0,531.0,62.042286854967315
40.0,532.0,62.751947345070235
40.0,533.0,63.44316847150483
40.0,534.0,64.11502761714151
40.0,535.0,64.76672364276179
40.0,536.0,65.39757487778611
40.0,537.0,66.00701581932609
40.0,538.0,66.59459237154636
40.0,539.0,67.15995615912573
40.0,540.0,67.70285781352862
40.0,541.0,68.22313970825792
40.0,542.0,68.72072808437407
40.0,543.0,69.19562496168523
40.0,544.0,69.64789980442373
40.0,545.0,70.07768124233843
40.0,546.0,70.48514883738926
40.0,547.0,70.87052509709503
40.0,548.0,71.23406774701365
40.0,549.0,71.57606236422659
40.0,550.0,71.89681541220034
40.0,551.0,72.19664768411705
40.0,552.0,72.47588823093537
40.0,553.0,72.73486869253914
40.0,554.0,72.97391815272773
40.0,555.0,73.1933583538908
40.0,556.0,73.39349944465148
40.0,557.0,73.57463601932406
40.0,558.0,73.73704368184475
40.0,559.0,73.88097582044477
40.0,560.0,74.00666089053865
40.0,561.0,74.11429982278156
40.0,562.0,74.20406392266443
40.0,563.0,74.2760928115303
40.0,564.0,74.33049284718601
40.0,565.0,74.36733550837752
40.0,566.0,74.3866562550863
40.0,567.0,74.38845328421077
40.0,568.0,74.37268676765314
40.0,569.0,74.33927792825848
40.0,570.0,74.28810861646811
40.0,571.0,74.21902067945649
40.0,572.0,74.13181586187918
40.0,573.0,74.02625546673553
40.0,574.0,73.9020605918986
40.0,575.0,73.7589121079968
40.0,576.0,73.59645126955148
40.0,577.0,73.41428006272
40.0,578.0,73.21196225756263
40.0,579.0,72.98902420630884
40.0,580.0,72.74495643086169
40.0,581.0,72.47921497944851
40.0,582.0,72.19122366976364
40.0,583.0,71.88037613689488
40.0,584.0,71.54603887551698
40.0,585.0,71.18755413234712
40.0,586.0,70.80424390745172
40.0,587.0,70.39541385645279
40.0,588.0,69.96035841687956
40.0,589.0,69.49836588377391
40.0,590.0,69.00872481622025
40.0,591.0,68.49073042829328
40.0,592.0,67.94369239622011
40.0,593.0,67.36694265707172
40.0,594.0,66.75984467047279
40.0,595.0,66.12180263211289
40.0,596.0,65.45227213800872
40.0,597.0,64.75077069223859
40.0,598.0,64.0168895714958
40.0,599.0,63.25030533377534
40.0,600.0,62.45079248684983
40.0,601.0,61.61823549155199
40.0,602.0,60.75264160946774
40.0,603.0,59.85415265648976
40.0,604.0,58.923057164664414
40.0,605.0,57.9598009082673
40.0,606.0,56.96499729918791
40.0,607.0,55.93943552281219
40.0,608.0,54.88408794566337
40.0,609.0,53.800114616475895
40.0,610.0,52.68886645572869
40.0,611.0,51.55188495401581
40.0,612.0,50.390900086081835
40.0,613.0,49.20782431484373
40.0,614.0,48.00474455418578
40.0,615.0,46.78391007053053
40.0,616.0,45.54771839396317
40.0,617.0,44.29869735955328
40.0,618.0,43.039485568235285
40.0,619.0,41.772809534485276
40.0,620.0,40.50146001199614
40.0,621.0,39.22826588169717
40.0,622.0,37.95606824309988
40.0,623.0,36.68769314854694
40.0,624.0,35.42592569198411
40.0,625.0,34.173483865805025
40.0,626.0,32.93299487870426
40.0,627.0,31.706972240834002
40.0,628.0,30.49779621131372
40.0,629.0,29.307695745347054
40.0,630.0,28.138734385928384
40.0,631.0,26.992798039019377
40.0,632.0,25.871586910187638
40.0,633.0,24.776609349379996
40.0,634.0,23.70917973118594
40.0,635.0,22.670417960290738
40.0,636.0,21.66125261856917
40.0,637.0,20.682425238621754
40.0,638.0,19.73449765909928
40.0,639.0,18.817859897360574
40.0,640.0,17.932740481321957
40.0,641.0,17.07921667546809
40.0,642.0,16.257226566505036
40.0,643.0,15.466580478812395
40.0,644.0,14.706973731796058
40.0,645.0,13.977998265850067
40.0,646.0,13.27915520487826
40.0,647.0,12.60986594735336
40.0,648.0,11.969483907947877
40.0,649.0,11.357304566449432
40.0,650.0,10.772575991017433
40.0,651.0,10.214507551146863
40.0,652.0,9.682279019580761
40.0,653.0,9.175047828730461
40.0,654.0,8.691956699165578
40.0,655.0,8.23213944736293
40.0,656.0,7.7947271955197115
40.0,657.0,7.378852824945968
40.0,658.0,6.983655889766939
40.0,659.0,6.608285861350042
40.0,660.0,6.25190590489282
40.0,661.0,5.9136950840427245
40.0,662.0,5.59285117250562
40.0,663.0,5.288591992310218
40.0,664.0,5.000157429775668
40.0,665.0,4.726810072432545
40.0,666.0,4.4678365860010265
40.0,667.0,4.222547799123733
40.0,668.0,3.9902795800218716
40.0,669.0,3.7703924988230355
40.0,670.0,3.5622723225373734
40.0,671.0,3.3653293645445235
40.0,672.0,3.1789986966104697
40.0,673.0,3.002739275718841
40.0,674.0,2.8360339533225765
40.0,675.0,2.6783884521211556
40.0,676.0,2.529331236283914
40.0,677.0,2.388412395429477
40.0,678.0,2.255203425424945
40.0,679.0,2.1292960638231704
40.0,680.0,2.010302019023497
40.0,681.0,1.897851790667139
40.0,682.0,1.7915943752755146
40.0,683.0,1.6911960963821264
40.0,684.0,1.5963403070007254
40.0,685.0,1.5067262473223033
40.0,686.0,1.4220687582369604
40.0,687.0,1.3420971789753593
40.0,688.0,1.2665550811482453
40.0,689.0,1.1951992145049346
40.0,690.0,1.1277992673166004
40.0,691.0,1.0641368652277219
40.0,692.0,1.0040053610760948
40.0,693.0,0.94720888942504
40.0,694.0,0.8935621868987398
40.0,695.0,0.8428897032331197
40.0,696.0,0.7950254517542757
40.0,697.0,0.7498121765335409
40.0,698.0,0.7071012316221631
40.0,699.0,0.6667518030266424
40.0,700.0,0.6286308146316908
40.0,701.0,0.5926122031336558
40.0,702.0,0.5585768481542375
40.0,703.0,0.5264118979099379
40.0,704.0,0.4960107207764649
40.0,705.0,0.4672722792736251
40.0,706.0,0.440101100234449
40.0,707.0,0.41440669460348334
40.0,708.0,0.3901035433565177
40.0,709.0,0.36711056061176767
40.0,710.0,0.3453510925058809
40.0,711.0,0.32475242117608555
40.0,712.0,0.30524577390331975
40.0,713.0,0.28676586561946193
40.0,714.0,0.2692509157620255
40.0,715.0,0.2526422270794553
40.0,716.0,0.23688420779128458
40.0,717.0,0.2219239845953861
40.0,718.0,0.20771142788358823
40.0,719.0,0.19419879698984394
40.0,720.0,0.1813407663674116
40.0,721.0,0.1690941012505149
40.0,722.0,0.15741768285061317
40.0,723.0,0.14627221273230812
40.0,724.0,0.13562023522971955
40.0,725.0,0.12542586895744137
40.0,726.0,0.1156548247814388
40.0,727.0,0.10627416299596558
40.0,728.0,0.09725230530533846
40.0,729.0,0.08855881629676812
40.0,730.0,0.08016440799903486
40.0,731.0,0.07204074436849114
40.0,732.0,0.06416043708764896
40.0,733.0,0.05649687185683564
40.0,734.0,0.04902419417986189
40.0,735.0,0.04171715631681942
40.0,736.0,0.034551091875353955
40.0,737.0,0.02750178233087271
40.0,738.0,0.02054541930062074
40.0,739.0,0.013658489576173815
40.0,740.0,0.006817724003675228
40.0,741.0,0.0
41.0,0.0,0.0
41.0,1.0,0.002992606759821737
41.0,2.0,0.005995330104551501
41.0,3.0,0.009018318663063383
41.0,4.0,0.012071792465953286
41.0,5.0,0.015166068120894285
41.0,6.0,0.01831160592933169
41.0,7.0,0.02151902864371851
41.0,8.0,0.024799176793537003
41.0,9.0,0.028163121485536603
41.0,10.0,0.03162222839997873
41.0,11.0,0.03518816511100735
41.0,12.0,0.038872974229817794
41.0,13.0,0.04268907574374367
41.0,14.0,0.046649349804181284
41.0,15.0,0.05076713460994879
41.0,16.0,0.055056319364285886
41.0,17.0,0.059531338260594965
41.0,18.0,0.06420727416469238
41.0,19.0,0.06909984929920886
41.0,20.0,0.07422554024446436
41.0,21.0,0.07960156596155912
41.0,22.0,0.08524601474767621
41.0,23.0,0.09117783028711432
41.0,24.0,0.09741695124427019
41.0,25.0,0.10398429608628394
41.0,26.0,0.11090191604902694
41.0,27.0,0.11819297953417396
41.0,28.0,0.12588193923958144
41.0,29.0,0.13399451699669684
41.0,30.0,0.14255788591577392
41.0,31.0,0.15160065659539934
41.0,32.0,0.16115307519359823
41.0,33.0,0.17124701200816675
41.0,34.0,0.1819161764447769
41.0,35.0,0.19319610903227702
41.0,36.0,0.2051244143154566
41.0,37.0,0.21774075743005106
41.0,38.0,0.2310871159967992
41.0,39.0,0.24520778243180283
41.0,40.0,0.2601496359543415
41.0,41.0,0.27596215184304174
41.0,42.0,0.2926976946851253
41.0,43.0,0.3104115357988969
41.0,44.0,0.3291621688367334
41.0,45.0,0.34901133656825545
41.0,46.0,0.3700243698902941
41.0,47.0,0.3922702250877488
41.0,48.0,0.4158218471838578
41.0,49.0,0.44075621864764697
41.0,50.0,0.4671547478149183
41.0,51.0,0.49510332976723337
41.0,52.0,0.5246927602397331
41.0,53.0,0.5560188090247487
41.0,54.0,0.5891826593208824
41.0,55.0,0.6242909934742188
41.0,56.0,0.6614564570689062
41.0,57.0,0.7007977560602467
41.0,58.0,0.742440144004497
41.0,59.0,0.7865155285990615
41.0,60.0,0.8331629792303477
41.0,61.0,0.8825288395422761
41.0,62.0,0.9347672508644578
41.0,63.0,0.9900402655930718
41.0,64.0,1.0485183799524835
41.0,65.0,1.1103806405908223
41.0,66.0,1.1758151774191856
41.0,67.0,1.2450192927857424
41.0,68.0,1.3181999817120666
41.0,69.0,1.3955739891967984
41.0,70.0,1.4773683009118956
41.0,71.0,1.5638201494875603
41.0,72.0,1.6551774535388497
41.0,73.0,1.7516987481085082
41.0,74.0,1.8536535436984525
41.0,75.0,1.9613221493579833
41.0,76.0,2.074995916196732
41.0,77.0,2.194976913956098
41.0,78.0,2.321578015400558
41.0,79.0,2.4551223788035155
41.0,80.0,2.5959433209583302
41.0,81.0,2.744383549275973
41.0,82.0,2.9007947625035415
41.0,83.0,3.065536567821682
41.0,84.0,3.238975740659232
41.0,85.0,3.4214847554743653
41.0,86.0,3.613440630745991
41.0,87.0,3.8152229987403494
41.0,88.0,4.02721246085849
41.0,89.0,4.24978812395563
41.0,90.0,4.4833253973656575
41.0,91.0,4.7281929341842055
41.0,92.0,4.984749817662631
41.0,93.0,5.253341868666842
41.0,94.0,5.534298199209928
41.0,95.0,5.8279268854933735
41.0,96.0,6.134510913347624
41.0,97.0,6.454303272624365
41.0,98.0,6.7875223852925615
41.0,99.0,7.134346752493551
41.0,100.0,7.4949100406070865
41.0,101.0,7.869295504823782
41.0,102.0,8.257531007283006
41.0,103.0,8.659583543631054
41.0,104.0,9.075354570538178
41.0,105.0,9.504675061511865
41.0,106.0,9.947301612707607
41.0,107.0,10.402912532267283
41.0,108.0,10.87110525181336
41.0,109.0,11.351393986433717
41.0,110.0,11.843208980492843
41.0,111.0,12.345896239630854
41.0,112.0,12.858719062411073
41.0,113.0,13.380860224441989
41.0,114.0,13.911426081215378
41.0,115.0,14.449451375105173
41.0,116.0,14.993905946653133
41.0,117.0,15.543702055674757
41.0,118.0,16.09770343733499
41.0,119.0,16.654734718693483
41.0,120.0,17.213592251163888
41.0,121.0,17.773054919252154
41.0,122.0,18.3318959314674
41.0,123.0,18.88889411719453
41.0,124.0,19.442845717393666
41.0,125.0,19.9925751930522
41.0,126.0,20.536946057008784
41.0,127.0,21.074870289920852
41.0,128.0,21.605317395278057
41.0,129.0,22.127321719628725
41.0,130.0,22.63998916237094
41.0,131.0,23.142501981555117
41.0,132.0,23.63412289478789
41.0,133.0,24.1141972618207
41.0,134.0,24.582154613814524
41.0,135.0,25.037508383443477
41.0,136.0,25.479855147863823
41.0,137.0,25.90887228641187
41.0,138.0,26.324315388784758
41.0,139.0,26.72601434166681
41.0,140.0,27.113869430742987
41.0,141.0,27.487846393337776
41.0,142.0,27.847971741638332
41.0,143.0,28.194327285575923
41.0,144.0,28.527045146161576
41.0,145.0,28.846302174837653
41.0,146.0,29.152315034223925
41.0,147.0,29.445334840365696
41.0,148.0,29.725642584986716
41.0,149.0,29.993544224448407
41.0,150.0,30.249366618825427
41.0,151.0,30.49345319885213
41.0,152.0,30.726160512579582
41.0,153.0,30.947854526050694
41.0,154.0,31.1589078023332
41.0,155.0,31.359696435316074
41.0,156.0,31.55059783893258
41.0,157.0,31.7319882752953
41.0,158.0,31.904241201873518
41.0,159.0,32.06772533241042
41.0,160.0,32.22280347348364
41.0,161.0,32.36983104584185
41.0,162.0,32.509155335683126
41.0,163.0,32.641114401832795
41.0,164.0,32.7660366680368
41.0,165.0,32.88424014485064
41.0,166.0,32.99603229463176
41.0,167.0,33.101709503797494
41.0,168.0,33.201557159998835
41.0,169.0,33.295849318821226
41.0,170.0,33.38484894139857
41.0,171.0,33.46880770849609
41.0,172.0,33.54796637562865
41.0,173.0,33.62255469603108
41.0,174.0,33.692791858603094
41.0,175.0,33.75888648911017
41.0,176.0,33.821037143682254
41.0,177.0,33.87943236449348
41.0,178.0,33.93425120796984
41.0,179.0,33.98566333710801
41.0,180.0,34.03382956898838
41.0,181.0,34.07890199083916
41.0,182.0,34.12102451595615
41.0,183.0,34.16033301466539
41.0,184.0,34.19695587139693
41.0,185.0,34.231014124925906
41.0,186.0,34.26262202220936
41.0,187.0,34.291887164760595
41.0,188.0,34.31891105699394
41.0,189.0,34.34378925735601
41.0,190.0,34.3666119203654
41.0,191.0,34.38746395220495
41.0,192.0,34.40642554639523
41.0,193.0,34.42357234393542
41.0,194.0,34.43897596259333
41.0,195.0,34.45270416134592
41.0,196.0,34.46482136258021
41.0,197.0,34.475388819509895
41.0,198.0,34.48446512915841
41.0,199.0,34.492106399636796
41.0,200.0,34.498366749678354
41.0,201.0,34.50329847025809
41.0,202.0,34.50695250382829
41.0,203.0,34.509378591970936
41.0,204.0,34.51062572465438
41.0,205.0,34.51074226283049
41.0,206.0,34.50977634547293
41.0,207.0,34.50777597382302
41.0,208.0,34.504789362313275
41.0,209.0,34.50086497021091
41.0,210.0,34.49605178247769
41.0,211.0,34.49039927554029
41.0,212.0,34.48395761630245
41.0,213.0,34.47677755217789
41.0,214.0,34.468910521166364
41.0,215.0,34.46040846219837
41.0,216.0,34.45132383621471
41.0,217.0,34.441709360785225
41.0,218.0,34.43161795066442
41.0,219.0,34.42110238942511
41.0,220.0,34.4102152066039
41.0,221.0,34.39900830714609
41.0,222.0,34.38753280931877
41.0,223.0,34.37583865842781
41.0,224.0,34.36397445363376
41.0,225.0,34.35198707440314
41.0,226.0,34.339921524301786
41.0,227.0,34.327820596505376
41.0,228.0,34.31572475856701
41.0,229.0,34.303671877512535
41.0,230.0,34.291697162396645
41.0,231.0,34.279832961320466
41.0,232.0,34.2681087698338
41.0,233.0,34.25655110330537
41.0,234.0,34.245183570585624
41.0,235.0,34.23402681712534
41.0,236.0,34.2230986561832
41.0,237.0,34.21241407206256
41.0,238.0,34.201985396362424
41.0,239.0,34.19182235719815
41.0,240.0,34.18193228575646
41.0,241.0,34.17232019630869
41.0,242.0,34.16298900833563
41.0,243.0,34.15393964304887
41.0,244.0,34.1451712479946
41.0,245.0,34.13668129800058
41.0,246.0,34.12846581176181
41.0,247.0,34.120519447959346
41.0,248.0,34.11283570626026
41.0,249.0,34.10540701226829
41.0,250.0,34.09822489817829
41.0,251.0,34.091280072849926
41.0,252.0,34.08456257976335
41.0,253.0,34.07806185065853
41.0,254.0,34.07176684032004
41.0,255.0,34.06566606383507
41.0,256.0,34.05974770908126
41.0,257.0,34.05399965875553
41.0,258.0,34.0484095823099
41.0,259.0,34.04296494457249
41.0,260.0,34.03765307936574
41.0,261.0,34.0324611868801
41.0,262.0,34.02737639141883
41.0,263.0,34.02238572979279
41.0,264.0,34.017476195659725
41.0,265.0,34.01263472117165
41.0,266.0,34.00784821029242
41.0,267.0,34.003103515817415
41.0,268.0,33.998387463921524
41.0,269.0,33.99368682853638
41.0,270.0,33.98898834924668
41.0,271.0,33.98427870488949
41.0,272.0,33.97954452680983
41.0,273.0,33.97477237346382
41.0,274.0,33.96994874098331
41.0,275.0,33.96506004053305
41.0,276.0,33.960092608126914
41.0,277.0,33.95503268651336
41.0,278.0,33.94986643623313
41.0,279.0,33.94457992388182
41.0,280.0,33.939159136491725
41.0,281.0,33.93358997813304
41.0,282.0,33.927858289822126
41.0,283.0,33.92194985654853
41.0,284.0,33.91585043502866
41.0,285.0,33.90954577334835
41.0,286.0,33.90302164894952
41.0,287.0,33.89626390310441
41.0,288.0,33.889258491483254
41.0,289.0,33.881991535556864
41.0,290.0,33.87444938786659
41.0,291.0,33.86661870210037
41.0,292.0,33.858486514678624
41.0,293.0,33.85004033456545
41.0,294.0,33.84126824189447
41.0,295.0,33.832158997461526
41.0,296.0,33.82270215774814
41.0,297.0,33.81288820241401
41.0,298.0,33.80270866317265
41.0,299.0,33.7921562654304
41.0,300.0,33.78122506603912
41.0,301.0,33.769910602574285
41.0,302.0,33.75821003215664
41.0,303.0,33.7461222789228
41.0,304.0,33.73364816315082
41.0,305.0,33.720790534619425
41.0,306.0,33.70755437864855
41.0,307.0,33.69394692081007
41.0,308.0,33.679977694818234
41.0,309.0,33.665658603111844
41.0,310.0,33.65100393148931
41.0,311.0,33.63603035109992
41.0,312.0,33.620756866916935
41.0,313.0,33.60520475013601
41.0,314.0,33.58939741232349
41.0,315.0,33.573360263196804
41.0,316.0,33.557120509369355
41.0,317.0,33.54070694046948
41.0,318.0,33.52414965999614
41.0,319.0,33.50747981158178
41.0,320.0,33.490729258175435
41.0,321.0,33.47393026837913
41.0,322.0,33.45711516729946
41.0,323.0,33.440316008617536
41.0,324.0,33.423564224465366
41.0,325.0,33.4068903109528
41.0,326.0,33.39032350441934
41.0,327.0,33.37389150606168
41.0,328.0,33.357620207884494
41.0,329.0,33.34153347632565
41.0,330.0,33.32565294409383
41.0,331.0,33.309997864548095
41.0,332.0,33.29458497689674
41.0,333.0,33.279428434223775
41.0,334.0,33.264539740919936
41.0,335.0,33.24992774925231
41.0,336.0,33.23559866080463
41.0,337.0,33.221556080495795
41.0,338.0,33.207801069054696
41.0,339.0,33.19433223992095
41.0,340.0,33.18114584757451
41.0,341.0,33.16823591172472
41.0,342.0,33.15559432635149
41.0,343.0,33.14321099652557
41.0,344.0,33.13107395469442
41.0,345.0,33.1191694977081
41.0,346.0,33.10748229951281
41.0,347.0,33.095995538818514
41.0,348.0,33.08469100033281
41.0,349.0,33.073549186459076
41.0,350.0,33.06254940205888
41.0,351.0,33.051669846247776
41.0,352.0,33.040887678140024
41.0,353.0,33.03017908702057
41.0,354.0,33.019519338481125
41.0,355.0,33.00888282293427
41.0,356.0,32.99824308299145
41.0,357.0,32.98757284148465
41.0,358.0,32.976844011930176
41.0,359.0,32.966027708023574
41.0,360.0,32.955094239680534
41.0,361.0,32.9440131064804
41.0,362.0,32.93275298218725
41.0,363.0,32.92128169494595
41.0,364.0,32.90956620346805
41.0,365.0,32.8975725670291
41.0,366.0,32.88526591674608
41.0,367.0,32.872610418669126
41.0,368.0,32.85956924385305
41.0,369.0,32.846104528146896
41.0,370.0,32.83217734512987
41.0,371.0,32.81774766662714
41.0,372.0,32.80277434308299
41.0,373.0,32.787215069405654
41.0,374.0,32.771026378012834
41.0,375.0,32.75416361535078
41.0,376.0,32.73658095367827
41.0,377.0,32.71823138451285
41.0,378.0,32.69906675620631
41.0,379.0,32.679037791616466
41.0,380.0,32.65809415962561
41.0,381.0,32.636184525458134
41.0,382.0,32.61325666541856
41.0,383.0,32.58925755936343
41.0,384.0,32.564133558949536
41.0,385.0,32.537830532650275
41.0,386.0,32.51029409849875
41.0,387.0,32.48146983246687
41.0,388.0,32.451303576770385
41.0,389.0,32.419741722068046
41.0,390.0,32.3867316014873
41.0,391.0,32.352221855528846
41.0,392.0,32.316162919615095
41.0,393.0,32.278507477317895
41.0,394.0,32.239211044927856
41.0,395.0,32.198232513166836
41.0,396.0,32.15553482556395
41.0,397.0,32.11108560077198
41.0,398.0,32.06485789211955
41.0,399.0,32.01683087187642
41.0,400.0,31.966990647286273
41.0,401.0,31.91533097492969
41.0,402.0,31.861854094451463
41.0,403.0,31.80657142654193
41.0,404.0,31.74950437085618
41.0,405.0,31.690684926914436
41.0,406.0,31.63015638965576
41.0,407.0,31.567973821458374
41.0,408.0,31.504204570454064
41.0,409.0,31.438928517225236
41.0,410.0,31.3722383408704
41.0,411.0,31.304239469097617
41.0,412.0,31.23505002809442
41.0,413.0,31.164800442121294
41.0,414.0,31.0936330270292
41.0,415.0,31.02170121543206
41.0,416.0,30.949168789214553
41.0,417.0,30.87620874636871
41.0,418.0,30.803002210884912
41.0,419.0,30.7297370016895
41.0,420.0,30.656606301915495
41.0,421.0,30.58380703111976
41.0,422.0,30.511538391649914
41.0,423.0,30.44000017410132
41.0,424.0,30.369391318679853
41.0,425.0,30.29990829431634
41.0,426.0,30.231743813008627
41.0,427.0,30.16508541276175
41.0,428.0,30.10011444287646
41.0,429.0,30.037004952307925
41.0,430.0,29.975923028312273
41.0,431.0,29.917026051277645
41.0,432.0,29.860462425696532
41.0,433.0,29.806371218367545
41.0,434.0,29.754882277762917
41.0,435.0,29.706116232680323
41.0,436.0,29.660184960715267
41.0,437.0,29.617191894639227
41.0,438.0,29.577232777019205
41.0,439.0,29.54039620436542
41.0,440.0,29.506764593973756
41.0,441.0,29.476414890843653
41.0,442.0,29.449419673015
41.0,443.0,29.425847950977566
41.0,444.0,29.405766346099124
41.0,445.0,29.389239923364013
41.0,446.0,29.37633339048196
41.0,447.0,29.367111918947067
41.0,448.0,29.36164232597517
41.0,449.0,29.359993853324493
41.0,450.0,29.36223930801235
41.0,451.0,29.368455781206986
41.0,452.0,29.378725735279662
41.0,453.0,29.393137655326225
41.0,454.0,29.411787078840753
41.0,455.0,29.434777179683557
41.0,456.0,29.462219742394815
41.0,457.0,29.494235682763183
41.0,458.0,29.53095597174275
41.0,459.0,29.572522098497544
41.0,460.0,29.619086949401595
41.0,461.0,29.670815218919348
41.0,462.0,29.72788424763201
41.0,463.0,29.790484383914027
41.0,464.0,29.858819781653708
41.0,465.0,29.93310871166917
41.0,466.0,30.013584314994628
41.0,467.0,30.100494857511208
41.0,468.0,30.194104428468084
41.0,469.0,30.294693124954705
41.0,470.0,30.402557677750423
41.0,471.0,30.51801154403683
41.0,472.0,30.641385433702734
41.0,473.0,30.77302727906323
41.0,474.0,30.91330262437051
41.0,475.0,31.06259443027427
41.0,476.0,31.221303277548706
41.0,477.0,31.389846951705405
41.0,478.0,31.568660399038784
41.0,479.0,31.758195023497684
41.0,480.0,31.958918319529996
41.0,481.0,32.17131279966549
41.0,482.0,32.39587521515412
41.0,483.0,32.633115019814085
41.0,484.0,32.8835530775074
41.0,485.0,33.14771955740206
41.0,486.0,33.42615201903076
41.0,487.0,33.719392628737076
41.0,488.0,34.027985511396636
41.0,489.0,34.352473180904354
41.0,490.0,34.693393056502465
41.0,491.0,35.051273016057834
41.0,492.0,35.42662699905961
41.0,493.0,35.819949625139856
41.0,494.0,36.23171085032676
41.0,495.0,36.66234964987265
41.0,496.0,37.1122677640474
41.0,497.0,37.58182252796742
41.0,498.0,38.07131984113317
41.0,499.0,38.58100633909881
41.0,500.0,39.11106184651187
41.0,501.0,39.66159122287935
41.0,502.0,40.232616705560744
41.0,503.0,40.82406991427335
41.0,504.0,41.435784643754275
41.0,505.0,42.06748965985945
41.0,506.0,42.718802637646924
41.0,507.0,43.3892244977471
41.0,508.0,44.07813527243224
41.0,509.0,44.784790779677195
41.0,510.0,45.508321201561394
41.0,511.0,46.2477308402499
41.0,512.0,47.00190007843398
41.0,513.0,47.76958878122997
41.0,514.0,48.54944206141468
41.0,515.0,49.33999758011424
41.0,516.0,50.13969517090699
41.0,517.0,50.94688787678921
41.0,518.0,51.75985504005512
41.0,519.0,52.57681645250459
41.0,520.0,53.395948065141624
41.0,521.0,54.215398205674106
41.0,522.0,55.033304691241625
41.0,523.0,55.84781176878408
41.0,524.0,56.65708720480812
41.0,525.0,57.45933849635959
41.0,526.0,58.252828511712345
41.0,527.0,59.03588962723731
41.0,528.0,59.806936701849395
41.0,529.0,60.564478093257605
41.0,530.0,61.30712511958966
41.0,531.0,62.033599331146235
41.0,532.0,62.7427380652517
41.0,533.0,63.43349780988904
41.0,534.0,64.10495590475955
41.0,535.0,64.75631024830581
41.0,536.0,65.38687756643496
41.0,537.0,65.99609002532824
41.0,538.0,66.58349073604529
41.0,539.0,67.14872801554736
41.0,540.0,67.69154890988929
41.0,541.0,68.21179189891271
41.0,542.0,68.70937921885172
41.0,543.0,69.18430875731096
41.0,544.0,69.63664586927209
41.0,545.0,70.06651509313394
41.0,546.0,70.47409201814366
41.0,547.0,70.85959530416659
41.0,548.0,71.22327900551016
41.0,549.0,71.56542522496511
41.0,550.0,71.88633715268892
41.0,551.0,72.186332548115
41.0,552.0,72.46573762764376
41.0,553.0,72.72488145662103
41.0,554.0,72.96409072262055
41.0,555.0,73.18368503717983
41.0,556.0,73.38397256313007
41.0,557.0,73.5652461707556
41.0,558.0,73.72777984501101
41.0,559.0,73.87182560925926
41.0,560.0,73.99761061668498
41.0,561.0,74.10533474183238
41.0,562.0,74.19516825509993
41.0,563.0,74.26724998312307
41.0,564.0,74.32168547140213
41.0,565.0,74.3585456250338
41.0,566.0,74.37786527860918
41.0,567.0,74.3796422456933
41.0,568.0,74.36383623440366
41.0,569.0,74.33036825508788
41.0,570.0,74.27911984258577
41.0,571.0,74.20993279526334
41.0,572.0,74.12260868969598
41.0,573.0,74.01690894966835
41.0,574.0,73.8925546651898
41.0,575.0,73.7492270167146
41.0,576.0,73.58656743755353
41.0,577.0,73.40417844598218
41.0,578.0,73.20162421779315
41.0,579.0,72.97843190659654
41.0,580.0,72.73409272076202
41.0,581.0,72.46806383915094
41.0,582.0,72.17977011280792
41.0,583.0,71.8686067080115
41.0,584.0,71.53394157576713
41.0,585.0,71.17511897389122
41.0,586.0,70.79146286352052
41.0,587.0,70.38228147320376
41.0,588.0,69.94687178684225
41.0,589.0,69.48452531030331
41.0,590.0,68.99453380357664
41.0,591.0,68.47619638769908
41.0,592.0,67.92882663830655
41.0,593.0,67.3517611200759
41.0,594.0,66.74436789145159
41.0,595.0,66.10605646762451
41.0,596.0,65.43628767975993
41.0,597.0,64.73458493949751
41.0,598.0,64.00054524588958
41.0,599.0,63.23385145227704
41.0,600.0,62.434284021322085
41.0,601.0,61.60173378393916
41.0,602.0,60.73621381731086
41.0,603.0,59.837871951214964
41.0,604.0,58.907001908195085
41.0,605.0,57.94405458461029
41.0,606.0,56.9496473828333
41.0,607.0,55.924573116088254
41.0,608.0,54.86980632891545
41.0,609.0,53.78650859974537
41.0,610.0,52.67603064300374
41.0,611.0,51.53991286502608
41.0,612.0,50.37988221738402
41.0,613.0,49.197847138817565
41.0,614.0,47.995888509095096
41.0,615.0,46.77624858806012
41.0,616.0,45.54131598632975
41.0,617.0,44.293608851350356
41.0,618.0,43.035754458950606
41.0,619.0,41.7704676045213
41.0,620.0,40.50052611591258
41.0,621.0,39.2287460582023
41.0,622.0,37.95795503867611
41.0,623.0,36.69096629253524
41.0,624.0,35.43055197227716
41.0,625.0,34.17941834728993
41.0,626.0,32.94018126986623
41.0,627.0,31.715344555834363
41.0,628.0,30.507279497689456
41.0,629.0,29.318208034326176
41.0,630.0,28.15018761135464
41.0,631.0,27.005100097455035
41.0,632.0,25.88464259530983
41.0,633.0,24.79032235369035
41.0,634.0,23.72345344457039
41.0,635.0,22.685157281076915
41.0,636.0,21.676364509214682
41.0,637.0,20.697820263227655
41.0,638.0,19.750090240506584
41.0,639.0,18.83356954868971
41.0,640.0,17.948491756017496
41.0,641.0,17.094940102729463
41.0,642.0,16.272858321930745
41.0,643.0,15.482063062886585
41.0,644.0,14.722255411084198
41.0,645.0,13.993033549273715
41.0,646.0,13.293904114762057
41.0,647.0,12.624294352130425
41.0,648.0,11.983562681663182
41.0,649.0,11.371009832186383
41.0,650.0,10.785888220305452
41.0,651.0,10.227411763307655
41.0,652.0,9.694763862152222
41.0,653.0,9.187105767024784
41.0,654.0,8.703583107807244
41.0,655.0,8.243332813677963
41.0,656.0,7.805488242195865
41.0,657.0,7.389184741622954
41.0,658.0,6.993563498484212
41.0,659.0,6.6177758833890685
41.0,660.0,6.260986174331215
41.0,661.0,5.922374851556551
41.0,662.0,5.601140367888542
41.0,663.0,5.296501563356099
41.0,664.0,5.007698651754726
41.0,665.0,4.733994918006239
41.0,666.0,4.474677078019381
41.0,667.0,4.229056406420625
41.0,668.0,3.996468609167046
41.0,669.0,3.7762745102866733
41.0,670.0,3.5678595569048137
41.0,671.0,3.370634173663008
41.0,672.0,3.184033000024735
41.0,673.0,3.0075150018215373
41.0,674.0,2.8405625222257624
41.0,675.0,2.682681222383285
41.0,676.0,2.5333990109788296
41.0,677.0,2.392265870621849
41.0,678.0,2.2588527167586934
41.0,679.0,2.132751153504147
41.0,680.0,2.0135723007778537
41.0,681.0,1.90094651253093
41.0,682.0,1.7945222012462012
41.0,683.0,1.6939655427932372
41.0,684.0,1.5989593195965726
41.0,685.0,1.5092026294068361
41.0,686.0,1.424409762241826
41.0,687.0,1.3443099249175003
41.0,688.0,1.2686461620388474
41.0,689.0,1.1971751039357397
41.0,690.0,1.129665938278832
41.0,691.0,1.0659001858798307
41.0,692.0,1.0056707267152165
41.0,693.0,0.9487816056767309
41.0,694.0,0.8950471147166418
41.0,695.0,0.8442916289016325
41.0,696.0,0.7963487448920933
41.0,697.0,0.7510611464198627
41.0,698.0,0.708279798253022
41.0,699.0,0.6678638393700416
41.0,700.0,0.6296798308376264
41.0,701.0,0.5936016743984571
41.0,702.0,0.5595099122204794
41.0,703.0,0.527291668279362
41.0,704.0,0.49683999765835335
41.0,705.0,0.4680538479323454
41.0,706.0,0.4408374555573685
41.0,707.0,0.41510032440611544
41.0,708.0,0.39075666674612775
41.0,709.0,0.3677253961024536
41.0,710.0,0.3459296103535905
41.0,711.0,0.3252965961794334
41.0,712.0,0.3057573518813077
41.0,713.0,0.28724660079275044
41.0,714.0,0.2697023515373889
41.0,715.0,0.25306591792162597
41.0,716.0,0.23728151446897516
41.0,717.0,0.22229628046650768
41.0,718.0,0.20805990874721622
41.0,719.0,0.1945246717181923
41.0,720.0,0.1816450814969115
41.0,721.0,0.16937791590288104
41.0,722.0,0.15768190818461614
41.0,723.0,0.14651777110396047
41.0,724.0,0.13584791461462092
41.0,725.0,0.12563646630681774
41.0,726.0,0.11584901551330773
41.0,727.0,0.10645262850969843
41.0,728.0,0.09741561762845248
41.0,729.0,0.08870754972601112
41.0,730.0,0.08029903897843421
41.0,731.0,0.07216174722981257
41.0,732.0,0.06426819922445354
41.0,733.0,0.05659177354164007
41.0,734.0,0.049106539088378726
41.0,735.0,0.041787235403326316
41.0,736.0,0.03460912929100335
41.0,737.0,0.027547983342728788
41.0,738.0,0.020579931637889043
41.0,739.0,0.013681435382143116
41.0,740.0,0.006829176633890338
41.0,741.0,0.0
