# r,z,V
0.0,0.0,0.0
0.0,1.0,0.0
0.0,2.0,0.0
0.0,3.0,0.0
0.0,4.0,0.0
0.0,5.0,0.0
0.0,6.0,0.0
0.0,7.0,0.0
0.0,8.0,0.0
0.0,9.0,0.0
0.0,10.0,0.0
0.0,11.0,0.0
0.0,12.0,0.0
0.0,13.0,0.0
0.0,14.0,0.0
0.0,15.0,0.0
0.0,16.0,0.0
0.0,17.0,0.0
0.0,18.0,0.0
0.0,19.0,0.0
0.0,20.0,0.0
0.0,21.0,0.0
0.0,22.0,0.0
0.0,23.0,0.0
0.0,24.0,0.0
0.0,25.0,0.0
0.0,26.0,0.0
0.0,27.0,0.0
0.0,28.0,0.0
0.0,29.0,0.0
0.0,30.0,0.0
0.0,31.0,0.0
0.0,32.0,0.0
0.0,33.0,0.0
0.0,34.0,0.0
0.0,35.0,0.0
0.0,36.0,0.0
0.0,37.0,0.0
0.0,38.0,0.0
0.0,39.0,0.0
0.0,40.0,0.0
0.0,41.0,0.0
0.0,42.0,0.0
0.0,43.0,0.0
0.0,44.0,0.0
0.0,45.0,0.0
0.0,46.0,0.0
0.0,47.0,0.0
0.0,48.0,0.0
0.0,49.0,0.0
0.0,50.0,0.0
0.0,51.0,0.0
0.0,52.0,0.0
0.0,53.0,0.0
0.0,54.0,0.0
0.0,55.0,0.0
0.0,56.0,0.0
0.0,57.0,0.0
0.0,58.0,0.0
0.0,59.0,0.0
0.0,60.0,0.0
0.0,61.0,0.0
0.0,62.0,0.0
0.0,63.0,0.0
0.0,64.0,0.0
0.0,65.0,0.0
0.0,66.0,0.0
0.0,67.0,0.0
0.0,68.0,0.0
0.0,69.0,0.0
0.0,70.0,0.0
0.0,71.0,0.0
0.0,72.0,0.0
0.0,73.0,0.0
0.0,74.0,0.0
0.0,75.0,0.0
0.0,76.0,0.0
0.0,77.0,0.0
0.0,78.0,0.0
0.0,79.0,0.0
0.0,80.0,0.0
0.0,81.0,0.0
0.0,82.0,0.0
0.0,83.0,0.0
0.0,84.0,0.0
0.0,85.0,0.0
0.0,86.0,0.0
0.0,87.0,0.0
0.0,88.0,0.0
0.0,89.0,0.0
0.0,90.0,0.0
0.0,91.0,0.0
0.0,92.0,0.0
0.0,93.0,0.0
0.0,94.0,0.0
0.0,95.0,0.0
0.0,96.0,0.0
0.0,97.0,0.0
0.0,98.0,0.0
0.0,99.0,0.0
0.0,100.0,0.0
0.0,101.0,0.0
0.0,102.0,0.0
0.0,103.0,0.0
0.0,104.0,0.0
0.0,105.0,0.0
0.0,106.0,0.0
0.0,107.0,0.0
0.0,108.0,0.0
0.0,109.0,0.0
0.0,110.0,0.0
0.0,111.0,0.0
0.0,112.0,0.0
0.0,113.0,0.0
0.0,114.0,0.0
0.0,115.0,0.0
0.0,116.0,0.0
0.0,117.0,0.0
0.0,118.0,0.0
0.0,119.0,0.0
0.0,120.0,0.0
0.0,121.0,35.0
0.0,122.0,35.0
0.0,123.0,35.0
0.0,124.0,35.0
0.0,125.0,35.0
0.0,126.0,35.0
0.0,127.0,35.0
0.0,128.0,35.0
0.0,129.0,35.0
0.0,130.0,35.0
0.0,131.0,35.0
0.0,132.0,35.0
0.0,133.0,35.0
0.0,134.0,35.0
0.0,135.0,35.0
0.0,136.0,35.0
0.0,137.0,35.0
0.0,138.0,35.0
0.0,139.0,35.0
0.0,140.0,35.0
0.0,141.0,35.0
0.0,142.0,35.0
0.0,143.0,35.0
0.0,144.0,35.0
0.0,145.0,35.0
0.0,146.0,35.0
0.0,147.0,35.0
0.0,148.0,35.0
0.0,149.0,35.0
0.0,150.0,35.0
0.0,151.0,35.0
0.0,152.0,35.0
0.0,153.0,35.0
0.0,154.0,35.0
0.0,155.0,35.0
0.0,156.0,35.0
0.0,157.0,35.0
0.0,158.0,35.0
0.0,159.0,35.0
0.0,160.0,35.0
0.0,161.0,35.0
0.0,162.0,35.0
0.0,163.0,35.0
0.0,164.0,35.0
0.0,165.0,35.0
0.0,166.0,35.0
0.0,167.0,35.0
0.0,168.0,35.0
0.0,169.0,35.0
0.0,170.0,35.0
0.0,171.0,35.0
0.0,172.0,35.0
0.0,173.0,35.0
0.0,174.0,35.0
0.0,175.0,35.0
0.0,176.0,35.0
0.0,177.0,35.0
0.0,178.0,35.0
0.0,179.0,35.0
0.0,180.0,35.0
0.0,181.0,35.0
0.0,182.0,35.0
0.0,183.0,35.0
0.0,184.0,35.0
0.0,185.0,35.0
0.0,186.0,35.0
0.0,187.0,35.0
0.0,188.0,35.0
0.0,189.0,35.0
0.0,190.0,35.0
0.0,191.0,35.0
0.0,192.0,35.0
0.0,193.0,35.0
0.0,194.0,35.0
0.0,195.0,35.0
0.0,196.0,35.0
0.0,197.0,35.0
0.0,198.0,35.0
0.0,199.0,35.0
0.0,200.0,35.0
0.0,201.0,35.0
0.0,202.0,35.0
0.0,203.0,35.0
0.0,204.0,35.0
0.0,205.0,35.0
0.0,206.0,35.0
0.0,207.0,35.0
0.0,208.0,35.0
0.0,209.0,35.0
0.0,210.0,35.0
0.0,211.0,35.0
0.0,212.0,35.0
0.0,213.0,35.0
0.0,214.0,35.0
0.0,215.0,35.0
0.0,216.0,35.0
0.0,217.0,35.0
0.0,218.0,35.0
0.0,219.0,35.0
0.0,220.0,35.0
0.0,221.0,34.0
0.0,222.0,34.0
0.0,223.0,34.0
0.0,224.0,34.0
0.0,225.0,34.0
0.0,226.0,34.0
0.0,227.0,34.0
0.0,228.0,34.0
0.0,229.0,34.0
0.0,230.0,34.0
0.0,231.0,34.0
0.0,232.0,34.0
0.0,233.0,34.0
0.0,234.0,34.0
0.0,235.0,34.0
0.0,236.0,34.0
0.0,237.0,34.0
0.0,238.0,34.0
0.0,239.0,34.0
0.0,240.0,34.0
0.0,241.0,34.0
0.0,242.0,34.0
0.0,243.0,34.0
0.0,244.0,34.0
0.0,245.0,34.0
0.0,246.0,34.0
0.0,247.0,34.0
0.0,248.0,34.0
0.0,249.0,34.0
0.0,250.0,34.0
0.0,251.0,34.0
0.0,252.0,34.0
0.0,253.0,34.0
0.0,254.0,34.0
0.0,255.0,34.0
0.0,256.0,34.0
0.0,257.0,34.0
0.0,258.0,34.0
0.0,259.0,34.0
0.0,260.0,34.0
0.0,261.0,34.0
0.0,262.0,34.0
0.0,263.0,34.0
0.0,264.0,34.0
0.0,265.0,34.0
0.0,266.0,34.0
0.0,267.0,34.0
0.0,268.0,34.0
0.0,269.0,34.0
0.0,270.0,34.0
0.0,271.0,34.0
0.0,272.0,34.0
0.0,273.0,34.0
0.0,274.0,34.0
0.0,275.0,34.0
0.0,276.0,34.0
0.0,277.0,34.0
0.0,278.0,34.0
0.0,279.0,34.0
0.0,280.0,34.0
0.0,281.0,34.0
0.0,282.0,34.0
0.0,283.0,34.0
0.0,284.0,34.0
0.0,285.0,34.0
0.0,286.0,34.0
0.0,287.0,34.0
0.0,288.0,34.0
0.0,289.0,34.0
0.0,290.0,34.0
0.0,291.0,34.0
0.0,292.0,34.0
0.0,293.0,34.0
0.0,294.0,34.0
0.0,295.0,34.0
0.0,296.0,34.0
0.0,297.0,34.0
0.0,298.0,34.0
0.0,299.0,34.0
0.0,300.0,34.0
0.0,301.0,34.0
0.0,302.0,34.0
0.0,303.0,34.0
0.0,304.0,34.0
0.0,305.0,34.0
0.0,306.0,34.0
0.0,307.0,34.0
0.0,308.0,34.0
0.0,309.0,34.0
0.0,310.0,34.0
0.0,311.0,34.0
0.0,312.0,34.0
0.0,313.0,34.0
0.0,314.0,34.0
0.0,315.0,34.0
0.0,316.0,34.0
0.0,317.0,34.0
0.0,318.0,34.0
0.0,319.0,34.0
0.0,320.0,34.0
0.0,321.0,33.0
0.0,322.0,33.0
0.0,323.0,33.0
0.0,324.0,33.0
0.0,325.0,33.0
0.0,326.0,33.0
0.0,327.0,33.0
0.0,328.0,33.0
0.0,329.0,33.0
0.0,330.0,33.0
0.0,331.0,33.0
0.0,332.0,33.0
0.0,333.0,33.0
0.0,334.0,33.0
0.0,335.0,33.0
0.0,336.0,33.0
0.0,337.0,33.0
0.0,338.0,33.0
0.0,339.0,33.0
0.0,340.0,33.0
0.0,341.0,33.0
0.0,342.0,33.0
0.0,343.0,33.0
0.0,344.0,33.0
0.0,345.0,33.0
0.0,346.0,33.0
0.0,347.0,33.0
0.0,348.0,33.0
0.0,349.0,33.0
0.0,350.0,33.0
0.0,351.0,33.0
0.0,352.0,33.0
0.0,353.0,33.0
0.0,354.0,33.0
0.0,355.0,33.0
0.0,356.0,33.0
0.0,357.0,33.0
0.0,358.0,33.0
0.0,359.0,33.0
0.0,360.0,33.0
0.0,361.0,33.0
0.0,362.0,33.0
0.0,363.0,33.0
0.0,364.0,33.0
0.0,365.0,33.0
0.0,366.0,33.0
0.0,367.0,33.0
0.0,368.0,33.0
0.0,369.0,33.0
0.0,370.0,33.0
0.0,371.0,33.0
0.0,372.0,33.0
0.0,373.0,33.0
0.0,374.0,33.0
0.0,375.0,33.0
0.0,376.0,33.0
0.0,377.0,33.0
0.0,378.0,33.0
0.0,379.0,33.0
0.0,380.0,33.0
0.0,381.0,33.0
0.0,382.0,33.0
0.0,383.0,33.0
0.0,384.0,33.0
0.0,385.0,33.0
0.0,386.0,33.0
0.0,387.0,33.0
0.0,388.0,33.0
0.0,389.0,33.0
0.0,390.0,33.0
0.0,391.0,33.0
0.0,392.0,33.0
0.0,393.0,33.0
0.0,394.0,33.0
0.0,395.0,33.0
0.0,396.0,33.0
0.0,397.0,33.0
0.0,398.0,33.0
0.0,399.0,33.0
0.0,400.0,33.0
0.0,401.0,33.0
0.0,402.0,33.0
0.0,403.0,33.0
0.0,404.0,33.0
0.0,405.0,33.0
0.0,406.0,33.0
0.0,407.0,33.0
0.0,408.0,33.0
0.0,409.0,33.0
0.0,410.0,33.0
0.0,411.0,33.0
0.0,412.0,33.0
0.0,413.0,33.0
0.0,414.0,33.0
0.0,415.0,33.0
0.0,416.0,33.0
0.0,417.0,33.0
0.0,418.0,33.0
0.0,419.0,33.0
0.0,420.0,33.0
0.0,421.0,28.0
0.0,422.0,28.0
0.0,423.0,28.0
0.0,424.0,28.0
0.0,425.0,28.0
0.0,426.0,28.0
0.0,427.0,28.0
0.0,428.0,28.0
0.0,429.0,28.0
0.0,430.0,28.0
0.0,431.0,28.0
0.0,432.0,28.0
0.0,433.0,28.0
0.0,434.0,28.0
0.0,435.0,28.0
0.0,436.0,28.0
0.0,437.0,28.0
0.0,438.0,28.0
0.0,439.0,28.0
0.0,440.0,28.0
0.0,441.0,28.0
0.0,442.0,28.0
0.0,443.0,28.0
0.0,444.0,28.0
0.0,445.0,28.0
0.0,446.0,28.0
0.0,447.0,28.0
0.0,448.0,28.0
0.0,449.0,28.0
0.0,450.0,28.0
0.0,451.0,28.0
0.0,452.0,28.0
0.0,453.0,28.0
0.0,454.0,28.0
0.0,455.0,28.0
0.0,456.0,28.0
0.0,457.0,28.0
0.0,458.0,28.0
0.0,459.0,28.0
0.0,460.0,28.0
0.0,461.0,28.0
0.0,462.0,28.0
0.0,463.0,28.0
0.0,464.0,28.0
0.0,465.0,28.0
0.0,466.0,28.0
0.0,467.0,28.0
0.0,468.0,28.0
0.0,469.0,28.0
0.0,470.0,28.0
0.0,471.0,28.0
0.0,472.0,28.0
0.0,473.0,28.0
0.0,474.0,28.0
0.0,475.0,28.0
0.0,476.0,28.0
0.0,477.0,28.0
0.0,478.0,28.0
0.0,479.0,28.0
0.0,480.0,28.0
0.0,481.0,28.0
0.0,482.0,28.0
0.0,483.0,28.0
0.0,484.0,28.0
0.0,485.0,28.0
0.0,486.0,28.0
0.0,487.0,28.0
0.0,488.0,28.0
0.0,489.0,28.0
0.0,490.0,28.0
0.0,491.0,28.0
0.0,492.0,28.0
0.0,493.0,28.0
0.0,494.0,28.0
0.0,495.0,28.0
0.0,496.0,28.0
0.0,497.0,28.0
0.0,498.0,28.0
0.0,499.0,28.0
0.0,500.0,28.0
0.0,501.0,28.0
0.0,502.0,28.0
0.0,503.0,28.0
0.0,504.0,28.0
0.0,505.0,28.0
0.0,506.0,28.0
0.0,507.0,28.0
0.0,508.0,28.0
0.0,509.0,28.0
0.0,510.0,28.0
0.0,511.0,28.0
0.0,512.0,28.0
0.0,513.0,28.0
0.0,514.0,28.0
0.0,515.0,28.0
0.0,516.0,28.0
0.0,517.0,28.0
0.0,518.0,28.0
0.0,519.0,28.0
0.0,520.0,28.0
0.0,521.0,100.0
0.0,522.0,100.0
0.0,523.0,100.0
0.0,524.0,100.0
0.0,525.0,100.0
0.0,526.0,100.0
0.0,527.0,100.0
0.0,528.0,100.0
0.0,529.0,100.0
0.0,530.0,100.0
0.0,531.0,100.0
0.0,532.0,100.0
0.0,533.0,100.0
0.0,534.0,100.0
0.0,535.0,100.0
0.0,536.0,100.0
0.0,537.0,100.0
0.0,538.0,100.0
0.0,539.0,100.0
0.0,540.0,100.0
0.0,541.0,100.0
0.0,542.0,100.0
0.0,543.0,100.0
0.0,544.0,100.0
0.0,545.0,100.0
0.0,546.0,100.0
0.0,547.0,100.0
0.0,548.0,100.0
0.0,549.0,100.0
0.0,550.0,100.0
0.0,551.0,100.0
0.0,552.0,100.0
0.0,553.0,100.0
0.0,554.0,100.0
0.0,555.0,100.0
0.0,556.0,100.0
0.0,557.0,100.0
0.0,558.0,100.0
0.0,559.0,100.0
0.0,560.0,100.0
0.0,561.0,100.0
0.0,562.0,100.0
0.0,563.0,100.0
0.0,564.0,100.0
0.0,565.0,100.0
0.0,566.0,100.0
0.0,567.0,100.0
0.0,568.0,100.0
0.0,569.0,100.0
0.0,570.0,100.0
0.0,571.0,100.0
0.0,572.0,100.0
0.0,573.0,100.0
0.0,574.0,100.0
0.0,575.0,100.0
0.0,576.0,100.0
0.0,577.0,100.0
0.0,578.0,100.0
0.0,579.0,100.0
0.0,580.0,100.0
0.0,581.0,100.0
0.0,582.0,100.0
0.0,583.0,100.0
0.0,584.0,100.0
0.0,585.0,100.0
0.0,586.0,100.0
0.0,587.0,100.0
0.0,588.0,100.0
0.0,589.0,100.0
0.0,590.0,100.0
0.0,591.0,100.0
0.0,592.0,100.0
0.0,593.0,100.0
0.0,594.0,100.0
0.0,595.0,100.0
0.0,596.0,100.0
0.0,597.0,100.0
0.0,598.0,100.0
0.0,599.0,100.0
0.0,600.0,100.0
0.0,601.0,100.0
0.0,602.0,100.0
0.0,603.0,100.0
0.0,604.0,100.0
0.0,605.0,100.0
0.0,606.0,100.0
0.0,607.0,100.0
0.0,608.0,100.0
0.0,609.0,100.0
0.0,610.0,100.0
0.0,611.0,100.0
0.0,612.0,100.0
0.0,613.0,100.0
0.0,614.0,100.0
0.0,615.0,100.0
0.0,616.0,100.0
0.0,617.0,100.0
0.0,618.0,100.0
0.0,619.0,100.0
0.0,620.0,100.0
0.0,621.0,0.0
0.0,622.0,0.0
0.0,623.0,0.0
0.0,624.0,0.0
0.0,625.0,0.0
0.0,626.0,0.0
0.0,627.0,0.0
0.0,628.0,0.0
0.0,629.0,0.0
0.0,630.0,0.0
0.0,631.0,0.0
0.0,632.0,0.0
0.0,633.0,0.0
0.0,634.0,0.0
0.0,635.0,0.0
0.0,636.0,0.0
0.0,637.0,0.0
0.0,638.0,0.0
0.0,639.0,0.0
0.0,640.0,0.0
0.0,641.0,0.0
0.0,642.0,0.0
0.0,643.0,0.0
0.0,644.0,0.0
0.0,645.0,0.0
0.0,646.0,0.0
0.0,647.0,0.0
0.0,648.0,0.0
0.0,649.0,0.0
0.0,650.0,0.0
0.0,651.0,0.0
0.0,652.0,0.0
0.0,653.0,0.0
0.0,654.0,0.0
0.0,655.0,0.0
0.0,656.0,0.0
0.0,657.0,0.0
0.0,658.0,0.0
0.0,659.0,0.0
0.0,660.0,0.0
0.0,661.0,0.0
0.0,662.0,0.0
0.0,663.0,0.0
0.0,664.0,0.0
0.0,665.0,0.0
0.0,666.0,0.0
0.0,667.0,0.0
0.0,668.0,0.0
0.0,669.0,0.0
0.0,670.0,0.0
0.0,671.0,0.0
0.0,672.0,0.0
0.0,673.0,0.0
0.0,674.0,0.0
0.0,675.0,0.0
0.0,676.0,0.0
0.0,677.0,0.0
0.0,678.0,0.0
0.0,679.0,0.0
0.0,680.0,0.0
0.0,681.0,0.0
0.0,682.0,0.0
0.0,683.0,0.0
0.0,684.0,0.0
0.0,685.0,0.0
0.0,686.0,0.0
0.0,687.0,0.0
0.0,688.0,0.0
0.0,689.0,0.0
0.0,690.0,0.0
0.0,691.0,0.0
0.0,692.0,0.0
0.0,693.0,0.0
0.0,694.0,0.0
0.0,695.0,0.0
0.0,696.0,0.0
0.0,697.0,0.0
0.0,698.0,0.0
0.0,699.0,0.0
0.0,700.0,0.0
0.0,701.0,0.0
0.0,702.0,0.0
0.0,703.0,0.0
0.0,704.0,0.0
0.0,705.0,0.0
0.0,706.0,0.0
0.0,707.0,0.0
0.0,708.0,0.0
0.0,709.0,0.0
0.0,710.0,0.0
0.0,711.0,0.0
0.0,712.0,0.0
0.0,713.0,0.0
0.0,714.0,0.0
0.0,715.0,0.0
0.0,716.0,0.0
0.0,717.0,0.0
0.0,718.0,0.0
0.0,719.0,0.0
0.0,720.0,0.0
0.0,721.0,0.0
0.0,722.0,0.0
0.0,723.0,0.0
0.0,724.0,0.0
0.0,725.0,0.0
0.0,726.0,0.0
0.0,727.0,0.0
0.0,728.0,0.0
0.0,729.0,0.0
0.0,730.0,0.0
0.0,731.0,0.0
0.0,732.0,0.0
0.0,733.0,0.0
0.0,734.0,0.0
0.0,735.0,0.0
0.0,736.0,0.0
0.0,737.0,0.0
0.0,738.0,0.0
0.0,739.0,0.0
0.0,740.0,0.0
0.0,741.0,0.0
1.0,0.0,0.0
1.0,1.0,9.125862149498484e-05
1.0,2.0,0.0001828259670358823
1.0,3.0,0.00027501184988812973
1.0,4.0,0.00036812808220476845
1.0,5.0,0.000462489758263617
1.0,6.0,0.0005584159991479671
1.0,7.0,0.0006562314445966904
1.0,8.0,0.0007562668475882452
1.0,9.0,0.0008588607897585744
1.0,10.0,0.0009643601413418043
1.0,11.0,0.0010731220157099777
1.0,12.0,0.0011855141109355838
1.0,13.0,0.0013019169198611224
1.0,14.0,0.0014227239706287715
1.0,15.0,0.0015483443098183553
1.0,16.0,0.0016792026606645824
1.0,17.0,0.00181574219823886
1.0,18.0,0.001958424645779586
1.0,19.0,0.002107733362675349
1.0,20.0,0.002264173401413829
1.0,21.0,0.0024282749313013926
1.0,22.0,0.0026005932810487537
1.0,23.0,0.0027817127237987987
1.0,24.0,0.0029722465333851633
1.0,25.0,0.0031728411594175777
1.0,26.0,0.003384176328865169
1.0,27.0,0.0036069696437697704
1.0,28.0,0.003841976764135794
1.0,29.0,0.004089996465437707
1.0,30.0,0.004351870943990883
1.0,31.0,0.004628491376956251
1.0,32.0,0.004920798397610154
1.0,33.0,0.005229788207239584
1.0,34.0,0.005556513275264544
1.0,35.0,0.005902089060533544
1.0,36.0,0.006267695000388319
1.0,37.0,0.006654581908761632
1.0,38.0,0.0070640733294096685
1.0,39.0,0.007497573690335474
1.0,40.0,0.007956570110064703
1.0,41.0,0.008442641402856091
1.0,42.0,0.008957460443732874
1.0,43.0,0.009502804137463915
1.0,44.0,0.010080556468964417
1.0,45.0,0.010692719572144491
1.0,46.0,0.011341417618414066
1.0,47.0,0.012028909150528086
1.0,48.0,0.012757591994800435
1.0,49.0,0.013530017061788451
1.0,50.0,0.014348894509473378
1.0,51.0,0.015217109259373984
1.0,52.0,0.016137728691110215
1.0,53.0,0.01711402018247667
1.0,54.0,0.018149460684143994
1.0,55.0,0.01924775666963308
1.0,56.0,0.020412856027411042
1.0,57.0,0.021648970907413162
1.0,58.0,0.022960592483278947
1.0,59.0,0.02435251731407601
1.0,60.0,0.02582986568130869
1.0,61.0,0.027398112258898818
1.0,62.0,0.029063108930986736
1.0,63.0,0.030831120795533514
1.0,64.0,0.03270885463823919
1.0,65.0,0.03470350160727061
1.0,66.0,0.036822772882004924
1.0,67.0,0.03907495077966829
1.0,68.0,0.04146893365265973
1.0,69.0,0.0440142977675643
1.0,70.0,0.04672135414618627
1.0,71.0,0.049601224359726456
1.0,72.0,0.05266591297691978
1.0,73.0,0.05592840153946724
1.0,74.0,0.059402741616284414
1.0,75.0,0.06310417281868476
1.0,76.0,0.06704924336560207
1.0,77.0,0.07125596028531646
1.0,78.0,0.075743947155036
1.0,79.0,0.08053463797345453
1.0,80.0,0.08565148579336405
1.0,81.0,0.0911202166970118
1.0,82.0,0.09696910910474629
1.0,83.0,0.1032293317522791
1.0,84.0,0.10993532269906378
1.0,85.0,0.11712524670063232
1.0,86.0,0.12484151731626862
1.0,87.0,0.13313142715242407
1.0,88.0,0.142047879353752
1.0,89.0,0.1516502733394667
1.0,90.0,0.16200554933423744
1.0,91.0,0.17318946048287864
1.0,92.0,0.18528809688027584
1.0,93.0,0.19839975732974308
1.0,94.0,0.2126372283189965
1.0,95.0,0.22813061419514252
1.0,96.0,0.2450308426966111
1.0,97.0,0.26351407953542416
1.0,98.0,0.2837873001920538
1.0,99.0,0.3060954280808368
1.0,100.0,0.3307305371060092
1.0,101.0,0.35804389068995235
1.0,102.0,0.3884618492558305
1.0,103.0,0.42250721957445553
1.0,104.0,0.46082830229214927
1.0,105.0,0.504239123612024
1.0,106.0,0.5537761646527853
1.0,107.0,0.610780092691094
1.0,108.0,0.6770162883236643
1.0,109.0,0.7548574865249741
1.0,110.0,0.8475691861630775
1.0,111.0,0.9597719713303413
1.0,112.0,1.098222381918872
1.0,113.0,1.2731986983476755
1.0,114.0,1.5011089096892432
1.0,115.0,1.80975391434837
1.0,116.0,2.2498607630978036
1.0,117.0,2.922863754170554
1.0,118.0,4.055155871736497
1.0,119.0,6.21902214548778
1.0,120.0,11.061308567449249
1.0,121.0,23.938326436797716
1.0,122.0,28.780612353221215
1.0,123.0,30.944477614174946
1.0,124.0,32.076768208234995
1.0,125.0,32.74976915990401
1.0,126.0,33.18987344640495
1.0,127.0,33.49851535723913
1.0,128.0,33.72642193263445
1.0,129.0,33.901394058596416
1.0,130.0,34.03983970990305
1.0,131.0,34.152037150727686
1.0,132.0,34.24474290271171
1.0,133.0,34.32257752962014
1.0,134.0,34.38880650784881
1.0,135.0,34.445802547666894
1.0,136.0,34.495331002648406
1.0,137.0,34.538732510623845
1.0,138.0,34.57704352073982
1.0,139.0,34.61107802457572
1.0,140.0,34.64148428537944
1.0,141.0,34.668785069601256
1.0,142.0,34.69340669427483
1.0,143.0,34.71570037619238
1.0,144.0,34.73595813921289
1.0,145.0,34.75442485309103
1.0,146.0,34.77130743582681
1.0,147.0,34.786781991599675
1.0,148.0,34.80099938231953
1.0,149.0,34.81408964194067
1.0,150.0,34.826165481705445
1.0,151.0,34.8373251200074
1.0,152.0,34.84765456102621
1.0,153.0,34.85722946612253
1.0,154.0,34.866116677463594
1.0,155.0,34.87437548971238
1.0,156.0,34.88205869407788
1.0,157.0,34.88921346355076
1.0,158.0,34.895882083821036
1.0,159.0,34.902102582928535
1.0,160.0,34.90790925268391
1.0,161.0,34.91333310533369
1.0,162.0,34.91840225174209
1.0,163.0,34.92314223851819
1.0,164.0,34.92757632632367
1.0,165.0,34.93172574281793
1.0,166.0,34.93560989007061
1.0,167.0,34.9392465371742
1.0,168.0,34.942651976485344
1.0,169.0,34.945841172270995
1.0,170.0,34.94882787941854
1.0,171.0,34.9516247595108
1.0,172.0,34.95424347156269
1.0,173.0,34.95669476355094
1.0,174.0,34.958988541938126
1.0,175.0,34.96113394434916
1.0,176.0,34.9631393926832
1.0,177.0,34.96501265097125
1.0,178.0,34.966760865462014
1.0,179.0,34.96839061047605
1.0,180.0,34.96990791778754
1.0,181.0,34.97131831234711
1.0,182.0,34.97262683242634
1.0,183.0,34.973838056288365
1.0,184.0,34.97495611380313
1.0,185.0,34.97598470439301
1.0,186.0,34.9769271000525
1.0,187.0,34.97778615406752
1.0,188.0,34.97856429444998
1.0,189.0,34.97926352186424
1.0,190.0,34.97988539121788
1.0,191.0,34.98043099567535
1.0,192.0,34.98090093219982
1.0,193.0,34.981295266048676
1.0,194.0,34.98161347283156
1.0,195.0,34.98185437362413
1.0,196.0,34.98201604041443
1.0,197.0,34.98209568425906
1.0,198.0,34.9820895004044
1.0,199.0,34.981992477187035
1.0,200.0,34.98179813635464
1.0,201.0,34.98149820070567
1.0,202.0,34.98108214195972
1.0,203.0,34.980536581318106
1.0,204.0,34.979844461173215
1.0,205.0,34.97898390524103
1.0,206.0,34.97792659875351
1.0,207.0,34.97663546207059
1.0,208.0,34.9750612075733
1.0,209.0,34.97313712941475
1.0,210.0,34.97077094906979
1.0,211.0,34.96783161357768
1.0,212.0,34.96412698471432
1.0,213.0,34.959364251991275
1.0,214.0,34.95307541875396
1.0,215.0,34.94446693135076
1.0,216.0,34.93209015714079
1.0,217.0,34.91304764478401
1.0,218.0,34.88087165361527
1.0,219.0,34.81921177738171
1.0,220.0,34.68101583122288
1.0,221.0,34.31324687544284
1.0,222.0,34.17503292875011
1.0,223.0,34.11333699017656
1.0,224.0,34.08110675221954
1.0,225.0,34.06199162393267
1.0,226.0,34.049523617608386
1.0,227.0,34.0408049711452
1.0,228.0,34.034386676912206
1.0,229.0,34.02947473996464
1.0,230.0,34.02560065530946
1.0,231.0,34.0224710342716
1.0,232.0,34.01989308958743
1.0,233.0,34.017735044839384
1.0,234.0,34.015903822320965
1.0,235.0,34.01433183690985
1.0,236.0,34.01296883995657
1.0,237.0,34.011776703805076
1.0,238.0,34.01072597660625
1.0,239.0,34.00979354976951
1.0,240.0,34.008961035576355
1.0,241.0,34.00821362013633
1.0,242.0,34.00753923191928
1.0,243.0,34.00692793401683
1.0,244.0,34.0063714681155
1.0,245.0,34.005862912583616
1.0,246.0,34.00539641802498
1.0,247.0,34.00496700521096
1.0,248.0,34.00457040438
1.0,249.0,34.004202930809285
1.0,250.0,34.00386138315668
1.0,251.0,34.00354296412478
1.0,252.0,34.0032452138478
1.0,253.0,34.00296595776085
1.0,254.0,34.002703261549186
1.0,255.0,34.00245539596744
1.0,256.0,34.00222080547015
1.0,257.0,34.00199808387986
1.0,258.0,34.001785951927985
1.0,259.0,34.00158324002018
1.0,260.0,34.00138887170637
1.0,261.0,34.0012018511653
1.0,262.0,34.0010212506842
1.0,263.0,34.00084620131019
1.0,264.0,34.00067588306605
1.0,265.0,34.000509517723565
1.0,266.0,34.00034636088166
1.0,267.0,34.00018569613306
1.0,268.0,34.000026828380854
1.0,269.0,33.99986907886608
1.0,270.0,33.99971177925237
1.0,271.0,33.999554267100415
1.0,272.0,33.999395880339
1.0,273.0,33.9992359528352
1.0,274.0,33.9990738089106
1.0,275.0,33.998908758675825
1.0,276.0,33.99874009225061
1.0,277.0,33.99856707451121
1.0,278.0,33.99838893863214
1.0,279.0,33.99820487983153
1.0,280.0,33.998014047763604
1.0,281.0,33.99781553872844
1.0,282.0,33.9976083862901
1.0,283.0,33.99739155122063
1.0,284.0,33.99716390946879
1.0,285.0,33.99692423879124
1.0,286.0,33.996671202796755
1.0,287.0,33.996403332709825
1.0,288.0,33.996119005568566
1.0,289.0,33.99581641873977
1.0,290.0,33.99549355928694
1.0,291.0,33.995148167481595
1.0,292.0,33.99477769256752
1.0,293.0,33.994379239163266
1.0,294.0,33.993949501538
1.0,295.0,33.99348468264539
1.0,296.0,33.99298039342427
1.0,297.0,33.99243152657147
1.0,298.0,33.991832096865274
1.0,299.0,33.99117503712379
1.0,300.0,33.990451934842326
1.0,301.0,33.989652688125155
1.0,302.0,33.98876505079546
1.0,303.0,33.987774022312735
1.0,304.0,33.98666101748773
1.0,305.0,33.985402716896616
1.0,306.0,33.98396944571489
1.0,307.0,33.98232283841965
1.0,308.0,33.98041239485141
1.0,309.0,33.978170261766955
1.0,310.0,33.975503077993245
1.0,311.0,33.97227876510194
1.0,312.0,33.96830421654387
1.0,313.0,33.9632857036404
1.0,314.0,33.956754361935964
1.0,315.0,33.94791581386056
1.0,316.0,33.93532064722732
1.0,317.0,33.91607066946607
1.0,318.0,33.883697437673455
1.0,319.0,33.82184987669966
1.0,320.0,33.68347516694833
1.0,321.0,33.315535762865046
1.0,322.0,33.17715910710335
1.0,323.0,33.1153076474931
1.0,324.0,33.082928551181794
1.0,325.0,33.063670723077585
1.0,326.0,33.051065693574614
1.0,327.0,33.042215236548046
1.0,328.0,33.03566989927818
1.0,329.0,33.030635256544855
1.0,330.0,33.026642388944865
1.0,331.0,33.023397505365395
1.0,332.0,33.02070742909906
1.0,333.0,33.018440003592744
1.0,334.0,33.016501781282486
1.0,335.0,33.0148248139679
1.0,336.0,33.01335849759812
1.0,337.0,33.01206435346148
1.0,338.0,33.01091258380343
1.0,339.0,33.0098797360955
1.0,340.0,33.00894708133996
1.0,341.0,33.008099463971874
1.0,342.0,33.007324470947786
1.0,343.0,33.006611821061384
1.0,344.0,33.00595290931602
1.0,345.0,33.00534046215165
1.0,346.0,33.00476827321627
1.0,347.0,33.00423099849944
1.0,348.0,33.00372399564026
1.0,349.0,33.00324319673435
1.0,350.0,33.002785006443176
1.0,351.0,33.00234621989495
1.0,352.0,33.001923955561004
1.0,353.0,33.001515600324936
1.0,354.0,33.00111876359909
1.0,355.0,33.000731239260375
1.0,356.0,33.0003509730717
1.0,357.0,32.999976035326
1.0,358.0,32.999604596735175
1.0,359.0,32.999234907958886
1.0,360.0,32.99886528089608
1.0,361.0,32.99849407262946
1.0,362.0,32.99811967009386
1.0,363.0,32.997740476766886
1.0,364.0,32.997354899303886
1.0,365.0,32.99696133577779
1.0,366.0,32.996558163229096
1.0,367.0,32.99614372652601
1.0,368.0,32.99571632597162
1.0,369.0,32.99527420598621
1.0,370.0,32.994815541989595
1.0,371.0,32.994338428134725
1.0,372.0,32.993840862663724
1.0,373.0,32.993320733856905
1.0,374.0,32.992775802949595
1.0,375.0,32.99220368729887
1.0,376.0,32.99160183973041
1.0,377.0,32.99096752764433
1.0,378.0,32.9902978073059
1.0,379.0,32.9895894971675
1.0,380.0,32.988839145064894
1.0,381.0,32.988042993349126
1.0,382.0,32.987196936103636
1.0,383.0,32.986296472629995
1.0,384.0,32.98533665049577
1.0,385.0,32.984312002288625
1.0,386.0,32.98321646826207
1.0,387.0,32.98204330869876
1.0,388.0,32.98078499666018
1.0,389.0,32.97943309414359
1.0,390.0,32.97797810010943
1.0,391.0,32.97640927172718
1.0,392.0,32.9747144038875
1.0,393.0,32.972879565068354
1.0,394.0,32.9708887689734
1.0,395.0,32.968723573766724
1.0,396.0,32.96636257845942
1.0,397.0,32.96378079609032
1.0,398.0,32.960948854900565
1.0,399.0,32.95783198272859
1.0,400.0,32.9543886894736
1.0,401.0,32.95056905167508
1.0,402.0,32.94631243710224
1.0,403.0,32.94154445960834
1.0,404.0,32.93617282654971
1.0,405.0,32.930081596499285
1.0,406.0,32.92312307210602
1.0,407.0,32.91510612965294
1.0,408.0,32.90577899794412
1.0,409.0,32.89480317254835
1.0,410.0,32.88171264007858
1.0,411.0,32.86584783850734
1.0,412.0,32.84624410132752
1.0,413.0,32.821433694948205
1.0,414.0,32.78907324897414
1.0,415.0,32.74519187748951
1.0,416.0,32.68254357014535
1.0,417.0,32.586638471870245
1.0,418.0,32.42513553186341
1.0,419.0,32.11628060318765
1.0,420.0,31.42481088071927
1.0,421.0,29.585540003417997
1.0,422.0,28.894106624388193
1.0,423.0,28.58532450627424
1.0,424.0,28.423931091561755
1.0,425.0,28.32817260613842
1.0,426.0,28.26570849797183
1.0,427.0,28.222049539299814
1.0,428.0,28.189950476864308
1.0,429.0,28.1654413155565
1.0,430.0,28.14617971130064
1.0,431.0,28.130699097656986
1.0,432.0,28.118036118514432
1.0,433.0,28.10753267225631
1.0,434.0,28.098724359033234
1.0,435.0,28.09127444938588
1.0,436.0,28.084933112441128
1.0,437.0,28.079511340110898
1.0,438.0,28.074863730833176
1.0,439.0,28.070876830871764
1.0,440.0,28.067461033131654
1.0,441.0,28.064544848572748
1.0,442.0,28.062070760889693
1.0,443.0,28.059992197237484
1.0,444.0,28.0582712616358
1.0,445.0,28.056877037853393
1.0,446.0,28.055784282546515
1.0,447.0,28.054972430716955
1.0,448.0,28.054424809798373
1.0,449.0,28.054128037060558
1.0,450.0,28.054071531610088
1.0,451.0,28.054247141509872
1.0,452.0,28.054648834312058
1.0,453.0,28.05527246509691
1.0,454.0,28.056115578881997
1.0,455.0,28.057177269117602
1.0,456.0,28.05845805352168
1.0,457.0,28.059959793562623
1.0,458.0,28.061685621077096
1.0,459.0,28.063639901310562
1.0,460.0,28.065828196959696
1.0,461.0,28.068257264594376
1.0,462.0,28.070935048519537
1.0,463.0,28.07387070504351
1.0,464.0,28.077074622377772
1.0,465.0,28.080558470441304
1.0,466.0,28.084335245817943
1.0,467.0,28.08841934729887
1.0,468.0,28.092826647255787
1.0,469.0,28.09757459538233
1.0,470.0,28.102682320109377
1.0,471.0,28.108170765362903
1.0,472.0,28.1140628281778
1.0,473.0,28.12038353607677
1.0,474.0,28.127160230180408
1.0,475.0,28.134422794413897
1.0,476.0,28.14220389760404
1.0,477.0,28.150539290654443
1.0,478.0,28.15946812698557
1.0,479.0,28.16903335084469
1.0,480.0,28.179282123922334
1.0,481.0,28.190266338255388
1.0,482.0,28.202043189425503
1.0,483.0,28.21467586295657
1.0,484.0,28.22823431358049
1.0,485.0,28.242796197734737
1.0,486.0,28.258447948005458
1.0,487.0,28.275286061573524
1.0,488.0,28.29341860605934
1.0,489.0,28.31296703375516
1.0,490.0,28.33406833200452
1.0,491.0,28.356877632367222
1.0,492.0,28.38157134788118
1.0,493.0,28.408351015791478
1.0,494.0,28.437447988261358
1.0,495.0,28.46912924663973
1.0,496.0,28.503704615734577
1.0,497.0,28.5415358373078
1.0,498.0,28.583048035260823
1.0,499.0,28.628744391747762
1.0,500.0,28.679225081628314
1.0,501.0,28.73521203012282
1.0,502.0,28.797581640492524
1.0,503.0,28.867408704068467
1.0,504.0,28.946026159082507
1.0,505.0,29.035107844027145
1.0,506.0,29.136785202134284
1.0,507.0,29.25381540488605
1.0,508.0,29.389829297822256
1.0,509.0,29.549707109535813
1.0,510.0,29.740165584135262
1.0,511.0,29.970709032046877
1.0,512.0,30.255235696719488
1.0,513.0,30.61488850103692
1.0,514.0,31.083420014722805
1.0,515.0,31.71801959870938
1.0,516.0,32.62303893804988
1.0,517.0,34.00714171130783
1.0,518.0,36.336049411166265
1.0,519.0,40.7870328143674
1.0,520.0,50.747888043344666
1.0,521.0,77.23731120502508
1.0,522.0,87.1981189526084
1.0,523.0,91.64900723140187
1.0,524.0,93.9777718403366
1.0,525.0,95.36168306898222
1.0,526.0,96.26646175837989
1.0,527.0,96.90077076738636
1.0,528.0,97.36896079191611
1.0,529.0,97.72822002888576
1.0,530.0,98.01229970713686
1.0,531.0,98.2423412244475
1.0,532.0,98.43224111224606
1.0,533.0,98.59150177266659
1.0,534.0,98.72683784175558
1.0,535.0,98.84312722880236
1.0,536.0,98.94399824436067
1.0,537.0,99.0322052955115
1.0,538.0,99.1098768261155
1.0,539.0,99.1786834241475
1.0,540.0,99.2399545192937
1.0,541.0,99.29476111746443
1.0,542.0,99.34397555115552
1.0,543.0,99.3883153676784
1.0,544.0,99.42837604646165
1.0,545.0,99.46465573160945
1.0,546.0,99.49757415367094
1.0,547.0,99.5274872769324
1.0,548.0,99.55469874912718
1.0,549.0,99.57946894185656
1.0,550.0,99.60202214599262
1.0,551.0,99.62255234796167
1.0,552.0,99.64122789744097
1.0,553.0,99.658195306372
1.0,554.0,99.67358235812821
1.0,555.0,99.68750066619938
1.0,556.0,99.70004779021943
1.0,557.0,99.71130899164544
1.0,558.0,99.72135869750056
1.0,559.0,99.73026172052721
1.0,560.0,99.73807428187162
1.0,561.0,99.7448448634076
1.0,562.0,99.7506149231331
1.0,563.0,99.75541948674048
1.0,564.0,99.75928764164856
1.0,565.0,99.76224293680458
1.0,566.0,99.76430371066438
1.0,567.0,99.76548334335645
1.0,568.0,99.76579045349824
1.0,569.0,99.76522902983653
1.0,570.0,99.76379851736546
1.0,571.0,99.76149384308667
1.0,572.0,99.75830540084301
1.0,573.0,99.75421897576734
1.0,574.0,99.74921562775424
1.0,575.0,99.74327150990942
1.0,576.0,99.73635764121606
1.0,577.0,99.72843960448294
1.0,578.0,99.71947718813257
1.0,579.0,99.70942393729992
1.0,580.0,99.69822663113167
1.0,581.0,99.6858246449014
1.0,582.0,99.67214921048037
1.0,583.0,99.65712252480766
1.0,584.0,99.64065671377283
1.0,585.0,99.62265258866836
1.0,586.0,99.60299819190269
1.0,587.0,99.58156705075558
1.0,588.0,99.5582161174009
1.0,589.0,99.53278328553387
1.0,590.0,99.50508442999043
1.0,591.0,99.47490981356086
1.0,592.0,99.44201975174298
1.0,593.0,99.40613930141416
1.0,594.0,99.36695176462432
1.0,595.0,99.32409063485484
1.0,596.0,99.2771295931091
1.0,597.0,99.22556992384904
1.0,598.0,99.16882460479424
1.0,599.0,99.10619793825983
1.0,600.0,99.03685926513313
1.0,601.0,98.95980859122966
1.0,602.0,98.87383114249552
1.0,603.0,98.77743638827674
1.0,604.0,98.6687750520041
1.0,605.0,98.54552418303984
1.0,606.0,98.40472507514133
1.0,607.0,98.2425497664708
1.0,608.0,98.05395667755724
1.0,609.0,97.83216879608081
1.0,610.0,97.5678582215086
1.0,611.0,97.2478252620815
1.0,612.0,96.85276737568404
1.0,613.0,96.35331979882008
1.0,614.0,95.70260420815141
1.0,615.0,94.82119101713731
1.0,616.0,93.56414725161034
1.0,617.0,91.64166200429035
1.0,618.0,88.40689946582414
1.0,619.0,82.22476076560535
1.0,620.0,68.38997277865954
1.0,621.0,31.59879000787219
1.0,622.0,17.763966029025838
1.0,623.0,11.581755222494154
1.0,624.0,8.346884218069105
1.0,625.0,6.424253775855281
1.0,626.0,5.167027592517157
1.0,627.0,4.28539413941615
1.0,628.0,3.6344196925604133
1.0,629.0,3.1346737830558102
1.0,630.0,2.7392770710981806
1.0,631.0,2.418863637122181
1.0,632.0,2.154129641202452
1.0,633.0,1.931873945045099
1.0,634.0,1.7427670500856538
1.0,635.0,1.5800301859117385
1.0,636.0,1.4386198513888326
1.0,637.0,1.3147059891904347
1.0,638.0,1.205327619381317
1.0,639.0,1.108159327345093
1.0,640.0,1.0213491768389502
1.0,641.0,0.9434037677587336
1.0,642.0,0.8731052401854897
1.0,643.0,0.8094502813620584
1.0,644.0,0.7516046727829057
1.0,645.0,0.6988688977854081
1.0,646.0,0.6506518456385951
1.0,647.0,0.6064504213221188
1.0,648.0,0.5658336232913246
1.0,649.0,0.5284299346614515
1.0,650.0,0.49391730465982275
1.0,651.0,0.4620150664424381
1.0,652.0,0.4324774230750853
1.0,653.0,0.4050881034518131
1.0,654.0,0.3796560053515455
1.0,655.0,0.3560115644059957
1.0,656.0,0.3340037672428406
1.0,657.0,0.3134976241857891
1.0,658.0,0.29437207688838984
1.0,659.0,0.27651820081941664
1.0,660.0,0.25983771122687616
1.0,661.0,0.24424165935690484
1.0,662.0,0.22964934736529974
1.0,663.0,0.21598736549132683
1.0,664.0,0.20318879191786077
1.0,665.0,0.19119246978612858
1.0,666.0,0.1799424090789758
1.0,667.0,0.16938723520218893
1.0,668.0,0.15947973636700163
1.0,669.0,0.1501764367978041
1.0,670.0,0.14143725041632815
1.0,671.0,0.13322514587130127
1.0,672.0,0.12550587891300086
1.0,673.0,0.11824772597568073
1.0,674.0,0.1114212755124435
1.0,675.0,0.104999213398846
1.0,676.0,0.09895615894315145
1.0,677.0,0.09326848992887665
1.0,678.0,0.0879142128313626
1.0,679.0,0.08287281852610685
1.0,680.0,0.07812517895180235
1.0,681.0,0.07365342680332895
1.0,682.0,0.06944087282810212
1.0,683.0,0.06547190447851299
1.0,684.0,0.06173191944278307
1.0,685.0,0.05820723944072615
1.0,686.0,0.05488505662850183
1.0,687.0,0.051753359613124376
1.0,688.0,0.04880089013993027
1.0,689.0,0.04601707906473976
1.0,690.0,0.043392011308243855
1.0,691.0,0.04091637002276387
1.0,692.0,0.038581408231740236
1.0,693.0,0.03637889980496158
1.0,694.0,0.03430111653133368
1.0,695.0,0.03234078480395499
1.0,696.0,0.03049106712724858
1.0,697.0,0.028745523634215658
1.0,698.0,0.027098097224316466
1.0,699.0,0.025543079206284028
1.0,700.0,0.02407509741508548
1.0,701.0,0.0226890854070402
1.0,702.0,0.021380273023270682
1.0,703.0,0.020144158668571166
1.0,704.0,0.018976501882748884
1.0,705.0,0.017873298317450954
1.0,706.0,0.016830773951513407
1.0,707.0,0.01584536244581004
1.0,708.0,0.014913700698534047
1.0,709.0,0.014032608310877057
1.0,710.0,0.013199084226367147
1.0,711.0,0.012410288082695236
1.0,712.0,0.01166353771833291
1.0,713.0,0.01095629222028892
1.0,714.0,0.01028615011314778
1.0,715.0,0.009650833940640976
1.0,716.0,0.009048188978456089
1.0,717.0,0.008476169210538412
1.0,718.0,0.007932836428657788
1.0,719.0,0.007416347483317386
1.0,720.0,0.006924953651014
1.0,721.0,0.0064569890552991956
1.0,722.0,0.006010870197616271
1.0,723.0,0.0055850854570419365
1.0,724.0,0.005178194693067802
1.0,725.0,0.0047888197433235595
1.0,726.0,0.004415644017115775
1.0,727.0,0.004057403919369992
1.0,728.0,0.0037128883624781275
1.0,729.0,0.003380931052091245
1.0,730.0,0.0030604098521224664
1.0,731.0,0.002750239874106351
1.0,732.0,0.00244937263626502
1.0,733.0,0.0021567899031068732
1.0,734.0,0.001871502584453731
1.0,735.0,0.001592545275924052
1.0,736.0,0.0013189748478672902
1.0,737.0,0.0010498656404758523
1.0,738.0,0.0007843076957793967
1.0,739.0,0.0005214025634401714
1.0,740.0,0.0002602611314004614
1.0,741.0,0.0
2.0,0.0,0.0
2.0,1.0,0.00018448816170859398
2.0,2.0,0.0003696004801237819
2.0,3.0,0.0005559631286569036
2.0,4.0,0.0007442066917267187
2.0,5.0,0.0009349678331445228
2.0,6.0,0.0011288920973242431
2.0,7.0,0.0013266352590537184
2.0,8.0,0.0015288665614133113
2.0,9.0,0.0017362697775344564
2.0,10.0,0.001949546915992572
2.0,11.0,0.0021694190265374555
2.0,12.0,0.0023966304051883155
2.0,13.0,0.0026319491778246315
2.0,14.0,0.002876172039207566
2.0,15.0,0.003130124650790411
2.0,16.0,0.003394666950473039
2.0,17.0,0.0036706934040895874
2.0,18.0,0.003959138925939543
2.0,19.0,0.004260979027216961
2.0,20.0,0.004577236391342308
2.0,21.0,0.004908980967214823
2.0,22.0,0.005257337248207416
2.0,23.0,0.0056234843636820365
2.0,24.0,0.006008664116350839
2.0,25.0,0.006414181132158533
2.0,26.0,0.006841411717740674
2.0,27.0,0.007291804136755521
2.0,28.0,0.0077668883576182
2.0,29.0,0.008268276533921794
2.0,30.0,0.00879767372279072
2.0,31.0,0.009356878658502335
2.0,32.0,0.009947795534061922
2.0,33.0,0.010572435170949739
2.0,34.0,0.011232927971356416
2.0,35.0,0.011931525603683591
2.0,36.0,0.01267061525091194
2.0,37.0,0.01345272195178024
2.0,38.0,0.014280524292787497
2.0,39.0,0.01515685756977427
2.0,40.0,0.0160847310981201
2.0,41.0,0.017067332389932025
2.0,42.0,0.01810804629043497
2.0,43.0,0.01921046040367449
2.0,44.0,0.020378386304672088
2.0,45.0,0.021615866493490402
2.0,46.0,0.02292719798475334
2.0,47.0,0.024316941128763078
2.0,48.0,0.0257899459455289
2.0,49.0,0.02735136322589513
2.0,50.0,0.029006674060355814
2.0,51.0,0.030761703727559084
2.0,52.0,0.032622654974359226
2.0,53.0,0.03459612531992747
2.0,54.0,0.03668914478005347
2.0,55.0,0.038909197370962656
2.0,56.0,0.041264264147791815
2.0,57.0,0.04376284989472942
2.0,58.0,0.04641403257848205
2.0,59.0,0.049227496476497316
2.0,60.0,0.05221358944989329
2.0,61.0,0.05538336411142089
2.0,62.0,0.05874864472487429
2.0,63.0,0.06232207848002001
2.0,64.0,0.06611721436363126
2.0,65.0,0.07014856723349645
2.0,66.0,0.07443171173198124
2.0,67.0,0.07898336269769607
2.0,68.0,0.08382148818058403
2.0,69.0,0.08896541088775542
2.0,70.0,0.09443594571802269
2.0,71.0,0.10025552853918558
2.0,72.0,0.1064483855493443
2.0,73.0,0.11304069792123693
2.0,74.0,0.12006081295585581
2.0,75.0,0.1275394562980781
2.0,76.0,0.13550999863623975
2.0,77.0,0.1440087317395873
2.0,78.0,0.1530752099319908
2.0,79.0,0.162752612820998
2.0,80.0,0.17308818880767352
2.0,81.0,0.18413373717037776
2.0,82.0,0.19594619286191076
2.0,83.0,0.208588275358046
2.0,84.0,0.22212927221843154
2.0,85.0,0.236645924750421
2.0,86.0,0.25222349608451466
2.0,87.0,0.26895699921467414
2.0,88.0,0.2869526802010072
2.0,89.0,0.30632975117959105
2.0,90.0,0.3272224922852174
2.0,91.0,0.3497827462649399
2.0,92.0,0.3741829647868171
2.0,93.0,0.40061988099346124
2.0,94.0,0.4293190365261662
2.0,95.0,0.46054032869662187
2.0,96.0,0.494584931130073
2.0,97.0,0.5318039231528547
2.0,98.0,0.572609217592321
2.0,99.0,0.6174874518295468
2.0,100.0,0.6670179010173467
2.0,101.0,0.7218957521797128
2.0,102.0,0.7829627841019707
2.0,103.0,0.8512482546694822
2.0,104.0,0.9280242533732873
2.0,105.0,1.0148817294838783
2.0,106.0,1.1138368197486446
2.0,107.0,1.2274823262368635
2.0,108.0,1.3592082360440116
2.0,109.0,1.5135303448572786
2.0,110.0,1.6965932030759738
2.0,111.0,1.916962846453541
2.0,112.0,2.186918176842454
2.0,113.0,2.5246321287249613
2.0,114.0,2.958001904948544
2.0,115.0,3.5316469005217517
2.0,116.0,4.320161050184573
2.0,117.0,5.453769210676904
2.0,118.0,7.167222164099125
2.0,119.0,9.881619801558752
2.0,120.0,14.26398462353096
2.0,121.0,20.735277501812615
2.0,122.0,25.117641301809773
2.0,123.0,27.8320368918399
2.0,124.0,29.545486765405638
2.0,125.0,30.679090803126478
2.0,126.0,31.467599773057984
2.0,127.0,32.04123851429309
2.0,128.0,32.47460094025333
2.0,129.0,32.81230642088788
2.0,130.0,33.0822521301456
2.0,131.0,33.302610969675726
2.0,132.0,33.48566180443467
2.0,133.0,33.63997062909368
2.0,134.0,33.77168194862279
2.0,135.0,33.88531150877908
2.0,136.0,33.98424924203134
2.0,137.0,34.07108789093737
2.0,138.0,34.14784352761489
2.0,139.0,34.216107031359265
2.0,140.0,34.277150416065915
2.0,141.0,34.33200285813225
2.0,142.0,34.3815060486419
2.0,143.0,34.426355080380134
2.0,144.0,34.46712912735019
2.0,145.0,34.50431471848974
2.0,146.0,34.53832365045524
2.0,147.0,34.569506878221766
2.0,148.0,34.59816544238014
2.0,149.0,34.624559097989355
2.0,150.0,34.648913234636154
2.0,151.0,34.671424422974084
2.0,152.0,34.69226494106866
2.0,153.0,34.711586446201956
2.0,154.0,34.72952302038847
2.0,155.0,34.746193664099934
2.0,156.0,34.76170439725784
2.0,157.0,34.77614999118538
2.0,158.0,34.78961545071257
2.0,159.0,34.80217724095253
2.0,160.0,34.81390435407321
2.0,161.0,34.824859193444034
2.0,162.0,34.835098355636696
2.0,163.0,34.84467327744287
2.0,164.0,34.85363081878939
2.0,165.0,34.862013742598876
2.0,166.0,34.86986115600981
2.0,167.0,34.877208870387136
2.0,168.0,34.88408973998409
2.0,169.0,34.89053393462989
2.0,170.0,34.8965692029421
2.0,171.0,34.90222108037929
2.0,172.0,34.90751309602521
2.0,173.0,34.912466932010695
2.0,174.0,34.91710258734061
2.0,175.0,34.92143850005236
2.0,176.0,34.9254916776601
2.0,177.0,34.929277790118725
2.0,178.0,34.932811273645164
2.0,179.0,34.93610540012913
2.0,180.0,34.939172358972534
2.0,181.0,34.94202330670735
2.0,182.0,34.94466842979285
2.0,183.0,34.94711697662165
2.0,184.0,34.949377302705464
2.0,185.0,34.95145688575683
2.0,186.0,34.95336235316089
2.0,187.0,34.95509947918039
2.0,188.0,34.95667319279091
2.0,189.0,34.95808755396195
2.0,190.0,34.95934573744523
2.0,191.0,34.96044998204735
2.0,192.0,34.961401542169625
2.0,193.0,34.96220059915965
2.0,194.0,34.9628461661511
2.0,195.0,34.96333594236892
2.0,196.0,34.96366614588155
2.0,197.0,34.96383127698066
2.0,198.0,34.9638238333034
2.0,199.0,34.963633920519285
2.0,200.0,34.96324876518194
2.0,201.0,34.962652055377234
2.0,202.0,34.96182308649507
2.0,203.0,34.960735597023984
2.0,204.0,34.95935620737673
2.0,205.0,34.957642250317086
2.0,206.0,34.95553875158878
2.0,207.0,34.95297410352035
2.0,208.0,34.94985378147249
2.0,209.0,34.94605095520847
2.0,210.0,34.94139213463885
2.0,211.0,34.93563452021953
2.0,212.0,34.928429120765415
2.0,213.0,34.919258433614274
2.0,214.0,34.90732702262566
2.0,215.0,34.89136157618327
2.0,216.0,34.86923228100623
2.0,217.0,34.83721978090738
2.0,218.0,34.788618188111535
2.0,219.0,34.71139727590992
2.0,220.0,34.5865003892456
2.0,221.0,34.40190113484884
2.0,222.0,34.27696785901882
2.0,223.0,34.19967404475396
2.0,224.0,34.15096278884627
2.0,225.0,34.11880349161939
2.0,226.0,34.096489765444254
2.0,227.0,34.08030162658271
2.0,228.0,34.06810850303027
2.0,229.0,34.05863619201699
2.0,230.0,34.05108822889793
2.0,231.0,34.04494594340077
2.0,232.0,34.039859031201125
2.0,233.0,34.03558323176419
2.0,234.0,34.031943438155054
2.0,235.0,34.02881104445522
2.0,236.0,34.02608958182472
2.0,237.0,34.02370532611524
2.0,238.0,34.021601002830174
2.0,239.0,34.01973145605082
2.0,240.0,34.018060615617394
2.0,241.0,34.01655932177569
2.0,242.0,34.01520374840131
2.0,243.0,34.01397423169125
2.0,244.0,34.012854397942974
2.0,245.0,34.01183049550456
2.0,246.0,34.01089088694925
2.0,247.0,34.01002564913449
2.0,248.0,34.00922626460036
2.0,249.0,34.008485371978615
2.0,250.0,34.007796571525056
2.0,251.0,34.00715426359957
2.0,252.0,34.00655352223021
2.0,253.0,34.00598998714785
2.0,254.0,34.00545977929272
2.0,255.0,34.0049594264795
2.0,256.0,34.00448580551046
2.0,257.0,34.00403608954957
2.0,258.0,34.00360770751799
2.0,259.0,34.003198305810386
2.0,260.0,34.002805719126755
2.0,261.0,34.00242794184028
2.0,262.0,34.002063106492336
2.0,263.0,34.001709461736986
2.0,264.0,34.00136535599162
2.0,265.0,34.001029219879186
2.0,266.0,34.00069955331367
2.0,267.0,34.000374910983396
2.0,268.0,34.00005389164228
2.0,269.0,33.999735125565415
2.0,270.0,33.9994172651203
2.0,271.0,33.99909897335971
2.0,272.0,33.99877891512204
2.0,273.0,33.99845574605125
2.0,274.0,33.99812810355577
2.0,275.0,33.99779459558413
2.0,276.0,33.99745379077147
2.0,277.0,33.997104206260026
2.0,278.0,33.99674429628134
2.0,279.0,33.996372438185304
2.0,280.0,33.99598691853037
2.0,281.0,33.99558591625056
2.0,282.0,33.995167485021845
2.0,283.0,33.99472953210806
2.0,284.0,33.99426979527894
2.0,285.0,33.99378581525304
2.0,286.0,33.99327490465528
2.0,287.0,33.992734110978176
2.0,288.0,33.99216017380021
2.0,289.0,33.991549473570146
2.0,290.0,33.99089797123368
2.0,291.0,33.99020113546854
2.0,292.0,33.98945385538749
2.0,293.0,33.98865033429636
2.0,294.0,33.987783960128915
2.0,295.0,33.9868471457958
2.0,296.0,33.98583113125217
2.0,297.0,33.98472573591225
2.0,298.0,33.98351904623613
2.0,299.0,33.9821970179206
2.0,300.0,33.980742963902294
2.0,301.0,33.979136888554
2.0,302.0,33.97735461091805
2.0,303.0,33.97536659574459
2.0,304.0,33.97313637177942
2.0,305.0,33.970618358842195
2.0,306.0,33.96775482966172
2.0,307.0,33.9644715813003
2.0,308.0,33.96067163433799
2.0,309.0,33.95622584302967
2.0,310.0,33.95095852513759
2.0,311.0,33.94462481191373
2.0,312.0,33.93687375120045
2.0,313.0,33.92718598783221
2.0,314.0,33.91476432799115
2.0,315.0,33.898333797977656
2.0,316.0,33.87576300533704
2.0,317.0,33.8433310988101
2.0,318.0,33.79433076782964
2.0,319.0,33.71673043669897
2.0,320.0,33.59147216413524
2.0,321.0,33.40652833517987
2.0,322.0,33.2812661286446
2.0,323.0,33.203657916196974
2.0,324.0,33.154645729760645
2.0,325.0,33.12219795332555
2.0,326.0,33.09960722235332
2.0,327.0,33.08315261775317
2.0,328.0,33.07070266514613
2.0,329.0,33.06098229450683
2.0,330.0,33.0531942009594
2.0,331.0,33.04681890312722
2.0,332.0,33.04150530705348
2.0,333.0,33.03700838606171
2.0,334.0,33.03315228330966
2.0,335.0,33.02980766109909
2.0,336.0,33.02687733003996
2.0,337.0,33.02428685838973
2.0,338.0,33.021978270435255
2.0,339.0,33.019905716936826
2.0,340.0,33.01803243601153
2.0,341.0,33.0163285790476
2.0,342.0,33.014769627870834
2.0,343.0,33.01333522440992
2.0,344.0,33.01200829261459
2.0,345.0,33.010774371038146
2.0,346.0,33.009621099301384
2.0,347.0,33.008537818390224
2.0,348.0,33.00751525644141
2.0,349.0,33.0065452789372
2.0,350.0,33.00562068866285
2.0,351.0,33.00473506345051
2.0,352.0,33.00388262413572
2.0,353.0,33.00305812525272
2.0,354.0,33.00225676481616
2.0,355.0,33.001474107945356
2.0,356.0,33.00070602303186
2.0,357.0,32.999948626251054
2.0,358.0,32.99919823466261
2.0,359.0,32.998451324092954
2.0,360.0,32.99770449316038
2.0,361.0,32.996954429648994
2.0,362.0,32.996197881478416
2.0,363.0,32.99543162825278
2.0,364.0,32.994652456400296
2.0,365.0,32.993857133506474
2.0,366.0,32.993042385553466
2.0,367.0,32.99220487217288
2.0,368.0,32.991341164294816
2.0,369.0,32.9904477187118
2.0,370.0,32.98952085459666
2.0,371.0,32.98855672582035
2.0,372.0,32.98755129475804
2.0,373.0,32.986500300673434
2.0,374.0,32.98539922900977
2.0,375.0,32.98424327383105
2.0,376.0,32.98302730036219
2.0,377.0,32.98174579891932
2.0,378.0,32.98039283775818
2.0,379.0,32.97896200504419
2.0,380.0,32.977446347975565
2.0,381.0,32.97583829799166
2.0,382.0,32.97412959046375
2.0,383.0,32.972311166267474
2.0,384.0,32.970373063760235
2.0,385.0,32.968304286634115
2.0,386.0,32.966092655881496
2.0,387.0,32.963724628791034
2.0,388.0,32.96118509221084
2.0,389.0,32.95845710941732
2.0,390.0,32.95552162557222
2.0,391.0,32.95235710577138
2.0,392.0,32.94893910616342
2.0,393.0,32.945239743679636
2.0,394.0,32.94122705619573
2.0,395.0,32.936864204403456
2.0,396.0,32.93210849060704
2.0,397.0,32.92691012021541
2.0,398.0,32.92121064868061
2.0,399.0,32.91494099125937
2.0,400.0,32.90801887264566
2.0,401.0,32.900345496237335
2.0,402.0,32.89180117059246
2.0,403.0,32.882239462469016
2.0,404.0,32.87147929928416
2.0,405.0,32.859294101999964
2.0,406.0,32.845396606107876
2.0,407.0,32.82941721597621
2.0,408.0,32.810872513424435
2.0,409.0,32.789118305552385
2.0,410.0,32.76327778746114
2.0,411.0,32.73212828911783
2.0,412.0,32.69391680538592
2.0,413.0,32.64604839499299
2.0,414.0,32.58453901787457
2.0,415.0,32.50301582609652
2.0,416.0,32.39082398616994
2.0,417.0,32.22936147609866
2.0,418.0,31.9850941007438
2.0,419.0,31.597866460363043
2.0,420.0,30.972391467505258
2.0,421.0,30.048533804701968
2.0,422.0,29.42313228228134
2.0,423.0,29.036051832583883
2.0,424.0,28.79200586907901
2.0,425.0,28.630839745029533
2.0,426.0,28.51902027430939
2.0,427.0,28.437946701922364
2.0,428.0,28.37696572595638
2.0,429.0,28.329706297684762
2.0,430.0,28.292186453216427
2.0,431.0,28.261813608650495
2.0,432.0,28.236837409615102
2.0,433.0,28.216038135789898
2.0,434.0,28.19854224614412
2.0,435.0,28.18370913286726
2.0,436.0,28.171059302508308
2.0,437.0,28.160227432621117
2.0,438.0,28.150930902217432
2.0,439.0,28.14294815697928
2.0,440.0,28.13610355589384
2.0,441.0,28.13025651742123
2.0,442.0,28.125293651761318
2.0,443.0,28.12112293004565
2.0,444.0,28.11766934523415
2.0,445.0,28.114871600960317
2.0,446.0,28.11267960082435
2.0,447.0,28.11105248184291
2.0,448.0,28.109957106995335
2.0,449.0,28.10936685535581
2.0,450.0,28.10926069334728
2.0,451.0,28.10962241124783
2.0,452.0,28.11044004378519
2.0,453.0,28.111705381794252
2.0,454.0,28.11341361315625
2.0,455.0,28.11556301169391
2.0,456.0,28.118154723618883
2.0,457.0,28.121192576217176
2.0,458.0,28.124682965537456
2.0,459.0,28.128634750779845
2.0,460.0,28.13305921702059
2.0,461.0,28.137970035372046
2.0,462.0,28.143383285792208
2.0,463.0,28.149317472189125
2.0,464.0,28.155793597878912
2.0,465.0,28.162835231166426
2.0,466.0,28.170468631546548
2.0,467.0,28.17872286626907
2.0,468.0,28.187629990013175
2.0,469.0,28.19722521743315
2.0,470.0,28.20754716354349
2.0,471.0,28.218638081934042
2.0,472.0,28.23054417813636
2.0,473.0,28.243315928747094
2.0,474.0,28.25700848629541
2.0,475.0,28.271682101681026
2.0,476.0,28.28740264739505
2.0,477.0,28.304242175483882
2.0,478.0,28.322279597616017
2.0,479.0,28.34160142471904
2.0,480.0,28.362302659180262
2.0,481.0,28.384487782678235
2.0,482.0,28.408271940661137
2.0,483.0,28.43378227539547
2.0,484.0,28.461159520497446
2.0,485.0,28.490559822916296
2.0,486.0,28.52215692356013
2.0,487.0,28.556144685069757
2.0,488.0,28.592740126942733
2.0,489.0,28.632186993341406
2.0,490.0,28.674760061304614
2.0,491.0,28.720770276338154
2.0,492.0,28.77057100346647
2.0,493.0,28.824565586919476
2.0,494.0,28.883216647171796
2.0,495.0,28.94705749776983
2.0,496.0,29.016706366195354
2.0,497.0,29.092884151930836
2.0,498.0,29.176436890304814
2.0,499.0,29.26836433514533
2.0,500.0,29.369856792207496
2.0,501.0,29.482343004606754
2.0,502.0,29.607553248593366
2.0,503.0,29.74760345237477
2.0,504.0,29.905109046367397
2.0,505.0,30.083341372107835
2.0,506.0,30.2864463950453
2.0,507.0,30.51975632450838
2.0,508.0,30.790243234964265
2.0,509.0,31.107195100274105
2.0,510.0,31.48325040553684
2.0,511.0,31.936028916065666
2.0,512.0,32.49078821088918
2.0,513.0,33.18491066278651
2.0,514.0,34.07578275809459
2.0,515.0,35.255190834550675
2.0,516.0,36.87658302994529
2.0,517.0,39.207848134450664
2.0,518.0,42.731899572706766
2.0,519.0,48.31499739022478
2.0,520.0,57.329299427834165
2.0,521.0,70.64077946887174
2.0,522.0,79.65498551997956
2.0,523.0,85.23789103811802
2.0,524.0,88.76165320955971
2.0,525.0,91.09253109601218
2.0,526.0,92.71343680363285
2.0,527.0,93.89225746725687
2.0,528.0,94.78243922336141
2.0,529.0,95.47576605902215
2.0,530.0,96.02962174765014
2.0,531.0,96.48138558213223
2.0,532.0,96.85631167777656
2.0,533.0,97.17201594613024
2.0,534.0,97.44113260746991
2.0,535.0,97.67294495180309
2.0,536.0,97.87441992529055
2.0,537.0,98.05088415446092
2.0,538.0,98.2064775373074
2.0,539.0,98.34446485076343
2.0,540.0,98.46745442818043
2.0,541.0,98.57755455282252
2.0,542.0,98.67648726714252
2.0,543.0,98.76567247267832
2.0,544.0,98.84629097856295
2.0,545.0,98.91933236380436
2.0,546.0,98.98563175638667
2.0,547.0,99.045898387659
2.0,548.0,99.10073799383728
2.0,549.0,99.15067053960381
2.0,550.0,99.19614436742506
2.0,551.0,99.23754757236134
2.0,552.0,99.27521721688139
2.0,553.0,99.30944683929795
2.0,554.0,99.34049261006537
2.0,555.0,99.36857840477671
2.0,556.0,99.39390000275834
2.0,557.0,99.41662857828126
2.0,558.0,99.43691360824296
2.0,559.0,99.4548853059571
2.0,560.0,99.47065665272409
2.0,561.0,99.48432510410676
2.0,562.0,99.49597400891017
2.0,563.0,99.505673799198
2.0,564.0,99.51348296637792
2.0,565.0,99.51944887137627
2.0,566.0,99.52360838728774
2.0,567.0,99.52598841713218
2.0,568.0,99.52660627221287
2.0,569.0,99.52546995123382
2.0,570.0,99.52257829496448
2.0,571.0,99.5179210557756
2.0,572.0,99.5114788472844
2.0,573.0,99.5032230133535
2.0,574.0,99.49311537253415
2.0,575.0,99.48110787716749
2.0,576.0,99.4671421338271
2.0,577.0,99.45114882365327
2.0,578.0,99.43304695888747
2.0,579.0,99.41274301205247
2.0,580.0,99.39012984183117
2.0,581.0,99.36508544743081
2.0,582.0,99.33747146000883
2.0,583.0,99.3071313940425
2.0,584.0,99.27388854639983
2.0,585.0,99.23754355010715
2.0,586.0,99.19787144088637
2.0,587.0,99.15461821596796
2.0,588.0,99.10749669863226
2.0,589.0,99.05618164080866
2.0,590.0,99.00030380681646
2.0,591.0,98.93944288908118
2.0,592.0,98.8731188828661
2.0,593.0,98.80078162759841
2.0,594.0,98.72179794201232
2.0,595.0,98.63543580218403
2.0,596.0,98.54084463021665
2.0,597.0,98.43703065999175
2.0,598.0,98.3228257704339
2.0,599.0,98.1968478130178
2.0,600.0,98.05744948122204
2.0,601.0,97.90265182525793
2.0,602.0,97.73005664060024
2.0,603.0,97.5367296557905
2.0,604.0,97.31904242368553
2.0,605.0,97.07245510405617
2.0,606.0,96.79121270785089
2.0,607.0,96.46791230695517
2.0,608.0,96.0928730124277
2.0,609.0,95.65319705166999
2.0,610.0,95.13133281125474
2.0,611.0,94.5028098922436
2.0,612.0,93.73254948017389
2.0,613.0,92.76863243933495
2.0,614.0,91.53135580912624
2.0,615.0,89.89323873359118
2.0,616.0,87.64115863624073
2.0,617.0,84.40304726730453
2.0,618.0,79.50819071733811
2.0,619.0,71.75344888834042
2.0,620.0,59.233045514281365
2.0,621.0,40.74423740785711
2.0,622.0,28.22376127400283
2.0,623.0,20.468873678002346
2.0,624.0,15.573797857655027
2.0,625.0,12.335392969179608
2.0,626.0,10.08294410368857
2.0,627.0,8.444381756570126
2.0,628.0,7.206581834289006
2.0,629.0,6.242061698951319
2.0,630.0,5.471116333489395
2.0,631.0,4.841824267456941
2.0,632.0,4.319104060801938
2.0,633.0,3.878482393210396
2.0,634.0,3.5024044184089558
2.0,635.0,3.1779688131710024
2.0,636.0,2.8954908011645277
2.0,637.0,2.6475632221964793
2.0,638.0,2.4284264879230917
2.0,639.0,2.233535781777373
2.0,640.0,2.0592572768515534
2.0,641.0,1.9026509063949932
2.0,642.0,1.7613122244428914
2.0,643.0,1.6332555788049534
2.0,644.0,1.5168264642640383
2.0,645.0,1.4106350192300652
2.0,646.0,1.313504854565792
2.0,647.0,1.2244333590863146
2.0,648.0,1.1425604861783425
2.0,649.0,1.0671440927824651
2.0,650.0,0.9975401745201719
2.0,651.0,0.9331870111711726
2.0,652.0,0.8735922402301702
2.0,653.0,0.8183223586083036
2.0,654.0,0.7669940263511719
2.0,655.0,0.7192669340613953
2.0,656.0,0.6748378044338805
2.0,657.0,0.6334354358715271
2.0,658.0,0.5948164713875198
2.0,659.0,0.5587618851762693
2.0,660.0,0.5250739372112615
2.0,661.0,0.49357363822108524
2.0,662.0,0.4640985168245413
2.0,663.0,0.43650076130855064
2.0,664.0,0.41064555431782845
2.0,665.0,0.38640969128944963
2.0,666.0,0.3636803184970017
2.0,667.0,0.34235389268289285
2.0,668.0,0.3223352103280246
2.0,669.0,0.3035366151562177
2.0,670.0,0.2858772407542724
2.0,671.0,0.2692824006032424
2.0,672.0,0.25368298912656384
2.0,673.0,0.2390150078145384
2.0,674.0,0.2252190854188666
2.0,675.0,0.21224010672566376
2.0,676.0,0.20002682343717199
2.0,677.0,0.18853156120153888
2.0,678.0,0.17770990031658573
2.0,679.0,0.16752044301949778
2.0,680.0,0.15792454854515323
2.0,681.0,0.14888614725230448
2.0,682.0,0.14037151845096763
2.0,683.0,0.13234914124988184
2.0,684.0,0.1247895063899814
2.0,685.0,0.11766499611629103
2.0,686.0,0.11094972332753165
2.0,687.0,0.10461943456093561
2.0,688.0,0.09865137130499485
2.0,689.0,0.09302419151585878
2.0,690.0,0.08771784908985045
2.0,691.0,0.0827135303298279
2.0,692.0,0.07799354844119082
2.0,693.0,0.07354129212418196
2.0,694.0,0.06934113261632979
2.0,695.0,0.06537838216535455
2.0,696.0,0.06163921164600919
2.0,697.0,0.05811061711369258
2.0,698.0,0.054780346413392404
2.0,699.0,0.05163687235955125
2.0,700.0,0.04866932705775611
2.0,701.0,0.04586748052626922
2.0,702.0,0.043221681688233274
2.0,703.0,0.040722841462627724
2.0,704.0,0.03836237957164176
2.0,705.0,0.03613221129709799
2.0,706.0,0.03402469939592301
2.0,707.0,0.03203264385237398
2.0,708.0,0.030149238312958584
2.0,709.0,0.028368062272706326
2.0,710.0,0.026683041536071345
2.0,711.0,0.025088442362774216
2.0,712.0,0.02357883553819319
2.0,713.0,0.02214909207535936
2.0,714.0,0.020794350540950433
2.0,715.0,0.019510013968221895
2.0,716.0,0.01829172013591777
2.0,717.0,0.017135339394858673
2.0,718.0,0.016036947639157903
2.0,719.0,0.014992824788874473
2.0,720.0,0.013999430227640072
2.0,721.0,0.013053401716784648
2.0,722.0,0.012151533102219603
2.0,723.0,0.011290773462977077
2.0,724.0,0.010468206914035771
2.0,725.0,0.009681051815241
2.0,726.0,0.008926642516548844
2.0,727.0,0.008202428472567023
2.0,728.0,0.007505957793096854
2.0,729.0,0.006834876124650698
2.0,730.0,0.006186911882715077
2.0,731.0,0.0055598747750297516
2.0,732.0,0.004951642603093354
2.0,733.0,0.004360159313104112
2.0,734.0,0.0037834232632070358
2.0,735.0,0.0032194846970898566
2.0,736.0,0.00266643538058221
2.0,737.0,0.002122405400201319
2.0,738.0,0.0015855540781543583
2.0,739.0,0.0010540660038126201
2.0,740.0,0.0005261431400853914
2.0,741.0,0.0
3.0,0.0,0.0
3.0,1.0,0.0002794802558057792
3.0,2.0,0.0005599059603202664
3.0,3.0,0.0008422258975505589
3.0,4.0,0.0011273949722116754
3.0,5.0,0.0014163781391839062
3.0,6.0,0.0017101526836027
3.0,7.0,0.0020097127891386137
3.0,8.0,0.002316071358334086
3.0,9.0,0.0026302652654665508
3.0,10.0,0.0029533567644162337
3.0,11.0,0.0032864394737009404
3.0,12.0,0.003630639421636373
3.0,13.0,0.003987121813735921
3.0,14.0,0.004357091768220692
3.0,15.0,0.004741801919425558
3.0,16.0,0.005142552900910503
3.0,17.0,0.005560701842894959
3.0,18.0,0.005997662665421091
3.0,19.0,0.0064549155332698565
3.0,20.0,0.006934007027966828
3.0,21.0,0.007436560630267134
3.0,22.0,0.007964276847449195
3.0,23.0,0.008518944801485009
3.0,24.0,0.009102442397257054
3.0,25.0,0.00971674910420065
3.0,26.0,0.01036394626208259
3.0,27.0,0.011046231155524755
3.0,28.0,0.011765917567151979
3.0,29.0,0.012525451258375201
3.0,30.0,0.013327410895497332
3.0,31.0,0.014174525066951646
3.0,32.0,0.015069673726915655
3.0,33.0,0.016015906899506095
3.0,34.0,0.01701644680731693
3.0,35.0,0.018074708437685067
3.0,36.0,0.01919430255126862
3.0,37.0,0.020379058315470395
3.0,38.0,0.02163302742190301
3.0,39.0,0.022960509028749538
3.0,40.0,0.02436605525727126
3.0,41.0,0.025854498730060665
3.0,42.0,0.027430959767648373
3.0,43.0,0.029100876865562904
3.0,44.0,0.03087001597521711
3.0,45.0,0.032744504332445704
3.0,46.0,0.034730842285655726
3.0,47.0,0.03683594097603876
3.0,48.0,0.03906713727502273
3.0,49.0,0.041432235926914224
3.0,50.0,0.043939528283061406
3.0,51.0,0.04659783965828921
3.0,52.0,0.04941655270899409
3.0,53.0,0.05240566093480289
3.0,54.0,0.055575797752997654
3.0,55.0,0.05893829730907003
3.0,56.0,0.06250523056522903
3.0,57.0,0.06628947488523157
3.0,58.0,0.07030475880048567
3.0,59.0,0.07456574222942369
3.0,60.0,0.07908807203872631
3.0,61.0,0.08388847527835155
3.0,62.0,0.08898482825634474
3.0,63.0,0.09439626586318338
3.0,64.0,0.10014326768072641
3.0,65.0,0.10624778739822709
3.0,66.0,0.1127333605560058
3.0,67.0,0.11962525931208852
3.0,68.0,0.12695062788913236
3.0,69.0,0.1347386696673481
3.0,70.0,0.14302081841842534
3.0,71.0,0.1518309670699519
3.0,72.0,0.1612056856064966
3.0,73.0,0.17118450415800446
3.0,74.0,0.18181019237394194
3.0,75.0,0.19312911416020118
3.0,76.0,0.20519158891322126
3.0,77.0,0.21805234191706716
3.0,78.0,0.23177097586812725
3.0,79.0,0.24641255065313236
3.0,80.0,0.26204820536272516
3.0,81.0,0.2787559154897831
3.0,82.0,0.29662132312977757
3.0,83.0,0.3157387411195105
3.0,84.0,0.3362122756162158
3.0,85.0,0.3581571795327112
3.0,86.0,0.38170139259595753
3.0,87.0,0.40698739767527525
3.0,88.0,0.4341743679717256
3.0,89.0,0.4634407616395468
3.0,90.0,0.49498737008268484
3.0,91.0,0.5290410201995687
3.0,92.0,0.5658589909087989
3.0,93.0,0.6057344178484374
3.0,94.0,0.6490028412442921
3.0,95.0,0.6960502996316927
3.0,96.0,0.747323295192086
3.0,97.0,0.8033412678539511
3.0,98.0,0.8647122233753253
3.0,99.0,0.9321525982433546
3.0,100.0,1.006512630146703
3.0,101.0,1.088809205536052
3.0,102.0,1.1802687311529043
3.0,103.0,1.2823838705127988
3.0,104.0,1.396989462782278
3.0,105.0,1.5263656414985203
3.0,106.0,1.6733798674698732
3.0,107.0,1.8416858678673855
3.0,108.0,2.0360070249114086
3.0,109.0,2.2625477824737152
3.0,110.0,2.529602639037531
3.0,111.0,2.8484763420318955
3.0,112.0,3.2349025925257187
3.0,113.0,3.711272096391064
3.0,114.0,4.310178193030636
3.0,115.0,5.08006779981828
3.0,116.0,6.0940283648342435
3.0,117.0,7.4622916921917986
3.0,118.0,9.345308433785137
3.0,119.0,11.948779568780889
3.0,120.0,15.433072123249312
3.0,121.0,19.565810073276417
3.0,122.0,23.050101079608357
3.0,123.0,25.65356911306017
3.0,124.0,27.536581189143273
3.0,125.0,28.90483827113606
3.0,126.0,29.918790989663936
3.0,127.0,30.688671122107298
3.0,128.0,31.287566084262778
3.0,129.0,31.76392275554325
3.0,130.0,32.15033443158889
3.0,131.0,32.46919176853622
3.0,132.0,32.736228411581024
3.0,133.0,32.962749045922834
3.0,134.0,33.15704810125019
3.0,135.0,33.32532994580569
3.0,136.0,33.47231787908808
3.0,137.0,33.60166553813038
3.0,138.0,33.71624028587327
3.0,139.0,33.81832214987273
3.0,140.0,33.90974585482443
3.0,141.0,33.992003940833285
3.0,142.0,34.06632268184184
3.0,143.0,34.13371882158917
3.0,144.0,34.195042444607445
3.0,145.0,34.25100982317369
3.0,146.0,34.302228787152586
3.0,147.0,34.349218588190354
3.0,148.0,34.392425527053334
3.0,149.0,34.43223542691077
3.0,150.0,34.46898359779247
3.0,151.0,34.502962929360365
3.0,152.0,34.53443043773742
3.0,153.0,34.56361266910006
3.0,154.0,34.5907101149725
3.0,155.0,34.615900913176695
3.0,156.0,34.639343894666354
3.0,157.0,34.661181176625746
3.0,158.0,34.6815403079162
3.0,159.0,34.700536123602745
3.0,160.0,34.71827228292688
3.0,161.0,34.73484262059557
3.0,162.0,34.75033226685171
3.0,163.0,34.76481864903658
3.0,164.0,34.778372318755814
3.0,165.0,34.79105770595923
3.0,166.0,34.80293373726037
3.0,167.0,34.81405441190608
3.0,168.0,34.824469268771054
3.0,169.0,34.83422383206011
3.0,170.0,34.84335996694207
3.0,171.0,34.85191622844092
3.0,172.0,34.859928133825626
3.0,173.0,34.867428438343296
3.0,174.0,34.874447344325176
3.0,175.0,34.881012720594235
3.0,176.0,34.88715026250721
3.0,177.0,34.89288366700585
3.0,178.0,34.89823475365897
3.0,179.0,34.903223603742276
3.0,180.0,34.907868649211366
3.0,181.0,34.91218678141638
3.0,182.0,34.9161934124216
3.0,183.0,34.919902556630696
3.0,184.0,34.92332686664343
3.0,185.0,34.92647768887267
3.0,186.0,34.92936507387934
3.0,187.0,34.93199780466987
3.0,188.0,34.93438337880388
3.0,189.0,34.93652800503093
3.0,190.0,34.93843655088356
3.0,191.0,34.94011249896458
3.0,192.0,34.941557848336984
3.0,193.0,34.94277301493532
3.0,194.0,34.94375666626064
3.0,195.0,34.94450553889567
3.0,196.0,34.94501417080394
3.0,197.0,34.94527458855922
3.0,198.0,34.945275873938336
3.0,199.0,34.945003635607584
3.0,200.0,34.94443929412801
3.0,201.0,34.9435591789454
3.0,202.0,34.94233331068618
3.0,203.0,34.94072381234681
3.0,204.0,34.9386827451552
3.0,205.0,34.936149191709376
3.0,206.0,34.93304520101754
3.0,207.0,34.92927013141373
3.0,208.0,34.924692555323674
3.0,209.0,34.91913852947164
3.0,210.0,34.91237419538996
3.0,211.0,34.90407951086926
3.0,212.0,34.89380771478818
3.0,213.0,34.88092168946864
3.0,214.0,34.864492655372615
3.0,215.0,34.84313873492633
3.0,216.0,34.814773894383265
3.0,217.0,34.77625070962309
3.0,218.0,34.72298680631251
3.0,219.0,34.64910683428759
3.0,220.0,34.55003058644243
3.0,221.0,34.43239898839509
3.0,222.0,34.333267616567184
3.0,223.0,34.25927720898413
3.0,224.0,34.20584718305588
3.0,225.0,34.167101623158686
3.0,226.0,34.138457398615124
3.0,227.0,34.1167661338847
3.0,228.0,34.09994064716924
3.0,229.0,34.08659770986528
3.0,230.0,34.07580698616178
3.0,231.0,34.06692958829007
3.0,232.0,34.05951676815477
3.0,233.0,34.05324626878593
3.0,234.0,34.04788178518075
3.0,235.0,34.04324668238953
3.0,236.0,34.03920659095839
3.0,237.0,34.03565766114204
3.0,238.0,34.03251846132733
3.0,239.0,34.029724302114076
3.0,240.0,34.0272231734931
3.0,241.0,34.02497280604786
3.0,242.0,34.022938497133204
3.0,243.0,34.02109149670309
3.0,244.0,34.019407777733704
3.0,245.0,34.01786710402953
3.0,246.0,34.016452300711805
3.0,247.0,34.01514869240884
3.0,248.0,34.01394365212907
3.0,249.0,34.01282625007591
3.0,250.0,34.01178696433375
3.0,251.0,34.010817454297474
3.0,252.0,34.0099103690034
3.0,253.0,34.00905919684403
3.0,254.0,34.008258134773136
3.0,255.0,34.0075019861046
3.0,256.0,34.00678606875495
3.0,257.0,34.00610614410777
3.0,258.0,34.00545835090245
3.0,259.0,34.00483915457613
3.0,260.0,34.00424529834036
3.0,261.0,34.003673766222775
3.0,262.0,34.0031217458362
3.0,263.0,34.00258660065864
3.0,264.0,34.00206584081952
3.0,265.0,34.001557101593484
3.0,266.0,34.00105811966556
3.0,267.0,34.0005667157154
3.0,268.0,34.000080774337754
3.0,269.0,33.99959822915768
3.0,270.0,33.99911704502436
3.0,271.0,33.99863520443852
3.0,272.0,33.99815069089355
3.0,273.0,33.99766147557844
3.0,274.0,33.99716550085733
3.0,275.0,33.996660666268355
3.0,276.0,33.996144811132275
3.0,277.0,33.99561569880948
3.0,278.0,33.9950709973102
3.0,279.0,33.99450826058854
3.0,280.0,33.99392490577024
3.0,281.0,33.993318189920544
3.0,282.0,33.992685182062665
3.0,283.0,33.992022733291364
3.0,284.0,33.991327441039864
3.0,285.0,33.990595609508155
3.0,286.0,33.98982320249796
3.0,287.0,33.98900578968696
3.0,288.0,33.988138482529685
3.0,289.0,33.987215859590826
3.0,290.0,33.986231877046315
3.0,291.0,33.98517976247676
3.0,292.0,33.98405188656853
3.0,293.0,33.9828396083366
3.0,294.0,33.9815330861779
3.0,295.0,33.98012104630861
3.0,296.0,33.97859049638643
3.0,297.0,33.97692636881651
3.0,298.0,33.9751110727604
3.0,299.0,33.97312392628232
3.0,300.0,33.97094043015631
3.0,301.0,33.968531329072476
3.0,302.0,33.96586138554209
3.0,303.0,33.96288775854633
3.0,304.0,33.95955783333799
3.0,305.0,33.955806274858624
3.0,306.0,33.95155096865476
3.0,307.0,33.946687336539
3.0,308.0,33.94108023883743
3.0,309.0,33.934552219513975
3.0,310.0,33.92686610548883
3.0,311.0,33.91769871492948
3.0,312.0,33.9066003219811
3.0,313.0,33.892930997674625
3.0,314.0,33.8757593054149
3.0,315.0,33.85370084488919
3.0,316.0,33.82466719543949
3.0,317.0,33.785508663321544
3.0,318.0,33.73164072394379
3.0,319.0,33.65718597895046
3.0,320.0,33.55756227762693
3.0,321.0,33.43940869038933
3.0,322.0,33.339779029705035
3.0,323.0,33.265312345735516
3.0,324.0,33.21142644718112
3.0,325.0,33.172243874631924
3.0,326.0,33.143180021744634
3.0,327.0,33.12108509204584
3.0,328.0,33.10387054078527
3.0,329.0,33.09015182176929
3.0,330.0,33.07899733018285
3.0,331.0,33.06976694591953
3.0,332.0,33.062010728343814
3.0,333.0,33.05540525645795
3.0,334.0,33.04971309271639
3.0,335.0,33.04475649039975
3.0,336.0,33.04039999180871
3.0,337.0,33.036538672278624
3.0,338.0,33.03309004107048
3.0,339.0,33.029988355708696
3.0,340.0,33.02718056128011
3.0,341.0,33.02462334228767
3.0,342.0,33.02228095053931
3.0,343.0,33.02012358195995
3.0,344.0,33.018126148245244
3.0,345.0,33.016267335917014
3.0,346.0,33.01452887748797
3.0,347.0,33.0128949810922
3.0,348.0,33.01135187939634
3.0,349.0,33.00988746996153
3.0,350.0,33.008491025233404
3.0,351.0,33.00715295752784
3.0,352.0,33.00586462581984
3.0,353.0,33.00461817690765
3.0,354.0,33.003406412095686
3.0,355.0,33.00222267619584
3.0,356.0,33.00106076210491
3.0,357.0,32.999914830451786
3.0,358.0,32.9987793384775
3.0,359.0,32.99764897952416
3.0,360.0,32.99651862750791
3.0,361.0,32.995383289198365
3.0,362.0,32.99423805846979
3.0,363.0,32.993078076558696
3.0,364.0,32.991898492008566
3.0,365.0,32.99069442542546
3.0,366.0,32.98946093204633
3.0,367.0,32.988192968271825
3.0,368.0,32.98688535433609
3.0,369.0,32.9855327402652
3.0,370.0,32.98412956633872
3.0,371.0,32.982670026194
3.0,372.0,32.98114802270683
3.0,373.0,32.97955712576772
3.0,374.0,32.977890520878866
3.0,375.0,32.97614095865293
3.0,376.0,32.97430069278662
3.0,377.0,32.972361417511884
3.0,378.0,32.970314190570114
3.0,379.0,32.96814935355458
3.0,380.0,32.96585643390916
3.0,381.0,32.96342404112426
3.0,382.0,32.960839739342916
3.0,383.0,32.95808990935421
3.0,384.0,32.95515957964808
3.0,385.0,32.95203223949705
3.0,386.0,32.948689610489446
3.0,387.0,32.9451113886984
3.0,388.0,32.941274929526415
3.0,389.0,32.937154885296316
3.0,390.0,32.93272276135584
3.0,391.0,32.92794639630923
3.0,392.0,32.92278932261108
3.0,393.0,32.91721000445659
3.0,394.0,32.91116089382183
3.0,395.0,32.90458728507988
3.0,396.0,32.89742588273939
3.0,397.0,32.889603031179206
3.0,398.0,32.8810324733253
3.0,399.0,32.87161252546725
3.0,400.0,32.861222444069824
3.0,401.0,32.849717746865444
3.0,402.0,32.83692407943028
3.0,403.0,32.822629124554105
3.0,404.0,32.80657174770126
3.0,405.0,32.788427281373835
3.0,406.0,32.76778722567401
3.0,407.0,32.74413084512394
3.0,408.0,32.71678467554238
3.0,409.0,32.684863769506315
3.0,410.0,32.647184688375084
3.0,411.0,32.602134065004186
3.0,412.0,32.54746592276399
3.0,413.0,32.4799834028579
3.0,414.0,32.395032237217
3.0,415.0,32.28569349244945
3.0,416.0,32.141528282408785
3.0,417.0,31.946791530647253
3.0,418.0,31.67856417775137
3.0,419.0,31.307462994804144
3.0,420.0,30.810581187188046
3.0,421.0,30.221118292123293
3.0,422.0,29.724347780905624
3.0,423.0,29.35346956943143
3.0,424.0,29.085577621168124
3.0,425.0,28.891289848642383
3.0,426.0,28.747688719466016
3.0,427.0,28.6390310777443
3.0,428.0,28.554880355200993
3.0,429.0,28.48832034566765
3.0,430.0,28.434699923137394
3.0,431.0,28.39082580198518
3.0,432.0,28.35445601723031
3.0,433.0,28.323981672561178
3.0,434.0,28.29822426885405
3.0,435.0,28.276304292292554
3.0,436.0,28.257554218345284
3.0,437.0,28.24145978766795
3.0,438.0,28.22761952779046
3.0,439.0,28.215716385832785
3.0,440.0,28.205497447234826
3.0,441.0,28.196759261993133
3.0,442.0,28.18933701226219
3.0,443.0,28.18309647022003
3.0,444.0,28.177927891513264
3.0,445.0,28.17374139226292
3.0,446.0,28.17046334840073
3.0,447.0,28.16803363479928
3.0,448.0,28.166403423269852
3.0,449.0,28.16553348622753
3.0,450.0,28.16539281195475
3.0,451.0,28.165957544277834
3.0,452.0,28.167210096082602
3.0,453.0,28.16913848528603
3.0,454.0,28.171735765034665
3.0,455.0,28.174999617416248
3.0,456.0,28.178931994034485
3.0,457.0,28.183538885487334
3.0,458.0,28.1888301090083
3.0,459.0,28.19481920476373
3.0,460.0,28.20152333292053
3.0,461.0,28.208963268017964
3.0,462.0,28.21716338396201
3.0,463.0,28.226151730836794
3.0,464.0,28.235960097197804
3.0,465.0,28.246624162917243
3.0,466.0,28.258183636214635
3.0,467.0,28.270682483404748
3.0,468.0,28.28416914490892
3.0,469.0,28.29869684937298
3.0,470.0,28.31432391954824
3.0,471.0,28.33111418516515
3.0,472.0,28.3491373970066
3.0,473.0,28.368469761111857
3.0,474.0,28.389194488589517
3.0,475.0,28.41140248429082
3.0,476.0,28.435193072187438
3.0,477.0,28.460674886074976
3.0,478.0,28.48796682744813
3.0,479.0,28.51719922623857
3.0,480.0,28.54851511272641
3.0,481.0,28.582071746108323
3.0,482.0,28.618042318270255
3.0,483.0,28.656617992413445
3.0,484.0,28.698010211223753
3.0,485.0,28.742453455508038
3.0,486.0,28.790208413603384
3.0,487.0,28.841565775515427
3.0,488.0,28.89685065331327
3.0,489.0,28.956427894638544
3.0,490.0,29.020708358526644
3.0,491.0,29.090156507739398
3.0,492.0,29.1652995007007
3.0,493.0,29.246738286046092
3.0,494.0,29.335161080303724
3.0,495.0,29.431359993951542
3.0,496.0,29.536251540419677
3.0,497.0,29.650902272825334
3.0,498.0,29.776560943010153
3.0,499.0,29.914699341644237
3.0,500.0,30.06706449958324
3.0,501.0,30.235746234443923
3.0,502.0,30.423265354852916
3.0,503.0,30.632690349084246
3.0,504.0,30.867793573036813
3.0,505.0,31.133263352750753
3.0,506.0,31.43499617888616
3.0,507.0,31.780505924284576
3.0,508.0,32.1795068279009
3.0,509.0,32.64475978709574
3.0,510.0,33.193325156374975
3.0,511.0,33.84845568729388
3.0,512.0,34.6425150200979
3.0,513.0,35.62156107036983
3.0,514.0,36.8526399073252
3.0,515.0,38.4354105191616
3.0,516.0,40.520220843539164
3.0,517.0,43.3338298859664
3.0,518.0,47.206303830329816
3.0,519.0,52.560795043727495
3.0,520.0,59.727197283989334
3.0,521.0,68.22747551648607
3.0,522.0,75.3937323519787
3.0,523.0,80.74793226101816
3.0,524.0,84.61996801099282
3.0,525.0,87.4329904774673
3.0,526.0,89.51706384926442
3.0,527.0,91.09894462229718
3.0,528.0,92.32897770592604
3.0,529.0,93.3068185246869
3.0,530.0,94.0995090426991
3.0,531.0,94.75310250650827
3.0,532.0,95.2999573151694
3.0,533.0,95.76332037827275
3.0,534.0,96.16024559691138
3.0,535.0,96.50348676849997
3.0,536.0,96.80275037196695
3.0,537.0,97.06554181805329
3.0,538.0,97.29774841630305
3.0,539.0,97.50404854316703
3.0,540.0,97.68820381550155
3.0,541.0,97.85327113547311
3.0,542.0,98.00175885272354
3.0,543.0,98.13574338639128
3.0,544.0,98.25695739774017
3.0,545.0,98.36685726006581
3.0,546.0,98.46667522142724
3.0,547.0,98.55746015673647
3.0,548.0,98.64010967968927
3.0,549.0,98.71539567854214
3.0,550.0,98.78398476770478
3.0,551.0,98.84645479790964
3.0,552.0,98.90330826391789
3.0,553.0,98.95498326577192
3.0,554.0,99.00186251536662
3.0,555.0,99.04428077496155
3.0,556.0,99.0825310286989
3.0,557.0,99.11686961783165
3.0,558.0,99.14752053338437
3.0,559.0,99.17467900253817
3.0,560.0,99.19851450114649
3.0,561.0,99.21917326871737
3.0,562.0,99.23678042316679
3.0,563.0,99.2514417115791
3.0,564.0,99.26324497449836
3.0,565.0,99.27226133158496
3.0,566.0,99.27854615550342
3.0,567.0,99.28213982045624
3.0,568.0,99.28306828702883
3.0,569.0,99.2813434924881
3.0,570.0,99.27696360618789
3.0,571.0,99.2699131042946
3.0,572.0,99.26016272315772
3.0,573.0,99.24766923170324
3.0,574.0,99.23237508240943
3.0,575.0,99.21420786750436
3.0,576.0,99.19307963975919
3.0,577.0,99.16888600990957
3.0,578.0,99.14150507842008
3.0,579.0,99.11079609700602
3.0,580.0,99.07659791314693
3.0,581.0,99.03872707280097
3.0,582.0,98.99697562530005
3.0,583.0,98.95110847944481
3.0,584.0,98.90086033769519
3.0,585.0,98.84593202143283
3.0,586.0,98.78598618425657
3.0,587.0,98.72064217388663
3.0,588.0,98.649469988293
3.0,589.0,98.5719830065678
3.0,590.0,98.48762935230533
3.0,591.0,98.39578144204128
3.0,592.0,98.2957234246662
3.0,593.0,98.18663585092926
3.0,594.0,98.06757701126499
3.0,595.0,97.93745990999084
3.0,596.0,97.79502382905926
3.0,597.0,97.63879877641907
3.0,598.0,97.46706086234731
3.0,599.0,97.27777562232339
3.0,600.0,97.06852555121863
3.0,601.0,96.8364163251921
3.0,602.0,96.5779543272634
3.0,603.0,96.28888460851348
3.0,604.0,95.963973988003
3.0,605.0,95.5967164875191
3.0,606.0,95.17892753039895
3.0,607.0,94.70017559871434
3.0,608.0,94.14697255518064
3.0,609.0,93.50159824583196
3.0,610.0,92.74036052130361
3.0,611.0,91.83096615629252
3.0,612.0,90.72846740649094
3.0,613.0,89.36889619069306
3.0,614.0,87.65913372004734
3.0,615.0,85.46076498188954
3.0,616.0,82.56497315599319
3.0,617.0,78.65681443584194
3.0,618.0,73.27786233213564
3.0,619.0,65.84040347954382
3.0,620.0,55.8862498594958
3.0,621.0,44.079336251344095
3.0,622.0,34.1250724114056
3.0,623.0,26.687392743946994
3.0,624.0,21.308108479585396
3.0,625.0,17.39950512237035
3.0,626.0,14.503154670627719
3.0,627.0,12.304111415504206
3.0,628.0,10.593556241146892
3.0,629.0,9.233071433545206
3.0,630.0,8.129535091947721
3.0,631.0,7.218975595898634
3.0,632.0,6.456441227966453
3.0,633.0,5.809634334487349
3.0,634.0,5.254857874040455
3.0,635.0,4.774386310715339
3.0,636.0,4.354725624685932
3.0,637.0,3.985437883528528
3.0,638.0,3.6583315507761296
3.0,639.0,3.3668931061622303
3.0,640.0,3.1058812279524015
3.0,641.0,2.87103218464735
3.0,642.0,2.6588429146665464
3.0,643.0,2.466408937761006
3.0,644.0,2.291301855866176
3.0,645.0,2.131475517674283
3.0,646.0,1.9851935227069897
3.0,647.0,1.8509724783548287
3.0,648.0,1.7275373395730649
3.0,649.0,1.6137857816897088
3.0,650.0,1.5087597196167377
3.0,651.0,1.411622195275127
3.0,652.0,1.3216386612564592
3.0,653.0,1.2381615504608718
3.0,654.0,1.1606176495747855
3.0,655.0,1.0884975321964556
3.0,656.0,1.021346841813461
3.0,657.0,0.958758888935705
3.0,658.0,0.9003685089435782
3.0,659.0,0.8458467680344492
3.0,660.0,0.7948965560121651
3.0,661.0,0.7472487285078167
3.0,662.0,0.7026588928506636
3.0,663.0,0.6609045477461806
3.0,664.0,0.6217827047972778
3.0,665.0,0.5851077332225879
3.0,666.0,0.5507095764776283
3.0,667.0,0.5184321034113958
3.0,668.0,0.4881317551331468
3.0,669.0,0.4596762653773527
3.0,670.0,0.43294362275966647
3.0,671.0,0.4078210640291218
3.0,672.0,0.38420427047798406
3.0,673.0,0.36199656549901477
3.0,674.0,0.3411082868951526
3.0,675.0,0.32145613926452044
3.0,676.0,0.30296269990103103
3.0,677.0,0.2855558898773861
3.0,678.0,0.2691685824436504
3.0,679.0,0.2537381661267501
3.0,680.0,0.2392062325234318
3.0,681.0,0.22551821150391682
3.0,682.0,0.21262312105314907
3.0,683.0,0.20047325957017523
3.0,684.0,0.18902400460551386
3.0,685.0,0.17823355083724265
3.0,686.0,0.16806274763799717
3.0,687.0,0.15847487396130944
3.0,688.0,0.14943550696336239
3.0,689.0,0.1409123270110288
3.0,690.0,0.13287501130047286
3.0,691.0,0.1252950636857113
3.0,692.0,0.11814572853337496
3.0,693.0,0.11140184119813439
3.0,694.0,0.10503975834090623
3.0,695.0,0.09903722573881539
3.0,696.0,0.09337332205241373
3.0,697.0,0.08802834132073142
3.0,698.0,0.08298374774945526
3.0,699.0,0.07822207075546296
3.0,700.0,0.07372686880470046
3.0,701.0,0.06948263527171182
3.0,702.0,0.06547476971437743
3.0,703.0,0.06168949312923872
3.0,704.0,0.05811382533350535
3.0,705.0,0.0547355084464731
3.0,706.0,0.05154298927462011
3.0,707.0,0.04852535004816473
3.0,708.0,0.04567229488569881
3.0,709.0,0.042974086974275655
3.0,710.0,0.04042153833574842
3.0,711.0,0.038005952767327836
3.0,712.0,0.035719118250121085
3.0,713.0,0.03355325507142449
3.0,714.0,0.03150101031264348
3.0,715.0,0.02955541065972512
3.0,716.0,0.027709858487104305
3.0,717.0,0.025958088932519073
3.0,718.0,0.024294167159288865
3.0,719.0,0.022712449329298785
3.0,720.0,0.021207580680426656
3.0,721.0,0.019774460079069817
3.0,722.0,0.018408238594968655
3.0,723.0,0.017104287354108617
3.0,724.0,0.015858196331159976
3.0,725.0,0.014665745256351307
3.0,726.0,0.013522902377533817
3.0,727.0,0.01242579820181712
3.0,728.0,0.01137072400587738
3.0,729.0,0.01035410821565996
3.0,730.0,0.009372514465779072
3.0,731.0,0.008422620439125297
3.0,732.0,0.007501215294679216
3.0,733.0,0.006605180803966917
3.0,734.0,0.005731487981827388
3.0,735.0,0.004877180368768672
3.0,736.0,0.0040393697115786754
3.0,737.0,0.00321522125008415
3.0,738.0,0.002401948304279401
3.0,739.0,0.001596799431036173
3.0,740.0,0.0007970517818739943
3.0,741.0,0.0
4.0,0.0,0.0
4.0,1.0,0.00037602049323147245
4.0,2.0,0.0007533130891100189
4.0,3.0,0.0011331539997976251
4.0,4.0,0.001516828426089074
4.0,5.0,0.0019056339569326055
4.0,6.0,0.0023008862778218994
4.0,7.0,0.002703921920798949
4.0,8.0,0.003116104862787223
4.0,9.0,0.0035388286883694603
4.0,10.0,0.0039735241406840035
4.0,11.0,0.004421660762075794
4.0,12.0,0.004884755463140388
4.0,13.0,0.005364373710206313
4.0,14.0,0.005862139182155634
4.0,15.0,0.006379734578702099
4.0,16.0,0.006918912439846552
4.0,17.0,0.007481495655191215
4.0,18.0,0.00806938952744007
4.0,19.0,0.00868458207069558
4.0,20.0,0.009329157407466426
4.0,21.0,0.010005295953233979
4.0,22.0,0.010715289246210537
4.0,23.0,0.011461540126699237
4.0,24.0,0.012246579110644728
4.0,25.0,0.013073064685771133
4.0,26.0,0.013943801354150973
4.0,27.0,0.01486174018320711
4.0,28.0,0.015829998659559797
4.0,29.0,0.016851861652246388
4.0,30.0,0.017930803240580825
4.0,31.0,0.0190704882700469
4.0,32.0,0.020274796341570003
4.0,33.0,0.02154782416832577
4.0,34.0,0.022893911943639135
4.0,35.0,0.024317646740506575
4.0,36.0,0.02582389151153116
4.0,37.0,0.02741778981367777
4.0,38.0,0.02910479773780676
4.0,39.0,0.03089069029086621
4.0,40.0,0.03278159660674663
4.0,41.0,0.034784008379093706
4.0,42.0,0.03690481877203039
4.0,43.0,0.039151333372083874
4.0,44.0,0.04153131330028164
4.0,45.0,0.04405298924530259
4.0,46.0,0.04672510938210763
4.0,47.0,0.04955695716557969
4.0,48.0,0.052558404791213854
4.0,49.0,0.05573993557612978
4.0,50.0,0.05911270386240797
4.0,51.0,0.06268856299966248
4.0,52.0,0.06648013280203487
4.0,53.0,0.07050083438586013
4.0,54.0,0.07476496656145534
4.0,55.0,0.07928774908745867
4.0,56.0,0.08408540972777924
4.0,57.0,0.089175237883569
4.0,58.0,0.09457568450048648
4.0,59.0,0.10030642856094887
4.0,60.0,0.10638849262355214
4.0,61.0,0.11284432534498719
4.0,62.0,0.11969793622242955
4.0,63.0,0.12697499822578945
4.0,64.0,0.13470300636559612
4.0,65.0,0.14291140573572042
4.0,66.0,0.15163177994326374
4.0,67.0,0.16089801150831284
4.0,68.0,0.17074650811072153
4.0,69.0,0.18121640453737564
4.0,70.0,0.1923498373288157
4.0,71.0,0.2041922005537627
4.0,72.0,0.21679248307650553
4.0,73.0,0.23020359473796126
4.0,74.0,0.24448278555766773
4.0,75.0,0.25969206495512903
4.0,76.0,0.27589872941733445
4.0,77.0,0.29317590602894544
4.0,78.0,0.3116032254995916
4.0,79.0,0.33126753375754825
4.0,80.0,0.3522637623279401
4.0,81.0,0.3746958700732538
4.0,82.0,0.39867798525387765
4.0,83.0,0.42433566684894347
4.0,84.0,0.4518074262609028
4.0,85.0,0.48124643920000626
4.0,86.0,0.5128226065775766
4.0,87.0,0.5467249123086654
4.0,88.0,0.583164263697554
4.0,89.0,0.6223767924061128
4.0,90.0,0.6646278439491983
4.0,91.0,0.7102166842112351
4.0,92.0,0.759482219915229
4.0,93.0,0.8128098477316672
4.0,94.0,0.8706398455589364
4.0,95.0,0.9334775713376001
4.0,96.0,1.0019060871151972
4.0,97.0,1.0766017448999863
4.0,98.0,1.1583537230162437
4.0,99.0,1.248088554308596
4.0,100.0,1.3469013358364048
4.0,101.0,1.4560956374101994
4.0,102.0,1.5772351789033323
4.0,103.0,1.7122112599453947
4.0,104.0,1.8633318497985991
4.0,105.0,2.0334404540072812
4.0,106.0,2.2260767510803197
4.0,107.0,2.4456961476495946
4.0,108.0,2.6979737379302895
4.0,109.0,2.9902299985594234
4.0,110.0,3.3320336991498363
4.0,111.0,3.736062950572154
4.0,112.0,4.219339849083123
4.0,113.0,4.80499153626842
4.0,114.0,5.5247058196537395
4.0,115.0,6.421955244641822
4.0,116.0,7.555612827054995
4.0,117.0,9.002144612694373
4.0,118.0,10.850779800666983
4.0,119.0,13.177928196312195
4.0,120.0,15.975948629990109
4.0,121.0,19.02254744484451
4.0,122.0,21.82056579570682
4.0,123.0,24.14771001863218
4.0,124.0,25.996338929775465
4.0,125.0,27.442862313108765
4.0,126.0,28.57650933912578
4.0,127.0,29.473746017676017
4.0,128.0,30.193445321150897
4.0,129.0,30.77907974390181
4.0,130.0,31.262337034582625
4.0,131.0,31.666344267893464
4.0,132.0,32.00812346492997
4.0,133.0,32.30035265287621
4.0,134.0,32.55260050880563
4.0,135.0,32.772187407650705
4.0,136.0,32.96478833235907
4.0,137.0,33.134858568349834
4.0,138.0,33.28593766249954
4.0,139.0,33.42086897783922
4.0,140.0,33.541960329678254
4.0,141.0,33.65110285170209
4.0,142.0,33.74986008519618
4.0,143.0,33.83953540808345
4.0,144.0,33.92122371147763
4.0,145.0,33.99585130744302
4.0,146.0,34.0642071378096
4.0,147.0,34.12696730145963
4.0,148.0,34.184714589664296
4.0,149.0,34.237954070853604
4.0,150.0,34.28712571350001
4.0,151.0,34.33261458365231
4.0,152.0,34.37475923484307
4.0,153.0,34.4138585556831
4.0,154.0,34.45017748872885
4.0,155.0,34.48395173520383
4.0,156.0,34.51539174261714
4.0,157.0,34.54468600359752
4.0,158.0,34.572003894067144
4.0,159.0,34.597498028497476
4.0,160.0,34.621306318179265
4.0,161.0,34.643553680054445
4.0,162.0,34.66435355528696
4.0,163.0,34.683809166905455
4.0,164.0,34.70201465809072
4.0,165.0,34.719056029457754
4.0,166.0,34.735012004852294
4.0,167.0,34.74995473750365
4.0,168.0,34.76395047743791
4.0,169.0,34.77706010831832
4.0,170.0,34.78933966816753
4.0,171.0,34.80084076029512
4.0,172.0,34.81161096382049
4.0,173.0,34.82169414947782
4.0,174.0,34.83113080592261
4.0,175.0,34.83995828239629
4.0,176.0,34.8482110493761
4.0,177.0,34.855920883780165
4.0,178.0,34.86311707713158
4.0,179.0,34.86982657432811
4.0,180.0,34.876074138422034
4.0,181.0,34.88188245036545
4.0,182.0,34.88727223624128
4.0,183.0,34.89226233236928
4.0,184.0,34.896869777944495
4.0,185.0,34.901109847055274
4.0,186.0,34.90499610679772
4.0,187.0,34.90854041469781
4.0,188.0,34.91175293901152
4.0,189.0,34.91464211622029
4.0,190.0,34.91721462574276
4.0,191.0,34.91947529676762
4.0,192.0,34.921427022941934
4.0,193.0,34.92307059943592
4.0,194.0,34.9244045524903
4.0,195.0,34.925424873777
4.0,196.0,34.9261247215636
4.0,197.0,34.926493995404705
4.0,198.0,34.926518833481865
4.0,199.0,34.92618092704975
4.0,200.0,34.92545667882687
4.0,201.0,34.924316074070774
4.0,202.0,34.92272124949437
4.0,203.0,34.92062457475809
4.0,204.0,34.917966148379755
4.0,205.0,34.914670406885776
4.0,206.0,34.910641572956294
4.0,207.0,34.90575738550437
4.0,208.0,34.89986044973674
4.0,209.0,34.892746075650756
4.0,210.0,34.88414508384258
4.0,211.0,34.873699203775836
4.0,212.0,34.860925827566874
4.0,213.0,34.84516769234407
4.0,214.0,34.825522746754544
4.0,215.0,34.80075203191653
4.0,216.0,34.769176399854004
4.0,217.0,34.72861386535859
4.0,218.0,34.676517625716585
4.0,219.0,34.61070698633609
4.0,220.0,34.53140257036737
4.0,221.0,34.44495778562038
4.0,222.0,34.36557920751562
4.0,223.0,34.299619991783146
4.0,224.0,34.24730025601434
4.0,225.0,34.20643854577375
4.0,226.0,34.17448704000681
4.0,227.0,34.14926247502257
4.0,228.0,34.129084157147645
4.0,229.0,34.11271131203833
4.0,230.0,34.099239793101546
4.0,231.0,34.08800995888964
4.0,232.0,34.07853652653689
4.0,233.0,34.070458249411985
4.0,234.0,34.06350265462116
4.0,235.0,34.05746143523566
4.0,236.0,34.05217323640543
4.0,237.0,34.04751148624549
4.0,238.0,34.04337572253755
4.0,239.0,34.0396853133358
4.0,240.0,34.036374877774705
4.0,241.0,34.03339088352169
4.0,242.0,34.030689110983666
4.0,243.0,34.028232720430886
4.0,244.0,34.02599078436632
4.0,245.0,34.02393714101662
4.0,246.0,34.02204951074462
4.0,247.0,34.02030878902429
4.0,248.0,34.01869849564578
4.0,249.0,34.01720432322232
4.0,250.0,34.015813783164944
4.0,251.0,34.01451590812292
4.0,252.0,34.013301018169315
4.0,253.0,34.01216051893832
4.0,254.0,34.01108674338221
4.0,255.0,34.01007281107839
4.0,256.0,34.00911251868178
4.0,257.0,34.00820023929168
4.0,258.0,34.00733084493649
4.0,259.0,34.006499632721386
4.0,260.0,34.00570226872782
4.0,261.0,34.00493473236016
4.0,262.0,34.004193274712904
4.0,263.0,34.003474375418314
4.0,264.0,34.002774710810485
4.0,265.0,34.00209111937911
4.0,266.0,34.00142057649163
4.0,267.0,34.00076016569745
4.0,268.0,34.00010705767429
4.0,269.0,33.99945848534369
4.0,270.0,33.99881172526991
4.0,271.0,33.99816407498198
4.0,272.0,33.99751283538005
4.0,273.0,33.99685528889265
4.0,274.0,33.99618868159489
4.0,275.0,33.995510200902686
4.0,276.0,33.99481695610653
4.0,277.0,33.99410595423021
4.0,278.0,33.99337407753239
4.0,279.0,33.99261805592293
4.0,280.0,33.991834439656685
4.0,281.0,33.99101956626445
4.0,282.0,33.99016952609944
4.0,283.0,33.989280121022354
4.0,284.0,33.98834681955431
4.0,285.0,33.98736470341489
4.0,286.0,33.986328407601384
4.0,287.0,33.98523204907402
4.0,288.0,33.98406914480337
4.0,289.0,33.98283251401147
4.0,290.0,33.98151416355648
4.0,291.0,33.980105150439655
4.0,292.0,33.97859541784854
4.0,293.0,33.97697359680672
4.0,294.0,33.97522676598189
4.0,295.0,33.97334015793542
4.0,296.0,33.971296798035716
4.0,297.0,33.969077057052836
4.0,298.0,33.96665809259501
4.0,299.0,33.964013146429004
4.0,300.0,33.961110652390765
4.0,301.0,33.95791309445505
4.0,302.0,33.95437552984008
4.0,303.0,33.95044366091532
4.0,304.0,33.94605128934691
4.0,305.0,33.94111691850741
4.0,306.0,33.935539163388505
4.0,307.0,33.92919047629974
4.0,308.0,33.921908461798836
4.0,309.0,33.91348371276439
4.0,310.0,33.903642583814104
4.0,311.0,33.892022588763346
4.0,312.0,33.878137124454696
4.0,313.0,33.861325153630354
4.0,314.0,33.84068104365611
4.0,315.0,33.81496244906083
4.0,316.0,33.782487004136925
4.0,317.0,33.74106967724864
4.0,318.0,33.68816076647922
4.0,319.0,33.62157682837719
4.0,320.0,33.54153586508218
4.0,321.0,33.4543887948709
4.0,322.0,33.374339814050636
4.0,323.0,33.307739813651686
4.0,324.0,33.254806741227945
4.0,325.0,33.21335707119891
4.0,326.0,33.18084099169492
4.0,327.0,33.1550733328918
4.0,328.0,33.13437156218517
4.0,329.0,33.11749313787152
4.0,330.0,33.103532201075566
4.0,331.0,33.0918274574347
4.0,332.0,33.08189201493842
4.0,333.0,33.073363065700825
4.0,334.0,33.065966608679005
4.0,335.0,33.05949284576471
4.0,336.0,33.05377895384496
4.0,337.0,33.04869691921316
4.0,338.0,33.044144850870026
4.0,339.0,33.040040704231444
4.0,340.0,33.036317689108614
4.0,341.0,33.032920869755145
4.0,342.0,33.02980461673717
4.0,343.0,33.026930676055095
4.0,344.0,33.02426668958129
4.0,345.0,33.02178504985676
4.0,346.0,33.01946200488276
4.0,347.0,33.0172769516037
4.0,348.0,33.015211873697076
4.0,349.0,33.01325088967147
4.0,350.0,33.01137988751128
4.0,351.0,33.0095862256538
4.0,352.0,33.007858487788646
4.0,353.0,33.006186278314374
4.0,354.0,33.00456005248432
4.0,355.0,33.00297097161977
4.0,356.0,33.00141078152
4.0,357.0,32.99987170608266
4.0,358.0,32.998346357059546
4.0,359.0,32.9968276525079
4.0,360.0,32.99530874695308
4.0,361.0,32.99378296571493
4.0,362.0,32.99224374812135
4.0,363.0,32.99068459153506
4.0,364.0,32.98909900242034
4.0,365.0,32.98748044556078
4.0,366.0,32.985822299054256
4.0,367.0,32.98411780516462
4.0,368.0,32.982360026008
4.0,369.0,32.980541792942695
4.0,370.0,32.97865565997384
4.0,371.0,32.976693848668944
4.0,372.0,32.974648196220876
4.0,373.0,32.972510092619636
4.0,374.0,32.97027041988353
4.0,375.0,32.96791947760068
4.0,376.0,32.9654469090148
4.0,377.0,32.96284160999044
4.0,378.0,32.96009163630651
4.0,379.0,32.957184089439664
4.0,380.0,32.9541049973677
4.0,381.0,32.9508391680369
4.0,382.0,32.94737003286292
4.0,383.0,32.94367945490668
4.0,384.0,32.93974751951286
4.0,385.0,32.93555227833238
4.0,386.0,32.931069464212406
4.0,387.0,32.926272143044564
4.0,388.0,32.921130318516106
4.0,389.0,32.9156104492357
4.0,390.0,32.90967489050699
4.0,391.0,32.903281210616065
4.0,392.0,32.89638138648803
4.0,393.0,32.888920813801015
4.0,394.0,32.88083712226388
4.0,395.0,32.87205870708447
4.0,396.0,32.86250294074378
4.0,397.0,32.852073934756646
4.0,398.0,32.840659765182195
4.0,399.0,32.828128956773305
4.0,400.0,32.81432604211094
4.0,401.0,32.79906584844001
4.0,402.0,32.782126134149586
4.0,403.0,32.763237943912
4.0,404.0,32.74207290185967
4.0,405.0,32.718226218515895
4.0,406.0,32.69119376441588
4.0,407.0,32.6603406929358
4.0,408.0,32.62485804072571
4.0,409.0,32.58370190203882
4.0,410.0,32.53550732344892
4.0,411.0,32.478465284924475
4.0,412.0,32.41014634857759
4.0,413.0,32.32724906681984
4.0,414.0,32.22524920769922
4.0,415.0,32.09793916161708
4.0,416.0,31.936911438318702
4.0,417.0,31.731245432912456
4.0,418.0,31.46819744053884
4.0,419.0,31.136855295293767
4.0,420.0,30.738314344931606
4.0,421.0,30.304334799785657
4.0,422.0,29.905943584172196
4.0,423.0,29.574901417361417
4.0,424.0,29.31230466763248
4.0,425.0,29.107242703169078
4.0,426.0,28.94697387474625
4.0,427.0,28.82058015867141
4.0,428.0,28.71965718486322
4.0,429.0,28.638001009068198
4.0,430.0,28.571091628846293
4.0,431.0,28.51563239887544
4.0,432.0,28.46919928109887
4.0,433.0,28.42998926414949
4.0,434.0,28.396644043033472
4.0,435.0,28.368127014534025
4.0,436.0,28.343637209386227
4.0,437.0,28.32254848447951
4.0,438.0,28.304366167773512
4.0,439.0,28.288695703144864
4.0,440.0,28.275219776142837
4.0,441.0,28.263681347823745
4.0,442.0,28.2538710084886
4.0,443.0,28.24561736552207
4.0,444.0,28.238779749814466
4.0,445.0,28.233242542210025
4.0,446.0,28.228910813141386
4.0,447.0,28.225706854673685
4.0,448.0,28.223567498528602
4.0,449.0,28.222441935707728
4.0,450.0,28.222290034597282
4.0,451.0,28.223080942351313
4.0,452.0,28.22479202256305
4.0,453.0,28.2274079499359
4.0,454.0,28.2309200472097
4.0,455.0,28.235325703885213
4.0,456.0,28.240627981687098
4.0,457.0,28.246835256083017
4.0,458.0,28.253961011638392
4.0,459.0,28.262023645382822
4.0,460.0,28.271046404958376
4.0,461.0,28.281057317890333
4.0,462.0,28.29208924552567
4.0,463.0,28.30417991869646
4.0,464.0,28.317372094144048
4.0,465.0,28.331713688768563
4.0,466.0,28.347258035510006
4.0,467.0,28.364064117700465
4.0,468.0,28.382196930122042
4.0,469.0,28.401727823501677
4.0,470.0,28.422734985061595
4.0,471.0,28.445303912170203
4.0,472.0,28.46952803633881
4.0,473.0,28.495509355670425
4.0,474.0,28.523359238211565
4.0,475.0,28.55319925652863
4.0,476.0,28.585162222198665
4.0,477.0,28.61939328447044
4.0,478.0,28.656051269721445
4.0,479.0,28.695310132459863
4.0,480.0,28.737360705148323
4.0,481.0,28.78241262794763
4.0,482.0,28.8306966606373
4.0,483.0,28.88246727408407
4.0,484.0,28.93800574544202
4.0,485.0,28.997623680036003
4.0,486.0,29.06166721733602
4.0,487.0,29.13052188453828
4.0,488.0,29.204618407087064
4.0,489.0,29.284439504972028
4.0,490.0,29.370528067696583
4.0,491.0,29.463496844110953
4.0,492.0,29.564040178426982
4.0,493.0,29.67294810949498
4.0,494.0,29.791123600928273
4.0,495.0,29.91960353278323
4.0,496.0,30.059584638721674
4.0,497.0,30.212455580975302
4.0,498.0,30.379837106431395
4.0,499.0,30.563632518486383
4.0,500.0,30.766091845992996
4.0,501.0,30.989893955692033
4.0,502.0,31.23825282490406
4.0,503.0,31.515056269804482
4.0,504.0,31.825049179843262
4.0,505.0,32.17407805993972
4.0,506.0,32.56942144545119
4.0,507.0,33.02024157563105
4.0,508.0,33.53820964238448
4.0,509.0,34.138381522974456
4.0,510.0,34.84043801204943
4.0,511.0,35.670456138908705
4.0,512.0,36.66344896370425
4.0,513.0,37.86698834744404
4.0,514.0,39.34625646899619
4.0,515.0,41.19067821977685
4.0,516.0,43.521359234252856
4.0,517.0,46.49559631613487
4.0,518.0,50.29694164148833
4.0,519.0,55.082575822328415
4.0,520.0,60.83677431454871
4.0,521.0,67.1022414668496
4.0,522.0,72.85624433590571
4.0,523.0,77.64148660548813
4.0,524.0,81.44224239796019
4.0,525.0,84.41569032104294
4.0,526.0,86.74537986468799
4.0,527.0,88.58860446025992
4.0,528.0,90.06646566508321
4.0,529.0,91.26838358179741
4.0,530.0,92.2595348625761
4.0,531.0,93.08748509428115
4.0,532.0,93.78724028115819
4.0,533.0,94.38486960223666
4.0,534.0,94.90004516478866
4.0,535.0,95.34781330543258
4.0,536.0,95.73983477045515
4.0,537.0,96.08526042817675
4.0,538.0,96.39135645637377
4.0,539.0,96.66395599044264
4.0,540.0,96.90778946657996
4.0,541.0,97.12672913277417
4.0,542.0,97.32397219995923
4.0,543.0,97.50217953200314
4.0,544.0,97.66358182239695
4.0,545.0,97.81006165987517
4.0,546.0,97.94321758707326
4.0,547.0,98.06441451527454
4.0,548.0,98.17482375400598
4.0,549.0,98.27545501641951
4.0,550.0,98.3671822113955
4.0,551.0,98.45076435046475
4.0,552.0,98.52686261135815
4.0,553.0,98.59605433399496
4.0,554.0,98.65884456472011
4.0,555.0,98.71567562011988
4.0,556.0,98.76693504037057
4.0,557.0,98.81296223150052
4.0,558.0,98.85405401857143
4.0,559.0,98.89046931049602
4.0,560.0,98.92243300544864
4.0,561.0,98.95013928067775
4.0,562.0,98.97375433427156
4.0,563.0,98.99341869019136
4.0,564.0,99.00924909138095
4.0,565.0,99.02134007434006
4.0,566.0,99.0297652184143
4.0,567.0,99.0345781540487
4.0,568.0,99.03581329843175
4.0,569.0,99.0334863988935
4.0,570.0,99.0275948316124
4.0,571.0,99.01811773509003
4.0,572.0,99.00501590717899
4.0,573.0,98.988231545595
4.0,574.0,98.96768774265558
4.0,575.0,98.94328781472692
4.0,576.0,98.91491435859673
4.0,577.0,98.88242811462638
4.0,578.0,98.84566650859638
4.0,579.0,98.80444194881288
4.0,580.0,98.7585397266471
4.0,581.0,98.70771558912182
4.0,582.0,98.65169280213071
4.0,583.0,98.59015875726968
4.0,584.0,98.52276090169022
4.0,585.0,98.449102015838
4.0,586.0,98.36873456360655
4.0,587.0,98.28115409121781
4.0,588.0,98.18579131843981
4.0,589.0,98.08200281584492
4.0,590.0,97.96905978676388
4.0,591.0,97.8461347069292
4.0,592.0,97.71228513919354
4.0,593.0,97.56643423374341
4.0,594.0,97.40734689389224
4.0,595.0,97.233600691172
4.0,596.0,97.04354992226422
4.0,597.0,96.83528112058163
4.0,598.0,96.60655735089354
4.0,599.0,96.35474816143844
4.0,600.0,96.07674051510256
4.0,601.0,95.76882478951693
4.0,602.0,95.42654721979571
4.0,603.0,95.04451725992656
4.0,604.0,94.61615312418157
4.0,605.0,94.13334218008318
4.0,606.0,93.58598206311875
4.0,607.0,92.96135338350257
4.0,608.0,92.24325134085205
4.0,609.0,91.41076945647158
4.0,610.0,90.43657703638554
4.0,611.0,89.28445903333478
4.0,612.0,87.90578855169353
4.0,613.0,86.23449524482483
4.0,614.0,84.1800493112369
4.0,615.0,81.61824985538361
4.0,616.0,78.38089427422562
4.0,617.0,74.24951379436257
4.0,618.0,68.9691731669463
4.0,619.0,62.32156365077961
4.0,620.0,54.32852185969517
4.0,621.0,45.62517693056395
4.0,622.0,37.63198685298777
4.0,623.0,30.984080259782537
4.0,624.0,25.703292753931386
4.0,625.0,21.57131407486571
4.0,626.0,18.333206937595126
4.0,627.0,15.770500012285428
4.0,628.0,13.714987605319601
4.0,629.0,12.042465190981863
4.0,630.0,10.662398778404414
4.0,631.0,9.508713264785788
4.0,632.0,8.532776405940934
4.0,633.0,7.698367203655485
4.0,634.0,6.978148378696129
4.0,635.0,6.351206220013703
4.0,636.0,5.801328009172046
4.0,637.0,5.315785736573104
4.0,638.0,4.884467670329576
4.0,639.0,4.499251043113181
4.0,640.0,4.153543113242663
4.0,641.0,3.841941533152158
4.0,642.0,3.5599798285824007
4.0,643.0,3.303934729994776
4.0,644.0,3.070678543546945
4.0,645.0,2.8575651146379406
4.0,646.0,2.662340676610424
4.0,647.0,2.4830737583885836
4.0,648.0,2.3180993844693583
4.0,649.0,2.1659745324468873
4.0,650.0,2.025442081362544
4.0,651.0,1.8954016611053681
4.0,652.0,1.7748856934499129
4.0,653.0,1.6630398123945676
4.0,654.0,1.5591065351635898
4.0,655.0,1.4624118046011487
4.0,656.0,1.3723536049390084
4.0,657.0,1.2883925204146713
4.0,658.0,1.210043633385627
4.0,659.0,1.1368697780841752
4.0,660.0,1.06847566507319
4.0,661.0,1.0045029808617325
4.0,662.0,0.9446260521633097
4.0,663.0,0.8885482332168105
4.0,664.0,0.835998654045209
4.0,665.0,0.7867295212421226
4.0,666.0,0.7405136418063529
4.0,667.0,0.697142381866369
4.0,668.0,0.656423753750351
4.0,669.0,0.6181808552626822
4.0,670.0,0.5822503714765564
4.0,671.0,0.5484813695429962
4.0,672.0,0.5167341098251466
4.0,673.0,0.48687910689383285
4.0,674.0,0.4587961742304427
4.0,675.0,0.43237368673303933
4.0,676.0,0.40750780383335145
4.0,677.0,0.3841018861352507
4.0,678.0,0.36206585634107
4.0,679.0,0.34131573492803696
4.0,680.0,0.3217731086719558
4.0,681.0,0.30336475909325
4.0,682.0,0.2860222158734733
4.0,683.0,0.2696814582134888
4.0,684.0,0.2542825359181231
4.0,685.0,0.23976932851284985
4.0,686.0,0.22608922081069233
4.0,687.0,0.21319290811785216
4.0,688.0,0.20103411610074998
4.0,689.0,0.1895694430146698
4.0,690.0,0.178758115941981
4.0,691.0,0.1685618629399965
4.0,692.0,0.15894469942525072
4.0,693.0,0.149872824627394
4.0,694.0,0.1413144331928335
4.0,695.0,0.13323963147271675
4.0,696.0,0.12562027041612686
4.0,697.0,0.11842987810053514
4.0,698.0,0.11164351075565122
4.0,699.0,0.10523769862880197
4.0,700.0,0.09919031258090799
4.0,701.0,0.09348052091467397
4.0,702.0,0.08808866945495283
4.0,703.0,0.08299624738970689
4.0,704.0,0.07818577911870384
4.0,705.0,0.07364079749226943
4.0,706.0,0.06934574600765356
4.0,707.0,0.0652859580984282
4.0,708.0,0.06144756849415343
4.0,709.0,0.05781749742882591
4.0,710.0,0.05438337016968486
4.0,711.0,0.051133505187740555
4.0,712.0,0.04805684101560686
4.0,713.0,0.04514292756550887
4.0,714.0,0.042381859601505534
4.0,715.0,0.0397642705071482
4.0,716.0,0.0372812717602075
4.0,717.0,0.03492444854846791
4.0,718.0,0.032685804719615436
4.0,719.0,0.030557759723489623
4.0,720.0,0.028533098579632384
4.0,721.0,0.02660496969078055
4.0,722.0,0.024766839428459295
4.0,723.0,0.023012490418012187
4.0,724.0,0.021335980390688854
4.0,725.0,0.019731640586982332
4.0,726.0,0.01819403856359518
4.0,727.0,0.016717976400788006
4.0,728.0,0.01529845718573929
4.0,729.0,0.01393068274219175
4.0,730.0,0.0126100235390964
4.0,731.0,0.01133201568801509
4.0,732.0,0.01009233404838553
4.0,733.0,0.008886788260642065
4.0,734.0,0.007711298837606082
4.0,735.0,0.006561892019708742
4.0,736.0,0.005434678656408495
4.0,737.0,0.004325847684697103
4.0,738.0,0.003231647615464462
4.0,739.0,0.0021483784479950203
4.0,740.0,0.001072375584134333
4.0,741.0,0.0
5.0,0.0,0.0
5.0,1.0,0.0004738892229244045
5.0,2.0,0.0009493814862701679
5.0,3.0,0.001428085484328607
5.0,4.0,0.0019116202866972139
5.0,5.0,0.0024016219995383545
5.0,6.0,0.0028997476300419507
5.0,7.0,0.0034076828306892452
5.0,8.0,0.003927144983883184
5.0,9.0,0.0044598921066792314
5.0,10.0,0.0050077252356182335
5.0,11.0,0.005572498572462053
5.0,12.0,0.006156121253435326
5.0,13.0,0.006760568820885582
5.0,14.0,0.0073878844666872435
5.0,15.0,0.008040191920543687
5.0,16.0,0.008719696264362264
5.0,17.0,0.009428698335278088
5.0,18.0,0.010169595216548184
5.0,19.0,0.010944896262498399
5.0,20.0,0.011757223382133612
5.0,21.0,0.012609328804340745
5.0,22.0,0.01350409528325748
5.0,23.0,0.014444555735524911
5.0,24.0,0.015433893511862754
5.0,25.0,0.0164754640543592
5.0,26.0,0.01757279539712491
5.0,27.0,0.018729612011047184
5.0,28.0,0.01994983571841736
5.0,29.0,0.021237611915909987
5.0,30.0,0.022597311114432188
5.0,31.0,0.02403355775913924
5.0,32.0,0.025551232637370837
5.0,33.0,0.02715550454833056
5.0,34.0,0.028851833860039575
5.0,35.0,0.03064600732222827
5.0,36.0,0.03254414309927059
5.0,37.0,0.03455272906958094
5.0,38.0,0.036678629717444136
5.0,39.0,0.03892912832299441
5.0,40.0,0.041311936164247685
5.0,41.0,0.043835239076431595
5.0,42.0,0.046507709499629186
5.0,43.0,0.04933855797856265
5.0,44.0,0.05233754869533743
5.0,45.0,0.055515056595639906
5.0,46.0,0.058882087175721916
5.0,47.0,0.06245034006477258
5.0,48.0,0.0662322339978785
5.0,49.0,0.07024097786555568
5.0,50.0,0.07449060200973337
5.0,51.0,0.07899603798136255
5.0,52.0,0.08377315755753272
5.0,53.0,0.0888388627417922
5.0,54.0,0.09421113423480186
5.0,55.0,0.09990913358981575
5.0,56.0,0.10595326330041821
5.0,57.0,0.11236528351304266
5.0,58.0,0.1191683864554558
5.0,59.0,0.12638733074681519
5.0,60.0,0.13404853362369437
5.0,61.0,0.14218022672771863
5.0,62.0,0.15081257055293204
5.0,63.0,0.1599778367033034
5.0,64.0,0.1697105502709968
5.0,65.0,0.18004770504159484
5.0,66.0,0.19102894123684624
5.0,67.0,0.2026968021466424
5.0,68.0,0.21509695700205936
5.0,69.0,0.22827851023352447
5.0,70.0,0.24229428242493456
5.0,71.0,0.2572011871315856
5.0,72.0,0.2730605872597232
5.0,73.0,0.28993875955709764
5.0,74.0,0.30790734988918844
5.0,75.0,0.3270439527800558
5.0,76.0,0.3474326977009677
5.0,77.0,0.36916498135366593
5.0,78.0,0.3923402294388816
5.0,79.0,0.4170668342120127
5.0,80.0,0.4434631540912599
5.0,81.0,0.4716587306669555
5.0,82.0,0.5017956148146927
5.0,83.0,0.534029969424762
5.0,84.0,0.5685338499889299
5.0,85.0,0.6054973476681077
5.0,86.0,0.6451310120800762
5.0,87.0,0.6876687635269051
5.0,88.0,0.7333712383107067
5.0,89.0,0.7825298150905553
5.0,90.0,0.8354713095239467
5.0,91.0,0.8925636454585856
5.0,92.0,0.9542225625940467
5.0,93.0,1.0209197671803791
5.0,94.0,1.0931927088597497
5.0,95.0,1.1716565555459284
5.0,96.0,1.2570187627706462
5.0,97.0,1.3500970961601846
5.0,98.0,1.4518418821498402
5.0,99.0,1.5633638584110794
5.0,100.0,1.6859690894277384
5.0,101.0,1.8212032631092625
5.0,102.0,1.9709081256670065
5.0,103.0,2.137294155702741
5.0,104.0,2.3230347039747103
5.0,105.0,2.531389130018738
5.0,106.0,2.7663649125914547
5.0,107.0,3.032932801349199
5.0,108.0,3.337313813213273
5.0,109.0,3.687363626570322
5.0,110.0,4.09308697375706
5.0,111.0,4.56732118274631
5.0,112.0,5.126626644045669
5.0,113.0,5.792398098443188
5.0,114.0,6.592125642667733
5.0,115.0,7.560508478570407
5.0,116.0,8.739598762341766
5.0,117.0,10.176079403534958
5.0,118.0,11.911961436597243
5.0,119.0,13.963063372087923
5.0,120.0,16.281561415162514
5.0,121.0,18.71654322367227
5.0,122.0,21.03503864197279
5.0,123.0,23.08613531898282
5.0,124.0,24.82200944196434
5.0,125.0,26.2584794945518
5.0,126.0,27.437556475149908
5.0,127.0,28.405923248010172
5.0,128.0,29.20563191461618
5.0,129.0,29.87138161249239
5.0,130.0,30.430662364211774
5.0,131.0,30.904868826287125
5.0,132.0,31.310561294553615
5.0,133.0,31.6605769915445
5.0,134.0,31.964920533037397
5.0,135.0,32.23144746928504
5.0,136.0,32.466378677064775
5.0,137.0,32.674684753331576
5.0,138.0,32.86037301105481
5.0,139.0,33.02670263024914
5.0,140.0,33.17634676778319
5.0,141.0,33.311515693241375
5.0,142.0,33.43405092793377
5.0,143.0,33.545497918100516
5.0,144.0,33.647162468891615
5.0,145.0,33.74015503995454
5.0,146.0,33.82542565995056
5.0,147.0,33.90379177579414
5.0,148.0,33.97596050211619
5.0,149.0,34.04254664236494
5.0,150.0,34.10408725667543
5.0,151.0,34.16105363515332
5.0,152.0,34.213861072971866
5.0,153.0,34.26287701921416
5.0,154.0,34.308427782470666
5.0,155.0,34.35080419986268
5.0,156.0,34.39026632923563
5.0,157.0,34.42704747297049
5.0,158.0,34.461357520386585
5.0,159.0,34.49338585696309
5.0,160.0,34.5233037836468
5.0,161.0,34.5512666563465
5.0,162.0,34.57741566234254
5.0,163.0,34.60187941873693
5.0,164.0,34.62477529352487
5.0,165.0,34.64621061743755
5.0,166.0,34.66628367742769
5.0,167.0,34.685084647933415
5.0,168.0,34.702696345159254
5.0,169.0,34.719194951626854
5.0,170.0,34.734650593236076
5.0,171.0,34.749127909210365
5.0,172.0,34.76268649590429
5.0,173.0,34.77538135926596
5.0,174.0,34.78726325683009
5.0,175.0,34.798379059297794
5.0,176.0,34.80877201326268
5.0,177.0,34.81848203094886
5.0,178.0,34.827545889737365
5.0,179.0,34.83599746350017
5.0,180.0,34.84386787008901
5.0,181.0,34.85118565335067
5.0,182.0,34.85797688580313
5.0,183.0,34.86426530678056
5.0,184.0,34.870072384066034
5.0,185.0,34.875417410232004
5.0,186.0,34.88031752356711
5.0,187.0,34.88478776107229
5.0,188.0,34.8888410350872
5.0,189.0,34.8924881369715
5.0,190.0,34.895737660684
5.0,191.0,34.8985959450324
5.0,192.0,34.901066927956116
5.0,193.0,34.90315200590448
5.0,194.0,34.90484979080023
5.0,195.0,34.90615585004519
5.0,196.0,34.907062318647725
5.0,197.0,34.907557457870325
5.0,198.0,34.90762504136834
5.0,199.0,34.907243625715964
5.0,200.0,34.90638556929527
5.0,201.0,34.9050158266249
5.0,202.0,34.90309034793384
5.0,203.0,34.900554057234125
5.0,204.0,34.89733817088905
5.0,205.0,34.89335672911953
5.0,206.0,34.88850196945457
5.0,207.0,34.88263822503231
5.0,208.0,34.875593727302565
5.0,209.0,34.86714966510704
5.0,210.0,34.85702548820573
5.0,211.0,34.84485941597403
5.0,212.0,34.830182994166904
5.0,213.0,34.81238937933486
5.0,214.0,34.79069730729536
5.0,215.0,34.764119304553375
5.0,216.0,34.731457574318014
5.0,217.0,34.691381804085204
5.0,218.0,34.64269495002768
5.0,219.0,34.58494814089253
5.0,220.0,34.51951066596309
5.0,221.0,34.45069703675667
5.0,222.0,34.385166102479566
5.0,223.0,34.3272320567457
5.0,224.0,34.278263552528415
5.0,225.0,34.237810760330554
5.0,226.0,34.20467535461598
5.0,227.0,34.17752541061314
5.0,228.0,34.15516118608534
5.0,229.0,34.136592918173875
5.0,230.0,34.12103670560018
5.0,231.0,34.10788270557925
5.0,232.0,34.09665909712977
5.0,233.0,34.08700034704638
5.0,234.0,34.078621759952405
5.0,235.0,34.07129996439523
5.0,236.0,34.06485820784964
5.0,237.0,34.05915538875675
5.0,238.0,34.054077848563196
5.0,239.0,34.04953323818969
5.0,240.0,34.04544587827058
5.0,241.0,34.04175325360119
5.0,242.0,34.0384033154465
5.0,243.0,34.035352416791916
5.0,244.0,34.03256369199461
5.0,245.0,34.03000580186761
5.0,246.0,34.027651928229936
5.0,247.0,34.025478987953235
5.0,248.0,34.02346698941953
5.0,249.0,34.02159852645198
5.0,250.0,34.019858354277794
5.0,251.0,34.018233055337305
5.0,252.0,34.016710752185354
5.0,253.0,34.0152808816452
5.0,254.0,34.013933995370536
5.0,255.0,34.01266160390414
5.0,256.0,34.011456034669585
5.0,257.0,34.010310322049655
5.0,258.0,34.00921810377185
5.0,259.0,34.008173541785936
5.0,260.0,34.00717124475302
5.0,261.0,34.00620620978228
5.0,262.0,34.005273762888734
5.0,263.0,34.00436951493438
5.0,264.0,34.00348931452732
5.0,265.0,34.00262921358828
5.0,266.0,34.00178542882072
5.0,267.0,34.000954313646574
5.0,268.0,34.00013232543194
5.0,269.0,33.999316001373714
5.0,270.0,33.998501929324924
5.0,271.0,33.997686725724556
5.0,272.0,33.99686700825147
5.0,273.0,33.99603937416448
5.0,274.0,33.99520037319084
5.0,275.0,33.99434648472963
5.0,276.0,33.993474089380214
5.0,277.0,33.992579443373906
5.0,278.0,33.99165864696908
5.0,279.0,33.99070761419932
5.0,280.0,33.98972203597575
5.0,281.0,33.988697342726965
5.0,282.0,33.98762865938784
5.0,283.0,33.98651075766701
5.0,284.0,33.98533799904463
5.0,285.0,33.984104272077914
5.0,286.0,33.982802917871574
5.0,287.0,33.98142664575389
5.0,288.0,33.97996743307416
5.0,289.0,33.978416409293814
5.0,290.0,33.976763717807934
5.0,291.0,33.97499835321255
5.0,292.0,33.97310796609891
5.0,293.0,33.97107862959126
5.0,294.0,33.96889455686466
5.0,295.0,33.96653775848928
5.0,296.0,33.963987623372745
5.0,297.0,33.96122040335005
5.0,298.0,33.95820857495927
5.0,299.0,33.954920043240115
5.0,300.0,33.95131714191216
5.0,301.0,33.94735536726864
5.0,302.0,33.942981763732874
5.0,303.0,33.9381328469371
5.0,304.0,33.93273191217538
5.0,305.0,33.92668551565263
5.0,306.0,33.91987884106402
5.0,307.0,33.91216955178863
5.0,308.0,33.903379589414136
5.0,309.0,33.89328419036741
5.0,310.0,33.88159718749192
5.0,311.0,33.86795147953732
5.0,312.0,33.8518735878091
5.0,313.0,33.832751904265685
5.0,314.0,33.80980066137288
5.0,315.0,33.78202810979134
5.0,316.0,33.74823240698422
5.0,317.0,33.70707939339108
5.0,318.0,33.65736838036621
5.0,319.0,33.59864702476484
5.0,320.0,33.53228132119174
5.0,321.0,33.46258263628676
5.0,322.0,33.39620682901235
5.0,323.0,33.33746523168439
5.0,324.0,33.28772377013184
5.0,325.0,33.24652999774757
5.0,326.0,33.212683087350875
5.0,327.0,33.18484870530051
5.0,328.0,33.16182479878121
5.0,329.0,33.14261937125831
5.0,330.0,33.12644637015527
5.0,331.0,33.1126938635637
5.0,332.0,33.10088800887122
5.0,333.0,33.09066129960657
5.0,334.0,33.08172712054177
5.0,335.0,33.0738602156333
5.0,336.0,33.06688198770028
5.0,337.0,33.06064951318214
5.0,338.0,33.05504733837341
5.0,339.0,33.04998132938495
5.0,340.0,33.045374035994776
5.0,341.0,33.041161170261105
5.0,342.0,33.037288911749656
5.0,343.0,33.03371182751815
5.0,344.0,33.030391253878584
5.0,345.0,33.027294026670816
5.0,346.0,33.02439147699074
5.0,347.0,33.02165863075859
5.0,348.0,33.01907356528221
5.0,349.0,33.016616888902064
5.0,350.0,33.014271315827955
5.0,351.0,33.01202131769291
5.0,352.0,33.00985283391111
5.0,353.0,33.00775303141565
5.0,354.0,33.00571010103872
5.0,355.0,33.00371308676238
5.0,356.0,33.001751737622094
5.0,357.0,32.999816382302335
5.0,358.0,32.99789781719804
5.0,359.0,32.99598721078127
5.0,360.0,32.99407601511942
5.0,361.0,32.99215588962679
5.0,362.0,32.99021862738532
5.0,363.0,32.98825609105612
5.0,364.0,32.98626014781066
5.0,365.0,32.984222612086334
5.0,366.0,32.982135184397826
5.0,367.0,32.9799893967177
5.0,368.0,32.97777655122789
5.0,369.0,32.97548766463599
5.0,370.0,32.97311340322414
5.0,371.0,32.97064402249824
5.0,372.0,32.96806929477613
5.0,373.0,32.96537844025265
5.0,374.0,32.96256004284762
5.0,375.0,32.95960196802841
5.0,376.0,32.95649126165161
5.0,377.0,32.953214048620595
5.0,378.0,32.949755407867016
5.0,379.0,32.9460992439513
5.0,380.0,32.942228128901114
5.0,381.0,32.93812313587876
5.0,382.0,32.933763634929015
5.0,383.0,32.929127073334
5.0,384.0,32.92418870677695
5.0,385.0,32.91892130415775
5.0,386.0,32.913294787194374
5.0,387.0,32.907275826917065
5.0,388.0,32.90082735154077
5.0,389.0,32.893907985298405
5.0,390.0,32.88647136352432
5.0,391.0,32.87846533798153
5.0,392.0,32.86983100427877
5.0,393.0,32.86050155444491
5.0,394.0,32.85040086575683
5.0,395.0,32.83944180847534
5.0,396.0,32.82752414986942
5.0,397.0,32.81453199950932
5.0,398.0,32.80033061578311
5.0,399.0,32.78476244873724
5.0,400.0,32.76764213716264
5.0,401.0,32.74875020357465
5.0,402.0,32.72782497696773
5.0,403.0,32.704552235531324
5.0,404.0,32.67855174287889
5.0,405.0,32.64935968357032
5.0,406.0,32.61640548917805
5.0,407.0,32.578981130633004
5.0,408.0,32.536200103439725
5.0,409.0,32.48694254445629
5.0,410.0,32.42978173202192
5.0,411.0,32.362886469438486
5.0,412.0,32.283893860348684
5.0,413.0,32.18975058783017
5.0,414.0,32.07653275594518
5.0,415.0,31.93928681954713
5.0,416.0,31.772009020022903
5.0,417.0,31.568034310498987
5.0,418.0,31.32136528896996
5.0,419.0,31.0297466187646
5.0,420.0,30.70001498429837
5.0,421.0,30.35373431349576
5.0,422.0,30.024191375188384
5.0,423.0,29.732950739021465
5.0,424.0,29.486850374087545
5.0,425.0,29.283636878032887
5.0,426.0,29.117315436558854
5.0,427.0,28.98122425733361
5.0,428.0,28.86936350951025
5.0,429.0,28.7767842692973
5.0,430.0,28.699567964948187
5.0,431.0,28.63466733409336
5.0,432.0,28.57972627770707
5.0,433.0,28.53292117422367
5.0,434.0,28.492833670920948
5.0,435.0,28.458353110360587
5.0,436.0,28.428603050645933
5.0,437.0,28.402886433657915
5.0,438.0,28.380644595199065
5.0,439.0,28.36142661799401
5.0,440.0,28.344866188317226
5.0,441.0,28.33066410223766
5.0,442.0,28.31857483906778
5.0,443.0,28.30839628594097
5.0,444.0,28.299961705701218
5.0,445.0,28.29313352620421
5.0,446.0,28.287798391992613
5.0,447.0,28.283863315544988
5.0,448.0,28.281252549725377
5.0,449.0,28.279905157583485
5.0,450.0,28.279772995983627
5.0,451.0,28.280819166442956
5.0,452.0,28.28301670011651
5.0,453.0,28.286347575182702
5.0,454.0,28.2908018605559
5.0,455.0,28.296377111638648
5.0,456.0,28.303077826330814
5.0,457.0,28.310915104830542
5.0,458.0,28.319906328729083
5.0,459.0,28.330075015278066
5.0,460.0,28.34145066571078
5.0,461.0,28.354068772652095
5.0,462.0,28.36797080672162
5.0,463.0,28.383204354641077
5.0,464.0,28.399823229049016
5.0,465.0,28.417887728514735
5.0,466.0,28.437464867578313
5.0,467.0,28.45862876090177
5.0,468.0,28.481460980961128
5.0,469.0,28.506051078742768
5.0,470.0,28.53249708682428
5.0,471.0,28.560906199795863
5.0,472.0,28.591395452060862
5.0,473.0,28.624092593933348
5.0,474.0,28.659136987857384
5.0,475.0,28.696680732546955
5.0,476.0,28.736889840340144
5.0,477.0,28.779945684000385
5.0,478.0,28.82604654420538
5.0,479.0,28.875409484888547
5.0,480.0,28.92827239729563
5.0,481.0,28.98489645481446
5.0,482.0,29.0455688346
5.0,483.0,29.110605969228807
5.0,484.0,29.180357208076547
5.0,485.0,29.255209182881256
5.0,486.0,29.33559079423294
5.0,487.0,29.421979160983977
5.0,488.0,29.514906507881836
5.0,489.0,29.614968407851844
5.0,490.0,29.7228334482492
5.0,491.0,29.83925485723811
5.0,492.0,29.96508431356989
5.0,493.0,30.1012886736699
5.0,494.0,30.248970097280203
5.0,495.0,30.40939064107573
5.0,496.0,30.584002245018727
5.0,497.0,30.77448376606975
5.0,498.0,30.982786767821178
5.0,499.0,31.211192770743967
5.0,500.0,31.462385096649836
5.0,501.0,31.739539949866646
5.0,502.0,32.046442531184596
5.0,503.0,32.3876364940784
5.0,504.0,32.768617624030185
5.0,505.0,33.19608710167649
5.0,506.0,33.67828500838435
5.0,507.0,34.22543287556595
5.0,508.0,34.850324099125366
5.0,509.0,35.56911464262617
5.0,510.0,36.40238123855202
5.0,511.0,37.37652747814916
5.0,512.0,38.52561565180526
5.0,513.0,39.8936527709457
5.0,514.0,41.53718465970138
5.0,515.0,43.527587037357264
5.0,516.0,45.95136145952363
5.0,517.0,48.904535299847296
5.0,518.0,52.47352493674118
5.0,519.0,56.69086463887661
5.0,520.0,61.45816703645086
5.0,521.0,66.46497649689073
5.0,522.0,71.2320323695665
5.0,523.0,75.44887818336042
5.0,524.0,79.01712489002922
5.0,525.0,81.96930423065014
5.0,526.0,84.39182920278053
5.0,527.0,86.38072292733195
5.0,528.0,88.02248182827154
5.0,529.0,89.38847558614559
5.0,530.0,90.53524306902408
5.0,531.0,91.50678337687019
5.0,532.0,92.33714991938156
5.0,533.0,93.05273638947106
5.0,534.0,93.67410858568185
5.0,535.0,94.2174104426947
5.0,536.0,94.6954222097966
5.0,537.0,95.11835108305166
5.0,538.0,95.49442159126056
5.0,539.0,95.8303180616889
5.0,540.0,96.1315180903863
5.0,541.0,96.40254570800927
5.0,542.0,96.64716501579493
5.0,543.0,96.86852952930717
5.0,544.0,97.06929823931958
5.0,545.0,97.25172656362324
5.0,546.0,97.41773812672294
5.0,547.0,97.56898186168273
5.0,548.0,97.70687772084767
5.0,549.0,97.83265353947571
5.0,550.0,97.94737492602205
5.0,551.0,98.05196966072103
5.0,552.0,98.14724770426902
5.0,553.0,98.2339177008388
5.0,554.0,98.3126006453606
5.0,555.0,98.38384125167455
5.0,556.0,98.44811744492232
5.0,557.0,98.50584830499852
5.0,558.0,98.55740074160587
5.0,559.0,98.6030950960403
5.0,560.0,98.64320986703542
5.0,561.0,98.67798566943353
5.0,562.0,98.7076285748697
5.0,563.0,98.73231288377048
5.0,564.0,98.75218345076179
5.0,565.0,98.76735756954638
5.0,566.0,98.77792652506002
5.0,567.0,98.7839567855964
5.0,568.0,98.78549093621805
5.0,569.0,98.7825482987217
5.0,570.0,98.77512533759477
5.0,571.0,98.76319577320639
5.0,572.0,98.74671050223837
5.0,573.0,98.72559722416669
5.0,574.0,98.69975987517968
5.0,575.0,98.66907774604061
5.0,576.0,98.63340438602262
5.0,577.0,98.5925661458298
5.0,578.0,98.54636046018155
5.0,579.0,98.49455369642233
5.0,580.0,98.43687866422762
5.0,581.0,98.3730315809912
5.0,582.0,98.30266857541189
5.0,583.0,98.22540148347966
5.0,584.0,98.14079299560862
5.0,585.0,98.04835085477929
5.0,586.0,97.94752112259545
5.0,587.0,97.83768013607607
5.0,588.0,97.71812510079549
5.0,589.0,97.58806282867909
5.0,590.0,97.446596445908
5.0,591.0,97.29270940167284
5.0,592.0,97.12524640016636
5.0,593.0,96.94289030046035
5.0,594.0,96.74413425942596
5.0,595.0,96.52724768474421
5.0,596.0,96.29023466851878
5.0,597.0,96.03078264396204
5.0,598.0,95.74619885866507
5.0,599.0,95.4333309365053
5.0,600.0,95.08846715434137
5.0,601.0,94.70721000198108
5.0,602.0,94.28431496580224
5.0,603.0,93.81348299909408
5.0,604.0,93.28709156962132
5.0,605.0,92.69584294159024
5.0,606.0,92.02830101476813
5.0,607.0,91.27027669775165
5.0,608.0,90.40400792473025
5.0,609.0,89.40706147114858
5.0,610.0,88.25086326273336
5.0,611.0,86.89874547734371
5.0,612.0,85.30340235188818
5.0,613.0,83.40371514657464
5.0,614.0,81.12114926650253
5.0,615.0,78.35657218784284
5.0,616.0,74.98984245237152
5.0,617.0,70.88758744636785
5.0,618.0,65.92978232923775
5.0,619.0,60.071237658856134
5.0,620.0,53.4485987557003
5.0,621.0,46.49304930449075
5.0,622.0,39.87022353024426
5.0,623.0,34.011304482043364
5.0,624.0,29.052936208009882
5.0,625.0,24.949927350038365
5.0,626.0,21.582250504649906
5.0,627.0,18.81652983444233
5.0,628.0,16.53261999110861
5.0,629.0,14.631383873301372
5.0,630.0,13.034281613023698
5.0,631.0,11.680188473391242
5.0,632.0,10.521791959237884
5.0,633.0,9.52241674522875
5.0,634.0,8.653480468536632
5.0,635.0,7.892540786397258
5.0,636.0,7.221825667114899
5.0,637.0,6.627135152712275
5.0,638.0,6.097021353231099
5.0,639.0,5.622173757571462
5.0,640.0,5.194956044887452
5.0,641.0,4.809054293842629
5.0,642.0,4.459207996181542
5.0,643.0,4.141002443012696
5.0,644.0,3.850707466932852
5.0,645.0,3.5851509052760355
5.0,646.0,3.341618826294415
5.0,647.0,3.117775980069551
5.0,648.0,2.911602210391833
5.0,649.0,2.721340984175982
5.0,650.0,2.5454577505158063
5.0,651.0,2.382605747673723
5.0,652.0,2.231598055439015
5.0,653.0,2.091384327147273
5.0,654.0,1.961031611575212
5.0,655.0,1.8397081681324627
5.0,656.0,1.726670040706675
5.0,657.0,1.6212495713142288
5.0,658.0,1.5228458296344674
5.0,659.0,1.4309163088775123
5.0,660.0,1.344969991590829
5.0,661.0,1.2645612421716363
5.0,662.0,1.189284708013187
5.0,663.0,1.118770754937842
5.0,664.0,1.052681667318474
5.0,665.0,0.9907081847147657
5.0,666.0,0.9325666353417374
5.0,667.0,0.8779962703365223
5.0,668.0,0.8267570772390662
5.0,669.0,0.7786276999860057
5.0,670.0,0.7334037542258289
5.0,671.0,0.6908961829947113
5.0,672.0,0.6509299468076706
5.0,673.0,0.613342707362884
5.0,674.0,0.5779838006398935
5.0,675.0,0.5447131704466737
5.0,676.0,0.5134005574534781
5.0,677.0,0.4839246251515713
5.0,678.0,0.456172315255897
5.0,679.0,0.4300381234405315
5.0,680.0,0.4054235840957932
5.0,681.0,0.3822366638727339
5.0,682.0,0.3603913478797347
5.0,683.0,0.3398071268393183
5.0,684.0,0.3204086634724933
5.0,685.0,0.30212535478734676
5.0,686.0,0.28489106232493083
5.0,687.0,0.2686437353421062
5.0,688.0,0.2533251922662638
5.0,689.0,0.23888079371139656
5.0,690.0,0.2252592652518149
5.0,691.0,0.21241241160781943
5.0,692.0,0.20029497294329676
5.0,693.0,0.18886437338077275
5.0,694.0,0.1780806046282585
5.0,695.0,0.16790600338065476
5.0,696.0,0.15830515731326805
5.0,697.0,0.14924470700487436
5.0,698.0,0.14069327029072262
5.0,699.0,0.13262126518067868
5.0,700.0,0.12500084931074404
5.0,701.0,0.11780576098559982
5.0,702.0,0.1110112710546418
5.0,703.0,0.10459403972502422
5.0,704.0,0.0985320786531731
5.0,705.0,0.09280462158431209
5.0,706.0,0.08739209482128397
5.0,707.0,0.08227600007376167
5.0,708.0,0.07743889176404421
5.0,709.0,0.07286427073205118
5.0,710.0,0.06853656707854232
5.0,711.0,0.0644410435845107
5.0,712.0,0.060563782988190644
5.0,713.0,0.05689160015026867
5.0,714.0,0.05341203282143621
5.0,715.0,0.05011326172612221
5.0,716.0,0.046984104009414815
5.0,717.0,0.044013940528115074
5.0,718.0,0.041192711275168103
5.0,719.0,0.03851084926265283
5.0,720.0,0.035959277312765596
5.0,721.0,0.03352934799672159
5.0,722.0,0.03121284125720992
5.0,723.0,0.02900190993308256
5.0,724.0,0.026889077741708286
5.0,725.0,0.024867189974114606
5.0,726.0,0.022929411418903436
5.0,727.0,0.02106918185804265
5.0,728.0,0.019280213558622816
5.0,729.0,0.017556451237229608
5.0,730.0,0.015892068783128613
5.0,731.0,0.014281433390242338
5.0,732.0,0.012719101206386411
5.0,733.0,0.011199785357236135
5.0,734.0,0.0097183502418227
5.0,735.0,0.008269783193218961
5.0,736.0,0.006849187161283117
5.0,737.0,0.005451755770677589
5.0,738.0,0.004072764148320693
5.0,739.0,0.0027075471512000805
5.0,740.0,0.001351488108541118
5.0,741.0,0.0
6.0,0.0,0.0
6.0,1.0,0.0005728618122575625
6.0,2.0,0.0011476615484443831
6.0,3.0,0.0017263433910346003
6.0,4.0,0.0023108652120451575
6.0,5.0,0.0029032037497762507
6.0,6.0,0.0035053633030030233
6.0,7.0,0.004119379917873287
6.0,8.0,0.004747331437536008
6.0,9.0,0.005391340793903607
6.0,10.0,0.0060535875079103406
6.0,11.0,0.00673631018508525
6.0,12.0,0.007441819566103474
6.0,13.0,0.008172500330944224
6.0,14.0,0.008930825805497738
6.0,15.0,0.009719359186637012
6.0,16.0,0.010540770018525256
6.0,17.0,0.011397834960392941
6.0,18.0,0.01229345615605822
6.0,19.0,0.013230661677809103
6.0,20.0,0.014212625924765271
6.0,21.0,0.015242669890321586
6.0,22.0,0.016324283739679885
6.0,23.0,0.017461127065198156
6.0,24.0,0.01865705381113156
6.0,25.0,0.01991611270143533
6.0,26.0,0.02124257470101461
6.0,27.0,0.02264093382465907
6.0,28.0,0.024115937349592984
6.0,29.0,0.02567258724304661
6.0,30.0,0.027316173371484894
6.0,31.0,0.029052275818820795
6.0,32.0,0.030886801374479578
6.0,33.0,0.03282598705567264
6.0,34.0,0.034876440200821535
6.0,35.0,0.03704514355921879
6.0,36.0,0.03933949937007851
6.0,37.0,0.041767336443339055
6.0,38.0,0.04433695867002011
6.0,39.0,0.04705715459147798
6.0,40.0,0.04993725086679367
6.0,41.0,0.052987124917844484
6.0,42.0,0.056217263977962686
6.0,43.0,0.05963878151111608
6.0,44.0,0.06326348258806136
6.0,45.0,0.06710388491544785
6.0,46.0,0.07117329143768944
6.0,47.0,0.07548581698342262
6.0,48.0,0.080056469181949
6.0,49.0,0.08490118195008928
6.0,50.0,0.09003690605270186
6.0,51.0,0.09548165092571394
6.0,52.0,0.10125458651606421
6.0,53.0,0.10737609528409066
6.0,54.0,0.11386788734957881
6.0,55.0,0.12075306496228595
6.0,56.0,0.1280562534849544
6.0,57.0,0.1358036811963806
6.0,58.0,0.14402332929638362
6.0,59.0,0.1527450306548206
6.0,60.0,0.16200064287829588
6.0,61.0,0.17182417060033522
6.0,62.0,0.1822519667749365
6.0,63.0,0.19332288439997927
6.0,64.0,0.20507851269559482
6.0,65.0,0.21756336587956634
6.0,66.0,0.23082516288497937
6.0,67.0,0.2449150631245226
6.0,68.0,0.2598880010945764
6.0,69.0,0.27580298220502
6.0,70.0,0.2927234872813953
6.0,71.0,0.31071784582905126
6.0,72.0,0.32985973048001144
6.0,73.0,0.3502286309868099
6.0,74.0,0.371910465650125
6.0,75.0,0.39499818760848465
6.0,76.0,0.4195925500927914
6.0,77.0,0.445802888253519
6.0,78.0,0.4737480890214904
6.0,79.0,0.5035576084001637
6.0,80.0,0.535372716755777
6.0,81.0,0.5693478356676236
6.0,82.0,0.6056521587039873
6.0,83.0,0.6444714274236232
6.0,84.0,0.6860100709651344
6.0,85.0,0.7304935937508216
6.0,86.0,0.7781714422918548
6.0,87.0,0.8293202574544886
6.0,88.0,0.8842477764227649
6.0,89.0,0.9432973263250918
6.0,90.0,1.0068532243265185
6.0,91.0,1.0753470842670918
6.0,92.0,1.1492654239523665
6.0,93.0,1.2291586688200478
6.0,94.0,1.3156520739646267
6.0,95.0,1.409458819722803
6.0,96.0,1.5113960142378458
6.0,97.0,1.6224041282069332
6.0,98.0,1.7435709526082324
6.0,99.0,1.8761610685118777
6.0,100.0,2.021652534255494
6.0,101.0,2.1817825842390133
6.0,102.0,2.3586051092541247
6.0,103.0,2.554563106635622
6.0,104.0,2.7725806906217487
6.0,105.0,3.0161801846239564
6.0,106.0,3.2896318020991333
6.0,107.0,3.598144888231313
6.0,108.0,3.948111894541059
6.0,109.0,4.347416950447693
6.0,110.0,4.805819906569333
6.0,111.0,5.335418815188406
6.0,112.0,5.951172894763737
6.0,113.0,6.671417762095232
6.0,114.0,7.5182000635650565
6.0,115.0,8.51705602478645
6.0,116.0,9.695509787213345
6.0,117.0,11.07906556468513
6.0,118.0,12.683024239816922
6.0,119.0,14.498899772343703
6.0,120.0,16.477563746477486
6.0,121.0,18.52014503978857
6.0,122.0,20.49880584117218
6.0,123.0,22.31467501740665
6.0,124.0,23.9186241310777
6.0,125.0,25.30216710939063
6.0,126.0,26.48060479139995
6.0,127.0,27.479441336213632
6.0,128.0,28.326200819169152
6.0,129.0,29.04641938816427
6.0,130.0,29.66214359996288
6.0,131.0,30.191708969550834
6.0,132.0,30.650074600979643
6.0,133.0,31.049338419152413
6.0,134.0,31.39926013383915
6.0,135.0,31.707723719668984
6.0,136.0,31.98112145882688
6.0,137.0,32.22466251203687
6.0,138.0,32.442616892452484
6.0,139.0,32.638506706639895
6.0,140.0,32.815255834604216
6.0,141.0,32.97530702122422
6.0,142.0,33.12071388562535
6.0,143.0,33.25321337033933
6.0,144.0,33.37428322048694
6.0,145.0,33.48518768139955
6.0,146.0,33.58701418446663
6.0,147.0,33.68070281556162
6.0,148.0,33.76707027123232
6.0,149.0,33.84682929181445
6.0,150.0,33.92060466221643
6.0,151.0,33.98894630557733
6.0,152.0,34.05234020322628
6.0,153.0,34.11121739607258
6.0,154.0,34.1659615894914
6.0,155.0,34.216915457268094
6.0,156.0,34.26438603887798
6.0,157.0,34.30864922991595
6.0,158.0,34.34995368075242
6.0,159.0,34.3885240449925
6.0,160.0,34.424563842369025
6.0,161.0,34.45825784189395
6.0,162.0,34.48977419678727
6.0,163.0,34.51926621500734
6.0,164.0,34.54687397443279
6.0,165.0,34.5727256531003
6.0,166.0,34.59693876772467
6.0,167.0,34.619621182947846
6.0,168.0,34.640872072934734
6.0,169.0,34.66078269334663
6.0,170.0,34.67943713641249
6.0,171.0,34.69691292505162
6.0,172.0,34.71328161163263
6.0,173.0,34.72860923681464
6.0,174.0,34.74295680807329
6.0,175.0,34.75638065391738
6.0,176.0,34.76893280817129
6.0,177.0,34.780661281619224
6.0,178.0,34.7916103706458
6.0,179.0,34.80182086195629
6.0,180.0,34.81133027856995
6.0,181.0,34.82017302828115
6.0,182.0,34.82838059550052
6.0,183.0,34.8359816399676
6.0,184.0,34.843002139005684
6.0,185.0,34.8494654391649
6.0,186.0,34.8553923496012
6.0,187.0,34.860801145306766
6.0,188.0,34.86570760798688
6.0,189.0,34.87012497469611
6.0,190.0,34.87406391703204
6.0,191.0,34.87753242244601
6.0,192.0,34.880535694686536
6.0,193.0,34.88307594537914
6.0,194.0,34.885152186613496
6.0,195.0,34.88675989521377
6.0,196.0,34.88789064905191
6.0,197.0,34.88853160163069
6.0,198.0,34.888664881633446
6.0,199.0,34.88826677370376
6.0,200.0,34.8873067461599
6.0,201.0,34.88574616220935
6.0,202.0,34.883536706532105
6.0,203.0,34.880618327281844
6.0,204.0,34.876916669960465
6.0,205.0,34.87233973985969
6.0,206.0,34.86677368282277
6.0,207.0,34.860077325740704
6.0,208.0,34.852075258453354
6.0,209.0,34.84254901914029
6.0,210.0,34.831226170036565
6.0,211.0,34.81776708307973
6.0,212.0,34.801750042675714
6.0,213.0,34.78265652220951
6.0,214.0,34.759861664373396
6.0,215.0,34.732640604144244
6.0,216.0,34.70021141161404
6.0,217.0,34.66184959631025
6.0,218.0,34.61712195411535
6.0,219.0,34.56627466332084
6.0,220.0,34.51071490184801
6.0,221.0,34.45327084928041
6.0,222.0,34.39759811689569
6.0,223.0,34.346524500507556
6.0,224.0,34.30145640837104
6.0,225.0,34.262638861997374
6.0,226.0,34.22963710697201
6.0,227.0,34.201724706523905
6.0,228.0,34.178117377695685
6.0,229.0,34.15808749181212
6.0,230.0,34.14100700209445
6.0,231.0,34.126353761265115
6.0,232.0,34.11370198201931
6.0,233.0,34.102707506430285
6.0,234.0,34.09309288398546
6.0,235.0,34.08463414811803
6.0,236.0,34.07714986202035
6.0,237.0,34.07049229255777
6.0,238.0,34.064540456717964
6.0,239.0,34.059194647830545
6.0,240.0,34.054372174859786
6.0,241.0,34.050004007230115
6.0,242.0,34.04603216063754
6.0,243.0,34.04240761743307
6.0,244.0,34.03908869783964
6.0,245.0,34.03603974473628
6.0,246.0,34.03323008783171
6.0,247.0,34.03063319220718
6.0,248.0,34.02822598507818
6.0,249.0,34.025988291112895
6.0,250.0,34.02390238538575
6.0,251.0,34.021952609848334
6.0,252.0,34.020125070341884
6.0,253.0,34.01840736997412
6.0,254.0,34.01678839972381
6.0,255.0,34.015258148813786
6.0,256.0,34.01380755723079
6.0,257.0,34.012428377762134
6.0,258.0,34.01111307011737
6.0,259.0,34.00985469819685
6.0,260.0,34.00864685250608
6.0,261.0,34.00748357176145
6.0,262.0,34.00635928468313
6.0,263.0,34.0052687485453
6.0,264.0,34.0042070042328
6.0,265.0,34.00316932658662
6.0,266.0,34.00215118840989
6.0,267.0,34.001148218904675
6.0,268.0,34.00015617347061
6.0,269.0,33.99917089745248
6.0,270.0,33.99818829930353
6.0,271.0,33.997204317429876
6.0,272.0,33.9962148947182
6.0,273.0,33.995215946569274
6.0,274.0,33.9942033349868
6.0,275.0,33.9931728359887
6.0,276.0,33.992120111452486
6.0,277.0,33.991040673995144
6.0,278.0,33.98992985457078
6.0,279.0,33.98878276260154
6.0,280.0,33.98759424689369
6.0,281.0,33.98635884823351
6.0,282.0,33.985070750456174
6.0,283.0,33.98372372179541
6.0,284.0,33.982311051779504
6.0,285.0,33.98082547617581
6.0,286.0,33.979259093585
6.0,287.0,33.97760326657588
6.0,288.0,33.97584850904681
6.0,289.0,33.97398435264171
6.0,290.0,33.97199919154928
6.0,291.0,33.96988009775152
6.0,292.0,33.967612602923694
6.0,293.0,33.965180437162545
6.0,294.0,33.962565216283245
6.0,295.0,33.95974606409405
6.0,296.0,33.956699154592194
6.0,297.0,33.95339715351082
6.0,298.0,33.949808533245935
6.0,299.0,33.94589672802044
6.0,300.0,33.941619085105856
6.0,301.0,33.93692555658343
6.0,302.0,33.93175705644727
6.0,303.0,33.92604338827757
6.0,304.0,33.91970061572562
6.0,305.0,33.91262771489303
6.0,306.0,33.90470229702808
6.0,307.0,33.89577514250671
6.0,308.0,33.88566322935101
6.0,309.0,33.874140915047626
6.0,310.0,33.86092896302312
6.0,311.0,33.845681327149265
6.0,312.0,33.82797020895205
6.0,313.0,33.80727133497502
6.0,314.0,33.78295439484222
6.0,315.0,33.75428936670796
6.0,316.0,33.7204894207765
6.0,317.0,33.68082542739138
6.0,318.0,33.63485976730619
6.0,319.0,33.582834432522894
6.0,320.0,33.526152609271186
6.0,321.0,33.46763868559409
6.0,322.0,33.41094464932183
6.0,323.0,33.35889484701805
6.0,324.0,33.3128923818124
6.0,325.0,33.273179120676836
6.0,326.0,33.239317276978895
6.0,327.0,33.210577510695444
6.0,328.0,33.18617273796575
6.0,329.0,33.16537263822903
6.0,330.0,33.14754655672306
6.0,331.0,33.13216982863638
6.0,332.0,33.11881421583017
6.0,333.0,33.1071331825328
6.0,334.0,33.09684695086461
6.0,335.0,33.087729283270555
6.0,336.0,33.07959650693866
6.0,337.0,33.07229869309979
6.0,338.0,33.06571268307925
6.0,339.0,33.059736619261734
6.0,340.0,33.05428566486351
6.0,341.0,33.04928865273495
6.0,342.0,33.04468545240569
6.0,343.0,33.04042489354321
6.0,344.0,33.03646311902803
6.0,345.0,33.03276227176806
6.0,346.0,33.02928944121449
6.0,347.0,33.02601581273227
6.0,348.0,33.02291597703198
6.0,349.0,33.019967364935795
6.0,350.0,33.01714978315058
6.0,351.0,33.014445028602026
6.0,352.0,33.011836568207364
6.0,353.0,33.00930926829086
6.0,354.0,33.00684916764065
6.0,355.0,33.004443281807895
6.0,356.0,33.00207943746895
6.0,357.0,32.99974612592508
6.0,358.0,32.99743237808354
6.0,359.0,32.995127650292616
6.0,360.0,32.99282172616595
6.0,361.0,32.99050462331481
6.0,362.0,32.98816651251
6.0,363.0,32.98579763722955
6.0,364.0,32.98338824328476
6.0,365.0,32.9809285051499
6.0,366.0,32.978408460754494
6.0,367.0,32.975817939744154
6.0,368.0,32.973146498994794
6.0,369.0,32.97038334852009
6.0,370.0,32.96751728357673
6.0,371.0,32.96453660401256
6.0,372.0,32.96142903868714
6.0,373.0,32.958181653685976
6.0,374.0,32.95478076418231
6.0,375.0,32.95121182609612
6.0,376.0,32.947459329404545
6.0,377.0,32.94350666639434
6.0,378.0,32.93933599863967
6.0,379.0,32.9349280927846
6.0,380.0,32.930262150690176
6.0,381.0,32.92531560035613
6.0,382.0,32.920063874670625
6.0,383.0,32.914480140101354
6.0,384.0,32.90853500337974
6.0,385.0,32.90219615309557
6.0,386.0,32.895427964411596
6.0,387.0,32.88819101727614
6.0,388.0,32.88044155509058
6.0,389.0,32.87213082559003
6.0,390.0,32.86320432727551
6.0,391.0,32.85360089120946
6.0,392.0,32.843251613896825
6.0,393.0,32.83207855364522
6.0,394.0,32.819993191679345
6.0,395.0,32.80689454375634
6.0,396.0,32.79266689727967
6.0,397.0,32.77717701711506
6.0,398.0,32.760270748085404
6.0,399.0,32.74176878699962
6.0,400.0,32.721461468545556
6.0,401.0,32.69910221870119
6.0,402.0,32.6743993721409
6.0,403.0,32.64700580386434
6.0,404.0,32.61650581579333
6.0,405.0,32.58239839084334
6.0,406.0,32.54407584303129
6.0,407.0,32.50079647872734
6.0,408.0,32.451649778503345
6.0,409.0,32.39551229701013
6.0,410.0,32.33099283742331
6.0,411.0,32.256366364474836
6.0,412.0,32.169499335575836
6.0,413.0,32.06777607815677
6.0,414.0,31.94805102828195
6.0,415.0,31.806680348764186
6.0,416.0,31.639736498519678
6.0,417.0,31.443580764574772
6.0,418.0,31.216032368896574
6.0,419.0,30.958308965227417
6.0,420.0,30.677434613473906
6.0,421.0,30.38753981179203
6.0,422.0,30.106893550300516
6.0,423.0,29.849627101965343
6.0,424.0,29.622766080341854
6.0,425.0,29.427530474648908
6.0,426.0,29.261742636290418
6.0,427.0,29.12176778176921
6.0,428.0,29.00368311989392
6.0,429.0,28.903850393161065
6.0,430.0,28.819130475968528
6.0,431.0,28.746915005717334
6.0,432.0,28.68507865911161
6.0,433.0,28.631905546533783
6.0,434.0,28.58601459014178
6.0,435.0,28.546293458552935
6.0,436.0,28.511843798148973
6.0,437.0,28.481937159944295
6.0,438.0,28.45598024892895
6.0,439.0,28.433487618547634
6.0,440.0,28.41406039987061
6.0,441.0,28.397369596234295
6.0,442.0,28.38314306162182
6.0,443.0,28.37115518155788
6.0,444.0,28.36121879643712
6.0,445.0,28.35317871455586
6.0,446.0,28.34690661981005
6.0,447.0,28.342296915729182
6.0,448.0,28.33926346780945
6.0,449.0,28.33773689621127
6.0,450.0,28.337662473404023
6.0,451.0,28.338998340611592
6.0,452.0,28.341714153452948
6.0,453.0,28.345789904888
6.0,454.0,28.351215070743923
6.0,455.0,28.357987844596714
6.0,456.0,28.366114630146875
6.0,457.0,28.375609567639927
6.0,458.0,28.38649427832232
6.0,459.0,28.39879760816999
6.0,460.0,28.412555566568177
6.0,461.0,28.427811242974226
6.0,462.0,28.44461490642467
6.0,463.0,28.463024071132814
6.0,464.0,28.483103740714636
6.0,465.0,28.504926613747315
6.0,466.0,28.52857347000608
6.0,467.0,28.55413351934463
6.0,468.0,28.581704938952914
6.0,469.0,28.611395380450915
6.0,470.0,28.64332267888868
6.0,471.0,28.677615545227045
6.0,472.0,28.714414481018693
6.0,473.0,28.75387269802451
6.0,474.0,28.79615728887967
6.0,475.0,28.84145043427585
6.0,476.0,28.889950901494394
6.0,477.0,28.941875624783314
6.0,478.0,28.99746163329655
6.0,479.0,29.056968125465303
6.0,480.0,29.120678969830013
6.0,481.0,29.188905444528327
6.0,482.0,29.261989515162142
6.0,483.0,29.340307483999787
6.0,484.0,29.424274338415014
6.0,485.0,29.514348663671203
6.0,486.0,29.61103848961656
6.0,487.0,29.714907986367958
6.0,488.0,29.826585441920322
6.0,489.0,29.94677251518677
6.0,490.0,30.076255296253613
6.0,491.0,30.215917292209838
6.0,492.0,30.36675502814965
6.0,493.0,30.529896583904808
6.0,494.0,30.706624013685946
6.0,495.0,30.89840030284709
6.0,496.0,31.10690223827469
6.0,497.0,31.33406040778026
6.0,498.0,31.582108434387596
6.0,499.0,31.853643621087087
6.0,500.0,32.151702370081786
6.0,501.0,32.479854214445645
6.0,502.0,32.84232001021724
6.0,503.0,33.24412100076751
6.0,504.0,33.69126804016717
6.0,505.0,34.19100249390845
6.0,506.0,34.752104096535405
6.0,507.0,35.38528438923183
6.0,508.0,36.103688550634004
6.0,509.0,36.92353019946841
6.0,510.0,37.86488136387256
6.0,511.0,38.95262389713938
6.0,512.0,40.21752522471447
6.0,513.0,41.697298277993724
6.0,514.0,43.437289809453645
6.0,515.0,45.49002486529156
6.0,516.0,47.912117576403375
6.0,517.0,50.75602647923273
6.0,518.0,54.05322000844368
6.0,519.0,57.78623313518069
6.0,520.0,61.85399321146978
6.0,521.0,66.0530993149386
6.0,522.0,70.12056139919095
6.0,523.0,73.85297752955744
6.0,524.0,77.14927302788924
6.0,525.0,79.99197981400914
6.0,526.0,82.41256223330896
6.0,527.0,84.46347368834154
6.0,528.0,86.20132210328053
6.0,529.0,87.67862523443871
6.0,530.0,88.94072142130696
6.0,531.0,90.02531404479495
6.0,532.0,90.96315979023952
6.0,533.0,91.77912856217381
6.0,534.0,92.49327916640665
6.0,535.0,93.1218107013772
6.0,536.0,93.67785244897226
6.0,537.0,94.17209864648544
6.0,538.0,94.61331022434673
6.0,539.0,95.00870820558733
6.0,540.0,95.3642814545738
6.0,541.0,95.68502753073648
6.0,542.0,95.97514178570674
6.0,543.0,96.23816637007386
6.0,544.0,96.47710828004398
6.0,545.0,96.69453331872985
6.0,546.0,96.89264134845982
6.0,547.0,97.07332684978265
6.0,548.0,97.23822796448674
6.0,549.0,97.38876639063885
6.0,550.0,97.5261800338803
6.0,551.0,97.65154983725616
6.0,552.0,97.7658219496047
6.0,553.0,97.86982610784094
6.0,554.0,97.96429094914244
6.0,555.0,98.04985680866508
6.0,556.0,98.1270864466338
6.0,557.0,98.1964740718807
6.0,558.0,98.25845293337747
6.0,559.0,98.31340173526426
6.0,560.0,98.36165003366355
6.0,561.0,98.40348280521923
6.0,562.0,98.43914426789844
6.0,563.0,98.46884110639498
6.0,564.0,98.49274512659423
6.0,565.0,98.51099547105278
6.0,566.0,98.52370037723101
6.0,567.0,98.53093860069322
6.0,568.0,98.532760450505
6.0,569.0,98.5291885557962
6.0,570.0,98.52021828111485
6.0,571.0,98.5058179100182
6.0,572.0,98.48592848755702
6.0,573.0,98.46046344330026
6.0,574.0,98.42930785949211
6.0,575.0,98.39231750826443
6.0,576.0,98.34931749580137
6.0,577.0,98.30010063811844
6.0,578.0,98.24442537738328
6.0,579.0,98.1820133607725
6.0,580.0,98.11254645747273
6.0,581.0,98.03566332725053
6.0,582.0,97.95095527559708
6.0,583.0,97.8579614907564
6.0,584.0,97.75616334530638
6.0,585.0,97.64497782431117
6.0,586.0,97.52374969159814
6.0,587.0,97.39174239869162
6.0,588.0,97.24812724657716
6.0,589.0,97.09197070829572
6.0,590.0,96.92221927172845
6.0,591.0,96.73768154998453
6.0,592.0,96.5370067858489
6.0,593.0,96.31865923008178
6.0,594.0,96.08088714834994
6.0,595.0,95.82168548672884
6.0,596.0,95.53875034013097
6.0,597.0,95.22942348808952
6.0,598.0,94.89062411484277
6.0,599.0,94.51876465873674
6.0,600.0,94.10964614588805
6.0,601.0,93.65832765878356
6.0,602.0,93.15896224660739
6.0,603.0,92.60458995116176
6.0,604.0,91.98687504749091
6.0,605.0,91.2957715123508
6.0,606.0,90.51909548100949
6.0,607.0,89.64197885311745
6.0,608.0,88.64617232918611
6.0,609.0,87.50916378226454
6.0,610.0,86.20308108960018
6.0,611.0,84.69337075961236
6.0,612.0,82.93730383816568
6.0,613.0,80.88250381225272
6.0,614.0,78.46599060447298
6.0,615.0,75.61481328045468
6.0,616.0,72.25034059324193
6.0,617.0,68.29971195387309
6.0,618.0,63.71921865650681
6.0,619.0,58.53311412722271
6.0,620.0,52.881772426998545
6.0,621.0,47.04768918276834
6.0,622.0,41.396121598278924
6.0,623.0,36.20956453308421
6.0,624.0,31.628390509238027
6.0,625.0,27.6768506397406
6.0,626.0,24.31123311897831
6.0,627.0,21.45867346620202
6.0,628.0,19.04053572960183
6.0,629.0,16.983863448650833
6.0,630.0,15.22567016868896
6.0,631.0,13.713572136888306
6.0,632.0,12.404832257832302
6.0,633.0,11.264887982092612
6.0,634.0,10.265857164045075
6.0,635.0,9.38521666952941
6.0,636.0,8.604705148900306
6.0,637.0,7.909441384474565
6.0,638.0,7.287227257499304
6.0,639.0,6.728001323995936
6.0,640.0,6.223411190219746
6.0,641.0,5.766478944220359
6.0,642.0,5.351338302147798
6.0,643.0,4.973027589049453
6.0,644.0,4.627325540491904
6.0,645.0,4.31062071619258
6.0,646.0,4.019806708855766
6.0,647.0,3.7521979267669185
6.0,648.0,3.5054611707930436
6.0,649.0,3.2775600890652936
6.0,650.0,3.066709481427535
6.0,651.0,2.8713378665202325
6.0,652.0,2.690056300561185
6.0,653.0,2.521632636161021
6.0,654.0,2.364969810362969
6.0,655.0,2.219087809807217
6.0,656.0,2.08310826372109
6.0,657.0,1.9562415896839702
6.0,658.0,1.8377758657315482
6.0,659.0,1.7270675234399
6.0,660.0,1.6235331764357464
6.0,661.0,1.5266427842381443
6.0,662.0,1.4359135574059447
6.0,663.0,1.3509048696805106
6.0,664.0,1.2712136443957511
6.0,665.0,1.1964705219159706
6.0,666.0,1.126336317857871
6.0,667.0,1.0604991041233875
6.0,668.0,0.9986714531117513
6.0,669.0,0.9405881920743665
6.0,670.0,0.8860042310156611
6.0,671.0,0.834692819138856
6.0,672.0,0.7864438113993449
6.0,673.0,0.7410623034828041
6.0,674.0,0.6983672317814538
6.0,675.0,0.65819029670304
6.0,676.0,0.6203748188666267
6.0,677.0,0.5847748841708285
6.0,678.0,0.5512543989733102
6.0,679.0,0.519686407278713
6.0,680.0,0.489952302049601
6.0,681.0,0.46194127713735644
6.0,682.0,0.4355496623402598
6.0,683.0,0.4106804816707002
6.0,684.0,0.3872428874676121
6.0,685.0,0.36515180321632035
6.0,686.0,0.3443274377250163
6.0,687.0,0.3246949956467316
6.0,688.0,0.3061842569932183
6.0,689.0,0.28872934221380214
6.0,690.0,0.2722683455336211
6.0,691.0,0.2567431442493215
6.0,692.0,0.242099076819359
6.0,693.0,0.2282847881766158
6.0,694.0,0.2152519453659593
6.0,695.0,0.20295511231873145
6.0,696.0,0.19135149727187564
6.0,697.0,0.18040085172268594
6.0,698.0,0.17006524498057166
6.0,699.0,0.16030898301337904
6.0,700.0,0.15109840635541283
6.0,701.0,0.1424018253363151
6.0,702.0,0.134189338255302
6.0,703.0,0.12643278010008133
6.0,704.0,0.11910555844071714
6.0,705.0,0.1121826132369082
6.0,706.0,0.10564026833802005
6.0,707.0,0.09945620037051124
6.0,708.0,0.09360930407807602
6.0,709.0,0.08807966859852298
6.0,710.0,0.0828484551583529
6.0,711.0,0.0778978793062942
6.0,712.0,0.07321109970427983
6.0,713.0,0.0687722050956331
6.0,714.0,0.06456611312027016
6.0,715.0,0.06057856096883243
6.0,716.0,0.05679601330248614
6.0,717.0,0.05320565568755907
6.0,718.0,0.04979531082609142
6.0,719.0,0.04655343398453978
6.0,720.0,0.043469036845357
6.0,721.0,0.04053168424259303
6.0,722.0,0.03773142503123501
6.0,723.0,0.03505878952560304
6.0,724.0,0.0325047268550977
6.0,725.0,0.03006060257094571
6.0,726.0,0.02771814201684583
6.0,727.0,0.025469427628067403
6.0,728.0,0.02330684789520384
6.0,729.0,0.021223093928608085
6.0,730.0,0.01921111363459587
6.0,731.0,0.017264107159099044
6.0,732.0,0.015375485929423964
6.0,733.0,0.013538866624911843
6.0,734.0,0.011748034764710117
6.0,735.0,0.009996936881012788
6.0,736.0,0.008279648354994382
6.0,737.0,0.0065903634905396516
6.0,738.0,0.004923367317099603
6.0,739.0,0.003273023279230257
6.0,740.0,0.001633748737093729
6.0,741.0,0.0
7.0,0.0,0.0
7.0,1.0,0.0006727096780065508
7.0,2.0,0.0013476948048345503
7.0,3.0,0.0020272388521443124
7.0,4.0,0.0027136400135592932
7.0,5.0,0.003409220657392774
7.0,6.0,0.004116332808943833
7.0,7.0,0.004837369140211446
7.0,8.0,0.005574767344613811
7.0,9.0,0.006331022773379622
7.0,10.0,0.0071086918160106535
7.0,11.0,0.007910406297356747
7.0,12.0,0.008738875983002893
7.0,13.0,0.009596904857182125
7.0,14.0,0.010487392880056373
7.0,15.0,0.011413354274750459
7.0,16.0,0.012377918673393433
7.0,17.0,0.013384351551870904
7.0,18.0,0.014436054913740696
7.0,19.0,0.015536590024066014
7.0,20.0,0.016689677795224594
7.0,21.0,0.01789922398674412
7.0,22.0,0.0191693194749795
7.0,23.0,0.020504268104658937
7.0,24.0,0.021908587045904687
7.0,25.0,0.02338703750576347
7.0,26.0,0.024944625401714837
7.0,27.0,0.026586635168498206
7.0,28.0,0.028318631007875565
7.0,29.0,0.030146494058456746
7.0,30.0,0.032076424518051566
7.0,31.0,0.03411498248304693
7.0,32.0,0.036269091283453285
7.0,33.0,0.03854608234511383
7.0,34.0,0.040953700130117954
7.0,35.0,0.04350015143152355
7.0,36.0,0.04619411237521321
7.0,37.0,0.04904478262518904
7.0,38.0,0.05206189497979757
7.0,39.0,0.05525577504897255
7.0,40.0,0.058637354071414814
7.0,41.0,0.06221823472723521
7.0,42.0,0.06601070791749744
7.0,43.0,0.0700278255015079
7.0,44.0,0.07428342192177084
7.0,45.0,0.07879219481114719
7.0,46.0,0.0835697325221225
7.0,47.0,0.08863260374367982
7.0,48.0,0.09399839221354804
7.0,49.0,0.09968579672904972
7.0,50.0,0.10571467459749607
7.0,51.0,0.11210615373423541
7.0,52.0,0.11888268675660009
7.0,53.0,0.12606817725553934
7.0,54.0,0.13368804688521502
7.0,55.0,0.14176937839826045
7.0,56.0,0.15034099865677752
7.0,57.0,0.15943364167087465
7.0,58.0,0.16908005119869438
7.0,59.0,0.17931516787155383
7.0,60.0,0.1901762560169078
7.0,61.0,0.20170312005688487
7.0,62.0,0.2139382614558349
7.0,63.0,0.22692713103286644
7.0,64.0,0.24071832361141546
7.0,65.0,0.25536387481628076
7.0,66.0,0.2709195032351353
7.0,67.0,0.28744496285268945
7.0,68.0,0.30500434553249917
7.0,69.0,0.3236665037244366
7.0,70.0,0.3435054301369768
7.0,71.0,0.3646007700951465
7.0,72.0,0.3870383008259521
7.0,73.0,0.4109105593566008
7.0,74.0,0.43631745149942364
7.0,75.0,0.4633670302155464
7.0,76.0,0.4921762750724603
7.0,77.0,0.5228720686669781
7.0,78.0,0.5555922023951309
7.0,79.0,0.5904866164928195
7.0,80.0,0.6277187094483437
7.0,81.0,0.6674669330018386
7.0,82.0,0.7099265135677197
7.0,83.0,0.7553115310131742
7.0,84.0,0.8038572058755266
7.0,85.0,0.8558226459628621
7.0,86.0,0.9114939205402424
7.0,87.0,0.9711877413226527
7.0,88.0,1.0352556462473466
7.0,89.0,1.1040890065824462
7.0,90.0,1.1781247978895164
7.0,91.0,1.257852517611983
7.0,92.0,1.343822261158897
7.0,93.0,1.4366544352165584
7.0,94.0,1.5370512348518832
7.0,95.0,1.645810514065525
7.0,96.0,1.7638423615862844
7.0,97.0,1.8921892521134773
7.0,98.0,2.0320503843883255
7.0,99.0,2.1848114611022758
7.0,100.0,2.3520810025055106
7.0,101.0,2.5357350555931863
7.0,102.0,2.7379721366276644
7.0,103.0,2.9613811758757995
7.0,104.0,3.209025354741728
7.0,105.0,3.484545750897065
7.0,106.0,3.7922887488676422
7.0,107.0,4.13746174334498
7.0,108.0,4.526320441635604
7.0,109.0,4.966388804918012
7.0,110.0,5.466705620416241
7.0,111.0,6.038078205067855
7.0,112.0,6.693296166730329
7.0,113.0,7.447209281317586
7.0,114.0,8.316489733133446
7.0,115.0,9.318772186600016
7.0,116.0,10.470702681883036
7.0,117.0,11.784302039766745
7.0,118.0,13.261175387834355
7.0,119.0,14.884934063108782
7.0,120.0,16.614337990741824
7.0,121.0,18.38297144088983
7.0,122.0,20.112371643066403
7.0,123.0,21.73612285475824
7.0,124.0,23.21298497573745
7.0,125.0,24.526569304837913
7.0,126.0,25.678480918522382
7.0,127.0,26.680740573323316
7.0,128.0,27.54999423181674
7.0,129.0,28.303876467194165
7.0,130.0,28.95905935859191
7.0,131.0,29.530392562409475
7.0,132.0,30.03066555225087
7.0,133.0,30.470685495538397
7.0,134.0,30.859491014221774
7.0,135.0,31.204605887803254
7.0,136.0,31.51228562489724
7.0,137.0,31.78773740371488
7.0,138.0,32.035307373768305
7.0,139.0,32.25863635826836
7.0,140.0,32.460787263817444
7.0,141.0,32.644348724469786
7.0,142.0,32.81151893780004
7.0,143.0,32.964173608396
7.0,144.0,33.10392088912028
7.0,145.0,33.23214608885454
7.0,146.0,33.35004798461927
7.0,147.0,33.45866859981452
7.0,148.0,33.55891754053598
7.0,149.0,33.65159214488883
7.0,150.0,33.73739405671346
7.0,151.0,33.81694309390539
7.0,152.0,33.89078872307906
7.0,153.0,33.95941977028671
7.0,154.0,34.02327249422107
7.0,155.0,34.08273750078222
7.0,156.0,34.13816551063025
7.0,157.0,34.189872362755864
7.0,158.0,34.238143194204845
7.0,159.0,34.283236116905
7.0,160.0,34.32538528702943
7.0,161.0,34.364803646660306
7.0,162.0,34.40168520523426
7.0,163.0,34.43620711242908
7.0,164.0,34.46853137264279
7.0,165.0,34.49880643290738
7.0,166.0,34.52716848389999
7.0,167.0,34.55374269139129
7.0,168.0,34.57864419178335
7.0,169.0,34.60197905802179
7.0,170.0,34.62384506650146
7.0,171.0,34.64433246245352
7.0,172.0,34.66352455341011
7.0,173.0,34.68149832092737
7.0,174.0,34.698324880514136
7.0,175.0,34.7140699736251
7.0,176.0,34.72879432296629
7.0,177.0,34.74255402929521
7.0,178.0,34.755400842920984
7.0,179.0,34.76738248282299
7.0,180.0,34.77854283899615
7.0,181.0,34.788922225922235
7.0,182.0,34.79855752546171
7.0,183.0,34.80748238215735
7.0,184.0,34.815727292077604
7.0,185.0,34.823319743272435
7.0,186.0,34.830284251814376
7.0,187.0,34.836642446439036
7.0,188.0,34.84241304845505
7.0,189.0,34.84761189457227
7.0,190.0,34.85225185165512
7.0,191.0,34.856342765133924
7.0,192.0,34.85989129174301
7.0,193.0,34.86290075147022
7.0,194.0,34.86537084987914
7.0,195.0,34.86729739729483
7.0,196.0,34.86867187454128
7.0,197.0,34.86948096078822
7.0,198.0,34.86970586848996
7.0,199.0,34.869321585938195
7.0,200.0,34.868295862560686
7.0,201.0,34.86658801612652
7.0,202.0,34.864147379567925
7.0,203.0,34.86091143666335
7.0,204.0,34.85680343811609
7.0,205.0,34.85172951052953
7.0,206.0,34.845575023208745
7.0,207.0,34.83820020385913
7.0,208.0,34.829434790589694
7.0,209.0,34.81907180701175
7.0,210.0,34.80686051782221
7.0,211.0,34.792499234599106
7.0,212.0,34.775629206349514
7.0,213.0,34.7558324447406
7.0,214.0,34.7326385131815
7.0,215.0,34.70554914272876
7.0,216.0,34.67409397217586
7.0,217.0,34.637934493887705
7.0,218.0,34.597029488771184
7.0,219.0,34.55185158335799
7.0,220.0,34.50358317357812
7.0,221.0,34.454125726031016
7.0,222.0,34.405724665554004
7.0,223.0,34.36028100784331
7.0,224.0,34.31897624631496
7.0,225.0,34.282281648382074
7.0,226.0,34.250154177076894
7.0,227.0,34.22225303809205
7.0,228.0,34.19810511106883
7.0,229.0,34.17720888023201
7.0,230.0,34.1590901691197
7.0,231.0,34.1433267359607
7.0,232.0,34.12955505550766
7.0,233.0,34.11746811817683
7.0,234.0,34.10680931117505
7.0,235.0,34.0973651923333
7.0,236.0,34.08895843373334
7.0,237.0,34.08144155858347
7.0,238.0,34.07469157827357
7.0,239.0,34.06860556310276
7.0,240.0,34.063096990577264
7.0,241.0,34.05809280206513
7.0,242.0,34.053530996123506
7.0,243.0,34.04935870377186
7.0,244.0,34.045530607468166
7.0,245.0,34.042007678907915
7.0,246.0,34.03875613034664
7.0,247.0,34.03574657763636
7.0,248.0,34.03295333378896
7.0,249.0,34.030353845825466
7.0,250.0,34.0279282101789
7.0,251.0,34.02565878770778
7.0,252.0,34.023529864799066
7.0,253.0,34.021527385868055
7.0,254.0,34.01963871160268
7.0,255.0,34.01785243002342
7.0,256.0,34.0161581804836
7.0,257.0,34.014546517948645
7.0,258.0,34.013008782141895
7.0,259.0,34.01153699827192
7.0,260.0,34.01012377754942
7.0,261.0,34.00876224306084
7.0,262.0,34.0074459522716
7.0,263.0,34.006168840276175
7.0,264.0,34.00492515775088
7.0,265.0,34.003709426111165
7.0,266.0,34.00251638623721
7.0,267.0,34.001340961570754
7.0,268.0,34.00017821414707
7.0,269.0,33.9990233126333
7.0,270.0,33.99787149296947
7.0,271.0,33.996718028949665
7.0,272.0,33.99555819522894
7.0,273.0,33.99438723837427
7.0,274.0,33.99320034020454
7.0,275.0,33.99199258734038
7.0,276.0,33.99075893284344
7.0,277.0,33.98949416218931
7.0,278.0,33.98819285095959
7.0,279.0,33.98684932483345
7.0,280.0,33.98545761063013
7.0,281.0,33.98401138731216
7.0,282.0,33.982503926904315
7.0,283.0,33.98092803252923
7.0,284.0,33.97927596451606
7.0,285.0,33.97753935998419
7.0,286.0,33.975709137592425
7.0,287.0,33.973775390882736
7.0,288.0,33.9717272622698
7.0,289.0,33.96955279882119
7.0,290.0,33.96723878169461
7.0,291.0,33.964770527557555
7.0,292.0,33.96213165283986
7.0,293.0,33.95930379542262
7.0,294.0,33.956266282295076
7.0,295.0,33.952995732552296
7.0,296.0,33.94946557986763
7.0,297.0,33.945645496082754
7.0,298.0,33.94150069232135
7.0,299.0,33.93699106747882
7.0,300.0,33.9320701675356
7.0,301.0,33.92668390747223
7.0,302.0,33.920768998630024
7.0,303.0,33.914251006707254
7.0,304.0,33.907041953810854
7.0,305.0,33.899037356377846
7.0,306.0,33.890112582475936
7.0,307.0,33.88011840227023
7.0,308.0,33.868875634288855
7.0,309.0,33.856168860429825
7.0,310.0,33.84173937892495
7.0,311.0,33.825277954606186
7.0,312.0,33.806418709403815
7.0,313.0,33.784736896118616
7.0,314.0,33.759755689553764
7.0,315.0,33.73097075460914
7.0,316.0,33.697905990115615
7.0,317.0,33.66021743014098
7.0,318.0,33.61785868404887
7.0,319.0,33.57129745201751
7.0,320.0,33.52171145493849
7.0,321.0,33.470997696809924
7.0,322.0,33.421397359196796
7.0,323.0,33.37480739741452
7.0,324.0,33.332405434808436
7.0,325.0,33.29465902481542
7.0,326.0,33.26152158031682
7.0,327.0,33.23264888848882
7.0,328.0,33.20756454994008
7.0,329.0,33.185763879001684
7.0,330.0,33.16676964624713
7.0,331.0,33.15015664520661
7.0,332.0,33.135558481766054
7.0,333.0,33.12266534617238
7.0,334.0,33.11121790134658
7.0,335.0,33.1010000309657
7.0,336.0,33.0918317897464
7.0,337.0,33.08356311581147
7.0,338.0,33.07606847372564
7.0,339.0,33.06924240181736
7.0,340.0,33.062995865633965
7.0,341.0,33.05725329215291
7.0,342.0,33.05195016729113
7.0,343.0,33.04703108955097
7.0,344.0,33.04244819204287
7.0,345.0,33.038159859317076
7.0,346.0,33.034129680423476
7.0,347.0,33.03032559146964
7.0,348.0,33.02671916941934
7.0,349.0,33.02328504875985
7.0,350.0,33.0200004354186
7.0,351.0,33.016844701669264
7.0,352.0,33.01379904377245
7.0,353.0,33.01084619418187
7.0,354.0,33.007970174048594
7.0,355.0,33.00515608348731
7.0,356.0,33.00238991719555
7.0,357.0,32.99965840705644
7.0,358.0,32.99694887981756
7.0,359.0,32.99424913478413
7.0,360.0,32.99154732923078
7.0,361.0,32.988831879287254
7.0,362.0,32.98609136300385
7.0,363.0,32.983314435901384
7.0,364.0,32.980489744270585
7.0,365.0,32.9776058489422
7.0,366.0,32.97465114300775
7.0,367.0,32.97161377857644
7.0,368.0,32.9684815839748
7.0,369.0,32.965241988832304
7.0,370.0,32.96188193612513
7.0,371.0,32.95838780099378
7.0,372.0,32.954745292818295
7.0,373.0,32.950939362756586
7.0,374.0,32.94695409037547
7.0,375.0,32.94277257397211
7.0,376.0,32.93837679506592
7.0,377.0,32.93374748401656
7.0,378.0,32.928863953750344
7.0,379.0,32.92370393081103
7.0,380.0,32.91824334678563
7.0,381.0,32.91245612137944
7.0,382.0,32.906313895691326
7.0,383.0,32.89978574865354
7.0,384.0,32.892837849907266
7.0,385.0,32.88543308313645
7.0,386.0,32.877530586735155
7.0,387.0,32.86908524583447
7.0,388.0,32.860047074513794
7.0,389.0,32.85036052048711
7.0,390.0,32.83996362051059
7.0,391.0,32.828787034211395
7.0,392.0,32.81675287004523
7.0,393.0,32.80377332179772
7.0,394.0,32.78974900847822
7.0,395.0,32.77456701900988
7.0,396.0,32.758098523502326
7.0,397.0,32.74019592282118
7.0,398.0,32.72068935071609
7.0,399.0,32.69938245004703
7.0,400.0,32.67604716388217
7.0,401.0,32.65041738122847
7.0,402.0,32.62218106664507
7.0,403.0,32.59097058896303
7.0,404.0,32.556350722932955
7.0,405.0,32.517803880355025
7.0,406.0,32.47471188685001
7.0,407.0,32.42633377870314
7.0,408.0,32.371779023644564
7.0,409.0,32.3099761435903
7.0,410.0,32.2396374684185
7.0,411.0,32.15922293842516
7.0,412.0,32.0669095456144
7.0,413.0,31.96058025733857
7.0,414.0,31.83785796096406
7.0,415.0,31.696228363038237
7.0,416.0,31.533318698068967
7.0,417.0,31.34741729795616
7.0,418.0,31.138300782928706
7.0,419.0,30.90831670657243
7.0,420.0,30.663363197479434
7.0,421.0,30.412935343548355
7.0,422.0,30.168249658487596
7.0,423.0,29.938802140386887
7.0,424.0,29.730492739960656
7.0,425.0,29.54567175430871
7.0,426.0,29.384119473844706
7.0,427.0,29.244128846352748
7.0,428.0,29.123332676920356
7.0,429.0,29.019223226185943
7.0,430.0,28.92943093213333
7.0,431.0,28.851847348199232
7.0,432.0,28.78465910540843
7.0,433.0,28.72633688554529
7.0,434.0,28.675604884949575
7.0,435.0,28.63140467770571
7.0,436.0,28.59285999770671
7.0,437.0,28.55924543410786
7.0,438.0,28.529959687111923
7.0,439.0,28.504503450475422
7.0,440.0,28.48246123115693
7.0,441.0,28.463486680259496
7.0,442.0,28.44729064684529
7.0,443.0,28.433631622094993
7.0,444.0,28.422307932110325
7.0,445.0,28.41315151652616
7.0,446.0,28.40602279593664
7.0,447.0,28.400806600676045
7.0,448.0,28.397408765004887
7.0,449.0,28.395753451656812
7.0,450.0,28.39578087408056
7.0,451.0,28.39744554193191
7.0,452.0,28.400714734772205
7.0,453.0,28.405567369423782
7.0,454.0,28.4119929874348
7.0,455.0,28.419991055097363
7.0,456.0,28.429570314138115
7.0,457.0,28.440748394571493
7.0,458.0,28.453551433598818
7.0,459.0,28.46801392618471
7.0,460.0,28.484178553469196
7.0,461.0,28.502096225742637
7.0,462.0,28.52182608642565
7.0,463.0,28.5434357229845
7.0,464.0,28.567001330473996
7.0,465.0,28.592608081691775
7.0,466.0,28.620350448499654
7.0,467.0,28.65033273571253
7.0,468.0,28.682669571070775
7.0,469.0,28.717486619876002
7.0,470.0,28.75492126727698
7.0,471.0,28.79512354409678
7.0,472.0,28.838257039586807
7.0,473.0,28.88450008484947
7.0,474.0,28.934046952132093
7.0,475.0,28.987109362641625
7.0,476.0,29.043918051960265
7.0,477.0,29.1047246963959
7.0,478.0,29.169803956188673
7.0,479.0,29.23945595242179
7.0,480.0,29.31400894468888
7.0,481.0,29.39382254430014
7.0,482.0,29.479291247505547
7.0,483.0,29.570848648323132
7.0,484.0,29.66897214226897
7.0,485.0,29.774188516097944
7.0,486.0,29.887080275935123
7.0,487.0,30.0082931612582
7.0,488.0,30.138544760242993
7.0,489.0,30.27863475297455
7.0,490.0,30.429456795825107
7.0,491.0,30.592012695319905
7.0,492.0,30.767429037883915
7.0,493.0,30.956977114851288
7.0,494.0,31.162096551548558
7.0,495.0,31.384423783784616
7.0,496.0,31.625826178244164
7.0,497.0,31.8884434282537
7.0,498.0,32.17473764453624
7.0,499.0,32.487554557123595
7.0,500.0,32.830198243462505
7.0,501.0,33.20652304022337
7.0,502.0,33.621046595441754
7.0,503.0,34.07908957706732
7.0,504.0,34.58694816689891
7.0,505.0,35.152107207497814
7.0,506.0,35.783502334154086
7.0,507.0,36.49184021013809
7.0,508.0,37.289983865754806
7.0,509.0,38.19340507711069
7.0,510.0,39.2206916321798
7.0,511.0,40.39406916020941
7.0,512.0,41.73984090139808
7.0,513.0,43.28854783217869
7.0,514.0,45.07447959213252
7.0,515.0,47.13390540535788
7.0,516.0,49.50106041241875
7.0,517.0,52.20066458669362
7.0,518.0,55.236010934410466
7.0,519.0,58.573376172738264
7.0,520.0,62.12791365410923
7.0,521.0,65.76298625314709
7.0,522.0,69.31717383161143
7.0,523.0,72.65383807476363
7.0,524.0,75.68812995441095
7.0,525.0,78.38632260272948
7.0,526.0,80.75170423081053
7.0,527.0,82.808988780398
7.0,528.0,84.59240411404356
7.0,529.0,86.13821089156164
7.0,530.0,87.48068888760628
7.0,531.0,88.65036785915827
7.0,532.0,89.67353845301646
7.0,533.0,90.57241226259254
7.0,534.0,91.36556157236778
7.0,535.0,92.06844110339327
7.0,536.0,92.69389524737655
7.0,537.0,93.25261034509674
7.0,538.0,93.75349998551818
7.0,539.0,94.20402512295928
7.0,540.0,94.61045615966904
7.0,541.0,94.97808595534023
7.0,542.0,95.31140226037836
7.0,543.0,95.61422726578326
7.0,544.0,95.88983058111283
7.0,545.0,96.14102096396485
7.0,546.0,96.3702209576595
7.0,547.0,96.57952788422767
7.0,548.0,96.77076382514714
7.0,549.0,96.94551677797166
7.0,550.0,97.10517464299474
7.0,551.0,97.25095342592239
7.0,552.0,97.38392070443375
7.0,553.0,97.50501523914697
7.0,554.0,97.61506340574334
7.0,555.0,97.7147930076399
7.0,556.0,97.80484491976912
7.0,557.0,97.88578291475132
7.0,558.0,97.9581019847668
7.0,559.0,98.02223537166071
7.0,560.0,98.0785605361941
7.0,561.0,98.12740418307278
7.0,562.0,98.1690465244093
7.0,563.0,98.20372482905714
7.0,564.0,98.23163641364151
7.0,565.0,98.25294107029758
7.0,566.0,98.26776307361867
7.0,567.0,98.27619271991948
7.0,568.0,98.27828753645042
7.0,569.0,98.27407307825558
7.0,570.0,98.26354345054597
7.0,571.0,98.24666144263934
7.0,572.0,98.22335841430974
7.0,573.0,98.19353379073425
7.0,574.0,98.15705431074316
7.0,575.0,98.11375285482382
7.0,576.0,98.06342700067566
7.0,577.0,98.00583710153911
7.0,578.0,97.94070403564473
7.0,579.0,97.86770638741227
7.0,580.0,97.78647720455615
7.0,581.0,97.69660005128357
7.0,582.0,97.59760448978341
7.0,583.0,97.4889606603041
7.0,584.0,97.37007306781737
7.0,585.0,97.2402731807664
7.0,586.0,97.098810906561
7.0,587.0,96.94484446102645
7.0,588.0,96.7774286230982
7.0,589.0,96.59550076643166
7.0,590.0,96.39786453823518
7.0,591.0,96.18317039182936
7.0,592.0,95.94989264591796
7.0,593.0,95.69630199549663
7.0,594.0,95.42043282642507
7.0,595.0,95.1200438199641
7.0,596.0,94.79257067697819
7.0,597.0,94.43506875340302
7.0,598.0,94.04414358772985
7.0,599.0,93.61586600524362
7.0,600.0,93.14566841407637
7.0,601.0,92.62821723646277
7.0,602.0,92.0572559663168
7.0,603.0,91.42541119764566
7.0,604.0,90.72395311523339
7.0,605.0,89.94249950832915
7.0,606.0,89.06865175666593
7.0,607.0,88.08755009451372
7.0,608.0,86.98133846949443
7.0,609.0,85.72853625904341
7.0,610.0,84.30333378080392
7.0,611.0,82.67486753561178
7.0,612.0,80.80660945820797
7.0,613.0,78.65614451328288
7.0,614.0,76.17585000140959
7.0,615.0,73.3153525914971
7.0,616.0,70.02710289365288
7.0,617.0,66.2767658186159
7.0,618.0,62.05976477457653
7.0,619.0,57.42293345530524
7.0,620.0,52.48410902731899
7.0,621.0,47.43305861448194
7.0,622.0,42.493968952679694
7.0,623.0,37.85660626420956
7.0,624.0,33.63880591093605
7.0,625.0,29.887398869113824
7.0,626.0,26.597804911940557
7.0,627.0,23.735684378022086
7.0,628.0,21.253482360309583
7.0,629.0,19.100819035764726
7.0,630.0,17.230064226773862
7.0,631.0,15.59879439339198
7.0,632.0,14.170471923835521
7.0,633.0,12.914222679409848
7.0,634.0,11.804225225218884
7.0,635.0,10.81898601051544
7.0,636.0,9.940634853798194
7.0,637.0,9.15429658434638
7.0,638.0,8.447555869525013
7.0,639.0,7.8100123906511705
7.0,640.0,7.232916790156552
7.0,641.0,6.708874582633067
7.0,642.0,6.231606597921524
7.0,643.0,5.795754890956949
7.0,644.0,5.396725741308998
7.0,645.0,5.030561948138156
7.0,646.0,4.6938390556900975
7.0,647.0,4.38358030128688
7.0,648.0,4.097187057180641
7.0,649.0,3.8323812870965828
7.0,650.0,3.5871581666023533
7.0,651.0,3.3597464826680508
7.0,652.0,3.1485758223391516
7.0,653.0,2.9522488484244676
7.0,654.0,2.769518206008276
7.0,655.0,2.599266784310922
7.0,656.0,2.4404912099203493
7.0,657.0,2.292287565648719
7.0,658.0,2.1538394192645187
7.0,659.0,2.024407329817354
7.0,660.0,1.9033200472947442
7.0,661.0,1.7899666872841165
7.0,662.0,1.6837901797933146
7.0,663.0,1.5842813506942326
7.0,664.0,1.4909739877802561
7.0,665.0,1.4034403032231835
7.0,666.0,1.3212871774772168
7.0,667.0,1.2441526347561163
7.0,668.0,1.1717029551553815
7.0,669.0,1.1036299022361615
7.0,670.0,1.0396484824118752
7.0,671.0,0.9794947373867099
7.0,672.0,0.9229239912526583
7.0,673.0,0.8697090718545688
7.0,674.0,0.8196389290890702
7.0,675.0,0.7725171854613209
7.0,676.0,0.7281610396095904
7.0,677.0,0.6864000721314641
7.0,678.0,0.6470753702529749
7.0,679.0,0.6100385336069226
7.0,680.0,0.5751509718287982
7.0,681.0,0.542283068513144
7.0,682.0,0.5113136151230557
7.0,683.0,0.4821291013012406
7.0,684.0,0.45462325704635503
7.0,685.0,0.428696444930793
7.0,686.0,0.404255288875344
7.0,687.0,0.3812121493376895
7.0,688.0,0.35948482180467756
7.0,689.0,0.33899608016733296
7.0,690.0,0.3196734316721551
7.0,691.0,0.30144871684938657
7.0,692.0,0.2842579104256319
7.0,693.0,0.268040768580871
7.0,694.0,0.2527406674445535
7.0,695.0,0.2383042903112042
7.0,696.0,0.2246814969814672
7.0,697.0,0.21182504500357077
7.0,698.0,0.1996904843974413
7.0,699.0,0.18823590811106397
7.0,700.0,0.1774218676669257
7.0,701.0,0.16721114890358152
7.0,702.0,0.15756870487419913
7.0,703.0,0.14846145364054086
7.0,704.0,0.13985822538186288
7.0,705.0,0.1317295795632036
7.0,706.0,0.12404776371594077
7.0,707.0,0.11678654774658367
7.0,708.0,0.10992119225564011
7.0,709.0,0.10342829811122292
7.0,710.0,0.09728578250163827
7.0,711.0,0.09147274218850164
7.0,712.0,0.08596943575678516
7.0,713.0,0.08075715919895725
7.0,714.0,0.07581823304655046
7.0,715.0,0.07113588913100957
7.0,716.0,0.06669426146276668
7.0,717.0,0.062478283174462294
7.0,718.0,0.05847368016450028
7.0,719.0,0.05466687736067264
7.0,720.0,0.05104499427103205
7.0,721.0,0.04759575981584378
7.0,722.0,0.04430750903391687
7.0,723.0,0.041169105822258294
7.0,724.0,0.03816994013433102
7.0,725.0,0.03529985804297088
7.0,726.0,0.032549158841223495
7.0,727.0,0.02990853190750998
7.0,728.0,0.027369053181977295
7.0,729.0,0.024922128365548323
7.0,730.0,0.022559488296882403
7.0,731.0,0.02027313806038818
7.0,732.0,0.01805535083234539
7.0,733.0,0.015898622508436648
7.0,734.0,0.013795663623447498
7.0,735.0,0.011739359137361809
7.0,736.0,0.009722758062216121
7.0,737.0,0.007739038068062581
7.0,738.0,0.005781492473691956
7.0,739.0,0.003843499350378531
7.0,740.0,0.001918505550826126
7.0,741.0,0.0
8.0,0.0,0.0
8.0,1.0,0.0007732003779047871
8.0,2.0,0.001549016205539102
8.0,3.0,0.0023300713757488612
8.0,4.0,0.0031190082500426324
8.0,5.0,0.003918494641324614
8.0,6.0,0.004731235544036114
8.0,7.0,0.005559978780307463
8.0,8.0,0.006407528558860016
8.0,9.0,0.007276749912045651
8.0,10.0,0.008170584211604376
8.0,11.0,0.009092052529715743
8.0,12.0,0.010044273245660238
8.0,13.0,0.011030464471777395
8.0,14.0,0.01205396389319794
8.0,15.0,0.013118230409665735
8.0,16.0,0.014226866360990074
8.0,17.0,0.015383618548279245
8.0,18.0,0.016592403010870813
8.0,19.0,0.017857305605949992
8.0,20.0,0.019182609518789542
8.0,21.0,0.02057279559837693
8.0,22.0,0.022032572802267163
8.0,23.0,0.023566878508212638
8.0,24.0,0.025180912118349486
8.0,25.0,0.02688013559353444
8.0,26.0,0.028670310469639155
8.0,27.0,0.030557498893130898
8.0,28.0,0.03254810433581156
8.0,29.0,0.03464887344811778
8.0,30.0,0.03686694079881233
8.0,31.0,0.03920983190776716
8.0,32.0,0.04168551238528809
8.0,33.0,0.04430239256035467
8.0,34.0,0.047069381452204455
8.0,35.0,0.04999589347513744
8.0,36.0,0.05309190774496053
8.0,37.0,0.05636797742007562
8.0,38.0,0.05983529493027745
8.0,39.0,0.06350570460920972
8.0,40.0,0.06739177453653446
8.0,41.0,0.07150681323318037
8.0,42.0,0.0758649489348575
8.0,43.0,0.08048115126429917
8.0,44.0,0.0853713189107082
8.0,45.0,0.09055230736951207
8.0,46.0,0.0960420261967131
8.0,47.0,0.10185947412582033
8.0,48.0,0.10802484730887159
8.0,49.0,0.11455958339436804
8.0,50.0,0.12148648247194267
8.0,51.0,0.1288297620404036
8.0,52.0,0.13661519275917855
8.0,53.0,0.14487016667333566
8.0,54.0,0.15362385036670848
8.0,55.0,0.16290726936952926
8.0,56.0,0.17275348193856183
8.0,57.0,0.18319768329104932
8.0,58.0,0.19427740405073893
8.0,59.0,0.206032638880964
8.0,60.0,0.2185060746924522
8.0,61.0,0.23174324945893085
8.0,62.0,0.24579281666540825
8.0,63.0,0.2607067416781821
8.0,64.0,0.27654061073411823
8.0,65.0,0.29335387433654975
8.0,66.0,0.31121021150394634
8.0,67.0,0.33017783245932525
8.0,68.0,0.35032991209007475
8.0,69.0,0.37174496795150497
8.0,70.0,0.394507381248015
8.0,71.0,0.41870787125019904
8.0,72.0,0.4444441280317667
8.0,73.0,0.47182141133200745
8.0,74.0,0.5009533274066008
8.0,75.0,0.5319625899160295
8.0,76.0,0.5649819844922479
8.0,77.0,0.6001553425127606
8.0,78.0,0.6376387527005811
8.0,79.0,0.6776018172973453
8.0,80.0,0.7202291922067204
8.0,81.0,0.7657222215611725
8.0,82.0,0.8143009195973403
8.0,83.0,0.8662061176188753
8.0,84.0,0.9217020465158262
8.0,85.0,0.9810791852942385
8.0,86.0,1.044657669897393
8.0,87.0,1.112791113459397
8.0,88.0,1.1858711656160061
8.0,89.0,1.264332694838758
8.0,90.0,1.3486599694207044
8.0,91.0,1.4393937724402481
8.0,92.0,1.5371398969301675
8.0,93.0,1.6425790363054322
8.0,94.0,1.7564786215489094
8.0,95.0,1.8797067430133958
8.0,96.0,2.0132488658959935
8.0,97.0,2.158227663706086
8.0,98.0,2.3159269116685084
8.0,99.0,2.487820038454701
8.0,100.0,2.675604607579355
8.0,101.0,2.8812436994472113
8.0,102.0,3.107015877423297
8.0,103.0,3.3555751144995014
8.0,104.0,3.6300226928670436
8.0,105.0,3.933992539814598
8.0,106.0,4.271751571708554
8.0,107.0,4.648315004606095
8.0,108.0,5.06957471822415
8.0,109.0,5.542433599561664
8.0,110.0,6.074930844894729
8.0,111.0,6.6763280531867775
8.0,112.0,7.357102502531081
8.0,113.0,8.128756743825646
8.0,114.0,9.003303116871804
8.0,115.0,9.992222007232147
8.0,116.0,11.104651600126992
8.0,117.0,12.344608264579767
8.0,118.0,13.707288213043045
8.0,119.0,15.175126082084642
8.0,120.0,16.715331275618915
8.0,121.0,18.281576228116894
8.0,122.0,19.82177714006025
8.0,123.0,21.28960643136775
8.0,124.0,22.652273476792402
8.0,125.0,23.892212869038726
8.0,126.0,25.004620761822814
8.0,127.0,25.993513450370607
8.0,128.0,26.868029030756162
8.0,129.0,27.63964778375988
8.0,130.0,28.32038192835699
8.0,131.0,28.92173387818246
8.0,132.0,29.454180757095944
8.0,133.0,29.92698399234882
8.0,134.0,30.34818259036009
8.0,135.0,30.724679229492196
8.0,136.0,31.06236556123718
8.0,137.0,31.366256553063327
8.0,138.0,31.640618851420786
8.0,139.0,31.889086091419763
8.0,140.0,32.114759239678
8.0,141.0,32.32029192910265
8.0,142.0,32.507962357141984
8.0,143.0,32.6797332111274
8.0,144.0,32.83730163281193
8.0,145.0,32.982140598851686
8.0,146.0,33.11553340043126
8.0,147.0,33.2386021931494
8.0,148.0,33.352331888375964
8.0,149.0,33.457589984546665
8.0,150.0,33.55514328027232
8.0,151.0,33.64567179358155
8.0,152.0,33.72978059636777
8.0,153.0,33.80800970180027
8.0,154.0,33.88084255631222
8.0,155.0,33.94871315100263
8.0,156.0,34.012012198912224
8.0,157.0,34.07109231314175
8.0,158.0,34.12627256181445
8.0,159.0,34.17784228332417
8.0,160.0,34.22606449003
8.0,161.0,34.27117871081974
8.0,162.0,34.31340356754578
8.0,163.0,34.35293891484396
8.0,164.0,34.38996781473804
8.0,165.0,34.42465816260713
8.0,166.0,34.45716421857116
8.0,167.0,34.487627853251425
8.0,168.0,34.516179748734174
8.0,169.0,34.542940359652796
8.0,170.0,34.56802086472391
8.0,171.0,34.59152391205322
8.0,172.0,34.61354437987656
8.0,173.0,34.63416995613891
8.0,174.0,34.653481751125774
8.0,175.0,34.67155474781237
8.0,176.0,34.68845829750555
8.0,177.0,34.704256467531465
8.0,178.0,34.71900844243602
8.0,179.0,34.73276878811294
8.0,180.0,34.745587774552845
8.0,181.0,34.75751156967759
8.0,182.0,34.76858249436448
8.0,183.0,34.77883915441346
8.0,184.0,34.78831663403343
8.0,185.0,34.79704656999532
8.0,186.0,34.80505728544297
8.0,187.0,34.81237380587115
8.0,188.0,34.81901793048624
8.0,189.0,34.8250081846247
8.0,190.0,34.830359820306455
8.0,191.0,34.83508469334925
8.0,192.0,34.839191177377344
8.0,193.0,34.842683945177576
8.0,194.0,34.84556377003165
8.0,195.0,34.8478271783386
8.0,196.0,34.84946609698172
8.0,197.0,34.85046732584285
8.0,198.0,34.85081196761264
8.0,199.0,34.850474641917266
8.0,200.0,34.8494226018681
8.0,201.0,34.847614573876406
8.0,202.0,34.84499942245807
8.0,203.0,34.84151445375806
8.0,204.0,34.8370834455356
8.0,205.0,34.83161421933364
8.0,206.0,34.824995850601674
8.0,207.0,34.817095379956946
8.0,208.0,34.8077542163971
8.0,209.0,34.796784301018164
8.0,210.0,34.78396459207137
8.0,211.0,34.769038604142615
8.0,212.0,34.751714660320886
8.0,213.0,34.73167132878412
8.0,214.0,34.70857220643829
8.0,215.0,34.68209567727544
8.0,216.0,34.651986685116334
8.0,217.0,34.61813614371954
8.0,218.0,34.580686651349865
8.0,219.0,34.54014509384254
8.0,220.0,34.49745307909978
8.0,221.0,34.453938690931054
8.0,222.0,34.41109422351694
8.0,223.0,34.3702472431854
8.0,224.0,34.33233832001457
8.0,225.0,34.297872780047655
8.0,226.0,34.26699113117555
8.0,227.0,34.23958166288521
8.0,228.0,34.21538614636785
8.0,229.0,34.19407923948964
8.0,230.0,34.17532023906944
8.0,231.0,34.15878283207264
8.0,232.0,34.14416985255177
8.0,233.0,34.13121870876271
8.0,234.0,34.11970160209454
8.0,235.0,34.109423054108525
8.0,236.0,34.10021635142256
8.0,237.0,34.09193969415533
8.0,238.0,34.084472551538305
8.0,239.0,34.07771235419482
8.0,240.0,34.07157164862127
8.0,241.0,34.06597564595926
8.0,242.0,34.06086018754433
8.0,243.0,34.0561700197532
8.0,244.0,34.051857384653474
8.0,245.0,34.04788082480505
8.0,246.0,34.04420421480482
8.0,247.0,34.04079593277388
8.0,248.0,34.03762819292464
8.0,249.0,34.0346764662297
8.0,250.0,34.031919016599076
8.0,251.0,34.029336490509685
8.0,252.0,34.02691159109072
8.0,253.0,34.02462878294086
8.0,254.0,34.02247406021158
8.0,255.0,34.02043473065857
8.0,256.0,34.01849924831723
8.0,257.0,34.0166570526125
8.0,258.0,34.01489844577462
8.0,259.0,34.01321447058125
8.0,260.0,34.011596818951325
8.0,261.0,34.010037737004204
8.0,262.0,34.008529955426944
8.0,263.0,34.0070666139213
8.0,264.0,34.00564120670012
8.0,265.0,34.00424752064459
8.0,266.0,34.00287959112089
8.0,267.0,34.001531649664464
8.0,268.0,34.00019808651967
8.0,269.0,33.998873404644804
8.0,270.0,33.99755218615591
8.0,271.0,33.99622905005626
8.0,272.0,33.994898620228426
8.0,273.0,33.99355548462519
8.0,274.0,33.99219416266929
8.0,275.0,33.990809063748124
8.0,276.0,33.98939445187858
8.0,277.0,33.98794440124056
8.0,278.0,33.986452755745894
8.0,279.0,33.98491307900934
8.0,280.0,33.98331860599479
8.0,281.0,33.98166218420991
8.0,282.0,33.97993621382059
8.0,283.0,33.97813257587624
8.0,284.0,33.976242556068044
8.0,285.0,33.97425675429454
8.0,286.0,33.97216498540034
8.0,287.0,33.96995616213691
8.0,288.0,33.967618163454055
8.0,289.0,33.96513767952122
8.0,290.0,33.96250003398255
8.0,291.0,33.95968897458948
8.0,292.0,33.9566864295357
8.0,293.0,33.95347221949815
8.0,294.0,33.95002371860961
8.0,295.0,33.94631545192256
8.0,296.0,33.94231861706759
8.0,297.0,33.93800051333014
8.0,298.0,33.93332385824516
8.0,299.0,33.92824596802269
8.0,300.0,33.92271777161274
8.0,301.0,33.91668262492567
8.0,302.0,33.91007488243427
8.0,303.0,33.90281818186304
8.0,304.0,33.89482338905306
8.0,305.0,33.885986156933285
8.0,306.0,33.876184057604696
8.0,307.0,33.86527328509982
8.0,308.0,33.85308498679778
8.0,309.0,33.839421422543325
8.0,310.0,33.82405238343668
8.0,311.0,33.80671272964244
8.0,312.0,33.78710258121709
8.0,313.0,33.76489275597611
8.0,314.0,33.73973949620033
8.0,315.0,33.71131423043129
8.0,316.0,33.67935529324241
8.0,317.0,33.643747340512526
8.0,318.0,33.60462701459605
8.0,319.0,33.562495553904625
8.0,320.0,33.51828918124003
8.0,321.0,33.47333086517642
8.0,322.0,33.429108011296634
8.0,323.0,33.38694353224491
8.0,324.0,33.34777353877347
8.0,325.0,33.31209910070935
8.0,326.0,33.280056634715294
8.0,327.0,33.251530513032655
8.0,328.0,33.226258727688176
8.0,329.0,33.20391230448966
8.0,330.0,33.184147021427044
8.0,331.0,33.166633168726186
8.0,332.0,33.15107027375634
8.0,333.0,33.13719253665846
8.0,334.0,33.12476901891501
8.0,335.0,33.1136011783793
8.0,336.0,33.10351928531
8.0,337.0,33.09437857811487
8.0,338.0,33.08605559146382
8.0,339.0,33.07844485500962
8.0,340.0,33.07145602156184
8.0,341.0,33.06501142127276
8.0,342.0,33.059044001907886
8.0,343.0,33.05349560790214
8.0,344.0,33.04831554658923
8.0,345.0,33.04345939581858
8.0,346.0,33.03888801175295
8.0,347.0,33.03456670157093
8.0,348.0,33.030464532756106
8.0,349.0,33.02655375314918
8.0,350.0,33.02280930408443
8.0,351.0,33.019208407305086
8.0,352.0,33.01573021597528
8.0,353.0,33.012355514375656
8.0,354.0,33.009066462560966
8.0,355.0,33.005846372512444
8.0,356.0,33.00267951664958
8.0,357.0,32.9995509558156
8.0,358.0,32.99644639131811
8.0,359.0,32.99335202777105
8.0,360.0,32.9902544545132
8.0,361.0,32.987140531305926
8.0,362.0,32.98399728898265
8.0,363.0,32.980811829209614
8.0,364.0,32.97757123677634
8.0,365.0,32.974262486641216
8.0,366.0,32.97087236183683
8.0,367.0,32.967387362199666
8.0,368.0,32.963793622711044
8.0,369.0,32.9600768188612
8.0,370.0,32.95622208053127
8.0,371.0,32.95221388897458
8.0,372.0,32.948035981135405
8.0,373.0,32.94367123277447
8.0,374.0,32.9391015474117
8.0,375.0,32.9343077191401
8.0,376.0,32.929269299097534
8.0,377.0,32.92396442989143
8.0,378.0,32.91836968049499
8.0,379.0,32.91245984174096
8.0,380.0,32.9062077175403
8.0,381.0,32.89958386726835
8.0,382.0,32.89255633680685
8.0,383.0,32.88509032832736
8.0,384.0,32.877147848221924
8.0,385.0,32.868687276991515
8.0,386.0,32.85966290166955
8.0,387.0,32.85002434701832
8.0,388.0,32.839715946031106
8.0,389.0,32.82867597651909
8.0,390.0,32.81683580232359
8.0,391.0,32.80411883367501
8.0,392.0,32.79043934016563
8.0,393.0,32.77570101439823
8.0,394.0,32.75979530989648
8.0,395.0,32.74259942857907
8.0,396.0,32.72397396417644
8.0,397.0,32.7037600448941
8.0,398.0,32.68177595387508
8.0,399.0,32.65781302610997
8.0,400.0,32.63163075887329
8.0,401.0,32.60295087546623
8.0,402.0,32.57145022620153
8.0,403.0,32.53675220269337
8.0,404.0,32.49841650824974
8.0,405.0,32.45592694211611
8.0,406.0,32.40867710928581
8.0,407.0,32.355953922574436
8.0,408.0,32.296919312640156
8.0,409.0,32.2305910111025
8.0,410.0,32.155824701236405
8.0,411.0,32.07130169416323
8.0,412.0,31.975529943794534
8.0,413.0,31.8668712233385
8.0,414.0,31.7436148239837
8.0,415.0,31.604126351504796
8.0,416.0,31.44710639493073
8.0,417.0,31.271987591471614
8.0,418.0,31.079463027194524
8.0,419.0,30.872049274941826
8.0,420.0,30.654438416227574
8.0,421.0,30.43325684018872
8.0,422.0,30.2159537858542
8.0,423.0,30.00915668712279
8.0,424.0,29.81755972045156
8.0,425.0,29.64368260780438
8.0,426.0,29.488222654867418
8.0,427.0,29.35061779709611
8.0,428.0,29.229575027794734
8.0,429.0,29.12346747557508
8.0,430.0,29.0305931118277
8.0,431.0,28.94932356468014
8.0,432.0,28.87817786833709
8.0,433.0,28.81584966233544
8.0,434.0,28.76120826960637
8.0,435.0,28.713286401561465
8.0,436.0,28.671262385150193
8.0,437.0,28.634440981969238
8.0,438.0,28.602235188875948
8.0,439.0,28.57414978432759
8.0,440.0,28.54976714423575
8.0,441.0,28.528735080197585
8.0,442.0,28.510756732887536
8.0,443.0,28.495582051827448
8.0,444.0,28.48300083817223
8.0,445.0,28.472836887585103
8.0,446.0,28.4649432635404
8.0,447.0,28.45919828965396
8.0,448.0,28.45550235685958
8.0,449.0,28.45377518100477
8.0,450.0,28.453953660256747
8.0,451.0,28.455990000980563
8.0,452.0,28.459850301154855
8.0,453.0,28.46551328078187
8.0,454.0,28.47296937715487
8.0,455.0,28.48221990639892
8.0,456.0,28.493276530360042
8.0,457.0,28.50616073636591
8.0,458.0,28.520903585081044
8.0,459.0,28.53754543638768
8.0,460.0,28.556135921340214
8.0,461.0,28.57673387030032
8.0,462.0,28.599407475964647
8.0,463.0,28.624234400328863
8.0,464.0,28.651302113582485
8.0,465.0,28.68070817236624
8.0,466.0,28.712560733833158
8.0,467.0,28.74697901129767
8.0,468.0,28.784093975941374
8.0,469.0,28.824049009103003
8.0,470.0,28.86700081759415
8.0,471.0,28.913120316110223
8.0,472.0,28.962593797474128
8.0,473.0,29.01562409557362
8.0,474.0,29.072432070802737
8.0,475.0,29.13325812547039
8.0,476.0,29.198364089440453
8.0,477.0,29.268035188636183
8.0,478.0,29.34258244936377
8.0,479.0,29.42234525989883
8.0,480.0,29.50769445847187
8.0,481.0,29.599035683122
8.0,482.0,29.696813374105627
8.0,483.0,29.80151518592279
8.0,484.0,29.913677229425172
8.0,485.0,30.03388993380482
8.0,486.0,30.16280499132079
8.0,487.0,30.30114322393598
8.0,488.0,30.449703896523758
8.0,489.0,30.60937539032659
8.0,490.0,30.781147853087443
8.0,491.0,30.966127852351992
8.0,492.0,31.165555786403406
8.0,493.0,31.380826250683835
8.0,494.0,31.613512323327836
8.0,495.0,31.865394227828023
8.0,496.0,32.138493652971015
8.0,497.0,32.43511457938267
8.0,498.0,32.757892364084555
8.0,499.0,33.109852504146474
8.0,500.0,33.494481500423376
8.0,501.0,33.91581201708534
8.0,502.0,34.3785255973019
8.0,503.0,34.88807597350221
8.0,504.0,35.45083690078079
8.0,505.0,36.07427773909941
8.0,506.0,36.767169797895924
8.0,507.0,37.53982358180639
8.0,508.0,38.40435277300368
8.0,509.0,39.374950631509435
8.0,510.0,40.468147674833546
8.0,511.0,41.70298882138641
8.0,512.0,43.101019470506614
8.0,513.0,44.68589384678515
8.0,514.0,46.48231448276585
8.0,515.0,48.513889241845
8.0,516.0,50.799407285075475
8.0,517.0,53.347121041280964
8.0,518.0,56.14713808863901
8.0,519.0,59.163313128339475
8.0,520.0,62.32817978060315
8.0,521.0,65.54642361829113
8.0,522.0,68.71088813448549
8.0,523.0,71.7262575370502
8.0,524.0,74.52506270870317
8.0,525.0,77.07115423626173
8.0,526.0,79.35463418405399
8.0,527.0,81.38374805867763
8.0,528.0,83.1772766526315
8.0,529.0,84.75881800064522
8.0,530.0,86.1530632927696
8.0,531.0,87.38365387807085
8.0,532.0,88.47212067725182
8.0,533.0,89.43749250161093
8.0,534.0,90.29628204581786
8.0,535.0,91.06266299883586
8.0,536.0,91.74872761809831
8.0,537.0,92.36476308898548
8.0,538.0,92.91951538218521
8.0,539.0,93.42042644871728
8.0,540.0,93.8738404184336
8.0,541.0,94.285179119794
8.0,542.0,94.65908974404496
8.0,543.0,94.99956807904256
8.0,544.0,95.3100610301557
8.0,545.0,95.59355168656047
8.0,546.0,95.85262996165768
8.0,547.0,96.08955124328664
8.0,548.0,96.30628522276264
8.0,549.0,96.50455658361072
8.0,550.0,96.68587902927813
8.0,551.0,96.85158377849098
8.0,552.0,97.0028435162917
8.0,553.0,97.1406925573261
8.0,554.0,97.26604387309426
8.0,555.0,97.37970349843373
8.0,556.0,97.4823827401421
8.0,557.0,97.57470855011123
8.0,558.0,97.6572323283452
8.0,559.0,97.7304374234132
8.0,560.0,97.79474548457526
8.0,561.0,97.85052187607802
8.0,562.0,97.89808022675588
8.0,563.0,97.93768629288533
8.0,564.0,97.96956114573594
8.0,565.0,97.993883845096
8.0,566.0,98.01079356103504
8.0,567.0,98.0203912987338
8.0,568.0,98.02274114742326
8.0,569.0,98.01787120823802
8.0,570.0,98.00577408568
8.0,571.0,97.9864071012248
8.0,572.0,97.95969208007921
8.0,573.0,97.92551487508786
8.0,574.0,97.88372444601605
8.0,575.0,97.8341316637014
8.0,576.0,97.7765076238399
8.0,577.0,97.7105816437409
8.0,578.0,97.6360386909829
8.0,579.0,97.55251641757032
8.0,580.0,97.45960150823272
8.0,581.0,97.3568255106702
8.0,582.0,97.24365980879557
8.0,583.0,97.11950989143845
8.0,584.0,96.98370851854139
8.0,585.0,96.83550790731404
8.0,586.0,96.67407046371943
8.0,587.0,96.49845812935713
8.0,588.0,96.30761976531603
8.0,589.0,96.10037655636786
8.0,590.0,95.875404711426
8.0,591.0,95.63121530430159
8.0,592.0,95.36613032048331
8.0,593.0,95.07825453383607
8.0,594.0,94.76544196967279
8.0,595.0,94.42525623507822
8.0,596.0,94.05492301426612
8.0,597.0,93.65127348511099
8.0,598.0,93.21067628072132
8.0,599.0,92.72895597727063
8.0,600.0,92.20129478228243
8.0,601.0,91.62211434826597
8.0,602.0,90.9849332001082
8.0,603.0,90.28219555059016
8.0,604.0,89.50506604407222
8.0,605.0,88.6431859629186
8.0,606.0,87.68438668689967
8.0,607.0,86.61436024812375
8.0,608.0,85.41629272047106
8.0,609.0,84.07048038658839
8.0,610.0,82.55397186438869
8.0,611.0,80.84032212517907
8.0,612.0,78.899611825807
8.0,613.0,76.69899132051054
8.0,614.0,74.20415358486603
8.0,615.0,71.3823106139498
8.0,616.0,68.20736565857302
8.0,617.0,64.66785497024424
8.0,618.0,60.77751458494207
8.0,619.0,56.58654150339571
8.0,620.0,52.18863280056115
8.0,621.0,47.716161996123205
8.0,622.0,43.31794846563489
8.0,623.0,39.12636469403354
8.0,624.0,35.23510568117824
8.0,625.0,31.69436530886373
8.0,626.0,28.51787543342995
8.0,627.0,25.69416705893472
8.0,628.0,23.19713709261037
8.0,629.0,20.99399007883232
8.0,630.0,19.050410395273655
8.0,631.0,17.333538635778083
8.0,632.0,15.813444482009148
8.0,633.0,14.463670695152551
8.0,634.0,13.261252382938336
8.0,635.0,12.18647099202566
8.0,636.0,11.222496355771149
8.0,637.0,10.355002828954003
8.0,638.0,9.571802583889468
8.0,639.0,8.862516125407627
8.0,640.0,8.218285641128682
8.0,641.0,7.631531158828797
8.0,642.0,7.095745163693781
8.0,643.0,6.605321353931796
8.0,644.0,6.155411922592216
8.0,645.0,5.741809298330287
8.0,646.0,5.360847666725952
8.0,647.0,5.009321369684388
8.0,648.0,4.684416675886665
8.0,649.0,4.383655090159298
8.0,650.0,4.104845630149833
8.0,651.0,3.8460450268594983
8.0,652.0,3.6055239372681527
8.0,653.0,3.3817386638015656
8.0,654.0,3.173306913672798
8.0,655.0,2.97898744899428
8.0,656.0,2.797662456276174
8.0,657.0,2.628322719103012
8.0,658.0,2.470054619293681
8.0,659.0,2.32202920201336
8.0,660.0,2.1834924624446934
8.0,661.0,2.0537571880361902
8.0,662.0,1.9321956045212483
8.0,663.0,1.8182332234259229
8.0,664.0,1.7113432027809623
8.0,665.0,1.6110416593977825
8.0,666.0,1.516883290315972
8.0,667.0,1.4284577669763208
8.0,668.0,1.3453862940803594
8.0,669.0,1.2673188113799343
8.0,670.0,1.1939312571307452
8.0,671.0,1.124923378876084
8.0,672.0,1.060016532080268
8.0,673.0,0.9989519545781401
8.0,674.0,0.9414889758720644
8.0,675.0,0.8874036478573444
8.0,676.0,0.8364872723883822
8.0,677.0,0.7885453081709612
8.0,678.0,0.7433961474107399
8.0,679.0,0.7008702385690114
8.0,680.0,0.660809059830167
8.0,681.0,0.6230644119274739
8.0,682.0,0.5874975486160957
8.0,683.0,0.5539786044976474
8.0,684.0,0.5223858519210217
8.0,685.0,0.4926052367229918
8.0,686.0,0.464529737884892
8.0,687.0,0.43805899010515365
8.0,688.0,0.41309872774286877
8.0,689.0,0.3895604776765937
8.0,690.0,0.3673610730145158
8.0,691.0,0.34642240315268624
8.0,692.0,0.3266709857494745
8.0,693.0,0.3080377635511965
8.0,694.0,0.2904577254510278
8.0,695.0,0.27386974170190725
8.0,696.0,0.2582162266794101
8.0,697.0,0.24344300569867772
8.0,698.0,0.22949901350401672
8.0,699.0,0.21633618715784317
8.0,700.0,0.20390919538133626
8.0,701.0,0.19217535297045893
8.0,702.0,0.18109437698234174
8.0,703.0,0.17062831891739194
8.0,704.0,0.1607413444381658
8.0,705.0,0.15139968018338987
8.0,706.0,0.14257141425990547
8.0,707.0,0.13422645505892847
8.0,708.0,0.12633635020759817
8.0,709.0,0.11887425516651651
8.0,710.0,0.11181476868869182
8.0,711.0,0.10513390931061586
8.0,712.0,0.09880896566074862
8.0,713.0,0.09281847922971304
8.0,714.0,0.08714210811162466
8.0,715.0,0.08176061466446544
8.0,716.0,0.07665574146613145
8.0,717.0,0.07181020266304428
8.0,718.0,0.0672075710870248
8.0,719.0,0.06283227224600726
8.0,720.0,0.058669481684191685
8.0,721.0,0.05470512069905737
8.0,722.0,0.05092576314075488
8.0,723.0,0.047318632048964845
8.0,724.0,0.043871515182143106
8.0,725.0,0.04057276185968517
8.0,726.0,0.03741120659057747
8.0,727.0,0.03437616548361842
8.0,728.0,0.031457367410743134
8.0,729.0,0.028644949412950524
8.0,730.0,0.025929394888030855
8.0,731.0,0.02330152747412977
8.0,732.0,0.020752455796380676
8.0,733.0,0.018273565355110207
8.0,734.0,0.015856469402195487
8.0,735.0,0.013492998397897393
8.0,736.0,0.011175156616594014
8.0,737.0,0.008895108765993313
8.0,738.0,0.006645141943986938
8.0,739.0,0.004417649037218261
8.0,740.0,0.0022050956667193614
8.0,741.0,0.0
9.0,0.0,0.0
9.0,1.0,0.0008740988649991873
9.0,2.0,0.0017511541308050734
9.0,3.0,0.002634132617612009
9.0,4.0,0.0035260202642633256
9.0,5.0,0.004429834405337534
9.0,6.0,0.005348630888775147
9.0,7.0,0.006285518349418448
9.0,8.0,0.007243663886533893
9.0,9.0,0.008226309475875777
9.0,10.0,0.009236776353854356
9.0,11.0,0.010278483715719603
9.0,12.0,0.011354951960639388
9.0,13.0,0.012469823831465304
9.0,14.0,0.013626866684959806
9.0,15.0,0.014829996238998378
9.0,16.0,0.016083278044846265
9.0,17.0,0.01739095402082223
9.0,18.0,0.01875744331917192
9.0,19.0,0.020187371841497062
9.0,20.0,0.021685572711785086
9.0,21.0,0.023257118988715617
9.0,22.0,0.02490732397926732
9.0,23.0,0.02664177738688577
9.0,24.0,0.028466345727406705
9.0,25.0,0.030387212180679742
9.0,26.0,0.03241087740308569
9.0,27.0,0.034544203384408514
9.0,28.0,0.03679441498994174
9.0,29.0,0.039169148165255914
9.0,30.0,0.04167645258699198
9.0,31.0,0.044324844607032995
9.0,32.0,0.04712331144609335
9.0,33.0,0.05008136932737947
9.0,34.0,0.05320906971293106
9.0,35.0,0.05651706314731564
9.0,36.0,0.060016608115813073
9.0,37.0,0.06371964120379912
9.0,38.0,0.06763878925141743
9.0,39.0,0.07178744653760923
9.0,40.0,0.0761797910219032
9.0,41.0,0.08083086938809465
9.0,42.0,0.0857566183053767
9.0,43.0,0.09097395832134365
9.0,44.0,0.09650082124858064
9.0,45.0,0.10235625408759447
9.0,46.0,0.1085604538598785
9.0,47.0,0.1151348829785041
9.0,48.0,0.12210231311595757
9.0,49.0,0.12948695373648228
9.0,50.0,0.13731450692157438
9.0,51.0,0.14561231115089168
9.0,52.0,0.15440940942989353
9.0,53.0,0.1637367108779016
9.0,54.0,0.1736270750370989
9.0,55.0,0.1841154944272863
9.0,56.0,0.19523919859815078
9.0,57.0,0.2070378615807195
9.0,58.0,0.21955373012216733
9.0,59.0,0.2328318609581408
9.0,60.0,0.24692027880440645
9.0,61.0,0.2618702496654472
9.0,62.0,0.27773647563547993
9.0,63.0,0.29457741214692523
9.0,64.0,0.31245550857162646
9.0,65.0,0.3314375795349603
9.0,66.0,0.35159510286732987
9.0,67.0,0.37300465805507366
9.0,68.0,0.395748296495533
9.0,69.0,0.4199140640879386
9.0,70.0,0.44559646330426084
9.0,71.0,0.472897082211491
9.0,72.0,0.5019251740241547
9.0,73.0,0.5327984220166451
9.0,74.0,0.565643670595433
9.0,75.0,0.6005978653520665
9.0,76.0,0.6378089811771573
9.0,77.0,0.6774371901939404
9.0,78.0,0.7196560483224056
9.0,79.0,0.7646539625752943
9.0,80.0,0.812635719647618
9.0,81.0,0.8638243503241074
9.0,82.0,0.9184631148704768
9.0,83.0,0.976817899435091
9.0,84.0,1.0391798173130637
9.0,85.0,1.105868325160671
9.0,86.0,1.1772346625940386
9.0,87.0,1.2536659520705742
9.0,88.0,1.3355897906343253
9.0,89.0,1.423479707196872
9.0,90.0,1.5178613525245364
9.0,91.0,1.619319846952381
9.0,92.0,1.7285082064813808
9.0,93.0,1.846157344512898
9.0,94.0,1.9730876483901054
9.0,95.0,2.110222728814157
9.0,96.0,2.2586054525571795
9.0,97.0,2.4194169924848534
9.0,98.0,2.5939991525474833
9.0,99.0,2.783880868867507
9.0,100.0,2.990809309910786
9.0,101.0,3.2167866318339047
9.0,102.0,3.4641129074827375
9.0,103.0,3.735436263752147
9.0,104.0,4.03381047968046
9.0,105.0,4.362760381244194
9.0,106.0,4.726353820242292
9.0,107.0,5.129277832561073
9.0,108.0,5.5769129347876945
9.0,109.0,6.075395050476737
9.0,110.0,6.63164596444904
9.0,111.0,7.253341675493607
9.0,112.0,7.948770220012508
9.0,113.0,8.726508919926331
9.0,114.0,9.594826457182265
9.0,115.0,10.560700252515748
9.0,116.0,11.628354723253802
9.0,117.0,12.797313736918085
9.0,118.0,14.060171385372145
9.0,119.0,15.400651065814811
9.0,120.0,16.792953728929838
9.0,121.0,18.20355021424092
9.0,122.0,19.595848037523872
9.0,123.0,20.936318021857456
9.0,124.0,22.199161084983363
9.0,125.0,23.368100574532885
9.0,126.0,24.435730516018893
9.0,127.0,25.401574693570826
9.0,128.0,26.269857423815203
9.0,129.0,27.047556009087113
9.0,130.0,27.7429389948516
9.0,131.0,28.364583547935464
9.0,132.0,28.9207775305296
9.0,133.0,29.419196747419367
9.0,134.0,29.86676276898829
9.0,135.0,30.26961128309048
9.0,136.0,30.633122548558234
9.0,137.0,30.96198332047272
9.0,138.0,31.26026114581811
9.0,139.0,31.53148052056936
9.0,140.0,31.778694867426616
9.0,141.0,32.00455192923305
9.0,142.0,32.21135136570196
9.0,143.0,32.401094889176974
9.0,144.0,32.57552919201283
9.0,145.0,32.7361827000724
9.0,146.0,32.88439667099014
9.0,147.0,33.02135169312359
9.0,148.0,33.14809000829881
9.0,149.0,33.26553455936769
9.0,150.0,33.37450502027947
9.0,151.0,33.475731542648845
9.0,152.0,33.5698663291891
9.0,153.0,33.657493632148594
9.0,154.0,33.739138175746355
9.0,155.0,33.81527250005411
9.0,156.0,33.88632314666164
9.0,157.0,33.952676111486106
9.0,158.0,34.01468143140281
9.0,159.0,34.072657278881344
9.0,160.0,34.126893395511544
9.0,161.0,34.17765420202822
9.0,162.0,34.22518139233608
9.0,163.0,34.269696322558694
9.0,164.0,34.31140198775979
9.0,165.0,34.35048487755317
9.0,166.0,34.38711649425329
9.0,167.0,34.4214548095634
9.0,168.0,34.45364543849552
9.0,169.0,34.483822794408304
9.0,170.0,34.512111001704675
9.0,171.0,34.53862482007272
9.0,172.0,34.56347035662592
9.0,173.0,34.58674581125405
9.0,174.0,34.60854203274481
9.0,175.0,34.628943123382626
9.0,176.0,34.64802687177776
9.0,177.0,34.665865244674045
9.0,178.0,34.6825247203845
9.0,179.0,34.698066688066596
9.0,180.0,34.71254769887565
9.0,181.0,34.726019786927935
9.0,182.0,34.738530649831695
9.0,183.0,34.75012390056568
9.0,184.0,34.76083918437831
9.0,185.0,34.77071236635122
9.0,186.0,34.779775587285926
9.0,187.0,34.78805738732776
9.0,188.0,34.79558269890995
9.0,189.0,34.802372901985905
9.0,190.0,34.80844574684197
9.0,191.0,34.813815330643486
9.0,192.0,34.81849193631225
9.0,193.0,34.82248191251026
9.0,194.0,34.82578740600052
9.0,195.0,34.828406116991445
9.0,196.0,34.83033089053295
9.0,197.0,34.83154930542172
9.0,198.0,34.83204307449493
9.0,199.0,34.8317874077524
9.0,200.0,34.83075015250751
9.0,201.0,34.82889085235949
9.0,202.0,34.82615954151849
9.0,203.0,34.82249541169143
9.0,204.0,34.81782518072589
9.0,205.0,34.81206131501636
9.0,206.0,34.80509998178293
9.0,207.0,34.796818956395924
9.0,208.0,34.78707550385137
9.0,209.0,34.77570468601381
9.0,210.0,34.762518491906725
9.0,211.0,34.74730681249208
9.0,212.0,34.729841500084376
9.0,213.0,34.709885655028756
9.0,214.0,34.68721070388245
9.0,215.0,34.661624534641504
9.0,216.0,34.63301325322583
9.0,217.0,34.60139688359479
9.0,218.0,34.566993050557315
9.0,219.0,34.530272486525774
9.0,220.0,34.491977642197796
9.0,221.0,34.4530715252346
9.0,222.0,34.41460435152322
9.0,223.0,34.37753854346931
9.0,224.0,34.342615380351276
9.0,225.0,34.310303830533265
9.0,226.0,34.28081915938667
9.0,227.0,34.25417842304424
9.0,228.0,34.23026414648778
9.0,229.0,34.208880003989826
9.0,230.0,34.18979256872766
9.0,231.0,34.17275942144683
9.0,232.0,34.157546219354565
9.0,233.0,34.14393594904838
9.0,234.0,34.131732973866896
9.0,235.0,34.120763967345304
9.0,236.0,34.11087702820843
9.0,237.0,34.10193993822277
9.0,238.0,34.0938380245661
9.0,239.0,34.08647200908241
9.0,240.0,34.07975593693722
9.0,241.0,34.073615331521104
9.0,242.0,34.06798553408493
9.0,243.0,34.062810292765704
9.0,244.0,34.058040521459525
9.0,245.0,34.053633269446436
9.0,246.0,34.049550818356174
9.0,247.0,34.04575994307317
9.0,248.0,34.042231259538056
9.0,249.0,34.0389386968718
9.0,250.0,34.035859025046484
9.0,251.0,34.032971476800135
9.0,252.0,34.03025740267217
9.0,253.0,34.027699998333965
9.0,254.0,34.02528404961735
9.0,255.0,34.022995733985496
9.0,256.0,34.020822429341635
9.0,257.0,34.01875256776895
9.0,258.0,34.01677548977634
9.0,259.0,34.01488133499105
9.0,260.0,34.01306092894153
9.0,261.0,34.011305699897314
9.0,262.0,34.00960758902314
9.0,263.0,34.00795898564863
9.0,264.0,34.00635265417962
9.0,265.0,34.004781682185936
9.0,266.0,34.003239419191694
9.0,267.0,34.00171943339508
9.0,268.0,34.00021545862543
9.0,269.0,33.99872135645515
9.0,270.0,33.997231068370475
9.0,271.0,33.99573858063299
9.0,272.0,33.99423787916694
9.0,273.0,33.99272291485601
9.0,274.0,33.9911875588635
9.0,275.0,33.989625566153826
9.0,276.0,33.98803052896026
9.0,277.0,33.98639583621329
9.0,278.0,33.98471462265494
9.0,279.0,33.982979721523535
9.0,280.0,33.98118360635478
9.0,281.0,33.979318333671934
9.0,282.0,33.97737547375159
9.0,283.0,33.975346039117795
9.0,284.0,33.97322039938136
9.0,285.0,33.97098818990701
9.0,286.0,33.96863820409593
9.0,287.0,33.966158274484584
9.0,288.0,33.96353513328494
9.0,289.0,33.96075425508112
9.0,290.0,33.95779967270351
9.0,291.0,33.95465376617372
9.0,292.0,33.95129701554109
9.0,293.0,33.94770771416622
9.0,294.0,33.94386163227368
9.0,295.0,33.93973162325472
9.0,296.0,33.93528716052544
9.0,297.0,33.93049379242357
9.0,298.0,33.92531249982233
9.0,299.0,33.91969893813569
9.0,300.0,33.91360254466923
9.0,301.0,33.90696548760827
9.0,302.0,33.89972143578836
9.0,303.0,33.891794125274785
9.0,304.0,33.883095710338104
9.0,305.0,33.873524894019944
9.0,306.0,33.862964868491524
9.0,307.0,33.85128113798722
9.0,308.0,33.83831939314878
9.0,309.0,33.823903740468396
9.0,310.0,33.80783582942315
9.0,311.0,33.7898957553168
9.0,312.0,33.76984611881866
9.0,313.0,33.74744124594221
9.0,314.0,33.7224442690356
9.0,315.0,33.69465520001022
9.0,316.0,33.663952691803644
9.0,317.0,33.63034968073304
9.0,318.0,33.59405707600381
9.0,319.0,33.55553921253158
9.0,320.0,33.51553246965045
9.0,321.0,33.4749940593338
9.0,322.0,33.43496868646465
9.0,323.0,33.39641349983003
9.0,324.0,33.360064752157726
9.0,325.0,33.32638658790881
9.0,326.0,33.295589661280545
9.0,327.0,33.26768658816526
9.0,328.0,33.24255563446878
9.0,329.0,33.21999635715221
9.0,330.0,33.19977136399747
9.0,331.0,33.18163438505482
9.0,332.0,33.16534735139656
9.0,333.0,33.15068961281644
9.0,334.0,33.13746199454919
9.0,335.0,33.12548769729701
9.0,336.0,33.114611420907636
9.0,337.0,33.104697590417274
9.0,338.0,33.09562822623328
9.0,339.0,33.087300763021986
9.0,340.0,33.079625985116834
9.0,341.0,33.07252615231711
9.0,342.0,33.065933345022614
9.0,343.0,33.05978802523108
9.0,344.0,33.054037799453916
9.0,345.0,33.048636361191924
9.0,346.0,33.04354259026773
9.0,347.0,33.038719787246116
9.0,348.0,33.034135021683994
9.0,349.0,33.029758578193956
9.0,350.0,33.025563482371666
9.0,351.0,33.02152509679911
9.0,352.0,33.017620771829165
9.0,353.0,33.01382954683154
9.0,354.0,33.010131888091365
9.0,355.0,33.00650946363893
9.0,356.0,33.00294494160435
9.0,357.0,32.99942181629433
9.0,358.0,32.99592424811922
9.0,359.0,32.99243692502722
9.0,360.0,32.98894493043728
9.0,361.0,32.985433628510435
9.0,362.0,32.98188855009099
9.0,363.0,32.97829529319489
9.0,364.0,32.97463941929535
9.0,365.0,32.97090636226557
9.0,366.0,32.96708132879153
9.0,367.0,32.9631492101005
9.0,368.0,32.959094481064014
9.0,369.0,32.95490110954562
9.0,370.0,32.950552448998785
9.0,371.0,32.946031140265035
9.0,372.0,32.941318992227394
9.0,373.0,32.93639687040481
9.0,374.0,32.931244559481726
9.0,375.0,32.92584063203436
9.0,376.0,32.920162285446835
9.0,377.0,32.91418518246145
9.0,378.0,32.90788325296429
9.0,379.0,32.90122849558263
9.0,380.0,32.89419073183548
9.0,381.0,32.88673735440421
9.0,382.0,32.87883301682025
9.0,383.0,32.870439308847054
9.0,384.0,32.86151435865096
9.0,385.0,32.85201240825978
9.0,386.0,32.84188329618524
9.0,387.0,32.831071895130094
9.0,388.0,32.81951743004187
9.0,389.0,32.80715272459798
9.0,390.0,32.79390329082181
9.0,391.0,32.77968630816167
9.0,392.0,32.76440939344431
9.0,393.0,32.7479692034633
9.0,394.0,32.73024975458363
9.0,395.0,32.711120492632276
9.0,396.0,32.69043397558369
9.0,397.0,32.66802318896283
9.0,398.0,32.64369832929964
9.0,399.0,32.61724305791688
9.0,400.0,32.58841003046718
9.0,401.0,32.55691568875265
9.0,402.0,32.52243410014733
9.0,403.0,32.484589840752015
9.0,404.0,32.44294973901183
9.0,405.0,32.39701358243615
9.0,406.0,32.3462038066852
9.0,407.0,32.28985466802013
9.0,408.0,32.2272016012668
9.0,409.0,32.15737242897148
9.0,410.0,32.07938298267585
9.0,411.0,31.992141683508372
9.0,412.0,31.89446982527769
9.0,413.0,31.78514774549604
9.0,414.0,31.663000215996362
9.0,415.0,31.527036885289654
9.0,416.0,31.37666107231853
9.0,417.0,31.211948059896308
9.0,418.0,31.03396353002199
9.0,419.0,30.845040915537876
9.0,420.0,30.648874483392916
9.0,421.0,30.450263369642187
9.0,422.0,30.25444487315858
9.0,423.0,30.066219311385524
9.0,424.0,29.889283316286356
9.0,425.0,29.725973881589432
9.0,426.0,29.577361452839167
9.0,427.0,29.443527303681492
9.0,428.0,29.32388198274249
9.0,429.0,29.217443644354958
9.0,430.0,29.123046859034986
9.0,431.0,29.039483106213282
9.0,432.0,28.9655861872865
9.0,433.0,28.900278460690622
9.0,434.0,28.842591153876025
9.0,435.0,28.79166902239618
9.0,436.0,28.746766007454397
9.0,437.0,28.70723653898265
9.0,438.0,28.672524938446067
9.0,439.0,28.64215470186114
9.0,440.0,28.615718243745064
9.0,441.0,28.59286773255282
9.0,442.0,28.573306900956652
9.0,443.0,28.556784077712322
9.0,444.0,28.543086107708103
9.0,445.0,28.532033314749192
9.0,446.0,28.523475128322406
9.0,447.0,28.517286533369592
9.0,448.0,28.513364970784856
9.0,449.0,28.51162787722069
9.0,450.0,28.512010508561414
9.0,451.0,28.51446426681815
9.0,452.0,28.518955189091773
9.0,453.0,28.525462844942727
9.0,454.0,28.53397931022829
9.0,455.0,28.544508485175434
9.0,456.0,28.557065429797554
9.0,457.0,28.571676001633815
9.0,458.0,28.588376470752824
9.0,459.0,28.607213411099828
9.0,460.0,28.628243542827978
9.0,461.0,28.651533836604592
9.0,462.0,28.67716155295099
9.0,463.0,28.70521453802474
9.0,464.0,28.73579144668786
9.0,465.0,28.76900222371148
9.0,466.0,28.804968511613847
9.0,467.0,28.843824324850424
9.0,468.0,28.88571665679272
9.0,469.0,28.93080636785579
9.0,470.0,28.979269019824667
9.0,471.0,29.03129601349717
9.0,472.0,29.087095694390392
9.0,473.0,29.14689479289269
9.0,474.0,29.21093986487416
9.0,475.0,29.27949910940644
9.0,476.0,29.35286423306476
9.0,477.0,29.431352749416167
9.0,478.0,29.515310389675335
9.0,479.0,29.60511402773396
9.0,480.0,29.70117480630955
9.0,481.0,29.803941886072206
9.0,482.0,29.91390652125884
9.0,483.0,30.031606908396963
9.0,484.0,30.15763353695935
9.0,485.0,30.292635522493313
9.0,486.0,30.43732768865509
9.0,487.0,30.59249892627774
9.0,488.0,30.759021651315958
9.0,489.0,30.937862957652197
9.0,490.0,31.13009736781162
9.0,491.0,31.33692187518503
9.0,492.0,31.5596732990316
9.0,493.0,31.799848786209093
9.0,494.0,32.059129650827806
9.0,495.0,32.339409584684525
9.0,496.0,32.64282766716832
9.0,497.0,32.97180747843657
9.0,498.0,33.32910305630182
9.0,499.0,33.71785333545197
9.0,500.0,34.14164615864287
9.0,501.0,34.60459380807188
9.0,502.0,35.11142135233469
9.0,503.0,35.667569703745194
9.0,504.0,36.27931414358255
9.0,505.0,36.953898762940156
9.0,506.0,37.699684572870446
9.0,507.0,38.526306083607814
9.0,508.0,39.444824183864576
9.0,509.0,40.467853438743965
9.0,510.0,41.6096247800639
9.0,511.0,42.885920305575034
9.0,512.0,44.31378084396208
9.0,513.0,45.910841904933555
9.0,514.0,47.694103703370594
9.0,515.0,49.67790965884448
9.0,516.0,51.870939425228975
9.0,517.0,54.27220239530516
9.0,518.0,56.86645190623402
9.0,519.0,59.62019237104889
9.0,520.0,62.48033857238508
9.0,521.0,65.37790262427208
9.0,522.0,68.23759425923154
9.0,523.0,70.99042404754547
9.0,524.0,73.58330368191558
9.0,525.0,75.98273292228785
9.0,526.0,78.17345888217078
9.0,527.0,80.15448312601072
9.0,528.0,81.93447586199042
9.0,529.0,83.52776939499859
9.0,530.0,84.95135113781333
9.0,531.0,86.22284204089898
9.0,532.0,87.35926659166286
9.0,533.0,88.37638867595591
9.0,534.0,89.28841911077292
9.0,535.0,90.10795033498991
9.0,536.0,90.84601905876573
9.0,537.0,91.512233431786
9.0,538.0,92.11492587149925
9.0,539.0,92.66130948986809
9.0,540.0,93.15762614044576
9.0,541.0,93.6092806819615
9.0,542.0,94.0209594262007
9.0,543.0,94.39673299083245
9.0,544.0,94.74014455190743
9.0,545.0,95.05428514053025
9.0,546.0,95.34185753909752
9.0,547.0,95.60523045196221
9.0,548.0,95.84648432271683
9.0,549.0,96.06745014049028
9.0,550.0,96.26974228051704
9.0,551.0,96.45478636387136
9.0,552.0,96.62384289180528
9.0,553.0,96.7780273461651
9.0,554.0,96.9183272953841
9.0,555.0,97.04561697634053
9.0,556.0,97.16066974278543
9.0,557.0,97.26416868819237
9.0,558.0,97.35671573616052
9.0,559.0,97.43883938668573
9.0,560.0,97.51100135032794
9.0,561.0,97.57360216894071
9.0,562.0,97.62698601904032
9.0,563.0,97.6714447271738
9.0,564.0,97.70722117446526
9.0,565.0,97.73451206403865
9.0,566.0,97.75347022099828
9.0,567.0,97.7642063520126
9.0,568.0,97.76679043413816
9.0,569.0,97.76125261904922
9.0,570.0,97.7475838269005
9.0,571.0,97.72573587854474
9.0,572.0,97.69562134744432
9.0,573.0,97.6571129441879
9.0,574.0,97.61004262285685
9.0,575.0,97.55420018642783
9.0,576.0,97.48933158756105
9.0,577.0,97.41513666479297
9.0,578.0,97.3312665150981
9.0,579.0,97.23732020248568
9.0,580.0,97.13284100369026
9.0,581.0,97.01731184486054
9.0,582.0,96.89015012320623
9.0,583.0,96.75070151328393
9.0,584.0,96.5982329338675
9.0,585.0,96.431924208033
9.0,586.0,96.25085855813543
9.0,587.0,96.05401138208066
9.0,588.0,95.84023739429932
9.0,589.0,95.60825546318472
9.0,590.0,95.35663113495887
9.0,591.0,95.08375601945384
9.0,592.0,94.78782388350402
9.0,593.0,94.46680241147965
9.0,594.0,94.11840026312744
9.0,595.0,93.74002809061341
9.0,596.0,93.32875283605958
9.0,597.0,92.8812435734368
9.0,598.0,92.39370780457256
9.0,599.0,91.86181598602508
9.0,600.0,91.28061273347824
9.0,601.0,90.64441202800155
9.0,602.0,89.94667460735592
9.0,603.0,89.17986491812687
9.0,604.0,88.33528658156351
9.0,605.0,87.40289573566999
9.0,606.0,86.37109540153864
9.0,607.0,85.2265180573422
9.0,608.0,83.95381337291415
9.0,609.0,82.53547143299045
9.0,610.0,80.95173572744699
9.0,611.0,79.18069371544404
9.0,612.0,77.19868303933052
9.0,613.0,74.98121380588911
9.0,614.0,72.50467693498233
9.0,615.0,69.74915177139236
9.0,616.0,66.70258247650071
9.0,617.0,63.366342560262375
9.0,618.0,59.761604079449405
9.0,619.0,55.934883226136904
9.0,620.0,51.95990245417804
9.0,621.0,47.93246961926779
9.0,622.0,43.95714427635313
9.0,623.0,40.12973311092899
9.0,624.0,36.523956234498264
9.0,625.0,33.186326311976856
9.0,626.0,30.138010682244637
9.0,627.0,27.380376921177852
9.0,628.0,24.901362029773317
9.0,629.0,22.68103692759635
9.0,630.0,20.69578282977057
9.0,631.0,18.92109880679175
9.0,632.0,17.333310113372814
9.0,633.0,15.910490403574238
9.0,634.0,14.632867919074029
9.0,635.0,13.48291597233878
9.0,636.0,12.44526590446855
9.0,637.0,11.506530211630373
9.0,638.0,10.655090239330963
9.0,639.0,9.880878642550188
9.0,640.0,9.175173702424694
9.0,641.0,8.530412535931292
9.0,642.0,7.940026500989594
9.0,643.0,7.398297995800296
9.0,644.0,6.900237776199754
9.0,645.0,6.441479986490864
9.0,646.0,6.018193274079895
9.0,647.0,5.627005115536584
9.0,648.0,5.264938003875674
9.0,649.0,4.929355060876862
9.0,650.0,4.617914203059931
9.0,651.0,4.328528896243913
9.0,652.0,4.059335054240453
9.0,653.0,3.8086624988601034
9.0,654.0,3.575010860707406
9.0,655.0,3.3570286200138564
9.0,656.0,3.1534953971750226
9.0,657.0,2.9633063928490495
9.0,658.0,2.7854592457716736
9.0,659.0,2.6190423492761696
9.0,660.0,2.463225001837952
9.0,661.0,2.317248532311
9.0,662.0,2.180418846599539
9.0,663.0,2.0520996078371407
9.0,664.0,1.9317065435787857
9.0,665.0,1.8187021443879092
9.0,666.0,1.712591277053964
9.0,667.0,1.6129170162923299
9.0,668.0,1.5192572360450831
9.0,669.0,1.4312212950902174
9.0,670.0,1.348447367626173
9.0,671.0,1.2705997786312306
9.0,672.0,1.1973668982636145
9.0,673.0,1.128458976356258
9.0,674.0,1.0636064705514408
9.0,675.0,1.0025582678530578
9.0,676.0,0.9450803492244874
9.0,677.0,0.8909543140939041
9.0,678.0,0.8399763080630377
9.0,679.0,0.7919557867355413
9.0,680.0,0.7467146507650665
9.0,681.0,0.7040862004828066
9.0,682.0,0.6639144355378821
9.0,683.0,0.6260531630315798
9.0,684.0,0.5903654287259383
9.0,685.0,0.5567227498048007
9.0,686.0,0.5250046519382194
9.0,687.0,0.49509800413685745
9.0,688.0,0.466896641497637
9.0,689.0,0.44030078443895354
9.0,690.0,0.415216731176475
9.0,691.0,0.39155634731348626
9.0,692.0,0.3692368153388297
9.0,693.0,0.34818018338490964
9.0,694.0,0.32831316154678325
9.0,695.0,0.30956672081949554
9.0,696.0,0.29187592798827605
9.0,697.0,0.2751795874718184
9.0,698.0,0.2594201080618385
9.0,699.0,0.24454318174482212
9.0,700.0,0.23049767677436223
9.0,701.0,0.21723534860689978
9.0,702.0,0.20471075474690287
9.0,703.0,0.19288099377700307
9.0,704.0,0.1817056381804782
9.0,705.0,0.17114649812190283
9.0,706.0,0.16116756906620183
9.0,707.0,0.15173481750970255
9.0,708.0,0.14281614071272264
9.0,709.0,0.1343811720211429
9.0,710.0,0.12640125043494804
9.0,711.0,0.11884924351893074
9.0,712.0,0.11169952486193646
9.0,713.0,0.10492781286886212
9.0,714.0,0.09851115443934264
9.0,715.0,0.09242777817482546
9.0,716.0,0.08665708283254121
9.0,717.0,0.08117950368123657
9.0,718.0,0.07597650447543533
9.0,719.0,0.0710304558592926
9.0,720.0,0.0663246297643783
9.0,721.0,0.0618430888992734
9.0,722.0,0.057570682606898314
9.0,723.0,0.05349294659278478
9.0,724.0,0.04959609938967698
9.0,725.0,0.04586695157373361
9.0,726.0,0.042292902078193015
9.0,727.0,0.03886185622714421
9.0,728.0,0.035562221219207345
9.0,729.0,0.032382832375382635
9.0,730.0,0.02931294718013371
9.0,731.0,0.026342179195104877
9.0,732.0,0.023460490100443706
9.0,733.0,0.020658130771394667
9.0,734.0,0.017925630808537513
9.0,735.0,0.015253746310623123
9.0,736.0,0.012633446419724949
9.0,737.0,0.010055867352119212
9.0,738.0,0.007512295513997708
9.0,739.0,0.0049941273734283665
9.0,740.0,0.0024928487249076046
9.0,741.0,0.0
10.0,0.0,0.0
10.0,1.0,0.0009751674004423179
10.0,2.0,0.0019536331222197445
10.0,3.0,0.002938706128703434
10.0,4.0,0.0039337186630363456
10.0,5.0,0.0049420350479193265
10.0,6.0,0.005967066472637726
10.0,7.0,0.007012278106236026
10.0,8.0,0.008081206189905354
10.0,9.0,0.009177463623747219
10.0,10.0,0.010304759525466651
10.0,11.0,0.011466903457956017
10.0,12.0,0.012667827622621013
10.0,13.0,0.01391158990466487
10.0,14.0,0.015202398879435234
10.0,15.0,0.016544615864769872
10.0,16.0,0.01794278293172797
10.0,17.0,0.019401624168953406
10.0,18.0,0.02092607690535733
10.0,19.0,0.022521292410529897
10.0,20.0,0.02419267055677563
10.0,21.0,0.025945860202623666
10.0,22.0,0.02778679754559691
10.0,23.0,0.029721706463419647
10.0,24.0,0.031757140837673135
10.0,25.0,0.033899985160112084
10.0,26.0,0.03615750114173765
10.0,27.0,0.0385373289306306
10.0,28.0,0.041047538361981
10.0,29.0,0.043696631180179794
10.0,30.0,0.0464935973342701
10.0,31.0,0.04944791865216131
10.0,32.0,0.05256963064443313
10.0,33.0,0.05586932814427702
10.0,34.0,0.059358233152644345
10.0,35.0,0.0630482030361953
10.0,36.0,0.0669518050310435
10.0,37.0,0.07108232768554733
10.0,38.0,0.07545386274168762
10.0,39.0,0.08008132062372972
10.0,40.0,0.08498052053983
10.0,41.0,0.09016821095624868
10.0,42.0,0.09566216891258154
10.0,43.0,0.10148122659051956
10.0,44.0,0.10764538102119905
10.0,45.0,0.11417582806551473
10.0,46.0,0.1210950839206223
10.0,47.0,0.1284270280859484
10.0,48.0,0.1361970383597793
10.0,49.0,0.14443204468499074
10.0,50.0,0.15316067968150154
10.0,51.0,0.1624133456662248
10.0,52.0,0.17222238321344055
10.0,53.0,0.18262215414807093
10.0,54.0,0.19364923119078567
10.0,55.0,0.20534250036356735
10.0,56.0,0.2177433754955099
10.0,57.0,0.23089592429619632
10.0,58.0,0.24484711241957374
10.0,59.0,0.2596469585093294
10.0,60.0,0.2753488137061434
10.0,61.0,0.29200955232453285
10.0,62.0,0.30968989422980003
10.0,63.0,0.3284546395684957
10.0,64.0,0.3483730434529563
10.0,65.0,0.369519105474715
10.0,66.0,0.39197200877695404
10.0,67.0,0.4158164781195376
10.0,68.0,0.44114329891308984
10.0,69.0,0.46804976163436857
10.0,70.0,0.49664028104418584
10.0,71.0,0.5270269501309892
10.0,72.0,0.559330285961505
10.0,73.0,0.5936799235587108
10.0,74.0,0.6302155232309363
10.0,75.0,0.6690876445698357
10.0,76.0,0.7104588615041733
10.0,77.0,0.7545048699247433
10.0,78.0,0.8014158722924574
10.0,79.0,0.8513979906652976
10.0,80.0,0.9046750041315252
10.0,81.0,0.9614901642263592
10.0,82.0,1.0221083981428742
10.0,83.0,1.0868186585238513
10.0,84.0,1.1559367467082189
10.0,85.0,1.2298083776874615
10.0,86.0,1.308812835339261
10.0,87.0,1.39336700156921
10.0,88.0,1.483930136154032
10.0,89.0,1.5810092143982148
10.0,90.0,1.6851652366208576
10.0,91.0,1.7970203508865985
10.0,92.0,1.9172662520503785
10.0,93.0,2.0466737464084463
10.0,94.0,2.1861040081568666
10.0,95.0,2.3365214794650475
10.0,96.0,2.4990090162294787
10.0,97.0,2.6747853027720687
10.0,98.0,2.8652252128929416
10.0,99.0,3.071883195065948
10.0,100.0,3.2965203874612623
10.0,101.0,3.541135498445482
10.0,102.0,3.808000007250915
10.0,103.0,4.09969736783944
10.0,104.0,4.419166101652983
10.0,105.0,4.769745273234067
10.0,106.0,5.155220248439406
10.0,107.0,5.579864021750308
10.0,108.0,6.048467021187706
10.0,109.0,6.566343160165005
10.0,110.0,7.1392941840291995
10.0,111.0,7.77350518959122
10.0,112.0,8.47533450281404
10.0,113.0,9.25094992105752
10.0,114.0,10.105757604296887
10.0,115.0,11.043575721977017
10.0,116.0,12.065539496003916
10.0,117.0,13.168803808147256
10.0,118.0,14.345250710481642
10.0,119.0,15.58059441876273
10.0,120.0,16.854425727058434
10.0,121.0,18.141673972710805
10.0,122.0,19.41549988215366
10.0,123.0,20.65083277439735
10.0,124.0,21.827263406775103
10.0,125.0,22.930505939788578
10.0,126.0,23.952442351524347
10.0,127.0,24.89022743079476
10.0,128.0,25.744996287218356
10.0,129.0,26.520566958262943
10.0,130.0,27.222345451725612
10.0,131.0,27.856499392095202
10.0,132.0,28.429386911102146
10.0,133.0,28.947192889328093
10.0,134.0,29.415718833059355
10.0,135.0,29.84027839302424
10.0,136.0,30.225661709922022
10.0,137.0,30.576141465307078
10.0,138.0,30.8955026852997
10.0,139.0,31.187084066729938
10.0,140.0,31.45382373393687
10.0,141.0,31.698304712997768
10.0,142.0,31.922798022831774
10.0,143.0,32.129301877414896
10.0,144.0,32.319576884542414
10.0,145.0,32.49517692438336
10.0,146.0,32.65747626230201
10.0,147.0,32.80769293176372
10.0,148.0,32.94690909285025
10.0,149.0,33.07608844426707
10.0,150.0,33.1960913661714
10.0,151.0,33.30768781708374
10.0,152.0,33.41156858696796
10.0,153.0,33.50835485816486
10.0,154.0,33.59860660052518
10.0,155.0,33.68282968976418
10.0,156.0,33.7614822124027
10.0,157.0,33.8349797982608
10.0,158.0,33.90370039499442
10.0,159.0,33.9679882911294
10.0,160.0,34.028157765067064
10.0,161.0,34.08449614279072
10.0,162.0,34.137266613758264
10.0,163.0,34.18671057205343
10.0,164.0,34.233049810855434
10.0,165.0,34.27648832750909
10.0,166.0,34.31721405049304
10.0,167.0,34.355400239991006
10.0,168.0,34.39120685987521
10.0,169.0,34.42478167024781
10.0,170.0,34.45626132714178
10.0,171.0,34.48577223813436
10.0,172.0,34.51343145084887
10.0,173.0,34.53934732426679
10.0,174.0,34.563620251290935
10.0,175.0,34.586343184781164
10.0,176.0,34.60760222771342
10.0,177.0,34.62747704280332
10.0,178.0,34.64604133495385
10.0,179.0,34.66336316557972
10.0,180.0,34.67950534519763
10.0,181.0,34.69452566746414
10.0,182.0,34.7084772242659
10.0,183.0,34.72140856945272
10.0,184.0,34.733363964112286
10.0,185.0,34.74438347554533
10.0,186.0,34.75450315611843
10.0,187.0,34.763755078770814
10.0,188.0,34.77216744852268
10.0,189.0,34.77976457131607
10.0,190.0,34.786566892503664
10.0,191.0,34.79259089069184
10.0,192.0,34.79784903192176
10.0,193.0,34.802349573982006
10.0,194.0,34.806096418131304
10.0,195.0,34.809088801768596
10.0,196.0,34.811321021283916
10.0,197.0,34.81278198216988
10.0,198.0,34.81345475761902
10.0,199.0,34.813315956749626
10.0,200.0,34.81233507704523
10.0,201.0,34.81047364899634
10.0,202.0,34.807684346036616
10.0,203.0,34.803909883487826
10.0,204.0,34.79908189294128
10.0,205.0,34.79311963541062
10.0,206.0,34.78592879067961
10.0,207.0,34.77740028345654
10.0,208.0,34.7674095206562
10.0,209.0,34.75581622080929
10.0,210.0,34.742465514561076
10.0,211.0,34.72719092829738
10.0,212.0,34.70982046317221
10.0,213.0,34.69018698345546
10.0,214.0,34.668144603788456
10.0,215.0,34.64359229189415
10.0,216.0,34.616505217791754
10.0,217.0,34.586971812599366
10.0,218.0,34.55523075686889
10.0,219.0,34.521696540871105
10.0,220.0,34.486958251406946
10.0,221.0,34.4517377886156
10.0,222.0,34.416807265130885
10.0,223.0,34.382887929222434
10.0,224.0,34.350567560357696
10.0,225.0,34.32025868398905
10.0,226.0,34.29219734754431
10.0,227.0,34.26646867658951
10.0,228.0,34.24304384500243
10.0,229.0,34.221817127389286
10.0,230.0,34.20263722260277
10.0,231.0,34.1853308475536
10.0,232.0,34.16971909095428
10.0,233.0,34.15562778991214
10.0,234.0,34.14289356725549
10.0,235.0,34.13136680010232
10.0,236.0,34.1209126699872
10.0,237.0,34.111410973346345
10.0,238.0,34.10275529915562
10.0,239.0,34.094851831594134
10.0,240.0,34.087618069732066
10.0,241.0,34.08098151176826
10.0,242.0,34.07487844882432
10.0,243.0,34.06925282850383
10.0,244.0,34.06405527220079
10.0,245.0,34.05924217661306
10.0,246.0,34.0547749601553
10.0,247.0,34.05061937876672
10.0,248.0,34.04674496342427
10.0,249.0,34.04312450666002
10.0,250.0,34.03973364723882
10.0,251.0,34.036550485751754
10.0,252.0,34.033555278579364
10.0,253.0,34.030730148811664
10.0,254.0,34.028058859999575
10.0,255.0,34.02552659679115
10.0,256.0,34.023119796491486
10.0,257.0,34.02082598053827
10.0,258.0,34.01863362780066
10.0,259.0,34.01653204313403
10.0,260.0,34.01451126073518
10.0,261.0,34.01256193975171
10.0,262.0,34.010675289174905
10.0,263.0,34.00884298314851
10.0,264.0,34.00705710112449
10.0,265.0,34.00531005739669
10.0,266.0,34.0035945518145
10.0,267.0,34.001903509371715
10.0,268.0,34.00023003785051
10.0,269.0,33.998567374178556
10.0,270.0,33.99690884608832
10.0,271.0,33.99524782251993
10.0,272.0,33.993577676813054
10.0,273.0,33.991891738747036
10.0,274.0,33.990183256985425
10.0,275.0,33.98844535044439
10.0,276.0,33.98667096770818
10.0,277.0,33.984852835314044
10.0,278.0,33.98298341164975
10.0,279.0,33.981054829426434
10.0,280.0,33.979058841132684
10.0,281.0,33.9769867523992
10.0,282.0,33.97482935536685
10.0,283.0,33.97257684876108
10.0,284.0,33.97021875444958
10.0,285.0,33.96774381873565
10.0,286.0,33.96513990580666
10.0,287.0,33.96239387287124
10.0,288.0,33.95949143195084
10.0,289.0,33.95641698881169
10.0,290.0,33.95315346138268
10.0,291.0,33.949682068693086
10.0,292.0,33.94598208980717
10.0,293.0,33.94203058385642
10.0,294.0,33.937802067465576
10.0,295.0,33.933268140228584
10.0,296.0,33.92839705107606
10.0,297.0,33.923153195399
10.0,298.0,33.9174965324189
10.0,299.0,33.91138191227134
10.0,300.0,33.90475830037551
10.0,301.0,33.8975678908304
10.0,302.0,33.88974509970316
10.0,303.0,33.881215441005544
10.0,304.0,33.87189429440559
10.0,305.0,33.861685602334006
10.0,306.0,33.85048056143014
10.0,307.0,33.8381564384309
10.0,308.0,33.82457571729862
10.0,309.0,33.80958592317883
10.0,310.0,33.79302063962611
10.0,311.0,33.774702490768064
10.0,312.0,33.754449143201285
10.0,313.0,33.732083696159606
10.0,314.0,33.70745099714277
10.0,315.0,33.68044124911953
10.0,316.0,33.6510212930701
10.0,317.0,33.619271673423896
10.0,318.0,33.58542356419807
10.0,319.0,33.54988433759689
10.0,320.0,33.51323629268282
10.0,321.0,33.47619488177084
10.0,322.0,33.43952605513044
10.0,323.0,33.4039451946243
10.0,324.0,33.37003445817257
10.0,325.0,33.33820100562648
10.0,326.0,33.308675726722825
10.0,327.0,33.28153880863206
10.0,328.0,33.25675666089037
10.0,329.0,33.23421897923609
10.0,330.0,33.213770026437054
10.0,331.0,33.195232237312275
10.0,332.0,33.17842253210972
10.0,333.0,33.16316270387198
10.0,334.0,33.14928541750907
10.0,335.0,33.13663718848515
10.0,336.0,33.125079396601826
10.0,337.0,33.11448810573699
10.0,338.0,33.104753206851164
10.0,339.0,33.09577722883285
10.0,340.0,33.087474025070115
10.0,341.0,33.079767464587675
10.0,342.0,33.07259019403959
10.0,343.0,33.06588250666827
10.0,344.0,33.05959132891632
10.0,345.0,33.05366932560899
10.0,346.0,33.0480741165508
10.0,347.0,33.042767594019566
10.0,348.0,33.03771533109627
10.0,349.0,33.03288606760609
10.0,350.0,33.028251265966716
10.0,351.0,33.02378472362402
10.0,352.0,33.01946223821846
10.0,353.0,33.01526131239575
10.0,354.0,33.01116089841562
10.0,355.0,33.00714116928944
10.0,356.0,33.003183320398534
10.0,357.0,32.999269387555834
10.0,358.0,32.9953820890125
10.0,359.0,32.99150467604237
10.0,360.0,32.98762080297336
10.0,361.0,32.983714399478224
10.0,362.0,32.979769559261236
10.0,363.0,32.97577042571078
10.0,364.0,32.971701091891816
10.0,365.0,32.96754549283652
10.0,366.0,32.96328731076671
10.0,367.0,32.95890986825999
10.0,368.0,32.95439603331023
10.0,369.0,32.9497281080325
10.0,370.0,32.944887728356484
10.0,371.0,32.93985574288706
10.0,372.0,32.934612101752215
10.0,373.0,32.92913571972721
10.0,374.0,32.92340434800782
10.0,375.0,32.9173944146922
10.0,376.0,32.91108087195093
10.0,377.0,32.90443700534014
10.0,378.0,32.89743424685768
10.0,379.0,32.89004194216103
10.0,380.0,32.8822271171185
10.0,381.0,32.873954188561385
10.0,382.0,32.86518466783632
10.0,383.0,32.855876795841326
10.0,384.0,32.84598516128994
10.0,385.0,32.83546023390079
10.0,386.0,32.82424786692374
10.0,387.0,32.81228869267727
10.0,388.0,32.79951746742641
10.0,389.0,32.78586227990407
10.0,390.0,32.771243680622945
10.0,391.0,32.75557363517378
10.0,392.0,32.73875435796956
10.0,393.0,32.720676916397636
10.0,394.0,32.70121965932385
10.0,395.0,32.68024634440094
10.0,396.0,32.65760401397304
10.0,397.0,32.633120477058625
10.0,398.0,32.60660144330535
10.0,399.0,32.57782715166969
10.0,400.0,32.546548542716394
10.0,401.0,32.51248281619554
10.0,402.0,32.47530845157599
10.0,403.0,32.43465957628243
10.0,404.0,32.39011986226785
10.0,405.0,32.34121599808139
10.0,406.0,32.287411208316854
10.0,407.0,32.22809931820455
10.0,408.0,32.16260055596218
10.0,409.0,32.09016065678845
10.0,410.0,32.009956020500745
10.0,411.0,31.921108606086527
10.0,412.0,31.822716017814507
10.0,413.0,31.713903439835462
10.0,414.0,31.593905296435207
10.0,415.0,31.462183272379985
10.0,416.0,31.318582813608494
10.0,417.0,31.163518439912796
10.0,418.0,30.998158469918607
10.0,419.0,30.824552851388262
10.0,420.0,30.645626905663438
10.0,421.0,30.464972449479465
10.0,422.0,30.286434626920684
10.0,423.0,30.113606570798076
10.0,424.0,29.949416241410834
10.0,425.0,29.795917553343987
10.0,426.0,29.654284140404663
10.0,427.0,29.524937196056406
10.0,428.0,29.407730232807143
10.0,429.0,29.302134410503566
10.0,430.0,29.207395085730337
10.0,431.0,29.122649853763676
10.0,432.0,29.047010272386785
10.0,433.0,28.979613824798793
10.0,434.0,28.919654084887185
10.0,435.0,28.866395647705456
10.0,436.0,28.819179382825507
10.0,437.0,28.777421583034606
10.0,438.0,28.740609880151744
10.0,439.0,28.70829736453505
10.0,440.0,28.68009623722789
10.0,441.0,28.655671348912687
10.0,442.0,28.63473425023124
10.0,443.0,28.617037641019714
10.0,444.0,28.602370567863428
10.0,445.0,28.59055407938601
10.0,446.0,28.581437601559763
10.0,447.0,28.574895683974134
10.0,448.0,28.57082536611282
10.0,449.0,28.569143800653336
10.0,450.0,28.569786395078815
10.0,451.0,28.57270510873572
10.0,452.0,28.57786718544466
10.0,453.0,28.58525396160892
10.0,454.0,28.594860048664746
10.0,455.0,28.606692531667022
10.0,456.0,28.62077049961327
10.0,457.0,28.63712454942361
10.0,458.0,28.655796593770457
10.0,459.0,28.676839613284688
10.0,460.0,28.700317696088547
10.0,461.0,28.726306002740156
10.0,462.0,28.754891010891683
10.0,463.0,28.786170674727785
10.0,464.0,28.820254863829028
10.0,465.0,28.857265713354835
10.0,466.0,28.897338259865087
10.0,467.0,28.94062099172356
10.0,468.0,28.987276697712556
10.0,469.0,29.03748324042344
10.0,470.0,29.091434647296612
10.0,471.0,29.149342144433263
10.0,472.0,29.21143553555924
10.0,473.0,29.27796455117121
10.0,474.0,29.349200580416376
10.0,475.0,29.42543841250588
10.0,476.0,29.50699841157679
10.0,477.0,29.59422875610482
10.0,478.0,29.68750818006457
10.0,479.0,29.787248854684098
10.0,480.0,29.89389986420882
10.0,481.0,30.007950926971592
10.0,482.0,30.129936835781
10.0,483.0,30.26044228784772
10.0,484.0,30.400107605278865
10.0,485.0,30.54963504422701
10.0,486.0,30.709796230024512
10.0,487.0,30.881440456606732
10.0,488.0,31.065504437048073
10.0,489.0,31.26302330061926
10.0,490.0,31.4751434909424
10.0,491.0,31.703137440242386
10.0,492.0,31.94842076610604
10.0,493.0,32.212571973502165
10.0,494.0,32.49735552901297
10.0,495.0,32.80474842813832
10.0,496.0,33.13697126909343
10.0,497.0,33.496524110715775
10.0,498.0,33.88622827303838
10.0,499.0,34.309274480323324
10.0,500.0,34.769278553151054
10.0,501.0,35.27034497295243
10.0,502.0,35.8171392045679
10.0,503.0,36.414968385363515
10.0,504.0,37.06986987958924
10.0,505.0,37.78870487129172
10.0,506.0,38.579252398098916
10.0,507.0,39.45029441202643
10.0,508.0,40.41167699075978
10.0,509.0,41.47432283302002
10.0,510.0,42.650157807843065
10.0,511.0,43.951896070019835
10.0,512.0,45.39260769673504
10.0,513.0,46.984970433055025
10.0,514.0,48.740094722004855
10.0,515.0,50.66582382529243
10.0,516.0,52.76448121634678
10.0,517.0,55.03020170516972
10.0,518.0,57.446272471675734
10.0,519.0,59.983291955022196
10.0,520.0,62.59926108215007
10.0,521.0,65.2425907828334
10.0,522.0,67.85805283963505
10.0,523.0,70.394056462848
10.0,524.0,72.80859913101852
10.0,525.0,75.07227410056755
10.0,526.0,77.16836160593381
10.0,527.0,79.09098773783639
10.0,528.0,80.84246542895089
10.0,529.0,82.430625561625
10.0,530.0,83.86656429347428
10.0,531.0,85.16294315424432
10.0,532.0,86.3328139879277
10.0,533.0,87.38887066675846
10.0,534.0,88.34301661838644
10.0,535.0,89.20614990101237
10.0,536.0,89.98808962043167
10.0,537.0,90.69758837479421
10.0,538.0,91.34239330929267
10.0,539.0,91.92933111421547
10.0,540.0,92.4644018758187
10.0,541.0,92.95287259207319
10.0,542.0,93.39936551538783
10.0,543.0,93.80793874738708
10.0,544.0,94.18215831817737
10.0,545.0,94.52516163601028
10.0,546.0,94.83971290083973
10.0,547.0,95.12825110787215
10.0,548.0,95.39293152999343
10.0,549.0,95.6356614066003
10.0,550.0,95.85813065427958
10.0,551.0,96.06183822935704
10.0,552.0,96.24811478745173
10.0,553.0,96.41814213758401
10.0,554.0,96.57296996456299
10.0,555.0,96.71353020293822
10.0,556.0,96.8406493909874
10.0,557.0,96.95505930362256
10.0,558.0,97.05740607634863
10.0,559.0,97.14825806236051
10.0,560.0,97.2281125428403
10.0,561.0,97.29740149758973
10.0,562.0,97.35649648238663
10.0,563.0,97.4057128013934
10.0,564.0,97.44531296059596
10.0,565.0,97.47550958327264
10.0,566.0,97.4964677223066
10.0,567.0,97.50830675091517
10.0,568.0,97.51110172167702
10.0,569.0,97.5048843812083
10.0,570.0,97.4896436894076
10.0,571.0,97.46532603952649
10.0,572.0,97.43183498923894
10.0,573.0,97.38903070931839
10.0,574.0,97.33672892209202
10.0,575.0,97.27469954658757
10.0,576.0,97.20266478391002
10.0,577.0,97.12029686853909
10.0,578.0,97.02721517837038
10.0,579.0,96.92298293477661
10.0,580.0,96.80710314098765
10.0,581.0,96.67901399042321
10.0,582.0,96.53808334272063
10.0,583.0,96.38360249155897
10.0,584.0,96.21477876244414
10.0,585.0,96.0307271455482
10.0,586.0,95.83046042908805
10.0,587.0,95.6128780030073
10.0,588.0,95.37675270716014
10.0,589.0,95.12071583572252
10.0,590.0,94.84323955504848
10.0,591.0,94.54261675810552
10.0,592.0,94.21693746191383
10.0,593.0,93.86406164403554
10.0,594.0,93.48158743349444
10.0,595.0,93.06681438350307
10.0,596.0,92.6167005139232
10.0,597.0,92.12781265680898
10.0,598.0,91.59626856695832
10.0,599.0,91.01767018532182
10.0,600.0,90.38702642565812
10.0,601.0,89.698665003073
10.0,602.0,88.94613209547319
10.0,603.0,88.12208037454606
10.0,604.0,87.21814609795895
10.0,605.0,86.22481920717351
10.0,606.0,85.13131278601703
10.0,607.0,83.92544499917805
10.0,608.0,82.59355411566264
10.0,609.0,81.12048122455087
10.0,610.0,79.48967226815067
10.0,611.0,77.68347655621143
10.0,612.0,75.68374726877151
10.0,613.0,73.47288075577835
10.0,614.0,71.03544841837945
10.0,615.0,68.3605577039602
10.0,616.0,65.44498068628278
10.0,617.0,62.296860882801646
10.0,618.0,58.93940620409642
10.0,619.0,55.41344609307687
10.0,620.0,51.77730473956514
10.0,621.0,48.10262401177571
10.0,622.0,44.466098288207036
10.0,623.0,40.93936813360626
10.0,624.0,37.58075512382396
10.0,625.0,34.43108477295223
10.0,626.0,31.513559726721493
10.0,627.0,28.836316892859983
10.0,628.0,26.396120354966193
10.0,629.0,24.18206817614791
10.0,630.0,22.178720928839784
10.0,631.0,20.3684626708321
10.0,632.0,18.733132760923752
10.0,633.0,17.255065133509174
10.0,634.0,15.917688719728664
10.0,635.0,14.705825929724165
10.0,636.0,13.605794587083441
10.0,637.0,12.60539060457731
10.0,638.0,11.693802890699246
10.0,639.0,10.861495238671619
10.0,640.0,10.100075648416325
10.0,641.0,9.4021663636835
10.0,642.0,8.761280806154804
10.0,643.0,8.17171153243716
10.0,644.0,7.628429713712225
10.0,645.0,7.126996874432007
10.0,646.0,6.663487470759518
10.0,647.0,6.234422045167196
10.0,648.0,5.836709099062085
10.0,649.0,5.467595306762861
10.0,650.0,5.124622286277425
10.0,651.0,4.805589713077668
10.0,652.0,4.508523200604273
10.0,653.0,4.2316469447320575
10.0,654.0,3.9733597659148376
10.0,655.0,3.7322147315087464
10.0,656.0,3.506901165818699
10.0,657.0,3.2962293735996653
10.0,658.0,3.09911701837567
10.0,659.0,2.9145775855348632
10.0,660.0,2.741709971798585
10.0,661.0,2.579689704118327
10.0,662.0,2.4277609043410027
10.0,663.0,2.2852295524208124
10.0,664.0,2.1514572208077487
10.0,665.0,2.025855865428825
10.0,666.0,1.9078828891600235
10.0,667.0,1.7970370834666314
10.0,668.0,1.6928546983281945
10.0,669.0,1.5949062574174266
10.0,670.0,1.5027933966474636
10.0,671.0,1.4161463478015577
10.0,672.0,1.3346213691276407
10.0,673.0,1.2578987445229775
10.0,674.0,1.1856806741205235
10.0,675.0,1.117689674191411
10.0,676.0,1.0536668282362656
10.0,677.0,0.9933705007077714
10.0,678.0,0.93657487310725
10.0,679.0,0.8830689052804244
10.0,680.0,0.832655098806397
10.0,681.0,0.7851486549876058
10.0,682.0,0.740376421096393
10.0,683.0,0.6981762056937205
10.0,684.0,0.6583958732764233
10.0,685.0,0.6208927862425444
10.0,686.0,0.585533021029139
10.0,687.0,0.552190912633702
10.0,688.0,0.5207483710768959
10.0,689.0,0.49109450942564814
10.0,690.0,0.4631250438153629
10.0,691.0,0.4367419897925767
10.0,692.0,0.41185313252267053
10.0,693.0,0.388371779266384
10.0,694.0,0.3662162890292073
10.0,695.0,0.3453098713194455
10.0,696.0,0.32558016654780375
10.0,697.0,0.30695908304337366
10.0,698.0,0.28938242112324875
10.0,699.0,0.27278974178513354
10.0,700.0,0.2571240286397075
10.0,701.0,0.24233158284349063
10.0,702.0,0.2283617180984051
10.0,703.0,0.21516667730326505
10.0,704.0,0.20270135663408875
10.0,705.0,0.19092324012812145
10.0,706.0,0.1797921495094514
10.0,707.0,0.16927019351472
10.0,708.0,0.15932154065553097
10.0,709.0,0.14991238057974596
10.0,710.0,0.14101071739117924
10.0,711.0,0.13258634073755526
10.0,712.0,0.12461063765920387
10.0,713.0,0.11705657142209484
10.0,714.0,0.10989851015630442
10.0,715.0,0.10311221172380479
10.0,716.0,0.09667466764650708
10.0,717.0,0.09056409252440632
10.0,718.0,0.08475978195150809
10.0,719.0,0.07924210518892116
10.0,720.0,0.07399237593238976
10.0,721.0,0.06899284710360071
10.0,722.0,0.06422659347123519
10.0,723.0,0.05967750755734065
10.0,724.0,0.055330193229419546
10.0,725.0,0.051169961831350814
10.0,726.0,0.04718273596072475
10.0,727.0,0.043355045028779245
10.0,728.0,0.03967393851789116
10.0,729.0,0.0361269802549451
10.0,730.0,0.032702170510926915
10.0,731.0,0.029387938339164914
10.0,732.0,0.02617307193418798
10.0,733.0,0.023046708442041243
10.0,734.0,0.019998272040435444
10.0,735.0,0.01701746067416795
10.0,736.0,0.014094191354252356
10.0,737.0,0.01121858330841616
10.0,738.0,0.008380910024252576
10.0,739.0,0.005571578333626121
10.0,740.0,0.0027810867446065035
10.0,741.0,0.0
11.0,0.0,0.0
11.0,1.0,0.0010761670267353
11.0,2.0,0.0021559735243037253
11.0,3.0,0.003243071783814817
11.0,4.0,0.004341137618963042
11.0,5.0,0.005453885473074353
11.0,6.0,0.006585077173370942
11.0,7.0,0.007738539495015409
11.0,8.0,0.008918171140944323
11.0,9.0,0.0101279629371447
11.0,10.0,0.011372003217997667
11.0,11.0,0.012654500833701877
11.0,12.0,0.01397978913016893
11.0,13.0,0.015352351959011232
11.0,14.0,0.016776826453096416
11.0,15.0,0.018258032242059533
11.0,16.0,0.019800973239918144
11.0,17.0,0.021410870284942523
11.0,18.0,0.02309316217460109
11.0,19.0,0.024853541968207726
11.0,20.0,0.02669795752734909
11.0,21.0,0.02863265174351058
11.0,22.0,0.03066416286958881
11.0,23.0,0.032799368963290755
11.0,24.0,0.03504548832805261
11.0,25.0,0.037410128497181123
11.0,26.0,0.03990128714135596
11.0,27.0,0.04252740595920423
11.0,28.0,0.04529737245464711
11.0,29.0,0.04822057914808065
11.0,30.0,0.05130692668150342
11.0,31.0,0.05456688882224145
11.0,32.0,0.058011517418776616
11.0,33.0,0.06165251373791946
11.0,34.0,0.06550223587170834
11.0,35.0,0.06957377703152517
11.0,36.0,0.07388097609908616
11.0,37.0,0.07843850360028791
11.0,38.0,0.08326187620463427
11.0,39.0,0.0883675512215102
11.0,40.0,0.0937729459868154
11.0,41.0,0.09949654186990008
11.0,42.0,0.10555790964937833
11.0,43.0,0.11197782419655639
11.0,44.0,0.11877829714167788
11.0,45.0,0.12598270361762542
11.0,46.0,0.13361582376263842
11.0,47.0,0.14170398317711394
11.0,48.0,0.15027510511137562
11.0,49.0,0.1593588666225051
11.0,50.0,0.16898676367197607
11.0,51.0,0.17919228538685283
11.0,52.0,0.19001099476290506
11.0,53.0,0.20148072395913183
11.0,54.0,0.21364167389477073
11.0,55.0,0.22653663416944392
11.0,56.0,0.240211105593472
11.0,57.0,0.25471354916966626
11.0,58.0,0.27009553655355856
11.0,59.0,0.2864120336123547
11.0,60.0,0.30372158503903085
11.0,61.0,0.3220866393931459
11.0,62.0,0.34157377567578895
11.0,63.0,0.36225407855497743
11.0,64.0,0.3842034167622041
11.0,65.0,0.4075028795456533
11.0,66.0,0.43223911942898685
11.0,67.0,0.45850486399955404
11.0,68.0,0.4863993390870042
11.0,69.0,0.5160288740272247
11.0,70.0,0.5475074259599919
11.0,71.0,0.580957302048938
11.0,72.0,0.6165098117575487
11.0,73.0,0.6543061366124877
11.0,74.0,0.6944981455369054
11.0,75.0,0.7372494522538073
11.0,76.0,0.7827364397800439
11.0,77.0,0.8311495583529218
11.0,78.0,0.8826946200441764
11.0,79.0,0.937594407361161
11.0,80.0,0.9960903190388635
11.0,81.0,1.0584443828675156
11.0,82.0,1.1249413609880254
11.0,83.0,1.1958912922688285
11.0,84.0,1.2716322024534341
11.0,85.0,1.3525333445203833
11.0,86.0,1.438998709184501
11.0,87.0,1.5314711899027575
11.0,88.0,1.6304371566568119
11.0,89.0,1.736431850019319
11.0,90.0,1.8500453702986994
11.0,91.0,1.971929706474424
11.0,92.0,2.1028066067950753
11.0,93.0,2.2434767744908672
11.0,94.0,2.3948302220577173
11.0,95.0,2.5578583072371273
11.0,96.0,2.733667311567011
11.0,97.0,2.9234941101104166
11.0,98.0,3.128723791401394
11.0,99.0,3.350909747150839
11.0,100.0,3.5917959962748442
11.0,101.0,3.853342081426605
11.0,102.0,4.137749967257657
11.0,103.0,4.447492723819201
11.0,104.0,4.785343524203505
11.0,105.0,5.154403347201114
11.0,106.0,5.558123801598473
11.0,107.0,6.000320363958462
11.0,108.0,6.485168023359575
11.0,109.0,7.0171685613659776
11.0,110.0,7.601073552519006
11.0,111.0,8.241742776454135
11.0,112.0,8.943912057389161
11.0,113.0,9.71184242943707
11.0,114.0,10.548824704608515
11.0,115.0,11.456528675560957
11.0,116.0,12.434218867139336
11.0,117.0,13.477918261255164
11.0,118.0,14.579683174596866
11.0,119.0,15.727237899317448
11.0,120.0,16.904251224765567
11.0,121.0,18.091444505254653
11.0,122.0,19.26845187338964
11.0,123.0,20.415994663263543
11.0,124.0,21.517741623720415
11.0,125.0,22.561416985967405
11.0,126.0,23.5390769851131
11.0,127.0,24.446744500539182
11.0,128.0,25.283683933284788
11.0,129.0,26.051564930446716
11.0,130.0,26.753678136253633
11.0,131.0,27.394284394167517
11.0,132.0,27.978119314268756
11.0,133.0,28.510042437744204
11.0,134.0,28.994805075593284
11.0,135.0,29.436908719732102
11.0,136.0,29.840528042520734
11.0,137.0,30.2094781755184
11.0,138.0,30.547210353054577
11.0,139.0,30.856825148575197
11.0,140.0,31.141095297541916
11.0,141.0,31.40249339841384
11.0,142.0,31.64322090862817
11.0,143.0,31.86523682605833
11.0,144.0,32.07028458531335
11.0,145.0,32.25991695202604
11.0,146.0,32.435518344571946
11.0,147.0,32.59832492119052
11.0,148.0,32.74944219721819
11.0,149.0,32.889860711841656
11.0,150.0,33.02046960346504
11.0,151.0,33.142068642262146
11.0,152.0,33.25537858072431
11.0,153.0,33.36105034541681
11.0,154.0,33.459672903188704
11.0,155.0,33.55178028552875
11.0,156.0,33.637857572548285
11.0,157.0,33.718346281725985
11.0,158.0,33.793648935605376
11.0,159.0,33.864133220587526
11.0,160.0,33.93013549023855
11.0,161.0,33.991963998356226
11.0,162.0,34.04990160058352
11.0,163.0,34.104208288172046
11.0,164.0,34.155123283112424
11.0,165.0,34.202867040722126
11.0,166.0,34.24764288327291
11.0,167.0,34.28963859633273
11.0,168.0,34.32902770874574
11.0,169.0,34.36597077577184
11.0,170.0,34.400616385874365
11.0,171.0,34.43310220014797
11.0,172.0,34.46355574609355
11.0,173.0,34.4920952653543
11.0,174.0,34.51883033956573
11.0,175.0,34.543862585362014
11.0,176.0,34.56728614604857
11.0,177.0,34.589188262966616
11.0,178.0,34.60964965809062
11.0,179.0,34.628745003238876
11.0,180.0,34.646543211963014
11.0,181.0,34.66310782208443
11.0,182.0,34.678497209821465
11.0,183.0,34.69276489619046
11.0,184.0,34.705959691740354
11.0,185.0,34.71812593306193
11.0,186.0,34.729303562385496
11.0,187.0,34.73952829643791
11.0,188.0,34.74883164117787
11.0,189.0,34.75724099122084
11.0,190.0,34.764779575854995
11.0,191.0,34.77146648296826
11.0,192.0,34.777316528001904
11.0,193.0,34.7823401916317
11.0,194.0,34.78654339846779
11.0,195.0,34.7899273528531
11.0,196.0,34.79248820941302
11.0,197.0,34.79421678724249
11.0,198.0,34.79509811162753
11.0,199.0,34.795110986574976
11.0,200.0,34.79422739096832
11.0,201.0,34.79241190038696
11.0,202.0,34.78962094322498
11.0,203.0,34.78580210260684
11.0,204.0,34.7808933046933
11.0,205.0,34.77482213830697
11.0,206.0,34.76750521305648
11.0,207.0,34.75884788310992
11.0,208.0,34.748744376380955
11.0,209.0,34.737078823247266
11.0,210.0,34.723727456690405
11.0,211.0,34.70856274424111
11.0,212.0,34.6914600174587
11.0,213.0,34.67230757580427
11.0,214.0,34.6510208349805
11.0,215.0,34.62756099524192
11.0,216.0,34.601957439006334
11.0,217.0,34.57433169315652
11.0,218.0,34.544918135179394
11.0,219.0,34.51407449582878
11.0,220.0,34.482273945116575
11.0,221.0,34.45007349257173
11.0,222.0,34.418060823500156
11.0,223.0,34.386792227821374
11.0,224.0,34.3567394352276
11.0,225.0,34.32825800751698
11.0,226.0,34.30157942123886
11.0,227.0,34.27682155442291
11.0,228.0,34.25400938699571
11.0,229.0,34.2330989389739
11.0,230.0,34.213999659753796
11.0,231.0,34.196593063881274
11.0,232.0,34.18074686815024
11.0,233.0,34.16632505415026
11.0,234.0,34.15319448315814
11.0,235.0,34.14122897751091
11.0,236.0,34.13031150226596
11.0,237.0,34.12033513351753
11.0,238.0,34.11120316452959
11.0,239.0,34.10282875855445
11.0,240.0,34.09513427849279
11.0,241.0,34.08805052412282
11.0,242.0,34.08151588550948
11.0,243.0,34.075475549998345
11.0,244.0,34.069880715763986
11.0,245.0,34.06468790486195
11.0,246.0,34.05985830763535
11.0,247.0,34.055357231024985
11.0,248.0,34.05115357753466
11.0,249.0,34.04721941778724
11.0,250.0,34.04352958508614
11.0,251.0,34.04006134977456
11.0,252.0,34.03679410599735
11.0,253.0,34.03370912519149
11.0,254.0,34.03078931381612
11.0,255.0,34.028019026705785
11.0,256.0,34.02538387846201
11.0,257.0,34.022870601416344
11.0,258.0,34.02046689723425
11.0,259.0,34.01816132780213
11.0,260.0,34.015943196812195
11.0,261.0,34.013802464740486
11.0,262.0,34.01172965267954
11.0,263.0,34.009715774740414
11.0,264.0,34.00775225826433
11.0,265.0,34.00583088857494
11.0,266.0,34.003943741053476
11.0,267.0,34.0020831343082
11.0,268.0,34.00024157055242
11.0,269.0,33.99841169404752
11.0,270.0,33.99658623686714
11.0,271.0,33.99475797998354
11.0,272.0,33.99291970189745
11.0,273.0,33.99106414002515
11.0,274.0,33.98918393986129
11.0,275.0,33.987271614415384
11.0,276.0,33.98531949157313
11.0,277.0,33.98331966923527
11.0,278.0,33.98126395835191
11.0,279.0,33.97914383112413
11.0,280.0,33.97695035678629
11.0,281.0,33.97467413971293
11.0,282.0,33.97230524437622
11.0,283.0,33.969833119406395
11.0,284.0,33.96724650719311
11.0,285.0,33.96453334880155
11.0,286.0,33.9616806723292
11.0,287.0,33.95867447198134
11.0,288.0,33.955499567425456
11.0,289.0,33.95213944815852
11.0,290.0,33.94857609359843
11.0,291.0,33.944789771016204
11.0,292.0,33.940758802880445
11.0,293.0,33.936459303054356
11.0,294.0,33.93186487404561
11.0,295.0,33.92694626214548
11.0,296.0,33.921670963303974
11.0,297.0,33.91600277447759
11.0,298.0,33.909901284678334
11.0,299.0,33.90332130001713
11.0,300.0,33.89621220090008
11.0,301.0,33.8885172296761
11.0,302.0,33.88017271760676
11.0,303.0,33.87110726422911
11.0,304.0,33.86124090473268
11.0,305.0,33.850484317230496
11.0,306.0,33.83873816683541
11.0,307.0,33.825892726080184
11.0,308.0,33.81182799580311
11.0,309.0,33.79641463849846
11.0,310.0,33.779516174937314
11.0,311.0,33.7609930278636
11.0,312.0,33.740709151907645
11.0,313.0,33.71854205558466
11.0,314.0,33.69439695330833
11.0,315.0,33.66822535755754
11.0,316.0,33.64004748278235
11.0,317.0,33.609976136734524
11.0,318.0,33.578237434982036
11.0,319.0,33.54518123728402
11.0,320.0,33.51127324356423
11.0,321.0,33.47706333213525
11.0,322.0,33.4431324071286
11.0,323.0,33.41003026916818
11.0,324.0,33.3782224625147
11.0,325.0,33.34805861276636
11.0,326.0,33.31976452196983
11.0,327.0,33.29345260394033
11.0,328.0,33.26914259732113
11.0,329.0,33.24678545531172
11.0,330.0,33.226285747499304
11.0,331.0,33.20752024985097
11.0,332.0,33.19035209399489
11.0,333.0,33.17464078643776
11.0,334.0,33.16024883503669
11.0,335.0,33.14704578926297
11.0,336.0,33.134910432606745
11.0,337.0,33.12373171178661
11.0,338.0,33.113408852563765
11.0,339.0,33.103850975240896
11.0,340.0,33.094976432712876
11.0,341.0,33.08671201194742
11.0,342.0,33.078992094262155
11.0,343.0,33.07175782791886
11.0,344.0,33.0649563467737
11.0,345.0,33.05854005004426
11.0,346.0,33.052465949791205
11.0,347.0,33.04669508680441
11.0,348.0,33.041192010331066
11.0,349.0,33.03592431878686
11.0,350.0,33.03086225244773
11.0,351.0,33.02597833622359
11.0,352.0,33.02124706155093
11.0,353.0,33.016644608186546
11.0,354.0,33.01214859364066
11.0,355.0,33.00773785428372
11.0,356.0,33.00339224450538
11.0,357.0,32.99909246135445
11.0,358.0,32.99481987936244
11.0,359.0,32.99055640638762
11.0,360.0,32.986284343124375
11.0,361.0,32.98198626052361
11.0,362.0,32.977644875330675
11.0,363.0,32.97324294142167
11.0,364.0,32.96876313434679
11.0,365.0,32.96418795025408
11.0,366.0,32.95949959346622
11.0,367.0,32.9546798774606
11.0,368.0,32.94971011006415
11.0,369.0,32.944570991293276
11.0,370.0,32.93924249086936
11.0,371.0,32.933703737631085
11.0,372.0,32.92793288376945
11.0,373.0,32.92190698000723
11.0,374.0,32.91560182020481
11.0,375.0,32.90899179551236
11.0,376.0,32.90204971174086
11.0,377.0,32.894746614142036
11.0,378.0,32.887051568055014
11.0,379.0,32.87893144370992
11.0,380.0,32.87035064796938
11.0,381.0,32.86127085536652
11.0,382.0,32.85165067500272
11.0,383.0,32.84144530961266
11.0,384.0,32.83060613649664
11.0,385.0,32.819080270340635
11.0,386.0,32.80681002997939
11.0,387.0,32.793732372454855
11.0,388.0,32.779778207839826
11.0,389.0,32.76487166096963
11.0,390.0,32.7489291838735
11.0,391.0,32.7318585871775
11.0,392.0,32.7135578834482
11.0,393.0,32.693914012290676
11.0,394.0,32.67280132849846
11.0,395.0,32.6500799246789
11.0,396.0,32.62559365837299
11.0,397.0,32.59916795892944
11.0,398.0,32.5706072768533
11.0,399.0,32.53969226271439
11.0,400.0,32.50617654407588
11.0,401.0,32.46978322130341
11.0,402.0,32.430200990673086
11.0,403.0,32.387080102945774
11.0,404.0,32.34002818628346
11.0,405.0,32.28860634885914
11.0,406.0,32.23232588350781
11.0,407.0,32.17064644088671
11.0,408.0,32.102976616889215
11.0,409.0,32.02867869558516
11.0,410.0,31.947079614528004
11.0,411.0,31.857491264894957
11.0,412.0,31.759243623007674
11.0,413.0,31.651734947827862
11.0,414.0,31.53450252330001
11.0,415.0,31.407315712940793
11.0,416.0,31.270287962586632
11.0,417.0,31.123996357508187
11.0,418.0,30.96958517982526
11.0,419.0,30.80881819805782
11.0,420.0,30.64403913421297
11.0,421.0,30.478013470369763
11.0,422.0,30.31366267626408
11.0,423.0,30.153753686559206
11.0,424.0,30.000633131151037
11.0,425.0,29.856069156759716
11.0,426.0,29.721211902267054
11.0,427.0,29.59664581844421
11.0,428.0,29.48249323941751
11.0,429.0,29.37853398546059
11.0,430.0,29.28431738605169
11.0,431.0,29.199255396150335
11.0,432.0,29.122693365767727
11.0,433.0,29.053960315860607
11.0,434.0,28.992402104875108
11.0,435.0,28.93740182491188
11.0,436.0,28.88839081097322
11.0,437.0,28.844853498713828
11.0,438.0,28.806328066109614
11.0,439.0,28.772404741653517
11.0,440.0,28.742722575294348
11.0,441.0,28.71696569807722
11.0,442.0,28.69485922547416
11.0,443.0,28.676165397146768
11.0,444.0,28.660679797135245
11.0,445.0,28.648228057650424
11.0,446.0,28.638662752828907
11.0,447.0,28.63186081563334
11.0,448.0,28.627721127507723
11.0,449.0,28.626162597177142
11.0,450.0,28.627122356096088
11.0,451.0,28.63055439174026
11.0,452.0,28.636428237649994
11.0,453.0,28.644728053846798
11.0,454.0,28.655451712432214
11.0,455.0,28.668610236264236
11.0,456.0,28.684227202384225
11.0,457.0,28.702338472045998
11.0,458.0,28.722991855664294
11.0,459.0,28.746247087519972
11.0,460.0,28.772175714737966
11.0,461.0,28.800861287330136
11.0,462.0,28.832399449705647
11.0,463.0,28.866898331514182
11.0,464.0,28.904478834050693
11.0,465.0,28.94527522048974
11.0,466.0,28.98943560222546
11.0,467.0,29.037122739543886
11.0,468.0,29.08851474546391
11.0,469.0,29.14380612072483
11.0,470.0,29.203208706138145
11.0,471.0,29.266952990088615
11.0,472.0,29.335289355950007
11.0,473.0,29.408489717378135
11.0,474.0,29.486849126374292
11.0,475.0,29.570687813030375
11.0,476.0,29.660353244075797
11.0,477.0,29.756222671389384
11.0,478.0,29.858705762598337
11.0,479.0,29.96824779920164
11.0,480.0,30.085333043012703
11.0,481.0,30.21048877363106
11.0,482.0,30.344289611272124
11.0,483.0,30.487362649248205
11.0,484.0,30.640393030388417
11.0,485.0,30.804130519302962
11.0,486.0,30.97939673314451
11.0,487.0,31.167093618538182
11.0,488.0,31.368212876426497
11.0,489.0,31.583846968738523
11.0,490.0,31.815201460678953
11.0,491.0,32.063609390976886
11.0,492.0,32.330547489679475
11.0,493.0,32.617655005365606
11.0,494.0,32.92675503669175
11.0,495.0,33.25987920131427
11.0,496.0,33.619295604129796
11.0,497.0,34.0075409795661
11.0,498.0,34.42745697699662
11.0,499.0,34.88223139319411
11.0,500.0,35.375444137740146
11.0,501.0,35.91111835089309
11.0,502.0,36.49377578148312
11.0,503.0,37.12849569146905
11.0,504.0,37.820974554820964
11.0,505.0,38.57758294058576
11.0,506.0,39.405412514216046
11.0,507.0,40.31230315983955
11.0,508.0,41.30683407087858
11.0,509.0,42.398256325532195
11.0,510.0,43.59633453893955
11.0,511.0,44.91105547638402
11.0,512.0,46.35215051783569
11.0,513.0,47.92837381446136
11.0,514.0,49.64648316639569
11.0,515.0,51.50990110666927
11.0,516.0,53.51710164205508
11.0,517.0,55.65988977512735
11.0,518.0,57.921909875339516
11.0,519.0,60.27789393406704
11.0,520.0,62.69423045917293
11.0,521.0,65.13124377115534
11.0,522.0,67.54702077552368
11.0,523.0,69.90188389464029
11.0,524.0,72.16221783713927
11.0,525.0,74.3027488732746
11.0,526.0,76.30711372049949
11.0,527.0,78.16710775669313
11.0,528.0,79.88119337587652
11.0,529.0,81.45277944699855
11.0,530.0,82.88860803245633
11.0,531.0,84.1974153866172
11.0,532.0,85.38891280345403
11.0,533.0,86.47306466458373
11.0,534.0,87.45961086473743
11.0,535.0,88.35777529221184
11.0,536.0,89.17610743158285
11.0,537.0,89.92241478061662
11.0,538.0,90.60375387926437
11.0,539.0,91.22645724563459
11.0,540.0,91.79618030131097
11.0,541.0,92.31795803805294
11.0,542.0,92.79626462358418
11.0,543.0,93.23507205685772
11.0,544.0,93.63790543249866
11.0,545.0,94.00789377297288
11.0,546.0,94.34781585621263
11.0,547.0,94.66014112172624
11.0,548.0,94.94706578907278
11.0,549.0,95.21054462799673
11.0,550.0,95.45231872470063
11.0,551.0,95.673939726478
11.0,552.0,95.87679092909033
11.0,553.0,96.06210561979472
11.0,554.0,96.23098299996518
11.0,555.0,96.3844020016781
11.0,556.0,96.5232332729663
11.0,557.0,96.64824954946312
11.0,558.0,96.76013464687543
11.0,559.0,96.85949120669989
11.0,560.0,96.94684740245512
11.0,561.0,97.02266266593516
11.0,562.0,97.08733262581292
11.0,563.0,97.14119325581368
11.0,564.0,97.18452441972585
11.0,565.0,97.21755275640733
11.0,566.0,97.24045409440672
11.0,567.0,97.25335529127801
11.0,568.0,97.25633569480112
11.0,569.0,97.24942807720078
11.0,570.0,97.23261925059636
11.0,571.0,97.20585017332957
11.0,572.0,97.16901576832329
11.0,573.0,97.12196422289605
11.0,574.0,97.0644960046604
11.0,575.0,96.99636232273086
11.0,576.0,96.91726328161178
11.0,577.0,96.82684541561275
11.0,578.0,96.72469886181688
11.0,579.0,96.6103538155629
11.0,580.0,96.48327653348352
11.0,581.0,96.34286448007263
11.0,582.0,96.18844088432418
11.0,583.0,96.01924824833351
11.0,584.0,95.83444106804737
11.0,585.0,95.63307724537326
11.0,586.0,95.41410843473984
11.0,587.0,95.17636872900684
11.0,588.0,94.91856189666105
11.0,589.0,94.63924648597444
11.0,590.0,94.33681895967595
11.0,591.0,94.00949406925245
11.0,592.0,93.65528256566425
11.0,593.0,93.27196533317979
11.0,594.0,92.85706396375271
11.0,595.0,92.40780673352735
11.0,596.0,91.92108993166578
11.0,597.0,91.3934334184656
11.0,598.0,90.82093037949353
11.0,599.0,90.19919022390219
11.0,600.0,89.52327487501333
11.0,601.0,88.78762790764611
11.0,602.0,87.98599774990535
11.0,603.0,87.11135597709165
11.0,604.0,86.15581449883118
11.0,605.0,85.11054663417603
11.0,606.0,83.96572192304909
11.0,607.0,82.71046851103453
11.0,608.0,81.33288560509754
11.0,609.0,79.82013714991676
11.0,610.0,78.15867182885279
11.0,611.0,76.33462777654158
11.0,612.0,74.33449588884955
11.0,613.0,72.14612237022288
11.0,614.0,69.76012424106412
11.0,615.0,67.17174890900779
11.0,616.0,64.38311486050897
11.0,617.0,61.405601158033164
11.0,618.0,58.26191919502928
11.0,619.0,54.98715670949129
11.0,620.0,51.62798769500356
11.0,621.0,48.23950661359593
11.0,622.0,44.87991347050256
11.0,623.0,41.604301288917505
11.0,624.0,38.45934118238674
11.0,625.0,35.48011655214678
11.0,626.0,32.6893329909817
11.0,627.0,30.098362265589074
11.0,628.0,27.70931405927804
11.0,629.0,25.517425421953067
11.0,630.0,23.513301443892143
11.0,631.0,21.68477476329677
11.0,632.0,20.01832104967709
11.0,633.0,18.5000614702551
11.0,634.0,17.11642596888676
11.0,635.0,15.85455787957382
11.0,636.0,14.702533888258374
11.0,637.0,13.649457590781523
11.0,638.0,12.685471899916134
11.0,639.0,11.801721291055275
11.0,640.0,10.990286553770748
11.0,641.0,10.244105705318661
11.0,642.0,9.55689110462782
11.0,643.0,8.923047559967795
11.0,644.0,8.337595441844915
11.0,645.0,7.796099606816808
11.0,646.0,7.294605580406157
11.0,647.0,6.829582211435539
11.0,648.0,6.397871296041559
11.0,649.0,5.996642857442493
11.0,650.0,5.623356317727476
11.0,651.0,5.275726156870631
11.0,652.0,4.95169229769606
11.0,653.0,4.649393877215341
11.0,654.0,4.36714672886374
11.0,655.0,4.103423342058384
11.0,656.0,3.8568357210702175
11.0,657.0,3.6261200132089764
11.0,658.0,3.410123412661928
11.0,659.0,3.2077922979870346
11.0,660.0,3.018162174984372
11.0,661.0,2.8403484538671724
11.0,662.0,2.6735386799484293
11.0,663.0,2.5169853029994
11.0,664.0,2.369999637173304
11.0,665.0,2.2319461414219903
11.0,666.0,2.102237693367232
11.0,667.0,1.9803310228140636
11.0,668.0,1.865722990056453
11.0,669.0,1.7579469052939953
11.0,670.0,1.6565695797614408
11.0,671.0,1.5611883307084222
11.0,672.0,1.4714286311640439
11.0,673.0,1.386941649471712
11.0,674.0,1.3074023659427647
11.0,675.0,1.2325075324666002
11.0,676.0,1.1619741558033647
11.0,677.0,1.095537789954743
11.0,678.0,1.0329513093286466
11.0,679.0,0.973983466857677
11.0,680.0,0.9184178978676174
11.0,681.0,0.8660518921826186
11.0,682.0,0.8166955827899955
11.0,683.0,0.7701708916920079
11.0,684.0,0.726310867507132
11.0,685.0,0.6849587735789909
11.0,686.0,0.6459675463106224
11.0,687.0,0.6091990007250333
11.0,688.0,0.5745233871966331
11.0,689.0,0.5418186947920394
11.0,690.0,0.5109702885857753
11.0,691.0,0.4818702950761189
11.0,692.0,0.45441730577901435
11.0,693.0,0.42851583209522254
11.0,694.0,0.4040760636115929
11.0,695.0,0.38101338220374825
11.0,696.0,0.35924816562005313
11.0,697.0,0.33870535249675865
11.0,698.0,0.31931428349432517
11.0,699.0,0.3010083103984069
11.0,700.0,0.2837246684240673
11.0,701.0,0.26740412376619555
11.0,702.0,0.25199087176293855
11.0,703.0,0.23743221821144267
11.0,704.0,0.22367849894713543
11.0,705.0,0.2106827910071705
11.0,706.0,0.19840084988258155
11.0,707.0,0.1867908472323804
11.0,708.0,0.17581332263603094
11.0,709.0,0.16543094506649017
11.0,710.0,0.15560847643785458
11.0,711.0,0.1463125544594351
11.0,712.0,0.1375116656586639
11.0,713.0,0.12917594757893008
11.0,714.0,0.12127716927710507
11.0,715.0,0.11378855110964586
11.0,716.0,0.10668475097005159
11.0,717.0,0.09994170014185068
11.0,718.0,0.09353659376385631
11.0,719.0,0.08744774142387701
11.0,720.0,0.08165456052659806
11.0,721.0,0.07613744046511768
11.0,722.0,0.07087773772381288
11.0,723.0,0.06585765260158147
11.0,724.0,0.06106022501505256
11.0,725.0,0.05646922286205535
11.0,726.0,0.05206913760290226
11.0,727.0,0.04784508344857134
11.0,728.0,0.0437827918926341
11.0,729.0,0.039868520988688656
11.0,730.0,0.03608904808531373
11.0,731.0,0.032431588523622594
11.0,732.0,0.028883785894390196
11.0,733.0,0.025433639540964476
11.0,734.0,0.022069491713020643
11.0,735.0,0.01877996330385253
11.0,736.0,0.015553937320315108
11.0,737.0,0.01238050231780757
11.0,738.0,0.009248931641857151
11.0,739.0,0.0061486340497301385
11.0,740.0,0.0030691282065401326
11.0,741.0,0.0
12.0,0.0,0.0
12.0,1.0,0.0011768572919878878
12.0,2.0,0.002357694647432962
12.0,3.0,0.0035465049636682886
12.0,4.0,0.004747309214134187
12.0,5.0,0.005964167058411099
12.0,6.0,0.007201194677477486
12.0,7.0,0.0084625733470172
12.0,8.0,0.009752570053305001
12.0,9.0,0.011075544222323925
12.0,10.0,0.012435971309647074
12.0,11.0,0.013838447886239749
12.0,12.0,0.015287718404437977
12.0,13.0,0.016788678852742055
12.0,14.0,0.018346406911881098
12.0,15.0,0.019966164405670016
12.0,16.0,0.021653431076462212
12.0,17.0,0.023413906077560356
12.0,18.0,0.02525354561644883
12.0,19.0,0.02717856375673181
12.0,20.0,0.029195474200855925
12.0,21.0,0.03131109069661851
12.0,22.0,0.0335325732592132
12.0,23.0,0.03586742850966038
12.0,24.0,0.038323560669655046
12.0,25.0,0.040909272197636876
12.0,26.0,0.043633319929993516
12.0,27.0,0.0465049164259269
12.0,28.0,0.049533791676194684
12.0,29.0,0.05273019562171319
12.0,30.0,0.05610496590761783
12.0,31.0,0.05966953210425967
12.0,32.0,0.06343599005170414
12.0,33.0,0.06741710838742064
12.0,34.0,0.07162641010664705
12.0,35.0,0.07607818209114789
12.0,36.0,0.08078756460696401
12.0,37.0,0.08577056463629427
12.0,38.0,0.09104415414959131
12.0,39.0,0.09662628817192649
12.0,40.0,0.10253601280571731
12.0,41.0,0.10879348911899132
12.0,42.0,0.1154201120640313
12.0,43.0,0.12243854146431359
12.0,44.0,0.12987283318046033
12.0,45.0,0.1377484787037136
12.0,46.0,0.14609255017334702
12.0,47.0,0.15493375036820664
12.0,48.0,0.16430257349150967
12.0,49.0,0.17423136770229636
12.0,50.0,0.1847545139703522
12.0,51.0,0.1959085037246396
12.0,52.0,0.20773213856378697
12.0,53.0,0.22026662614253953
12.0,54.0,0.23355580412912605
12.0,55.0,0.24764625813469282
12.0,56.0,0.2625875740736554
12.0,57.0,0.2784324828059716
12.0,58.0,0.2952371460274015
12.0,59.0,0.3130613333944318
12.0,60.0,0.33196874831042905
12.0,61.0,0.3520272447096633
12.0,62.0,0.3733092006951557
12.0,63.0,0.39589178396669616
12.0,64.0,0.41985738331654865
12.0,65.0,0.44529393402339473
12.0,66.0,0.4722954198695137
12.0,67.0,0.5009622728576836
12.0,68.0,0.5314019618741376
12.0,69.0,0.5637294850457173
12.0,70.0,0.5980680656999027
12.0,71.0,0.6345497608697509
12.0,72.0,0.6733162911488548
12.0,73.0,0.7145197956811199
12.0,74.0,0.7583238303487169
12.0,75.0,0.8049043086012707
12.0,76.0,0.8544507127831463
12.0,77.0,0.9071672720943537
12.0,78.0,0.9632744456029739
12.0,79.0,1.0230104044556951
12.0,80.0,1.0866328633376363
12.0,81.0,1.1544209550200248
12.0,82.0,1.226677511138616
12.0,83.0,1.303731444857385
12.0,84.0,1.3859406135703247
12.0,85.0,1.4736948617339753
12.0,86.0,1.5674196393911548
12.0,87.0,1.6675799039937866
12.0,88.0,1.7746847212243124
12.0,89.0,1.8892922831607224
12.0,90.0,2.0120157821235733
12.0,91.0,2.1435298716980418
12.0,92.0,2.284578176633328
12.0,93.0,2.435981595439123
12.0,94.0,2.5986478759773903
12.0,95.0,2.7735822105204178
12.0,96.0,2.961899330518107
12.0,97.0,3.1648368192818537
12.0,98.0,3.383770072148016
12.0,99.0,3.62022851576654
12.0,100.0,3.875913345464248
12.0,101.0,4.1527161075135846
12.0,102.0,4.452737952686313
12.0,103.0,4.778308226684405
12.0,104.0,5.132001258972786
12.0,105.0,5.516648620336514
12.0,106.0,5.935343760795743
12.0,107.0,6.39143363371089
12.0,108.0,6.888490723003391
12.0,109.0,7.430255706594354
12.0,110.0,8.02053911421695
12.0,111.0,8.66306707649628
12.0,112.0,9.361255699264635
12.0,113.0,10.11789919862597
12.0,114.0,10.93476435637907
12.0,115.0,11.812098109330545
12.0,116.0,12.748082327725966
12.0,117.0,13.738307385077595
12.0,118.0,14.775381306493978
12.0,119.0,15.848824146152698
12.0,120.0,16.94539227285599
12.0,121.0,18.04990072161073
12.0,122.0,19.146462334437743
12.0,123.0,20.21989212425151
12.0,124.0,21.256946415584018
12.0,125.0,22.24714519602551
12.0,126.0,23.18309640152261
12.0,127.0,24.06039029356956
12.0,128.0,24.8772086071053
12.0,129.0,25.633798119911066
12.0,130.0,26.331925430428843
12.0,131.0,26.974384546486093
12.0,132.0,27.56459133991837
12.0,133.0,28.106271680874563
12.0,134.0,28.60323581113347
12.0,135.0,29.05922409223665
12.0,136.0,29.47780866209082
12.0,137.0,29.86233609725074
12.0,138.0,30.215899438702042
12.0,139.0,30.541329814576113
12.0,140.0,30.841201076378496
12.0,141.0,31.1178420548901
12.0,142.0,31.373353347039185
12.0,143.0,31.60962590437302
12.0,144.0,31.82836028434534
12.0,145.0,32.031085230277405
12.0,146.0,32.21917540611117
12.0,147.0,32.39386761298757
12.0,148.0,32.55627574640885
12.0,149.0,32.70740410574453
12.0,150.0,32.84815948554836
12.0,151.0,32.9793617668926
12.0,152.0,33.10175348898873
12.0,153.0,33.216008147419544
12.0,154.0,33.32273769945821
12.0,155.0,33.422499019970175
12.0,156.0,33.515799769960395
12.0,157.0,33.603103408721935
12.0,158.0,33.68483378850045
12.0,159.0,33.76137904923141
12.0,160.0,33.833095229877145
12.0,161.0,33.9003093028908
12.0,162.0,33.963322028483816
12.0,163.0,34.02241032737172
12.0,164.0,34.077829551594675
12.0,165.0,34.12981534726392
12.0,166.0,34.17858547418871
12.0,167.0,34.22434127398055
12.0,168.0,34.26726913890791
12.0,169.0,34.30754167291012
12.0,170.0,34.345318885863
12.0,171.0,34.3807491139357
12.0,172.0,34.413969997064655
12.0,173.0,34.44510920906461
12.0,174.0,34.4742852621453
12.0,175.0,34.50160808499181
12.0,176.0,34.52717968749402
12.0,177.0,34.55109461565195
12.0,178.0,34.57344050145569
12.0,179.0,34.59429841618843
12.0,180.0,34.61374332392824
12.0,181.0,34.63184434903094
12.0,182.0,34.64866514650941
12.0,183.0,34.6642640947263
12.0,184.0,34.678694591539234
12.0,185.0,34.69200517916063
12.0,186.0,34.70423977112042
12.0,187.0,34.71543771257566
12.0,188.0,34.72563393959002
12.0,189.0,34.734858974693864
12.0,190.0,34.74313901655444
12.0,191.0,34.75049586720296
12.0,192.0,34.756946946864865
12.0,193.0,34.76250514610628
12.0,194.0,34.76717875771946
12.0,195.0,34.7709712446842
12.0,196.0,34.77388107955777
12.0,197.0,34.77590141919594
12.0,198.0,34.77701984455555
12.0,199.0,34.777217939322476
12.0,200.0,34.77647093496372
12.0,201.0,34.77474721090436
12.0,202.0,34.77200788278782
12.0,203.0,34.768206293240056
12.0,204.0,34.76328765869585
12.0,205.0,34.75718873339482
12.0,206.0,34.74983779288638
12.0,207.0,34.74115488108428
12.0,208.0,34.731052716172684
12.0,209.0,34.7194383311152
12.0,210.0,34.70621598176989
12.0,211.0,34.69129155184688
12.0,212.0,34.674579090195735
12.0,213.0,34.65600971524421
12.0,214.0,34.63554328605608
12.0,215.0,34.61318246208958
12.0,216.0,34.58898835888896
12.0,217.0,34.5630955772504
12.0,218.0,34.53572344275701
12.0,219.0,34.50717900976501
12.0,220.0,34.47784786333792
12.0,221.0,34.448170607988544
12.0,222.0,34.418607526202955
12.0,223.0,34.38959843690937
12.0,224.0,34.36152734968444
12.0,225.0,34.334698951096705
12.0,226.0,34.30932939364365
12.0,227.0,34.28554929484699
12.0,228.0,34.2634149549776
12.0,229.0,34.24292337864834
12.0,230.0,34.22402789965589
12.0,231.0,34.206652230193
12.0,232.0,34.19070209169045
12.0,233.0,34.17607410533687
12.0,234.0,34.162662279348815
12.0,235.0,34.15036239611689
12.0,236.0,34.13907485994509
12.0,237.0,34.12870631520115
12.0,238.0,34.11917048079304
12.0,239.0,34.11038836950875
12.0,240.0,34.102288188181305
12.0,241.0,34.0948049676261
12.0,242.0,34.0878801131711
12.0,243.0,34.0814608538192
12.0,244.0,34.07549971998542
12.0,245.0,34.069953993076865
12.0,246.0,34.064785224252134
12.0,247.0,34.059958751700755
12.0,248.0,34.05544329650943
12.0,249.0,34.051210563154555
12.0,250.0,34.04723491503147
12.0,251.0,34.043493052720926
12.0,252.0,34.03996375930398
12.0,253.0,34.036627644192166
12.0,254.0,34.033466945261324
12.0,255.0,34.0304653252744
12.0,256.0,34.0276077185207
12.0,257.0,34.02488016831985
12.0,258.0,34.02226970772301
12.0,259.0,34.019764228613
12.0,260.0,34.017352388048884
12.0,261.0,34.01502350140874
12.0,262.0,34.01276746774496
12.0,263.0,34.01057468103251
12.0,264.0,34.00843596934175
12.0,265.0,34.00634251952117
12.0,266.0,34.00428582609438
12.0,267.0,34.00225762565307
12.0,268.0,34.000249852189114
12.0,269.0,33.998254578148675
12.0,270.0,33.99626397346673
12.0,271.0,33.99427025068173
12.0,272.0,33.9922656252875
12.0,273.0,33.990242262562575
12.0,274.0,33.9881922370204
12.0,275.0,33.98610747868906
12.0,276.0,33.983979729438076
12.0,277.0,33.98180048635914
12.0,278.0,33.97956095257696
12.0,279.0,33.977251975123025
12.0,280.0,33.97486398748507
12.0,281.0,33.97238693891384
12.0,282.0,33.96981022540422
12.0,283.0,33.967122606695405
12.0,284.0,33.96431212156722
12.0,285.0,33.96136598784314
12.0,286.0,33.95827049677945
12.0,287.0,33.95501089011013
12.0,288.0,33.951571226861134
12.0,289.0,33.94793422985403
12.0,290.0,33.94408111648583
12.0,291.0,33.93999140517154
12.0,292.0,33.93564269959763
12.0,293.0,33.931010443550925
12.0,294.0,33.926067646277055
12.0,295.0,33.92078457267583
12.0,296.0,33.915128396734964
12.0,297.0,33.909062814825454
12.0,298.0,33.90254761726109
12.0,299.0,33.89553821918961
12.0,300.0,33.88798515275278
12.0,301.0,33.87983353101141
12.0,302.0,33.8710224966991
12.0,303.0,33.861484686376066
12.0,304.0,33.85114574948825
12.0,305.0,33.839923993843044
12.0,306.0,33.82773025169912
12.0,307.0,33.81446811507709
12.0,308.0,33.800034733426074
12.0,309.0,33.78432244804647
12.0,310.0,33.76722160013722
12.0,311.0,33.7486249343664
12.0,312.0,33.72843404340134
12.0,313.0,33.70656827483371
12.0,314.0,33.68297631604725
12.0,315.0,33.657650259620404
12.0,316.0,33.63064117874926
12.0,317.0,33.602074164592345
12.0,318.0,33.572159490894585
12.0,319.0,33.541195628140684
12.0,320.0,33.509559975440155
12.0,321.0,33.47768536094321
12.0,322.0,33.446024634739125
12.0,323.0,33.41501054007762
12.0,324.0,33.385020305982785
12.0,325.0,33.35635214704476
12.0,326.0,33.329215994447
12.0,327.0,33.30373650886025
12.0,328.0,33.279964243622445
12.0,329.0,33.2578906801658
12.0,330.0,33.237463801387975
12.0,331.0,33.21860215444338
12.0,332.0,33.201206432919975
12.0,333.0,33.185168380411405
12.0,334.0,33.17037723167479
12.0,335.0,33.156724112044564
12.0,336.0,33.144104841371494
12.0,337.0,33.13242156340693
12.0,338.0,33.12158353855687
12.0,339.0,33.11150737317617
12.0,340.0,33.10211687985682
12.0,341.0,33.09334271579274
12.0,342.0,33.085121895043535
12.0,343.0,33.077397244342094
12.0,344.0,33.07011684393121
12.0,345.0,33.0632334817372
12.0,346.0,33.05670413633435
12.0,347.0,33.050489496475464
12.0,348.0,33.044553521984746
12.0,349.0,33.038863043837495
12.0,350.0,33.03338740522032
12.0,351.0,33.02809813635821
12.0,352.0,33.022968665502084
12.0,353.0,33.01797405587589
12.0,354.0,33.013090773202514
12.0,355.0,33.00829647131093
12.0,356.0,33.003569803386
12.0,357.0,32.9988902441429
12.0,358.0,32.99423793375343
12.0,359.0,32.9895935264012
12.0,360.0,32.98493805772837
12.0,361.0,32.980252811360714
12.0,362.0,32.97551920233045
12.0,363.0,32.97071865457497
12.0,364.0,32.96583249400367
12.0,365.0,32.960841830977586
12.0,366.0,32.955727457491534
12.0,367.0,32.950469729246315
12.0,368.0,32.945048461832855
12.0,369.0,32.93944280723574
12.0,370.0,32.93363114395227
12.0,371.0,32.92759094262541
12.0,372.0,32.92129864470553
12.0,373.0,32.91472951139021
12.0,374.0,32.907857484713084
12.0,375.0,32.90065501302347
12.0,376.0,32.89309288720662
12.0,377.0,32.885140034492075
12.0,378.0,32.87676332077559
12.0,379.0,32.8679273024834
12.0,380.0,32.8585939835393
12.0,381.0,32.8487225121695
12.0,382.0,32.838268877749236
12.0,383.0,32.82718553559577
12.0,384.0,32.81542102450085
12.0,385.0,32.802919497470576
12.0,386.0,32.789620234934084
12.0,387.0,32.775457052781626
12.0,388.0,32.760357678795486
12.0,389.0,32.74424300103619
12.0,390.0,32.727026265916685
12.0,391.0,32.708612120156324
12.0,392.0,32.68889557863588
12.0,393.0,32.66776080286657
12.0,394.0,32.645079777285815
12.0,395.0,32.62071075977317
12.0,396.0,32.59449660167431
12.0,397.0,32.56626280960394
12.0,398.0,32.53581545983979
12.0,399.0,32.50293884442498
12.0,400.0,32.46739299266195
12.0,401.0,32.42891097921541
12.0,402.0,32.387196233008886
12.0,403.0,32.341919843801975
12.0,404.0,32.29271822737752
12.0,405.0,32.239191336558434
12.0,406.0,32.18090206664315
12.0,407.0,32.11737741393799
12.0,408.0,32.048112544511675
12.0,409.0,31.97257894716027
12.0,410.0,31.890238559861025
12.0,411.0,31.800565767908136
12.0,412.0,31.703079718964233
12.0,413.0,31.59738883800002
12.0,414.0,31.483248850639164
12.0,415.0,31.360633091165443
12.0,416.0,31.229810485715998
12.0,417.0,31.091420721386875
12.0,418.0,30.946530183024052
12.0,419.0,30.796647008537708
12.0,420.0,30.643674870177826
12.0,421.0,30.489795464188532
12.0,422.0,30.337291605991666
12.0,423.0,30.188346577857555
12.0,424.0,30.04486723226198
12.0,425.0,29.90836648747213
12.0,426.0,29.77991713342967
12.0,427.0,29.66016689912125
12.0,428.0,29.549394430675584
12.0,429.0,29.447584479040575
12.0,430.0,29.35450594163041
12.0,431.0,29.26978219601846
12.0,432.0,29.192949199530485
12.0,433.0,29.123500037806682
12.0,434.0,29.06091733475935
12.0,435.0,29.00469529333622
12.0,436.0,28.95435393664424
12.0,437.0,28.909447313891892
12.0,438.0,28.86956770496014
12.0,439.0,28.834346843922013
12.0,440.0,28.803455483145445
12.0,441.0,28.776601683333062
12.0,442.0,28.753528662311258
12.0,443.0,28.734012197123224
12.0,444.0,28.717858143998036
12.0,445.0,28.704899861433248
12.0,446.0,28.694995973314732
12.0,447.0,28.68802815305405
12.0,448.0,28.683899313911073
12.0,449.0,28.68253183623493
12.0,450.0,28.683866202289273
12.0,451.0,28.687859644887563
12.0,452.0,28.69448518295108
12.0,453.0,28.703730637211542
12.0,454.0,28.7155980086512
12.0,455.0,28.730102804681817
12.0,456.0,28.747273707591546
12.0,457.0,28.767152163844713
12.0,458.0,28.789792301168845
12.0,459.0,28.815260746200195
12.0,460.0,28.843636761716823
12.0,461.0,28.875012270631437
12.0,462.0,28.909492197320677
12.0,463.0,28.947194688050693
12.0,464.0,28.98825165207615
12.0,465.0,29.032809180074665
12.0,466.0,29.081028292049023
12.0,467.0,29.133085566773396
12.0,468.0,29.189174115178457
12.0,469.0,29.249504445915882
12.0,470.0,29.314305695656216
12.0,471.0,29.38382676955079
12.0,472.0,29.458337874700465
12.0,473.0,29.53813199060378
12.0,474.0,29.623526770138252
12.0,475.0,29.714866415337994
12.0,476.0,29.812524033031437
12.0,477.0,29.91690401713548
12.0,478.0,30.028444975468815
12.0,479.0,30.147622753278064
12.0,480.0,30.274954086059903
12.0,481.0,30.411000442909664
12.0,482.0,30.556372610417682
12.0,483.0,30.711735591956774
12.0,484.0,30.877814393482343
12.0,485.0,31.055400289923146
12.0,486.0,31.24535816902989
12.0,487.0,31.448634572569947
12.0,488.0,31.666267062807965
12.0,489.0,31.899394566860106
12.0,490.0,32.14926936277934
12.0,491.0,32.41727039789312
12.0,492.0,32.70491864035679
12.0,493.0,33.01389419097427
12.0,494.0,33.34605588323795
12.0,495.0,33.703463115561625
12.0,496.0,34.08840063196454
12.0,497.0,34.503405948811114
12.0,498.0,34.95130002770876
12.0,499.0,35.43522068503996
12.0,500.0,35.95865897503186
12.0,501.0,36.525497463335974
12.0,502.0,37.14004972561332
12.0,503.0,37.80709864055805
12.0,504.0,38.53193081413103
12.0,505.0,39.320361847214976
12.0,506.0,40.17874575904675
12.0,507.0,41.11395781077473
12.0,508.0,42.13333683884139
12.0,509.0,43.24456736090762
12.0,510.0,44.455477143534786
12.0,511.0,45.77371994245021
12.0,512.0,47.20631122350997
12.0,513.0,48.75898666897822
12.0,514.0,50.435367772601
12.0,515.0,52.23594893753744
12.0,516.0,54.15697572819343
12.0,517.0,56.18936198470831
12.0,518.0,58.31788562726425
12.0,519.0,60.52097143088697
12.0,520.0,62.77135795992074
12.0,521.0,65.0377893163058
12.0,522.0,67.28756405183935
12.0,523.0,69.4894241962726
12.0,524.0,71.61610415824111
12.0,525.0,73.64602246709825
12.0,526.0,75.56394867328208
12.0,527.0,77.36078610998086
12.0,528.0,79.03276764020444
12.0,529.0,80.58037275094361
12.0,530.0,82.00720572403822
12.0,531.0,83.31898270582069
12.0,532.0,84.52269719663667
12.0,533.0,85.62597851982086
12.0,534.0,86.63662741137155
12.0,535.0,87.5622987125248
12.0,536.0,88.41029877894489
12.0,537.0,89.18746752684133
12.0,538.0,89.9001205788228
12.0,539.0,90.55403201339608
12.0,540.0,91.15444356957478
12.0,541.0,91.70608982361686
12.0,542.0,92.21323236038289
12.0,543.0,92.6796979554177
12.0,544.0,93.10891778325642
12.0,545.0,93.50396555620641
12.0,546.0,93.86759357566596
12.0,547.0,94.2022659783665
12.0,548.0,94.510189031106
12.0,549.0,94.7933383600897
12.0,550.0,95.05348330102059
12.0,551.0,95.29220849299803
12.0,552.0,95.51093298818866
12.0,553.0,95.71092707605128
12.0,554.0,95.89332707573497
12.0,555.0,96.05914830735654
12.0,556.0,96.2092964390411
12.0,557.0,96.3445774121813
12.0,558.0,96.46570607523189
12.0,559.0,96.57331371820145
12.0,560.0,96.66795457304531
12.0,561.0,96.7501114663394
12.0,562.0,96.82020062940008
12.0,563.0,96.87857585251287
12.0,564.0,96.92553193389294
12.0,565.0,96.96130761595063
12.0,566.0,96.98608790966858
12.0,567.0,97.00000601008922
12.0,568.0,97.00314465751933
12.0,569.0,96.99553716113972
12.0,570.0,96.9771678959211
12.0,571.0,96.94797250528526
12.0,572.0,96.90783757815439
12.0,573.0,96.85660004952054
12.0,574.0,96.79404605138863
12.0,575.0,96.7199094797845
12.0,576.0,96.63386996240156
12.0,577.0,96.5355505079159
12.0,578.0,96.42451447776477
12.0,579.0,96.30026217436706
12.0,580.0,96.16222664018504
12.0,581.0,96.00976897085381
12.0,582.0,95.84217268648464
12.0,583.0,95.65863746843756
12.0,584.0,95.45827175004071
12.0,585.0,95.24008446585216
12.0,586.0,95.00297538552287
12.0,587.0,94.74572432595717
12.0,588.0,94.46697859761058
12.0,589.0,94.16523895900366
12.0,590.0,93.83884335789993
12.0,591.0,93.48594870712105
12.0,592.0,93.1045098939347
12.0,593.0,92.69225624755855
12.0,594.0,92.24666459776938
12.0,595.0,91.76492915364213
12.0,596.0,91.24392732269656
12.0,597.0,90.68018179249995
12.0,598.0,90.06981812688673
12.0,599.0,89.40851851574402
12.0,600.0,88.69147140503915
12.0,601.0,87.91331847235979
12.0,602.0,87.06809989758342
12.0,603.0,86.14920129585553
12.0,604.0,85.149306006243
12.0,605.0,84.06036010243767
12.0,606.0,82.87355937703143
12.0,607.0,81.57937329130097
12.0,608.0,80.16762511397377
12.0,609.0,78.6276557471569
12.0,610.0,76.94860490365106
12.0,611.0,75.11985182140931
12.0,612.0,73.13166009280968
12.0,613.0,70.97606869679718
12.0,614.0,68.64805086844675
12.0,615.0,66.14692096936797
12.0,616.0,63.47789242198936
12.0,617.0,60.65358177289092
12.0,618.0,57.69512555895658
12.0,619.0,54.63248205852256
12.0,620.0,51.503504898010654
12.0,621.0,48.35159344469095
12.0,622.0,45.22215253171488
12.0,623.0,42.15857995551138
12.0,624.0,39.19872619236775
12.0,625.0,36.37254478603344
12.0,626.0,33.701165928909425
12.0,627.0,31.19719820268981
12.0,628.0,28.865845401813726
12.0,629.0,26.70641058056074
12.0,630.0,24.713853926928273
12.0,631.0,22.88019961048238
12.0,632.0,21.195694573160857
12.0,633.0,19.64969953173801
12.0,634.0,18.231333709121827
12.0,635.0,16.929915510964516
12.0,636.0,15.735243584680683
12.0,637.0,14.637760598038193
12.0,638.0,13.628633237927614
12.0,639.0,12.699776101690373
12.0,640.0,11.843838517996176
12.0,641.0,11.054169485982667
12.0,642.0,10.324769775033156
12.0,643.0,9.65023877067047
12.0,644.0,9.025719528346515
12.0,645.0,8.446845643458532
12.0,646.0,7.909690633424509
12.0,647.0,7.410721559974361
12.0,648.0,6.946756342617383
12.0,649.0,6.514925686503702
12.0,650.0,6.112638579478155
12.0,651.0,5.7375519856376656
12.0,652.0,5.387543536959062
12.0,653.0,5.060687777848046
12.0,654.0,4.755234755850473
12.0,655.0,4.469591528981762
12.0,656.0,4.202305428141916
12.0,657.0,3.952049688059495
12.0,658.0,3.7176103443430106
12.0,659.0,3.497875055156832
12.0,660.0,3.2918228023996523
12.0,661.0,3.0985151688295174
12.0,662.0,2.9170881964285877
12.0,663.0,2.7467455509169283
12.0,664.0,2.5867520405750435
12.0,665.0,2.436428233704398
12.0,666.0,2.295145259153833
12.0,667.0,2.1623205459191763
12.0,668.0,2.037413617280139
12.0,669.0,1.919922700844873
12.0,670.0,1.8093812970802772
12.0,671.0,1.705355468016579
12.0,672.0,1.6074410129951102
12.0,673.0,1.5152612894607203
12.0,674.0,1.428464868001308
12.0,675.0,1.3467237727609387
12.0,676.0,1.2697315174640356
12.0,677.0,1.1972016787442084
12.0,678.0,1.128866237241933
12.0,679.0,1.0644744166552453
12.0,680.0,1.0037912709855281
12.0,681.0,0.946596736944131
12.0,682.0,0.8926844213510504
12.0,683.0,0.8418608258455729
12.0,684.0,0.7939442983264482
12.0,685.0,0.7487643975856924
12.0,686.0,0.7061609802679284
12.0,687.0,0.6659836797233436
12.0,688.0,0.6280911058186
12.0,689.0,0.592350417471782
12.0,690.0,0.5586366171863377
12.0,691.0,0.5268322007498927
12.0,692.0,0.49682653189972636
12.0,693.0,0.4685155558103436
12.0,694.0,0.4418012420697635
12.0,695.0,0.41659135105231027
12.0,696.0,0.39279893556726336
12.0,697.0,0.3703421511680018
12.0,698.0,0.34914380856286975
12.0,699.0,0.32913122046674914
12.0,700.0,0.31023579824051095
12.0,701.0,0.29239292913544424
12.0,702.0,0.2755416117302862
12.0,703.0,0.25962435842078474
12.0,704.0,0.24458686511162578
12.0,705.0,0.23037793461493677
12.0,706.0,0.21694917677422845
12.0,707.0,0.20425494909701375
12.0,708.0,0.19225208407443845
12.0,709.0,0.18089984391540592
12.0,710.0,0.17015967230619158
12.0,711.0,0.15999516056058008
12.0,712.0,0.1503718214596528
12.0,713.0,0.14125706450318035
12.0,714.0,0.13261998979748496
12.0,715.0,0.12443137040232272
12.0,716.0,0.11666346450720466
12.0,717.0,0.10929000312673492
12.0,718.0,0.10228601903321137
12.0,719.0,0.09562783827090705
12.0,720.0,0.08929292450319844
12.0,721.0,0.08325987299975207
12.0,722.0,0.07750826921621164
12.0,723.0,0.07201868406336825
12.0,724.0,0.0667725456716354
12.0,725.0,0.061752134882577046
12.0,726.0,0.05694046926304651
12.0,727.0,0.052321297870545874
12.0,728.0,0.047878996676224084
12.0,729.0,0.04359856174935146
12.0,730.0,0.03946551532693865
12.0,731.0,0.035465896641462914
12.0,732.0,0.031586177939740834
12.0,733.0,0.027813252243804692
12.0,734.0,0.024134358674475553
12.0,735.0,0.020537066489447274
12.0,736.0,0.017009209109055214
12.0,737.0,0.01353886381935782
12.0,738.0,0.010114293929884565
12.0,739.0,0.006723923563724837
12.0,740.0,0.0033562874003270765
12.0,741.0,0.0
13.0,0.0,0.0
13.0,1.0,0.0012769979354750154
13.0,2.0,0.0025583140239308524
13.0,3.0,0.0038482816204911505
13.0,4.0,0.0051512619710837974
13.0,5.0,0.0064716621275887655
13.0,6.0,0.00781394532385914
13.0,7.0,0.009182651805046686
13.0,8.0,0.010582407096129122
13.0,9.0,0.012017945951239915
13.0,10.0,0.01349411872722505
13.0,11.0,0.015015918666562265
13.0,12.0,0.016588486599064024
13.0,13.0,0.018217141783001472
13.0,14.0,0.01990738517209558
13.0,15.0,0.021664934054001186
13.0,16.0,0.023495724137477088
13.0,17.0,0.02540594824575735
13.0,18.0,0.027402057500643073
13.0,19.0,0.029490804350908856
13.0,20.0,0.03167924315649745
13.0,21.0,0.033974777859509454
13.0,22.0,0.03638516230331435
13.0,23.0,0.038918552886518534
13.0,24.0,0.04158350898938903
13.0,25.0,0.0443890509903239
13.0,26.0,0.04734466121646034
13.0,27.0,0.050460347748622424
13.0,28.0,0.05374664636552449
13.0,29.0,0.05721469061824253
13.0,30.0,0.060876215299484726
13.0,31.0,0.06474363333394498
13.0,32.0,0.06883004137751511
13.0,33.0,0.07314930414746212
13.0,34.0,0.0777160628434796
13.0,35.0,0.08254582763403148
13.0,36.0,0.08765498969464806
13.0,37.0,0.09306092267721068
13.0,38.0,0.09878199928450274
13.0,39.0,0.10483770268173244
13.0,40.0,0.11124864867462976
13.0,41.0,0.11803670818227496
13.0,42.0,0.12522503626480727
13.0,43.0,0.13283820697021687
13.0,44.0,0.14090225067443027
13.0,45.0,0.1494448028505409
13.0,46.0,0.15849515144817722
13.0,47.0,0.16808440142248296
13.0,48.0,0.17824553420350045
13.0,49.0,0.1890135901779679
13.0,50.0,0.200425742698758
13.0,51.0,0.21252150115320612
13.0,52.0,0.22534280245788013
13.0,53.0,0.23893423789599189
13.0,54.0,0.25334316566049436
13.0,55.0,0.26861996533045934
13.0,56.0,0.284818175800288
13.0,57.0,0.30199478213028086
13.0,58.0,0.3202103841767779
13.0,59.0,0.33952952164717415
13.0,60.0,0.36002087998420423
13.0,61.0,0.38175766084809837
13.0,62.0,0.40481783338556937
13.0,63.0,0.42928455914058294
13.0,64.0,0.45524649885684515
13.0,65.0,0.4827983031007057
13.0,66.0,0.5120409873391875
13.0,67.0,0.543082502497697
13.0,68.0,0.5760381944003077
13.0,69.0,0.6110314722835141
13.0,70.0,0.6481943730133696
13.0,71.0,0.6876683504998896
13.0,72.0,0.729604970720243
13.0,73.0,0.7741668513730987
13.0,74.0,0.8215285210331165
13.0,75.0,0.871877546698948
13.0,76.0,0.9254155998891864
13.0,77.0,0.9823598205432794
13.0,78.0,1.0429441451820953
13.0,79.0,1.1074209696266628
13.0,80.0,1.1760628102648467
13.0,81.0,1.2491643460972652
13.0,82.0,1.3270445045599941
13.0,83.0,1.4100489863929682
13.0,84.0,1.4985528932405854
13.0,85.0,1.592963867534206
13.0,86.0,1.693725410775672
13.0,87.0,1.8013208051825609
13.0,88.0,1.916277308645284
13.0,89.0,2.0391710637493614
13.0,90.0,2.1706323947300477
13.0,91.0,2.3113519470960218
13.0,92.0,2.4620873443581726
13.0,93.0,2.623670823498521
13.0,94.0,2.7970175129586945
13.0,95.0,2.983134802980523
13.0,96.0,3.1831324333491775
13.0,97.0,3.398233693681055
13.0,98.0,3.6297872602195898
13.0,99.0,3.879279918625071
13.0,100.0,4.148349466764365
13.0,101.0,4.4387977196986235
13.0,102.0,4.752602430805351
13.0,103.0,5.09192738411224
13.0,104.0,5.459128542145571
13.0,105.0,5.856754258300635
13.0,106.0,6.28753579473
13.0,107.0,6.754364080400016
13.0,108.0,7.2602464428446325
13.0,109.0,7.8082364499708685
13.0,110.0,8.401327845940807
13.0,111.0,9.04230373861285
13.0,112.0,9.73353204757385
13.0,113.0,10.476702330322492
13.0,114.0,11.272505483236563
13.0,115.0,12.120271348469174
13.0,116.0,13.017597111774872
13.0,117.0,13.960023414956483
13.0,118.0,14.940836255652224
13.0,119.0,15.951083700247914
13.0,120.0,16.97987943104645
13.0,121.0,18.01501302403445
13.0,122.0,19.043801687633984
13.0,123.0,20.05403497387337
13.0,124.0,21.034826517063877
13.0,125.0,21.977224311381285
13.0,126.0,22.87451425780866
13.0,127.0,23.722236876676252
13.0,128.0,24.517989207065234
13.0,129.0,25.261100918690655
13.0,130.0,25.952262709179116
13.0,131.0,26.593163910202684
13.0,132.0,27.18617218772083
13.0,133.0,27.734070367193606
13.0,134.0,28.239851880695714
13.0,135.0,28.706569953167396
13.0,136.0,29.13723153716556
13.0,137.0,29.534727153243058
13.0,138.0,29.90178762033404
13.0,139.0,30.240960812128872
13.0,140.0,30.554602173326273
13.0,141.0,30.84487493004251
13.0,142.0,31.11375623571975
13.0,143.0,31.36304726118938
13.0,144.0,31.594385113506537
13.0,145.0,31.809255838321768
13.0,146.0,32.00900731998363
13.0,147.0,32.19486200132257
13.0,148.0,32.36792871729773
13.0,149.0,32.52921389183464
13.0,150.0,32.67963162188288
13.0,151.0,32.82001304379552
13.0,152.0,32.95111460700592
13.0,153.0,33.073625704942394
13.0,154.0,33.18817532671101
13.0,155.0,33.29533819147043
13.0,156.0,33.39564003947475
13.0,157.0,33.48956253502675
13.0,158.0,33.577547454497356
13.0,159.0,33.66000060092465
13.0,160.0,33.737295114137666
13.0,161.0,33.80977460241933
13.0,162.0,33.87775576048288
13.0,163.0,33.941530884700654
13.0,164.0,34.0013699475374
13.0,165.0,34.05752262822507
13.0,166.0,34.11021996049882
13.0,167.0,34.15967598181842
13.0,168.0,34.206089045384175
13.0,169.0,34.249643167911366
13.0,170.0,34.290509076370505
13.0,171.0,34.328845316136324
13.0,172.0,34.364799086817214
13.0,173.0,34.398507158412315
13.0,174.0,34.43009653807232
13.0,175.0,34.45968523085578
13.0,176.0,34.48738276950646
13.0,177.0,34.513290847777085
13.0,178.0,34.537503737659605
13.0,179.0,34.560108816450246
13.0,180.0,34.58118688979827
13.0,181.0,34.60081262824781
13.0,182.0,34.61905480955872
13.0,183.0,34.635976676005306
13.0,184.0,34.6516361053409
13.0,185.0,34.666085896374994
13.0,186.0,34.67937387445305
13.0,187.0,34.69154310956472
13.0,188.0,34.702631959131196
13.0,189.0,34.71267422000815
13.0,190.0,34.72169910867045
13.0,191.0,34.72973134600649
13.0,192.0,34.736791072823074
13.0,193.0,34.74289386460386
13.0,194.0,34.7480505791726
13.0,195.0,34.75226729847204
13.0,196.0,34.755545106532885
13.0,197.0,34.757879958755
13.0,198.0,34.759262394829754
13.0,199.0,34.75967734695717
13.0,200.0,34.75910380965376
13.0,201.0,34.75751462455134
13.0,202.0,34.75487616761005
13.0,203.0,34.75114820363233
13.0,204.0,34.74628372947351
13.0,205.0,34.74022909889964
13.0,206.0,34.73292430483783
13.0,207.0,34.72430376374292
13.0,208.0,34.714297556838964
13.0,209.0,34.70283354546736
13.0,210.0,34.689840401191375
13.0,211.0,34.67525201704246
13.0,212.0,34.65901334712989
13.0,213.0,34.641088020532955
13.0,214.0,34.6214674842807
13.0,215.0,34.600181445129536
13.0,216.0,34.57730847529577
13.0,217.0,34.55298534775316
13.0,218.0,34.52741268226225
13.0,219.0,34.50085454345434
13.0,220.0,34.47362975204396
13.0,221.0,34.44609451862642
13.0,222.0,34.41861809064253
13.0,223.0,34.391555826068306
13.0,224.0,34.365224839096584
13.0,225.0,34.3398866245765
13.0,226.0,34.31573836532702
13.0,227.0,34.29291251141041
13.0,228.0,34.27148241949589
13.0,229.0,34.25147165970331
13.0,230.0,34.23286461164797
13.0,231.0,34.21561686782752
13.0,232.0,34.19966436352562
13.0,233.0,34.184930941973306
13.0,234.0,34.17133417700685
13.0,235.0,34.15878972471825
13.0,236.0,34.14721433211096
13.0,237.0,34.136527881326124
13.0,238.0,34.12665460416526
13.0,239.0,34.11752378299116
13.0,240.0,34.10907000004271
13.0,241.0,34.10123316548354
13.0,242.0,34.09395832031065
13.0,243.0,34.08719537950119
13.0,244.0,34.08089877016812
13.0,245.0,34.07502708896336
13.0,246.0,34.06954271239652
13.0,247.0,34.064411459848685
13.0,248.0,34.05960223455146
13.0,249.0,34.05508672770121
13.0,250.0,34.050839109585624
13.0,251.0,34.046835783613474
13.0,252.0,34.04305512927159
13.0,253.0,34.039477303360805
13.0,254.0,34.03608402932095
13.0,255.0,34.03285843882398
13.0,256.0,34.02978489989031
13.0,257.0,34.026848891209795
13.0,258.0,34.02403686154476
13.0,259.0,34.02133612974162
13.0,260.0,34.018734768802595
13.0,261.0,34.01622152558013
13.0,262.0,34.01378572397348
13.0,263.0,34.01141719935305
13.0,264.0,34.00910621633576
13.0,265.0,34.00684341390422
13.0,266.0,34.00461973404251
13.0,267.0,34.00242637424688
13.0,268.0,34.000254723941374
13.0,269.0,33.99809632162131
13.0,270.0,33.9959427964246
13.0,271.0,33.99378582752116
13.0,272.0,33.99161708850767
13.0,273.0,33.98942820687024
13.0,274.0,33.987210709011634
13.0,275.0,33.98495597768301
13.0,276.0,33.982655195450434
13.0,277.0,33.98029929791777
13.0,278.0,33.97787891329447
13.0,279.0,33.97538430901148
13.0,280.0,33.97280532475634
13.0,281.0,33.97013130970695
13.0,282.0,33.967351045939004
13.0,283.0,33.96445267295206
13.0,284.0,33.961423597712255
13.0,285.0,33.95825040240718
13.0,286.0,33.95491873655421
13.0,287.0,33.951413202996754
13.0,288.0,33.94771722650538
13.0,289.0,33.943812911966354
13.0,290.0,33.93968088282288
13.0,291.0,33.93530010437014
13.0,292.0,33.93064768449094
13.0,293.0,33.925698654372006
13.0,294.0,33.92042572390857
13.0,295.0,33.91479901292904
13.0,296.0,33.908785755749435
13.0,297.0,33.90234998012382
13.0,298.0,33.89545216256602
13.0,299.0,33.88804886375782
13.0,300.0,33.88009235404903
13.0,301.0,33.871530240719935
13.0,302.0,33.862305122069195
13.0,303.0,33.852354297779
13.0,304.0,33.84160958840642
13.0,305.0,33.829997327890766
13.0,306.0,33.81743862998567
13.0,307.0,33.803850050725686
13.0,308.0,33.78914482046843
13.0,309.0,33.77323484664322
13.0,310.0,33.75603374017701
13.0,311.0,33.737461122455116
13.0,312.0,33.71744846582698
13.0,313.0,33.69594661067554
13.0,314.0,33.672934913048806
13.0,315.0,33.648431596338376
13.0,316.0,33.62250436470666
13.0,317.0,33.59527965436435
13.0,318.0,33.56694828971293
13.0,319.0,33.53776500292193
13.0,320.0,33.508039757122994
13.0,321.0,33.47812030671474
13.0,322.0,33.4483678576903
13.0,323.0,33.41913007240406
13.0,324.0,33.390716729562705
13.0,325.0,33.36338228391418
13.0,326.0,33.33731718842601
13.0,327.0,33.31264741262203
13.0,328.0,33.28944009701159
13.0,329.0,33.26771280248331
13.0,330.0,33.24744412129109
13.0,331.0,33.22858402617718
13.0,332.0,33.21106301479055
13.0,333.0,33.19479962349041
13.0,334.0,33.179706263807816
13.0,335.0,33.1656935253796
13.0,336.0,33.15267319742474
13.0,337.0,33.140560266640556
13.0,338.0,33.129274143297856
13.0,339.0,33.11873931794907
13.0,340.0,33.10888562080354
13.0,341.0,33.09964820747118
13.0,342.0,33.090967370151716
13.0,343.0,33.082788240109366
13.0,344.0,33.07506043205024
13.0,345.0,33.0677376622192
13.0,346.0,33.060777362585306
13.0,347.0,33.05414030562826
13.0,348.0,33.04779024650676
13.0,349.0,33.041693589709226
13.0,350.0,33.03581907833415
13.0,351.0,33.030137511065966
13.0,352.0,33.024621479843965
13.0,353.0,33.01924513404781
13.0,354.0,33.01398396062343
13.0,355.0,33.00881458815398
13.0,356.0,33.00371460131543
13.0,357.0,32.998662376638684
13.0,358.0,32.99363692313414
13.0,359.0,32.98861774202646
13.0,360.0,32.98358468613826
13.0,361.0,32.97851783675749
13.0,362.0,32.97339737526958
13.0,363.0,32.9682034711772
13.0,364.0,32.96291616024231
13.0,365.0,32.95751523834264
13.0,366.0,32.95198014092148
13.0,367.0,32.946289837768695
13.0,368.0,32.94042270883615
13.0,369.0,32.93435643514912
13.0,370.0,32.92806786601214
13.0,371.0,32.92153290107303
13.0,372.0,32.91472634359895
13.0,373.0,32.90762176820652
13.0,374.0,32.9001913542003
13.0,375.0,32.892405732608104
13.0,376.0,32.884233792493724
13.0,377.0,32.875642499635624
13.0,378.0,32.86659666717927
13.0,379.0,32.85705873648493
13.0,380.0,32.846988501376046
13.0,381.0,32.83634283925106
13.0,382.0,32.82507537539805
13.0,383.0,32.813136149296696
13.0,384.0,32.800471201890005
13.0,385.0,32.78702215799445
13.0,386.0,32.77272571497466
13.0,387.0,32.75751311731669
13.0,388.0,32.74130951991966
13.0,389.0,32.724033325394494
13.0,390.0,32.7055953896226
13.0,391.0,32.68589818701908
13.0,392.0,32.66483482141889
13.0,393.0,32.642287981440354
13.0,394.0,32.61812871927002
13.0,395.0,32.59221516204449
13.0,396.0,32.564391031569116
13.0,397.0,32.53448409823397
13.0,398.0,32.502304450335
13.0,399.0,32.4676427345741
13.0,400.0,32.430268272592286
13.0,401.0,32.38992726539908
13.0,402.0,32.346341049703064
13.0,403.0,32.299204722866534
13.0,404.0,32.248186223644055
13.0,405.0,32.19292637321109
13.0,406.0,32.13304018853866
13.0,407.0,32.06812027893917
13.0,408.0,31.997742985983592
13.0,409.0,31.92147848755354
13.0,410.0,31.838905908756285
13.0,411.0,31.749634953534155
13.0,412.0,31.653335085682127
13.0,413.0,31.549773217931612
13.0,414.0,31.43885942897208
13.0,415.0,31.320698832990587
13.0,416.0,31.19564462677591
13.0,417.0,31.064344465193177
13.0,418.0,30.927768723770086
13.0,419.0,30.787208224203575
13.0,420.0,30.64423083499357
13.0,421.0,30.500594409790402
13.0,422.0,30.358125077465523
13.0,423.0,30.21858241273166
13.0,424.0,30.083537729394468
13.0,425.0,29.95428703641261
13.0,426.0,29.83180764817697
13.0,427.0,29.716755945629288
13.0,428.0,29.60949565526863
13.0,429.0,29.510144278515813
13.0,430.0,29.41862616253827
13.0,431.0,29.334724442537908
13.0,432.0,29.258126790548296
13.0,433.0,29.188463196924616
13.0,434.0,29.12533519219407
13.0,435.0,29.06833759177017
13.0,436.0,29.017073658035063
13.0,437.0,28.971165339508254
13.0,438.0,28.930259473853003
13.0,439.0,28.894031343176092
13.0,440.0,28.86218606435639
13.0,441.0,28.834458814454763
13.0,442.0,28.810614004628174
13.0,443.0,28.790444117512926
13.0,444.0,28.773768075798426
13.0,445.0,28.76042969006693
13.0,446.0,28.750295910067244
13.0,447.0,28.743255343163042
13.0,448.0,28.739216685026236
13.0,449.0,28.738107490353595
13.0,450.0,28.739872885582535
13.0,451.0,28.74447464117336
13.0,452.0,28.751890181065367
13.0,453.0,28.762111949444108
13.0,454.0,28.775146697331245
13.0,455.0,28.791015117601344
13.0,456.0,28.809751380269397
13.0,457.0,28.831403007551824
13.0,458.0,28.856030631958788
13.0,459.0,28.88370808858723
13.0,460.0,28.914522377311794
13.0,461.0,28.9485739577297
13.0,462.0,28.98597690561052
13.0,463.0,29.026859405118355
13.0,464.0,29.071364099132563
13.0,465.0,29.119648782997682
13.0,466.0,29.171886958189848
13.0,467.0,29.228268741983932
13.0,468.0,29.289001644503564
13.0,469.0,29.354311719785994
13.0,470.0,29.424444598072583
13.0,471.0,29.49966691645024
13.0,472.0,29.580267652063245
13.0,473.0,29.666559885657648
13.0,474.0,29.758882498162325
13.0,475.0,29.857602339102026
13.0,476.0,29.963116369860405
13.0,477.0,30.07585433233466
13.0,478.0,30.196281448562676
13.0,479.0,30.324901714707515
13.0,480.0,30.462261300275557
13.0,481.0,30.60895263033188
13.0,482.0,30.765618670132966
13.0,483.0,30.932958006290757
13.0,484.0,31.11173025613177
13.0,485.0,31.302762417967827
13.0,486.0,31.506955710033264
13.0,487.0,31.72529353142178
13.0,488.0,31.958850112023434
13.0,489.0,32.208800505878806
13.0,490.0,32.476431514666416
13.0,491.0,32.76315421277796
13.0,492.0,33.07051767383099
13.0,493.0,33.40022457220517
13.0,494.0,33.75414824980988
13.0,495.0,34.13435188499311
13.0,496.0,34.54310928673526
13.0,497.0,34.98292782579197
13.0,498.0,35.45657283092037
13.0,499.0,35.9670936491291
13.0,500.0,36.517850238314466
13.0,501.0,37.11253980450428
13.0,502.0,37.75522137812969
13.0,503.0,38.450336455387195
13.0,504.0,39.202721700702874
13.0,505.0,40.017609258861214
13.0,506.0,40.900607306627705
13.0,507.0,41.857652110663594
13.0,508.0,42.894919078032444
13.0,509.0,44.01867829472839
13.0,510.0,45.235076397443756
13.0,511.0,46.54982618795253
13.0,512.0,47.967785902162596
13.0,513.0,49.49241767407157
13.0,514.0,51.125128696913464
13.0,515.0,52.86452557088114
13.0,516.0,54.705649926153576
13.0,517.0,56.63931197327943
13.0,518.0,58.65168304366022
13.0,519.0,60.72432979415272
13.0,520.0,62.834838706305355
13.0,521.0,64.95807132814772
13.0,522.0,67.06791647944412
13.0,523.0,69.13923345924562
13.0,524.0,71.14960424769558
13.0,525.0,73.08058872326164
13.0,526.0,74.91834915149681
13.0,527.0,76.65368434027783
13.0,528.0,78.28162216238835
13.0,529.0,79.80075303122776
13.0,530.0,81.21246549783984
13.0,531.0,82.52020049787696
13.0,532.0,83.72879247768165
13.0,533.0,84.8439277303379
13.0,534.0,85.87172361930509
13.0,535.0,86.81841803636746
13.0,536.0,87.6901512159902
13.0,537.0,88.49282108714043
13.0,538.0,89.23199425234912
13.0,539.0,89.91285782649003
13.0,540.0,90.54019990042465
13.0,541.0,91.11840959893115
13.0,542.0,91.65148967562381
13.0,543.0,92.14307686184871
13.0,544.0,92.59646631217686
13.0,545.0,93.01463790703811
13.0,546.0,93.40028268692042
13.0,547.0,93.75582853117429
13.0,548.0,94.08346436280638
13.0,549.0,94.38516264565513
13.0,550.0,94.66269994770363
13.0,551.0,94.91767561659387
13.0,552.0,95.15152856824074
13.0,553.0,95.36555232712851
13.0,554.0,95.56090841787235
13.0,555.0,95.7386382509064
13.0,556.0,95.89967364257221
13.0,557.0,96.04484607827075
13.0,558.0,96.174894876231
13.0,559.0,96.29047431177526
13.0,560.0,96.39215986961801
13.0,561.0,96.48045363154813
13.0,562.0,96.55578897668323
13.0,563.0,96.61853454984067
13.0,564.0,96.6689976871105
13.0,565.0,96.70742720458114
13.0,566.0,96.73401575400351
13.0,567.0,96.74890160410997
13.0,568.0,96.75217006856484
13.0,569.0,96.74385439397932
13.0,570.0,96.72393634799047
13.0,571.0,96.69234627689134
13.0,572.0,96.6489628928875
13.0,573.0,96.59361251718221
13.0,574.0,96.52606805927986
13.0,575.0,96.44604741538429
13.0,576.0,96.35321158600256
13.0,577.0,96.24716215154035
13.0,578.0,96.12743842426575
13.0,579.0,95.99351386981775
13.0,580.0,95.84479213255334
13.0,581.0,95.68060221000479
13.0,582.0,95.50019312341557
13.0,583.0,95.30272757869632
13.0,584.0,95.0872749734358
13.0,585.0,94.8528031898718
13.0,586.0,94.59816953380117
13.0,587.0,94.32211020165511
13.0,588.0,94.02322863661615
13.0,589.0,93.69998209718663
13.0,590.0,93.3506668001892
13.0,591.0,92.9734009078973
13.0,592.0,92.56610573232153
13.0,593.0,92.12648439280734
13.0,594.0,91.6519983433976
13.0,595.0,91.1398410259314
13.0,596.0,90.58690918921783
13.0,597.0,89.9897712725455
13.0,598.0,89.3446336961178
13.0,599.0,88.64730485881473
13.0,600.0,87.89315835647747
13.0,601.0,87.07709614216898
13.0,602.0,86.19351452693341
13.0,603.0,85.2362756344932
13.0,604.0,84.1986898782772
13.0,605.0,83.07351562034874
13.0,606.0,81.85298628960501
13.0,607.0,80.52887703150508
13.0,608.0,79.09262834471271
13.0,609.0,77.53554675804216
13.0,610.0,75.84910787262115
13.0,611.0,74.02538746264538
13.0,612.0,72.05764590194215
13.0,613.0,69.94108028136537
13.0,614.0,67.67373953334062
13.0,615.0,65.25756001888995
13.0,616.0,62.69942722597814
13.0,617.0,60.01210132791481
13.0,618.0,57.21478315633696
13.0,619.0,54.33306660378067
13.0,620.0,51.39807131391898
13.0,621.0,48.444699173886285
13.0,622.0,45.50920073916989
13.0,623.0,42.626476192120194
13.0,624.0,39.82764176407996
13.0,625.0,37.13828620939026
13.0,626.0,34.577603487241106
13.0,627.0,32.15834512741917
13.0,628.0,29.88738618897441
13.0,629.0,27.766650762913887
13.0,630.0,25.794173649788338
13.0,631.0,23.965135871543357
13.0,632.0,22.272779768122135
13.0,633.0,20.709161019421927
13.0,634.0,19.265733035750145
13.0,635.0,17.93377794183532
13.0,636.0,16.704709573464754
13.0,637.0,15.570274015070282
13.0,638.0,14.522673179870932
13.0,639.0,13.554631296001471
13.0,640.0,12.659421955330624
13.0,641.0,11.83086758256517
13.0,642.0,11.063321827701747
13.0,643.0,10.35164080226338
13.0,644.0,9.691148977492034
13.0,645.0,9.077602094589517
13.0,646.0,8.507150259074415
13.0,647.0,7.97630165342628
13.0,648.0,7.481888678167352
13.0,649.0,7.02103601086701
13.0,650.0,6.5911317456242635
13.0,651.0,6.189800677061222
13.0,652.0,5.814880611703203
13.0,653.0,5.464400605514261
13.0,654.0,5.136561908665539
13.0,655.0,4.829720473863648
13.0,656.0,4.542371787440491
13.0,657.0,4.273136890805736
13.0,658.0,4.0207503613767965
13.0,659.0,3.7840491523878264
13.0,660.0,3.5619630798905897
13.0,661.0,3.3535058935995274
13.0,662.0,3.157767738566472
13.0,663.0,2.973907980776484
13.0,664.0,2.801149218050945
13.0,665.0,2.6387714828347084
13.0,666.0,2.4861074673989636
13.0,667.0,2.3425378082418318
13.0,668.0,2.2074872642911
13.0,669.0,2.08042085300738
13.0,670.0,1.9608407785919126
13.0,671.0,1.8482832414303485
13.0,672.0,1.7423159587878845
13.0,673.0,1.6425355092417706
13.0,674.0,1.5485653235227863
13.0,675.0,1.4600534564519128
13.0,676.0,1.3766709526842378
13.0,677.0,1.2981099624154644
13.0,678.0,1.2240824076280246
13.0,679.0,1.1543183760987283
13.0,680.0,1.0885650297868985
13.0,681.0,1.0265852257366392
13.0,682.0,0.9681566206109308
13.0,683.0,0.9130704779307153
13.0,684.0,0.8611309323141905
13.0,685.0,0.8121539508884288
13.0,686.0,0.7659667282018002
13.0,687.0,0.7224067761601258
13.0,688.0,0.6813214263462681
13.0,689.0,0.6425670279113961
13.0,690.0,0.6060085385424543
13.0,691.0,0.5715188137140395
13.0,692.0,0.5389782710829412
13.0,693.0,0.5082742576314699
13.0,694.0,0.4793007750601701
13.0,695.0,0.4519579138226794
13.0,696.0,0.42615162930197603
13.0,697.0,0.4017932336976082
13.0,698.0,0.3787992145364859
13.0,699.0,0.3570907769385029
13.0,700.0,0.33659369742870926
13.0,701.0,0.3172379103635263
13.0,702.0,0.2989573911529953
13.0,703.0,0.2816897816435177
13.0,704.0,0.26537629778518224
13.0,705.0,0.24996138958957884
13.0,706.0,0.23539266903307401
13.0,707.0,0.2216206008794693
13.0,708.0,0.20859844723048665
13.0,709.0,0.19628198605368977
13.0,710.0,0.1846294693035491
13.0,711.0,0.1736013664491362
13.0,712.0,0.16316033351417264
13.0,713.0,0.15327097927531405
13.0,714.0,0.14389984292417227
13.0,715.0,0.13501518092025439
13.0,716.0,0.12658695127515315
13.0,717.0,0.11858661930599552
13.0,718.0,0.11098714679213945
13.0,719.0,0.10376281509449091
13.0,720.0,0.0968892176463005
13.0,721.0,0.09034309908820316
13.0,722.0,0.08410234973358544
13.0,723.0,0.07814585952448048
13.0,724.0,0.07245351326367246
13.0,725.0,0.0670060583272699
13.0,726.0,0.06178509958438899
13.0,727.0,0.05677297991203743
13.0,728.0,0.05195277383221654
13.0,729.0,0.04730817996664533
13.0,730.0,0.04282351251313256
13.0,731.0,0.0384836048540382
13.0,732.0,0.03427379807095246
13.0,733.0,0.03017985498353379
13.0,734.0,0.02618794496562592
13.0,735.0,0.022284567741741958
13.0,736.0,0.018456533820132782
13.0,737.0,0.014690897413895182
13.0,738.0,0.010974931848260976
13.0,739.0,0.007296071003009801
13.0,740.0,0.003641879083211115
13.0,741.0,0.0
14.0,0.0,0.0
14.0,1.0,0.001376348415359458
14.0,2.0,0.0027573509875263454
14.0,3.0,0.0041476768705584355
14.0,4.0,0.005552028029474001
14.0,5.0,0.006975151635944539
14.0,6.0,0.008421860913536432
14.0,7.0,0.009897045149746974
14.0,8.0,0.011405693791195232
14.0,9.0,0.01295290429612357
14.0,10.0,0.01454390970454905
14.0,11.0,0.01618408456491494
14.0,12.0,0.017878976214192696
14.0,13.0,0.019634309025457673
14.0,14.0,0.021456019646504038
14.0,15.0,0.023350259831997483
14.0,16.0,0.025323435906619538
14.0,17.0,0.02738221046646302
14.0,18.0,0.02953354635443715
14.0,19.0,0.031784707541161965
14.0,20.0,0.03414330792682678
14.0,21.0,0.036617311742565745
14.0,22.0,0.03921508752478136
14.0,23.0,0.04194540841454116
14.0,24.0,0.04481751168831942
14.0,25.0,0.04784109937620846
14.0,26.0,0.0510264037780471
14.0,27.0,0.05438418887226005
14.0,28.0,0.05792582229961281
14.0,29.0,0.06166327809460609
14.0,30.0,0.06560921568209385
14.0,31.0,0.06977698453401453
14.0,32.0,0.07418071079866279
14.0,33.0,0.07883530456918748
14.0,34.0,0.0837565548537047
14.0,35.0,0.08896114024099824
14.0,36.0,0.09446673302476591
14.0,37.0,0.10029201416953709
14.0,38.0,0.10645678752775772
14.0,39.0,0.11298200014913734
14.0,40.0,0.11988986767954542
14.0,41.0,0.12720390122493017
14.0,42.0,0.1349490452018726
14.0,43.0,0.14315171216936604
14.0,44.0,0.1518399346196665
14.0,45.0,0.1610434094358356
14.0,46.0,0.17079366537755786
14.0,47.0,0.18112411911996626
14.0,48.0,0.19207026051428966
14.0,49.0,0.20366972252759427
14.0,50.0,0.21596248675776783
14.0,51.0,0.22899097004174804
14.0,52.0,0.24280025319811063
14.0,53.0,0.25743818762543197
14.0,54.0,0.2729556508589661
14.0,55.0,0.289406677169793
14.0,56.0,0.306848744287482
14.0,57.0,0.32534293287181765
14.0,58.0,0.34495424971328875
14.0,59.0,0.3657518220306244
14.0,60.0,0.3878092636702313
14.0,61.0,0.4112049115468765
14.0,62.0,0.4360222428928125
14.0,63.0,0.4623501628864724
14.0,64.0,0.4902834829438402
14.0,65.0,0.5199232707754206
14.0,66.0,0.5513774021851165
14.0,67.0,0.5847609875936919
14.0,68.0,0.6201970129667305
14.0,69.0,0.6578168604161817
14.0,70.0,0.6977610579141514
14.0,71.0,0.7401799161528655
14.0,72.0,0.7852344118620815
14.0,73.0,0.8330969689480503
14.0,74.0,0.8839525068262948
14.0,75.0,0.9379994013109143
14.0,76.0,0.995450737772269
14.0,77.0,1.0565354967101113
14.0,78.0,1.1215000621734574
14.0,79.0,1.1906096888670499
14.0,80.0,1.264150329572428
14.0,81.0,1.3424304554289934
14.0,82.0,1.4257832824346877
14.0,83.0,1.514569034462093
14.0,84.0,1.6091776683550347
14.0,85.0,1.7100316900430865
14.0,86.0,1.817589499576305
14.0,87.0,1.9323488929804231
14.0,88.0,2.0548511703568906
14.0,89.0,2.1856854759728552
14.0,90.0,2.3254938282906856
14.0,91.0,2.4749764592299877
14.0,92.0,2.63489792152748
14.0,93.0,2.806093566186731
14.0,94.0,2.989476832934278
14.0,95.0,3.1860469146321573
14.0,96.0,3.3968971879172507
14.0,97.0,3.6232238818636615
14.0,98.0,3.8663352586134727
14.0,99.0,4.12766059649246
14.0,100.0,4.4087590057033506
14.0,101.0,4.711327019253013
14.0,102.0,5.037204526550147
14.0,103.0,5.388377365505914
14.0,104.0,5.766975331407182
14.0,105.0,6.175262881326011
14.0,106.0,6.615620027408186
14.0,107.0,7.090509211674886
14.0,108.0,7.60242404960945
14.0,109.0,8.153814199498205
14.0,110.0,8.746981173270013
14.0,111.0,9.383939362180556
14.0,112.0,10.066239157269715
14.0,113.0,10.794751803989493
14.0,114.0,11.569422973583807
14.0,115.0,12.389010677395808
14.0,116.0,13.250836427323827
14.0,117.0,14.150590773824305
14.0,118.0,15.082245110405754
14.0,119.0,16.0381208983114
14.0,120.0,17.009152369171918
14.0,121.0,17.985342703466202
14.0,122.0,18.9563665583762
14.0,123.0,19.912227088583986
14.0,124.0,20.843858474027368
14.0,125.0,21.743582098199244
14.0,126.0,22.60536925050158
14.0,127.0,23.424910350601724
14.0,128.0,24.199526752424585
14.0,129.0,24.927976281657322
14.0,130.0,25.61020439549465
14.0,131.0,26.247082096265217
14.0,132.0,26.840159501883452
14.0,133.0,27.39145069959919
14.0,134.0,27.90325686529844
14.0,135.0,28.378027288093154
14.0,136.0,28.818255179760826
14.0,137.0,29.226402542751032
14.0,138.0,29.604848912110604
14.0,139.0,29.95585822868239
14.0,140.0,30.28155973044779
14.0,141.0,30.583938655029993
14.0,142.0,30.864834246308927
14.0,143.0,31.125942344270566
14.0,144.0,31.368821316000048
14.0,145.0,31.594899643962624
14.0,146.0,31.80548473870466
14.0,147.0,32.00177191886879
14.0,148.0,32.18485358839411
14.0,149.0,32.35572790155304
14.0,150.0,32.515307189659914
14.0,151.0,32.66442562124851
14.0,152.0,32.803846488021705
14.0,153.0,32.934268677355256
14.0,154.0,33.05633277448271
14.0,155.0,33.170626395978495
14.0,156.0,33.27768921382969
14.0,157.0,33.3780172887665
14.0,158.0,33.472067171480305
14.0,159.0,33.560259396559346
14.0,160.0,33.64298181954174
14.0,161.0,33.720592423730984
14.0,162.0,33.793422035992286
14.0,163.0,33.86177657882058
14.0,164.0,33.92593928594828
14.0,165.0,33.98617250969583
14.0,166.0,34.04271953556317
14.0,167.0,34.09580603400872
14.0,168.0,34.14564155366928
14.0,169.0,34.192420688691044
14.0,170.0,34.23632431376846
14.0,171.0,34.27752052322763
14.0,172.0,34.31616565762559
14.0,173.0,34.35240505870271
14.0,174.0,34.386373926468394
14.0,175.0,34.41819792446254
14.0,176.0,34.4479938976165
14.0,177.0,34.47587035454163
14.0,178.0,34.50192806955694
14.0,179.0,34.526260462540904
14.0,180.0,34.54895410297668
14.0,181.0,34.57008900291061
14.0,182.0,34.58973903636431
14.0,183.0,34.60797215685675
14.0,184.0,34.62485074182107
14.0,185.0,34.64043174275345
14.0,186.0,34.65476696117671
14.0,187.0,34.667903136645684
14.0,188.0,34.67988215823563
14.0,189.0,34.690741093337856
14.0,190.0,34.70051233667183
14.0,191.0,34.7092235811978
14.0,192.0,34.71689790554149
14.0,193.0,34.72355368789365
14.0,194.0,34.72920463319452
14.0,195.0,34.733859632605714
14.0,196.0,34.73752273528407
14.0,197.0,34.740192961934525
14.0,198.0,34.74186423531186
14.0,199.0,34.74252517029518
14.0,200.0,34.74215899746904
14.0,201.0,34.740743380762815
14.0,202.0,34.73825040812619
14.0,203.0,34.73464654169631
14.0,204.0,34.72989282141298
14.0,205.0,34.72394514615437
14.0,206.0,34.71675495439172
14.0,207.0,34.708270178859905
14.0,208.0,34.69843683508188
14.0,209.0,34.68720117004825
14.0,210.0,34.67451275351454
14.0,211.0,34.660328445631585
14.0,212.0,34.64461755646952
14.0,213.0,34.62736798566026
14.0,214.0,34.608593361219725
14.0,215.0,34.588340516767374
14.0,216.0,34.56669669212942
14.0,217.0,34.54379507550401
14.0,218.0,34.51981740775708
14.0,219.0,34.49499198827206
14.0,220.0,34.46958624765369
14.0,221.0,34.4438936958082
14.0,222.0,34.41821677990619
14.0,223.0,34.392848092561195
14.0,224.0,34.36805322476931
14.0,225.0,34.34405771123739
14.0,226.0,34.321039587967505
14.0,227.0,34.29912739249696
14.0,228.0,34.27840274282829
14.0,229.0,34.25890587091307
14.0,230.0,34.24064278738779
14.0,231.0,34.22359274671301
14.0,232.0,34.20771533926054
14.0,233.0,34.192956615027256
14.0,234.0,34.17925418506925
14.0,235.0,34.166541168772945
14.0,236.0,34.15474921508593
14.0,237.0,34.143810625675876
14.0,238.0,34.13365986063847
14.0,239.0,34.124234461586
14.0,240.0,34.11547563578749
14.0,241.0,34.107328498567135
14.0,242.0,34.09974216555462
14.0,243.0,34.092669655638964
14.0,244.0,34.08606775403613
14.0,245.0,34.07989677264926
14.0,246.0,34.07412032811932
14.0,247.0,34.068705062643446
14.0,248.0,34.06362040899725
14.0,249.0,34.05883832055579
14.0,250.0,34.054333055190796
14.0,251.0,34.05008093416324
14.0,252.0,34.04606015606875
14.0,253.0,34.04225058975809
14.0,254.0,34.03863361955599
14.0,255.0,34.03519197072457
14.0,256.0,34.03190958290356
14.0,257.0,34.028771464021965
14.0,258.0,34.02576358745562
14.0,259.0,34.022872769628975
14.0,260.0,34.0200865862465
14.0,261.0,34.017393269023614
14.0,262.0,34.01478163674878
14.0,263.0,34.01224100709579
14.0,264.0,34.00976113883559
14.0,265.0,34.00733215525181
14.0,266.0,34.004944494369724
14.0,267.0,34.00258884100777
14.0,268.0,34.00025608235233
14.0,269.0,33.99793724608453
14.0,270.0,33.99562345897727
14.0,271.0,33.9933058888261
14.0,272.0,33.99097570397396
14.0,273.0,33.98862401694589
14.0,274.0,33.98624184291926
14.0,275.0,33.9838200430173
14.0,276.0,33.98134927973947
14.0,277.0,33.97881995780943
14.0,278.0,33.9762221744623
14.0,279.0,33.973545655567314
14.0,280.0,33.97077969843347
14.0,281.0,33.96791310063329
14.0,282.0,33.96493409263468
14.0,283.0,33.96183025634067
14.0,284.0,33.958588444387715
14.0,285.0,33.9551946849008
14.0,286.0,33.951634083742995
14.0,287.0,33.947890711409975
14.0,288.0,33.943947483947206
14.0,289.0,33.93978602738837
14.0,290.0,33.93538653264847
14.0,291.0,33.9307275927075
14.0,292.0,33.92578602691901
14.0,293.0,33.920536686796225
14.0,294.0,33.914952246619634
14.0,295.0,33.9090029762838
14.0,296.0,33.90265649935567
14.0,297.0,33.89587753807267
14.0,298.0,33.88862764994097
14.0,299.0,33.880864964477944
14.0,300.0,33.87254393015881
14.0,301.0,33.86361509155987
14.0,302.0,33.854024918535366
14.0,303.0,33.84371572671219
14.0,304.0,33.832625732942056
14.0,305.0,33.820689315882774
14.0,306.0,33.807837560297266
14.0,307.0,33.793999198833916
14.0,308.0,33.77910207469839
14.0,309.0,33.76307528386096
14.0,310.0,33.74585214988499
14.0,311.0,33.727374190429394
14.0,312.0,33.70759616872191
14.0,313.0,33.686492236488355
14.0,314.0,33.664062972304066
14.0,315.0,33.640342865706096
14.0,316.0,33.61540742417463
14.0,317.0,33.58937872508883
14.0,318.0,33.56242793260891
14.0,319.0,33.53477331559193
14.0,320.0,33.50667273852451
14.0,321.0,33.478410623393685
14.0,322.0,33.45028073101992
14.0,323.0,33.42256738426018
14.0,324.0,33.39552824901121
14.0,325.0,33.36938129535622
14.0,326.0,33.34429728750365
14.0,327.0,33.32039780024189
14.0,328.0,33.29775773414877
14.0,329.0,33.27641086532362
14.0,330.0,33.25635694999294
14.0,331.0,33.23756920559671
14.0,332.0,33.22000134602577
14.0,333.0,33.2035937206688
14.0,334.0,33.18827836198654
14.0,335.0,33.17398294720534
14.0,336.0,33.16063376840152
14.0,337.0,33.148157868885626
14.0,338.0,33.13648450020938
14.0,339.0,33.125546057001976
14.0,340.0,33.1152786145899
14.0,341.0,33.1056221813835
14.0,342.0,33.09652074652149
14.0,343.0,33.08792219076443
14.0,344.0,33.079778106596066
14.0,345.0,33.072043564172446
14.0,346.0,33.064676847755564
14.0,347.0,33.05763917944603
14.0,348.0,33.05089444362423
14.0,349.0,33.044408916856554
14.0,350.0,33.03815101190085
14.0,351.0,33.032091033059594
14.0,352.0,33.02620095053158
14.0,353.0,33.02045418591797
14.0,354.0,33.01482541769525
14.0,355.0,33.00929039486789
14.0,356.0,33.003825769982775
14.0,357.0,32.99840893622134
14.0,358.0,32.99301788282358
14.0,359.0,32.98763105013197
14.0,360.0,32.98222720202456
14.0,361.0,32.97678529347008
14.0,362.0,32.97128435480423
14.0,363.0,32.965703366676614
14.0,364.0,32.96002115135275
14.0,365.0,32.95421625025779
14.0,366.0,32.948266817760995
14.0,367.0,32.94215049671728
14.0,368.0,32.935844310299245
14.0,369.0,32.92932453094135
14.0,370.0,32.92256656567927
14.0,371.0,32.9155448136735
14.0,372.0,32.9082325401634
14.0,373.0,32.9006017172562
14.0,374.0,32.89262288096958
14.0,375.0,32.884264949181315
14.0,376.0,32.87549505528004
14.0,377.0,32.86627833603603
14.0,378.0,32.85657773405564
14.0,379.0,32.84635374680311
14.0,380.0,32.83556418830774
14.0,381.0,32.82416388858958
14.0,382.0,32.81210440285644
14.0,383.0,32.799333648135125
14.0,384.0,32.78579554551591
14.0,385.0,32.77142957790677
14.0,386.0,32.7561703478443
14.0,387.0,32.739947037176265
14.0,388.0,32.722682859910755
14.0,389.0,32.704294401856075
14.0,390.0,32.684690945784894
14.0,391.0,32.663773667904756
14.0,392.0,32.6414348131549
14.0,393.0,32.61755672855563
14.0,394.0,32.592010873586155
14.0,395.0,32.56465668339197
14.0,396.0,32.535340420467605
14.0,397.0,32.503893893807074
14.0,398.0,32.47013320775983
14.0,399.0,32.43385743568452
14.0,400.0,32.39484742541192
14.0,401.0,32.35286467125987
14.0,402.0,32.30765053588652
14.0,403.0,32.25892583598696
14.0,404.0,32.20639120113291
14.0,405.0,32.1497283573971
14.0,406.0,32.08860293641265
14.0,407.0,32.02266916307353
14.0,408.0,31.951577262832593
14.0,409.0,31.874984150229714
14.0,410.0,31.79256840375999
14.0,411.0,31.70405007521766
14.0,412.0,31.60921605501968
14.0,413.0,31.507950763717265
14.0,414.0,31.40027145942834
14.0,415.0,31.286365636046636
14.0,416.0,31.16662668208003
14.0,417.0,31.041681619679625
14.0,418.0,30.912403821836886
14.0,419.0,30.779903083714167
14.0,420.0,30.64548821962425
14.0,421.0,30.510601857633894
14.0,422.0,30.376734498834455
14.0,423.0,30.24533062321285
14.0,424.0,30.117702758427633
14.0,425.0,29.994966281241823
14.0,426.0,29.878002043117103
14.0,427.0,29.767446455420682
14.0,428.0,29.663704254643804
14.0,429.0,29.56697626279491
14.0,430.0,29.477295114170595
14.0,431.0,29.394562683090907
14.0,432.0,29.31858547990072
14.0,433.0,29.2491053810941
14.0,434.0,29.18582510480856
14.0,435.0,29.128428069066334
14.0,436.0,29.076593499647924
14.0,437.0,29.030007179304626
14.0,438.0,28.988369012432635
14.0,439.0,28.95139778709239
14.0,440.0,28.91883416769999
14.0,441.0,28.890442068849694
14.0,442.0,28.866009226334537
14.0,443.0,28.845346891628587
14.0,444.0,28.828289297245636
14.0,445.0,28.81469265938279
14.0,446.0,28.804434261566293
14.0,447.0,28.79741128468665
14.0,448.0,28.793539872764995
14.0,449.0,28.79275403893644
14.0,450.0,28.795004877670525
14.0,451.0,28.800259650922477
14.0,452.0,28.80850120861913
14.0,453.0,28.81972728790183
14.0,454.0,28.833950155334964
14.0,455.0,28.851196120516324
14.0,456.0,28.871505393795218
14.0,457.0,28.894931804410025
14.0,458.0,28.921542862381692
14.0,459.0,28.951419670434632
14.0,460.0,28.984657180718727
14.0,461.0,29.02136429378518
14.0,462.0,29.0616643061788
14.0,463.0,29.10569519613272
14.0,464.0,29.15361026517306
14.0,465.0,29.205578617897366
14.0,466.0,29.261786008931548
14.0,467.0,29.32243553288612
14.0,468.0,29.387748697267703
14.0,469.0,29.457966348618744
14.0,470.0,29.533350002613332
14.0,471.0,29.614183043897874
14.0,472.0,29.700772357109887
14.0,473.0,29.793449851652987
14.0,474.0,29.8925744524514
14.0,475.0,29.998534017570282
14.0,476.0,30.11174776598443
14.0,477.0,30.232668676481776
14.0,478.0,30.36178645251948
14.0,479.0,30.49963051619249
14.0,480.0,30.646773638340033
14.0,481.0,30.803835672438098
14.0,482.0,30.9714880122966
14.0,483.0,31.150458248101636
14.0,484.0,31.341535654468387
14.0,485.0,31.54557699404616
14.0,486.0,31.76351328393067
14.0,487.0,31.996357018380643
14.0,488.0,32.24521050667042
14.0,489.0,32.51127482754134
14.0,490.0,32.79586006415114
14.0,491.0,33.10039632043454
14.0,492.0,33.42644617183628
14.0,493.0,33.77571802879973
14.0,494.0,34.15008101998177
14.0,495.0,34.55158080255626
14.0,496.0,34.98245678884304
14.0,497.0,35.44516002698829
14.0,498.0,35.94237196760143
14.0,499.0,36.47702299528731
14.0,500.0,37.05231044104144
14.0,501.0,37.67171425335085
14.0,502.0,38.339009077539636
14.0,503.0,39.05826964661408
14.0,504.0,39.83386655351001
14.0,505.0,40.67044718985698
14.0,506.0,41.57289630357551
14.0,507.0,42.54626791888099
14.0,508.0,43.59567975125491
14.0,509.0,44.72615871789558
14.0,510.0,45.94242645569966
14.0,511.0,47.24861349737777
14.0,512.0,48.647895247467325
14.0,513.0,50.14204946435868
14.0,514.0,51.73094915570834
14.0,515.0,53.41202349759344
14.0,516.0,55.17974576130257
14.0,517.0,57.02523334352287
14.0,518.0,58.93606615099784
14.0,519.0,60.896429070595524
14.0,520.0,62.88765219080063
14.0,521.0,64.88914928888617
14.0,522.0,66.87965710955518
14.0,523.0,68.83858701047805
14.0,524.0,70.7472642277522
14.0,525.0,72.58986635567814
14.0,526.0,74.35396352857478
14.0,527.0,76.03066087577724
14.0,528.0,77.61441683972663
14.0,529.0,79.1026431828473
14.0,530.0,80.49519282020631
14.0,531.0,81.79382070625412
14.0,532.0,83.00167660757806
14.0,533.0,84.12286254222468
14.0,534.0,85.1620686032405
14.0,535.0,86.12428708025635
14.0,536.0,87.01459779354575
14.0,537.0,87.8380135361875
14.0,538.0,88.59937427162338
14.0,539.0,89.30327896924213
14.0,540.0,89.95404590857298
14.0,541.0,90.5556935146105
14.0,542.0,91.11193583763071
14.0,543.0,91.62618781809047
14.0,544.0,92.10157703084252
14.0,545.0,92.54095920358843
14.0,546.0,92.94693584701439
14.0,547.0,93.32187260192957
14.0,548.0,93.66791757117117
14.0,549.0,93.98701897807766
14.0,550.0,94.28094189945703
14.0,551.0,94.55128380855537
14.0,552.0,94.79948889786121
14.0,553.0,95.02686112128471
14.0,554.0,95.23457600822304
14.0,555.0,95.42369129389603
14.0,556.0,95.5951564297663
14.0,557.0,95.74982107414927
14.0,558.0,95.88844260344831
14.0,559.0,96.01169277715763
14.0,560.0,96.12016355804465
14.0,561.0,96.2143722443929
14.0,562.0,96.29476587052355
14.0,563.0,96.36172505334595
14.0,564.0,96.41556719425002
14.0,565.0,96.45654923492474
14.0,566.0,96.48486982969119
14.0,567.0,96.50067115475554
14.0,568.0,96.5040401710516
14.0,569.0,96.49500958401703
14.0,570.0,96.47355827187639
14.0,571.0,96.43961144954203
14.0,572.0,96.39304029516167
14.0,573.0,96.33366133054147
14.0,574.0,96.26123523808265
14.0,575.0,96.17546542936614
14.0,576.0,96.07599600333647
14.0,577.0,95.96240943232075
14.0,578.0,95.83422356839127
14.0,579.0,95.69088833002617
14.0,580.0,95.53178161496353
14.0,581.0,95.35620481904525
14.0,582.0,95.16337745889317
14.0,583.0,94.95243129592372
14.0,584.0,94.72240341015014
14.0,585.0,94.47222863715726
14.0,586.0,94.20073076688972
14.0,587.0,93.90661293320102
14.0,588.0,93.58844654525282
14.0,589.0,93.24465920897366
14.0,590.0,92.87352095058755
14.0,591.0,92.47312922238225
14.0,592.0,92.04139198529523
14.0,593.0,91.57600941179469
14.0,594.0,91.07445353429185
14.0,595.0,90.5339465139908
14.0,596.0,89.95143698512067
14.0,597.0,89.32357541858119
14.0,598.0,88.64668828295328
14.0,599.0,87.91675247943157
14.0,600.0,87.12937051023475
14.0,601.0,86.27974886566052
14.0,602.0,85.3626813960656
14.0,603.0,84.37254195968289
14.0,604.0,83.3032904093029
14.0,605.0,82.1484991866648
14.0,606.0,80.90140818651292
14.0,607.0,79.55501942015425
14.0,608.0,78.10224371413331
14.0,609.0,76.53611537637116
14.0,610.0,74.85009011183853
14.0,611.0,73.0384420881744
14.0,612.0,71.09676952068205
14.0,613.0,69.02260936032535
14.0,614.0,66.81614157457061
14.0,615.0,64.48093794287786
14.0,616.0,62.024673211551004
14.0,617.0,59.45968067225487
14.0,618.0,56.80320432082754
14.0,619.0,54.07720103997679
14.0,620.0,51.307590179967555
14.0,621.0,48.52295015473881
14.0,622.0,45.752797082464376
14.0,623.0,43.02570754288148
14.0,624.0,40.36759720801918
14.0,625.0,37.80041743238843
14.0,626.0,35.341404804074045
14.0,627.0,33.00288331536426
14.0,628.0,30.792516471906467
14.0,629.0,28.713862852585848
14.0,630.0,26.767087194152705
14.0,631.0,24.949709160843316
14.0,632.0,23.25730753370712
14.0,633.0,21.68413486459463
14.0,634.0,20.223622947381838
14.0,635.0,18.86877984026793
14.0,636.0,17.612487644187325
14.0,637.0,16.447717114842362
14.0,638.0,15.367674199093193
14.0,639.0,14.365894631811168
14.0,640.0,13.436298610744347
14.0,641.0,12.573217309404116
14.0,642.0,11.771398645362208
14.0,643.0,11.025999829103723
14.0,644.0,10.332570485663524
14.0,645.0,9.687030922058716
14.0,646.0,9.085647010057128
14.0,647.0,8.525004476986965
14.0,648.0,8.001982741776818
14.0,649.0,7.5137301053575145
14.0,650.0,7.0576397257238925
14.0,651.0,6.6313276788521245
14.0,652.0,6.232612187838146
14.0,653.0,5.859495076426406
14.0,654.0,5.510144375038632
14.0,655.0,5.1828790276007375
14.0,656.0,4.876154572464238
14.0,657.0,4.588550705374636
14.0,658.0,4.318759591460602
14.0,659.0,4.065575824542705
14.0,660.0,3.8278869164585583
14.0,661.0,3.6046652170240985
14.0,662.0,3.3949601719151308
14.0,663.0,3.197891824304246
14.0,664.0,3.0126444947522466
14.0,665.0,2.838461549190429
14.0,666.0,2.6746402166262406
14.0,667.0,2.5205273675712005
14.0,668.0,2.3755152408939866
14.0,669.0,2.2390380279864344
14.0,670.0,2.110568326773786
14.0,671.0,1.989614369168837
14.0,672.0,1.8757170582471852
14.0,673.0,1.7684477105815022
14.0,674.0,1.667405562948286
14.0,675.0,1.5722159281657377
14.0,676.0,1.4825280816863433
14.0,677.0,1.3980137508471449
14.0,678.0,1.3183653105368904
14.0,679.0,1.2432945424518522
14.0,680.0,1.1725310837669918
14.0,681.0,1.1058214060424492
14.0,682.0,1.0429274723524542
14.0,683.0,0.983625895696079
14.0,684.0,0.9277067690511489
14.0,685.0,0.8749729711362203
14.0,686.0,0.8252391409173528
14.0,687.0,0.7783311048403769
14.0,688.0,0.7340849728624029
14.0,689.0,0.6923466662090779
14.0,690.0,0.6529711163692006
14.0,691.0,0.6158218763292042
14.0,692.0,0.5807704074206891
14.0,693.0,0.5476957600745201
14.0,694.0,0.5164839361502866
14.0,695.0,0.48702762771333546
14.0,696.0,0.4592256446587139
14.0,697.0,0.4329827019837459
14.0,698.0,0.4082089042678564
14.0,699.0,0.3848195734972363
14.0,700.0,0.3627347833695947
14.0,701.0,0.34187922100828455
14.0,702.0,0.32218176519988867
14.0,703.0,0.30357537637661786
14.0,704.0,0.28599671382088215
14.0,705.0,0.2693860491463292
14.0,706.0,0.25368691826085804
14.0,707.0,0.23884605427687206
14.0,708.0,0.22481307064661657
14.0,709.0,0.21154041001117066
14.0,710.0,0.19898305543615044
14.0,711.0,0.18709849219022223
14.0,712.0,0.17584644443600075
14.0,713.0,0.16518884733094316
14.0,714.0,0.15508960688411885
14.0,715.0,0.14551458010984314
14.0,716.0,0.13643135605887866
14.0,717.0,0.1278092420396456
14.0,718.0,0.11961906408261902
14.0,719.0,0.11183315748458669
14.0,720.0,0.10442518517571535
14.0,721.0,0.09737013104643727
14.0,722.0,0.09064413486439803
14.0,723.0,0.084224487017001
14.0,724.0,0.07808947877544627
14.0,725.0,0.07221839723345046
14.0,726.0,0.06659138984203927
14.0,727.0,0.061189458450277755
14.0,728.0,0.05599433714076086
14.0,729.0,0.050988484384393115
14.0,730.0,0.04615497329534773
14.0,731.0,0.04147748100149142
14.0,732.0,0.03694019051113462
14.0,733.0,0.03252777647559493
14.0,734.0,0.02822531792008369
14.0,735.0,0.024018279636733947
14.0,736.0,0.019892435079846234
14.0,737.0,0.015833842677739678
14.0,738.0,0.011828778229393168
14.0,739.0,0.007863705462698566
14.0,740.0,0.003925217296103292
14.0,741.0,0.0
15.0,0.0,0.0
15.0,1.0,0.0014746697979949404
15.0,2.0,0.002954325529770231
15.0,3.0,0.004443970670901998
15.0,4.0,0.005948640877666016
15.0,5.0,0.007473424661138842
15.0,6.0,0.00902347535412675
15.0,7.0,0.010604035148836321
15.0,8.0,0.012220444627627041
15.0,9.0,0.01387817040076057
15.0,10.0,0.01558281244512423
15.0,11.0,0.017340135587314204
15.0,12.0,0.019156074906449123
15.0,13.0,0.021036771320266035
15.0,14.0,0.022988575323967756
15.0,15.0,0.025018086953364823
15.0,16.0,0.02713215815168725
15.0,17.0,0.02933793740443023
15.0,18.0,0.0316428710506121
15.0,19.0,0.03405475290931533
15.0,20.0,0.03658172488149587
15.0,21.0,0.03923233191880933
15.0,22.0,0.042015522297407425
15.0,23.0,0.044940708316196294
15.0,24.0,0.04801776666588017
15.0,25.0,0.05125710528717725
15.0,26.0,0.054669664307659974
15.0,27.0,0.058266989541722485
15.0,28.0,0.06206123452571987
15.0,29.0,0.06606524120196204
15.0,30.0,0.0702925436507525
15.0,31.0,0.0747574565720147
15.0,32.0,0.07947508139290702
15.0,33.0,0.08446140324490505
15.0,34.0,0.08973330021999955
15.0,35.0,0.09530864964069362
15.0,36.0,0.10120634134921078
15.0,37.0,0.1074463941860844
15.0,38.0,0.1140499743288579
15.0,39.0,0.12103952303571021
15.0,40.0,0.12843878120726704
15.0,41.0,0.1362729296200075
15.0,42.0,0.1445686210726245
15.0,43.0,0.15335413453608382
15.0,44.0,0.16265941647154714
15.0,45.0,0.17251625056786735
15.0,46.0,0.18295831009038308
15.0,47.0,0.19402134517243524
15.0,48.0,0.20574324838474567
15.0,49.0,0.2181642619080831
15.0,50.0,0.23132705891595481
15.0,51.0,0.24527697339721924
15.0,52.0,0.26006210043895495
15.0,53.0,0.2757335520115339
15.0,54.0,0.2923455798474288
15.0,55.0,0.3099558611737693
15.0,56.0,0.32862564863674
15.0,57.0,0.34842009080213426
15.0,58.0,0.3694084145125346
15.0,59.0,0.3916642860185639
15.0,60.0,0.4152660323266019
15.0,61.0,0.4402970501280865
15.0,62.0,0.466846074162037
15.0,63.0,0.495007642747844
15.0,64.0,0.5248824230292416
15.0,65.0,0.5565777439773925
15.0,66.0,0.5902079907019777
15.0,67.0,0.6258952183888923
15.0,68.0,0.6637696307857494
15.0,69.0,0.7039702918121961
15.0,70.0,0.7466457070063411
15.0,71.0,0.7919546536661144
15.0,72.0,0.8400668886660989
15.0,73.0,0.8911641231568777
15.0,74.0,0.9454408859435108
15.0,75.0,1.0031056752121303
15.0,76.0,1.0643820138331317
15.0,77.0,1.1295098185292256
15.0,78.0,1.1987466922424037
15.0,79.0,1.27236956078661
15.0,80.0,1.3506762579201799
15.0,81.0,1.4339874908657135
15.0,82.0,1.5226487858370539
15.0,83.0,1.6170328565154675
15.0,84.0,1.7175419908262652
15.0,85.0,1.824610909406007
15.0,86.0,1.938709686627693
15.0,87.0,2.060347196584732
15.0,88.0,2.19007466876633
15.0,89.0,2.32848982142084
15.0,90.0,2.476241146806407
15.0,91.0,2.634032814671805
15.0,92.0,2.80262974798913
15.0,93.0,2.9828633212089968
15.0,94.0,3.175637195575896
15.0,95.0,3.3819336983254704
15.0,96.0,3.602820184351276
15.0,97.0,3.839455693820819
15.0,98.0,4.093097202813967
15.0,99.0,4.365105600220395
15.0,100.0,4.6569504349088024
15.0,101.0,4.970213243814474
15.0,102.0,5.306588076427533
15.0,103.0,5.667878492614324
15.0,104.0,6.05598898003247
15.0,105.0,6.472909277651244
15.0,106.0,6.920688643822289
15.0,107.0,7.401397603206867
15.0,108.0,7.917073320263421
15.0,109.0,8.469645530409975
15.0,110.0,9.060839187229268
15.0,111.0,9.692051885796406
15.0,112.0,10.36420510248135
15.0,113.0,11.077572692208596
15.0,114.0,11.831594201608459
15.0,115.0,12.62468831798932
15.0,116.0,13.454088494060317
15.0,117.0,14.315730808428992
15.0,118.0,15.204226690087241
15.0,119.0,16.112950829326575
15.0,120.0,17.034260569580468
15.0,121.0,17.959841234502022
15.0,122.0,18.881142815956245
15.0,123.0,19.789850609974764
15.0,124.0,20.678321904662184
15.0,125.0,21.53993130706181
15.0,126.0,22.369290134738616
15.0,127.0,23.16233432626805
15.0,128.0,23.91629716528364
15.0,129.0,24.629597140328915
15.0,130.0,25.301673568953394
15.0,131.0,25.932800045812378
15.0,132.0,26.523897754989907
15.0,133.0,27.07636396614893
15.0,134.0,27.591923273286238
15.0,135.0,28.072505016700177
15.0,136.0,28.52014592890677
15.0,137.0,28.936916064174625
15.0,138.0,29.32486417045472
15.0,139.0,29.685979434391502
15.0,140.0,30.022165747533876
15.0,141.0,30.33522602762472
15.0,142.0,30.626853633814616
15.0,143.0,30.898629361905904
15.0,144.0,31.152021966250615
15.0,145.0,31.38839148487576
15.0,146.0,31.60899398361685
15.0,147.0,31.814987529621348
15.0,148.0,32.00743843843919
15.0,149.0,32.18732792775613
15.0,150.0,32.35555847492102
15.0,151.0,32.51296019170254
15.0,152.0,32.6602966547788
15.0,153.0,32.79827059890956
15.0,154.0,32.92752898704409
15.0,155.0,33.04866790797319
15.0,156.0,33.16223685502013
15.0,157.0,33.26874285270275
15.0,158.0,33.368654004750816
15.0,159.0,33.462402932359964
15.0,160.0,33.550389686262754
15.0,161.0,33.632984596244015
15.0,162.0,33.71053064742638
15.0,163.0,33.78334583833336
15.0,164.0,33.85172511409377
15.0,165.0,33.91594231978947
15.0,166.0,33.97625177101183
15.0,167.0,34.032889876211826
15.0,168.0,34.086076411911044
15.0,169.0,34.13601587497218
15.0,170.0,34.18289851755366
15.0,171.0,34.2269014787619
15.0,172.0,34.26818962380257
15.0,173.0,34.30691649469995
15.0,174.0,34.343224989155544
15.0,175.0,34.37724816189135
15.0,176.0,34.40910977134862
15.0,177.0,34.438924956542785
15.0,178.0,34.46680067370157
15.0,179.0,34.49283626807628
15.0,180.0,34.517123817693886
15.0,181.0,34.53974861512548
15.0,182.0,34.56078943150056
15.0,183.0,34.58031891959705
15.0,184.0,34.59840380797027
15.0,185.0,34.6151052337619
15.0,186.0,34.63047887412687
15.0,187.0,34.64457521479792
15.0,188.0,34.6574396239382
15.0,189.0,34.669112560793685
15.0,190.0,34.67962959578742
15.0,191.0,34.68902156277666
15.0,192.0,34.69731452900483
15.0,193.0,34.70452989509755
15.0,194.0,34.71068432017183
15.0,195.0,34.715789776826796
15.0,196.0,34.71985344173465
15.0,197.0,34.722877720457575
15.0,198.0,34.72486012478139
15.0,199.0,34.725793297549345
15.0,200.0,34.72566491907628
15.0,201.0,34.72445779057535
15.0,202.0,34.722149849492894
15.0,203.0,34.71871441869642
15.0,204.0,34.71412047209991
15.0,205.0,34.70833323255851
15.0,206.0,34.70131491910423
15.0,207.0,34.69302597791249
15.0,208.0,34.68342664803905
15.0,209.0,34.67247920495955
15.0,210.0,34.66015074112066
15.0,211.0,34.646416785753004
15.0,212.0,34.631265549229674
15.0,213.0,34.61470293202907
15.0,214.0,34.596757848562234
15.0,215.0,34.57748765815581
15.0,216.0,34.5569828479667
15.0,217.0,34.535370330695
15.0,218.0,34.51281420753555
15.0,219.0,34.4895133435557
15.0,220.0,34.4656950807084
15.0,221.0,34.44160545239651
15.0,222.0,34.41749668617886
15.0,223.0,34.393613832493294
15.0,224.0,34.370182265910636
15.0,225.0,34.34739788895183
15.0,226.0,34.325420840689304
15.0,227.0,34.30437305052585
15.0,228.0,34.28433899360741
15.0,229.0,34.265368955873484
15.0,230.0,34.24748370602275
15.0,231.0,34.23067988244553
15.0,232.0,34.21493530228571
15.0,233.0,34.20021391452012
15.0,234.0,34.18647002519687
15.0,235.0,34.173651848954286
15.0,236.0,34.16170426541292
15.0,237.0,34.15057098128551
15.0,238.0,34.14019606606809
15.0,239.0,34.13052508754857
15.0,240.0,34.121505822076045
15.0,241.0,34.11308874188336
15.0,242.0,34.105227235576756
15.0,243.0,34.097877730326026
15.0,244.0,34.0909996523945
15.0,245.0,34.084555365564434
15.0,246.0,34.078510011279896
15.0,247.0,34.072831368579884
15.0,248.0,34.06748965154208
15.0,249.0,34.06245734702113
15.0,250.0,34.057709009150564
15.0,251.0,34.053221102333424
15.0,252.0,34.04897181096261
15.0,253.0,34.04494089918281
15.0,254.0,34.04110954241617
15.0,255.0,34.03746020713887
15.0,256.0,34.033976504988786
15.0,257.0,34.03064309181175
15.0,258.0,34.027445542471206
15.0,259.0,34.02437026672348
15.0,260.0,34.02140440183787
15.0,261.0,34.018535742327465
15.0,262.0,34.0157526472847
15.0,263.0,34.01304398100868
15.0,264.0,34.01039903211527
15.0,265.0,34.007807462337844
15.0,266.0,34.00525923474933
15.0,267.0,34.0027445683043
15.0,268.0,34.00025387279602
15.0,269.0,33.997777706973295
15.0,270.0,33.99530671809308
15.0,271.0,33.99283160164778
15.0,272.0,33.99034304353939
15.0,273.0,33.98783167957673
15.0,274.0,33.98528803838006
15.0,275.0,33.982702498847544
15.0,276.0,33.98006523189687
15.0,277.0,33.97736615405445
15.0,278.0,33.97459486605291
15.0,279.0,33.97174060056618
15.0,280.0,33.9687921555121
15.0,281.0,33.96573783374745
15.0,282.0,33.962565368682476
15.0,283.0,33.95926185347808
15.0,284.0,33.95581365628803
15.0,285.0,33.95220633620244
15.0,286.0,33.94842454514966
15.0,287.0,33.94445192758716
15.0,288.0,33.940271005934584
15.0,289.0,33.93586306099107
15.0,290.0,33.93120799796797
15.0,291.0,33.92628420513597
15.0,292.0,33.92106839853008
15.0,293.0,33.915535458017104
15.0,294.0,33.909658251393566
15.0,295.0,33.903407451043094
15.0,296.0,33.89675134394883
15.0,297.0,33.88965564037553
15.0,298.0,33.882083287881095
15.0,299.0,33.87399429937502
15.0,300.0,33.865345610798926
15.0,301.0,33.85609098475097
15.0,302.0,33.84618098942253
15.0,303.0,33.83556308293982
15.0,304.0,33.82418185301334
15.0,305.0,33.81197946322763
15.0,306.0,33.79889638309093
15.0,307.0,33.7848724791732
15.0,308.0,33.769848571046
15.0,309.0,33.753768545511846
15.0,310.0,33.73658213353976
15.0,311.0,33.718248410199685
15.0,312.0,33.698740040540955
15.0,313.0,33.67804817716563
15.0,314.0,33.65618778980056
15.0,315.0,33.63320299255772
15.0,316.0,33.60917173602185
15.0,317.0,33.58420900818683
15.0,318.0,33.55846760930822
15.0,319.0,33.53213563681536
15.0,320.0,33.50543021233463
15.0,321.0,33.478587611536106
15.0,322.0,33.45185078240877
15.0,323.0,33.42545589451234
15.0,324.0,33.39961985686701
15.0,325.0,33.37453044709573
15.0,326.0,33.350340037284404
15.0,327.0,33.327163077475134
15.0,328.0,33.305076868558025
15.0,329.0,33.28412476105391
15.0,330.0,33.26432084440931
15.0,331.0,33.245655271337455
15.0,332.0,33.228099583716535
15.0,333.0,33.21161160643549
15.0,334.0,33.196139688652586
15.0,335.0,33.18162619913855
15.0,336.0,33.16801029756383
15.0,337.0,33.15523004320275
15.0,338.0,33.143223944095276
15.0,339.0,33.13193204163862
15.0,340.0,33.12129663260618
15.0,341.0,33.11126270776251
15.0,342.0,33.10177818208167
15.0,343.0,33.09279397015562
15.0,344.0,33.08426395412242
15.0,345.0,33.076144876941264
15.0,346.0,33.068396187276576
15.0,347.0,33.06097985559925
15.0,348.0,33.05386017336321
15.0,349.0,33.047003547890135
15.0,350.0,33.04037829520946
15.0,351.0,33.03395444079616
15.0,352.0,33.02770352380144
15.0,353.0,33.021598414735095
15.0,354.0,33.01561313717996
15.0,355.0,33.00972270516886
15.0,356.0,33.003902962587745
15.0,357.0,32.99813043892409
15.0,358.0,32.99238220380687
15.0,359.0,32.986635737998434
15.0,360.0,32.980868799380794
15.0,361.0,32.975059305390836
15.0,362.0,32.9691852063974
15.0,363.0,32.96322437561595
15.0,364.0,32.95715448577054
15.0,365.0,32.95095290253316
15.0,366.0,32.9445965603835
15.0,367.0,32.93806185562147
15.0,368.0,32.931324517294605
15.0,369.0,32.924359495732034
15.0,370.0,32.917140824232426
15.0,371.0,32.90964149880749
15.0,372.0,32.9018333259658
15.0,373.0,32.89368678889603
15.0,374.0,32.88517087610991
15.0,375.0,32.87625292860776
15.0,376.0,32.866898443328246
15.0,377.0,32.857070894893646
15.0,378.0,32.84673150673039
15.0,379.0,32.835839039770214
15.0,380.0,32.82434952274252
15.0,381.0,32.81221599871243
15.0,382.0,32.79938820442827
15.0,383.0,32.7858122638633
15.0,384.0,32.771430304728725
15.0,385.0,32.7561800864195
15.0,386.0,32.73999454013452
15.0,387.0,32.722801317196414
15.0,388.0,32.70452223822561
15.0,389.0,32.68507274752717
15.0,390.0,32.664361257601016
15.0,391.0,32.64228849778397
15.0,392.0,32.61874674528424
15.0,393.0,32.59361906460676
15.0,394.0,32.56677842945676
15.0,395.0,32.538086869298255
15.0,396.0,32.50739451541446
15.0,397.0,32.47453871222596
15.0,398.0,32.43934307856712
15.0,399.0,32.40161672094016
15.0,400.0,32.3611535089682
15.0,401.0,32.31773167192977
15.0,402.0,32.27111367692378
15.0,403.0,32.22104673482809
15.0,404.0,32.16726397905979
15.0,405.0,32.10948678750342
15.0,406.0,32.04742841091442
15.0,407.0,31.98079952572033
15.0,408.0,31.909315990152045
15.0,409.0,31.832709519556307
15.0,410.0,31.750741546450598
15.0,411.0,31.66322083186872
15.0,412.0,31.57002466978755
15.0,413.0,31.47112349466813
15.0,414.0,31.366607504775413
15.0,415.0,31.256713426697193
15.0,416.0,31.141847952500544
15.0,417.0,31.022603881777346
15.0,418.0,30.899763974796937
15.0,419.0,30.774288524251162
15.0,420.0,30.647283972439933
15.0,421.0,30.519953718268525
15.0,422.0,30.39353569499019
15.0,423.0,30.26923528566774
15.0,424.0,30.148162904529567
15.0,425.0,30.031284824300705
15.0,426.0,29.91939180434286
15.0,427.0,29.81308670327377
15.0,428.0,29.712788350760295
15.0,429.0,29.61874775139783
15.0,430.0,29.531071548776776
15.0,431.0,29.449748873436764
15.0,432.0,29.37467800220202
15.0,433.0,29.305691071640418
15.0,434.0,29.242575328719642
15.0,435.0,29.185090871697433
15.0,436.0,29.132984568027425
15.0,437.0,29.08600088428091
15.0,438.0,29.043889713492934
15.0,439.0,29.006412109410263
15.0,440.0,28.9733440015964
15.0,441.0,28.944478727802775
15.0,442.0,28.91962831747951
15.0,443.0,28.89862423978356
15.0,444.0,28.881317407617683
15.0,445.0,28.867578050966074
15.0,446.0,28.85729514302509
15.0,447.0,28.850375928794048
15.0,448.0,28.846745166235632
15.0,449.0,28.846344596021062
15.0,450.0,28.849132201954173
15.0,451.0,28.855081764538603
15.0,452.0,28.86418223805531
15.0,453.0,28.876437452217036
15.0,454.0,28.891865646811173
15.0,455.0,28.910499345843576
15.0,456.0,28.932385063309408
15.0,457.0,28.957583356157553
15.0,458.0,28.986168703569547
15.0,459.0,29.018229738916684
15.0,460.0,29.053869302478805
15.0,461.0,29.093204852797435
15.0,462.0,29.136368695003807
15.0,463.0,29.18350857566817
15.0,464.0,29.234788093756467
15.0,465.0,29.290387488808094
15.0,466.0,29.35050424805647
15.0,467.0,29.415354104952755
15.0,468.0,29.485171863860728
15.0,469.0,29.560212634485524
15.0,470.0,29.64075290485205
15.0,471.0,29.727092047285463
15.0,472.0,29.819553681392556
15.0,473.0,29.918487499239383
15.0,474.0,30.02427097320172
15.0,475.0,30.13731156236317
15.0,476.0,30.25804883587674
15.0,477.0,30.386957139860574
15.0,478.0,30.524548225789
15.0,479.0,30.67137447769836
15.0,480.0,30.828032157387536
15.0,481.0,30.99516531564962
15.0,482.0,31.173469791488728
15.0,483.0,31.36369795768702
15.0,484.0,31.566663638492646
15.0,485.0,31.78324786681956
15.0,486.0,32.014404910289315
15.0,487.0,32.26116923922191
15.0,488.0,32.52466286639539
15.0,489.0,32.806103730010776
15.0,490.0,33.10681454146475
15.0,491.0,33.42823275241202
15.0,492.0,33.77192103501912
15.0,493.0,34.139578882895144
15.0,494.0,34.5330546595532
15.0,495.0,34.954358598186104
15.0,496.0,35.40567593792458
15.0,497.0,35.8893804936276
15.0,498.0,36.408047568199926
15.0,499.0,36.96446611858287
15.0,500.0,37.56164857916979
15.0,501.0,38.202837574654225
15.0,502.0,38.891507060252266
15.0,503.0,39.631356007446655
15.0,504.0,40.42629081265285
15.0,505.0,41.28039290459809
15.0,506.0,42.19786587685986
15.0,507.0,43.182956645768854
15.0,508.0,44.239843144702526
15.0,509.0,45.37248179694507
15.0,510.0,46.58440731744747
15.0,511.0,47.87848039051571
15.0,512.0,49.256581720190084
15.0,513.0,50.71925905162876
15.0,514.0,52.2653432013481
15.0,515.0,53.89156411291771
15.0,516.0,55.59221278504177
15.0,517.0,57.35891039230006
15.0,518.0,59.180552246057196
15.0,519.0,61.0434884364435
15.0,520.0,62.93197522147425
15.0,521.0,64.8288851987571
15.0,522.0,66.71660570114119
15.0,523.0,68.57800673344096
15.0,524.0,70.3973393641816
15.0,525.0,72.16094586910444
15.0,526.0,73.85771110842923
15.0,527.0,75.47924311215493
15.0,528.0,77.01981702071691
15.0,529.0,78.47614412001147
15.0,530.0,79.847033740082
15.0,531.0,81.13300919520618
15.0,532.0,82.33592377452644
15.0,533.0,83.45860761676082
15.0,534.0,84.50456170933626
15.0,535.0,85.47770538681768
15.0,536.0,86.38217606797912
15.0,537.0,87.22217651490664
15.0,538.0,88.00186244692239
15.0,539.0,88.72526344787919
15.0,540.0,89.39622999991983
15.0,541.0,90.01840080053356
15.0,542.0,90.59518505073734
15.0,543.0,91.12975580732551
15.0,544.0,91.62505097694215
15.0,545.0,92.08377964810322
15.0,546.0,92.5084317380531
15.0,547.0,92.90128972559855
15.0,548.0,93.26444135077826
15.0,549.0,93.59979269315642
15.0,550.0,93.90908105253396
15.0,551.0,94.19388739165142
15.0,552.0,94.45564807802185
15.0,553.0,94.6956658534763
15.0,554.0,94.91511994684366
15.0,555.0,95.1150753247317
15.0,556.0,95.29649109884555
15.0,557.0,95.4602280949044
15.0,558.0,95.60705566456436
15.0,559.0,95.73765772587771
15.0,560.0,95.85263815641625
15.0,561.0,95.95252549018286
15.0,562.0,96.03777707560197
15.0,563.0,96.10878260430866
15.0,564.0,96.16586719717523
15.0,565.0,96.20929391293512
15.0,566.0,96.2392658936783
15.0,567.0,96.25592796721766
15.0,568.0,96.25936794829583
15.0,569.0,96.24961741311266
15.0,570.0,96.22665221706168
15.0,571.0,96.19039248474111
15.0,572.0,96.14070237021897
15.0,573.0,96.07738927127816
15.0,574.0,96.00020282363097
15.0,575.0,95.9088333134013
15.0,576.0,95.80290986145981
15.0,577.0,95.68199797219688
15.0,578.0,95.54559682717597
15.0,579.0,95.39313587011037
15.0,580.0,95.22397108950933
15.0,581.0,95.03738049890042
15.0,582.0,94.83255924597565
15.0,583.0,94.60861380406588
15.0,584.0,94.3645557020044
15.0,585.0,94.0992942005311
15.0,586.0,93.8116283974468
15.0,587.0,93.50023812841334
15.0,588.0,93.16367417702511
15.0,589.0,92.80034712942748
15.0,590.0,92.40851543155661
15.0,591.0,91.98627197324426
15.0,592.0,91.53152982965838
15.0,593.0,91.04200651436673
15.0,594.0,90.51520750237924
15.0,595.0,89.94840848560978
15.0,596.0,89.3386373514551
15.0,597.0,88.68265559754383
15.0,598.0,87.97694059323756
15.0,599.0,87.21766889976527
15.0,600.0,86.40070279832604
15.0,601.0,85.52158114352511
15.0,602.0,84.5755179316959
15.0,603.0,83.55741121014134
15.0,604.0,82.4618676448359
15.0,605.0,81.28324761473503
15.0,606.0,80.01573875996066
15.0,607.0,78.65346555638926
15.0,608.0,77.19064540486048
15.0,609.0,75.62180051477864
15.0,610.0,73.94203605580488
15.0,611.0,72.14739061571206
15.0,612.0,70.23526121974754
15.0,613.0,68.20489355958507
15.0,614.0,66.05791536563116
15.0,615.0,63.7988696150602
15.0,616.0,61.43568414932342
15.0,617.0,58.97999226323821
15.0,618.0,56.44721060269818
15.0,619.0,53.85628816781139
15.0,620.0,51.229079441630056
15.0,621.0,48.589357906314916
15.0,622.0,45.961568321548526
15.0,623.0,43.369482204086644
15.0,624.0,40.834950103040754
15.0,625.0,38.37691509500735
15.0,626.0,36.010785903293794
15.0,627.0,33.74818585877904
15.0,628.0,31.597030781409053
15.0,629.0,29.56184950534664
15.0,630.0,27.644253472983333
15.0,631.0,25.8434698567305
15.0,632.0,24.156874899727377
15.0,633.0,22.58048403536262
15.0,634.0,21.109376865851345
15.0,635.0,19.738047486329215
15.0,636.0,18.46068258519181
15.0,637.0,17.271373168166956
15.0,638.0,16.1642705838955
15.0,639.0,15.133695911450776
15.0,640.0,14.17421343053816
15.0,641.0,13.280675499042102
15.0,642.0,12.448247025869266
15.0,643.0,11.672414131129537
15.0,644.0,10.948982599707415
15.0,645.0,10.274068450205286
15.0,646.0,9.644084324788063
15.0,647.0,9.055722485624251
15.0,648.0,8.50593691029372
15.0,649.0,7.991924339110867
15.0,650.0,7.511106054589218
15.0,651.0,7.06110972028517
15.0,652.0,6.639752665476244
15.0,653.0,6.245025665819953
15.0,654.0,5.875078399675518
15.0,655.0,5.52820549602453
15.0,656.0,5.2028342507599685
15.0,657.0,4.897512871617395
15.0,658.0,4.610900280438637
15.0,659.0,4.341756318902696
15.0,660.0,4.088933365565021
15.0,661.0,3.85136821723816
15.0,662.0,3.6280752339503457
15.0,663.0,3.4181396174918426
15.0,664.0,3.2207118185785615
15.0,665.0,3.03500196404454
15.0,666.0,2.8602752953570203
15.0,667.0,2.6958475329139
15.0,668.0,2.5410811523247867
15.0,669.0,2.395381510568359
15.0,670.0,2.258193801041022
15.0,671.0,2.128999798719817
15.0,672.0,2.0073153649833557
15.0,673.0,1.8926876964301795
15.0,674.0,1.784693275547139
15.0,675.0,1.6829355305264382
15.0,676.0,1.5870431483444947
15.0,677.0,1.4966680713214653
15.0,678.0,1.4114841056904477
15.0,679.0,1.3311851954048133
15.0,680.0,1.2554842724841853
15.0,681.0,1.1841117603422122
15.0,682.0,1.1168146227063096
15.0,683.0,1.0533550580869533
15.0,684.0,0.993509712414639
15.0,685.0,0.9370685336885278
15.0,686.0,0.8838341200992111
15.0,687.0,0.833620709779718
15.0,688.0,0.7862536414462609
15.0,689.0,0.7415684588506463
15.0,690.0,0.699410465161196
15.0,691.0,0.6596339254391685
15.0,692.0,0.6221016993267421
15.0,693.0,0.5866845278439021
15.0,694.0,0.5532607316295134
15.0,695.0,0.5217155707385909
15.0,696.0,0.4919409978371308
15.0,697.0,0.4638350815976164
15.0,698.0,0.437301805988829
15.0,699.0,0.41225054941754496
15.0,700.0,0.38859592266736
15.0,701.0,0.36625729719319366
15.0,702.0,0.34515867541577383
15.0,703.0,0.32522826260255167
15.0,704.0,0.3063983641697581
15.0,705.0,0.2886049964254476
15.0,706.0,0.2717878063103831
15.0,707.0,0.2558897169728822
15.0,708.0,0.24085686602573786
15.0,709.0,0.22663828249719617
15.0,710.0,0.21318584021927017
15.0,711.0,0.20045396317727157
15.0,712.0,0.18839959109543145
15.0,713.0,0.17698191060690627
15.0,714.0,0.16616233048156534
15.0,715.0,0.15590423637353878
15.0,716.0,0.14617297345607144
15.0,717.0,0.13693562278579643
15.0,718.0,0.12816098938080836
15.0,719.0,0.11981939847897083
15.0,720.0,0.11188268732592307
15.0,721.0,0.10432401980609433
15.0,722.0,0.09711788040372579
15.0,723.0,0.0902399058556793
15.0,724.0,0.08366687991596575
15.0,725.0,0.07737658082357614
15.0,726.0,0.0713477756436847
15.0,727.0,0.0655600824653745
15.0,728.0,0.05999396321405006
15.0,729.0,0.054630599596125366
15.0,730.0,0.04945188338001207
15.0,731.0,0.044440305190044785
15.0,732.0,0.03957894133995203
15.0,733.0,0.03485135464849529
15.0,734.0,0.030241576981392272
15.0,735.0,0.02573402131792504
15.0,736.0,0.021313459216321325
15.0,737.0,0.016964943405194916
15.0,738.0,0.012673779434547918
15.0,739.0,0.008425458099310251
15.0,740.0,0.004205620574289955
15.0,741.0,0.0
16.0,0.0,0.0
16.0,1.0,0.0015717240830030645
16.0,2.0,0.0031487622769432334
16.0,3.0,0.004736445803841235
16.0,4.0,0.006340143323973421
16.0,5.0,0.007965275075172945
16.0,6.0,0.009617336660569938
16.0,7.0,0.011301910463781185
16.0,8.0,0.01302469314541902
16.0,9.0,0.01479150458880212
16.0,10.0,0.01660831936077538
16.0,11.0,0.018481273453257695
16.0,12.0,0.020416699975021036
16.0,13.0,0.022421133968991896
16.0,14.0,0.024501352616725456
16.0,15.0,0.026664378430168983
16.0,16.0,0.028917524269935428
16.0,17.0,0.031268395233579445
16.0,18.0,0.033724938812816525
16.0,19.0,0.03629544582871344
16.0,20.0,0.03898860608221313
16.0,21.0,0.04181350872057611
16.0,22.0,0.04477970377058314
16.0,23.0,0.04789720236079273
16.0,24.0,0.05117654456837966
16.0,25.0,0.05462879996917177
16.0,26.0,0.0582656422782014
16.0,27.0,0.06209935075512758
16.0,28.0,0.06614289217641052
16.0,29.0,0.07040992368893527
16.0,30.0,0.0749148827197221
16.0,31.0,0.079672991946971
16.0,32.0,0.08470035783318985
16.0,33.0,0.09001397847248006
16.0,34.0,0.09563185152712328
16.0,35.0,0.10157298581520745
16.0,36.0,0.10785751954181567
16.0,37.0,0.11450673661512842
16.0,38.0,0.12154319619483335
16.0,39.0,0.1289907548714646
16.0,40.0,0.13687470871077978
16.0,41.0,0.14522182260509747
16.0,42.0,0.15406048617852242
16.0,43.0,0.1634207518264175
16.0,44.0,0.17333450606922196
16.0,45.0,0.1838355180444824
16.0,46.0,0.19495962816506113
16.0,47.0,0.20674480912684573
16.0,48.0,0.21923137405105295
16.0,49.0,0.23246205243182066
16.0,50.0,0.2464822203355463
16.0,51.0,0.2613399941511762
16.0,52.0,0.2770864858991051
16.0,53.0,0.2937759181822543
16.0,54.0,0.3114659082445236
16.0,55.0,0.33021760817687623
16.0,56.0,0.35009602208786406
16.0,57.0,0.3711701764264348
16.0,58.0,0.3935134755189086
16.0,59.0,0.4172039078675039
16.0,60.0,0.44232444641235685
16.0,61.0,0.4689632978999334
16.0,62.0,0.49721435559897953
16.0,63.0,0.5271775003658772
16.0,64.0,0.558959115246273
16.0,65.0,0.5926724487686486
16.0,66.0,0.6284382029799866
16.0,67.0,0.6663849718634273
16.0,68.0,0.7066499169838397
16.0,69.0,0.7493792968555242
16.0,70.0,0.7947292476245487
16.0,71.0,0.8428664228270235
16.0,72.0,0.8939689005331524
16.0,73.0,0.9482269573609202
16.0,74.0,1.0058441283745059
16.0,75.0,1.0670381445654622
16.0,76.0,1.1320421776299616
16.0,77.0,1.2011059764623238
16.0,78.0,1.2744973357438953
16.0,79.0,1.352503474248848
16.0,80.0,1.4354327737888224
16.0,81.0,1.523616449977438
16.0,82.0,1.61741061593748
16.0,83.0,1.7171983037504155
16.0,84.0,1.82339191416799
16.0,85.0,1.936435652434238
16.0,86.0,2.0568084284235297
16.0,87.0,2.185026770195247
16.0,88.0,2.321648233442435
16.0,89.0,2.467274843108438
16.0,90.0,2.6225570474124447
16.0,91.0,2.788197699548277
16.0,92.0,2.964956533092345
16.0,93.0,3.15365461003999
16.0,94.0,3.3551791719905886
16.0,95.0,3.570488309691369
16.0,96.0,3.800615809277706
16.0,97.0,4.046675480075338
16.0,98.0,4.309865189671332
16.0,99.0,4.591469725558231
16.0,100.0,4.892862482756016
16.0,101.0,5.215504799291447
16.0,102.0,5.5609425817658105
16.0,103.0,5.9307986015969325
16.0,104.0,6.326759599340292
16.0,105.0,6.75055600739811
16.0,106.0,7.203932847705837
16.0,107.0,7.688609080069318
16.0,108.0,8.206223606836257
16.0,109.0,8.758265216298023
16.0,110.0,9.345985315085308
16.0,111.0,9.970292346730409
16.0,112.0,10.63162973868838
16.0,113.0,11.329841001364901
16.0,114.0,12.064030483811313
16.0,115.0,12.832431779498911
16.0,116.0,13.632301446607483
16.0,117.0,14.459858079511722
16.0,118.0,15.310288413942814
16.0,119.0,16.177837010923653
16.0,120.0,17.055987349082283
16.0,121.0,17.937726250825943
16.0,122.0,18.815867894547896
16.0,123.0,19.68339907324689
16.0,124.0,20.533803206621666
16.0,125.0,21.3613247670624
16.0,126.0,22.161150371625833
16.0,127.0,22.929498465601615
16.0,128.0,23.663625427105725
16.0,129.0,24.361764638004
16.0,130.0,25.023020203396392
16.0,131.0,25.647235356622417
16.0,132.0,26.234853213906764
16.0,133.0,26.78678187239622
16.0,134.0,27.304272355873973
16.0,135.0,27.788813032088253
16.0,136.0,28.24204234356794
16.0,137.0,28.665678749522343
16.0,138.0,29.061466728639896
16.0,139.0,29.43113612562344
16.0,140.0,29.77637304668716
16.0,141.0,30.098799580126368
16.0,142.0,30.399960898102794
16.0,143.0,30.68131755036499
16.0,144.0,30.944242086898402
16.0,145.0,31.19001839044755
16.0,146.0,31.419843360795284
16.0,147.0,31.63482977295136
16.0,148.0,31.83601030840343
16.0,149.0,32.02434187889087
16.0,150.0,32.20071046828473
16.0,151.0,32.36593579744221
16.0,152.0,32.520776170414514
16.0,153.0,32.66593291702853
16.0,154.0,32.802054862607534
16.0,155.0,32.929742303325696
16.0,156.0,33.04955095372319
16.0,157.0,33.16199538094039
16.0,158.0,33.267552406694655
16.0,159.0,33.366664012236285
16.0,160.0,33.459740229883906
16.0,161.0,33.547161568816996
16.0,162.0,33.62928145484593
16.0,163.0,33.70642824014191
16.0,164.0,33.77890725540746
16.0,165.0,33.84700246691627
16.0,166.0,33.910978202009886
16.0,167.0,33.97108051129012
16.0,168.0,34.02753862145791
16.0,169.0,34.08056605283619
16.0,170.0,34.130361845612086
16.0,171.0,34.17711147491701
16.0,172.0,34.22098788880825
16.0,173.0,34.262152255750436
16.0,174.0,34.300754845725756
16.0,175.0,34.336935638474024
16.0,176.0,34.370825073122745
16.0,177.0,34.402544540013736
16.0,178.0,34.43220701918244
16.0,179.0,34.45991747396597
16.0,180.0,34.48577339444616
16.0,181.0,34.5098651071937
16.0,182.0,34.53227623631413
16.0,183.0,34.5530839405348
16.0,184.0,34.57235930167048
16.0,185.0,34.59016749773756
16.0,186.0,34.606568126449275
16.0,187.0,34.621615321144866
16.0,188.0,34.63535801537988
16.0,189.0,34.64784000729605
16.0,190.0,34.659100170676886
16.0,191.0,34.6691724732415
16.0,192.0,34.67808614010207
16.0,193.0,34.685865632916034
16.0,194.0,34.69253077428771
16.0,195.0,34.69809669879217
16.0,196.0,34.702573952858096
16.0,197.0,34.70596843711623
16.0,198.0,34.70828150787036
16.0,199.0,34.70950994571883
16.0,200.0,34.70964610509947
16.0,201.0,34.708677970423075
16.0,202.0,34.70658943345064
16.0,203.0,34.703360539330305
16.0,204.0,34.69896802108626
16.0,205.0,34.69338589539833
16.0,206.0,34.68658644681875
16.0,207.0,34.6785413976409
16.0,208.0,34.669223591407075
16.0,209.0,34.658608996137616
16.0,210.0,34.646679327730766
16.0,211.0,34.633425062484115
16.0,212.0,34.61884904465372
16.0,213.0,34.602970331901034
16.0,214.0,34.58582828522629
16.0,215.0,34.567486315961204
16.0,216.0,34.54803502583916
16.0,217.0,34.5275939316817
16.0,218.0,34.50631138714651
16.0,219.0,34.48436200151123
16.0,220.0,34.461941555071
16.0,221.0,34.43925942311141
16.0,222.0,34.41652940169962
16.0,223.0,34.393959820426915
16.0,224.0,34.37174436249627
16.0,225.0,34.35005448561849
16.0,226.0,34.329034320244475
16.0,227.0,34.30879808207983
16.0,228.0,34.28942996504116
16.0,229.0,34.270985856246426
16.0,230.0,34.253496435388904
16.0,231.0,34.23697090824841
16.0,232.0,34.2214010436247
16.0,233.0,34.20676500102769
16.0,234.0,34.19303087240322
16.0,235.0,34.18015967198888
16.0,236.0,34.1681078803741
16.0,237.0,34.15682941936245
16.0,238.0,34.14627724179907
16.0,239.0,34.13640446640101
16.0,240.0,34.12716525293557
16.0,241.0,34.11851535511594
16.0,242.0,34.110412529464966
16.0,243.0,34.10281672921389
16.0,244.0,34.09569023799199
16.0,245.0,34.08899766288424
16.0,246.0,34.0827059204596
16.0,247.0,34.076784129371205
16.0,248.0,34.071203526368194
16.0,249.0,34.0659373172828
16.0,250.0,34.060960566981684
16.0,251.0,34.05625004082913
16.0,252.0,34.051784091650745
16.0,253.0,34.047542507703795
16.0,254.0,34.04350640754288
16.0,255.0,34.039658101402736
16.0,256.0,34.03598099810916
16.0,257.0,34.03245948186092
16.0,258.0,34.02907883179832
16.0,259.0,34.02582511368523
16.0,260.0,34.022685111039195
16.0,261.0,34.01964623007853
16.0,262.0,34.01669644059798
16.0,263.0,34.01382419212435
16.0,264.0,34.01101836250918
16.0,265.0,34.00826818316805
16.0,266.0,34.005563193386955
16.0,267.0,34.00289317260493
16.0,268.0,34.000248098546315
16.0,269.0,33.997618084635484
16.0,270.0,33.994993340194796
16.0,271.0,33.992364111197894
16.0,272.0,33.9897206408724
16.0,273.0,33.98705311207639
16.0,274.0,33.98435160669673
16.0,275.0,33.98160604795879
16.0,276.0,33.97880615700815
16.0,277.0,33.975941393433146
16.0,278.0,33.97300090735901
16.0,279.0,33.96997347638006
16.0,280.0,33.966847451389086
16.0,281.0,33.963610687993246
16.0,282.0,33.96025048416708
16.0,283.0,33.95675350409141
16.0,284.0,33.95310570559569
16.0,285.0,33.94929225426923
16.0,286.0,33.94529743862543
16.0,287.0,33.94110457239699
16.0,288.0,33.9366958955593
16.0,289.0,33.93205246313558
16.0,290.0,33.92715403092849
16.0,291.0,33.9219789302895
16.0,292.0,33.916503939107436
16.0,293.0,33.910704144473634
16.0,294.0,33.90455280299703
16.0,295.0,33.89802119820627
16.0,296.0,33.891078500996954
16.0,297.0,33.88369163772672
16.0,298.0,33.87582517377209
16.0,299.0,33.86744122431934
16.0,300.0,33.85849940487874
16.0,301.0,33.848956843515566
16.0,302.0,33.83876827584512
16.0,303.0,33.827886258972555
16.0,304.0,33.816261538344314
16.0,305.0,33.803843621420825
16.0,306.0,33.79058160737093
16.0,307.0,33.77642534326417
16.0,308.0,33.76132696476989
16.0,309.0,33.7452428927938
16.0,310.0,33.72813632457119
16.0,311.0,33.709980245512334
16.0,312.0,33.6907609139048
16.0,313.0,33.67048171058368
16.0,314.0,33.64916711454022
16.0,315.0,33.626866458147134
16.0,316.0,33.603656960631085
16.0,317.0,33.5796454642192
16.0,318.0,33.554968256307205
16.0,319.0,33.52978850223955
16.0,320.0,33.504291067517386
16.0,321.0,33.47867495769054
16.0,322.0,33.45314405679032
16.0,323.0,33.42789725736598
16.0,324.0,33.40311919854458
16.0,325.0,33.3789727051034
16.0,326.0,33.35559360855396
16.0,327.0,33.33308817826883
16.0,328.0,33.31153294175931
16.0,329.0,33.29097641830647
16.0,330.0,33.271442149750094
16.0,331.0,33.2529324522931
16.0,332.0,33.23543238859548
16.0,333.0,33.21891361305885
16.0,334.0,33.20333785213245
16.0,335.0,33.18865991073162
16.0,336.0,33.17483015798823
16.0,337.0,33.16179651732399
16.0,338.0,33.14950600077956
16.0,339.0,33.137905857391154
16.0,340.0,33.12694439538843
16.0,341.0,33.11657154665946
16.0,342.0,33.106739224858146
16.0,343.0,33.097401528577464
16.0,344.0,33.0885148262067
16.0,345.0,33.08003775563862
16.0,346.0,33.071931163075426
16.0,347.0,33.064157999303525
16.0,348.0,33.056683189757806
16.0,349.0,33.049473485829935
16.0,350.0,33.0424973097808
16.0,351.0,33.03572459275399
16.0,352.0,33.029126617202245
16.0,353.0,33.0226758571679
16.0,354.0,33.01634582865086
16.0,355.0,33.010110938526836
16.0,356.0,33.00394634646668
16.0,357.0,32.997827823859765
16.0,358.0,32.9917316272734
16.0,359.0,32.98563436615628
16.0,360.0,32.97951288600208
16.0,361.0,32.97334414233786
16.0,362.0,32.96710509088908
16.0,363.0,32.96077256476771
16.0,364.0,32.95432316853848
16.0,365.0,32.9477331552413
16.0,366.0,32.94097832105154
16.0,367.0,32.934033878591315
16.0,368.0,32.92687434870109
16.0,369.0,32.919473426294736
16.0,370.0,32.91180386552467
16.0,371.0,32.90383733414627
16.0,372.0,32.895544288010406
16.0,373.0,32.88689380948114
16.0,374.0,32.87785346669455
16.0,375.0,32.86838913099447
16.0,376.0,32.85846481573613
16.0,377.0,32.84804246695753
16.0,378.0,32.83708177567946
16.0,379.0,32.82553993512561
16.0,380.0,32.81337141950446
16.0,381.0,32.800527700080096
16.0,382.0,32.786956982399
16.0,383.0,32.772603872521614
16.0,384.0,32.75740906376456
16.0,385.0,32.74130894369877
16.0,386.0,32.72423522109313
16.0,387.0,32.70611446439615
16.0,388.0,32.68686766041728
16.0,389.0,32.66640967692554
16.0,390.0,32.64464874802937
16.0,391.0,32.621485859046444
16.0,392.0,32.5968141619389
16.0,393.0,32.57051829290379
16.0,394.0,32.5424737387473
16.0,395.0,32.512546122125755
16.0,396.0,32.48059057336711
16.0,397.0,32.446451063818415
16.0,398.0,32.40995989844333
16.0,399.0,32.37093725793535
16.0,400.0,32.32919103174738
16.0,401.0,32.28451686332231
16.0,402.0,32.236698711576345
16.0,403.0,32.18550990121728
16.0,404.0,32.13071504996403
16.0,405.0,32.07207291470864
16.0,406.0,32.00934063981853
16.0,407.0,31.942279513731922
16.0,408.0,31.870662779583792
16.0,409.0,31.794285592544956
16.0,410.0,31.71297759017974
16.0,411.0,31.626617925080314
16.0,412.0,31.53515281152924
16.0,413.0,31.438614747291275
16.0,414.0,31.337142523611988
16.0,415.0,31.230999975665057
16.0,416.0,31.120591291278522
16.0,417.0,31.00646966779165
16.0,418.0,30.889336574340888
16.0,419.0,30.77002889470388
16.0,420.0,30.649493200620526
16.0,421.0,30.528747934137538
16.0,422.0,30.408837273741344
16.0,423.0,30.29078177261207
16.0,424.0,30.17553223554511
16.0,425.0,30.06393190896049
16.0,426.0,29.956690786697415
16.0,427.0,29.854372768426934
16.0,428.0,29.757394976421143
16.0,429.0,29.66603643636585
16.0,430.0,29.58045346313022
16.0,431.0,29.500698444295132
16.0,432.0,29.426739950544796
16.0,433.0,29.358482000674403
16.0,434.0,29.295781733043274
16.0,435.0,29.238464492864118
16.0,436.0,29.18633655308246
16.0,437.0,29.13919513943918
16.0,438.0,29.096836419003832
16.0,439.0,29.059061339556564
16.0,440.0,29.02568008520335
16.0,441.0,28.996515022798192
16.0,442.0,28.971402868323608
16.0,443.0,28.95019585783325
16.0,444.0,28.932762582881157
16.0,445.0,28.918988180190997
16.0,446.0,28.90877447693802
16.0,447.0,28.90203970522622
16.0,448.0,28.89871834946295
16.0,449.0,28.898760684893567
16.0,450.0,28.902132551781353
16.0,451.0,28.908814884501552
16.0,452.0,28.918803533927647
16.0,453.0,28.932108874526552
16.0,454.0,28.948755736769566
16.0,455.0,28.968783135536807
16.0,456.0,28.99224434226391
16.0,457.0,29.01920675518853
16.0,458.0,29.049752125285412
16.0,459.0,29.083976578691214
16.0,460.0,29.121991004394026
16.0,461.0,29.16392123624451
16.0,462.0,29.209908609803936
16.0,463.0,29.260110312644493
16.0,464.0,29.31470012046426
16.0,465.0,29.373868928252342
16.0,466.0,29.437825680580058
16.0,467.0,29.506798101852556
16.0,468.0,29.581033842058666
16.0,469.0,29.66080143144213
16.0,470.0,29.74639167079476
16.0,471.0,29.83811884443712
16.0,472.0,29.936322393441984
16.0,473.0,30.041368430951714
16.0,474.0,30.15365174769505
16.0,475.0,30.273597685571374
16.0,476.0,30.401664537643192
16.0,477.0,30.538345849706086
16.0,478.0,30.684173291628756
16.0,479.0,30.839719472180395
16.0,480.0,31.005601374806485
16.0,481.0,31.182483787638024
16.0,482.0,31.37108341341691
16.0,483.0,31.572173032616252
16.0,484.0,31.786586411650937
16.0,485.0,32.015223328602445
16.0,486.0,32.25905541067889
16.0,487.0,32.519132151626565
16.0,488.0,32.79658779823792
16.0,489.0,33.09264846193273
16.0,490.0,33.40864012570443
16.0,491.0,33.74599687370887
16.0,492.0,34.10626996991476
16.0,493.0,34.491137053233615
16.0,494.0,34.90241198742867
16.0,495.0,35.342054517468476
16.0,496.0,35.81218010665882
16.0,497.0,36.31506889494055
16.0,498.0,36.8531738639462
16.0,499.0,37.429126783611935
16.0,500.0,38.04574154407151
16.0,501.0,38.706012852342376
16.0,502.0,39.41310914600832
16.0,503.0,40.17035681259392
16.0,504.0,40.98121351113102
16.0,505.0,41.84922652889495
16.0,506.0,42.77797275734454
16.0,507.0,43.77097513828123
16.0,508.0,44.83159142431016
16.0,509.0,45.96287013674375
16.0,510.0,47.167370872494516
16.0,511.0,48.446947183653904
16.0,512.0,49.80249531736712
16.0,513.0,51.23367678168979
16.0,514.0,52.738631711077836
16.0,515.0,54.313708234789566
16.0,516.0,55.95324364498444
16.0,517.0,57.649439133962765
16.0,518.0,59.392372142763634
16.0,519.0,61.17018092829325
16.0,520.0,62.969436873195725
16.0,521.0,64.77568852038783
16.0,522.0,66.57412787611162
16.0,523.0,68.35030072499012
16.0,524.0,70.09077291811285
16.0,525.0,71.78367439929926
16.0,526.0,73.41907146992496
16.0,527.0,74.98915133920134
16.0,528.0,76.48823439721787
16.0,529.0,77.91264892613691
16.0,530.0,79.26051216149177
16.0,531.0,80.53145962440222
16.0,532.0,81.72635834796651
16.0,533.0,82.84702939549561
16.0,534.0,83.89599642759775
16.0,535.0,84.87626852102596
16.0,536.0,85.79116026731398
16.0,537.0,86.64414765474838
16.0,538.0,87.438756582907
16.0,539.0,88.17847921512458
16.0,540.0,88.86671366816249
16.0,541.0,89.50672225439067
16.0,542.0,90.10160447349668
16.0,543.0,90.65428109272649
16.0,544.0,91.1674866832323
16.0,545.0,91.64376814860216
16.0,546.0,92.08548762728367
16.0,547.0,92.49482823671691
16.0,548.0,92.87380175121261
16.0,549.0,93.22425731712886
16.0,550.0,93.54789073844432
16.0,551.0,93.84625384180308
16.0,552.0,94.12076370248283
16.0,553.0,94.37271149099816
16.0,554.0,94.60327084580753
16.0,555.0,94.81350568631785
16.0,556.0,95.00437742028092
16.0,557.0,95.17675155767623
16.0,558.0,95.33140369001877
16.0,559.0,95.46902491317245
16.0,560.0,95.59022663290132
16.0,561.0,95.69554487993803
16.0,562.0,95.78544404078409
16.0,563.0,95.86032017077886
16.0,564.0,95.9205037556846
16.0,565.0,95.96626212372838
16.0,566.0,95.99780133092125
16.0,567.0,96.01526775504956
16.0,568.0,96.01874917611313
16.0,569.0,96.00827561127215
16.0,570.0,95.98381963632934
16.0,571.0,95.94529649416413
16.0,572.0,95.8925636761071
16.0,573.0,95.8254203088213
16.0,574.0,95.74360598650733
16.0,575.0,95.646799412881
16.0,576.0,95.53461644649137
16.0,577.0,95.40660794534445
16.0,578.0,95.26225695815418
16.0,579.0,95.10097568932595
16.0,580.0,94.92210173899228
16.0,581.0,94.72489407620985
16.0,582.0,94.50852820148276
16.0,583.0,94.27209098833615
16.0,584.0,94.01457461709913
16.0,585.0,93.7348701245446
16.0,586.0,93.43175994426663
16.0,587.0,93.10391000108754
16.0,588.0,92.7498607056872
16.0,589.0,92.36801746455019
16.0,590.0,91.95664004116745
16.0,591.0,91.51383145920391
16.0,592.0,91.03752580735487
16.0,593.0,90.52547575639848
16.0,594.0,89.97523923270198
16.0,595.0,89.38416625697126
16.0,596.0,88.74938558168002
16.0,597.0,88.06779246774025
16.0,598.0,87.33603759564244
16.0,599.0,86.55051899849815
16.0,600.0,85.70737764156551
16.0,601.0,84.80249940232096
16.0,602.0,83.83152507888089
16.0,603.0,82.78987245862515
16.0,604.0,81.6727734998952
16.0,605.0,80.47533230499265
16.0,606.0,79.1926085795413
16.0,607.0,77.81973380100351
16.0,608.0,76.35206577675571
16.0,609.0,74.78538881232818
16.0,610.0,73.11616331137508
16.0,611.0,71.3418274313064
16.0,612.0,69.4611460504049
16.0,613.0,67.47459618332365
16.0,614.0,65.38476504848015
16.0,615.0,63.196726027125415
16.0,616.0,60.918342529995414
16.0,617.0,58.5604420471874
16.0,618.0,56.13679890039342
16.0,619.0,53.663877965563124
16.0,620.0,51.16031744830481
16.0,621.0,48.64617333813373
16.0,622.0,46.14199382887158
16.0,623.0,43.667832819083195
16.0,624.0,41.242324321313205
16.0,625.0,38.881926909698166
16.0,626.0,36.60040646177134
16.0,627.0,34.40857986761935
16.0,628.0,32.31429772576012
16.0,629.0,30.322618372170187
16.0,630.0,28.436111667269866
16.0,631.0,26.655234926077384
16.0,632.0,24.978730881835972
16.0,633.0,23.404013063541353
16.0,634.0,21.92751463414216
16.0,635.0,20.544989997868683
16.0,636.0,19.25176424480271
16.0,637.0,18.042933258884112
16.0,638.0,16.91351809244825
16.0,639.0,15.858581060623292
16.0,640.0,14.873308986998337
16.0,641.0,13.953071086251985
16.0,642.0,13.093455899562528
16.0,643.0,12.290293253773353
16.0,644.0,11.539663988003054
16.0,645.0,10.83790180178267
16.0,646.0,10.181588513736198
16.0,647.0,9.567545836173116
16.0,648.0,8.992823922149354
16.0,649.0,8.454688952357035
16.0,650.0,7.950609360208805
16.0,651.0,7.47824244372959
16.0,652.0,7.0354205724149965
16.0,653.0,6.62013843347514
16.0,654.0,6.230540308477941
16.0,655.0,5.864908653509533
16.0,656.0,5.521652861834888
16.0,657.0,5.199299388708811
16.0,658.0,4.896482066526451
16.0,659.0,4.611933739963627
16.0,660.0,4.34447803304567
16.0,661.0,4.09302235082995
16.0,662.0,3.8565509303297136
16.0,663.0,3.63411902771086
16.0,664.0,3.424847069173861
16.0,665.0,3.2279158416931923
16.0,666.0,3.042561569036601
16.0,667.0,2.8680719396716836
16.0,668.0,2.7037819526214255
16.0,669.0,2.5490706378129806
16.0,670.0,2.403357538924601
16.0,671.0,2.266100003865064
16.0,672.0,2.136790193506001
16.0,673.0,2.0149528407047876
16.0,674.0,1.9001426932614185
16.0,675.0,1.7919426579877051
16.0,676.0,1.689961602883506
16.0,677.0,1.5938328180299526
16.0,678.0,1.5032121158813112
16.0,679.0,1.417776553398502
16.0,680.0,1.3372227807701584
16.0,681.0,1.2612659795282344
16.0,682.0,1.189638419294896
16.0,683.0,1.1220885749923661
16.0,684.0,1.0583798587143007
16.0,685.0,0.9982898858971205
16.0,686.0,0.9416093554571282
16.0,687.0,0.8881414402306582
16.0,688.0,0.8377007933788833
16.0,689.0,0.7901130427836283
16.0,690.0,0.7452139056325642
16.0,691.0,0.7028487699866928
16.0,692.0,0.6628719026093582
16.0,693.0,0.625146103771152
16.0,694.0,0.5895419959303438
16.0,695.0,0.5559377401487008
16.0,696.0,0.5242183952914857
16.0,697.0,0.49427568630313956
16.0,698.0,0.4660074252698006
16.0,699.0,0.4393173233341421
16.0,700.0,0.41411446633008564
16.0,701.0,0.39031316337040667
16.0,702.0,0.36783247088343596
16.0,703.0,0.3465960719399891
16.0,704.0,0.3265318434440186
16.0,705.0,0.3075717611202325
16.0,706.0,0.28965150537334267
16.0,707.0,0.27271038756863114
16.0,708.0,0.25669099070811163
16.0,709.0,0.24153911323038862
16.0,710.0,0.2272034411808714
16.0,711.0,0.21363550625607802
16.0,712.0,0.20078938658820977
16.0,713.0,0.1886216761797079
16.0,714.0,0.17709121179531304
16.0,715.0,0.16615905128885333
16.0,716.0,0.15578822441059093
16.0,717.0,0.14594371783085103
16.0,718.0,0.13659224793678823
16.0,719.0,0.12770225061534063
16.0,720.0,0.11924367433940418
16.0,721.0,0.11118797299279443
16.0,722.0,0.10350791773753908
16.0,723.0,0.09617759135178042
16.0,724.0,0.08917221753261322
16.0,725.0,0.08246815537880249
16.0,726.0,0.07604274492146396
16.0,727.0,0.06987430052087698
16.0,728.0,0.06394197153369892
16.0,729.0,0.0582257335100937
16.0,730.0,0.05270626300382375
16.0,731.0,0.047364925554889865
16.0,732.0,0.04218366372997073
16.0,733.0,0.03714498095880883
16.0,734.0,0.032231841958851044
16.0,735.0,0.02742765156235795
16.0,736.0,0.022716166732163826
16.0,737.0,0.01808146957224198
16.0,738.0,0.013507890182366238
16.0,739.0,0.008979973088661289
16.0,740.0,0.004482410214462707
16.0,741.0,0.0
17.0,0.0,0.0
17.0,1.0,0.0016672762858606681
17.0,2.0,0.0033401889365322923
17.0,3.0,0.005024394133322702
17.0,4.0,0.006725584408085146
17.0,5.0,0.00844951200033443
17.0,6.0,0.010202002368696454
17.0,7.0,0.01198898134884188
17.0,8.0,0.0138164859075957
17.0,9.0,0.015690695367660726
17.0,10.0,0.01761793967887976
17.0,11.0,0.01960473498535107
17.0,12.0,0.021657789701555102
17.0,13.0,0.023784044711130835
17.0,14.0,0.02599067755302074
17.0,15.0,0.028285147559139207
17.0,16.0,0.03067519847767147
17.0,17.0,0.033168908879469425
17.0,18.0,0.03577469357257199
17.0,19.0,0.03850135963485376
17.0,20.0,0.04135810700623081
17.0,21.0,0.0443545905384229
17.0,22.0,0.04750092018980784
17.0,23.0,0.0508077295228315
17.0,24.0,0.05428617597186027
17.0,25.0,0.05794801626563917
17.0,26.0,0.061805607291724074
17.0,27.0,0.0658719889764958
17.0,28.0,0.07016088633200436
17.0,29.0,0.07468680039068025
17.0,30.0,0.0794650120931251
17.0,31.0,0.08451168195039586
17.0,32.0,0.0898438565161838
17.0,33.0,0.0954795775383187
17.0,34.0,0.10143789185804386
17.0,35.0,0.10773897091657472
17.0,36.0,0.11440412504045315
17.0,37.0,0.12145593429153641
17.0,38.0,0.1289182682339694
17.0,39.0,0.13681642926051138
17.0,40.0,0.1451771790975512
17.0,41.0,0.15402889591171093
17.0,42.0,0.16340160899957737
17.0,43.0,0.17332717118166344
17.0,44.0,0.1838393033494023
17.0,45.0,0.1949737838957936
17.0,46.0,0.20676850506151517
17.0,47.0,0.2192636814416644
17.0,48.0,0.23250192039534504
17.0,49.0,0.24652845201674536
17.0,50.0,0.2613912162604516
17.0,51.0,0.2771411171863233
17.0,52.0,0.2938321299213044
17.0,53.0,0.3115215824981971
17.0,54.0,0.33027028634289257
17.0,55.0,0.35014284964841846
17.0,56.0,0.371207835767939
17.0,57.0,0.3935381128236845
17.0,58.0,0.41721104523001534
17.0,59.0,0.44230888516449607
17.0,60.0,0.46891900347769755
17.0,61.0,0.49713432979039807
17.0,62.0,0.5270536303111962
17.0,63.0,0.5587820047173547
17.0,64.0,0.5924312199497123
17.0,65.0,0.6281202737413236
17.0,66.0,0.6659757953520041
17.0,67.0,0.7061326876928639
17.0,68.0,0.7487346082673588
17.0,69.0,0.7939347043703346
17.0,70.0,0.841896190288226
17.0,71.0,0.8927931930956204
17.0,72.0,0.94681144549572
17.0,73.0,1.0041492633464069
17.0,74.0,1.0650183774261786
17.0,75.0,1.1296450680009762
17.0,76.0,1.1982711632462573
17.0,77.0,1.2711553608239923
17.0,78.0,1.3485744255067125
17.0,79.0,1.4308247325888186
17.0,80.0,1.5182237020100011
17.0,81.0,1.6111116028388035
17.0,82.0,1.7098532649692093
17.0,83.0,1.8148401866105197
17.0,84.0,1.926492565671402
17.0,85.0,2.045261750769904
17.0,86.0,2.171632629488485
17.0,87.0,2.30612645355437
17.0,88.0,2.4493036045031222
17.0,89.0,2.6017667978003693
17.0,90.0,2.764164208174339
17.0,91.0,2.9371930026575277
17.0,92.0,3.121602731283773
17.0,93.0,3.318199033981175
17.0,94.0,3.5278470603789094
17.0,95.0,3.7514750061413022
17.0,96.0,3.990077076092117
17.0,97.0,4.244716180482017
17.0,98.0,4.51652553709812
17.0,99.0,4.806709325924154
17.0,100.0,5.116541359251355
17.0,101.0,5.447361671826287
17.0,102.0,5.800569696697661
17.0,103.0,6.177613602693985
17.0,104.0,6.579974091401742
17.0,105.0,7.009141866491191
17.0,106.0,7.466586742072552
17.0,107.0,7.953717393197907
17.0,108.0,8.471829719084402
17.0,109.0,9.022043204938528
17.0,110.0,9.605224191959094
17.0,111.0,10.221897170376954
17.0,112.0,10.872145724912711
17.0,113.0,11.555508108205325
17.0,114.0,12.270874018111323
17.0,115.0,13.016393228017474
17.0,116.0,13.789408200304846
17.0,117.0,14.586425391320452
17.0,118.0,15.40313810508925
17.0,119.0,16.234511127293025
17.0,120.0,17.074929129054937
17.0,121.0,17.918402272491697
17.0,122.0,18.758811052696114
17.0,123.0,19.590165600610792
17.0,124.0,20.406850524914542
17.0,125.0,21.203830517336925
17.0,126.0,21.9767987561526
17.0,127.0,22.722261539682165
17.0,128.0,23.437561139513946
17.0,129.0,24.12084710475211
17.0,130.0,24.77100887478019
17.0,131.0,25.38758440859683
17.0,132.0,25.97065696118975
17.0,133.0,26.520750655723024
17.0,134.0,27.03873142782571
17.0,135.0,27.525718317111643
17.0,136.0,27.98300673574554
17.0,137.0,28.412004828450712
17.0,138.0,28.81418183399815
17.0,139.0,29.19102783357307
17.0,140.0,29.544022857064178
17.0,141.0,29.87461434990824
17.0,142.0,30.184200967626264
17.0,143.0,30.4741219104411
17.0,144.0,30.745650096257197
17.0,145.0,30.99998874752989
17.0,146.0,31.23827005802503
17.0,147.0,31.461555843734512
17.0,148.0,31.670839141080755
17.0,149.0,31.867046898916072
17.0,150.0,32.05104293710627
17.0,151.0,32.22363147800393
17.0,152.0,32.385560560982626
17.0,153.0,32.537525743792905
17.0,154.0,32.680173487141055
17.0,155.0,32.814104681417106
17.0,156.0,32.93987776492836
17.0,157.0,33.05801192080895
17.0,158.0,33.168989834443664
17.0,159.0,33.27326051038958
17.0,160.0,33.37124165106006
17.0,161.0,33.46332209824933
17.0,162.0,33.54986385338631
17.0,163.0,33.63120417409315
17.0,164.0,33.70765727291887
17.0,165.0,33.7795161091782
17.0,166.0,33.84705380795065
17.0,167.0,33.91052518880717
17.0,168.0,33.97016794575269
17.0,169.0,34.02620395168033
17.0,170.0,34.07884023607805
17.0,171.0,34.12827009954999
17.0,172.0,34.17467392125998
17.0,173.0,34.21822011290227
17.0,174.0,34.25906578292651
17.0,175.0,34.297357554563185
17.0,176.0,34.33323210930087
17.0,177.0,34.366816889259866
17.0,178.0,34.39823053834945
17.0,179.0,34.42758350553586
17.0,180.0,34.45497839864178
17.0,181.0,34.4805105018848
17.0,182.0,34.504268054386074
17.0,183.0,34.526332692748355
17.0,184.0,34.54677966400487
17.0,185.0,34.565678201963145
17.0,186.0,34.58309168257144
17.0,187.0,34.59907794133017
17.0,188.0,34.61368937797872
17.0,189.0,34.62697322162239
17.0,190.0,34.638971591469776
17.0,191.0,34.64972171675226
17.0,192.0,34.659255961395424
17.0,193.0,34.66760200788193
17.0,194.0,34.6747828569501
17.0,195.0,34.680816989202704
17.0,196.0,34.68571835736195
17.0,197.0,34.68949654809362
17.0,198.0,34.69215679573587
17.0,199.0,34.69370018149815
17.0,200.0,34.694123716157364
17.0,201.0,34.69342063683719
17.0,202.0,34.691580634096724
17.0,203.0,34.688590339439614
17.0,204.0,34.68443380967632
17.0,205.0,34.6790933388019
17.0,206.0,34.67255035295958
17.0,207.0,34.664786715373985
17.0,208.0,34.65578620635061
17.0,209.0,34.64553648458059
17.0,210.0,34.63403127760478
17.0,211.0,34.62127304864111
17.0,212.0,34.60727581944134
17.0,213.0,34.59206827652305
17.0,214.0,34.575696708557835
17.0,215.0,34.55822773069892
17.0,216.0,34.53975019429224
17.0,217.0,34.52037611241835
17.0,218.0,34.500239988192384
17.0,219.0,34.47949649493058
17.0,220.0,34.45831621476517
17.0,221.0,34.43687985567437
17.0,222.0,34.415371232679966
17.0,223.0,34.39396994439106
17.0,224.0,34.37284435259564
17.0,225.0,34.352145787211654
17.0,226.0,34.33200428002393
17.0,227.0,34.31252622057975
17.0,228.0,34.293793676157414
17.0,229.0,34.27586528061659
17.0,230.0,34.25877813201809
17.0,231.0,34.24255046748962
17.0,232.0,34.22718458432466
17.0,233.0,34.21266988350387
17.0,234.0,34.19898567148498
17.0,235.0,34.18610375045228
17.0,236.0,34.17399058220253
17.0,237.0,34.16260915823118
17.0,238.0,34.15192044673747
17.0,239.0,34.141884590750784
17.0,240.0,34.13246176258602
17.0,241.0,34.12361285218036
17.0,242.0,34.11529990211608
17.0,243.0,34.10748645348004
17.0,244.0,34.100137713210046
17.0,245.0,34.09322068947517
17.0,246.0,34.08670420235921
17.0,247.0,34.080558899956486
17.0,248.0,34.074757185601236
17.0,249.0,34.069273172557516
17.0,250.0,34.064082572657455
17.0,251.0,34.059162623972675
17.0,252.0,34.05449196665242
17.0,253.0,34.050050562738114
17.0,254.0,34.04581957300802
17.0,255.0,34.041781278780874
17.0,256.0,34.03791896641564
17.0,257.0,34.03421685551037
17.0,258.0,34.03065999361802
17.0,259.0,34.027234192211395
17.0,260.0,34.023925931952114
17.0,261.0,34.020722306187615
17.0,262.0,34.01761093597465
17.0,263.0,34.01457992008891
17.0,264.0,34.01161775847939
17.0,265.0,34.00871330743484
17.0,266.0,34.0058557099458
17.0,267.0,34.00303435456695
17.0,268.0,34.00023881112326
17.0,269.0,33.997458791807304
17.0,270.0,33.99468409069075
17.0,271.0,33.9919045456305
17.0,272.0,33.98910998008414
17.0,273.0,33.986290164430486
17.0,274.0,33.98343475861076
17.0,275.0,33.98053327147902
17.0,276.0,33.97757500278839
17.0,277.0,33.97454899916973
17.0,278.0,33.971443993953955
17.0,279.0,33.96824835833848
17.0,280.0,33.96495003749392
17.0,281.0,33.96153649543577
17.0,282.0,33.95799464583354
17.0,283.0,33.95431078909756
17.0,284.0,33.950470536342934
17.0,285.0,33.94645873729891
17.0,286.0,33.94225939607323
17.0,287.0,33.93785558881951
17.0,288.0,33.933229370465774
17.0,289.0,33.92836168185212
17.0,290.0,33.92323224771536
17.0,291.0,33.917819474604826
17.0,292.0,33.91210034263051
17.0,293.0,33.90605029849035
17.0,294.0,33.899643147567424
17.0,295.0,33.89285095183136
17.0,296.0,33.88564393601767
17.0,297.0,33.877990409469874
17.0,298.0,33.86985671210671
17.0,299.0,33.861207194484926
17.0,300.0,33.85200424831869
17.0,301.0,33.842208402520235
17.0,302.0,33.83177851136682
17.0,303.0,33.8206720575772
17.0,304.0,33.80884560900945
17.0,305.0,33.796255460617566
17.0,306.0,33.78285851128698
17.0,307.0,33.76861341181117
17.0,308.0,33.753482034811256
17.0,309.0,33.73743129070919
17.0,310.0,33.72043531486756
17.0,311.0,33.70247799954546
17.0,312.0,33.683555819059336
17.0,313.0,33.6636808105862
17.0,314.0,33.64288351849705
17.0,315.0,33.621215601805794
17.0,316.0,33.59875175459879
17.0,317.0,33.57559052246155
17.0,318.0,33.55185364450357
17.0,319.0,33.52768363147723
17.0,320.0,33.503239520443216
17.0,321.0,33.47869099620122
17.0,322.0,33.454211390256994
17.0,323.0,33.42997026766097
17.0,324.0,33.40612642554364
17.0,325.0,33.38282201375758
17.0,326.0,33.36017828824043
17.0,327.0,33.33829318754597
17.0,328.0,33.317240672673535
17.0,329.0,33.29707154108612
17.0,330.0,33.27781534401442
17.0,331.0,33.259482990643264
17.0,332.0,33.242069688336144
17.0,333.0,33.22555791927674
17.0,334.0,33.20992026046739
17.0,335.0,33.19512191056484
17.0,336.0,33.18112287071579
17.0,337.0,33.16787975437728
17.0,338.0,33.155347249681434
17.0,339.0,33.143479260134775
17.0,340.0,33.13222977251715
17.0,341.0,33.121553490324914
17.0,342.0,33.111406279993496
17.0,343.0,33.10174546408931
17.0,344.0,33.0925299972768
17.0,345.0,33.08372055094063
17.0,346.0,33.07527952956082
17.0,347.0,33.067171037627524
17.0,348.0,33.05936080926028
17.0,349.0,33.05181611493765
17.0,350.0,33.04450564881888
17.0,351.0,33.03739940928598
17.0,352.0,33.030468569311765
17.0,353.0,33.02368534954127
17.0,354.0,33.01702288501074
17.0,355.0,33.010455100121455
17.0,356.0,33.00395657778602
17.0,357.0,32.997502440133
17.0,358.0,32.9910682219811
17.0,359.0,32.984629757982894
17.0,360.0,32.97816305999312
17.0,361.0,32.97164420963572
17.0,362.0,32.96504923785929
17.0,363.0,32.95835402097734
17.0,364.0,32.951534160008364
17.0,365.0,32.94456487771815
17.0,366.0,32.9374208949322
17.0,367.0,32.93007632577541
17.0,368.0,32.92250454784724
17.0,369.0,32.914678092574675
17.0,370.0,32.90656850585303
17.0,371.0,32.89814623012459
17.0,372.0,32.88938045175163
17.0,373.0,32.880238971061964
17.0,374.0,32.87068803230432
17.0,375.0,32.86069217744447
17.0,376.0,32.850214054049445
17.0,377.0,32.83921424807881
17.0,378.0,32.82765106447321
17.0,379.0,32.81548033360199
17.0,380.0,32.802655158754355
17.0,381.0,32.78912569036905
17.0,382.0,32.77483883417353
17.0,383.0,32.75973798701739
17.0,384.0,32.743762699330674
17.0,385.0,32.7268483666545
17.0,386.0,32.70892584085793
17.0,387.0,32.68992107292769
17.0,388.0,32.66975466981611
17.0,389.0,32.64834148780047
17.0,390.0,32.62559013735148
17.0,391.0,32.60140253424549
17.0,392.0,32.575673365824855
17.0,393.0,32.548289622093776
17.0,394.0,32.51913005706113
17.0,395.0,32.488064749136825
17.0,396.0,32.454954626934416
17.0,397.0,32.419651154763045
17.0,398.0,32.38199605209574
17.0,399.0,32.34182127599107
17.0,400.0,32.29894915870669
17.0,401.0,32.25319297625656
17.0,402.0,32.20435787029908
17.0,403.0,32.152242458535696
17.0,404.0,32.09664109594828
17.0,405.0,32.037347186684414
17.0,406.0,31.97415754335416
17.0,407.0,31.90687823654157
17.0,408.0,31.835331917596132
17.0,409.0,31.759367016120557
17.0,410.0,31.678868647681416
17.0,411.0,31.59377139970475
17.0,412.0,31.504073428904867
17.0,413.0,31.409851500457798
17.0,414.0,31.31127568176325
17.0,415.0,31.208622524490064
17.0,416.0,31.102284640219928
17.0,417.0,30.992774937695685
17.0,418.0,30.880723308862496
17.0,419.0,30.76686468563831
17.0,420.0,30.652017792704218
17.0,421.0,30.537055932736553
17.0,422.0,30.42287196549397
17.0,423.0,30.310341432943915
17.0,424.0,30.200287542362517
17.0,425.0,30.093451974410396
17.0,426.0,29.990473648085334
17.0,427.0,29.89187682340344
17.0,428.0,29.798067808126067
17.0,429.0,29.709339264437606
17.0,430.0,29.625879814430252
17.0,431.0,29.547787315788604
17.0,432.0,29.47508359545093
17.0,433.0,29.407729607577487
17.0,434.0,29.345639582130644
17.0,435.0,29.28869395594493
17.0,436.0,29.236750344351464
17.0,437.0,29.18965291175192
17.0,438.0,29.147239772947508
17.0,439.0,29.10934904552722
17.0,440.0,29.075823304581956
17.0,441.0,29.046513129531522
17.0,442.0,29.021279480364772
17.0,443.0,28.999995577776783
17.0,444.0,28.982547962868807
17.0,445.0,28.968837373506684
17.0,446.0,28.95877904638309
17.0,447.0,28.952303049198246
17.0,448.0,28.9493541957516
17.0,449.0,28.94989212779477
17.0,450.0,28.953891073012592
17.0,451.0,28.961339853922293
17.0,452.0,28.972241624337844
17.0,453.0,28.98661390772986
17.0,454.0,29.004488389149973
17.0,455.0,29.02591104029605
17.0,456.0,29.050942009652427
17.0,457.0,29.079655866009887
17.0,458.0,29.112141611039576
17.0,459.0,29.148503059912244
17.0,460.0,29.188858991713545
17.0,461.0,29.23334368031076
17.0,462.0,29.28210719515362
17.0,463.0,29.335316094698744
17.0,464.0,29.393153890950213
17.0,465.0,29.455821919845693
17.0,466.0,29.523539986082525
17.0,467.0,29.59654742894495
17.0,468.0,29.67510396885229
17.0,469.0,29.7594909926884
17.0,470.0,29.85001262977933
17.0,471.0,29.946997287669657
17.0,472.0,30.050798992762704
17.0,473.0,30.16179921559568
17.0,474.0,30.280408520093545
17.0,475.0,30.40706872664671
17.0,476.0,30.542254923707223
17.0,477.0,30.68647802714041
17.0,478.0,30.840287218352067
17.0,479.0,31.004272968875036
17.0,480.0,31.179069979461396
17.0,481.0,31.365360748366303
17.0,482.0,31.563879093999383
17.0,483.0,31.77541435126126
17.0,484.0,32.000815562810416
17.0,485.0,32.240996385167854
17.0,486.0,32.49694002377334
17.0,487.0,32.76970491050935
17.0,488.0,33.060430423687116
17.0,489.0,33.370343345584274
17.0,490.0,33.70076432992649
17.0,491.0,34.05311503545918
17.0,492.0,34.428925146117
17.0,493.0,34.82983986066287
17.0,494.0,35.25762697882722
17.0,495.0,35.71418403762873
17.0,496.0,36.20154446350794
17.0,497.0,36.72188297723327
17.0,498.0,37.27751895111303
17.0,499.0,37.87091760996542
17.0,500.0,38.504687361132824
17.0,501.0,39.18157262935758
17.0,502.0,39.90443988813693
17.0,503.0,40.67625556926717
17.0,504.0,41.50005280384512
17.0,505.0,42.378884911034376
17.0,506.0,43.31576192527907
17.0,507.0,44.31356762787102
17.0,508.0,45.37495340073721
17.0,509.0,46.50220713633255
17.0,510.0,47.69709547280465
17.0,511.0,48.960681125181985
17.0,512.0,50.29311919687458
17.0,513.0,51.69344216388725
17.0,514.0,53.15934761228241
17.0,515.0,54.68701007186702
17.0,516.0,56.270942473503766
17.0,517.0,57.90393690214005
17.0,518.0,59.577111690135865
17.0,519.0,61.28008529179953
17.0,520.0,63.001281649186396
17.0,521.0,64.72835290882732
17.0,522.0,66.44868317170082
17.0,523.0,68.14992165812733
17.0,524.0,69.82048645342232
17.0,525.0,71.449987192929
17.0,526.0,73.02953041470154
17.0,527.0,74.55189337035098
17.0,528.0,76.0115710959827
17.0,529.0,77.40471706893858
17.0,530.0,78.72900463263366
17.0,531.0,79.98343870043799
17.0,532.0,81.16814344942388
17.0,533.0,82.28414713999477
17.0,534.0,83.33317837089959
17.0,535.0,84.31748320942681
17.0,536.0,85.23966735537502
17.0,537.0,86.10256481150323
17.0,538.0,86.9091316490273
17.0,539.0,87.66236275879852
17.0,540.0,88.36522827023185
17.0,541.0,89.0206267157173
17.0,542.0,89.63135163986321
17.0,543.0,90.20006913709581
17.0,544.0,90.72930372363552
17.0,545.0,91.22143074851219
17.0,546.0,91.67867353165067
17.0,547.0,92.10310408391064
17.0,548.0,92.49664623397015
17.0,549.0,92.86108048909576
17.0,550.0,93.19804991160534
17.0,551.0,93.50906664053662
17.0,552.0,93.79551864852336
17.0,553.0,94.05867653754152
17.0,554.0,94.29970016639973
17.0,555.0,94.51964500074224
17.0,556.0,94.7194681127068
17.0,557.0,94.90003375270274
17.0,558.0,95.06211851238386
17.0,559.0,95.20641599916978
17.0,560.0,95.33354110823073
17.0,561.0,95.44403379019144
17.0,562.0,95.53836245294735
17.0,563.0,95.61692686224985
17.0,564.0,95.68006072398624
17.0,565.0,95.72803377276303
17.0,566.0,95.7610535900114
17.0,567.0,95.77926693265644
17.0,568.0,95.7827608336787
17.0,569.0,95.77156321018441
17.0,570.0,95.74564327732006
17.0,571.0,95.70491145728447
17.0,572.0,95.64921911820196
17.0,573.0,95.57835778532281
17.0,574.0,95.49205819539493
17.0,575.0,95.3899887897793
17.0,576.0,95.27175405300774
17.0,577.0,95.1368922456373
17.0,578.0,94.98487297388641
17.0,579.0,94.8150940987612
17.0,580.0,94.62687846323327
17.0,581.0,94.41946989530045
17.0,582.0,94.19202900264287
17.0,583.0,93.94362817437532
17.0,584.0,93.67324634539837
17.0,585.0,93.37976290137387
17.0,586.0,93.06195132517504
17.0,587.0,92.71847193429117
17.0,588.0,92.3478643661486
17.0,589.0,91.9485391482273
17.0,590.0,91.51876908578053
17.0,591.0,91.05667981916001
17.0,592.0,90.56024039408834
17.0,593.0,90.02725325891882
17.0,594.0,89.45534470144378
17.0,595.0,88.84195527823348
17.0,596.0,88.18433151349824
17.0,597.0,87.47951868022497
17.0,598.0,86.72435635126313
17.0,599.0,85.91547697102305
17.0,600.0,85.04930975270372
17.0,601.0,84.1220908252065
17.0,602.0,83.12988280184973
17.0,603.0,82.06860561572907
17.0,604.0,80.93408286270346
17.0,605.0,79.72210651590501
17.0,606.0,78.42852521707222
17.0,607.0,77.04935958952889
17.0,608.0,75.58094978506027
17.0,609.0,74.02013759763759
17.0,610.0,72.3644856914211
17.0,611.0,70.61253131787744
17.0,612.0,68.76406931654563
17.0,613.0,66.82045072566522
17.0,614.0,64.78487768215871
17.0,615.0,62.66266470899947
17.0,616.0,60.46143121793771
17.0,617.0,58.19118371010466
17.0,618.0,55.86425044262184
17.0,619.0,53.495039817112115
17.0,620.0,51.099616326168075
17.0,621.0,48.69511329508429
17.0,622.0,46.29903328599394
17.0,623.0,43.928507406046975
17.0,624.0,41.5995957080786
17.0,625.0,39.32669990870297
17.0,626.0,37.12213932425621
17.0,627.0,34.9959092118062
17.0,628.0,32.95561541781337
17.0,629.0,31.00655650691815
17.0,630.0,29.151916238676755
17.0,631.0,27.39302475810474
17.0,632.0,25.729653460743137
17.0,633.0,24.160313480507423
17.0,634.0,22.682538645441806
17.0,635.0,21.293139044877258
17.0,636.0,19.988420200847546
17.0,637.0,18.76436500314137
17.0,638.0,17.61678118619189
17.0,639.0,16.541416432791557
17.0,640.0,15.534046579826471
17.0,641.0,14.590540090658429
17.0,642.0,13.706904294244975
17.0,643.0,12.879315942780904
17.0,644.0,12.10414065511541
17.0,645.0,11.377942747097812
17.0,646.0,10.697488978317564
17.0,647.0,10.05974676450237
17.0,648.0,9.461879548466795
17.0,649.0,8.901239174591725
17.0,650.0,8.375357372609624
17.0,651.0,7.881935727416412
17.0,652.0,7.418835859580375
17.0,653.0,6.984068903622985
17.0,654.0,6.575785773290967
17.0,655.0,6.192267132573806
17.0,656.0,5.83191442079743
17.0,657.0,5.4932407596542605
17.0,658.0,5.1748630075897655
17.0,659.0,4.875493745970994
17.0,660.0,4.5939344134677
17.0,661.0,4.329068357921967
17.0,662.0,4.079854992051248
17.0,663.0,3.8453238236288794
17.0,664.0,3.6245695262668804
17.0,665.0,3.416746832324259
17.0,666.0,3.2210663984311494
17.0,667.0,3.0367904414738174
17.0,668.0,2.8632292814874516
17.0,669.0,2.6997376087606226
17.0,670.0,2.545711597507722
17.0,671.0,2.400585704737854
17.0,672.0,2.2638302616887254
17.0,673.0,2.134948718967692
17.0,674.0,2.013475636482291
17.0,675.0,1.8989743026627866
17.0,676.0,1.791035056322363
17.0,677.0,1.689273219704457
17.0,678.0,1.5933276968573977
17.0,679.0,1.5028591705547636
17.0,680.0,1.417548931276978
17.0,681.0,1.3370972967452264
17.0,682.0,1.2612226335601966
17.0,683.0,1.1896599653144972
17.0,684.0,1.1221601555219725
17.0,685.0,1.0584886762223824
17.0,686.0,0.9984249262421002
17.0,687.0,0.9417611370759007
17.0,688.0,0.8883018049435213
17.0,689.0,0.8378627147101694
17.0,690.0,0.7902704678159578
17.0,691.0,0.7453616082399767
17.0,692.0,0.702982231329532
17.0,693.0,0.6629871984587409
17.0,694.0,0.6252398141962954
17.0,695.0,0.5896111184717838
17.0,696.0,0.5559796214969583
17.0,697.0,0.5242306640240817
17.0,698.0,0.4942562010599236
17.0,699.0,0.46595422225558925
17.0,700.0,0.43922857679222777
17.0,701.0,0.4139884471416044
17.0,702.0,0.3901482086120588
17.0,703.0,0.36762695071219936
17.0,704.0,0.34634836576850164
17.0,705.0,0.32624031294988626
17.0,706.0,0.30723473113933675
17.0,707.0,0.28926724136593296
17.0,708.0,0.27227707975985926
17.0,709.0,0.25620673471564787
17.0,710.0,0.24100189630523905
17.0,711.0,0.2266111249817249
17.0,712.0,0.21298581428659638
17.0,713.0,0.20007988831318166
17.0,714.0,0.1878497749362381
17.0,715.0,0.17625412960143413
17.0,716.0,0.16525381663957667
17.0,717.0,0.15481165724327434
17.0,718.0,0.14489241671367328
17.0,719.0,0.13546257473624845
17.0,720.0,0.1264903166525175
17.0,721.0,0.11794532436053388
17.0,722.0,0.1097987699138066
17.0,723.0,0.10202312555403528
17.0,724.0,0.09459215811938998
17.0,725.0,0.08748075687183254
17.0,726.0,0.08066492735109447
17.0,727.0,0.07412163579023787
17.0,728.0,0.06782880118345763
17.0,729.0,0.061765155194339935
17.0,730.0,0.055910231317746376
17.0,731.0,0.05024423927796546
17.0,732.0,0.04474805025964874
17.0,733.0,0.03940308486970009
17.0,734.0,0.03419129349134857
17.0,735.0,0.029095056945774148
17.0,736.0,0.024097161088390273
17.0,737.0,0.019180709355130273
17.0,738.0,0.014329090772044554
17.0,739.0,0.009525903607853855
17.0,740.0,0.004754916007950305
17.0,741.0,0.0
18.0,0.0,0.0
18.0,1.0,0.001761093556228579
18.0,2.0,0.0035281406488245266
18.0,3.0,0.005307113969017076
18.0,4.0,0.007104028121132458
18.0,5.0,0.008924955446517802
18.0,6.0,0.010776052657756352
18.0,7.0,0.012663573607788933
18.0,8.0,0.014593900076766473
18.0,9.0,0.01657355177013616
18.0,10.0,0.01860922154279253
18.0,11.0,0.020707782921586104
18.0,12.0,0.022876330063536458
18.0,13.0,0.0251221831141707
18.0,14.0,0.027452933212980892
18.0,15.0,0.029876446019484828
18.0,16.0,0.032400912100146784
18.0,17.0,0.03503484897943542
18.0,18.0,0.03778715726847234
18.0,19.0,0.04066712162909987
18.0,20.0,0.04368447303607138
18.0,21.0,0.04684938907880402
18.0,22.0,0.05017256278659314
18.0,23.0,0.05366520273600963
18.0,24.0,0.05733910891316495
18.0,25.0,0.0612066731454703
18.0,26.0,0.06528096252732302
18.0,27.0,0.06957572075420933
18.0,28.0,0.0741054596994548
18.0,29.0,0.07888546229767905
18.0,30.0,0.08393188293182409
18.0,31.0,0.08926175259328384
18.0,32.0,0.09489308882196729
18.0,33.0,0.10084490396388245
18.0,34.0,0.10713732550454745
18.0,35.0,0.11379160835367101
18.0,36.0,0.12083026652628834
18.0,37.0,0.12827709051121658
18.0,38.0,0.1361572913879213
18.0,39.0,0.1444975244840281
18.0,40.0,0.15332604717287657
18.0,41.0,0.16267275019970767
18.0,42.0,0.1725693305897614
18.0,43.0,0.18304933222796782
18.0,44.0,0.19414833552599434
18.0,45.0,0.20590400908268397
18.0,46.0,0.21835631801769628
18.0,47.0,0.2315475888273783
18.0,48.0,0.245522738601265
18.0,49.0,0.26032935553018804
18.0,50.0,0.27601795159062903
18.0,51.0,0.2926420615705659
18.0,52.0,0.3102585222487059
18.0,53.0,0.3289275932934559
18.0,54.0,0.3487132664955842
18.0,55.0,0.36968341248464676
18.0,56.0,0.39191012421435234
18.0,57.0,0.4154698941504512
18.0,58.0,0.4404439969817767
18.0,59.0,0.4669187027899766
18.0,60.0,0.4949857048941442
18.0,61.0,0.5247423755464043
18.0,62.0,0.556292245947089
18.0,63.0,0.5897453122560926
18.0,64.0,0.6252185761756159
18.0,65.0,0.6628364105637476
18.0,66.0,0.7027311706120852
18.0,67.0,0.7450436301341323
18.0,68.0,0.7899236753029161
18.0,69.0,0.8375308247961731
18.0,70.0,0.8880350203316822
18.0,71.0,0.9416172463009178
18.0,72.0,0.9984704339491388
18.0,73.0,1.0588001988992415
18.0,74.0,1.1228258787189809
18.0,75.0,1.1907814097340101
18.0,76.0,1.2629165207551136
18.0,77.0,1.339497773575353
18.0,78.0,1.4208099384637627
18.0,79.0,1.5071572252668648
18.0,80.0,1.5988648682622566
18.0,81.0,1.6962805759536694
18.0,82.0,1.7997763528250426
18.0,83.0,1.9097501941391914
18.0,84.0,2.026628167934822
18.0,85.0,2.150866373646439
18.0,86.0,2.2829532957349903
18.0,87.0,2.4234120270611395
18.0,88.0,2.5728028798018747
18.0,89.0,2.7317258385002017
18.0,90.0,2.900823364553276
18.0,91.0,3.0807829772878836
18.0,92.0,3.272340099710225
18.0,93.0,3.4762805494410984
18.0,94.0,3.6934431217986345
18.0,95.0,3.924721577161556
18.0,96.0,4.171066408561114
18.0,97.0,4.433485598260428
18.0,98.0,4.713044626194076
18.0,99.0,5.010864788451326
18.0,100.0,5.32811992278992
18.0,101.0,5.6660303948707265
18.0,102.0,6.025854224750124
18.0,103.0,6.40887396404533
18.0,104.0,6.8163789716098835
18.0,105.0,7.2496414867525685
18.0,106.0,7.709886019865979
18.0,107.0,8.198250461278283
18.0,108.0,8.715738664037254
18.0,109.0,9.263163465589551
18.0,110.0,9.841080938607004
18.0,111.0,10.44971645318376
18.0,112.0,11.08888564751867
18.0,113.0,11.757913882480446
18.0,114.0,12.455560822716217
18.0,115.0,13.179957430431328
18.0,116.0,13.928565233749044
18.0,117.0,14.69816692571241
18.0,118.0,15.484897378384886
18.0,119.0,16.284319825799027
18.0,120.0,17.091548082505916
18.0,121.0,17.90140805627967
18.0,122.0,18.708626574098567
18.0,123.0,19.508029510844523
18.0,124.0,20.294730615159345
18.0,125.0,21.064293021946945
18.0,126.0,21.81285147054686
18.0,127.0,22.53718848727417
18.0,128.0,23.23476539888929
18.0,129.0,23.903712930976166
18.0,130.0,24.542790475409515
18.0,131.0,25.1513230832834
18.0,132.0,25.729126044856038
18.0,133.0,26.276424343018828
18.0,134.0,26.79377362253092
18.0,135.0,27.2819862508532
18.0,136.0,27.74206556722626
18.0,137.0,28.17514890269207
18.0,138.0,28.58246016080883
18.0,139.0,28.965270924517394
18.0,140.0,29.324869844355003
18.0,141.0,29.662538709321275
18.0,142.0,29.979534719763077
18.0,143.0,30.27707736177239
18.0,144.0,30.55633953047599
18.0,145.0,30.81844151303277
18.0,146.0,31.064447710489215
18.0,147.0,31.295364952490587
18.0,148.0,31.512142501554607
18.0,149.0,31.715672805267996
18.0,150.0,31.906793259142674
18.0,151.0,32.086288188896596
18.0,152.0,32.25489142815627
18.0,153.0,32.413288803505864
18.0,154.0,32.56212097412299
18.0,155.0,32.70198600604206
18.0,156.0,32.83344216968765
18.0,157.0,32.95701038504218
18.0,158.0,33.073176824638196
18.0,159.0,33.18239512781037
18.0,160.0,33.285088745277086
18.0,161.0,33.38165288719981
18.0,162.0,33.47245659481948
18.0,163.0,33.55784442301829
18.0,164.0,33.638138250176546
18.0,165.0,33.713638713773484
18.0,166.0,33.7846267815359
18.0,167.0,33.85136496605465
18.0,168.0,33.91409868443996
18.0,169.0,33.9730572796477
18.0,170.0,34.02845519584453
18.0,171.0,34.08049283289798
18.0,172.0,34.12935756259388
18.0,173.0,34.175224440138074
18.0,174.0,34.21825708345279
18.0,175.0,34.258608262455134
18.0,176.0,34.29642066054252
18.0,177.0,34.33182735932854
18.0,178.0,34.364952498451956
18.0,179.0,34.39591167060685
18.0,180.0,34.42481249314402
18.0,181.0,34.45175492574783
18.0,182.0,34.47683176502805
18.0,183.0,34.50012889513568
18.0,184.0,34.521725714726024
18.0,185.0,34.54169532923173
18.0,186.0,34.560104918289696
18.0,187.0,34.577015877402246
18.0,188.0,34.59248413329606
18.0,189.0,34.60656024248338
18.0,190.0,34.619289662303025
18.0,191.0,34.63071281476007
18.0,192.0,34.640865322595275
18.0,193.0,34.649778049252475
18.0,194.0,34.657477312881234
18.0,195.0,34.663984918148024
18.0,196.0,34.66931836754757
18.0,197.0,34.67349090914794
18.0,198.0,34.67651177522101
18.0,199.0,34.678386283236435
18.0,200.0,34.67911614795395
18.0,201.0,34.678699692193796
18.0,202.0,34.67713230080234
18.0,203.0,34.67440682260071
18.0,204.0,34.67051426105989
18.0,205.0,34.66544447476928
18.0,206.0,34.65918722175273
18.0,207.0,34.651733278854046
18.0,208.0,34.64307595322201
18.0,209.0,34.63321271115526
18.0,210.0,34.622147201563884
18.0,211.0,34.609891363195345
18.0,212.0,34.59646781683794
18.0,213.0,34.58191215614949
18.0,214.0,34.566275226981695
18.0,215.0,34.54962491275924
18.0,216.0,34.532047413866
18.0,217.0,34.513647497860994
18.0,218.0,34.49454772086196
18.0,219.0,34.47488622956567
18.0,220.0,34.454813369327894
18.0,221.0,34.43448704581005
18.0,222.0,34.41406742311393
18.0,223.0,34.393711237360336
18.0,224.0,34.373566488471596
18.0,225.0,34.35376779844884
18.0,226.0,34.334433000336894
18.0,227.0,34.31566093338182
18.0,228.0,34.2975306323608
18.0,229.0,34.28010156719074
18.0,230.0,34.26341487702519
18.0,231.0,34.24749514089869
18.0,232.0,34.23235259810141
18.0,233.0,34.21798541962328
18.0,234.0,34.2043820271855
18.0,235.0,34.191523175758995
18.0,236.0,34.17938388892077
18.0,237.0,34.16793505683063
18.0,238.0,34.15714484380046
18.0,239.0,34.14697976962998
18.0,240.0,34.1374056331332
18.0,241.0,34.12838816614846
18.0,242.0,34.11989358527435
18.0,243.0,34.11188893748901
18.0,244.0,34.1043423955072
18.0,245.0,34.097223400617445
18.0,246.0,34.090502794693094
18.0,247.0,34.08415283960142
18.0,248.0,34.07814725214402
18.0,249.0,34.072461154148876
18.0,250.0,34.067071053954216
18.0,251.0,34.06195476164643
18.0,252.0,34.05709134410257
18.0,253.0,34.052461026094825
18.0,254.0,34.04804513471461
18.0,255.0,34.04382599807244
18.0,256.0,34.03978688778766
18.0,257.0,34.03591192140469
18.0,258.0,34.03218600726988
18.0,259.0,34.02859475342406
18.0,260.0,34.02512441662261
18.0,261.0,34.02176181852559
18.0,262.0,34.01849429916759
18.0,263.0,34.015309640196534
18.0,264.0,34.012196022319195
18.0,265.0,34.009141954780944
18.0,266.0,34.00613623591898
18.0,267.0,34.00316788780566
18.0,268.0,34.00022611886095
18.0,269.0,33.997300262466695
18.0,270.0,33.994379740518895
18.0,271.0,33.991454004779854
18.0,272.0,33.988512500228715
18.0,273.0,33.98554460790849
18.0,274.0,33.98253960692719
18.0,275.0,33.97948661755401
18.0,276.0,33.976374560719776
18.0,277.0,33.97319210011374
18.0,278.0,33.969927598030495
18.0,279.0,33.96656905522372
18.0,280.0,33.96310406196104
18.0,281.0,33.95951973442547
18.0,282.0,33.95580265990325
18.0,283.0,33.951938828632876
18.0,284.0,33.94791357222324
18.0,285.0,33.94371149011356
18.0,286.0,33.93931638070442
18.0,287.0,33.93471116214379
18.0,288.0,33.92987779642532
18.0,289.0,33.924797205278445
18.0,290.0,33.91944918892828
18.0,291.0,33.91381233979776
18.0,292.0,33.90786396017928
18.0,293.0,33.901579979808204
18.0,294.0,33.89493488104829
18.0,295.0,33.887901631993486
18.0,296.0,33.88045163489607
18.0,297.0,33.872554695433855
18.0,298.0,33.864179021289736
18.0,299.0,33.85529126195044
18.0,300.0,33.84585660093093
18.0,301.0,33.835838920104365
18.0,302.0,33.82520105171076
18.0,303.0,33.813905146444085
18.0,304.0,33.80191317812529
18.0,305.0,33.789187621008224
18.0,306.0,33.775692322357
18.0,307.0,33.76139360773772
18.0,308.0,33.74626163355994
18.0,309.0,33.73027200947735
18.0,310.0,33.713407674421696
18.0,311.0,33.695661003794015
18.0,312.0,33.67703606463723
18.0,313.0,33.65755091175199
18.0,314.0,33.63723973940416
18.0,315.0,33.616154676355926
18.0,316.0,33.59436694618195
18.0,317.0,33.57196713065661
18.0,318.0,33.5490642798469
18.0,319.0,33.52578373007252
18.0,320.0,33.50226360779206
18.0,321.0,33.478650209288936
18.0,322.0,33.45509260109896
18.0,323.0,33.43173695312845
18.0,324.0,33.408721138668234
18.0,325.0,33.386170113169946
18.0,326.0,33.36419241688594
18.0,327.0,33.34287799099495
18.0,328.0,33.322297285599646
18.0,329.0,33.30250152032397
18.0,330.0,33.283523841656816
18.0,331.0,33.265381114191406
18.0,332.0,33.24807606844297
18.0,333.0,33.2315995921074
18.0,334.0,33.215932980373786
18.0,335.0,33.20105003711131
18.0,336.0,33.18691894500503
18.0,337.0,33.173503880704224
18.0,338.0,33.16076636034335
18.0,339.0,33.14866633621079
18.0,340.0,33.137163061080535
18.0,341.0,33.12621575537791
18.0,342.0,33.11578410225759
18.0,343.0,33.105828603859
18.0,344.0,33.096310822221696
18.0,345.0,33.087193529887074
18.0,346.0,33.07844078935238
18.0,347.0,33.07001797700397
18.0,348.0,33.0618917670358
18.0,349.0,33.05403008243112
18.0,350.0,33.046402026584126
18.0,351.0,33.038977795364374
18.0,352.0,33.03172858304572
18.0,353.0,33.02462647570061
18.0,354.0,33.0176443468012
18.0,355.0,33.01075574314153
18.0,356.0,33.003934778276445
18.0,357.0,32.99715601648966
18.0,358.0,32.990394367797414
18.0,359.0,32.98362497202975
18.0,360.0,32.97682309646489
18.0,361.0,32.96996402004218
18.0,362.0,32.96302293312579
18.0,363.0,32.955974820662014
18.0,364.0,32.948794362645856
18.0,365.0,32.941455814312036
18.0,366.0,32.93393290530854
18.0,367.0,32.92619871454351
18.0,368.0,32.91822556567809
18.0,369.0,32.90998489390188
18.0,370.0,32.90144713503648
18.0,371.0,32.89258158119876
18.0,372.0,32.883356260496704
18.0,373.0,32.87373777821958
18.0,374.0,32.86369118378138
18.0,375.0,32.85317979373886
18.0,376.0,32.842165042298475
18.0,377.0,32.83060628212597
18.0,378.0,32.81846061441805
18.0,379.0,32.8056826631919
18.0,380.0,32.7922243807214
18.0,381.0,32.778034790905025
18.0,382.0,32.763059765947844
18.0,383.0,32.74724173472902
18.0,384.0,32.730519427275354
18.0,385.0,32.71282754518043
18.0,386.0,32.69409647218031
18.0,387.0,32.67425190628499
18.0,388.0,32.65321453849415
18.0,389.0,32.63089965149397
18.0,390.0,32.60721677564851
18.0,391.0,32.58206926866901
18.0,392.0,32.555353970713874
18.0,393.0,32.526960796123824
18.0,394.0,32.49677243116091
18.0,395.0,32.464663996836606
18.0,396.0,32.43050286841301
18.0,397.0,32.394148513214326
18.0,398.0,32.35545256688217
18.0,399.0,32.31425901868468
18.0,400.0,32.27040476242547
18.0,401.0,32.22372039992296
18.0,402.0,32.17403159769705
18.0,403.0,32.12116090542684
18.0,404.0,32.064930383246754
18.0,405.0,32.00516496318462
18.0,406.0,31.941696923713895
18.0,407.0,31.87437138872579
18.0,408.0,31.80305321010713
18.0,409.0,31.727635050619035
18.0,410.0,31.64804689264562
18.0,411.0,31.564266544192616
18.0,412.0,31.476331052583625
18.0,413.0,31.38434815511483
18.0,414.0,31.28850718527964
18.0,415.0,31.18908801896858
18.0,416.0,31.0864670342566
18.0,417.0,30.98111840137437
18.0,418.0,30.873609802637922
18.0,419.0,30.7645914983984
18.0,420.0,30.65477902802602
18.0,421.0,30.544930088841433
18.0,422.0,30.435817732829012
18.0,423.0,30.328202018454487
18.0,424.0,30.222803219388556
18.0,425.0,30.120278711868323
18.0,426.0,30.021205711826987
18.0,427.0,29.926070357960104
18.0,428.0,29.83526349228332
18.0,429.0,29.749081976424474
18.0,430.0,29.66773473710768
18.0,431.0,29.591351748667982
18.0,432.0,29.51999505088045
18.0,433.0,29.453670247000566
18.0,434.0,29.39233805608302
18.0,435.0,29.335924878823295
18.0,436.0,29.28433247335403
18.0,437.0,29.23744611214876
18.0,438.0,29.19514166180931
18.0,439.0,29.15729117234511
18.0,440.0,29.12376758120501
18.0,441.0,29.09444818382704
18.0,442.0,29.069217525215645
18.0,443.0,29.04796934931838
18.0,444.0,29.03060825781524
18.0,445.0,29.017050669879335
18.0,446.0,29.007225716598704
18.0,447.0,29.00107561212576
18.0,448.0,28.998556119111623
18.0,449.0,28.99963660686448
18.0,450.0,29.00430031074145
18.0,451.0,29.012544255663403
18.0,452.0,29.024379450440303
18.0,453.0,29.039830787418232
18.0,454.0,29.058937257967877
18.0,455.0,29.08175189543079
18.0,456.0,29.10834206375626
18.0,457.0,29.138789484483564
18.0,458.0,29.173190630437546
18.0,459.0,29.21165686260481
18.0,460.0,29.25431495005785
18.0,461.0,29.301307335202857
18.0,462.0,29.35279279636468
18.0,463.0,29.408946857306077
18.0,464.0,29.46996260801854
18.0,465.0,29.536051274938863
18.0,466.0,29.60744321712838
18.0,467.0,29.68438867621871
18.0,468.0,29.767158968539114
18.0,469.0,29.856047437909446
18.0,470.0,29.95137086893301
18.0,471.0,30.053470670961275
18.0,472.0,30.162714543410534
18.0,473.0,30.27949792528147
18.0,474.0,30.40424594970741
18.0,475.0,30.537415200003714
18.0,476.0,30.679495997310656
18.0,477.0,30.831014510735727
18.0,478.0,30.992535428183793
18.0,479.0,31.164664473742004
18.0,480.0,31.34805151623628
18.0,481.0,31.54339354975721
18.0,482.0,31.751438294682952
18.0,483.0,31.9729876938788
18.0,484.0,32.20890205255106
18.0,485.0,32.46010408748591
18.0,486.0,32.727583627727846
18.0,487.0,33.01240221763323
18.0,488.0,33.315698347594626
18.0,489.0,33.63869253777341
18.0,490.0,33.98269296667752
18.0,491.0,34.34910082561778
18.0,492.0,34.73941603080417
18.0,493.0,35.155242398985465
18.0,494.0,35.59829281691322
18.0,495.0,36.070393387015386
18.0,496.0,36.573486916128594
18.0,497.0,37.109634534624696
18.0,498.0,37.68101556234853
18.0,499.0,38.289924117023105
18.0,500.0,38.938762221986764
18.0,501.0,39.63002750679961
18.0,502.0,40.366294791469755
18.0,503.0,41.15018916642024
18.0,504.0,41.98434936302846
18.0,505.0,42.87137861153793
18.0,506.0,43.813781498146255
18.0,507.0,44.81388404174214
18.0,508.0,45.8737359669892
18.0,509.0,46.994993575265354
18.0,510.0,48.178784297594895
18.0,511.0,49.42555467900562
18.0,512.0,50.7349076027405
18.0,513.0,52.105436682611646
18.0,514.0,53.53457090388096
18.0,515.0,55.01844509640535
18.0,516.0,56.55181592066207
18.0,517.0,58.12804261381842
18.0,518.0,59.73915055443665
18.0,519.0,61.3759880653847
18.0,520.0,63.02847758539544
18.0,521.0,64.68594800491356
18.0,522.0,66.33752284365299
18.0,523.0,67.97252790708993
18.0,524.0,69.58087944735155
18.0,525.0,71.15341649000116
18.0,526.0,72.68215195543807
18.0,527.0,74.16042944335675
18.0,528.0,75.5829867133383
18.0,529.0,76.9459364024163
18.0,530.0,78.24668189225167
18.0,531.0,79.48378774271069
18.0,532.0,80.65682417803895
18.0,533.0,81.7662014272052
18.0,534.0,82.81300675606971
18.0,535.0,83.79885238551151
18.0,536.0,84.72573981310585
18.0,537.0,85.5959426014024
18.0,538.0,86.41190837823116
18.0,539.0,87.17617881165191
18.0,540.0,87.89132614993811
18.0,541.0,88.55990395533466
18.0,542.0,89.18441010980506
18.0,543.0,89.76725974461777
18.0,544.0,90.31076640808533
18.0,545.0,90.81712958498991
18.0,546.0,91.28842733138323
18.0,547.0,91.72661266560607
18.0,548.0,92.13351289920637
18.0,549.0,92.5108309960978
18.0,550.0,92.86014845752194
18.0,551.0,93.18292915764441
18.0,552.0,93.48052383259969
18.0,553.0,93.75417488705193
18.0,554.0,94.00502133985405
18.0,555.0,94.23410373990176
18.0,556.0,94.44236893112358
18.0,557.0,94.63067461561153
18.0,558.0,94.79979361035315
18.0,559.0,94.9504178328576
18.0,560.0,95.08316190162608
18.0,561.0,95.1985664534844
18.0,562.0,95.29710103812029
18.0,563.0,95.3791667468429
18.0,564.0,95.44509840058083
18.0,565.0,95.49516650229968
18.0,566.0,95.5295787377871
18.0,567.0,95.54848127426266
18.0,568.0,95.55195959637967
18.0,569.0,95.54003917118837
18.0,570.0,95.51268563540364
18.0,571.0,95.46980483747241
18.0,572.0,95.41124238061728
18.0,573.0,95.33678303964345
18.0,574.0,95.24614965017084
18.0,575.0,95.13900188308254
18.0,576.0,95.01493445546912
18.0,577.0,94.87347523088859
18.0,578.0,94.71408271349864
18.0,579.0,94.53614342937757
18.0,580.0,94.33896865427917
18.0,581.0,94.12179102287877
18.0,582.0,93.88376043606468
18.0,583.0,93.62393984571054
18.0,584.0,93.34130029542975
18.0,585.0,93.03471584620112
18.0,586.0,92.70295773530968
18.0,587.0,92.34468845616894
18.0,588.0,91.9584550909156
18.0,589.0,91.54268265808442
18.0,590.0,91.09566681305247
18.0,591.0,90.61556676529992
18.0,592.0,90.10039779210926
18.0,593.0,89.54802435827716
18.0,594.0,88.95615332008177
18.0,595.0,88.32232843674524
18.0,596.0,87.6439258514948
18.0,597.0,86.91815207937208
18.0,598.0,86.1420444678016
18.0,599.0,85.31247611604155
18.0,600.0,84.42616567422863
18.0,601.0,83.47969461131719
18.0,602.0,82.46953297458883
18.0,603.0,81.39207694412389
18.0,604.0,80.24369984755872
18.0,605.0,79.02082056155108
18.0,606.0,77.71999131156186
18.0,607.0,76.33800881039296
18.0,608.0,74.87205005394173
18.0,609.0,73.31983512184219
18.0,610.0,71.67981532637509
18.0,611.0,69.95138445560087
18.0,612.0,68.13510484392035
18.0,613.0,66.2329374830286
18.0,614.0,64.24845775732571
18.0,615.0,62.18703543347227
18.0,616.0,60.05595127145382
18.0,617.0,57.86442384853706
18.0,618.0,55.62352116611526
18.0,619.0,53.345942941608456
18.0,620.0,51.04567161613038
18.0,621.0,48.73751084174114
18.0,622.0,46.43654616832086
18.0,623.0,44.15757890933942
18.0,624.0,41.91458681629944
18.0,625.0,39.720262558709344
18.0,626.0,37.58566469434313
18.0,627.0,35.51999994633052
18.0,628.0,33.5305347472709
18.0,629.0,31.62262204034218
18.0,630.0,29.79981780172144
18.0,631.0,28.064060998483086
18.0,632.0,26.415889208612615
18.0,633.0,24.854668690438462
18.0,634.0,23.378820309930465
18.0,635.0,21.98603073108797
18.0,636.0,20.673440392313623
18.0,637.0,19.43780624139714
18.0,638.0,18.275637327721494
18.0,639.0,17.183305860172094
18.0,640.0,16.157134770250185
18.0,641.0,15.193466015464637
18.0,642.0,14.288711321771311
18.0,643.0,13.439389619579588
18.0,644.0,12.642152492279012
18.0,645.0,11.893801301832232
18.0,646.0,11.19129663459135
18.0,647.0,10.531763050399249
18.0,648.0,9.912489143441453
18.0,649.0,9.330925326840617
18.0,650.0,8.784678862486963
18.0,651.0,8.271508130685412
18.0,652.0,7.789315325422322
18.0,653.0,7.336139286888435
18.0,654.0,6.910147441939884
18.0,655.0,6.509628380785851
18.0,656.0,6.132983911254833
18.0,657.0,5.778722003017782
18.0,658.0,5.445449391057476
18.0,659.0,5.131865177882133
18.0,660.0,4.836754168451036
18.0,661.0,4.558981230610436
18.0,662.0,4.297485402667098
18.0,663.0,4.0512750093844
18.0,664.0,3.819422509844919
18.0,665.0,3.6010603152337275
18.0,666.0,3.3953763104720607
18.0,667.0,3.2016102985997077
18.0,668.0,3.0190501176568114
18.0,669.0,2.8470286313871678
18.0,670.0,2.684920362684788
18.0,671.0,2.5321389536738326
18.0,672.0,2.3881342427048957
18.0,673.0,2.252390124077658
18.0,674.0,2.124422003659732
18.0,675.0,2.0037749970738403
18.0,676.0,1.8900217076631378
18.0,677.0,1.7827607105250383
18.0,678.0,1.6816146048123157
18.0,679.0,1.5862287389075118
18.0,680.0,1.4962694964977974
18.0,681.0,1.4114232251810326
18.0,682.0,1.331394722239392
18.0,683.0,1.255906334993457
18.0,684.0,1.1846966177304417
18.0,685.0,1.117519577224945
18.0,686.0,1.0541434769301048
18.0,687.0,0.994350205358887
18.0,688.0,0.9379342075272492
18.0,689.0,0.8847019574493594
18.0,690.0,0.8344710000427725
18.0,691.0,0.7870695119443281
18.0,692.0,0.7423354397539295
18.0,693.0,0.700116135825065
18.0,694.0,0.6602675809298789
18.0,695.0,0.6226540837065815
18.0,696.0,0.5871475776548633
18.0,697.0,0.5536273746060659
18.0,698.0,0.5219795274725141
18.0,699.0,0.4920966295071024
18.0,700.0,0.4638772354891195
18.0,701.0,0.4372256997088792
18.0,702.0,0.4120516493223078
18.0,703.0,0.3882698549751668
18.0,704.0,0.36579975093676653
18.0,705.0,0.3445653331011509
18.0,706.0,0.32449472124742224
18.0,707.0,0.30552007984955293
18.0,708.0,0.28757721843177547
18.0,709.0,0.2706055312067787
18.0,710.0,0.2545476320195473
18.0,711.0,0.2393493093336695
18.0,712.0,0.2249591927021883
18.0,713.0,0.21132872004826012
18.0,714.0,0.19841183298020515
18.0,715.0,0.1861649536777173
18.0,716.0,0.17454670669110545
18.0,717.0,0.16351790305734296
18.0,718.0,0.15304128649920687
18.0,719.0,0.14308152266457153
18.0,720.0,0.13360496787690188
18.0,721.0,0.12457966162279954
18.0,722.0,0.1159751162069135
18.0,723.0,0.10776231081213619
18.0,724.0,0.099913500584233
18.0,725.0,0.09240221076061031
18.0,726.0,0.08520306385675452
18.0,727.0,0.07829177250673651
18.0,728.0,0.07164498354810334
18.0,729.0,0.0652402683431977
18.0,730.0,0.05905598266410113
18.0,731.0,0.053071253370858586
18.0,732.0,0.0472658530855885
18.0,733.0,0.04162018219380609
18.0,734.0,0.036115157368646136
18.0,735.0,0.03073218793629721
18.0,736.0,0.025453077368839887
18.0,737.0,0.020259993115646274
18.0,738.0,0.015135380227733862
18.0,739.0,0.010061923804885405
18.0,740.0,0.005022473946512328
18.0,741.0,0.0
19.0,0.0,0.0
19.0,1.0,0.0018529474415800659
19.0,2.0,0.003712158017281848
19.0,3.0,0.00558391686545132
19.0,4.0,0.007474549484418979
19.0,5.0,0.009390447670709895
19.0,6.0,0.01133808451370218
19.0,7.0,0.013324044555522456
19.0,8.0,0.015355035717849928
19.0,9.0,0.01743792397743302
19.0,10.0,0.019579742528310257
19.0,11.0,0.021787731277286643
19.0,12.0,0.0240693435591679
19.0,13.0,0.026432290771284294
19.0,14.0,0.028884546978198377
19.0,15.0,0.03143439902371557
19.0,16.0,0.03409044938524316
19.0,17.0,0.03686167212602181
19.0,18.0,0.03975741438828924
19.0,19.0,0.04278745857813926
19.0,20.0,0.04596202292138078
19.0,21.0,0.049291830309022976
19.0,22.0,0.0527881083808368
19.0,23.0,0.05646266550164164
19.0,24.0,0.06032789088582345
19.0,25.0,0.06439683822417099
19.0,26.0,0.06868322641888831
19.0,27.0,0.07320153143868065
19.0,28.0,0.07796698829921399
19.0,29.0,0.08299569179166945
19.0,30.0,0.08830460041946632
19.0,31.0,0.09391164672402613
19.0,32.0,0.0998357439764767
19.0,33.0,0.10609690691562794
19.0,34.0,0.11271626209523078
19.0,35.0,0.11971617995526734
19.0,36.0,0.12712028984346974
19.0,37.0,0.13495362446451412
19.0,38.0,0.14324264073172122
19.0,39.0,0.1520153777827093
19.0,40.0,0.16130148497691413
19.0,41.0,0.17113239483446205
19.0,42.0,0.18154135968151286
19.0,43.0,0.19256364106613802
19.0,44.0,0.2042365567715589
19.0,45.0,0.21659968849423458
19.0,46.0,0.22969494120099015
19.0,47.0,0.24356677112711633
19.0,48.0,0.25826225975463574
19.0,49.0,0.2738313645102364
19.0,50.0,0.2903270099975694
19.0,51.0,0.30780536415624565
19.0,52.0,0.32632594980202856
19.0,53.0,0.3459519494608989
19.0,54.0,0.3667503407703773
19.0,55.0,0.3887922337410575
19.0,56.0,0.41215303416551996
19.0,57.0,0.436912817700457
19.0,58.0,0.4631565261346534
19.0,59.0,0.4909743834470081
19.0,60.0,0.5204621306220789
19.0,61.0,0.5517214897441032
19.0,62.0,0.5848604440393967
19.0,63.0,0.6199937571358937
19.0,64.0,0.6572433061778696
19.0,65.0,0.6967386646349671
19.0,66.0,0.7386174976942907
19.0,67.0,0.7830262184564618
19.0,68.0,0.8301204563711976
19.0,69.0,0.8800657983099904
19.0,70.0,0.9330383425607628
19.0,71.0,0.9892255380871522
19.0,72.0,1.0488268384823158
19.0,73.0,1.1120546546289083
19.0,74.0,1.17913512490551
19.0,75.0,1.2503091982685497
19.0,76.0,1.3258335386550057
19.0,77.0,1.4059817568726978
19.0,78.0,1.4910454680845717
19.0,79.0,1.5813356911968839
19.0,80.0,1.6771840777249123
19.0,81.0,1.778944495537576
19.0,82.0,1.8869944438975765
19.0,83.0,2.0017368326538367
19.0,84.0,2.123601589504723
19.0,85.0,2.2530476330656932
19.0,86.0,2.3905646606581437
19.0,87.0,2.536675289359234
19.0,88.0,2.6919369798879407
19.0,89.0,2.8569442762943984
19.0,90.0,3.032330764533083
19.0,91.0,3.2187712674776896
19.0,92.0,3.4169836416720454
19.0,93.0,3.627730663190969
19.0,94.0,3.8518213131033
19.0,95.0,4.0901118984299
19.0,96.0,4.343506240150263
19.0,97.0,4.6129552839538155
19.0,98.0,4.899455255180787
19.0,99.0,5.204044599116952
19.0,100.0,5.527798684331479
19.0,101.0,5.871822364505953
19.0,102.0,6.237239211472561
19.0,103.0,6.625177364628032
19.0,104.0,7.036750670529935
19.0,105.0,7.473034978740858
19.0,106.0,7.935038267869518
19.0,107.0,8.42366461850324
19.0,108.0,8.939671055730521
19.0,109.0,9.483617917131886
19.0,110.0,10.055812759377922
19.0,111.0,10.656249877903168
19.0,112.0,11.284547306942237
19.0,113.0,11.939885622425418
19.0,114.0,12.620952872990097
19.0,115.0,13.3259023144203
19.0,116.0,14.052329016776529
19.0,117.0,14.797272538012773
19.0,118.0,15.557250371203686
19.0,119.0,16.328325649465686
19.0,120.0,17.106207701931265
19.0,121.0,17.88638102527725
19.0,122.0,18.664252832577283
19.0,123.0,19.43530758592626
19.0,124.0,20.19525454518723
19.0,125.0,20.940156739257706
19.0,126.0,21.666531521725137
19.0,127.0,22.37141827526146
19.0,128.0,23.05241185831164
19.0,129.0,23.707665277914234
19.0,130.0,24.335866296061894
19.0,131.0,24.936195163066213
19.0,132.0,25.50826954755383
19.0,133.0,26.052083337997672
19.0,134.0,26.567943641471437
19.0,135.0,27.05641030165477
19.0,136.0,27.51823980385798
19.0,137.0,27.954335641021252
19.0,138.0,28.365705154341263
19.0,139.0,28.753423503866323
19.0,140.0,29.118603792281686
19.0,141.0,29.4623733580433
19.0,142.0,29.785854912314313
19.0,143.0,30.090152385262407
19.0,144.0,30.376340155982557
19.0,145.0,30.645455610763683
19.0,146.0,30.898493842794966
19.0,147.0,31.1364045884054
19.0,148.0,31.360090377786587
19.0,149.0,31.570406141140037
19.0,150.0,31.768159391797145
19.0,151.0,31.954111341957933
19.0,152.0,32.12897818250359
19.0,153.0,32.29343296294364
19.0,154.0,32.448107381641705
19.0,155.0,32.593593974128325
19.0,156.0,32.73044806414506
19.0,157.0,32.85918999573166
19.0,158.0,32.98030704842854
19.0,159.0,33.094255569691235
19.0,160.0,33.201462752665364
19.0,161.0,33.302328599427334
19.0,162.0,33.39722751669803
19.0,163.0,33.48651008382829
19.0,164.0,33.57050445451386
19.0,165.0,33.64951792772942
19.0,166.0,33.72383816121315
19.0,167.0,33.793734556176275
19.0,168.0,33.859459297023975
19.0,169.0,33.92124856638782
19.0,170.0,33.97932342900537
19.0,171.0,34.033890895402436
19.0,172.0,34.08514466838381
19.0,173.0,34.13326607333562
19.0,174.0,34.17842468478213
19.0,175.0,34.220779139862344
19.0,176.0,34.26047766070917
19.0,177.0,34.29765876580865
19.0,178.0,34.33245170203589
19.0,179.0,34.364977066693186
19.0,180.0,34.3953471611678
19.0,181.0,34.42366653467753
19.0,182.0,34.450032269864586
19.0,183.0,34.474534457790455
19.0,184.0,34.497256424466876
19.0,185.0,34.51827514555079
19.0,186.0,34.53766142195896
19.0,187.0,34.555480242154644
19.0,188.0,34.57179091475946
19.0,189.0,34.58664738649567
19.0,190.0,34.60009834034422
19.0,191.0,34.61218747841545
19.0,192.0,34.6229535960802
19.0,193.0,34.63243084174158
19.0,194.0,34.64064878102893
19.0,195.0,34.647632650267504
19.0,196.0,34.65340343099244
19.0,197.0,34.657978121647695
19.0,198.0,34.661369852159275
19.0,199.0,34.66358820979735
19.0,200.0,34.66463943692241
19.0,201.0,34.664526862212874
19.0,202.0,34.663251241486755
19.0,203.0,34.660811363058464
19.0,204.0,34.657204608504024
19.0,205.0,34.652427815129194
19.0,206.0,34.64647814177194
19.0,207.0,34.63935426907936
19.0,208.0,34.63105763664423
19.0,209.0,34.621594019095134
19.0,210.0,34.610975125886185
19.0,211.0,34.59922047564495
19.0,212.0,34.586359187434404
19.0,213.0,34.57243186494519
19.0,214.0,34.557492156245374
19.0,215.0,34.54160808736925
19.0,216.0,34.52486271294462
19.0,217.0,34.50735415692673
19.0,218.0,34.48919463584744
19.0,219.0,34.47050863336262
19.0,220.0,34.451430003354915
19.0,221.0,34.43209838650357
19.0,222.0,34.41265496851969
19.0,223.0,34.39323815946978
19.0,224.0,34.37397935026753
19.0,225.0,34.35499931590301
19.0,226.0,34.33640531325126
19.0,227.0,34.318289228818784
19.0,228.0,34.300726592955456
19.0,229.0,34.28377658008535
19.0,230.0,34.26748264622924
19.0,231.0,34.25187380801918
19.0,232.0,34.23696618481296
19.0,233.0,34.222764813737925
19.0,234.0,34.209265418176564
19.0,235.0,34.19645619774396
19.0,236.0,34.18431939939035
19.0,237.0,34.17283279309225
19.0,238.0,34.161970873447
19.0,239.0,34.15170594253964
19.0,240.0,34.14200893221026
19.0,241.0,34.13285013092146
19.0,242.0,34.12419969163844
19.0,243.0,34.116028081990834
19.0,244.0,34.108306361254776
19.0,245.0,34.10100643512986
19.0,246.0,34.09410117680252
19.0,247.0,34.0875645531438
19.0,248.0,34.08137164753866
19.0,249.0,34.07549870640276
19.0,250.0,34.06992310429114
19.0,251.0,34.06462334395798
19.0,252.0,34.0595789904357
19.0,253.0,34.054770645981975
19.0,254.0,34.05017986981084
19.0,255.0,34.045789140972516
19.0,256.0,34.04158177362888
19.0,257.0,34.03754187541901
19.0,258.0,34.03365426377247
19.0,259.0,34.029904423821655
19.0,260.0,34.026278428497726
19.0,261.0,34.022762897904016
19.0,262.0,34.01934492427633
19.0,263.0,34.01601203345284
19.0,264.0,34.01275211480637
19.0,265.0,34.009553384708944
19.0,266.0,34.006404320992836
19.0,267.0,34.00329362789894
19.0,268.0,34.000210174324096
19.0,269.0,33.997142959525505
19.0,270.0,33.99408105425766
19.0,271.0,33.991013566395736
19.0,272.0,33.987929583991445
19.0,273.0,33.984818139928166
19.0,274.0,33.98166815589468
19.0,275.0,33.97846840516812
19.0,276.0,33.97520745650165
19.0,277.0,33.97187363414014
19.0,278.0,33.968454960642646
19.0,279.0,33.964939113277815
19.0,280.0,33.961313364870186
19.0,281.0,33.95756453582359
19.0,282.0,33.9536789322282
19.0,283.0,33.94964229296891
19.0,284.0,33.94543972462279
19.0,285.0,33.94105564350967
19.0,286.0,33.93647370745366
19.0,287.0,33.93167675336113
19.0,288.0,33.926646726886524
19.0,289.0,33.92136461739228
19.0,290.0,33.915810388213615
19.0,291.0,33.90996291299178
19.0,292.0,33.90379991197167
19.0,293.0,33.89729789718077
19.0,294.0,33.89043212458207
19.0,295.0,33.883176561051734
19.0,296.0,33.875503868987515
19.0,297.0,33.86738541632416
19.0,298.0,33.858791320193966
19.0,299.0,33.849690533084704
19.0,300.0,33.84005098595663
19.0,301.0,33.8298397993067
19.0,302.0,33.81902358330121
19.0,303.0,33.807568840400634
19.0,304.0,33.79544249734308
19.0,305.0,33.7826125804807
19.0,306.0,33.769049062938244
19.0,307.0,33.754724891764056
19.0,308.0,33.73961721501546
19.0,309.0,33.72370879733509
19.0,310.0,33.706989616928965
19.0,311.0,33.68945859079098
19.0,312.0,33.67112536920318
19.0,313.0,33.65201208112015
19.0,314.0,33.63215490215844
19.0,315.0,33.61160525874379
19.0,316.0,33.59043049105226
19.0,317.0,33.56871377282723
19.0,318.0,33.546553150193446
19.0,319.0,33.52405960306375
19.0,320.0,33.50135416632357
19.0,321.0,33.47856424036797
19.0,322.0,33.45581936927817
19.0,323.0,33.4332468206199
19.0,324.0,33.410967363144785
19.0,325.0,33.389091576460196
19.0,326.0,33.3677169707803
19.0,327.0,33.34692604658738
19.0,328.0,33.32678533103065
19.0,329.0,33.30734529509692
19.0,330.0,33.28864101311529
19.0,331.0,33.27069336332225
19.0,332.0,33.25351059133703
19.0,333.0,33.23709005098117
19.0,334.0,33.22141999311239
19.0,335.0,33.20648128524055
19.0,336.0,33.19224900159377
19.0,337.0,33.17869383196557
19.0,338.0,33.16578330052917
19.0,339.0,33.15348278504436
19.0,340.0,33.14175635424904
19.0,341.0,33.130567433922884
19.0,342.0,33.11987932744562
19.0,343.0,33.109655607684054
19.0,344.0,33.09986040385033
19.0,345.0,33.09045860020073
19.0,346.0,33.08141596380537
19.0,347.0,33.07269921651952
19.0,348.0,33.06427606096321
19.0,349.0,33.05611517429892
19.0,350.0,33.04818617252105
19.0,351.0,33.04045955887245
19.0,352.0,33.032906652685625
19.0,353.0,33.025499513353815
19.0,354.0,33.0182108499104
19.0,355.0,33.011013933124076
19.0,356.0,33.00388249515558
19.0,357.0,32.99679063679397
19.0,358.0,32.98971272205943
19.0,359.0,32.98262328403097
19.0,360.0,32.97549691642811
19.0,361.0,32.96830817924215
19.0,362.0,32.96103148756084
19.0,363.0,32.95364101682582
19.0,364.0,32.9461105880642
19.0,365.0,32.93841357172547
19.0,366.0,32.93052276778452
19.0,367.0,32.92241030654723
19.0,368.0,32.9140475216189
19.0,369.0,32.90540484567243
19.0,370.0,32.89645167392905
19.0,371.0,32.88715625257664
19.0,372.0,32.87748553012708
19.0,373.0,32.867405035915496
19.0,374.0,32.8568787164593
19.0,375.0,32.84586880125663
19.0,376.0,32.834335621088734
19.0,377.0,32.82223745820018
19.0,378.0,32.80953034341146
19.0,379.0,32.796167887782886
19.0,380.0,32.78210105554876
19.0,381.0,32.7672779746892
19.0,382.0,32.751643683256404
19.0,383.0,32.735139917159294
19.0,384.0,32.71770482875543
19.0,385.0,32.69927275201481
19.0,386.0,32.679773894835634
19.0,387.0,32.65913408527544
19.0,388.0,32.63727444377042
19.0,389.0,32.614111120372456
19.0,390.0,32.58955496123439
19.0,391.0,32.56351125739905
19.0,392.0,32.53587943353808
19.0,393.0,32.50655284618614
19.0,394.0,32.475418544610406
19.0,395.0,32.44235718374269
19.0,396.0,32.40724294090922
19.0,397.0,32.369943650113555
19.0,398.0,32.33032100831377
19.0,399.0,32.28823109702193
19.0,400.0,32.243525080844094
19.0,401.0,32.19605036064864
19.0,402.0,32.145652052861756
19.0,403.0,32.092175107913576
19.0,404.0,32.03546694517358
19.0,405.0,31.975380942879983
19.0,406.0,31.911780646069413
19.0,407.0,31.84454502397734
19.0,408.0,31.773574575487164
19.0,409.0,31.698798537560933
19.0,410.0,31.62018283885021
19.0,411.0,31.537738865814713
19.0,412.0,31.451532403515287
19.0,413.0,31.36169251257318
19.0,414.0,31.268419337920424
19.0,415.0,31.17199029027215
19.0,416.0,31.07276333116772
19.0,417.0,30.971176744222653
19.0,418.0,30.867744302184793
19.0,419.0,30.763045758380454
19.0,420.0,30.65771242950562
19.0,421.0,30.552408945884046
19.0,422.0,30.447812124461922
19.0,423.0,30.344589079565978
19.0,424.0,30.243376100273878
19.0,425.0,30.144760425890926
19.0,426.0,30.049265842000125
19.0,427.0,29.957343222581507
19.0,428.0,29.8693657196073
19.0,429.0,29.78562861089867
19.0,430.0,29.706352617655767
19.0,431.0,29.631690189194188
19.0,432.0,29.561733355089235
19.0,433.0,29.496522733052263
19.0,434.0,29.436056525280787
19.0,435.0,29.380299444427425
19.0,436.0,29.329190736516974
19.0,437.0,29.2826515797554
19.0,438.0,29.240591274978417
19.0,439.0,29.20291272590265
19.0,440.0,29.16951675008986
19.0,441.0,29.14030582653747
19.0,442.0,29.11518685447216
19.0,443.0,29.094073567052778
19.0,444.0,29.07688815864303
19.0,445.0,29.063562774131782
19.0,446.0,29.054040383444566
19.0,447.0,29.048275684085425
19.0,448.0,29.04623551592502
19.0,449.0,29.047899425805966
19.0,450.0,29.053259830647146
19.0,451.0,29.06232241548261
19.0,452.0,29.075106184804646
19.0,453.0,29.09164380705401
19.0,454.0,29.111981645237634
19.0,455.0,29.136180120624243
19.0,456.0,29.1643137810838
19.0,457.0,29.19647173072967
19.0,458.0,29.232757774031292
19.0,459.0,29.273290942395352
19.0,460.0,29.31820574024378
19.0,461.0,29.367652790812453
19.0,462.0,29.421799204288504
19.0,463.0,29.480829361089423
19.0,464.0,29.54494541987992
19.0,465.0,29.614368255691577
19.0,466.0,29.68933812590356
19.0,467.0,29.770115781734486
19.0,468.0,29.856983312234934
19.0,469.0,29.95024545024777
19.0,470.0,30.050230617558995
19.0,471.0,30.15729244989508
19.0,472.0,30.271811070171555
19.0,473.0,30.39419486104464
19.0,474.0,30.524881997225087
19.0,475.0,30.664342498001876
19.0,476.0,30.813080053216567
19.0,477.0,30.971634391230133
19.0,478.0,31.140583435357097
19.0,479.0,31.320546023627927
19.0,480.0,31.512184431541698
19.0,481.0,31.716207476454898
19.0,482.0,31.933373435540435
19.0,483.0,32.164493555989466
19.0,484.0,32.41043537929056
19.0,485.0,32.672126652569624
19.0,486.0,32.95055903398039
19.0,487.0,33.24679235063698
19.0,488.0,33.56195859272862
19.0,489.0,33.897266374249156
19.0,490.0,34.2540050063558
19.0,491.0,34.633548865037135
19.0,492.0,35.03736113870447
19.0,493.0,35.466997557768785
19.0,494.0,35.92410909688056
19.0,495.0,36.41044412798216
19.0,496.0,36.927848870740625
19.0,497.0,37.47826643503287
19.0,498.0,38.06373309430995
19.0,499.0,38.68637182990037
19.0,500.0,39.348381508620484
19.0,501.0,40.052021414480016
19.0,502.0,40.79958917725371
19.0,503.0,41.59339148952938
19.0,504.0,42.435705389526284
19.0,505.0,43.32872931802569
19.0,506.0,44.27452174779793
19.0,507.0,45.274926882666676
19.0,508.0,46.33148596333448
19.0,509.0,47.44533497041643
19.0,510.0,48.61708932110807
19.0,511.0,49.84671924607334
19.0,512.0,51.133420279561214
19.0,513.0,52.475487151232855
19.0,514.0,53.87020059194635
19.0,515.0,55.313740158928255
19.0,516.0,56.8011362035896
19.0,517.0,58.326275130382164
19.0,518.0,59.88196829166909
19.0,519.0,61.46009101147262
19.0,520.0,63.05178953049806
19.0,521.0,64.64774604897993
19.0,522.0,66.23848233954028
19.0,523.0,67.8146773563986
19.0,524.0,69.36747084353946
19.0,525.0,70.88872834255291
19.0,526.0,72.37124812341835
19.0,527.0,73.80890013792514
19.0,528.0,75.196694890246
19.0,529.0,76.5307885895072
19.0,530.0,77.80843508239325
19.0,531.0,79.02789853510197
19.0,532.0,80.18834019178078
19.0,533.0,81.28969208488097
19.0,534.0,82.33252746417755
19.0,535.0,83.31793595221994
19.0,536.0,84.24740816412285
19.0,537.0,85.12273314707288
19.0,538.0,85.9459095910039
19.0,539.0,86.7190712194554
19.0,540.0,87.44442530257123
19.0,541.0,88.12420335803583
19.0,542.0,88.76062229260467
19.0,543.0,89.35585471166902
19.0,544.0,89.91200667744458
19.0,545.0,90.43110177732584
19.0,546.0,90.91507009703241
19.0,547.0,91.36574124053077
19.0,548.0,91.78484035900028
19.0,549.0,92.17398660183073
19.0,550.0,92.5346932758599
19.0,551.0,92.86836933268678
19.0,552.0,93.1763217248749
19.0,553.0,93.45975838713319
19.0,554.0,93.7197915735947
19.0,555.0,93.95744138453824
19.0,556.0,94.17363935408164
19.0,557.0,94.36923196575795
19.0,558.0,94.54498407259413
19.0,559.0,94.70158209193659
19.0,560.0,94.8396370331201
19.0,561.0,94.9596872115254
19.0,562.0,95.06220077342586
19.0,563.0,95.14757785558959
19.0,564.0,95.21615256088431
19.0,565.0,95.26819453618789
19.0,566.0,95.30391038494649
19.0,567.0,95.32344465805939
19.0,568.0,95.32688070310768
19.0,569.0,95.31424107002685
19.0,570.0,95.28548779893192
19.0,571.0,95.24052224096091
19.0,572.0,95.17918478243553
19.0,573.0,95.1012540751994
19.0,574.0,95.00644618749956
19.0,575.0,94.89441323017552
19.0,576.0,94.76474191653097
19.0,577.0,94.61695156311546
19.0,578.0,94.45049203426343
19.0,579.0,94.26474109143169
19.0,580.0,94.05900169587173
19.0,581.0,93.83249868197649
19.0,582.0,93.58437539796621
19.0,583.0,93.31368969178058
19.0,584.0,93.01940989142355
19.0,585.0,92.70041012513386
19.0,586.0,92.35546569093314
19.0,587.0,91.98324779971767
19.0,588.0,91.58231847466476
19.0,589.0,91.15112492783408
19.0,590.0,90.6879942908466
19.0,591.0,90.19112804507174
19.0,592.0,89.65859715497632
19.0,593.0,89.08833731659627
19.0,594.0,88.4781455005126
19.0,595.0,87.82567732847457
19.0,596.0,87.12844670802558
19.0,597.0,86.38382747333927
19.0,598.0,85.58905879088485
19.0,599.0,84.74125438516855
19.0,600.0,83.83741777374728
19.0,601.0,82.87446396281108
19.0,602.0,81.84925028385494
19.0,603.0,80.75861723177698
19.0,604.0,79.59944240187647
19.0,605.0,78.36870859174029
19.0,606.0,77.06358918518809
19.0,607.0,75.68155143356358
19.0,608.0,74.22047977521828
19.0,609.0,72.67881796195496
19.0,610.0,71.05572932351157
19.0,611.0,69.35126986554428
19.0,612.0,67.56656825460806
19.0,613.0,65.70400094258497
19.0,614.0,63.767349481151356
19.0,615.0,61.76192153648852
19.0,616.0,59.694617691668185
19.0,617.0,57.573924045799394
19.0,618.0,55.409816608723474
19.0,619.0,53.213568080005885
19.0,620.0,50.99746049821976
19.0,621.0,48.774416957375145
19.0,622.0,46.55757998580907
19.0,623.0,44.35987021696581
19.0,624.0,42.19356476451549
19.0,625.0,40.06992891267884
19.0,626.0,37.99892875406786
19.0,627.0,35.98903791623171
19.0,628.0,34.047141936848796
19.0,629.0,32.178530783608046
19.0,630.0,30.386965628375922
19.0,631.0,28.674799755091993
19.0,632.0,27.04313583636731
19.0,633.0,25.49200092255223
19.0,634.0,24.020526377965638
19.0,635.0,22.627120813689483
19.0,636.0,21.30963029086561
19.0,637.0,20.06548025052522
19.0,638.0,18.891798757545367
19.0,639.0,17.78551955195449
19.0,640.0,16.743467340714254
19.0,641.0,15.762425633910652
19.0,642.0,14.839190570217484
19.0,643.0,13.970611450805961
19.0,644.0,13.153621441877304
19.0,645.0,12.385258924268042
19.0,646.0,11.662682567915382
19.0,647.0,10.983180165945802
19.0,648.0,10.344173848918546
19.0,649.0,9.743221283756577
19.0,650.0,9.178015080845046
19.0,651.0,8.646379673112097
19.0,652.0,8.14626758924093
19.0,653.0,7.675754142625352
19.0,654.0,7.233032245530649
19.0,655.0,6.816406210328586
19.0,656.0,6.424286103129652
19.0,657.0,6.055181413200285
19.0,658.0,5.707695507555064
19.0,659.0,5.380519578255136
19.0,660.0,5.072427487722339
19.0,661.0,4.782270192256279
19.0,662.0,4.508971105015337
19.0,663.0,4.251521069934418
19.0,664.0,4.008974275790096
19.0,665.0,3.7804437852018182
19.0,666.0,3.5650979824860345
19.0,667.0,3.3621566262294924
19.0,668.0,3.1708877886454756
19.0,669.0,2.990604383719843
19.0,670.0,2.8206615457562645
19.0,671.0,2.660453579854738
19.0,672.0,2.5094117256542976
19.0,673.0,2.367001477760925
19.0,674.0,2.232720683381968
19.0,675.0,2.1060971842126732
19.0,676.0,1.9866872013674852
19.0,677.0,1.8740732553901571
19.0,678.0,1.7678627972937109
19.0,679.0,1.6676863687922723
19.0,680.0,1.5731964436432837
19.0,681.0,1.4840657953936622
19.0,682.0,1.3999865182145321
19.0,683.0,1.320668574168202
19.0,684.0,1.2458389671845647
19.0,685.0,1.1752404460025687
19.0,686.0,1.1086308088211125
19.0,687.0,1.0457817416472401
19.0,688.0,0.9864782344858919
19.0,689.0,0.9305175378772279
19.0,690.0,0.8777086743204068
19.0,691.0,0.8278714983625446
19.0,692.0,0.7808362893434563
19.0,693.0,0.7364429025716193
19.0,694.0,0.6945404314917243
19.0,695.0,0.6549864393090432
19.0,696.0,0.6176466803774079
19.0,697.0,0.5823944031672441
19.0,698.0,0.549110122099431
19.0,699.0,0.517680984041667
19.0,700.0,0.4880005830176924
19.0,701.0,0.4599683835023016
19.0,702.0,0.4334895714529735
19.0,703.0,0.4084745285899607
19.0,704.0,0.38483871405966646
19.0,705.0,0.3625021846612887
19.0,706.0,0.3413895021841977
19.0,707.0,0.3214292952001148
19.0,708.0,0.30255418774162346
19.0,709.0,0.2847003988382076
19.0,710.0,0.26780768873741895
19.0,711.0,0.25181899284021425
19.0,712.0,0.2366803821246301
19.0,713.0,0.2223407285438073
19.0,714.0,0.2087516767061444
19.0,715.0,0.195867338148923
19.0,716.0,0.1836442716685603
19.0,717.0,0.17204120418268165
19.0,718.0,0.16101901739729396
19.0,719.0,0.15054049322776145
19.0,720.0,0.14057030474309454
19.0,721.0,0.13107478433756833
19.0,722.0,0.12202191711134111
19.0,723.0,0.11338113017436441
19.0,724.0,0.10512328681174278
19.0,725.0,0.09722049546422086
19.0,726.0,0.08964610318983188
19.0,727.0,0.0823745230040001
19.0,728.0,0.07538122528922184
19.0,729.0,0.06864258229549494
19.0,730.0,0.06213585626962332
19.0,731.0,0.05583906001559139
19.0,732.0,0.04973094061672267
19.0,733.0,0.04379085503765558
19.0,734.0,0.037998748397782514
19.0,735.0,0.032335043663197234
19.0,736.0,0.026780613500031386
19.0,737.0,0.021316683157371556
19.0,738.0,0.015924794985449284
19.0,739.0,0.010586723650037166
19.0,740.0,0.0052844324438392635
19.0,741.0,0.0
20.0,0.0,0.0
20.0,1.0,0.001942612796766796
20.0,2.0,0.003891791808622474
20.0,3.0,0.0058541243595218685
20.0,4.0,0.007836243965697055
20.0,5.0,0.009844847769008073
20.0,6.0,0.01188672589409239
20.0,7.0,0.013968775509232272
20.0,8.0,0.016098034760768497
20.0,9.0,0.018281693772742653
20.0,10.0,0.02052713347067765
20.0,11.0,0.02284193384383141
20.0,12.0,0.025233917983407888
20.0,13.0,0.02771115794838612
20.0,14.0,0.030282024360784834
20.0,15.0,0.03295519023797954
20.0,16.0,0.03573968651009348
20.0,17.0,0.03864490420883815
20.0,18.0,0.041680656299820866
20.0,19.0,0.04485717865068335
20.0,20.0,0.0481851986045751
20.0,21.0,0.05167593518926397
20.0,22.0,0.0553411748978069
20.0,23.0,0.0591932716460251
20.0,24.0,0.06324523027321638
20.0,25.0,0.06751070680871799
20.0,26.0,0.07200410026020079
20.0,27.0,0.0767405538119331
20.0,28.0,0.08173605553179962
20.0,29.0,0.08700744119546305
20.0,30.0,0.09257250461698478
20.0,31.0,0.09845000287570872
20.0,32.0,0.10465977706069216
20.0,33.0,0.11122276077242121
20.0,34.0,0.11816111216994267
20.0,35.0,0.12549822672938832
20.0,36.0,0.1332588815968305
20.0,37.0,0.14146925371234728
20.0,38.0,0.15015707760371907
20.0,39.0,0.159351670131165
20.0,40.0,0.1690841030100676
20.0,41.0,0.17938723560085285
20.0,42.0,0.1902959036265878
20.0,43.0,0.20184696162871274
20.0,44.0,0.2140794895519245
20.0,45.0,0.22703484671433066
20.0,46.0,0.2407568981726706
20.0,47.0,0.2552920823205817
20.0,48.0,0.27068965922807503
20.0,49.0,0.2870017942906645
20.0,50.0,0.30428383106536694
20.0,51.0,0.3225943937543167
20.0,52.0,0.34199568744390096
20.0,53.0,0.3625536226282998
20.0,54.0,0.38433814620848705
20.0,55.0,0.4074233917543024
20.0,56.0,0.43188804514694756
20.0,57.0,0.4578155248542072
20.0,58.0,0.4852943867156371
20.0,59.0,0.5144185391764761
20.0,60.0,0.5452876924309726
20.0,61.0,0.5780076143379365
20.0,62.0,0.6126906299652195
20.0,63.0,0.6494559248027357
20.0,64.0,0.6884301016964945
20.0,65.0,0.7297475389860344
20.0,66.0,0.7735510128771169
20.0,67.0,0.81999211925009
20.0,68.0,0.8692319706767601
20.0,69.0,0.9214416918413638
20.0,70.0,0.9768032016089022
20.0,71.0,1.035509793197872
20.0,72.0,1.0977670128513777
20.0,73.0,1.1637933369588094
20.0,74.0,1.2338211597759619
20.0,75.0,1.3080975803564565
20.0,76.0,1.386885512076846
20.0,77.0,1.4704645920687893
20.0,78.0,1.559132424460604
20.0,79.0,1.6532056232648433
20.0,80.0,1.753021198309988
20.0,81.0,1.8589377380387988
20.0,82.0,1.9713369405561034
20.0,83.0,2.0906249336174145
20.0,84.0,2.2172339406581805
20.0,85.0,2.3516237183974633
20.0,86.0,2.49428332540954
20.0,87.0,2.6457326286239855
20.0,88.0,2.806524104293626
20.0,89.0,2.9772443163469737
20.0,90.0,3.1585156181747496
20.0,91.0,3.3509974283427106
20.0,92.0,3.5553876047461332
20.0,93.0,3.7724232230425265
20.0,94.0,4.002881247016188
20.0,95.0,4.247578335304301
20.0,96.0,4.5073702154217345
20.0,97.0,4.783149787340885
20.0,98.0,5.075844308190771
20.0,99.0,5.386410716974292
20.0,100.0,5.715829352386885
20.0,101.0,6.065095007904035
20.0,102.0,6.435205478659923
20.0,103.0,6.827146450263287
20.0,104.0,7.241872835058165
20.0,105.0,7.680285404801142
20.0,106.0,8.1432029250166
20.0,107.0,8.631328860961885
20.0,108.0,9.145213267422585
20.0,109.0,9.685209555110426
20.0,110.0,10.25142764214923
20.0,111.0,10.84368435818287
20.0,112.0,11.461454059590388
20.0,113.0,12.103821955994086
20.0,114.0,12.769444772193445
20.0,115.0,13.456522673614232
20.0,116.0,14.162787930150035
20.0,117.0,14.88551411038874
20.0,118.0,15.621549799425107
20.0,119.0,16.367377587749072
20.0,120.0,17.11919780839853
20.0,121.0,17.8730322572836
20.0,122.0,18.62484173876736
20.0,123.0,19.370648012545203
20.0,124.0,20.106651339089048
20.0,125.0,20.829334199750896
20.0,126.0,21.535545033504732
20.0,127.0,22.222557225389007
20.0,128.0,22.888102823629872
20.0,129.0,23.530381733187813
20.0,130.0,24.148050378624546
20.0,131.0,24.740193628624787
20.0,132.0,25.306285456660273
20.0,133.0,25.84614226630481
20.0,134.0,26.359873504871064
20.0,135.0,26.847832066036506
20.0,136.0,27.310567439425867
20.0,137.0,27.748782475209374
20.0,138.0,28.163295271648636
20.0,139.0,28.555005878909903
20.0,140.0,28.924868430799084
20.0,141.0,29.273867774893624
20.0,142.0,29.60300080578206
20.0,143.0,29.913261350892824
20.0,144.0,30.20562871391499
20.0,145.0,30.48105872640061
20.0,146.0,30.74047746164626
20.0,147.0,30.98477655536175
20.0,148.0,31.214810385902584
20.0,149.0,31.43139417316233
20.0,150.0,31.6353033475419
20.0,151.0,31.82727335126201
20.0,152.0,32.008000303013496
20.0,153.0,32.17814177014936
20.0,154.0,32.33831813638413
20.0,155.0,32.489113870322804
20.0,156.0,32.631079219954394
20.0,157.0,32.76473168274339
20.0,158.0,32.89055779835293
20.0,159.0,33.00901464565224
20.0,160.0,33.120531601957914
20.0,161.0,33.22551176973511
20.0,162.0,33.324333632054035
20.0,163.0,33.41735236006142
20.0,164.0,33.50490133202966
20.0,165.0,33.58729330178805
20.0,166.0,33.6648217710171
20.0,167.0,33.73776201565034
20.0,168.0,33.80637231359434
20.0,169.0,33.87089483525218
20.0,170.0,33.931556735363955
20.0,171.0,33.98857091826633
20.0,172.0,34.04213700545412
20.0,173.0,34.09244198789515
20.0,174.0,34.139661081732825
20.0,175.0,34.18395828012484
20.0,176.0,34.225487109188876
20.0,177.0,34.264391091173174
20.0,178.0,34.300804411877195
20.0,179.0,34.33485230595214
20.0,180.0,34.36665164596898
20.0,181.0,34.39631125957622
20.0,182.0,34.42393244937346
20.0,183.0,34.44960925071904
20.0,184.0,34.47342889077044
20.0,185.0,34.49547199509422
20.0,186.0,34.51581299381163
20.0,187.0,34.534520284983
20.0,188.0,34.551656595929344
20.0,189.0,34.56727911184889
20.0,190.0,34.581439801313316
20.0,191.0,34.59418552000775
20.0,192.0,34.60555831145186
20.0,193.0,34.61559549851398
20.0,194.0,34.624329974012326
20.0,195.0,34.63179029721221
20.0,196.0,34.638000994618224
20.0,197.0,34.642982685511114
20.0,198.0,34.646752421375346
20.0,199.0,34.64932387394422
20.0,200.0,34.650707752310154
20.0,201.0,34.650912098441445
20.0,202.0,34.64994283287971
20.0,203.0,34.64780421397584
20.0,204.0,34.644499572386614
20.0,205.0,34.64003199552976
20.0,206.0,34.63440530946735
20.0,207.0,34.62762503786882
20.0,208.0,34.61969966255713
20.0,209.0,34.61064185870506
20.0,210.0,34.60046999231504
20.0,211.0,34.58920953062556
20.0,212.0,34.576894600474944
20.0,213.0,34.56356930967499
20.0,214.0,34.54928900776171
20.0,215.0,34.534121071337395
20.0,216.0,34.51814535510288
20.0,217.0,34.50145390853155
20.0,218.0,34.48415013077905
20.0,219.0,34.4663470614934
20.0,220.0,34.448165098442786
20.0,221.0,34.42972900772319
20.0,222.0,34.41116466790295
20.0,223.0,34.392595557429715
20.0,224.0,34.374139491811626
20.0,225.0,34.35590563019721
20.0,226.0,34.33799217205216
20.0,227.0,34.32048464058301
20.0,228.0,34.30345500252409
20.0,229.0,34.28696137340274
20.0,230.0,34.27104841896615
20.0,231.0,34.255748124690804
20.0,232.0,34.24108099200204
20.0,233.0,34.227057338845036
20.0,234.0,34.213678778007385
20.0,235.0,34.20093960105232
20.0,236.0,34.18882817951112
20.0,237.0,34.177328167067564
20.0,238.0,34.166419646667926
20.0,239.0,34.15608004888196
20.0,240.0,34.14628500211424
20.0,241.0,34.13700896761213
20.0,242.0,34.128225822760704
20.0,243.0,34.11990926054364
20.0,244.0,34.11203316298206
20.0,245.0,34.104571824807664
20.0,246.0,34.097500175464106
20.0,247.0,34.090793881205784
20.0,248.0,34.0844294644673
20.0,249.0,34.07838432698079
20.0,250.0,34.07263680310967
20.0,251.0,34.067166134694624
20.0,252.0,34.06195248393658
20.0,253.0,34.05697688082086
20.0,254.0,34.052221212526256
20.0,255.0,34.04766815690864
20.0,256.0,34.043301159205306
20.0,257.0,34.03910435989659
20.0,258.0,34.03506256522752
20.0,259.0,34.031161174305886
20.0,260.0,34.02738614716645
20.0,261.0,34.02372393372164
20.0,262.0,34.020161441307195
20.0,263.0,34.016685966688705
20.0,264.0,34.013285163916635
20.0,265.0,34.00994697972458
20.0,266.0,34.006659621847625
20.0,267.0,34.00341149762975
20.0,268.0,34.00019118256176
20.0,269.0,33.99698736161443
20.0,270.0,33.99378879752582
20.0,271.0,33.990584274209944
20.0,272.0,33.98736256420159
20.0,273.0,33.98411237340717
20.0,274.0,33.980822307061146
20.0,275.0,33.9774808150586
20.0,276.0,33.97407615577317
20.0,277.0,33.97059634123205
20.0,278.0,33.967029098191205
20.0,279.0,33.963361812490675
20.0,280.0,33.959581486895964
20.0,281.0,33.95567468413203
20.0,282.0,33.95162748121766
20.0,283.0,33.94742541097074
20.0,284.0,33.94305341295124
20.0,285.0,33.93849577374179
20.0,286.0,33.933736075279455
20.0,287.0,33.92875713507534
20.0,288.0,33.92354095381676
20.0,289.0,33.91806865809396
20.0,290.0,33.9123204509303
20.0,291.0,33.90627556181723
20.0,292.0,33.89991220661587
20.0,293.0,33.893207553151306
20.0,294.0,33.8861377011641
20.0,295.0,33.87867767686622
20.0,296.0,33.87080144981604
20.0,297.0,33.86248197719354
20.0,298.0,33.85369128306637
20.0,299.0,33.84440058298829
20.0,300.0,33.83458046211998
20.0,301.0,33.824201122621
20.0,302.0,33.81323270928174
20.0,303.0,33.80164573378173
20.0,304.0,33.78941160608346
20.0,305.0,33.77650329515516
20.0,306.0,33.762896122998725
20.0,307.0,33.748568709458596
20.0,308.0,33.733504058654994
20.0,309.0,33.71769078813909
20.0,310.0,33.701124464678834
20.0,311.0,33.68380901544614
20.0,312.0,33.66575813593827
20.0,313.0,33.646996617813244
20.0,314.0,33.62756146941698
20.0,315.0,33.607502712257435
20.0,316.0,33.58688370111532
20.0,317.0,33.56578085562219
20.0,318.0,33.54428269273451
20.0,319.0,33.52248813541871
20.0,320.0,33.50050411559972
20.0,321.0,33.47844260449713
20.0,322.0,33.45641724919262
20.0,323.0,33.434539881773915
20.0,324.0,33.412917155450835
20.0,325.0,33.39164757389791
20.0,326.0,33.37081909284317
20.0,327.0,33.35050742675013
20.0,328.0,33.330775079006465
20.0,329.0,33.31167107045731
20.0,330.0,33.29323125627605
20.0,331.0,33.27547911830268
20.0,332.0,33.25842688133529
20.0,333.0,33.24207683567196
20.0,334.0,33.22642273974596
20.0,335.0,33.2114512247765
20.0,336.0,33.19714312414836
20.0,337.0,33.183474694682516
20.0,338.0,33.17041869545758
20.0,339.0,33.157945323259014
20.0,340.0,33.14602299768585
20.0,341.0,33.134619010887775
20.0,342.0,33.12370004860402
20.0,343.0,33.11323260163248
20.0,344.0,33.103183279524885
20.0,345.0,33.09351904317887
20.0,346.0,33.08420736926509
20.0,347.0,33.0752163577742
20.0,348.0,33.06651479562521
20.0,349.0,33.05807218135892
20.0,350.0,33.04985872414744
20.0,351.0,33.04184531591502
20.0,352.0,33.034003490930026
20.0,353.0,33.02630536573707
20.0,354.0,33.01872357586842
20.0,355.0,33.01123119655803
20.0,356.0,33.00380166685502
20.0,357.0,32.996408698871875
20.0,358.0,32.98902619527887
20.0,359.0,32.981628151310176
20.0,360.0,32.974188568752616
20.0,361.0,32.96668135261088
20.0,362.0,32.959080222835006
20.0,363.0,32.951358606038795
20.0,364.0,32.943489545003295
20.0,365.0,32.935445584867004
20.0,366.0,32.92719867965909
20.0,367.0,32.9187200717409
20.0,368.0,32.90998019410404
20.0,369.0,32.900948541412504
20.0,370.0,32.891593566448265
20.0,371.0,32.88188254080702
20.0,372.0,32.87178144363293
20.0,373.0,32.86125480982441
20.0,374.0,32.850265609054745
20.0,375.0,32.83877507924936
20.0,376.0,32.82674259386132
20.0,377.0,32.81412547843052
20.0,378.0,32.8008788642374
20.0,379.0,32.786955486039375
20.0,380.0,32.772305520687496
20.0,381.0,32.75687636482035
20.0,382.0,32.7406124580076
20.0,383.0,32.72345504053574
20.0,384.0,32.70534196248048
20.0,385.0,32.68620742416897
20.0,386.0,32.66598177581136
20.0,387.0,32.644591247428224
20.0,388.0,32.621957749098314
20.0,389.0,32.597998604082804
20.0,390.0,32.5726263685598
20.0,391.0,32.54574859277917
20.0,392.0,32.51726769302939
20.0,393.0,32.48708078285772
20.0,394.0,32.45507965115119
20.0,395.0,32.42115073117723
20.0,396.0,32.385175269608055
20.0,397.0,32.34702953789029
20.0,398.0,32.30658531999576
20.0,399.0,32.263710519849134
20.0,400.0,32.21827015056171
20.0,401.0,32.17012755097865
20.0,402.0,32.11914612011824
20.0,403.0,32.06519141392427
20.0,404.0,32.008133916616856
20.0,405.0,31.947852316384648
20.0,406.0,31.88423759848102
20.0,407.0,31.817197738740344
20.0,408.0,31.74666326777885
20.0,409.0,31.672593384455443
20.0,410.0,31.594982776455385
20.0,411.0,31.513868642998677
20.0,412.0,31.429337886311025
20.0,413.0,31.341533717602648
20.0,414.0,31.250661422425555
20.0,415.0,31.156992310895756
20.0,416.0,31.06086549254456
20.0,417.0,30.96268650422342
20.0,418.0,30.862922659148342
20.0,419.0,30.762094563723448
20.0,420.0,30.66076433223092
20.0,421.0,30.559520716639266
20.0,422.0,30.458962503667852
20.0,423.0,30.359681044851836
20.0,424.0,30.26224366676621
20.0,425.0,30.167178809953224
20.0,426.0,30.074964283211067
20.0,427.0,29.986018798925826
20.0,428.0,29.900697388516694
20.0,429.0,29.81929005878313
20.0,430.0,29.742023660571835
20.0,431.0,29.669065878203533
20.0,432.0,29.60053111693505
20.0,433.0,29.53648716003183
20.0,434.0,29.47696251178542
20.0,435.0,29.421953484649716
20.0,436.0,29.371431202266674
20.0,437.0,29.325347792477874
20.0,438.0,29.2836421666474
20.0,439.0,29.246244810016766
20.0,440.0,29.213082124754216
20.0,441.0,29.184079822355788
20.0,442.0,29.159165982342856
20.0,443.0,29.138273288642015
20.0,444.0,29.121341091793816
20.0,445.0,29.108316791620844
20.0,446.0,29.099157198214808
20.0,447.0,29.09382933615231
20.0,448.0,29.092311352155363
20.0,449.0,29.094592958775813
20.0,450.0,29.100676076365502
20.0,451.0,29.110575075606974
20.0,452.0,29.124317287276025
20.0,453.0,29.141943154688356
20.0,454.0,29.16350670273756
20.0,455.0,29.189075675631866
20.0,456.0,29.218732026854482
20.0,457.0,29.252572093071386
20.0,458.0,29.29070714681886
20.0,459.0,29.33326364168428
20.0,460.0,29.380383857152147
20.0,461.0,29.43222624069947
20.0,462.0,29.488966167149464
20.0,463.0,29.55079639825988
20.0,464.0,29.617927975482566
20.0,465.0,29.69059081554266
20.0,466.0,29.769034754488096
20.0,467.0,29.853530297654952
20.0,468.0,29.94436983346533
20.0,469.0,30.041868557322992
20.0,470.0,30.146365875143825
20.0,471.0,30.258226522546906
20.0,472.0,30.37784218002367
20.0,473.0,30.505632810717195
20.0,474.0,30.64204851084418
20.0,475.0,30.787571090693973
20.0,476.0,30.94271618458563
20.0,477.0,31.108035099460473
20.0,478.0,31.28411720703272
20.0,479.0,31.471592080923948
20.0,480.0,31.671132187770493
20.0,481.0,31.883455324757268
20.0,482.0,32.10932761313067
20.0,483.0,32.349566229275844
20.0,484.0,32.60504267839252
20.0,485.0,32.87668577773706
20.0,486.0,33.16548514246737
20.0,487.0,33.472494319851315
20.0,488.0,33.79883434183255
20.0,489.0,34.145696809707665
20.0,490.0,34.51434724168624
20.0,491.0,34.90612774831143
20.0,492.0,35.32245970408399
20.0,493.0,35.76484540681397
20.0,494.0,36.23486929858398
20.0,495.0,36.734197632433
20.0,496.0,37.26457702283048
20.0,497.0,37.827830614423775
20.0,498.0,38.42585212418577
20.0,499.0,39.060596298760245
20.0,500.0,39.73406581935105
20.0,501.0,40.44829298039649
20.0,502.0,41.20531595089309
20.0,503.0,42.007147772190855
20.0,504.0,42.85573777902488
20.0,505.0,43.75292361672287
20.0,506.0,44.70037372474761
20.0,507.0,45.69951893613415
20.0,508.0,46.751473877793494
20.0,509.0,47.8569481251274
20.0,510.0,49.01614961676818
20.0,511.0,50.22868272269025
20.0,512.0,51.49344643091848
20.0,513.0,52.80853842836223
20.0,514.0,54.171173943492356
20.0,515.0,55.577628088003316
20.0,516.0,57.02321229076752
20.0,517.0,58.50229330598328
20.0,518.0,60.0083623157704
20.0,519.0,61.53415637137534
20.0,520.0,63.071830377614056
20.0,521.0,64.6131705502764
20.0,522.0,66.14983593286766
20.0,523.0,67.67360934467199
20.0,524.0,69.17663887922244
20.0,525.0,70.65165135194388
20.0,526.0,72.09212422962099
20.0,527.0,73.4924070517348
20.0,528.0,74.84779044089467
20.0,529.0,76.1545250803144
20.0,530.0,77.40979801759505
20.0,531.0,78.61167496385191
20.0,532.0,79.75901896704407
20.0,533.0,80.85139443696818
20.0,534.0,81.8889651219042
20.0,535.0,82.87239210573127
20.0,536.0,83.80273696994988
20.0,537.0,84.68137285985394
20.0,538.0,85.5099055870826
20.0,539.0,86.29010512039198
20.0,540.0,87.02384772354633
20.0,541.0,87.7130678403241
20.0,542.0,88.35971911858918
20.0,543.0,88.96574324843411
20.0,544.0,89.53304577120802
20.0,545.0,90.06347756649448
20.0,546.0,90.55882124464138
20.0,547.0,91.02078137499588
20.0,548.0,91.45097795009633
20.0,549.0,91.85094228163857
20.0,550.0,92.22211490093491
20.0,551.0,92.56584490186643
20.0,552.0,92.88339043223148
20.0,553.0,93.1759199699523
20.0,554.0,93.44451417669248
20.0,555.0,93.69016812088232
20.0,556.0,93.91379370863167
20.0,557.0,94.11622223533087
20.0,558.0,94.29820691098534
20.0,559.0,94.46042536738726
20.0,560.0,94.60348199223674
20.0,561.0,94.72791017597243
20.0,562.0,94.8341742930577
20.0,563.0,94.9226715694124
20.0,564.0,94.99373362411332
20.0,565.0,95.04762789542607
20.0,566.0,95.08455869902622
20.0,567.0,95.10466818209629
20.0,568.0,95.10803687671358
20.0,569.0,95.09468416693169
20.0,570.0,95.06456832602082
20.0,571.0,95.01758648728068
20.0,572.0,94.95357415659826
20.0,573.0,94.87230467828067
20.0,574.0,94.77348821358031
20.0,575.0,94.6567706912821
20.0,576.0,94.52173224132801
20.0,577.0,94.36788561900637
20.0,578.0,94.19467408338356
20.0,579.0,94.00146928672031
20.0,580.0,93.78756859346315
20.0,581.0,93.55219243689683
20.0,582.0,93.29448109068751
20.0,583.0,93.01349151853152
20.0,584.0,92.70819364375512
20.0,585.0,92.37746676356525
20.0,586.0,92.0200954237592
20.0,587.0,91.6347655503626
20.0,588.0,91.2200601422956
20.0,589.0,90.7744554094112
20.0,590.0,90.2963166697846
20.0,591.0,89.78389500283801
20.0,592.0,89.23532401322885
20.0,593.0,88.64861784964064
20.0,594.0,88.0216699180032
20.0,595.0,87.35225362900992
20.0,596.0,86.63802476058495
20.0,597.0,85.87652703048732
20.0,598.0,85.06520066540473
20.0,599.0,84.2013958777766
20.0,600.0,83.28239129687344
20.0,601.0,82.3054196140785
20.0,602.0,81.26770074922267
20.0,603.0,80.16648508756174
20.0,604.0,78.99910721296911
20.0,605.0,77.76305271136195
20.0,606.0,76.45603816360087
20.0,607.0,75.07610629165809
20.0,608.0,73.62173519326761
20.0,609.0,72.09196187037546
20.0,610.0,70.48651640463129
20.0,611.0,68.80596364977953
20.0,612.0,67.05184463022967
20.0,613.0,65.22680987184019
20.0,614.0,63.334732074240456
20.0,615.0,61.3807862917553
20.0,616.0,59.37148258077188
20.0,617.0,57.31463969003966
20.0,618.0,55.21928896452575
20.0,619.0,53.09550575826246
20.0,620.0,50.95417040936413
20.0,621.0,48.80667184300948
20.0,622.0,46.664571935794186
20.0,623.0,44.53925703814183
20.0,624.0,42.441602325032036
20.0,625.0,40.38167539113034
20.0,626.0,38.36849718481093
20.0,627.0,36.40987340503519
20.0,628.0,34.51229833647912
20.0,629.0,32.68092851521475
20.0,630.0,30.919615279000517
20.0,631.0,29.230984914127173
20.0,632.0,27.61655120143759
20.0,633.0,26.076848702469015
20.0,634.0,24.611574001340028
20.0,635.0,23.219727340522127
20.0,636.0,21.899746607809682
20.0,637.0,20.649630794420933
20.0,638.0,19.467049007500805
20.0,639.0,18.34943553008857
20.0,640.0,17.294069556090925
20.0,641.0,16.298141889125485
20.0,642.0,15.35880837944388
20.0,643.0,14.473233034954106
20.0,644.0,13.638620849914993
20.0,645.0,12.852243299382822
20.0,646.0,12.111456387721972
20.0,647.0,11.41371394561526
20.0,648.0,10.756575767495098
20.0,649.0,10.137712970584408
20.0,650.0,9.554909871739927
20.0,651.0,9.006064482104103
20.0,652.0,8.489186675059349
20.0,653.0,8.002395906400272
20.0,654.0,7.543917366686331
20.0,655.0,7.112078282499699
20.0,656.0,6.705303128201207
20.0,657.0,6.32210935014662
20.0,658.0,5.961102290811784
20.0,659.0,5.620970834542689
20.0,660.0,5.300482420219828
20.0,661.0,4.99847888582386
20.0,662.0,4.713871770274896
20.0,663.0,4.445638496010977
20.0,664.0,4.192818052890534
20.0,665.0,3.954507574703498
20.0,666.0,3.7298584342856977
20.0,667.0,3.5180732217172292
20.0,668.0,3.318402243898839
20.0,669.0,3.1301408859677564
20.0,670.0,2.952626489867859
20.0,671.0,2.7852360676516548
20.0,672.0,2.627383525172791
20.0,673.0,2.478517690976452
20.0,674.0,2.3381198488209605
20.0,675.0,2.20570204536928
20.0,676.0,2.0808048961231997
20.0,677.0,1.9629961370210331
20.0,678.0,1.8518686709170737
20.0,679.0,1.7470393312106391
20.0,680.0,1.6481471392649578
20.0,681.0,1.554852251611832
20.0,682.0,1.4668344021309712
20.0,683.0,1.3837920077876749
20.0,684.0,1.305440772691284
20.0,685.0,1.2315129305209438
20.0,686.0,1.1617559906064479
20.0,687.0,1.095932098085399
20.0,688.0,1.0338169048451087
20.0,689.0,0.9751990310053459
20.0,690.0,0.9198790459190203
20.0,691.0,0.8676690167960046
20.0,692.0,0.8183915870016053
20.0,693.0,0.771879599554334
20.0,694.0,0.7279752617150066
20.0,695.0,0.6865298327378234
20.0,696.0,0.6474028652436449
20.0,697.0,0.610461948013794
20.0,698.0,0.5755820159225717
20.0,699.0,0.5426451397696052
20.0,700.0,0.5115398976404274
20.0,701.0,0.48216120480566477
20.0,702.0,0.4544097403124504
20.0,703.0,0.42819181086335756
20.0,704.0,0.4034188272398236
20.0,705.0,0.38000719683294326
20.0,706.0,0.35787784518369703
20.0,707.0,0.3369561324906012
20.0,708.0,0.31717141613791255
20.0,709.0,0.29845698706777546
20.0,710.0,0.28074966967146886
20.0,711.0,0.263989774399575
20.0,712.0,0.24812073182508917
20.0,713.0,0.2330890582855491
20.0,714.0,0.2188440213007402
20.0,715.0,0.20533761540508788
20.0,716.0,0.19252425642537252
20.0,717.0,0.18036076497785772
20.0,718.0,0.16880608739005207
20.0,719.0,0.1578212846116019
20.0,720.0,0.14736927780469064
20.0,721.0,0.13741484065615986
20.0,722.0,0.1279243678686263
20.0,723.0,0.11886586906821144
20.0,724.0,0.11020875860706379
20.0,725.0,0.10192384944033102
20.0,726.0,0.0939831628039971
20.0,727.0,0.08635992058955369
20.0,728.0,0.07902837359181687
20.0,729.0,0.07196379104285386
20.0,730.0,0.06514230623516365
20.0,731.0,0.05854090199005237
20.0,732.0,0.05213727255426366
20.0,733.0,0.04590980387405175
20.0,734.0,0.039837450739689396
20.0,735.0,0.03389971081651552
20.0,736.0,0.02807651607307951
20.0,737.0,0.022348199585703256
20.0,738.0,0.016695400333417022
20.0,739.0,0.011099021844082289
20.0,740.0,0.005540149473566343
20.0,741.0,0.0
21.0,0.0,0.0
21.0,1.0,0.002029870214792808
21.0,2.0,0.004066600565170817
21.0,3.0,0.00611707527063419
21.0,4.0,0.008188222721155703
21.0,5.0,0.01028704386967434
21.0,6.0,0.012420628634505283
21.0,7.0,0.014596188913935276
21.0,8.0,0.01682107162400027
21.0,9.0,0.019102796655335607
21.0,10.0,0.021449066876552243
21.0,11.0,0.02386781136455714
21.0,12.0,0.02636719271904416
21.0,13.0,0.028955655913167788
21.0,14.0,0.031641933284749596
21.0,15.0,0.03443509937470722
21.0,16.0,0.0373445739857664
21.0,17.0,0.040380183401741584
21.0,18.0,0.04355216193522266
21.0,19.0,0.04687121995208404
21.0,20.0,0.05034854436625999
21.0,21.0,0.053995873931230974
21.0,22.0,0.057825499183188
21.0,23.0,0.061850345505321896
21.0,24.0,0.06608397307109458
21.0,25.0,0.07054066823867444
21.0,26.0,0.07523544410449962
21.0,27.0,0.08018414084503783
21.0,28.0,0.08540342755831302
21.0,29.0,0.09091091223935932
21.0,30.0,0.0967251456650305
21.0,31.0,0.10286574176929528
21.0,32.0,0.10935338441580537
21.0,33.0,0.1162099590309927
21.0,34.0,0.12345856321112196
21.0,35.0,0.1311236505767103
21.0,36.0,0.13923104627799798
21.0,37.0,0.1478081041555336
21.0,38.0,0.15688372834235395
21.0,39.0,0.16648854495503349
21.0,40.0,0.17665493114494782
21.0,41.0,0.18741720270446138
21.0,42.0,0.19881165209647508
21.0,43.0,0.21087675354498447
21.0,44.0,0.22365321177520722
21.0,45.0,0.23718418637028876
21.0,46.0,0.2515153531877643
21.0,47.0,0.2666951500091201
21.0,48.0,0.28277485286687587
21.0,49.0,0.299808845296062
21.0,50.0,0.31785471211515515
21.0,51.0,0.3369735349139533
21.0,52.0,0.35723000618688644
21.0,53.0,0.37869275406643976
21.0,54.0,0.40143448011533206
21.0,55.0,0.4255323167449925
21.0,56.0,0.4510679924401411
21.0,57.0,0.4781282257940533
21.0,58.0,0.5068049224709141
21.0,59.0,0.5371956103486726
21.0,60.0,0.5694036731249452
21.0,61.0,0.6035388316862436
21.0,62.0,0.6397174199318059
21.0,63.0,0.678062918181199
21.0,64.0,0.7187062775190859
21.0,65.0,0.7617865117975643
21.0,66.0,0.8074510775716015
21.0,67.0,0.8558565320158685
21.0,68.0,0.9071689762800972
21.0,69.0,0.9615647873604154
21.0,70.0,1.0192311333723603
21.0,71.0,1.0803667879824663
21.0,72.0,1.1451827265278685
21.0,73.0,1.2139030318349273
21.0,74.0,1.286765580062683
21.0,75.0,1.3640230462967076
21.0,76.0,1.4459436880575305
21.0,77.0,1.5328124574502282
21.0,78.0,1.6249318878150556
21.0,79.0,1.7226233156278263
21.0,80.0,1.8262278707659116
21.0,81.0,1.9361078045291706
21.0,82.0,2.0526475748835624
21.0,83.0,2.1762552649711933
21.0,84.0,2.307363739094916
21.0,85.0,2.4464321159959437
21.0,86.0,2.5939469457132014
21.0,87.0,2.7504236694485926
21.0,88.0,2.916407726646528
21.0,89.0,3.092475882353687
21.0,90.0,3.2792371107758918
21.0,91.0,3.4773335934130256
21.0,92.0,3.6874411305877692
21.0,93.0,3.9102694989130793
21.0,94.0,4.146562004731166
21.0,95.0,4.397094726325893
21.0,96.0,4.662674632231116
21.0,97.0,4.944137013524244
21.0,98.0,5.24234134131482
21.0,99.0,5.5581659205589435
21.0,100.0,5.892500369490439
21.0,101.0,6.2462362308713795
21.0,102.0,6.6202546787189265
21.0,103.0,7.015411596750423
21.0,104.0,7.432518989932697
21.0,105.0,7.872323073985381
21.0,106.0,8.335478147127029
21.0,107.0,8.822516855596907
21.0,108.0,9.333816358291834
21.0,109.0,9.869561583054422
21.0,110.0,10.429705840277892
21.0,111.0,11.013930938987757
21.0,112.0,11.621608164627325
21.0,113.0,12.25176343059243
21.0,114.0,12.903049051981457
21.0,115.0,13.57372628143408
21.0,116.0,14.261661370691865
21.0,117.0,14.964338860227901
21.0,118.0,15.678893461227771
21.0,119.0,16.402161803845935
21.0,120.0,17.13075207709502
21.0,121.0,17.861128956782036
21.0,122.0,18.589708010350286
21.0,123.0,19.31295387579413
21.0,124.0,20.027474666386535
21.0,125.0,20.7301068983309
21.0,126.0,21.41798513030499
21.0,127.0,22.08859371114587
21.0,128.0,22.739798661247626
21.0,129.0,23.369860961327056
21.0,130.0,23.977432613151723
21.0,131.0,24.561539174213692
21.0,132.0,25.12155153038169
21.0,133.0,25.65715104595813
21.0,134.0,26.16829054008023
21.0,135.0,26.655154400996402
21.0,136.0,27.11811919797379
21.0,137.0,27.55771693543486
21.0,138.0,27.97460121555205
21.0,139.0,28.36951750124888
21.0,140.0,28.743276985520616
21.0,141.0,29.096734678020677
21.0,142.0,29.43077081375624
21.0,143.0,29.74627592818769
21.0,144.0,30.0441385606212
21.0,145.0,30.325235861646537
21.0,146.0,30.59042606869278
21.0,147.0,30.840543155517906
21.0,148.0,31.076392685210983
21.0,149.0,31.298749237595903
21.0,150.0,31.508354522362374
21.0,151.0,31.705916615761783
21.0,152.0,31.892109508086165
21.0,153.0,32.067573454920506
21.0,154.0,32.232915381824014
21.0,155.0,32.38870987546745
21.0,156.0,32.53550005933556
21.0,157.0,32.67379891320953
21.0,158.0,32.804090371248996
21.0,159.0,32.92683077298745
21.0,160.0,33.04245002989643
21.0,161.0,33.15135308867054
21.0,162.0,33.25392107544411
21.0,163.0,33.350512703036614
21.0,164.0,33.441465342757965
21.0,165.0,33.52709633972309
21.0,166.0,33.60770398778828
21.0,167.0,33.68356873711241
21.0,168.0,33.75495406334258
21.0,169.0,33.822107563580836
21.0,170.0,33.885261720027444
21.0,171.0,33.94463488732188
21.0,172.0,34.00043195584231
21.0,173.0,34.052845236969326
21.0,174.0,34.10205503370396
21.0,175.0,34.14823043202365
21.0,176.0,34.191529787442214
21.0,177.0,34.23210143111269
21.0,178.0,34.27008408107317
21.0,179.0,34.30560747163313
21.0,180.0,34.33879269775902
21.0,181.0,34.369752775910435
21.0,182.0,34.39859292960952
21.0,183.0,34.42541108951662
21.0,184.0,34.45029812791141
21.0,185.0,34.47333830560902
21.0,186.0,34.49460946304446
21.0,187.0,34.514183421813534
21.0,188.0,34.5321261404866
21.0,189.0,34.54849807932055
21.0,190.0,34.563354330059916
21.0,191.0,34.57674495395607
21.0,192.0,34.588715096918314
21.0,193.0,34.59930531369578
21.0,194.0,34.60855168313683
21.0,195.0,34.616486135558105
21.0,196.0,34.62313658785773
21.0,197.0,34.6285272969533
21.0,198.0,34.632679041187835
21.0,199.0,34.635609530169205
21.0,200.0,34.637333666879634
21.0,201.0,34.63786405236668
21.0,202.0,34.63721137058098
21.0,203.0,34.63538503254764
21.0,204.0,34.6323937293371
21.0,205.0,34.62824625912555
21.0,206.0,34.622952285528406
21.0,207.0,34.616523372998834
21.0,208.0,34.60897395676603
21.0,209.0,34.60032256469804
21.0,210.0,34.59059293852357
21.0,211.0,34.579815332858196
21.0,212.0,34.56802761982597
21.0,213.0,34.55527643275947
21.0,214.0,34.54161795715384
21.0,215.0,34.52711856719294
21.0,216.0,34.51185491841546
21.0,217.0,34.495913695949696
21.0,218.0,34.47939068014187
21.0,219.0,34.46238938713341
21.0,220.0,34.44501905275258
21.0,221.0,34.42739231694905
21.0,222.0,34.40962249774979
21.0,223.0,34.39182088955563
21.0,224.0,34.37409403523343
21.0,225.0,34.35654139602899
21.0,226.0,34.339253329800826
21.0,227.0,34.322309702429784
21.0,228.0,34.305778943794785
21.0,229.0,34.289717751942625
21.0,230.0,34.27417117176899
21.0,231.0,34.259173172200356
21.0,232.0,34.24474741834948
21.0,233.0,34.23090834007223
21.0,234.0,34.21766221234605
21.0,235.0,34.205008362687465
21.0,236.0,34.19294026189375
21.0,237.0,34.1814466370069
21.0,238.0,34.17051240356799
21.0,239.0,34.16011957382872
21.0,240.0,34.15024796903991
21.0,241.0,34.14087589984753
21.0,242.0,34.13198066348959
21.0,243.0,34.12353902042348
21.0,244.0,34.11552751205817
21.0,245.0,34.107922775379976
21.0,246.0,34.10070172475959
21.0,247.0,34.093841747293176
21.0,248.0,34.087320788546975
21.0,249.0,34.081117464845484
21.0,250.0,34.0752110848662
21.0,251.0,34.069581706640115
21.0,252.0,34.06421011855543
21.0,253.0,34.059077860986896
21.0,254.0,34.05416718313957
21.0,255.0,34.049461042912014
21.0,256.0,34.04494305053094
21.0,257.0,34.040597455567806
21.0,258.0,34.036409084360336
21.0,259.0,34.03236331979934
21.0,260.0,34.02844603680033
21.0,261.0,34.02464357823297
21.0,262.0,34.02094269087743
21.0,263.0,34.01733049938686
21.0,264.0,34.01379444397048
21.0,265.0,34.010322253324105
21.0,266.0,34.00690188452196
21.0,267.0,34.003521495248386
21.0,268.0,34.00016938590812
21.0,269.0,33.996833971122975
21.0,270.0,33.99350372378652
21.0,271.0,33.990167145573174
21.0,272.0,33.986812712504125
21.0,273.0,33.98342884410254
21.0,274.0,33.9800038499652
21.0,275.0,33.97652589715977
21.0,276.0,33.972982957293404
21.0,277.0,33.96936277177745
21.0,278.0,33.96565279895027
21.0,279.0,33.96184017693952
21.0,280.0,33.95791167054954
21.0,281.0,33.953853631658646
21.0,282.0,33.949651945858555
21.0,283.0,33.9452919906843
21.0,284.0,33.940758582458194
21.0,285.0,33.93603593324266
21.0,286.0,33.93110759909339
21.0,287.0,33.92595643757087
21.0,288.0,33.92056455979162
21.0,289.0,33.914913291805775
21.0,290.0,33.90898313465486
21.0,291.0,33.9027537351557
21.0,292.0,33.896203860896044
21.0,293.0,33.889311389256086
21.0,294.0,33.88205330821634
21.0,295.0,33.874405737120746
21.0,296.0,33.866343969639146
21.0,297.0,33.85784254607338
21.0,298.0,33.84887536193013
21.0,299.0,33.83941581940514
21.0,300.0,33.82943703335992
21.0,301.0,33.81891209806929
21.0,302.0,33.80781443032755
21.0,303.0,33.796118194011406
21.0,304.0,33.78379882369823
21.0,305.0,33.770833648626066
21.0,306.0,33.75720263227141
21.0,307.0,33.74288921954559
21.0,308.0,33.7278812970011
21.0,309.0,33.7121722399688
21.0,310.0,33.69576203168067
21.0,311.0,33.67865839978829
21.0,312.0,33.660877925285725
21.0,313.0,33.6424470348037
21.0,314.0,33.62340280117026
21.0,315.0,33.60379343864012
21.0,316.0,33.5836784094984
21.0,317.0,33.56312804022228
21.0,318.0,33.54222260450779
21.0,319.0,33.52105084020579
21.0,320.0,33.49970795329367
21.0,321.0,33.47829318638985
21.0,322.0,33.456907114770566
21.0,323.0,33.4356488358273
21.0,324.0,33.41461326456812
21.0,325.0,33.39388870119251
21.0,326.0,33.3735548335086
21.0,327.0,33.35368125197833
21.0,328.0,33.33432653012602
21.0,329.0,33.3155378378349
21.0,330.0,33.29735104422739
21.0,331.0,33.279791209019585
21.0,332.0,33.26287337819432
21.0,333.0,33.2466035713625
21.0,334.0,33.230979884556945
21.0,335.0,33.21599362069788
21.0,336.0,33.20163040124878
21.0,337.0,33.18787120610267
21.0,338.0,33.17469332486658
21.0,339.0,33.162071195514805
21.0,340.0,33.149977133449774
21.0,341.0,33.13838194551364
21.0,342.0,33.127255441330114
21.0,343.0,33.11656684637912
21.0,344.0,33.106285130875094
21.0,345.0,33.096379263328124
21.0,346.0,33.086818400118865
21.0,347.0,33.07757202191214
21.0,348.0,33.06861002339814
21.0,349.0,33.0599027684257
21.0,350.0,33.051421111409034
21.0,351.0,33.043136398561856
21.0,352.0,33.03502044408787
21.0,353.0,33.027045497021604
21.0,354.0,33.019184188158434
21.0,355.0,33.01140947566275
21.0,356.0,33.00369457317039
21.0,357.0,32.996012882597235
21.0,358.0,32.98833790984138
21.0,359.0,32.98064318987213
21.0,360.0,32.97290219366683
21.0,361.0,32.96508824835746
21.0,362.0,32.95717443713989
21.0,363.0,32.94913351570688
21.0,364.0,32.94093780559982
21.0,365.0,32.932559107128284
21.0,366.0,32.9239685857946
21.0,367.0,32.91513668122295
21.0,368.0,32.90603298573546
21.0,369.0,32.8966261483741
21.0,370.0,32.88688374435435
21.0,371.0,32.876772172994
21.0,372.0,32.86625651656971
21.0,373.0,32.85530043083977
21.0,374.0,32.84386599177051
21.0,375.0,32.831913577364396
21.0,376.0,32.81940170083593
21.0,377.0,32.80628688268162
21.0,378.0,32.79252346924179
21.0,379.0,32.7780634944768
21.0,380.0,32.76285648358586
21.0,381.0,32.74684930495456
21.0,382.0,32.7299859598314
21.0,383.0,32.71220742665734
21.0,384.0,32.69345144006096
21.0,385.0,32.67365233268414
21.0,386.0,32.65274081045185
21.0,387.0,32.630643801678964
21.0,388.0,32.60728424143177
21.0,389.0,32.582580945008054
21.0,390.0,32.55644842325456
21.0,391.0,32.52879680863545
21.0,392.0,32.49953173694187
21.0,393.0,32.468554370586226
21.0,394.0,32.43576140182603
21.0,395.0,32.40104524126085
21.0,396.0,32.36429422501136
21.0,397.0,32.32539306786882
21.0,398.0,32.28422339242846
21.0,399.0,32.24066458550396
21.0,400.0,32.19459480890316
21.0,401.0,32.14589243997352
21.0,402.0,32.09443776337929
21.0,403.0,32.040115208989995
21.0,404.0,31.982815942323533
21.0,405.0,31.922441108157738
21.0,406.0,31.858905497659443
21.0,407.0,31.792141917414668
21.0,408.0,31.722105957413326
21.0,409.0,31.648781369556925
21.0,410.0,31.5721856288142
21.0,411.0,31.49237576899186
21.0,412.0,31.409453892420338
21.0,413.0,31.323572295597476
21.0,414.0,31.234937437609382
21.0,415.0,31.143812592150756
21.0,416.0,31.050518347812094
21.0,417.0,30.95543087724663
21.0,418.0,30.858977322433052
21.0,419.0,30.761628581074962
21.0,420.0,30.663889300777
21.0,421.0,30.566285937679016
21.0,422.0,30.469353216512726
21.0,423.0,30.373620309396248
21.0,424.0,30.279597300590762
21.0,425.0,30.187763272572923
21.0,426.0,30.09855631444836
21.0,427.0,30.012366363472765
21.0,428.0,29.929530614503793
21.0,429.0,29.85033187246757
21.0,430.0,29.774999087484847
21.0,431.0,29.703710119121574
21.0,432.0,29.63659575129094
21.0,433.0,29.573744960082404
21.0,434.0,29.515210482873762
21.0,435.0,29.461014827556614
21.0,436.0,29.41115590769779
21.0,437.0,29.365612627399283
21.0,438.0,29.324349739860697
21.0,439.0,29.28732245763086
21.0,440.0,29.254480229270197
21.0,441.0,29.22577026140503
21.0,442.0,29.201140240474466
21.0,443.0,29.1805408890594
21.0,444.0,29.1639278140287
21.0,445.0,29.151263308776713
21.0,446.0,29.142517549265335
21.0,447.0,29.137669859175556
21.0,448.0,29.13670945764193
21.0,449.0,29.13963637259153
21.0,450.0,29.14646190498079
21.0,451.0,29.15720933404125
21.0,452.0,29.171914221917216
21.0,453.0,29.190625016174007
21.0,454.0,29.213403284059613
21.0,455.0,29.240324287070383
21.0,456.0,29.271477207743814
21.0,457.0,29.30696574877525
21.0,458.0,29.346908396697845
21.0,459.0,29.391439082796726
21.0,460.0,29.440707515734548
21.0,461.0,29.494879931703448
21.0,462.0,29.55413952042161
21.0,463.0,29.618687286106717
21.0,464.0,29.688742586944368
21.0,465.0,29.76454412535136
21.0,466.0,29.846350618935165
21.0,467.0,29.934441937205357
21.0,468.0,30.02911992137915
21.0,469.0,30.130709684455255
21.0,470.0,30.239560597294904
21.0,471.0,30.356047769149377
21.0,472.0,30.480573217617724
21.0,473.0,30.613567546649097
21.0,474.0,30.755491317518665
21.0,475.0,30.906836940180515
21.0,476.0,31.068130260340965
21.0,477.0,31.239932676653495
21.0,478.0,31.422842953888615
21.0,479.0,31.617499571102634
21.0,480.0,31.824582760665027
21.0,481.0,32.04481707855647
21.0,482.0,32.27897365036022
21.0,483.0,32.52787293024186
21.0,484.0,32.792387103021106
21.0,485.0,33.073442957147165
21.0,486.0,33.37202433934182
21.0,487.0,33.689175000198176
21.0,488.0,34.026000914068646
21.0,489.0,34.38367285125534
21.0,490.0,34.76342824611392
21.0,491.0,35.16657309018088
21.0,492.0,35.59448283659016
21.0,493.0,36.04860297253312
21.0,494.0,36.530448165165524
21.0,495.0,37.04160053622383
21.0,496.0,37.58370586176903
21.0,497.0,38.15846811908341
21.0,498.0,38.76764104112078
21.0,499.0,39.41301694238098
21.0,500.0,40.09641132919471
21.0,501.0,40.81964340334348
21.0,502.0,41.58451085864114
21.0,503.0,42.39275899582587
21.0,504.0,43.24604257293644
21.0,505.0,44.145880535147626
21.0,506.0,45.09360235799281
21.0,507.0,46.09028667347387
21.0,508.0,47.13669176135191
21.0,509.0,48.233179746676754
21.0,510.0,49.37963567385726
21.0,511.0,50.57538523379766
21.0,512.0,51.81911458848432
21.0,513.0,53.10879844521698
21.0,514.0,54.441642090614195
21.0,515.0,55.81404521420912
21.0,516.0,57.22159390568076
21.0,517.0,58.6590877295953
21.0,518.0,60.120605409146265
21.0,519.0,61.59961100072905
21.0,520.0,63.08909724882594
21.0,521.0,64.58175999949262
21.0,522.0,66.07019249683903
21.0,523.0,67.54708703773937
21.0,524.0,69.0054292632963
21.0,525.0,70.43867253422401
21.0,526.0,71.84088127050794
21.0,527.0,73.20683704944427
21.0,528.0,74.53210426341627
21.0,529.0,75.81305707900755
21.0,530.0,77.0468713966385
21.0,531.0,78.23148851843409
21.0,532.0,79.36555713173448
21.0,533.0,80.44836118612884
21.0,534.0,81.47973965298017
21.0,535.0,82.46000401213891
21.0,536.0,83.38985724429212
21.0,537.0,84.27031774267131
21.0,538.0,85.10264970341083
21.0,539.0,85.88830141780673
21.0,540.0,86.6288514923406
21.0,541.0,87.32596319350043
21.0,542.0,87.98134614908014
21.0,543.0,88.5967250231975
21.0,544.0,89.17381413369088
21.0,545.0,89.71429745667825
21.0,546.0,90.21981302262571
21.0,547.0,90.69194117893399
21.0,548.0,91.13219588943406
21.0,549.0,91.54201864792115
21.0,550.0,91.92277437561172
21.0,551.0,92.27574898555328
21.0,552.0,92.60214817131204
21.0,553.0,92.90309718456305
21.0,554.0,93.17964131860923
21.0,555.0,93.43274691295835
21.0,556.0,93.66330272680335
21.0,557.0,93.87212151860268
21.0,558.0,94.05994178609728
21.0,559.0,94.22742950331947
21.0,560.0,94.37517989693897
21.0,561.0,94.50371908102353
21.0,562.0,94.61350566737046
21.0,563.0,94.7049321411011
21.0,564.0,94.77832618445252
21.0,565.0,94.8339517009373
21.0,566.0,94.87200978259558
21.0,567.0,94.89263932960287
21.0,568.0,94.89591762089455
21.0,569.0,94.88186049873924
21.0,570.0,94.85042251947277
21.0,571.0,94.80149668498326
21.0,572.0,94.73491415934646
21.0,573.0,94.65044353591749
21.0,574.0,94.54779011086815
21.0,575.0,94.42659467914521
21.0,576.0,94.28643236050297
21.0,577.0,94.12681092308833
21.0,578.0,93.94716916470068
21.0,579.0,93.74687477255743
21.0,580.0,93.52522227591602
21.0,581.0,93.2814304689152
21.0,582.0,93.01463997534226
21.0,583.0,92.7239102942569
21.0,584.0,92.40821706068509
21.0,585.0,92.06644882956628
21.0,586.0,91.69740418779736
21.0,587.0,91.29978848325514
21.0,588.0,90.87221105864498
21.0,589.0,90.4131822763945
21.0,590.0,89.92111132363038
21.0,591.0,89.3943041042396
21.0,592.0,88.8309623338049
21.0,593.0,88.22918319676391
21.0,594.0,87.58696084204888
21.0,595.0,86.90218916839265
21.0,596.0,86.17266737610377
21.0,597.0,85.3961078714748
21.0,598.0,84.57014823969881
21.0,599.0,83.69236704112853
21.0,600.0,82.76030540259606
21.0,601.0,81.77149432195863
21.0,602.0,80.72348986703629
21.0,603.0,79.61391625046278
21.0,604.0,78.44051899011122
21.0,605.0,77.20122791832156
21.0,606.0,75.89423186334369
21.0,607.0,74.51806398201379
21.0,608.0,73.07169844325942
21.0,609.0,71.55465575923739
21.0,610.0,69.9671153133317
21.0,611.0,68.31002963792253
21.0,612.0,66.58523588859137
21.0,613.0,64.79555571173663
21.0,614.0,62.94487586192225
21.0,615.0,61.038198378897555
21.0,616.0,59.08165180173572
21.0,617.0,57.082453458491024
21.0,618.0,55.04881832836619
21.0,619.0,52.989811431761986
21.0,620.0,50.91514880614642
21.0,621.0,48.8349550806025
21.0,622.0,46.759493689305565
21.0,623.0,44.69888657096369
21.0,624.0,42.6628443782558
21.0,625.0,40.660424023968126
21.0,626.0,38.699829644611306
21.0,627.0,36.78826493340112
21.0,628.0,34.931841981555856
21.0,629.0,33.13554348173034
21.0,630.0,31.40323391198367
21.0,631.0,29.737709596666313
21.0,632.0,28.140779283325962
21.0,633.0,26.613363863252875
21.0,634.0,25.155607793694998
21.0,635.0,23.766993196301165
21.0,636.0,22.446452319981795
21.0,637.0,21.192472658832823
21.0,638.0,20.003193555405183
21.0,639.0,18.87649128430335
21.0,640.0,17.810053635958955
21.0,641.0,16.80144263856132
21.0,642.0,15.848147600620289
21.0,643.0,14.947627857522667
21.0,644.0,14.09734782918213
21.0,645.0,13.294803952039228
21.0,646.0,12.537546101908378
21.0,647.0,11.8231929696485
21.0,648.0,11.149443834065462
21.0,649.0,10.51408599328781
21.0,650.0,9.915000079955446
21.0,651.0,9.350162315952147
21.0,652.0,8.817645729089207
21.0,653.0,8.315619216260401
21.0,654.0,7.842346310382773
21.0,655.0,7.396182408228762
21.0,656.0,6.975572190711062
21.0,657.0,6.5790459054980825
21.0,658.0,6.20521615069453
21.0,659.0,5.852773774547677
21.0,660.0,5.520484461809407
21.0,661.0,5.207184591035387
21.0,662.0,4.911777882648725
21.0,663.0,4.633231408852881
21.0,664.0,4.370572445867326
21.0,665.0,4.122884738723343
21.0,666.0,3.8893056269045534
21.0,667.0,3.6690226088820843
21.0,668.0,3.4612707658159985
21.0,669.0,3.265329636385857
21.0,670.0,3.0805209371705766
21.0,671.0,2.906205738819115
21.0,672.0,2.741782467422783
21.0,673.0,2.5866843628169627
21.0,674.0,2.440377738215082
21.0,675.0,2.3023596968299587
21.0,676.0,2.1721566243597503
21.0,677.0,2.049322138856058
21.0,678.0,1.9334357905011361
21.0,679.0,1.824101220273645
21.0,680.0,1.720945042685734
21.0,681.0,1.6236151904064688
21.0,682.0,1.5317799575353435
21.0,683.0,1.4451265093944015
21.0,684.0,1.3633600660833762
21.0,685.0,1.2862025588262043
21.0,686.0,1.213391935742725
21.0,687.0,1.1446809482559162
21.0,688.0,1.0798365630964382
21.0,689.0,1.0186388642517439
21.0,690.0,0.9608805571300106
21.0,691.0,0.9063659733209875
21.0,692.0,0.854910654561612
21.0,693.0,0.8063404491705378
21.0,694.0,0.7604911649779034
21.0,695.0,0.7172077476968082
21.0,696.0,0.6763439933150222
21.0,697.0,0.6377617998914336
21.0,698.0,0.6013309310742845
21.0,699.0,0.566928333876447
21.0,700.0,0.5344379460012564
21.0,701.0,0.503750073075777
21.0,702.0,0.4747612333495767
21.0,703.0,0.44737358866754523
21.0,704.0,0.42149482087591367
21.0,705.0,0.39703761151181954
21.0,706.0,0.373919544919771
21.0,707.0,0.3520626322383785
21.0,708.0,0.33139323681273325
21.0,709.0,0.31184163858211217
21.0,710.0,0.29334197788105565
21.0,711.0,0.2758318567862631
21.0,712.0,0.25925229784158155
21.0,713.0,0.243547379317048
21.0,714.0,0.22866420577915042
21.0,715.0,0.21455257455799917
21.0,716.0,0.2011649554214362
21.0,717.0,0.18845618584440021
21.0,718.0,0.17638345733999378
21.0,719.0,0.16490603738399567
21.0,720.0,0.1539852602131688
21.0,721.0,0.1435842734824489
21.0,722.0,0.13366803156510995
21.0,723.0,0.1242030652145615
21.0,724.0,0.1151574755963224
21.0,725.0,0.10650072539409453
21.0,726.0,0.09820363197309358
21.0,727.0,0.09023817851410006
21.0,728.0,0.08257750485431835
21.0,729.0,0.07519573735593839
21.0,730.0,0.06806797609668078
21.0,731.0,0.061170142283129024
21.0,732.0,0.054478960570437
21.0,733.0,0.04797182291706198
21.0,734.0,0.04162676490340387
21.0,735.0,0.03542234499502433
21.0,736.0,0.029337613804613645
21.0,737.0,0.023352007786489312
21.0,738.0,0.017445310446348273
21.0,739.0,0.011597559531723178
21.0,740.0,0.005788999240345856
21.0,741.0,0.0
22.0,0.0,0.0
22.0,1.0,0.0021145047277442044
22.0,2.0,0.004236155624063811
22.0,3.0,0.006372121811915605
22.0,4.0,0.0085296226489949
22.0,5.0,0.010715946680001788
22.0,6.0,0.012938483566982824
22.0,7.0,0.01520473936761127
22.0,8.0,0.01752237344409128
22.0,9.0,0.019899210404325577
22.0,10.0,0.022343282327019095
22.0,11.0,0.024862837715951144
22.0,12.0,0.02746638939259838
22.0,13.0,0.030162720831861663
22.0,14.0,0.03296094009203751
22.0,15.0,0.03587048392353205
22.0,16.0,0.038901178129620385
22.0,17.0,0.04206323986824506
22.0,18.0,0.04536734486606606
22.0,19.0,0.04882462836780243
22.0,20.0,0.052446759661028824
22.0,21.0,0.0562459421681766
22.0,22.0,0.06023499578090482
22.0,23.0,0.06442735663742934
22.0,24.0,0.06883716781371842
22.0,25.0,0.07347927938396918
22.0,26.0,0.0783693480720984
22.0,27.0,0.08352383825676098
22.0,28.0,0.08896013125150097
22.0,29.0,0.09469652798866818
22.0,30.0,0.10075236867118784
22.0,31.0,0.10714803795319493
22.0,32.0,0.11390509579186187
22.0,33.0,0.12104628603782783
22.0,34.0,0.1285956794132713
22.0,35.0,0.1365786865337535
22.0,36.0,0.14502221405032567
22.0,37.0,0.1539546832479456
22.0,38.0,0.16340620051669943
22.0,39.0,0.17340858281244867
22.0,40.0,0.18399554376731245
22.0,41.0,0.1952027274578984
22.0,42.0,0.20706791163041097
22.0,43.0,0.21963105140323308
22.0,44.0,0.2329345012700741
22.0,45.0,0.24702307056962114
22.0,46.0,0.26194426614397304
22.0,47.0,0.2777483616416595
22.0,48.0,0.2944886629514337
22.0,49.0,0.31222159366945024
22.0,50.0,0.3310069857036513
22.0,51.0,0.35090818353464326
22.0,52.0,0.37199236269669145
22.0,53.0,0.3943306557979431
22.0,54.0,0.4179985019332791
22.0,55.0,0.4430757978053896
22.0,56.0,0.469647281514168
22.0,57.0,0.4978027125365813
22.0,58.0,0.5276372937665279
22.0,59.0,0.5592518845663652
22.0,60.0,0.5927534653959005
22.0,61.0,0.6282553886346232
22.0,62.0,0.6658778906277816
22.0,63.0,0.7057483854799955
22.0,64.0,0.748002029838184
22.0,65.0,0.7927820653443672
22.0,66.0,0.8402404419296592
22.0,67.0,0.8905382150341925
22.0,68.0,0.9438462335351255
22.0,69.0,1.0003455981065354
22.0,70.0,1.0602284200344678
22.0,71.0,1.1236983470555149
22.0,72.0,1.190971399041236
22.0,73.0,1.262276567091418
22.0,74.0,1.3378567311106677
22.0,75.0,1.417969336480837
22.0,76.0,1.5028873964555864
22.0,77.0,1.592900247839307
22.0,78.0,1.6883146372022488
22.0,79.0,1.7894555518015944
22.0,80.0,1.8966673818280195
22.0,81.0,2.010314814043508
22.0,82.0,2.130784051057368
22.0,83.0,2.258483740942864
22.0,84.0,2.393846216637612
22.0,85.0,2.5373284124179194
22.0,86.0,2.689413058689608
22.0,87.0,2.850609501827707
22.0,88.0,3.0214547474110565
22.0,89.0,3.202514048434108
22.0,90.0,3.3943816276052643
22.0,91.0,3.5976808238150513
22.0,92.0,3.8130642344390977
22.0,93.0,4.041213103890574
22.0,94.0,4.282836502770474
22.0,95.0,4.538669498986844
22.0,96.0,4.809470827568614
22.0,97.0,5.096019203028061
22.0,98.0,5.3991087359532415
22.0,99.0,5.719542537529187
22.0,100.0,6.058124931106725
22.0,101.0,6.4156513071539925
22.0,102.0,6.7928960231544195
22.0,103.0,7.1905973815718855
22.0,104.0,7.609440136576143
22.0,105.0,8.050034656568636
22.0,106.0,8.512893372999999
22.0,107.0,8.998403906211381
22.0,108.0,9.506799884882051
22.0,109.0,10.038129351760679
22.0,110.0,10.592222410120769
22.0,111.0,11.168658744291397
22.0,112.0,11.766737486430701
22.0,113.0,12.385450868587336
22.0,114.0,13.02346482921568
22.0,115.0,13.67910844610003
22.0,116.0,14.350375383800726
22.0,117.0,15.034938670079862
22.0,118.0,15.73018076099078
22.0,119.0,16.43323829274547
22.0,120.0,17.141061006831034
22.0,121.0,17.850481483021984
22.0,122.0,18.558292511558268
22.0,123.0,19.26132663286948
22.0,124.0,19.956533509605585
22.0,125.0,20.64104965941173
22.0,126.0,21.312257379601512
22.0,127.0,21.967829498544692
22.0,128.0,22.6057594400135
22.0,129.0,23.22437599887723
22.0,130.0,23.82234478749812
22.0,131.0,24.398657667659005
22.0,132.0,24.95261335571122
22.0,133.0,25.483791073355114
22.0,134.0,25.992020412715895
22.0,135.0,26.477348855284966
22.0,136.0,26.9400094163307
22.0,137.0,27.3803890487022
22.0,138.0,27.798999459864692
22.0,139.0,28.196450235439887
22.0,140.0,28.57342528521893
22.0,141.0,28.93066200297202
22.0,142.0,29.268933769947655
22.0,143.0,29.58903492965769
22.0,144.0,29.891768684092938
22.0,145.0,30.177936944974476
22.0,146.0,30.448332541143483
22.0,147.0,30.70373281879769
22.0,148.0,30.94489505336115
22.0,149.0,31.172552756903876
22.0,150.0,31.387413342634787
22.0,151.0,31.590156290336424
22.0,152.0,31.781432319533184
22.0,153.0,31.9618627715228
22.0,154.0,32.13203974496366
22.0,155.0,32.29252623487867
22.0,156.0,32.44385684742127
22.0,157.0,32.58653837955924
22.0,158.0,32.72105085386547
22.0,159.0,32.84784832863145
22.0,160.0,32.96736008319517
22.0,161.0,33.0799915233408
22.0,162.0,33.186125410096494
22.0,163.0,33.28612277676188
22.0,164.0,33.3803241363076
22.0,165.0,33.46905036072811
22.0,166.0,33.55260382999149
22.0,167.0,33.631269246784626
22.0,168.0,33.70531470785551
22.0,169.0,33.77499244142139
22.0,170.0,33.84053979295575
22.0,171.0,33.90217988129015
22.0,172.0,33.960122497698315
22.0,173.0,34.01456468192862
22.0,174.0,34.06569153738903
22.0,175.0,34.11367673128396
22.0,176.0,34.15868323086137
22.0,177.0,34.20086373336055
22.0,178.0,34.2403613293548
22.0,179.0,34.2773098689257
22.0,180.0,34.3118345586005
22.0,181.0,34.34405227045101
22.0,182.0,34.37407207931541
22.0,183.0,34.40199552165926
22.0,184.0,34.42791707993502
22.0,185.0,34.45192439825952
22.0,186.0,34.4740987211059
22.0,187.0,34.494515073344864
22.0,188.0,34.51324266117803
22.0,189.0,34.530345025058054
22.0,190.0,34.545880412067326
22.0,191.0,34.559901911889675
22.0,192.0,34.572457811936275
22.0,193.0,34.583591729114296
22.0,194.0,34.59334296211841
22.0,195.0,34.60174663541846
22.0,196.0,34.60883406740326
22.0,197.0,34.61463294782506
22.0,198.0,34.619167745781716
22.0,199.0,34.62245994745279
22.0,200.0,34.62452853353525
22.0,201.0,34.62539030930831
22.0,202.0,34.62506048528645
22.0,203.0,34.62355313383048
22.0,204.0,34.62088190581935
22.0,205.0,34.61706064238889
22.0,206.0,34.61210424830158
22.0,207.0,34.60602946669278
22.0,208.0,34.59885589839184
22.0,209.0,34.59060690343251
22.0,210.0,34.58131069747331
22.0,211.0,34.57100127171252
22.0,212.0,34.55971941349605
22.0,213.0,34.547513445222826
22.0,214.0,34.53443992678125
22.0,215.0,34.52056393868473
22.0,216.0,34.50595917866974
22.0,217.0,34.49070751666431
22.0,218.0,34.474898264192596
22.0,219.0,34.45862686955508
22.0,220.0,34.441993353861285
22.0,221.0,34.425100289745444
22.0,222.0,34.40805070220799
22.0,223.0,34.390945764971356
22.0,224.0,34.37388269378981
22.0,225.0,34.35695272131341
22.0,226.0,34.340239510463014
22.0,227.0,34.32381784177137
22.0,228.0,34.30775284481395
22.0,229.0,34.292099541078336
22.0,230.0,34.27690288695253
22.0,231.0,34.26219804008705
22.0,232.0,34.24801099213077
22.0,233.0,34.234359285626965
22.0,234.0,34.22125294823226
22.0,235.0,34.208695384669156
22.0,236.0,34.19668436932043
22.0,237.0,34.185212912939654
22.0,238.0,34.174270159797345
22.0,239.0,34.16384211972602
22.0,240.0,34.15391239987555
22.0,241.0,34.1444627645903
22.0,242.0,34.135473689741026
22.0,243.0,34.12692475683992
22.0,244.0,34.11879504912624
22.0,245.0,34.11106340678972
22.0,246.0,34.10370869586955
22.0,247.0,34.09670995682986
22.0,248.0,34.090046578026424
22.0,249.0,34.08369836740539
22.0,250.0,34.07764565784458
22.0,251.0,34.071869326219584
22.0,252.0,34.06635085196337
22.0,253.0,34.06107230178475
22.0,254.0,34.056016357119546
22.0,255.0,34.05116627756967
22.0,256.0,34.04650590823888
22.0,257.0,34.04201963084277
22.0,258.0,34.03769235835457
22.0,259.0,34.033509479684135
22.0,260.0,34.029456846474226
22.0,261.0,34.02552071507876
22.0,262.0,34.02168772854414
22.0,263.0,34.01794485812373
22.0,264.0,34.01427938225131
22.0,265.0,34.01067882882706
22.0,266.0,34.007130952174954
22.0,267.0,34.003623676678274
22.0,268.0,34.00014507218554
22.0,269.0,33.99668329915496
22.0,270.0,33.99322658264353
22.0,271.0,33.98976315886634
22.0,272.0,33.98628124771197
22.0,273.0,33.982769000486385
22.0,274.0,33.97921447080828
22.0,275.0,33.975605563262675
22.0,276.0,33.971930002525205
22.0,277.0,33.96817528268895
22.0,278.0,33.96432863454722
22.0,279.0,33.96037697548637
22.0,280.0,33.95630687503923
22.0,281.0,33.95210450548362
22.0,282.0,33.947755606098745
22.0,283.0,33.94324543502051
22.0,284.0,33.93855873315128
22.0,285.0,33.933679678472366
22.0,286.0,33.928591851362434
22.0,287.0,33.92327819356125
22.0,288.0,33.91772097786905
22.0,289.0,33.91190177543954
22.0,290.0,33.90580143462711
22.0,291.0,33.899400062445224
22.0,292.0,33.89267701990123
22.0,293.0,33.885610926497186
22.0,294.0,33.878179682947014
22.0,295.0,33.87036051170234
22.0,296.0,33.8621300226128
22.0,297.0,33.85346430766236
22.0,298.0,33.84433907078942
22.0,299.0,33.83472980096221
22.0,300.0,33.82461199332201
22.0,301.0,33.813961430236056
22.0,302.0,33.80275452535637
22.0,303.0,33.790968744741555
22.0,304.0,33.77858310470922
22.0,305.0,33.76557875972264
22.0,306.0,33.75193967301008
22.0,307.0,33.737653377422994
22.0,308.0,33.72271180656154
22.0,309.0,33.70711219087434
22.0,310.0,33.69085797909238
22.0,311.0,33.6739597598884
22.0,312.0,33.65643611950947
22.0,313.0,33.63831438840384
22.0,314.0,33.61963119162468
22.0,315.0,33.60043274461314
22.0,316.0,33.58077480775145
22.0,317.0,33.560722257964784
22.0,318.0,33.540348225213364
22.0,319.0,33.519732807449024
22.0,320.0,33.49896138209971
22.0,321.0,33.47812260694643
22.0,322.0,33.457306204088454
22.0,323.0,33.43660068016115
22.0,324.0,33.41609110981504
22.0,325.0,33.39585713552231
22.0,326.0,33.37597127759736
22.0,327.0,33.35649764699557
22.0,328.0,33.33749107934619
22.0,329.0,33.31899670327553
22.0,330.0,33.301049891476296
22.0,331.0,33.28367655203991
22.0,332.0,33.26689367430995
22.0,333.0,33.25071006981757
22.0,334.0,33.23512722424171
22.0,335.0,33.220140212048506
22.0,336.0,33.20573861106125
22.0,337.0,33.191907390103715
22.0,338.0,33.17862773198487
22.0,339.0,33.16587778433481
22.0,340.0,33.15363332070377
22.0,341.0,33.141868316708496
22.0,342.0,33.13055543686285
22.0,343.0,33.119666442063696
22.0,344.0,33.10917252098318
22.0,345.0,33.099044555385
22.0,346.0,33.089253326788835
22.0,347.0,33.0797696714731
22.0,348.0,33.070564593809266
22.0,349.0,33.06160934032088
22.0,350.0,33.05287544662585
22.0,351.0,33.04433475437446
22.0,352.0,33.0359594127568
22.0,353.0,33.027721856158315
22.0,354.0,33.01959477549521
22.0,355.0,33.01155106917829
22.0,356.0,33.0035637948298
22.0,357.0,32.995606101991626
22.0,358.0,32.98765117117472
22.0,359.0,32.97967213365324
22.0,360.0,32.97164200217386
22.0,361.0,32.96353358096277
22.0,362.0,32.95531939057351
22.0,363.0,32.946971569692
22.0,364.0,32.938461795330774
22.0,365.0,32.92976117696738
22.0,366.0,32.92084017243866
22.0,367.0,32.91166847425075
22.0,368.0,32.90221492097191
22.0,369.0,32.89244737511138
22.0,370.0,32.88233262947688
22.0,371.0,32.87183627577791
22.0,372.0,32.86092260526562
22.0,373.0,32.849554467152664
22.0,374.0,32.83769316288579
22.0,375.0,32.825298293604114
22.0,376.0,32.81232764764276
22.0,377.0,32.79873703662995
22.0,378.0,32.784480176361996
22.0,379.0,32.7695085118725
22.0,380.0,32.75377109279123
22.0,381.0,32.73721438897784
22.0,382.0,32.71978216309309
22.0,383.0,32.70141528043741
22.0,384.0,32.68205158404199
22.0,385.0,32.66162570557349
22.0,386.0,32.640068952253664
22.0,387.0,32.617309130628605
22.0,388.0,32.593270460684025
22.0,389.0,32.56787343166384
22.0,390.0,32.54103476769663
22.0,391.0,32.51266734561124
22.0,392.0,32.48268024923129
22.0,393.0,32.45097879431854
22.0,394.0,32.41746472645224
22.0,395.0,32.38203641874264
22.0,396.0,32.34458929153308
22.0,397.0,32.305016274534466
22.0,398.0,32.26320855486411
22.0,399.0,32.21905642496989
22.0,400.0,32.17245049525738
22.0,401.0,32.123283076732974
22.0,402.0,32.071450016628766
22.0,403.0,32.016852776978496
22.0,404.0,31.959401048096943
22.0,405.0,31.899015657354795
22.0,406.0,31.8356320558738
22.0,407.0,31.769204089359988
22.0,408.0,31.69970829724029
22.0,409.0,31.627148357781223
22.0,410.0,31.551559849252335
22.0,411.0,31.473014821857333
22.0,412.0,31.391626251004045
22.0,413.0,31.307551734097643
22.0,414.0,31.2209964194715
22.0,415.0,31.13221445008227
22.0,416.0,31.041508925758887
22.0,417.0,30.949229728308683
22.0,418.0,30.85576940688725
22.0,419.0,30.76155672350447
22.0,420.0,30.667048427737573
22.0,421.0,30.572719236907847
22.0,422.0,30.47905098864926
22.0,423.0,30.386521224449552
22.0,424.0,30.295592356445535
22.0,425.0,30.20670165732934
22.0,426.0,30.120253077865545
22.0,427.0,30.036610812135976
22.0,428.0,29.95609525466495
22.0,429.0,29.87898085583718
22.0,430.0,29.80549618548298
22.0,431.0,29.73582541831396
22.0,432.0,29.67011139466669
22.0,433.0,29.608459371625333
22.0,434.0,29.550941639757248
22.0,435.0,29.497602163443556
22.0,436.0,29.448461538637005
22.0,437.0,29.403521522273707
22.0,438.0,29.36276956293282
22.0,439.0,29.32618267404938
22.0,440.0,29.293731189214107
22.0,441.0,29.26538179400875
22.0,442.0,29.241100447713396
22.0,443.0,29.220854608657756
22.0,444.0,29.204615420668745
22.0,445.0,29.192359269722793
22.0,446.0,29.184069393440428
22.0,447.0,29.17973693430901
22.0,448.0,29.179362134617957
22.0,449.0,29.182955039832727
22.0,450.0,29.19053641980424
22.0,451.0,29.202138248976684
22.0,452.0,29.217804465635353
22.0,453.0,29.23759132664957
22.0,454.0,29.261568088991606
22.0,455.0,29.289817311523624
22.0,456.0,29.322435520524536
22.0,457.0,29.359533511414632
22.0,458.0,29.401237043173964
22.0,459.0,29.447687178688593
22.0,460.0,29.49904104108005
22.0,461.0,29.555472221630314
22.0,462.0,29.6171716231201
22.0,463.0,29.684347957968217
22.0,464.0,29.757228698647918
22.0,465.0,29.83606068477128
22.0,466.0,29.92111119760158
22.0,467.0,30.01266869248237
22.0,468.0,30.111044012612386
22.0,469.0,30.216571261734796
22.0,470.0,30.329609170995006
22.0,471.0,30.450542125484088
22.0,472.0,30.579781696459907
22.0,473.0,30.717767833438565
22.0,474.0,30.864970571511456
22.0,475.0,31.021891397276516
22.0,476.0,31.18906513635579
22.0,477.0,31.367061495287572
22.0,478.0,31.556487126126036
22.0,479.0,31.757987335649677
22.0,480.0,31.972248309897616
22.0,481.0,32.19999896401543
22.0,482.0,32.44201328651707
22.0,483.0,32.69911227388097
22.0,484.0,32.97216631752783
22.0,485.0,33.26209712128373
22.0,486.0,33.56987999686006
22.0,487.0,33.896545591650266
22.0,488.0,34.24318187170819
22.0,489.0,34.61093538145637
22.0,490.0,35.00101256476991
22.0,491.0,35.41468012368711
22.0,492.0,35.85326514376303
22.0,493.0,36.318153900743404
22.0,494.0,36.81079000109562
22.0,495.0,37.33267069075937
22.0,496.0,37.8853418864174
22.0,497.0,38.470390666459195
22.0,498.0,39.08943566186866
22.0,499.0,39.74411398215752
22.0,500.0,40.43606500703623
22.0,501.0,41.166909603781605
22.0,502.0,41.938225042314755
22.0,503.0,42.75151418418803
22.0,504.0,43.608169295407386
22.0,505.0,44.509429275932355
22.0,506.0,45.45633100190467
22.0,507.0,46.449654139926025
22.0,508.0,47.489860899340954
22.0,509.0,48.57703113903269
22.0,510.0,49.71079558192074
22.0,511.0,50.89026910253923
22.0,512.0,52.11398849754481
22.0,513.0,53.379858387740946
22.0,514.0,54.685111069187144
22.0,515.0,56.026284878892554
22.0,516.0,57.399226904956535
22.0,517.0,58.79912348672374
22.0,518.0,60.220561780513236
22.0,519.0,61.65762192176975
22.0,520.0,63.10399794364028
22.0,521.0,64.55314132598885
22.0,522.0,65.99841984438045
22.0,523.0,67.43328128869024
22.0,524.0,68.85141229232569
22.0,525.0,70.2468818708722
22.0,526.0,71.6142622812183
22.0,527.0,72.94872116261106
22.0,528.0,74.24608300274382
22.0,529.0,75.50285960536795
22.0,530.0,76.71625265975962
22.0,531.0,77.8841320613288
22.0,532.0,79.00499557982296
22.0,533.0,80.07791470224315
22.0,534.0,81.10247217664093
22.0,535.0,82.07869522467016
22.0,536.0,83.00698848359556
22.0,537.0,83.88806901980955
22.0,538.0,84.72290576044364
22.0,539.0,85.51266419330686
22.0,540.0,86.25865733738685
22.0,541.0,86.96230283362516
22.0,542.0,87.62508633156726
22.0,543.0,88.24853051134811
22.0,544.0,88.8341695141943
22.0,545.0,89.38352795999711
22.0,546.0,89.89810419141244
22.0,547.0,90.37935696199722
22.0,548.0,90.82869521123315
22.0,549.0,91.24747027371109
22.0,550.0,91.63697022015953
22.0,551.0,91.99841583359523
22.0,552.0,92.33295797826806
22.0,553.0,92.64167601512187
22.0,554.0,92.92557706627181
22.0,555.0,93.18559591503875
22.0,556.0,93.4225953678349
22.0,557.0,93.63736697771897
22.0,558.0,93.83063195963119
22.0,559.0,94.00304229328178
22.0,560.0,94.15518183083539
22.0,561.0,94.28756748808604
22.0,562.0,94.40065031073188
22.0,563.0,94.49481656729337
22.0,564.0,94.57038862555581
22.0,565.0,94.62762582999488
22.0,566.0,94.66672509591824
22.0,567.0,94.6878214989998
22.0,568.0,94.69098853048922
22.0,569.0,94.67623835492901
22.0,570.0,94.64352169250007
22.0,571.0,94.59272771910804
22.0,572.0,94.52368355668297
22.0,573.0,94.43615380210146
22.0,574.0,94.32983961707518
22.0,575.0,94.20437788247473
22.0,576.0,94.05933988975157
22.0,577.0,93.89423012848523
22.0,578.0,93.70848459447129
22.0,579.0,93.50146923429642
22.0,580.0,93.27247790519112
22.0,581.0,93.02073052553129
22.0,582.0,92.74537075332822
22.0,583.0,92.44546393160932
22.0,584.0,92.11999460285632
22.0,585.0,91.76786440129779
22.0,586.0,91.38788959918672
22.0,587.0,90.97879919523055
22.0,588.0,90.53923280819944
22.0,589.0,90.06773935682446
22.0,590.0,89.56277579360643
22.0,591.0,89.02270698513976
22.0,592.0,88.44580603426475
22.0,593.0,87.83025627184878
22.0,594.0,87.17415426911127
22.0,595.0,86.47551526058612
22.0,596.0,85.73228041344038
22.0,597.0,84.94232752000536
22.0,598.0,84.10348465505427
22.0,599.0,83.21354856919145
22.0,600.0,82.27030745846606
22.0,601.0,81.27157003969573
22.0,602.0,80.215200598643
22.0,603.0,79.09916197261855
22.0,604.0,77.92156597110487
22.0,605.0,76.68073295059635
22.0,606.0,75.37525951035349
22.0,607.0,74.0040952948378
22.0,608.0,72.56662674325369
22.0,609.0,71.0627673607809
22.0,610.0,69.49305050639249
22.0,611.0,67.85872217850313
22.0,612.0,66.16182743401545
22.0,613.0,64.40528564278101
22.0,614.0,62.59294619880916
22.0,615.0,60.729618675953034
22.0,616.0,58.82106897265069
22.0,617.0,56.87397704870531
22.0,618.0,54.895851286083605
22.0,619.0,52.89490057415749
22.0,620.0,50.87986619555578
22.0,621.0,48.859822530579365
22.0,622.0,46.84395622079419
22.0,623.0,44.84133884926699
22.0,624.0,42.8607060894241
22.0,625.0,40.91025840111326
22.0,626.0,38.99749287212831
22.0,627.0,37.12907528647052
22.0,628.0,35.31075441085146
22.0,629.0,33.54731970531476
22.0,630.0,31.842597363080774
22.0,631.0,30.199480430058863
22.0,632.0,28.619984379659577
22.0,633.0,27.105322319931656
22.0,634.0,25.655991243530746
22.0,635.0,24.2718647534441
22.0,636.0,22.952285647568928
22.0,637.0,21.696156115636445
22.0,638.0,20.502021249546907
22.0,639.0,19.368145754963773
22.0,640.0,18.292581369735966
22.0,641.0,17.273226328822627
22.0,642.0,16.307875466914027
22.0,643.0,15.394263069070515
22.0,644.0,14.530097557250208
22.0,645.0,13.713090408168982
22.0,646.0,12.940978514166877
22.0,647.0,12.211542389655275
22.0,648.0,11.522619368564861
22.0,649.0,10.872114075889767
22.0,650.0,10.258005181515903
22.0,651.0,9.678350562931602
22.0,652.0,9.131289741159014
22.0,653.0,8.615045567072665
22.0,654.0,8.12792390027196
22.0,655.0,7.6683131319805975
22.0,656.0,7.234682201886828
22.0,657.0,6.825578861018816
22.0,658.0,6.439626766993178
22.0,659.0,6.075523087226028
22.0,660.0,5.732035156786691
22.0,661.0,5.407997807653432
22.0,662.0,5.102309894971974
22.0,663.0,4.813931590906489
22.0,664.0,4.541880964480125
22.0,665.0,4.285231380356995
22.0,666.0,4.043108237917437
22.0,667.0,3.814686551345107
22.0,668.0,3.599187902425612
22.0,669.0,3.395878237697392
22.0,670.0,3.2040650574143843
22.0,671.0,3.0230954404807084
22.0,672.0,2.852353472602645
22.0,673.0,2.6912584948879497
22.0,674.0,2.5392627629935784
22.0,675.0,2.3958499069880075
22.0,676.0,2.260532807300741
22.0,677.0,2.132852249294907
22.0,678.0,2.0123749990746695
22.0,679.0,1.8986926346044533
22.0,680.0,1.7914198036491507
22.0,681.0,1.6901932131763966
22.0,682.0,1.5946700520687471
22.0,683.0,1.5045271213005447
22.0,684.0,1.4194594050507163
22.0,685.0,1.3391793253449216
22.0,686.0,1.2634154464894958
22.0,687.0,1.1919118392606916
22.0,688.0,1.1244269049792763
22.0,689.0,1.0607328357616468
22.0,690.0,1.0006145459466516
22.0,691.0,0.943869216312621
22.0,692.0,0.8903053218902232
22.0,693.0,0.8397422493497108
22.0,694.0,0.792009411454654
22.0,695.0,0.746945928014344
22.0,696.0,0.7043998183407764
22.0,697.0,0.6642277372361215
22.0,698.0,0.6262942378082041
22.0,699.0,0.5904715549245917
22.0,700.0,0.5566389316250135
22.0,701.0,0.5246824433287133
22.0,702.0,0.4944943818638573
22.0,703.0,0.46597311447221157
22.0,704.0,0.43902252016495524
22.0,705.0,0.41355187823799056
22.0,706.0,0.3894753522702477
22.0,707.0,0.3667119034533881
22.0,708.0,0.3451848180818197
22.0,709.0,0.3248216415210131
22.0,710.0,0.3055537455064795
22.0,711.0,0.28731627903342655
22.0,712.0,0.27004777219251463
22.0,713.0,0.2536901006673313
22.0,714.0,0.2381881231946164
22.0,715.0,0.22348965671140286
22.0,716.0,0.2095451448425588
22.0,717.0,0.19630764105202442
22.0,718.0,0.18373250583617526
22.0,719.0,0.17177739550826915
22.0,720.0,0.16040198601682656
22.0,721.0,0.14956796523343424
22.0,722.0,0.13923878152500127
22.0,723.0,0.12937963762613014
22.0,724.0,0.11995726227613275
22.0,725.0,0.11093990394146076
22.0,726.0,0.1022971239856717
22.0,727.0,0.09399978866765317
22.0,728.0,0.08601988244781766
22.0,729.0,0.07833049682641156
22.0,730.0,0.07090566250421806
22.0,731.0,0.06372033374412461
22.0,732.0,0.05675023820132777
22.0,733.0,0.049971855592245096
22.0,734.0,0.04336228408915068
22.0,735.0,0.03689921216489027
22.0,736.0,0.03056080051127451
22.0,737.0,0.024325645997069583
22.0,738.0,0.0181726781193397
22.0,739.0,0.012081114066792879
22.0,740.0,0.006030368749376173
22.0,741.0,0.0
23.0,0.0,0.0
23.0,1.0,0.0021963083893012194
23.0,2.0,0.004400038313969099
23.0,3.0,0.00661863734505289
23.0,4.0,0.008859600799275674
23.0,5.0,0.011130502435464169
23.0,6.0,0.013439012176025927
23.0,7.0,0.015792931801582467
23.0,8.0,0.018200209027780228
23.0,9.0,0.020668978542539684
23.0,10.0,0.02320757279335675
23.0,11.0,0.025824568723190926
23.0,12.0,0.028528795639513535
23.0,13.0,0.03132938802128374
23.0,14.0,0.03423579086210818
23.0,15.0,0.03725781894222358
23.0,16.0,0.04040566006453433
23.0,17.0,0.04368994121233318
23.0,18.0,0.04712173012903606
23.0,19.0,0.050712608814901854
23.0,20.0,0.054474673939420765
23.0,21.0,0.058420618168994055
23.0,22.0,0.06256372994566893
23.0,23.0,0.06691798318314951
23.0,24.0,0.07149803699751225
23.0,25.0,0.07631933436167443
23.0,26.0,0.08139810243356982
23.0,27.0,0.08675146082003692
23.0,28.0,0.09239742321649087
23.0,29.0,0.09835501600095736
23.0,30.0,0.10464428197746287
23.0,31.0,0.11128641010059959
23.0,32.0,0.11830374220371474
23.0,33.0,0.12571991474504232
23.0,34.0,0.13355986950247836
23.0,35.0,0.14185000833519038
23.0,36.0,0.15061820894063088
23.0,37.0,0.15989399374201005
23.0,38.0,0.16970855193167583
23.0,39.0,0.18009492372642552
23.0,40.0,0.19108803006605413
23.0,41.0,0.2027248736268299
23.0,42.0,0.2150445777065848
23.0,43.0,0.22808860555353286
23.0,44.0,0.2419008101515233
23.0,45.0,0.25652767360852663
23.0,46.0,0.2720183697593676
23.0,47.0,0.2884250255673728
23.0,48.0,0.30580279868868343
23.0,49.0,0.3242101630732532
23.0,50.0,0.34370900388599523
23.0,51.0,0.364364929750527
23.0,52.0,0.3862473876984994
23.0,53.0,0.40943000478123553
23.0,54.0,0.433990726018913
23.0,55.0,0.46001218840988345
23.0,56.0,0.48758188517304474
23.0,57.0,0.5167925755077244
23.0,58.0,0.5477424787591478
23.0,59.0,0.5805357236143839
23.0,60.0,0.6152825761601669
23.0,61.0,0.6520999325264635
23.0,62.0,0.691111585127001
23.0,63.0,0.7324487630543226
23.0,64.0,0.7762504410613086
23.0,65.0,0.8226639322257585
23.0,66.0,0.8718452443898115
23.0,67.0,0.9239597296774743
23.0,68.0,0.9791824930695974
23.0,69.0,1.0376991031638947
23.0,70.0,1.0997060571886141
23.0,71.0,1.1654115567711327
23.0,72.0,1.235036032773114
23.0,73.0,1.308812988521248
23.0,74.0,1.3869895860615358
23.0,75.0,1.4698275569132022
23.0,76.0,1.557603848211887
23.0,77.0,1.6506115969927644
23.0,78.0,1.7491608295141596
23.0,79.0,1.853579488501595
23.0,80.0,1.9642141706809857
23.0,81.0,2.0814311860798154
23.0,82.0,2.205617305967642
23.0,83.0,2.3371808174481066
23.0,84.0,2.4765522345173028
23.0,85.0,2.6241852873434266
23.0,86.0,2.7805575201659214
23.0,87.0,2.9461711195777545
23.0,88.0,3.1215532807908435
23.0,89.0,3.3072567287746617
23.0,90.0,3.503859674501253
23.0,91.0,3.711965812194846
23.0,92.0,3.932203604738542
23.0,93.0,4.1652254450372865
23.0,94.0,4.411705901100055
23.0,95.0,4.672339607433949
23.0,96.0,4.947837965813999
23.0,97.0,5.238925188118766
23.0,98.0,5.54633279876258
23.0,99.0,5.870793102050819
23.0,100.0,6.213030696552286
23.0,101.0,6.573752532563229
23.0,102.0,6.953635590705774
23.0,103.0,7.3533127144689105
23.0,104.0,7.773355737128154
23.0,105.0,8.21425656061739
23.0,106.0,8.676405503329066
23.0,107.0,9.160067837317191
23.0,108.0,9.665358169337523
23.0,109.0,10.1922140216549
23.0,110.0,10.74036877495012
23.0,111.0,11.309325905965352
23.0,112.0,11.898335270651593
23.0,113.0,12.506373918193146
23.0,114.0,13.132132604578874
23.0,115.0,13.774010685453323
23.0,116.0,14.430120409843246
23.0,117.0,15.098302726280247
23.0,118.0,15.77615457561342
23.0,119.0,16.46106828406718
23.0,120.0,17.15028118381216
23.0,121.0,17.8409340838774
23.0,122.0,18.53013484799122
23.0,123.0,19.21502424434632
23.0,124.0,19.89283952331832
23.0,125.0,20.560972888072982
23.0,126.0,21.217021114767686
23.0,127.0,21.858824944996684
23.0,128.0,22.484496377980097
23.0,129.0,23.092434475760825
23.0,130.0,23.681329656041413
23.0,131.0,24.250158583787773
23.0,132.0,24.798170683628047
23.0,133.0,25.324868952296413
23.0,134.0,25.82998624030372
23.0,135.0,26.31345948765396
23.0,136.0,26.775402664942884
23.0,137.0,27.216080351869696
23.0,138.0,27.63588211610476
23.0,139.0,28.03529904780803
23.0,140.0,28.414902104853837
23.0,141.0,28.775323188602687
23.0,142.0,29.117238267797436
23.0,143.0,29.441353207557682
23.0,144.0,29.748391444454477
23.0,145.0,30.03908403994494
23.0,146.0,30.314161190661093
23.0,147.0,30.57434569121099
23.0,148.0,30.8203474318999
23.0,149.0,31.052859436438737
23.0,150.0,31.27255455729887
23.0,151.0,31.480083361350836
23.0,152.0,31.676072368741746
23.0,153.0,31.861123207811897
23.0,154.0,32.035811893410774
23.0,155.0,32.200688816938595
23.0,156.0,32.356278694507864
23.0,157.0,32.50308108003258
23.0,158.0,32.64157072229973
23.0,159.0,32.77219838427218
23.0,160.0,32.89539143055438
23.0,161.0,33.01155480666556
23.0,162.0,33.12107173828513
23.0,163.0,33.224304774706575
23.0,164.0,33.32159652343634
23.0,165.0,33.413270697114896
23.0,166.0,33.499632836024574
23.0,167.0,33.58097132160015
23.0,168.0,33.65755805888759
23.0,169.0,33.72964943563536
23.0,170.0,33.79748694958649
23.0,171.0,33.86129810249585
23.0,172.0,33.92129696542495
23.0,173.0,33.977685003642925
23.0,174.0,34.03065157832102
23.0,175.0,34.0803747023992
23.0,176.0,34.127021480292534
23.0,177.0,34.170748797314495
23.0,178.0,34.211703700938806
23.0,179.0,34.250024027871376
23.0,180.0,34.28583873156577
23.0,181.0,34.319268451955125
23.0,182.0,34.35042579465843
23.0,183.0,34.37941584903159
23.0,184.0,34.40633642509551
23.0,185.0,34.43127852618181
23.0,186.0,34.454326550281124
23.0,187.0,34.475558724347444
23.0,188.0,34.49504727770062
23.0,189.0,34.512858846203315
23.0,190.0,34.52905462673961
23.0,191.0,34.543690761170055
23.0,192.0,34.556818482921756
23.0,193.0,34.568484493015845
23.0,194.0,34.578731112570246
23.0,195.0,34.5875966663588
23.0,196.0,34.59511565854621
23.0,197.0,34.601319183062486
23.0,198.0,34.60623514387293
23.0,199.0,34.609888715407315
23.0,200.0,34.61230263226582
23.0,201.0,34.61349772575593
23.0,202.0,34.613493309337386
23.0,203.0,34.61230781653277
23.0,204.0,34.60995930441832
23.0,205.0,34.60646620978414
23.0,206.0,34.60184797881428
23.0,207.0,34.59612593702009
23.0,208.0,34.58932402335774
23.0,209.0,34.58146973005345
23.0,210.0,34.57259487020351
23.0,211.0,34.56273648551792
23.0,212.0,34.55193751202024
23.0,213.0,34.5402474877075
23.0,214.0,34.52772292049617
23.0,215.0,34.514427582450956
23.0,216.0,34.500432365159405
23.0,217.0,34.485814966161676
23.0,218.0,34.470659083423875
23.0,219.0,34.4550534183855
23.0,220.0,34.43909022939937
23.0,221.0,34.422863780949896
23.0,222.0,34.40646849581841
23.0,223.0,34.389997185376394
23.0,224.0,34.37353919978394
23.0,225.0,34.35717886159533
23.0,226.0,34.3409940132299
23.0,227.0,34.32505498866672
23.0,228.0,34.30942379774013
23.0,229.0,34.294153765219825
23.0,230.0,34.27928937145236
23.0,231.0,34.26486648285312
23.0,232.0,34.250912700072234
23.0,233.0,34.23744798500185
23.0,234.0,34.22448530100565
23.0,235.0,34.21203142241972
23.0,236.0,34.200087670188395
23.0,237.0,34.18865073502681
23.0,238.0,34.177713372106595
23.0,239.0,34.167265134909776
23.0,240.0,34.15729295685252
23.0,241.0,34.14778175077173
23.0,242.0,34.138714854380446
23.0,243.0,34.13007448953675
23.0,244.0,34.12184207810451
23.0,245.0,34.113998576292346
23.0,246.0,34.10652468142298
23.0,247.0,34.099401064785276
23.0,248.0,34.09260849355633
23.0,249.0,34.086127986139985
23.0,250.0,34.07994087180585
23.0,251.0,34.074028889394015
23.0,252.0,34.068374203335594
23.0,253.0,34.06295946234426
23.0,254.0,34.05776778617466
23.0,255.0,34.05278279677167
23.0,256.0,34.04798858625982
23.0,257.0,34.043369729512975
23.0,258.0,34.03891124074319
23.0,259.0,34.0345985737129
23.0,260.0,34.03041757191806
23.0,261.0,34.02635446062937
23.0,262.0,34.02239579393588
23.0,263.0,34.01852844134353
23.0,264.0,34.01473953372535
23.0,265.0,34.01101644618976
23.0,266.0,34.00734674414456
23.0,267.0,34.00371816345783
23.0,268.0,34.00011855728194
23.0,269.0,33.99653587407603
23.0,270.0,33.992958105475665
23.0,271.0,33.989373262462664
23.0,272.0,33.985769324352
23.0,273.0,33.98213421323929
23.0,274.0,33.97845574407593
23.0,275.0,33.97472159747205
23.0,276.0,33.97091927082753
23.0,277.0,33.96703604961153
23.0,278.0,33.963058959610706
23.0,279.0,33.95897473695245
23.0,280.0,33.95476978173909
23.0,281.0,33.950430127355276
23.0,282.0,33.94594139611023
23.0,283.0,33.941288768814005
23.0,284.0,33.93645694360291
23.0,285.0,33.93143010744888
23.0,286.0,33.92619190017387
23.0,287.0,33.92072539056135
23.0,288.0,33.915013048776856
23.0,289.0,33.90903673119768
23.0,290.0,33.90277766617524
23.0,291.0,33.89621645372248
23.0,292.0,33.88933307191663
23.0,293.0,33.88210690031171
23.0,294.0,33.874516757392435
23.0,295.0,33.8665409600737
23.0,296.0,33.85815740646609
23.0,297.0,33.84934368795891
23.0,298.0,33.84007723585062
23.0,299.0,33.83033550675513
23.0,300.0,33.82009621553289
23.0,301.0,33.809337617835574
23.0,302.0,33.79803885343481
23.0,303.0,33.78618034917037
23.0,304.0,33.7737442930109
23.0,305.0,33.760715172493974
23.0,306.0,33.74708038589925
23.0,307.0,33.73283091010698
23.0,308.0,33.71796202555673
23.0,309.0,33.70247406821562
23.0,310.0,33.68637319596024
23.0,311.0,33.669672121404815
23.0,312.0,33.65239078306442
23.0,313.0,33.63455688989893
23.0,314.0,33.61620630027675
23.0,315.0,33.59738316386325
23.0,316.0,33.5781397925573
23.0,317.0,33.55853620443729
23.0,318.0,33.538639337433274
23.0,319.0,33.518521918920335
23.0,320.0,33.49826104117766
23.0,321.0,33.47793648543688
23.0,322.0,33.4576288981493
23.0,323.0,33.437417903718995
23.0,324.0,33.4173802802179
23.0,325.0,33.39758828242843
23.0,326.0,33.37810821563773
23.0,327.0,33.358999303207916
23.0,328.0,33.34031289744515
23.0,329.0,33.322092020481925
23.0,330.0,33.304371231229176
23.0,331.0,33.28717676312478
23.0,332.0,33.27052689787114
23.0,333.0,33.254432504714195
23.0,334.0,33.23889770505964
23.0,335.0,33.22392059884925
23.0,336.0,33.20949402297643
23.0,337.0,33.19560629553853
23.0,338.0,33.18224193129119
23.0,339.0,33.1693823004341
23.0,340.0,33.15700622860066
23.0,341.0,33.145090524758274
23.0,342.0,33.13361044224261
23.0,343.0,33.12254006956919
23.0,344.0,33.111852658703356
23.0,345.0,33.101520893720995
23.0,346.0,33.091517106431894
23.0,347.0,33.0818134459807
23.0,348.0,33.07238200567458
23.0,349.0,33.06319491713958
23.0,350.0,33.054224410510585
23.0,351.0,33.04544285365457
23.0,352.0,33.036822763963826
23.0,353.0,33.02833680888352
23.0,354.0,33.019957783219986
23.0,355.0,33.01165858304157
23.0,356.0,33.003412158525265
23.0,357.0,32.99519146977067
23.0,358.0,32.986969422055516
23.0,359.0,32.978718809338346
23.0,360.0,32.970412236391
23.0,361.0,32.96202205370695
23.0,362.0,32.95352026922254
23.0,363.0,32.94487847686992
23.0,364.0,32.936067759356376
23.0,365.0,32.927058611573855
23.0,366.0,32.91782083505727
23.0,367.0,32.908323456778106
23.0,368.0,32.89853461535415
23.0,369.0,32.8884214753362
23.0,370.0,32.8779501049317
23.0,371.0,32.86708538569429
23.0,372.0,32.85579088142379
23.0,373.0,32.84402874317538
23.0,374.0,32.83175956911043
23.0,375.0,32.81894230497639
23.0,376.0,32.80553409504627
23.0,377.0,32.79149017874021
23.0,378.0,32.776763733487115
23.0,379.0,32.761305769070155
23.0,380.0,32.74506496440625
23.0,381.0,32.72798756266706
23.0,382.0,32.710017205803815
23.0,383.0,32.69109483576727
23.0,384.0,32.67115853339917
23.0,385.0,32.6501434344941
23.0,386.0,32.62798158383748
23.0,387.0,32.60460187988365
23.0,388.0,32.57992996077046
23.0,389.0,32.55388819862035
23.0,390.0,32.52639564294605
23.0,391.0,32.49736809569331
23.0,392.0,32.466718149256415
23.0,393.0,32.43435538701651
23.0,394.0,32.40018656874109
23.0,395.0,32.36411601884221
23.0,396.0,32.326046031181875
23.0,397.0,32.28587752794992
23.0,398.0,32.24351077736733
23.0,399.0,32.19884642730739
23.0,400.0,32.15178664881289
23.0,401.0,32.102236663975695
23.0,402.0,32.05010643651056
23.0,403.0,31.995312810678126
23.0,404.0,31.937781851373867
23.0,405.0,31.877451670023472
23.0,406.0,31.81427544691495
23.0,407.0,31.748224914219445
23.0,408.0,31.679293944806833
23.0,409.0,31.60750246641282
23.0,410.0,31.532900256057797
23.0,411.0,31.45557076972722
23.0,412.0,31.375634460187783
23.0,413.0,31.293251677136077
23.0,414.0,31.208624524593265
23.0,415.0,31.121997760414676
23.0,416.0,31.033658115305087
23.0,417.0,30.94393221608576
23.0,418.0,30.853182621435312
23.0,419.0,30.761802387791704
23.0,420.0,30.670207918490835
23.0,421.0,30.57883081738095
23.0,422.0,30.48810874802459
23.0,423.0,30.39847624733933
23.0,424.0,30.31035558978441
23.0,425.0,30.2241486704608
23.0,426.0,30.140229869345408
23.0,427.0,30.05894067641517
23.0,428.0,29.980585753020833
23.0,429.0,29.905430944617823
23.0,430.0,29.83370263666858
23.0,431.0,29.765588774624543
23.0,432.0,29.701240770478627
23.0,433.0,29.6407765554347
23.0,434.0,29.584283960481322
23.0,435.0,29.531824731969284
23.0,436.0,29.48343840404646
23.0,437.0,29.439146433733313
23.0,438.0,29.398955885022477
23.0,439.0,29.362863169784283
23.0,440.0,29.330857185036557
23.0,441.0,29.302922436024083
23.0,442.0,29.279041513690544
23.0,443.0,29.25919757279808
23.0,444.0,29.24337618556132
23.0,445.0,29.231567253875355
23.0,446.0,29.223766345281224
23.0,447.0,29.219976159694166
23.0,448.0,29.22020747317544
23.0,449.0,29.2244802827946
23.0,450.0,29.232824475923046
23.0,451.0,29.245280762031484
23.0,452.0,29.261901166411235
23.0,453.0,29.282749837090517
23.0,454.0,29.3079034410807
23.0,455.0,29.3374519145704
23.0,456.0,29.3714988212477
23.0,457.0,29.410162097146987
23.0,458.0,29.45357441577231
23.0,459.0,29.501883966040104
23.0,460.0,29.555254857856355
23.0,461.0,29.613867962174
23.0,462.0,29.677921382782852
23.0,463.0,29.74763138088307
23.0,464.0,29.82323293337336
23.0,465.0,29.90498075976029
23.0,466.0,29.993149983418263
23.0,467.0,30.08803727537228
23.0,468.0,30.189961632140534
23.0,469.0,30.299265648251293
23.0,470.0,30.416316421676157
23.0,471.0,30.54150696416994
23.0,472.0,30.675257242228763
23.0,473.0,30.818015730688863
23.0,474.0,30.970260592730064
23.0,475.0,31.1325013766538
23.0,476.0,31.305280331568298
23.0,477.0,31.489174238567035
23.0,478.0,31.684795847819963
23.0,479.0,31.89279582164523
23.0,480.0,32.11386426159629
23.0,481.0,32.34873271955104
23.0,482.0,32.59817575692704
23.0,483.0,32.86301294723397
23.0,484.0,33.14411036944537
23.0,485.0,33.44238247641293
23.0,486.0,33.75879336480199
23.0,487.0,34.09435831160556
23.0,488.0,34.45014457626813
23.0,489.0,34.827272303748735
23.0,490.0,35.22691449123736
23.0,491.0,35.650296811004104
23.0,492.0,36.09869620456747
23.0,493.0,36.57343898263702
23.0,494.0,37.075897286070266
23.0,495.0,37.60748456908518
23.0,496.0,38.169648889670775
23.0,497.0,38.76386458498149
23.0,498.0,39.39162104522889
23.0,499.0,40.05440908503074
23.0,500.0,40.75370357566476
23.0,501.0,41.49094279501862
23.0,502.0,42.267503173782366
23.0,503.0,43.08466994649673
23.0,504.0,43.943602538395034
23.0,505.0,44.84529542895458
23.0,506.0,45.79053371091309
23.0,507.0,46.77984460151695
23.0,508.0,47.813444844217805
23.0,509.0,48.89118612778813
23.0,510.0,50.012499531762444
23.0,511.0,51.176342285343495
23.0,512.0,52.38114908564386
23.0,513.0,53.62479237264627
23.0,514.0,54.904554693522876
23.0,515.0,56.21711792610268
23.0,516.0,57.55857221924483
23.0,517.0,58.924448223001406
23.0,518.0,60.309773340129716
23.0,519.0,61.70915246171536
23.0,520.0,63.11687014768806
23.0,521.0,64.52701059062014
23.0,522.0,65.93358850470281
23.0,523.0,67.33068424960615
23.0,524.0,68.71257471415855
23.0,525.0,70.07385323918069
23.0,526.0,71.40953178193008
23.0,527.0,72.71512156945917
23.0,528.0,73.98668932273709
23.0,529.0,75.2208893625702
23.0,530.0,76.41497251035005
23.0,531.0,77.56677514427324
23.0,532.0,78.67469151050256
23.0,533.0,79.73763378648171
23.0,534.0,80.75498333078694
23.0,535.0,81.72653718421265
23.0,536.0,82.6524524294696
23.0,537.0,83.533191304118
23.0,538.0,84.36946849659728
23.0,539.0,85.16220230030301
23.0,540.0,85.91247004395841
23.0,541.0,86.62146854390292
23.0,542.0,87.29047933573466
23.0,543.0,87.9208388563839
23.0,544.0,88.51391300440764
23.0,545.0,89.07107595906717
23.0,546.0,89.59369259122444
23.0,547.0,90.08310423711576
23.0,548.0,90.54061720999292
23.0,549.0,90.96749380575694
23.0,550.0,91.36494528405751
23.0,551.0,91.73412660333953
23.0,552.0,92.07613251846489
23.0,553.0,92.39199484706337
23.0,554.0,92.68268063852298
23.0,555.0,92.9490910699417
23.0,556.0,93.19206091709421
23.0,557.0,93.41235842850757
23.0,558.0,93.6106855515883
23.0,559.0,93.78767832834647
23.0,560.0,93.94390749846211
23.0,561.0,94.07987910448706
23.0,562.0,94.1960352159521
23.0,563.0,94.2927545348516
23.0,564.0,94.37035307092515
23.0,565.0,94.42908460979056
23.0,566.0,94.46914122870486
23.0,567.0,94.49065353856497
23.0,568.0,94.49369096964456
23.0,569.0,94.47826173187238
23.0,570.0,94.44431282749936
23.0,571.0,94.39172969711196
23.0,572.0,94.32033593580309
23.0,573.0,94.22989260965693
23.0,574.0,94.12009766774136
23.0,575.0,93.99058492898388
23.0,576.0,93.84092319766619
23.0,577.0,93.67061493712266
23.0,578.0,93.4790951148777
23.0,579.0,93.26572960108662
23.0,580.0,93.02981379494774
23.0,581.0,92.77057081662329
23.0,582.0,92.48715000398157
23.0,583.0,92.17862501246007
23.0,584.0,91.84399232694321
23.0,585.0,91.4821694520053
23.0,586.0,91.09199366621633
23.0,587.0,90.67222058499968
23.0,588.0,90.22152350466278
23.0,589.0,89.73849276368233
23.0,590.0,89.22163619426496
23.0,591.0,88.66937990891718
23.0,592.0,88.08007061215189
23.0,593.0,87.45197871066905
23.0,594.0,86.78330354760315
23.0,595.0,86.07218008279177
23.0,596.0,85.31668849557893
23.0,597.0,84.51486609390312
23.0,598.0,83.66472315972113
23.0,599.0,82.76426216887668
23.0,600.0,81.81150214033775
23.0,601.0,80.80450755539039
23.0,602.0,79.74142363704661
23.0,603.0,78.62051730126183
23.0,604.0,77.44022541579471
23.0,605.0,76.19920929775802
23.0,606.0,74.89641660516939
23.0,607.0,73.53114877834206
23.0,608.0,72.10313424612144
23.0,609.0,70.61260428464053
23.0,610.0,69.06037031626988
23.0,611.0,67.44789786478239
23.0,612.0,65.7773742968839
23.0,613.0,64.05176396310969
23.0,614.0,62.274846697783325
23.0,615.0,60.45123271213302
23.0,616.0,58.58635028385398
23.0,617.0,56.68640087729481
23.0,618.0,54.75828111300553
23.0,619.0,52.80947047759755
23.0,620.0,50.847889492770015
23.0,621.0,48.88173289940163
23.0,622.0,46.91928794296968
23.0,623.0,44.968746458909095
23.0,624.0,43.038023153760186
23.0,625.0,41.13458875871927
23.0,626.0,39.26532818571343
23.0,627.0,37.43642817592545
23.0,628.0,35.653299247292956
23.0,629.0,33.92053072205866
23.0,630.0,32.24187838448541
23.0,631.0,30.620279249264392
23.0,632.0,29.057890018834474
23.0,633.0,27.556142066453887
23.0,634.0,26.115809122998723
23.0,635.0,24.737081039853003
23.0,636.0,23.419641019410918
23.0,637.0,22.162741245466382
23.0,638.0,20.96527600531907
23.0,639.0,19.825848864736795
23.0,640.0,18.742834457356278
23.0,641.0,17.714432675413807
23.0,642.0,16.738716805700644
23.0,643.0,15.81367413084878
23.0,644.0,14.93724106191258
23.0,645.0,14.107331661374182
23.0,646.0,13.321861817994016
23.0,647.0,12.578768020623194
23.0,648.0,11.876022997527333
23.0,649.0,11.21164712542972
23.0,650.0,10.583717789790224
23.0,651.0,9.99037550636213
23.0,652.0,9.429828871173687
23.0,653.0,8.900357048048823
23.0,654.0,8.400311748336271
23.0,655.0,7.928117324942435
23.0,656.0,7.482270837540532
23.0,657.0,7.0613406448295155
23.0,658.0,6.663965300455901
23.0,659.0,6.288851263043676
23.0,660.0,5.934771132527084
23.0,661.0,5.600560895767386
23.0,662.0,5.2851178418026485
23.0,663.0,4.9873976166761915
23.0,664.0,4.706412035532784
23.0,665.0,4.441226120035281
23.0,666.0,4.190955942403947
23.0,667.0,3.954765750679028
23.0,668.0,3.731865924113017
23.0,669.0,3.5215102462031687
23.0,670.0,3.322994014177426
23.0,671.0,3.1356514901796033
23.0,672.0,2.9588541839762486
23.0,673.0,2.792008493883009
23.0,674.0,2.63455416701915
23.0,675.0,2.485962129968262
23.0,676.0,2.3457331219658424
23.0,677.0,2.213395708442668
23.0,678.0,2.08850507742676
23.0,679.0,1.970641225359286
23.0,680.0,1.8594079043597933
23.0,681.0,1.7544309679153256
23.0,682.0,1.6553574555855846
23.0,683.0,1.5618540856046004
23.0,684.0,1.4736064634888244
23.0,685.0,1.3903177087705119
23.0,686.0,1.3117077744239471
23.0,687.0,1.2375121955550163
23.0,688.0,1.1674815073258211
23.0,689.0,1.1013801042537994
23.0,690.0,1.038985745232357
23.0,691.0,0.9800885130185317
23.0,692.0,0.9244903959171894
23.0,693.0,0.8720043379808614
23.0,694.0,0.8224538878873713
23.0,695.0,0.7756723312931494
23.0,696.0,0.7315023983541957
23.0,697.0,0.6897954705393532
23.0,698.0,0.6504113391038311
23.0,699.0,0.6132174794688919
23.0,700.0,0.5780888537474906
23.0,701.0,0.5449072465268733
23.0,702.0,0.5135611052651637
23.0,703.0,0.48394493197353733
23.0,704.0,0.4559591559524157
23.0,705.0,0.42950957646298776
23.0,706.0,0.4045072628556835
23.0,707.0,0.38086804385114714
23.0,708.0,0.3585124306365227
23.0,709.0,0.33736514884846636
23.0,710.0,0.31735508067954193
23.0,711.0,0.2984148360755931
23.0,712.0,0.2804807103102702
23.0,713.0,0.2634922912810465
23.0,714.0,0.24739242937942693
23.0,715.0,0.23212687809877336
23.0,716.0,0.2176442733556024
23.0,717.0,0.2038958049125067
23.0,718.0,0.19083520259626774
23.0,719.0,0.17841843629444426
23.0,720.0,0.1666037067725504
23.0,721.0,0.1553511722268436
23.0,722.0,0.144622941628893
23.0,723.0,0.13438282601286874
23.0,724.0,0.12459633247442252
23.0,725.0,0.11523043854111181
23.0,726.0,0.10625358512625913
23.0,727.0,0.09763547247845449
23.0,728.0,0.08934705054224706
23.0,729.0,0.08136033510905645
23.0,730.0,0.07364839416717957
23.0,731.0,0.06618518298371198
23.0,732.0,0.058945525138149046
23.0,733.0,0.051904965354611365
23.0,734.0,0.04503974400775386
23.0,735.0,0.038326666597996786
23.0,736.0,0.03174307059676632
23.0,737.0,0.025266710515618712
23.0,738.0,0.01887571602104112
23.0,739.0,0.012548491592171258
23.0,740.0,0.0062636648843036775
23.0,741.0,0.0
24.0,0.0,0.0
24.0,1.0,0.002275078769323019
24.0,2.0,0.004557845261181325
24.0,3.0,0.006856011871993504
24.0,4.0,0.009177345000160179
24.0,5.0,0.011529685412460517
24.0,6.0,0.013920982573223743
24.0,7.0,0.016359311054467716
24.0,8.0,0.01885291021776082
24.0,9.0,0.021410197028517663
24.0,10.0,0.024039811451623625
24.0,11.0,0.02675062604429221
24.0,12.0,0.029551797440797035
24.0,13.0,0.032452773117266714
24.0,14.0,0.035463349360145564
24.0,15.0,0.03859367562049574
24.0,16.0,0.041854319385338935
24.0,17.0,0.04525626856875807
24.0,18.0,0.04881100373537427
24.0,19.0,0.052530499011164945
24.0,20.0,0.05642730214439045
24.0,21.0,0.06051453446101539
24.0,22.0,0.06480597929087709
24.0,23.0,0.06931608154142892
24.0,24.0,0.07406004506637438
24.0,25.0,0.07905383248773867
24.0,26.0,0.08431427214119265
24.0,27.0,0.08985905884087388
24.0,28.0,0.09570687110089099
24.0,29.0,0.101877373610612
24.0,30.0,0.10839134550615079
24.0,31.0,0.1152706854068514
24.0,32.0,0.12253855159477606
24.0,33.0,0.13021937055675098
24.0,34.0,0.13833899002493555
24.0,35.0,0.14692469207403763
24.0,36.0,0.15600536008294655
24.0,37.0,0.16561149755460738
24.0,38.0,0.175775410178489
24.0,39.0,0.1865312316721834
24.0,40.0,0.19791512225820318
24.0,41.0,0.20996530297267868
24.0,42.0,0.22272227201863246
24.0,43.0,0.23622884914912004
24.0,44.0,0.25053041152356165
24.0,45.0,0.2656749499510392
24.0,46.0,0.2817133260570346
24.0,47.0,0.298699342367689
24.0,48.0,0.31669002279145725
24.0,49.0,0.33574569873663046
24.0,50.0,0.3559303151251726
24.0,51.0,0.37731153496231495
24.0,52.0,0.399961073326071
24.0,53.0,0.42395482304616106
24.0,54.0,0.4493732193481921
24.0,55.0,0.4763013895439173
24.0,56.0,0.5048295512464179
24.0,57.0,0.5350531892151562
24.0,58.0,0.5670734902854665
24.0,59.0,0.6009975507344908
24.0,60.0,0.6369388512653629
24.0,61.0,0.6750174984394912
24.0,62.0,0.7153607431925991
24.0,63.0,0.758103259977238
24.0,64.0,0.8033877123177752
24.0,65.0,0.8513650732670961
24.0,66.0,0.9021952413602453
24.0,67.0,0.9560474057246291
24.0,68.0,1.0131007153616887
24.0,69.0,1.0735446916316251
24.0,70.0,1.1375799529222301
24.0,71.0,1.2054186760663455
24.0,72.0,1.2772853769152774
24.0,73.0,1.3534174202595393
24.0,74.0,1.4340658542724862
24.0,75.0,1.5194959652842075
24.0,76.0,1.609988160008476
24.0,77.0,1.7058385564777148
24.0,78.0,1.8073599017101447
24.0,79.0,1.9148821824135531
24.0,80.0,2.0287535562972066
24.0,81.0,2.1493409546224673
24.0,82.0,2.277030991341197
24.0,83.0,2.4122305126098245
24.0,84.0,2.5553674274895135
24.0,85.0,2.7068911350243736
24.0,86.0,2.8672731909656224
24.0,87.0,3.0370075082640433
24.0,88.0,3.216610733248203
24.0,89.0,3.40662206726802
24.0,90.0,3.607603169746216
24.0,91.0,3.820137384092443
24.0,92.0,4.044828911253708
24.0,93.0,4.28230113981031
24.0,94.0,4.533194741242337
24.0,95.0,4.798164703476506
24.0,96.0,5.077876892188328
24.0,97.0,5.373003277358323
24.0,98.0,5.684216397742834
24.0,99.0,6.0121821731871306
24.0,100.0,6.35755163390376
24.0,101.0,6.720950671828925
24.0,102.0,7.102968411919463
24.0,103.0,7.504143350110725
24.0,104.0,7.924947945007371
24.0,105.0,8.365770930007885
24.0,106.0,8.8268982163952
24.0,107.0,9.30849188473265
24.0,108.0,9.810568438324998
24.0,109.0,10.332976168804745
24.0,110.0,10.87537321847528
24.0,111.0,11.437206617767046
24.0,112.0,12.017694309163309
24.0,113.0,12.615810794401888
24.0,114.0,13.230278657522572
24.0,115.0,13.859566640008046
24.0,116.0,14.501896302000702
24.0,117.0,15.15525740653595
24.0,118.0,15.817433192320793
24.0,119.0,16.486034496831746
24.0,120.0,17.15854251006304
24.0,121.0,17.832357665133316
24.0,122.0,18.50485310952491
24.0,123.0,19.173429234102354
24.0,124.0,19.83556714419463
24.0,125.0,20.488877549949105
24.0,126.0,21.1311435196073
24.0,127.0,21.760354602092495
24.0,128.0,22.374732098996322
24.0,129.0,22.9727444480347
24.0,130.0,23.55311388314607
24.0,131.0,24.11481450857347
24.0,132.0,24.65706382045679
24.0,133.0,25.179308352674756
24.0,134.0,25.681205698965822
24.0,135.0,26.162603548699124
24.0,136.0,26.62351774704651
24.0,137.0,27.064109658528114
24.0,138.0,27.484664417916054
24.0,139.0,27.88556991919829
24.0,140.0,28.267297715701815
24.0,141.0,28.630385329351913
24.0,142.0,28.975420838957376
24.0,143.0,29.303029014821607
24.0,144.0,29.61385968616332
24.0,145.0,29.908577488589557
24.0,146.0,30.18785358898956
24.0,147.0,30.45235849336544
24.0,148.0,30.702756506367628
24.0,149.0,30.93970095269948
24.0,150.0,31.16383073288469
24.0,151.0,31.37576735091516
24.0,152.0,31.576113003329002
24.0,153.0,31.765448902573404
24.0,154.0,31.944334443652252
24.0,155.0,32.11330642237781
24.0,156.0,32.27287893073833
24.0,157.0,32.42354316984603
24.0,158.0,32.56576781757765
24.0,159.0,32.69999921922673
24.0,160.0,32.826662044758464
24.0,161.0,32.94615970478473
24.0,162.0,33.05887517078257
24.0,163.0,33.165171512119144
24.0,164.0,33.2653927936151
24.0,165.0,33.35986466409684
24.0,166.0,33.44889527496398
24.0,167.0,33.53277587526808
24.0,168.0,33.61178171540299
24.0,169.0,33.686172620686555
24.0,170.0,33.75619385834103
24.0,171.0,33.82207667311559
24.0,172.0,33.88403910522111
24.0,173.0,33.94228647928639
24.0,174.0,33.99701216724149
24.0,175.0,34.048398027032775
24.0,176.0,34.09661510861816
24.0,177.0,34.14182404222863
24.0,178.0,34.18417568837019
24.0,179.0,34.22381147762544
24.0,180.0,34.260864007369044
24.0,181.0,34.29545733659327
24.0,182.0,34.32770753331563
24.0,183.0,34.35772292901278
24.0,184.0,34.38560462171413
24.0,185.0,34.41144669559146
24.0,186.0,34.43533668571662
24.0,187.0,34.457355769384606
24.0,188.0,34.4775791996564
24.0,189.0,34.496076476267106
24.0,190.0,34.512911756538806
24.0,191.0,34.528144015389735
24.0,192.0,34.54182744411346
24.0,193.0,34.55401161115729
24.0,194.0,34.564741861677554
24.0,195.0,34.57405949338632
24.0,196.0,34.582002172609656
24.0,197.0,34.58860414238874
24.0,198.0,34.59389667359439
24.0,199.0,34.59790832499322
24.0,200.0,34.60066544990237
24.0,201.0,34.60219252882857
24.0,202.0,34.60251275148869
24.0,203.0,34.601648439721366
24.0,204.0,34.59962171875331
24.0,205.0,34.59645503816953
24.0,206.0,34.59217193147688
24.0,207.0,34.586797622235466
24.0,208.0,34.580359843720295
24.0,209.0,34.57288948315529
24.0,210.0,34.56442139256488
24.0,211.0,34.55499497810814
24.0,212.0,34.5446548846708
24.0,213.0,34.533451390297294
24.0,214.0,34.5214408073844
24.0,215.0,34.50868551693379
24.0,216.0,34.495253926197854
24.0,217.0,34.48122000413669
24.0,218.0,34.46666269714364
24.0,219.0,34.451664925601456
24.0,220.0,34.436312490768415
24.0,221.0,34.4206926465564
24.0,222.0,34.40489269151834
24.0,223.0,34.388998377253856
24.0,224.0,34.373092492343716
24.0,225.0,34.357253430086296
24.0,226.0,34.341554071160765
24.0,227.0,34.32606077196149
24.0,228.0,34.31083273973729
24.0,229.0,34.29592155536807
24.0,230.0,34.28137107373629
24.0,231.0,34.267217440418584
24.0,232.0,34.25348941845647
24.0,233.0,34.24020875977712
24.0,234.0,34.22739079761178
24.0,235.0,34.215045006643805
24.0,236.0,34.20317570318541
24.0,237.0,34.191782653163436
24.0,238.0,34.180861761696846
24.0,239.0,34.17040563485759
24.0,240.0,34.16040418866463
24.0,241.0,34.15084511631773
24.0,242.0,34.141714387152696
24.0,243.0,34.13299660501035
24.0,244.0,34.12467539475522
24.0,245.0,34.11673365791558
24.0,246.0,34.109153858988854
24.0,247.0,34.10191819417732
24.0,248.0,34.095008795427695
24.0,249.0,34.08840783075648
24.0,250.0,34.08209764439358
24.0,251.0,34.076060806041994
24.0,252.0,34.07028020331716
24.0,253.0,34.06473905449847
24.0,254.0,34.05942096637402
24.0,255.0,34.05430992188755
24.0,256.0,34.049390313425306
24.0,257.0,34.044646913868505
24.0,258.0,34.04006489270178
24.0,259.0,34.03562977658784
24.0,260.0,34.03132745355309
24.0,261.0,34.02714412734141
24.0,262.0,34.02306631331962
24.0,263.0,34.01908078948207
24.0,264.0,34.01517458653746
24.0,265.0,34.01133493743765
24.0,266.0,34.007549263267784
24.0,267.0,34.00380512247399
24.0,268.0,34.000090193600194
24.0,269.0,33.99639222491729
24.0,270.0,33.99269901466794
24.0,271.0,33.98899836149911
24.0,272.0,33.985278042644744
24.0,273.0,33.98152576539575
24.0,274.0,33.97772914353969
24.0,275.0,33.97387565004681
24.0,276.0,33.969952592080595
24.0,277.0,33.96594706512755
24.0,278.0,33.96184592699392
24.0,279.0,33.9576357537667
24.0,280.0,33.95330281343394
24.0,281.0,33.94883302435825
24.0,282.0,33.94421192952947
24.0,283.0,33.93942465869646
24.0,284.0,33.93445590482936
24.0,285.0,33.92928989174578
24.0,286.0,33.92391035518853
24.0,287.0,33.918300518771794
24.0,288.0,33.912443083250025
24.0,289.0,33.90632021498513
24.0,290.0,33.899913548582965
24.0,291.0,33.89320419393168
24.0,292.0,33.886172759493384
24.0,293.0,33.878799386345044
24.0,294.0,33.87106380205664
24.0,295.0,33.86294539304616
24.0,296.0,33.854423302033354
24.0,297.0,33.84547655315958
24.0,298.0,33.83608420907252
24.0,299.0,33.826225566031745
24.0,300.0,33.815880388840306
24.0,301.0,33.80502919428795
24.0,302.0,33.793653581703346
24.0,303.0,33.78173662039659
24.0,304.0,33.76926328786091
24.0,305.0,33.75622096716342
24.0,306.0,33.742599990180594
24.0,307.0,33.72839423038663
24.0,308.0,33.7136017214233
24.0,309.0,33.69822529674109
24.0,310.0,33.682273213246496
24.0,311.0,33.66575974345738
24.0,312.0,33.648705685565325
24.0,313.0,33.63113876690248
24.0,314.0,33.61309388218924
24.0,315.0,33.5946131419553
24.0,316.0,33.57574567784114
24.0,317.0,33.55654719638553
24.0,318.0,33.537079252122666
24.0,319.0,33.517408265754796
24.0,320.0,33.49760429732637
24.0,321.0,33.47773964211275
24.0,322.0,33.45788729708839
24.0,323.0,33.43811939521992
24.0,324.0,33.41850567141692
24.0,325.0,33.39911205728031
24.0,326.0,33.379999452718536
24.0,327.0,33.36122274182233
24.0,328.0,33.34283006334588
24.0,329.0,33.32486236100429
24.0,330.0,33.30735318507181
24.0,331.0,33.290328736068254
24.0,332.0,33.273808098174314
24.0,333.0,33.25780363664897
24.0,334.0,33.242321501875146
24.0,335.0,33.22736221406179
24.0,336.0,33.21292127962117
24.0,337.0,33.19898982184407
24.0,338.0,33.185555190862694
24.0,339.0,33.17260154583054
24.0,340.0,33.16011038811451
24.0,341.0,33.14806104628303
24.0,342.0,33.13643110271093
24.0,343.0,33.12519676665035
24.0,344.0,33.11433319149705
24.0,345.0,33.1038147416936
24.0,346.0,33.093615212529876
24.0,347.0,33.08370800631454
24.0,348.0,33.07406627230577
24.0,349.0,33.0646630102497
24.0,350.0,33.05547114845594
24.0,351.0,33.046463591641825
24.0,352.0,33.0376132529822
24.0,353.0,33.02889306039797
24.0,354.0,33.020275955318105
24.0,355.0,33.01173486838176
24.0,356.0,33.003242694566715
24.0,357.0,32.994772246364874
24.0,358.0,32.986296212263795
24.0,359.0,32.97778709304676
24.0,360.0,32.9692171484827
24.0,361.0,32.960558320531504
24.0,362.0,32.95178217148319
24.0,363.0,32.94285979646187
24.0,364.0,32.93376175508428
24.0,365.0,32.92445797467075
24.0,366.0,32.91491767668415
24.0,367.0,32.90510927139595
24.0,368.0,32.89500027985071
24.0,369.0,32.884557220342224
24.0,370.0,32.87374552637944
24.0,371.0,32.8625294251683
24.0,372.0,32.85087185201273
24.0,373.0,32.838734321066646
24.0,374.0,32.826076836797405
24.0,375.0,32.81285775759424
24.0,376.0,32.79903370539358
24.0,377.0,32.78455942336506
24.0,378.0,32.76938768562871
24.0,379.0,32.75346915129042
24.0,380.0,32.73675227749785
24.0,381.0,32.7191831737204
24.0,382.0,32.70070552338018
24.0,383.0,32.68126044468752
24.0,384.0,32.660786429004354
24.0,385.0,32.639219218053434
24.0,386.0,32.616491771362455
24.0,387.0,32.59253417464221
24.0,388.0,32.56727365453768
24.0,389.0,32.5406345398624
24.0,390.0,32.51253834990444
24.0,391.0,32.482903839458736
24.0,392.0,32.451647197501806
24.0,393.0,32.41868221887776
24.0,394.0,32.38392066338322
24.0,395.0,32.34727261137083
24.0,396.0,32.30864704858606
24.0,397.0,32.267952478658536
24.0,398.0,32.22509781437651
24.0,399.0,32.17999333390326
24.0,400.0,32.13255196999426
24.0,401.0,32.0826907024535
24.0,402.0,32.030332334610826
24.0,403.0,31.97540740111017
24.0,404.0,31.91785649226693
24.0,405.0,31.85763270775621
24.0,406.0,31.79470451628129
24.0,407.0,31.729058683277675
24.0,408.0,31.660703517948455
24.0,409.0,31.589672033185412
24.0,410.0,31.516025229288484
24.0,411.0,31.43985501540453
24.0,412.0,31.361286937279818
24.0,413.0,31.280482155275163
24.0,414.0,31.197638825731406
24.0,415.0,31.11299230493968
24.0,416.0,31.026814379270835
24.0,417.0,30.93941099843105
24.0,418.0,30.85111885896613
24.0,419.0,30.76230046328525
24.0,420.0,30.673338218953123
24.0,421.0,30.584627391663705
24.0,422.0,30.496568687531646
24.0,423.0,30.40956040513962
24.0,424.0,30.32399103303418
24.0,425.0,30.240232212959818
24.0,426.0,30.15863288489044
24.0,427.0,30.0795143668601
24.0,428.0,30.003167015121267
24.0,429.0,29.929847989330227
24.0,430.0,29.859780590883247
24.0,431.0,29.793154510811764
24.0,432.0,29.730127351812538
24.0,433.0,29.67082666336101
24.0,434.0,29.615352843769777
24.0,435.0,29.563782133396373
24.0,436.0,29.51617010778631
24.0,437.0,29.472554925866987
24.0,438.0,29.43296082331178
24.0,439.0,29.397401147208562
24.0,440.0,29.365881501081862
24.0,441.0,29.338402326803063
24.0,442.0,29.31496155580251
24.0,443.0,29.295556669306098
24.0,444.0,29.28018684602746
24.0,445.0,29.268854534698708
24.0,446.0,29.26156716213334
24.0,447.0,29.25833830100232
24.0,448.0,29.259189031296465
24.0,449.0,29.264148800210698
24.0,450.0,29.273256532691025
24.0,451.0,29.28656127512685
24.0,452.0,29.30412314034158
24.0,453.0,29.326013813461095
24.0,454.0,29.352317401871684
24.0,455.0,29.38313086647056
24.0,456.0,29.418564832323984
24.0,457.0,29.45874399463144
24.0,458.0,29.5038079330738
24.0,459.0,29.55391153039972
24.0,460.0,29.609225823307828
24.0,461.0,29.669938462706902
24.0,462.0,29.736254626245877
24.0,463.0,29.808397542632754
24.0,464.0,29.88660948511542
24.0,465.0,29.971152377201058
24.0,466.0,30.062308881894364
24.0,467.0,30.160383102115006
24.0,468.0,30.2657017766816
24.0,469.0,30.378615085031104
24.0,470.0,30.499497957130504
24.0,471.0,30.628750988063366
24.0,472.0,30.766801864515546
24.0,473.0,30.914106389604065
24.0,474.0,31.071150022425677
24.0,475.0,31.23844900615515
24.0,476.0,31.416552008214193
24.0,477.0,31.606041333830536
24.0,478.0,31.80753464113355
24.0,479.0,32.02168620623551
24.0,480.0,32.24918866787744
24.0,481.0,32.49077428620236
24.0,482.0,32.74721664258449
24.0,483.0,33.01933179927419
24.0,484.0,33.30797983790018
24.0,485.0,33.61406577668409
24.0,486.0,33.93854077084274
24.0,487.0,34.28240257256363
24.0,488.0,34.64669613210519
24.0,489.0,35.03251328674572
24.0,490.0,35.44099238615058
24.0,491.0,35.873316763585315
24.0,492.0,36.330712857314296
24.0,493.0,36.81444684620609
24.0,494.0,37.325820548831125
24.0,495.0,37.866165398559424
24.0,496.0,38.43683518212042
24.0,497.0,39.03919630360646
24.0,498.0,39.674616203755185
24.0,499.0,40.34444866311608
24.0,500.0,41.05001658800375
24.0,501.0,41.79259102189883
24.0,502.0,42.57336701603844
24.0,503.0,43.39343521203632
24.0,504.0,44.253749928876594
24.0,505.0,45.15509287915507
24.0,506.0,46.098033658765424
24.0,507.0,47.082886635210194
24.0,508.0,48.10966597632639
24.0,509.0,49.17803919668656
24.0,510.0,50.287281781859946
24.0,511.0,51.43623417597456
24.0,512.0,52.623264543137964
24.0,513.0,53.84623935328031
24.0,514.0,55.10250567109787
24.0,515.0,56.38888730815485
24.0,516.0,57.70169823844673
24.0,517.0,59.03677435701659
24.0,518.0,60.38952516607542
24.0,519.0,61.755004080293496
24.0,520.0,63.12799605624889
24.0,521.0,64.50311827353408
24.0,522.0,65.87492979252352
24.0,523.0,67.23804383007878
24.0,524.0,68.58723739618738
24.0,525.0,69.91755196418315
24.0,526.0,71.22438103663956
24.0,527.0,72.50354042852301
24.0,528.0,73.75131984682211
24.0,529.0,74.96451461503892
24.0,530.0,76.14043893846923
24.0,531.0,77.27692200907875
24.0,532.0,78.37229009915804
24.0,533.0,79.42533708533463
24.0,534.0,80.43528696811372
24.0,535.0,81.40175078109087
24.0,536.0,82.3246809247641
24.0,537.0,83.20432461572405
24.0,538.0,84.04117857396866
24.0,539.0,84.83594579234354
24.0,540.0,85.58949563101939
24.0,541.0,86.3028273899192
24.0,542.0,86.9770379433959
24.0,543.0,87.61329315029239
24.0,544.0,88.21280321128911
24.0,545.0,88.77680147464271
24.0,546.0,89.30652664360343
24.0,547.0,89.80320783586838
24.0,548.0,90.26805235408428
24.0,549.0,90.70223566250715
24.0,550.0,91.1068934009669
24.0,551.0,91.48311502274586
24.0,552.0,91.83193888704051
24.0,553.0,92.1543485005355
24.0,554.0,92.45126974322633
24.0,555.0,92.72356888114822
24.0,556.0,92.97205119965233
24.0,557.0,93.19746016108559
24.0,558.0,93.40047690906712
24.0,559.0,93.581720115441
24.0,560.0,93.7417459703447
24.0,561.0,93.8810483951631
24.0,562.0,94.0000592480166
24.0,563.0,94.09914867813157
24.0,564.0,94.17862536070339
24.0,565.0,94.23873683969134
24.0,566.0,94.27966966665701
24.0,567.0,94.30154963017154
24.0,568.0,94.304441716526
24.0,569.0,94.2883501605892
24.0,570.0,94.25321817762484
24.0,571.0,94.1989277974707
24.0,572.0,94.12529934055165
24.0,573.0,94.03209101876242
24.0,574.0,93.9189981489314
24.0,575.0,93.78565252335441
24.0,576.0,93.63162137388511
24.0,577.0,93.45640653608956
24.0,578.0,93.25944320026807
24.0,579.0,93.04009891928185
24.0,580.0,92.79767221299389
24.0,581.0,92.53139150514427
24.0,582.0,92.2404136895585
24.0,583.0,91.92382313117231
24.0,584.0,91.58063036166406
24.0,585.0,91.20977135031133
24.0,586.0,90.81010658064875
24.0,587.0,90.38042089619937
24.0,588.0,89.91942332693692
24.0,589.0,89.42574795218968
24.0,590.0,88.89795500543984
24.0,591.0,88.33453338094102
24.0,592.0,87.73390375582359
24.0,593.0,87.09442360423739
24.0,594.0,86.41439333929365
24.0,595.0,85.69206498558648
24.0,596.0,84.92565264843822
24.0,597.0,84.11334630859909
24.0,598.0,83.2533282320283
24.0,599.0,82.34379362667337
24.0,600.0,81.38297482125314
24.0,601.0,80.36917063628789
24.0,602.0,79.30078011542236
24.0,603.0,78.17634219308336
24.0,604.0,76.99458018672199
24.0,605.0,75.75445237161411
24.0,606.0,74.45520697736951
24.0,607.0,73.09644222989878
24.0,608.0,71.67816888672802
24.0,609.0,70.20087490634053
24.0,610.0,68.66558850069693
24.0,611.0,67.07393801253001
24.0,612.0,65.42820362265262
24.0,613.0,63.73135832922451
24.0,614.0,61.98709249049926
24.0,615.0,60.19981928463002
24.0,616.0,58.37465597825696
24.0,617.0,56.517379922444945
24.0,618.0,54.63435662489815
24.0,619.0,52.732442198501055
24.0,620.0,50.81886146900742
24.0,621.0,48.90106822426141
24.0,622.0,46.98659268300679
24.0,623.0,45.08288562909739
24.0,624.0,43.19716586455453
24.0,625.0,41.33628045000561
24.0,626.0,39.506582764990746
24.0,627.0,37.71383493865891
24.0,628.0,35.96313584258791
24.0,629.0,34.25887705925172
24.0,630.0,32.604724038559056
24.0,631.0,31.003621519710663
24.0,632.0,29.457817928333295
24.0,633.0,27.968906306167653
24.0,634.0,26.537875838010063
24.0,635.0,25.16517166633336
24.0,636.0,23.85075772720417
24.0,637.0,22.59418134206198
24.0,638.0,21.394635498399587
24.0,639.0,20.251018797136965
24.0,640.0,19.16199015433658
24.0,641.0,18.12601926186823
24.0,642.0,17.141430742213387
24.0,643.0,16.206443679535997
24.0,644.0,15.319204968055974
24.0,645.0,14.477818520709748
24.0,646.0,13.68036901619309
24.0,647.0,12.924942363803954
24.0,648.0,12.209641628973978
24.0,649.0,11.532600602199352
24.0,650.0,10.891993727340516
24.0,651.0,10.286044509769841
24.0,652.0,9.713031055993017
24.0,653.0,9.171290779512356
24.0,654.0,8.659222854050164
24.0,655.0,8.175290362143556
24.0,656.0,7.71802065880543
24.0,657.0,7.286005820296567
24.0,658.0,6.877901651014142
24.0,659.0,6.492427052130817
24.0,660.0,6.128362193643175
24.0,661.0,5.784547237930228
24.0,662.0,5.459880038845842
24.0,663.0,5.153314517768678
24.0,664.0,4.863858134372076
24.0,665.0,4.5905701134379955
24.0,666.0,4.332558848286183
24.0,667.0,4.08898010656877
24.0,668.0,3.8590344689088854
24.0,669.0,3.6419655934224786
24.0,670.0,3.437057752039073
24.0,671.0,3.2436342005479353
24.0,672.0,3.0610548480558286
24.0,673.0,2.8887147573477683
24.0,674.0,2.7260419650513756
24.0,675.0,2.572496122691687
24.0,676.0,2.427566473543359
24.0,677.0,2.29077063555282
24.0,678.0,2.1616527335597304
24.0,679.0,2.0397823195773777
24.0,680.0,1.9247526546515112
24.0,681.0,1.8161797586649586
24.0,682.0,1.7137008336076207
24.0,683.0,1.616973433302838
24.0,684.0,1.5256740186253812
24.0,685.0,1.4394972367896701
24.0,686.0,1.358154598624453
24.0,687.0,1.281373856948165
24.0,688.0,1.2088977960878373
24.0,689.0,1.1404836991478073
24.0,690.0,1.0759022403448624
24.0,691.0,1.0149370314891861
24.0,692.0,0.9573836082647689
24.0,693.0,0.9030490468781086
24.0,694.0,0.8517510360556397
24.0,695.0,0.8033175555064476
24.0,696.0,0.7575860260810846
24.0,697.0,0.7144030423950007
24.0,698.0,0.6736235942606398
24.0,699.0,0.6351108465010031
24.0,700.0,0.5987354254081821
24.0,701.0,0.5643752394252859
24.0,702.0,0.5319148249875189
24.0,703.0,0.5012452023568307
24.0,704.0,0.4722632757601981
24.0,705.0,0.4448717192207874
24.0,706.0,0.4189784264199839
24.0,707.0,0.3944964218806401
24.0,708.0,0.3713433564447451
24.0,709.0,0.34944143962941004
24.0,710.0,0.3287169770324606
24.0,711.0,0.3091003201022375
24.0,712.0,0.2905254421612522
24.0,713.0,0.27292990220931496
24.0,714.0,0.2562544565935497
24.0,715.0,0.24044303380374704
24.0,716.0,0.22544237911847956
24.0,717.0,0.21120203765492157
24.0,718.0,0.19767402958850758
24.0,719.0,0.1848128389897045
24.0,720.0,0.17257511745147217
24.0,721.0,0.1609196764854059
24.0,722.0,0.14980721759985238
24.0,723.0,0.13920032624006098
24.0,724.0,0.129063226542636
24.0,725.0,0.11936177499121778
24.0,726.0,0.1100632382322353
24.0,727.0,0.10113628478132938
24.0,728.0,0.09255078442309422
24.0,729.0,0.08427779644587308
24.0,730.0,0.0762893892660947
24.0,731.0,0.06855862379190925
24.0,732.0,0.061059392012363455
24.0,733.0,0.053766394195074854
24.0,734.0,0.04665499526315596
24.0,735.0,0.03970119462001494
24.0,736.0,0.03288149920373511
24.0,737.0,0.02617288480420569
24.0,738.0,0.019552684736489905
24.0,739.0,0.012998541572703779
24.0,740.0,0.006488310413476874
24.0,741.0,0.0
25.0,0.0,0.0
25.0,1.0,0.002350621671329686
25.0,2.0,0.004709185177435323
25.0,3.0,0.007083660194101556
25.0,4.0,0.009482067448917981
25.0,5.0,0.011912511549343498
25.0,6.0,0.014383199922372802
25.0,7.0,0.016902480988974566
25.0,8.0,0.019478859198691682
25.0,9.0,0.02212103891699125
25.0,10.0,0.024837935932668836
25.0,11.0,0.027638727436701118
25.0,12.0,0.030532860397099217
25.0,13.0,0.03353010802488749
25.0,14.0,0.036640575432994475
25.0,15.0,0.03987476300719966
25.0,16.0,0.04324356979302212
25.0,17.0,0.046758364217147554
25.0,18.0,0.050430985679393914
25.0,19.0,0.05427382310358047
25.0,20.0,0.058299815250897315
25.0,21.0,0.06252253761879605
25.0,22.0,0.06695620203790621
25.0,23.0,0.07161575248376524
25.0,24.0,0.07651686457231112
25.0,25.0,0.08167605090263905
25.0,26.0,0.08711066112661608
25.0,27.0,0.09283899750192373
25.0,28.0,0.098880316280101
25.0,29.0,0.10525495421852937
25.0,30.0,0.11198433210887473
25.0,31.0,0.11909109307506091
25.0,32.0,0.12659910915134465
25.0,33.0,0.13453363228139686
25.0,34.0,0.1429213049528185
25.0,35.0,0.1517903249109027
25.0,36.0,0.16117046096497425
25.0,37.0,0.17109323253990416
25.0,38.0,0.1815919318898648
25.0,39.0,0.19270181973178058
25.0,40.0,0.20446015523443908
25.0,41.0,0.2169064091111904
25.0,42.0,0.23008230289711545
25.0,43.0,0.24403204102354206
25.0,44.0,0.25880236105305043
25.0,45.0,0.274442786415403
25.0,46.0,0.29100568943888755
25.0,47.0,0.3085465665949917
25.0,48.0,0.32712411634339106
25.0,49.0,0.3468005389089953
25.0,50.0,0.3676416311439087
25.0,51.0,0.3897171130415906
25.0,52.0,0.41310074200753966
25.0,53.0,0.4378706684951615
25.0,54.0,0.4641095722600964
25.0,55.0,0.4919050496714529
25.0,56.0,0.5213497746908279
25.0,57.0,0.5525419205563465
25.0,58.0,0.585585348358715
25.0,59.0,0.62059006589229
25.0,60.0,0.6576724467704939
25.0,61.0,0.6969557292557773
25.0,62.0,0.7385702688264253
25.0,63.0,0.7826540796886309
25.0,64.0,0.8293531235191429
25.0,65.0,0.8788218960590253
25.0,66.0,0.9312237543289662
25.0,67.0,0.9867315501061124
25.0,68.0,1.0455279971215719
25.0,69.0,1.1078063521855337
25.0,70.0,1.1737708225576926
25.0,71.0,1.2436372938061713
25.0,72.0,1.317633775445806
25.0,73.0,1.396001172000656
25.0,74.0,1.4789937617843303
25.0,75.0,1.5668800036711321
25.0,76.0,1.6599430390581293
25.0,77.0,1.7584815209595897
25.0,78.0,1.8628101220642401
25.0,79.0,1.9732603641578206
25.0,80.0,2.0901811048461103
25.0,81.0,2.2139393329099413
25.0,82.0,2.344920591472946
25.0,83.0,2.483529687296918
25.0,84.0,2.6301909873463916
25.0,85.0,2.7853489654718184
25.0,86.0,2.94946828052256
25.0,87.0,3.1230340502605434
25.0,88.0,3.306551580230018
25.0,89.0,3.500546209926079
25.0,90.0,3.7055625105105916
25.0,91.0,3.9221634905314304
25.0,92.0,4.150929016202355
25.0,93.0,4.392454093263052
25.0,94.0,4.647346187381801
25.0,95.0,4.916222218743226
25.0,96.0,5.199704378947413
25.0,97.0,5.498415396524014
25.0,98.0,5.812972376829952
25.0,99.0,6.143979843141093
25.0,100.0,6.4920210991765055
25.0,101.0,6.857648563404478
25.0,102.0,7.24137222294539
25.0,103.0,7.643646923254915
25.0,104.0,8.064857723887087
25.0,105.0,8.50530416781078
25.0,106.0,8.965182854518645
25.0,107.0,9.44456937991573
25.0,108.0,9.943399281243494
25.0,109.0,10.461449346506106
25.0,110.0,10.998319238929584
25.0,111.0,11.553415121917455
25.0,112.0,12.125935526426172
25.0,113.0,12.714861379619586
25.0,114.0,13.318950550148767
25.0,115.0,13.936738787421453
25.0,116.0,14.566547157805498
25.0,117.0,15.206497375174342
25.0,118.0,15.854534409053914
25.0,119.0,16.508456849811708
25.0,120.0,17.165953361808683
25.0,121.0,17.82464462987241
25.0,122.0,18.482128157754907
25.0,123.0,19.136024586658152
25.0,124.0,19.784022493562393
25.0,125.0,20.423920337375836
25.0,126.0,21.05366291169552
25.0,127.0,21.671371709346758
25.0,128.0,22.275367529870266
25.0,129.0,22.864185809086354
25.0,130.0,23.436584054357645
25.0,131.0,23.99154278253723
25.0,132.0,24.52826006400979
25.0,133.0,25.04614154967317
25.0,134.0,25.544786336755127
25.0,135.0,26.023970591729835
25.0,136.0,26.483629172870895
25.0,137.0,26.92383693725431
25.0,138.0,27.344789683396
25.0,139.0,27.746786088311406
25.0,140.0,28.1302102779188
25.0,141.0,28.495516093095908
25.0,142.0,28.843212442273405
25.0,143.0,29.17385058739819
25.0,144.0,29.488012594151606
25.0,145.0,29.786301662042018
25.0,146.0,30.069333482671645
25.0,147.0,30.337729276083266
25.0,148.0,30.592109625763236
25.0,149.0,30.83308973883642
25.0,150.0,31.061275257361896
25.0,151.0,31.27725924697996
25.0,152.0,31.481619510923995
25.0,153.0,31.67491686526634
25.0,154.0,31.857693551934457
25.0,155.0,32.030472437086345
25.0,156.0,32.193756200597974
25.0,157.0,32.34802717409868
25.0,158.0,32.49374706055037
25.0,159.0,32.63135719917685
25.0,160.0,32.76127863312342
25.0,161.0,32.88391264624289
25.0,162.0,32.99964104794225
25.0,163.0,33.10882687161013
25.0,164.0,33.211814784704124
25.0,165.0,33.30893187221907
25.0,166.0,33.40048810887937
25.0,167.0,33.48677717562551
25.0,168.0,33.56807695162369
25.0,169.0,33.6446503293748
25.0,170.0,33.71674569908111
25.0,171.0,33.78459774043115
25.0,172.0,33.84842788226412
25.0,173.0,33.90844505776965
25.0,174.0,33.964846129606876
25.0,175.0,34.01781660126248
25.0,176.0,34.06753100275212
25.0,177.0,34.11415355501387
25.0,178.0,34.15783851474209
25.0,179.0,34.19873079155589
25.0,180.0,34.23696625290472
25.0,181.0,34.27267229578622
25.0,182.0,34.305968114401985
25.0,183.0,34.336965229738766
25.0,184.0,34.36576772403308
25.0,185.0,34.39247273283012
25.0,186.0,34.41717065156404
25.0,187.0,34.43994559597339
25.0,188.0,34.46087558740145
25.0,189.0,34.480032988836726
25.0,190.0,34.49748467702611
25.0,191.0,34.51329246304082
25.0,192.0,34.527513261061856
25.0,193.0,34.54019950429531
25.0,194.0,34.55139932233126
25.0,195.0,34.561156965374636
25.0,196.0,34.56951300422922
25.0,197.0,34.576504777880594
25.0,198.0,34.58216663196681
25.0,199.0,34.58653040609999
25.0,200.0,34.58962572726119
25.0,201.0,34.59148055269444
25.0,202.0,34.59212153249891
25.0,203.0,34.5915746196227
25.0,204.0,34.589865508836255
25.0,205.0,34.58702031483912
25.0,206.0,34.58306608019681
25.0,207.0,34.57803150336714
25.0,208.0,34.57194748405076
25.0,209.0,34.56484785399576
25.0,210.0,34.556769895112396
25.0,211.0,34.54775499015028
25.0,212.0,34.537849012914386
25.0,213.0,34.527102783151676
25.0,214.0,34.51557220317672
25.0,215.0,34.50331838922786
25.0,216.0,34.49040743503828
25.0,217.0,34.476910121141096
25.0,218.0,34.46290124101776
25.0,219.0,34.448458870804465
25.0,220.0,34.43366329664012
25.0,221.0,34.41859594419219
25.0,222.0,34.40333806496302
25.0,223.0,34.387969532288515
25.0,224.0,34.37256752559094
25.0,225.0,34.35720544329895
25.0,226.0,34.34195182396546
25.0,227.0,34.32686958263325
25.0,228.0,34.31201532636713
25.0,229.0,34.29743901322349
25.0,230.0,34.28318370046743
25.0,231.0,34.26928560820549
25.0,232.0,34.255774235422486
25.0,233.0,34.24267272922608
25.0,234.0,34.2299982485916
25.0,235.0,34.21776251080454
25.0,236.0,34.20597227641776
25.0,237.0,34.19462995640479
25.0,238.0,34.1837341166986
25.0,239.0,34.173280062168566
25.0,240.0,34.163260294950874
25.0,241.0,34.15366502696026
25.0,242.0,34.1444825591407
25.0,243.0,34.13569970299483
25.0,244.0,34.12730207182543
25.0,245.0,34.11927441078744
25.0,246.0,34.11160080559243
25.0,247.0,34.10426493090933
25.0,248.0,34.0972501888861
25.0,249.0,34.09053988983187
25.0,250.0,34.08411733486249
25.0,251.0,34.07796594314676
25.0,252.0,34.07206929219396
25.0,253.0,34.066411204397525
25.0,254.0,34.06097575646758
25.0,255.0,34.055747335748144
25.0,256.0,34.050710627961166
25.0,257.0,34.04585065147193
25.0,258.0,34.041152730320796
25.0,259.0,34.03660251257793
25.0,260.0,34.03218593378845
25.0,261.0,34.02788922389828
25.0,262.0,34.02369886477025
25.0,263.0,34.0196015888769
25.0,264.0,34.0155843334305
25.0,265.0,34.011634233079235
25.0,266.0,34.007738572377065
25.0,267.0,34.003884774027696
25.0,268.0,34.00006035084215
25.0,269.0,33.99625289059517
25.0,270.0,33.992450008228204
25.0,271.0,33.98863932807075
25.0,272.0,33.984808436806084
25.0,273.0,33.980944863633404
25.0,274.0,33.97703603439818
25.0,275.0,33.97306925021043
25.0,276.0,33.96903164313823
25.0,277.0,33.96491015384764
25.0,278.0,33.96069148936623
25.0,279.0,33.95636210047709
25.0,280.0,33.95190814229178
25.0,281.0,33.94731545243304
25.0,282.0,33.94256951553891
25.0,283.0,33.937655443737825
25.0,284.0,33.93255794677571
25.0,285.0,33.9272613169681
25.0,286.0,33.92174940745037
25.0,287.0,33.916005624739284
25.0,288.0,33.91001291871148
25.0,289.0,33.90375378718098
25.0,290.0,33.89721028266852
25.0,291.0,33.89036403504797
25.0,292.0,33.88319628200797
25.0,293.0,33.87568791784023
25.0,294.0,33.867819556672
25.0,295.0,33.85957161775611
25.0,296.0,33.85092443287475
25.0,297.0,33.84185838073229
25.0,298.0,33.832354051929926
25.0,299.0,33.82239244659434
25.0,300.0,33.811955211093164
25.0,301.0,33.801024912663365
25.0,302.0,33.78958536006494
25.0,303.0,33.77762196484554
25.0,304.0,33.765122151224766
25.0,305.0,33.752075803287696
25.0,306.0,33.7384757549646
25.0,307.0,33.72431830339895
25.0,308.0,33.70960374591687
25.0,309.0,33.69433691101497
25.0,310.0,33.67852767626345
25.0,311.0,33.662191432729834
25.0,312.0,33.645349481882334
25.0,313.0,33.62802931663122
25.0,314.0,33.610264770393854
25.0,315.0,33.59209598597005
25.0,316.0,33.57356919626897
25.0,317.0,33.554736281554426
25.0,318.0,33.53565411652983
25.0,319.0,33.51638369755187
25.0,320.0,33.49698909384922
25.0,321.0,33.477536243349014
25.0,322.0,33.45809166502016
25.0,323.0,33.438721129263385
25.0,324.0,33.41948836966929
25.0,325.0,33.40045387778007
25.0,326.0,33.38167385254389
25.0,327.0,33.36319932538733
25.0,328.0,33.3450755043309
25.0,329.0,33.327341327993366
25.0,330.0,33.31002924210022
25.0,331.0,33.29316516398294
25.0,332.0,33.276768626115114
25.0,333.0,33.26085305159435
25.0,334.0,33.245426144126284
25.0,335.0,33.23049034564422
25.0,336.0,33.21604334580318
25.0,337.0,33.20207860484404
25.0,338.0,33.188585880545084
25.0,339.0,33.17555173205685
25.0,340.0,33.16295999811537
25.0,341.0,33.15079223318741
25.0,342.0,33.13902810367835
25.0,343.0,33.12764573651115
25.0,344.0,33.11662202400967
25.0,345.0,33.105932884063954
25.0,346.0,33.09555347877406
25.0,347.0,33.08545839567951
25.0,348.0,33.075621792129276
25.0,349.0,33.06601751116163
25.0,350.0,33.05661916551382
25.0,351.0,33.04740020208792
25.0,352.0,33.03833393871907
25.0,353.0,33.02939358961162
25.0,354.0,33.020552265962365
25.0,355.0,33.011782972492256
25.0,356.0,33.003058580677994
25.0,357.0,32.994351804203205
25.0,358.0,32.985635151357656
25.0,359.0,32.97688088520297
25.0,360.0,32.968060959850675
25.0,361.0,32.95914696949098
25.0,362.0,32.95011007180604
25.0,363.0,32.940920928751325
25.0,364.0,32.9315496192762
25.0,365.0,32.921965573837106
25.0,366.0,32.91213747783815
25.0,367.0,32.9020332012455
25.0,368.0,32.89161969368117
25.0,369.0,32.88086291016048
25.0,370.0,32.869727698541546
25.0,371.0,32.858177722300915
25.0,372.0,32.84617534104971
25.0,373.0,32.83368153139832
25.0,374.0,32.820655761512135
25.0,375.0,32.80705591152275
25.0,376.0,32.79283814365524
25.0,377.0,32.77795682438133
25.0,378.0,32.762364392583166
25.0,379.0,32.74601128680967
25.0,380.0,32.728845815368274
25.0,381.0,32.71081409378018
25.0,382.0,32.69185992277716
25.0,383.0,32.67192474354784
25.0,384.0,32.65094753258121
25.0,385.0,32.62886478580083
25.0,386.0,32.60561044331236
25.0,387.0,32.5811159183293
25.0,388.0,32.55531007045537
25.0,389.0,32.52811930172088
25.0,390.0,32.4994676043501
25.0,391.0,32.4692767544931
25.0,392.0,32.437466469646
25.0,393.0,32.403954740786176
25.0,394.0,32.36865814552015
25.0,395.0,32.33149237078484
25.0,396.0,32.292372739426106
25.0,397.0,32.251214986856525
25.0,398.0,32.207936068783546
25.0,399.0,32.1624552628959
25.0,400.0,32.11469532933803
25.0,401.0,32.06458400667754
25.0,402.0,32.0120555868899
25.0,403.0,31.957052854251643
25.0,404.0,31.89952910211332
25.0,405.0,31.839450511678077
25.0,406.0,31.77679856574918
25.0,407.0,31.71157276915963
25.0,408.0,31.64379329488298
25.0,409.0,31.57350380392741
25.0,410.0,31.50077399451134
25.0,411.0,31.425702101145585
25.0,412.0,31.348416838264985
25.0,413.0,31.269078995116832
25.0,414.0,31.187882140801772
25.0,415.0,31.10505267183549
25.0,416.0,31.020848677347548
25.0,417.0,30.935557942868886
25.0,418.0,30.849494650532094
25.0,419.0,30.76299524805127
25.0,420.0,30.67641317429514
25.0,421.0,30.590113087768806
25.0,422.0,30.50446440415673
25.0,423.0,30.41983491527626
25.0,424.0,30.33658433185092
25.0,425.0,30.255058543339114
25.0,426.0,30.1755843593422
25.0,427.0,30.09846544153178
25.0,428.0,30.0239790307232
25.0,429.0,29.952374045720745
25.0,430.0,29.88386998715557
25.0,431.0,29.81865711298705
25.0,432.0,29.75689719497723
25.0,433.0,29.69872527544311
25.0,434.0,29.644251676455536
25.0,435.0,29.593564696033287
25.0,436.0,29.546733238682084
25.0,437.0,29.503809869267805
25.0,438.0,29.464833558286934
25.0,439.0,29.42983267507279
25.0,440.0,29.398827520853686
25.0,441.0,29.371833021364225
25.0,442.0,29.34886088580722
25.0,443.0,29.329921903241615
25.0,444.0,29.315027685753186
25.0,445.0,29.304192568550043
25.0,446.0,29.297434968147922
25.0,447.0,29.29477893817206
25.0,448.0,29.296255208273255
25.0,449.0,29.301902468638296
25.0,450.0,29.311768165619696
25.0,451.0,29.325909590177965
25.0,452.0,29.344394502764768
25.0,453.0,29.367302093633494
25.0,454.0,29.394723499918456
25.0,455.0,29.426762694891735
25.0,456.0,29.463536948932035
25.0,457.0,29.505177693663917
25.0,458.0,29.551830967906408
25.0,459.0,29.603658292719754
25.0,460.0,29.660837134377662
25.0,461.0,29.7235618181259
25.0,462.0,29.79204403286186
25.0,463.0,29.866513804772598
25.0,464.0,29.947220062460136
25.0,465.0,30.034431686189865
25.0,466.0,30.128438147208858
25.0,467.0,30.229550643584368
25.0,468.0,30.338102822869605
25.0,469.0,30.454452010853732
25.0,470.0,30.578980021904478
25.0,471.0,30.7120944817104
25.0,472.0,30.854229723840508
25.0,473.0,31.005848200934093
25.0,474.0,31.167441458372167
25.0,475.0,31.339531619357142
25.0,476.0,31.522672415951874
25.0,477.0,31.717450720791074
25.0,478.0,31.924487600619152
25.0,479.0,32.144439849272
25.0,480.0,32.378001007262185
25.0,481.0,32.62590282490114
25.0,482.0,32.88891616085462
25.0,483.0,33.16785226790844
25.0,484.0,33.46356344045007
25.0,485.0,33.77694396474889
25.0,486.0,34.10893032599891
25.0,487.0,34.4605015957871
25.0,488.0,34.83267892917755
25.0,489.0,35.22652506980231
25.0,490.0,35.64314276228493
25.0,491.0,36.08367293660653
25.0,492.0,36.549291528732795
25.0,493.0,37.041205760438444
25.0,494.0,37.56064870432495
25.0,495.0,38.10887291069518
25.0,496.0,38.68714188613291
25.0,497.0,39.296720157750244
25.0,498.0,39.9388606907558
25.0,499.0,40.614790370227055
25.0,500.0,41.32569232779748
25.0,501.0,42.07268584779908
25.0,502.0,42.856802715378045
25.0,503.0,43.67896085113832
25.0,504.0,44.539934290241206
25.0,505.0,45.44032059452636
25.0,506.0,46.38050511098186
25.0,507.0,47.360623581740754
25.0,508.0,48.38052305617322
25.0,509.0,49.439723192763275
25.0,510.0,50.53737857142205
25.0,511.0,51.67224474650203
25.0,512.0,52.84264928893909
25.0,513.0,54.04647099921612
25.0,514.0,55.28112880188337
25.0,515.0,56.54358338862478
25.0,516.0,57.83035263099348
25.0,517.0,59.137542812487524
25.0,518.0,60.460895250832536
25.0,519.0,61.7958484411492
25.0,520.0,63.137613156907044
25.0,521.0,64.48125839859131
25.0,522.0,65.8218036583479
25.0,523.0,67.15431384205243
25.0,524.0,68.47399152842227
25.0,525.0,69.77626287411464
25.0,526.0,71.0568526978978
25.0,527.0,72.31184653634075
25.0,528.0,73.53773723751044
25.0,529.0,74.73145606097611
25.0,530.0,75.89038804922846
25.0,531.0,77.01237349304493
25.0,532.0,78.09569677065025
25.0,533.0,79.13906533595093
25.0,534.0,80.14158068956431
25.0,535.0,81.1027041583
25.0,536.0,82.02221911848368
25.0,537.0,82.90019197332686
25.0,538.0,83.73693295559728
25.0,539.0,84.53295835954833
25.0,540.0,85.28895466652456
25.0,541.0,86.00574552243071
25.0,542.0,86.68426155703517
25.0,543.0,87.3255135238894
25.0,544.0,87.93056845772426
25.0,545.0,88.50052902182162
25.0,546.0,89.03651560854084
25.0,547.0,89.53965119378958
25.0,548.0,90.01104848792548
25.0,549.0,90.45179929916092
25.0,550.0,90.86296569934562
25.0,551.0,91.24557287091308
25.0,552.0,91.60060330678593
25.0,553.0,91.92899222511588
25.0,554.0,92.23162396575738
25.0,555.0,92.50932921782916
25.0,556.0,92.76288294172771
25.0,557.0,92.99300281870981
25.0,558.0,93.20034818370317
25.0,559.0,93.38551925128922
25.0,560.0,93.54905667678088
25.0,561.0,93.69144123169495
25.0,562.0,93.81309371580392
25.0,563.0,93.91437484770034
25.0,564.0,93.9955853311684
25.0,565.0,94.05696579644473
25.0,566.0,94.098696884716
25.0,567.0,94.12089912791907
25.0,568.0,94.12363296025512
25.0,569.0,94.10689846353617
25.0,570.0,94.0706352487945
25.0,571.0,94.01472202449617
25.0,572.0,93.9389763185807
25.0,573.0,93.84315385205281
25.0,574.0,93.72694809564017
25.0,575.0,93.58998945472543
25.0,576.0,93.4318446785593
25.0,577.0,93.25201588748533
25.0,578.0,93.04993987962348
25.0,579.0,92.8249870613258
25.0,580.0,92.57646073009917
25.0,581.0,92.30359600812042
25.0,582.0,92.00555922513257
25.0,583.0,91.68144700726019
25.0,584.0,91.33028594472952
25.0,585.0,90.9510320596326
25.0,586.0,90.54257102647942
25.0,587.0,90.1037183392022
25.0,588.0,89.63322046419094
25.0,589.0,89.1297561551092
25.0,590.0,88.5919390641716
25.0,591.0,88.01832081824844
25.0,592.0,87.4073957979092
25.0,593.0,86.75760679011498
25.0,594.0,86.06735286186829
25.0,595.0,85.33499863308063
25.0,596.0,84.55888640327505
25.0,597.0,83.73735031183708
25.0,598.0,82.86873407546268
25.0,599.0,81.95141145562589
25.0,600.0,80.9838110408496
25.0,601.0,79.96444440375102
25.0,602.0,78.89193916432116
25.0,603.0,77.76507580561669
25.0,604.0,76.58282956319889
25.0,605.0,75.34441583364313
25.0,606.0,74.04933999206052
25.0,607.0,72.69744942246524
25.0,608.0,71.28898796787006
25.0,609.0,69.8246497311758
25.0,610.0,68.30563156701841
25.0,611.0,66.73368023863738
25.0,612.0,65.11113277276185
25.0,613.0,63.44094529429765
25.0,614.0,61.726708574972726
25.0,615.0,59.97264567103313
25.0,616.0,58.183590630325384
25.0,617.0,56.364944990141616
25.0,618.0,54.52261312719666
25.0,619.0,52.66291577912693
25.0,620.0,50.79248583007482
25.0,621.0,48.91814872411016
25.0,622.0,47.046794401128125
25.0,623.0,45.185245201372354
25.0,624.0,43.34012779686495
25.0,625.0,41.51775357234808
25.0,626.0,39.72401439732375
25.0,627.0,37.964296082337995
25.0,628.0,36.24341370591282
25.0,629.0,34.56556801392891
25.0,630.0,32.93432409345135
25.0,631.0,31.352608877938852
25.0,632.0,29.822726651415714
25.0,633.0,28.346387715599562
25.0,634.0,26.924748687787606
25.0,635.0,25.55845945376219
25.0,636.0,24.24771558848574
25.0,637.0,22.99231191499599
25.0,638.0,21.791696867240574
25.0,639.0,20.645024238479152
25.0,640.0,19.5512028931306
25.0,641.0,18.508941851077527
25.0,642.0,17.516792050346965
25.0,643.0,16.573182793741015
25.0,644.0,15.676454661219248
25.0,645.0,14.824887250044393
25.0,646.0,14.016723778560266
25.0,647.0,13.250191085555114
25.0,648.0,12.523517157746634
25.0,649.0,11.834944766962613
25.0,650.0,11.182743351108108
25.0,651.0,10.565217704833652
25.0,652.0,9.980715566946504
25.0,653.0,9.42763262721607
25.0,654.0,8.90441697353184
25.0,655.0,8.409571453504055
25.0,656.0,7.941655902690094
25.0,657.0,7.499287671045152
25.0,658.0,7.081142335921546
25.0,659.0,6.685953001387058
25.0,660.0,6.312510015764982
25.0,661.0,5.959659486880339
25.0,662.0,5.626302377838906
25.0,663.0,5.311392553192245
25.0,664.0,5.013935515374163
25.0,665.0,4.732986200746221
25.0,666.0,4.467647536811239
25.0,667.0,4.217068136914111
25.0,668.0,3.980440798836797
25.0,669.0,3.7570001966405595
25.0,670.0,3.546021398976685
25.0,671.0,3.3468176211142397
25.0,672.0,3.1587388117426047
25.0,673.0,2.9811695036181813
25.0,674.0,2.813527497268175
25.0,675.0,2.6552618318496597
25.0,676.0,2.505851580346349
25.0,677.0,2.3648039508960115
25.0,678.0,2.2316531988659074
25.0,679.0,2.1059588614219864
25.0,680.0,1.987304785877651
25.0,681.0,1.8752974954706358
25.0,682.0,1.769565329609412
25.0,683.0,1.6697569358552198
25.0,684.0,1.5755405154393938
25.0,685.0,1.4866024347314497
25.0,686.0,1.4026465681777613
25.0,687.0,1.3233930216619707
25.0,688.0,1.2485775644790076
25.0,689.0,1.177950456676961
25.0,690.0,1.1112759615938117
25.0,691.0,1.0483312693139155
25.0,692.0,0.9889060814951625
25.0,693.0,0.9328016233436485
25.0,694.0,0.8798302928348285
25.0,695.0,0.8298147540149304
25.0,696.0,0.7825876431953825
25.0,697.0,0.7379907368669709
25.0,698.0,0.6958747079715153
25.0,699.0,0.6560983622232468
25.0,700.0,0.6185284381016509
25.0,701.0,0.5830389058868407
25.0,702.0,0.5495108055507871
25.0,703.0,0.5178316033121605
25.0,704.0,0.4878950621160508
25.0,705.0,0.4596006509881579
25.0,706.0,0.4328534432773269
25.0,707.0,0.40756357453294234
25.0,708.0,0.38364616413570946
25.0,709.0,0.36102081783258333
25.0,710.0,0.3396115687972612
25.0,711.0,0.3193464213329344
25.0,712.0,0.30015730778463295
25.0,713.0,0.2819796702618336
25.0,714.0,0.2647524301708803
25.0,715.0,0.2484176051181534
25.0,716.0,0.23292028814371057
25.0,717.0,0.21820829724294555
25.0,718.0,0.20423216166414282
25.0,719.0,0.1909448017342136
25.0,720.0,0.17830151983501083
25.0,721.0,0.16625970843880855
25.0,722.0,0.15477884360299538
25.0,723.0,0.14382021931543523
25.0,724.0,0.13334694154653026
25.0,725.0,0.12332368717536217
25.0,726.0,0.11371669681396913
25.0,727.0,0.10449355673399298
25.0,728.0,0.09562318883209982
25.0,729.0,0.08707565410537269
25.0,730.0,0.07882213826071659
25.0,731.0,0.07083477539689877
25.0,732.0,0.06308662787594647
25.0,733.0,0.05555152896183003
25.0,734.0,0.0482040556695443
25.0,735.0,0.04101938918606234
25.0,736.0,0.033973279494073895
25.0,737.0,0.027041922460940376
25.0,738.0,0.020201915099858844
25.0,739.0,0.013430148257878513
25.0,740.0,0.006703751428309189
25.0,741.0,0.0
26.0,0.0,0.0
26.0,1.0,0.002422749425192087
26.0,2.0,0.004853684418097067
26.0,3.0,0.007301016797623384
26.0,4.0,0.009773015841103197
26.0,5.0,0.012278029946922347
26.0,6.0,0.014824523165353848
26.0,7.0,0.017421092644787108
26.0,8.0,0.020076510858649272
26.0,9.0,0.022799739216953982
26.0,10.0,0.025599976371562628
26.0,11.0,0.02848666838929485
26.0,12.0,0.03146956353252147
26.0,13.0,0.034558719409730806
26.0,14.0,0.03776456464832082
26.0,15.0,0.04109790346351485
26.0,16.0,0.044569984665452554
26.0,17.0,0.04819250411796799
26.0,18.0,0.0519776815529422
26.0,19.0,0.05593826142701999
26.0,20.0,0.06008759805300964
26.0,21.0,0.06443965540549798
26.0,22.0,0.06900910112224277
26.0,23.0,0.07381130585927237
26.0,24.0,0.0788624467651391
26.0,25.0,0.08417950704292462
26.0,26.0,0.08978038955737322
26.0,27.0,0.09568391732576531
26.0,28.0,0.10190995798282203
26.0,29.0,0.10847942599517722
26.0,30.0,0.11541441878204556
26.0,31.0,0.12273822152953712
26.0,32.0,0.13047545584690934
26.0,33.0,0.1386520881477204
26.0,34.0,0.14729559181249297
26.0,35.0,0.15643496020411862
26.0,36.0,0.16610088340831003
26.0,37.0,0.176325767061046
26.0,38.0,0.1871439248484772
26.0,39.0,0.19859160444463117
26.0,40.0,0.21070719707240526
26.0,41.0,0.22353127197999625
26.0,42.0,0.23710680449380717
26.0,43.0,0.2514792206014058
26.0,44.0,0.2666966450645418
26.0,45.0,0.2828099578234354
26.0,46.0,0.2998730638817412
26.0,47.0,0.31794296339914996
26.0,48.0,0.33708004520690454
26.0,49.0,0.3573481726091068
26.0,50.0,0.3788150025323796
26.0,51.0,0.40155208920484975
26.0,52.0,0.42563523107933915
26.0,53.0,0.4511445946936973
26.0,54.0,0.47816509162254217
26.0,55.0,0.5067865249301848
26.0,56.0,0.5371039984854765
26.0,57.0,0.5692180884798285
26.0,58.0,0.6032352874601791
26.0,59.0,0.6392682033720558
26.0,60.0,0.6774360405942214
26.0,61.0,0.7178648288411623
26.0,62.0,0.7606879432729314
26.0,63.0,0.8060463652973228
26.0,64.0,0.8540892434137926
26.0,65.0,0.9049741874144733
26.0,66.0,0.9588678709088254
26.0,67.0,1.0159463595243274
26.0,68.0,1.0763957549182361
26.0,69.0,1.1404125561689866
26.0,70.0,1.2082043433309866
26.0,71.0,1.279990169071708
26.0,72.0,1.356001277212044
26.0,73.0,1.4364815185048116
26.0,74.0,1.5216880957788186
26.0,75.0,1.6118919931651068
26.0,76.0,1.7073787339533517
26.0,77.0,1.8084488060020492
26.0,78.0,1.915418410584593
26.0,79.0,2.028619857436459
26.0,80.0,2.1484022718781888
26.0,81.0,2.2751319200064626
26.0,82.0,2.4091928261639732
26.0,83.0,2.550986970984136
26.0,84.0,2.700934750530872
26.0,85.0,2.8594749658559193
26.0,86.0,3.0270650273806377
26.0,87.0,3.2041806228221286
26.0,88.0,3.3913155341854972
26.0,89.0,3.588980830069385
26.0,90.0,3.797704117002032
26.0,91.0,4.018028051794188
26.0,92.0,4.25050879424145
26.0,93.0,4.49571357689274
26.0,94.0,4.754218065558554
26.0,95.0,5.026602663072862
26.0,96.0,5.313448426049068
26.0,97.0,5.615331728234443
26.0,98.0,5.932818343652734
26.0,99.0,6.266456076924038
26.0,100.0,6.616766634093593
26.0,101.0,6.984235879237336
26.0,102.0,7.369303220409983
26.0,103.0,7.772349327317775
26.0,104.0,8.193683020743567
26.0,105.0,8.633526648397343
26.0,106.0,9.092000943702226
26.0,107.0,9.56910885864595
26.0,108.0,10.064719584344205
26.0,109.0,10.578552479173798
26.0,110.0,11.110162366888487
26.0,111.0,11.65892615518791
26.0,112.0,12.22403244280784
26.0,113.0,12.804474198721046
26.0,114.0,13.399046223896814
26.0,115.0,14.006347383393138
26.0,116.0,14.624789071490275
26.0,117.0,15.252609472523567
26.0,118.0,15.887894493885502
26.0,119.0,16.528604207791854
26.0,120.0,17.17260487625692
26.0,121.0,17.817704589553944
26.0,122.0,18.461691877564338
26.0,123.0,19.102374785645118
26.0,124.0,19.73761948581234
26.0,125.0,20.3653859149353
26.0,126.0,20.983759799213015
26.0,127.0,21.590979095403036
26.0,128.0,22.185454922987763
26.0,129.0,22.76578582418903
26.0,130.0,23.33076622792201
26.0,131.0,23.8793886807736
26.0,132.0,24.410841307228548
26.0,133.0,24.924500487441257
26.0,134.0,25.419920462426006
26.0,135.0,25.89681995085677
26.0,136.0,26.35506744490036
26.0,137.0,26.79466513621018
26.0,138.0,27.21573293380497
26.0,139.0,27.618492294374914
26.0,140.0,28.003251077958353
26.0,141.0,28.370388920799485
26.0,142.0,28.720344121213294
26.0,143.0,29.05360135377057
26.0,144.0,29.370681051204986
26.0,145.0,29.6721296569826
26.0,146.0,29.958511491574967
26.0,147.0,30.23040137813503
26.0,148.0,30.488378720531752
26.0,149.0,30.733022161386938
26.0,150.0,30.964905493129475
26.0,151.0,31.184593955694368
26.0,152.0,31.39264159069081
26.0,153.0,31.589588804285256
26.0,154.0,31.775960812877628
26.0,155.0,31.952266147664293
26.0,156.0,32.11899589821294
26.0,157.0,32.27662289598812
26.0,158.0,32.4256015227983
26.0,159.0,32.56636736886513
26.0,160.0,32.69933742782956
26.0,161.0,32.82491007529072
26.0,162.0,32.94346551769993
26.0,163.0,33.05536597814715
26.0,164.0,33.160956302688
26.0,165.0,33.26056427197226
26.0,166.0,33.354501296321224
26.0,167.0,33.44306279586716
26.0,168.0,33.52652893647873
26.0,169.0,33.60516503891613
26.0,170.0,33.67922232297011
26.0,171.0,33.74893831914298
26.0,172.0,33.8145375994324
26.0,173.0,33.876232174419805
26.0,174.0,33.93422219707169
26.0,175.0,33.98869633481618
26.0,176.0,34.03983243840216
26.0,177.0,34.087797883320064
26.0,178.0,34.13275019980796
26.0,179.0,34.17483738139489
26.0,180.0,34.21419847507144
26.0,181.0,34.25096385723755
26.0,182.0,34.28525578524105
26.0,183.0,34.31718864292801
26.0,184.0,34.34686945648616
26.0,185.0,34.37439811337917
26.0,186.0,34.399867846937696
26.0,187.0,34.42336543390586
26.0,188.0,34.44497165367242
26.0,189.0,34.46476147111646
26.0,190.0,34.482804477885196
26.0,191.0,34.499165068787164
26.0,192.0,34.513902874158106
26.0,193.0,34.5270729397254
26.0,194.0,34.53872616081411
26.0,195.0,34.548909477278855
26.0,196.0,34.55766632187975
26.0,197.0,34.56503684322375
26.0,198.0,34.57105838161859
26.0,199.0,34.575765733348376
26.0,200.0,34.579191666858705
26.0,201.0,34.581367240054796
26.0,202.0,34.582322366492846
26.0,203.0,34.58208619221869
26.0,204.0,34.58068771403786
26.0,205.0,34.57815621190421
26.0,206.0,34.57452190755258
26.0,207.0,34.56981643110373
26.0,208.0,34.564073487446514
26.0,209.0,34.55732931159699
26.0,210.0,34.549623283704065
26.0,211.0,34.54099830022617
26.0,212.0,34.531501252150726
26.0,213.0,34.521183216781715
26.0,214.0,34.51009969895651
26.0,215.0,34.498310544634215
26.0,216.0,34.48587985613173
26.0,217.0,34.47287555763611
26.0,218.0,34.459368943507116
26.0,219.0,34.445433892129486
26.0,220.0,34.43114608739616
26.0,221.0,34.41658196683981
26.0,222.0,34.40181774575245
26.0,223.0,34.38692826474158
26.0,224.0,34.37198600532587
26.0,225.0,34.35706003386752
26.0,226.0,34.34221519741919
26.0,227.0,34.327511329037875
26.0,228.0,34.313002753144126
26.0,229.0,34.29873783787543
26.0,230.0,34.28475884974577
26.0,231.0,34.27110184902956
26.0,232.0,34.25779685230756
26.0,233.0,34.24486800043275
26.0,234.0,34.23233393938473
26.0,235.0,34.22020816128385
26.0,236.0,34.208499502594144
26.0,237.0,34.197212562098734
26.0,238.0,34.18634823014886
26.0,239.0,34.175904109620525
26.0,240.0,34.165875016035784
26.0,241.0,34.15625335482624
26.0,242.0,34.14702955850407
26.0,243.0,34.13819239751187
26.0,244.0,34.1297293413515
26.0,245.0,34.1216267974635
26.0,246.0,34.113870396840085
26.0,247.0,34.106445165703995
26.0,248.0,34.09933574356396
26.0,249.0,34.092526497452646
26.0,250.0,34.08600168339386
26.0,251.0,34.07974551442282
26.0,252.0,34.07374227673388
26.0,253.0,34.0679763621668
26.0,254.0,34.06243234919223
26.0,255.0,34.05709500907497
26.0,256.0,34.051949360182626
26.0,257.0,34.046980655286475
26.0,258.0,34.042174415935875
26.0,259.0,34.03751640668175
26.0,260.0,34.032992654688016
26.0,261.0,34.0285894152187
26.0,262.0,34.02429318035044
26.0,263.0,34.02009063889783
26.0,264.0,34.01596867705987
26.0,265.0,34.011914335057796
26.0,266.0,34.00791480176823
26.0,267.0,34.00395736967987
26.0,268.0,34.00002942499877
26.0,269.0,33.99611840205686
26.0,270.0,33.992211769983165
26.0,271.0,33.98829698738331
26.0,272.0,33.9843614864256
26.0,273.0,33.980392628430955
26.0,274.0,33.97637768610281
26.0,275.0,33.972303800606674
26.0,276.0,33.9681579626675
26.0,277.0,33.963926971771194
26.0,278.0,33.959597416962765
26.0,279.0,33.95515563897409
26.0,280.0,33.95058771179098
26.0,281.0,33.945879408817326
26.0,282.0,33.94101618665997
26.0,283.0,33.93598315690482
26.0,284.0,33.930765074124665
26.0,285.0,33.92534631550195
26.0,286.0,33.919710875833225
26.0,287.0,33.91384235812416
26.0,288.0,33.90772397938332
26.0,289.0,33.901338576471275
26.0,290.0,33.89466862777082
26.0,291.0,33.88769628000423
26.0,292.0,33.88040339242507
26.0,293.0,33.87277159198066
26.0,294.0,33.86478234839865
26.0,295.0,33.85641706680799
26.0,296.0,33.84765720374982
26.0,297.0,33.838484407826925
26.0,298.0,33.82888068776295
26.0,299.0,33.81882861217253
26.0,300.0,33.80831154047434
26.0,301.0,33.79731389139108
26.0,302.0,33.78582144449055
26.0,303.0,33.77382168201254
26.0,304.0,33.761304161358005
26.0,305.0,33.748260924488314
26.0,306.0,33.7346869280398
26.0,307.0,33.7205804973492
26.0,308.0,33.70594378011308
26.0,309.0,33.690783198108484
26.0,310.0,33.67510986393491
26.0,311.0,33.65893995615868
26.0,312.0,33.64229501251341
26.0,313.0,33.625202132050596
26.0,314.0,33.60769404347946
26.0,315.0,33.58980903441627
26.0,316.0,33.57159070488523
26.0,317.0,33.55308755279516
26.0,318.0,33.534352370741274
26.0,319.0,33.51544148322306
26.0,320.0,33.4964138260375
26.0,321.0,33.47732992035867
26.0,322.0,33.45825076342885
26.0,323.0,33.43923670390053
26.0,324.0,33.420346331982316
26.0,325.0,33.40163545231575
26.0,326.0,33.38315616172732
26.0,327.0,33.364956084023035
26.0,328.0,33.34707776403579
26.0,329.0,33.32955824942318
26.0,330.0,33.31242884027139
26.0,331.0,33.295715013357466
26.0,332.0,33.27943648540791
26.0,333.0,33.26360740888319
26.0,334.0,33.24823665885882
26.0,335.0,33.23332820033461
26.0,336.0,33.21888149735238
26.0,337.0,33.20489195530349
26.0,338.0,33.19135136557816
26.0,339.0,33.17824834847134
26.0,340.0,33.16556877280602
26.0,341.0,33.15329615235753
26.0,342.0,33.14141200625995
26.0,343.0,33.129896185832955
26.0,344.0,33.11872716232264
26.0,345.0,33.1078822781851
26.0,346.0,33.097337962339985
26.0,347.0,33.08706991029514
26.0,348.0,33.077053234529245
26.0,349.0,33.06726258283273
26.0,350.0,33.05767223445171
26.0,351.0,33.04825616748326
26.0,352.0,33.03898811171674
26.0,353.0,33.02984157538161
26.0,354.0,33.02078986451599
26.0,355.0,33.01180607789332
26.0,356.0,33.00286310108485
26.0,357.0,32.99393357664607
26.0,358.0,32.98498987931128
26.0,359.0,32.976004066857726
26.0,360.0,32.966947841322664
26.0,361.0,32.95779248454419
26.0,362.0,32.94850880902324
26.0,363.0,32.93906708101648
26.0,364.0,32.92943696369692
26.0,365.0,32.919587429845194
26.0,366.0,32.909486699277636
26.0,367.0,32.89910214262631
26.0,368.0,32.88840021458086
26.0,369.0,32.87734634994348
26.0,370.0,32.86590489405396
26.0,371.0,32.85403899224541
26.0,372.0,32.84171051888903
26.0,373.0,32.82887996156768
26.0,374.0,32.815506350508244
26.0,375.0,32.801547139264
26.0,376.0,32.786958136941465
26.0,377.0,32.77169338799718
26.0,378.0,32.755705110685675
26.0,379.0,32.738943579820265
26.0,380.0,32.72135707637527
26.0,381.0,32.702891778858685
26.0,382.0,32.68349173113753
26.0,383.0,32.66309875058371
26.0,384.0,32.641652424135806
26.0,385.0,32.619090044802604
26.0,386.0,32.59534664993307
26.0,387.0,32.570355002204494
26.0,388.0,32.54404568924857
26.0,389.0,32.5163471710949
26.0,390.0,32.48718596683152
26.0,391.0,32.45648679768209
26.0,392.0,32.42417289421258
26.0,393.0,32.39016627257053
26.0,394.0,32.35438820442606
26.0,395.0,32.31675967261285
26.0,396.0,32.27720205430293
26.0,397.0,32.23563780960288
26.0,398.0,32.19199143396351
26.0,399.0,32.146190435924126
26.0,400.0,32.098166613197144
26.0,401.0,32.04785736837226
26.0,402.0,31.99520734799085
26.0,403.0,31.940170120001078
26.0,404.0,31.882710177902517
26.0,405.0,31.82280495203155
26.0,406.0,31.760447112683796
26.0,407.0,31.695646801405125
26.0,408.0,31.628434063258766
26.0,409.0,31.558861064435792
26.0,410.0,31.487004351980165
26.0,411.0,31.41296668740397
26.0,412.0,31.336878701437573
26.0,413.0,31.25889986268936
26.0,414.0,31.179219021587958
26.0,415.0,31.098054015771314
26.0,416.0,31.015650654175552
26.0,417.0,30.93228060613132
26.0,418.0,30.848238617238273
26.0,419.0,30.763838661199074
26.0,420.0,30.679409584980665
26.0,421.0,30.595289950590455
26.0,422.0,30.511822754228536
26.0,423.0,30.42934978177043
26.0,424.0,30.34820634400561
26.0,425.0,30.26871612912761
26.0,426.0,30.191186896281074
26.0,427.0,30.11590664911345
26.0,428.0,30.043140932716387
26.0,429.0,29.9731307560259
26.0,430.0,29.906091690299043
26.0,431.0,29.84221352027278
26.0,432.0,29.78166093671906
26.0,433.0,29.72457456452412
26.0,434.0,29.6710728014533
26.0,435.0,29.621253726332668
26.0,436.0,29.575197579649583
26.0,437.0,29.53296907269742
26.0,438.0,29.49462007933182
26.0,439.0,29.460191977920637
26.0,440.0,29.429718254627684
26.0,441.0,29.403226646986486
26.0,442.0,29.380741491254952
26.0,443.0,29.362285556652385
26.0,444.0,29.347882073397553
26.0,445.0,29.33755623292099
26.0,446.0,29.3313369017078
26.0,447.0,29.32925781488185
26.0,448.0,29.331359018546134
26.0,449.0,29.33768780952658
26.0,450.0,29.348299964356613
26.0,451.0,29.36326048570415
26.0,452.0,29.382644678013534
26.0,453.0,29.40653875882097
26.0,454.0,29.435040835825287
26.0,455.0,29.468261434243246
26.0,456.0,29.506324421950303
26.0,457.0,29.549367495475853
26.0,458.0,29.597543091233295
26.0,459.0,29.651018864407085
26.0,460.0,29.70997861631859
26.0,461.0,29.774622793012178
26.0,462.0,29.845169451841265
26.0,463.0,29.92185480012506
26.0,464.0,30.00493421800296
26.0,465.0,30.09468285188071
26.0,466.0,30.19139670515972
26.0,467.0,30.295393295910163
26.0,468.0,30.407012821759324
26.0,469.0,30.526618885788125
26.0,470.0,30.654599736073997
26.0,471.0,30.791369057564083
26.0,472.0,30.937367279807404
26.0,473.0,31.093062424731713
26.0,474.0,31.258951467098203
26.0,475.0,31.435561217726757
26.0,476.0,31.62344970906908
26.0,477.0,31.823207079251763
26.0,478.0,32.035456938489325
26.0,479.0,32.26085719976072
26.0,480.0,32.50010135878338
26.0,481.0,32.75391919019359
26.0,482.0,33.02307784222795
26.0,483.0,33.30838228045558
26.0,484.0,33.61067605544915
26.0,485.0,33.930841326500186
26.0,486.0,34.26979910334854
26.0,487.0,34.628508616797234
26.0,488.0,35.007966761007935
26.0,489.0,35.409206493846504
26.0,490.0,35.83329511231623
26.0,491.0,36.28133126186396
26.0,492.0,36.75444156493399
26.0,493.0,37.253775698507276
26.0,494.0,37.78050077110044
26.0,495.0,38.33579380273611
26.0,496.0,38.920833126376515
26.0,497.0,39.5367874996345
26.0,498.0,40.1848037278125
26.0,499.0,40.865991599151236
26.0,500.0,41.581406949578515
26.0,501.0,42.33203172013318
26.0,502.0,43.11875190183167
26.0,503.0,43.94233237482579
26.0,504.0,44.80338970852052
26.0,505.0,45.702362187352236
26.0,506.0,46.63947842359085
26.0,507.0,47.61472421239091
26.0,508.0,48.62780940924464
26.0,509.0,49.67813498379043
26.0,510.0,50.764762513307794
26.0,511.0,51.88638677312988
26.0,512.0,53.041314081122074
26.0,513.0,54.227447356842895
26.0,514.0,55.44228060980392
26.0,515.0,56.68290365053813
26.0,516.0,57.94601919868476
26.0,517.0,59.227972338122406
26.0,518.0,60.5247932561596
26.0,519.0,61.832251754680456
26.0,520.0,63.14592278851792
26.0,521.0,64.46125989233926
26.0,522.0,65.77367424789927
26.0,523.0,67.07861517757205
26.0,524.0,68.37164918924053
26.0,525.0,69.64853339186591
26.0,526.0,70.90528096659938
26.0,527.0,72.13821565492587
26.0,528.0,73.3440143851829
26.0,529.0,74.51973669226287
26.0,530.0,75.6628416667564
26.0,531.0,76.77119261703946
26.0,532.0,77.84305135110672
26.0,533.0,78.87706317169089
26.0,534.0,79.8722349652496
26.0,535.0,80.8279077113655
26.0,536.0,81.74372566972562
26.0,537.0,82.61960333362202
26.0,538.0,83.45569194751329
26.0,539.0,84.25234623971751
26.0,540.0,85.0100926191863
26.0,541.0,85.72959905367358
26.0,542.0,86.41164739450252
26.0,543.0,87.05710803920124
26.0,544.0,87.66691733807032
26.0,545.0,88.24205744203731
26.0,546.0,88.78353876208438
26.0,547.0,89.29238465726598
26.0,548.0,89.7696183808799
26.0,549.0,90.21625190219554
26.0,550.0,90.63327655450834
26.0,551.0,91.02165517682855
26.0,552.0,91.38231565561593
26.0,553.0,91.71614560977835
26.0,554.0,92.02398809635098
26.0,555.0,92.30663816670874
26.0,556.0,92.56484012554034
26.0,557.0,92.79928541104871
26.0,558.0,93.01061092114422
26.0,559.0,93.1993977903645
26.0,560.0,93.36617040996826
26.0,561.0,93.51139577821773
26.0,562.0,93.6354829355373
26.0,563.0,93.7387826496582
26.0,564.0,93.82158706267222
26.0,565.0,93.88412953949869
26.0,566.0,93.92658438279028
26.0,567.0,93.94906672521638
26.0,568.0,93.95163221412132
26.0,569.0,93.93427686874782
26.0,570.0,93.89693667285857
26.0,571.0,93.8394873507504
26.0,572.0,93.76174383613048
26.0,573.0,93.66345994888569
26.0,574.0,93.54432773554727
26.0,575.0,93.40397705539952
26.0,576.0,93.24197481494711
26.0,577.0,93.05782450015116
26.0,578.0,92.85096535756114
26.0,579.0,92.62077194247985
26.0,580.0,92.3665533362037
26.0,581.0,92.08755282129161
26.0,582.0,91.78294727144169
26.0,583.0,91.45184711877951
26.0,584.0,91.09329611452632
26.0,585.0,90.70627182377746
26.0,586.0,90.28968603587556
26.0,587.0,89.84238611411867
26.0,588.0,89.36315643904857
26.0,589.0,88.85072105782484
26.0,590.0,88.30374667446121
26.0,591.0,87.72084718768683
26.0,592.0,87.10058889863039
26.0,593.0,86.44149769257663
26.0,594.0,85.74206730765427
26.0,595.0,85.00077008944538
26.0,596.0,84.21606932978047
26.0,597.0,83.38643466858099
26.0,598.0,82.5103596210662
26.0,599.0,81.58638275299572
26.0,600.0,80.61311148242837
26.0,601.0,79.58925000579383
26.0,602.0,78.5136301568085
26.0,603.0,77.38524655915974
26.0,604.0,76.20329457938395
26.0,605.0,74.96721214639597
26.0,606.0,73.67672347047863
26.0,607.0,72.33188525039586
26.0,608.0,70.93313275455239
26.0,609.0,69.48132573767901
26.0,610.0,67.97779084178637
26.0,611.0,66.42435981020445
26.0,612.0,64.82339954957129
26.0,613.0,63.17783301434046
26.0,614.0,61.491146801463614
26.0,615.0,59.767384729484505
26.0,616.0,58.01112397161978
26.0,617.0,56.227434257363456
26.0,618.0,54.42181836150622
26.0,619.0,52.60013649498811
26.0,620.0,50.768515082619665
26.0,621.0,48.933244870966966
26.0,622.0,47.10067086938859
26.0,623.0,45.277080631275695
26.0,624.0,43.46859417841819
26.0,625.0,41.68106209974687
26.0,626.0,39.91997427891448
26.0,627.0,38.190384266579365
26.0,628.0,36.49684968543125
26.0,629.0,34.8433914032315
26.0,630.0,33.23346954740284
26.0,631.0,31.669977044704325
26.0,632.0,30.155247062015217
26.0,633.0,28.69107383941149
26.0,634.0,27.27874256166408
26.0,635.0,25.919067507372034
26.0,636.0,24.61243422136608
26.0,637.0,23.35884535123137
26.0,638.0,22.157966460094237
26.0,639.0,21.00917213620689
26.0,640.0,19.911589401671236
26.0,641.0,18.86413941462288
26.0,642.0,17.86557506756171
26.0,643.0,16.914516000069973
26.0,644.0,16.009479056180375
26.0,645.0,15.14890604469486
26.0,646.0,14.331187089339917
26.0,647.0,13.554681608937198
26.0,648.0,12.817735339557043
26.0,649.0,12.118695508073168
26.0,650.0,11.455922608730774
26.0,651.0,10.827800892005632
26.0,652.0,10.232746009860398
26.0,653.0,9.669211889724851
26.0,654.0,9.135695253249898
26.0,655.0,8.630739799546802
26.0,656.0,8.152938436515722
26.0,657.0,7.700935523772692
26.0,658.0,7.273427482513446
26.0,659.0,6.869163681966654
26.0,660.0,6.486945937416735
26.0,661.0,6.125628480168679
26.0,662.0,5.784116722949217
26.0,663.0,5.461366636652002
26.0,664.0,5.156383058880686
26.0,665.0,4.868218709865356
26.0,666.0,4.595972240607422
26.0,667.0,4.338787051630671
26.0,668.0,4.0958492178968084
26.0,669.0,3.866386223196028
26.0,670.0,3.6496648555112494
26.0,671.0,3.4449899328561764
26.0,672.0,3.251702231353949
26.0,673.0,3.0691772518006557
26.0,674.0,2.8968232203380397
26.0,675.0,2.7340799262430804
26.0,676.0,2.5804168193226076
26.0,677.0,2.435331936312531
26.0,678.0,2.298350108185833
26.0,679.0,2.169021983514973
26.0,680.0,2.0469223514089214
26.0,681.0,1.931649264086501
26.0,682.0,1.8228224761484
26.0,683.0,1.7200826645791942
26.0,684.0,1.6230899817944295
26.0,685.0,1.531523368721059
26.0,686.0,1.445079217017261
26.0,687.0,1.3634707693342225
26.0,688.0,1.2864268849145744
26.0,689.0,1.2136915202978162
26.0,690.0,1.1450225918964023
26.0,691.0,1.08019153004852
26.0,692.0,1.018982231960263
26.0,693.0,0.9611906819741913
26.0,694.0,0.9066239883183375
26.0,695.0,0.8551000626349302
26.0,696.0,0.8064467341983385
26.0,697.0,0.7605014820569371
26.0,698.0,0.717110620706828
26.0,699.0,0.6761290785862092
26.0,700.0,0.6374196495742482
26.0,701.0,0.6008528120035853
26.0,702.0,0.5663060407627413
26.0,703.0,0.533663661432671
26.0,704.0,0.5028162181853607
26.0,705.0,0.4736603580873035
26.0,706.0,0.4460982503924428
26.0,707.0,0.42003749647773897
26.0,708.0,0.3953905965163497
26.0,709.0,0.37207488091102225
26.0,710.0,0.350012020697906
26.0,711.0,0.3291279767181976
26.0,712.0,0.3093525504412721
26.0,713.0,0.2906193474617516
26.0,714.0,0.2728653657413874
26.0,715.0,0.25603097033683936
26.0,716.0,0.24005951634277042
26.0,717.0,0.224897332045348
26.0,718.0,0.21049337410488472
26.0,719.0,0.19679921659225236
26.0,720.0,0.1837687361791405
26.0,721.0,0.17135810475040883
26.0,722.0,0.15952550257493128
26.0,723.0,0.14823111239780287
26.0,724.0,0.13743685874620298
26.0,725.0,0.12710640159280093
26.0,726.0,0.11720490011055205
26.0,727.0,0.10769900416408774
26.0,728.0,0.09855664096625773
26.0,729.0,0.0897470027991675
26.0,730.0,0.08124035514492302
26.0,731.0,0.07300801916361489
26.0,732.0,0.06502219997231809
26.0,733.0,0.05725596251492679
26.0,734.0,0.04968307874808592
26.0,735.0,0.04227799562842526
26.0,736.0,0.0350157000326854
26.0,737.0,0.027871677662511096
26.0,738.0,0.020821794579362316
26.0,739.0,0.01384224588638144
26.0,740.0,0.0069094527973768876
26.0,741.0,0.0
27.0,0.0,0.0
27.0,1.0,0.0024912837216150385
27.0,2.0,0.00499098337209016
27.0,3.0,0.007507544363192575
27.0,4.0,0.010049466164617023
27.0,5.0,0.01262533707121139
27.0,6.0,0.015243854248884369
27.0,7.0,0.01791386416510997
27.0,8.0,0.020644378491735983
27.0,9.0,0.023444620585152936
27.0,10.0,0.026324037644231992
27.0,11.0,0.02929235363894318
27.0,12.0,0.032359578138971695
27.0,13.0,0.0355360661070725
27.0,14.0,0.03883252383652007
27.0,15.0,0.04226007604827116
27.0,16.0,0.04583026940352392
27.0,17.0,0.04955514737205671
27.0,18.0,0.05344725182008426
27.0,19.0,0.05751970615122199
27.0,20.0,0.061786215509849376
27.0,21.0,0.066261158736333
27.0,22.0,0.07095958777259716
27.0,23.0,0.0758973290198768
27.0,24.0,0.08109098258653978
27.0,25.0,0.08655803369011027
27.0,26.0,0.09231685244799034
27.0,27.0,0.09838681602618446
27.0,28.0,0.10478830974183533
27.0,29.0,0.11154286072937122
27.0,30.0,0.11867314120008247
27.0,31.0,0.12620311447264831
27.0,32.0,0.13415804131965936
27.0,33.0,0.14256463929392243
27.0,34.0,0.15145109318509759
27.0,35.0,0.1608472286659568
27.0,36.0,0.17078452798419289
27.0,37.0,0.18129631905383742
27.0,38.0,0.19241779761759134
27.0,39.0,0.20418623301747924
27.0,40.0,0.2166409981811312
27.0,41.0,0.22982379342158976
27.0,42.0,0.24377868572565373
27.0,43.0,0.25855235205400473
27.0,44.0,0.27419412953901845
27.0,45.0,0.2907562798805295
27.0,46.0,0.3082940521912953
27.0,47.0,0.3268659702069236
27.0,48.0,0.3465339096447292
27.0,49.0,0.3673634100628943
27.0,50.0,0.38942376871588025
27.0,51.0,0.4127883789994799
27.0,52.0,0.4375348428832927
27.0,53.0,0.46374533795309786
27.0,54.0,0.49150675056403526
27.0,55.0,0.5209110735229101
27.0,56.0,0.5520555621147489
27.0,57.0,0.5850431644317157
27.0,58.0,0.6199827023528297
27.0,59.0,0.6569893363903462
27.0,60.0,0.6961847735089769
27.0,61.0,0.7376977680793909
27.0,62.0,0.7816643580557829
27.0,63.0,0.8282284031367798
27.0,64.0,0.8775418502049113
27.0,65.0,0.9297653090112361
27.0,66.0,0.9850683468159483
27.0,67.0,1.0436301007160331
27.0,68.0,1.1056395999744486
27.0,69.0,1.1712964123385563
27.0,70.0,1.2408109904178
27.0,71.0,1.3144053467755563
27.0,72.0,1.3923134176577254
27.0,73.0,1.4747817579875426
27.0,74.0,1.5620699114198262
27.0,75.0,1.6544511112355456
27.0,76.0,1.7522126396493969
27.0,77.0,1.8556565134756369
27.0,78.0,1.9650998072677126
27.0,79.0,2.08087529285199
27.0,80.0,2.2033316894919475
27.0,81.0,2.3328342131470206
27.0,82.0,2.469764701538293
27.0,83.0,2.61452201132439
27.0,84.0,2.7675219456856435
27.0,85.0,2.9291974144756696
27.0,86.0,3.0999980657084443
27.0,87.0,3.280390094189347
27.0,88.0,3.470855445291651
27.0,89.0,3.671891121081272
27.0,90.0,3.884007784932259
27.0,91.0,4.107728371311598
27.0,92.0,4.343585874604285
27.0,93.0,4.59212102227675
27.0,94.0,4.853878985200001
27.0,95.0,5.129405830483246
27.0,96.0,5.419243852981192
27.0,97.0,5.723926496473208
27.0,98.0,6.043971993791759
27.0,99.0,6.379876454824707
27.0,100.0,6.732105542679232
27.0,101.0,7.101085506619618
27.0,102.0,7.487192751670002
27.0,103.0,7.890742786361691
27.0,104.0,8.311977808127322
27.0,105.0,8.751053884038539
27.0,106.0,9.208027113292367
27.0,107.0,9.682839890856673
27.0,108.0,10.17530682724438
27.0,109.0,10.685101634608706
27.0,110.0,11.211744714223181
27.0,111.0,11.754592929163579
27.0,112.0,12.312831425581178
27.0,113.0,12.885469063695984
27.0,114.0,13.471337307900814
27.0,115.0,14.069094024452735
27.0,116.0,14.67723179548731
27.0,117.0,15.294091835871852
27.0,118.0,15.917882637014408
27.0,119.0,16.546703852756558
27.0,120.0,17.178573929167904
27.0,121.0,17.81146138437455
27.0,122.0,18.44331770389597
27.0,123.0,19.07211135970253
27.0,124.0,19.695860705416475
27.0,125.0,20.312665255800546
27.0,126.0,20.920733316142414
27.0,127.0,21.518405867465013
27.0,128.0,22.104175209643927
27.0,129.0,22.6766988772302
27.0,130.0,23.234807952479123
27.0,131.0,23.777510861654928
27.0,132.0,24.303992263838364
27.0,133.0,24.813608480165698
27.0,134.0,25.305879313472065
27.0,135.0,25.780477818837536
27.0,136.0,26.23721788907628
27.0,137.0,26.676041138297073
27.0,138.0,27.09700281929288
27.0,139.0,27.500258084232264
27.0,140.0,27.88604814432896
27.0,141.0,28.254687447182636
27.0,142.0,28.60655125888014
27.0,143.0,28.942064607876045
27.0,144.0,29.261691850776813
27.0,145.0,29.56592770091175
27.0,146.0,29.855288900097534
27.0,147.0,30.130307301740128
27.0,148.0,30.39152350592242
27.0,149.0,30.639481775113126
27.0,150.0,30.87472535992604
27.0,151.0,31.09779294587483
27.0,152.0,31.309215357170583
27.0,153.0,31.509513223157434
27.0,154.0,31.699194759760598
27.0,155.0,31.878754371853887
27.0,156.0,32.048671249570766
27.0,157.0,32.209408666283394
27.0,158.0,32.361413173071846
27.0,159.0,32.505114398446516
27.0,160.0,32.64092466945348
27.0,161.0,32.76923916212897
27.0,162.0,32.8904358175642
27.0,163.0,33.00487572858496
27.0,164.0,33.112903252113284
27.0,165.0,33.21484654714299
27.0,166.0,33.3110178109937
27.0,167.0,33.40171390682189
27.0,168.0,33.487216671662146
27.0,169.0,33.56779358942986
27.0,170.0,33.643698134019395
27.0,171.0,33.71517045706794
27.0,172.0,33.782437740851854
27.0,173.0,33.845714879961434
27.0,174.0,33.90520482720716
27.0,175.0,33.96109925562792
27.0,176.0,34.01357888683686
27.0,177.0,34.06281412512253
27.0,178.0,34.10896536222804
27.0,179.0,34.15218357923817
27.0,180.0,34.192610625165884
27.0,181.0,34.2303797852624
27.0,182.0,34.2656160333483
27.0,183.0,34.29843656746034
27.0,184.0,34.328951037892644
27.0,185.0,34.357262052952755
27.0,186.0,34.38346538638955
27.0,187.0,34.407650457660125
27.0,188.0,34.42990052397655
27.0,189.0,34.45029314101759
27.0,190.0,34.46890034632933
27.0,191.0,34.48578910792139
27.0,192.0,34.50102150723814
27.0,193.0,34.5146551845421
27.0,194.0,34.526743531058834
27.0,195.0,34.5373361413271
27.0,196.0,34.54647902518273
27.0,197.0,34.55421507801271
27.0,198.0,34.56058432352686
27.0,199.0,34.56562441249809
27.0,200.0,34.56937090602725
27.0,201.0,34.57185781097451
27.0,202.0,34.57311790958779
27.0,203.0,34.57318333423369
27.0,204.0,34.572085941558456
27.0,205.0,34.56985791905094
27.0,206.0,34.56653218922848
27.0,207.0,34.56214302524658
27.0,208.0,34.55672645278527
27.0,209.0,34.55032083209336
27.0,210.0,34.542967204258154
27.0,211.0,34.5347097762511
27.0,212.0,34.52559613940664
27.0,213.0,34.51567757942234
27.0,214.0,34.505009087072246
27.0,215.0,34.49364941681974
27.0,216.0,34.481660823395785
27.0,217.0,34.469108819898146
27.0,218.0,34.45606161517053
27.0,219.0,34.44258957653225
27.0,220.0,34.42876440707933
27.0,221.0,34.414658387392116
27.0,222.0,34.400343399698876
27.0,223.0,34.38589008225176
27.0,224.0,34.37136685136585
27.0,225.0,34.35683912563146
27.0,226.0,34.342368496771435
27.0,227.0,34.328012157250654
27.0,228.0,34.31382232668134
27.0,229.0,34.29984595691712
27.0,230.0,34.28612445277435
27.0,231.0,34.27269365936243
27.0,232.0,34.25958385155943
27.0,233.0,34.24681995392444
27.0,234.0,34.234421731912676
27.0,235.0,34.22240416736166
27.0,236.0,34.210777770674476
27.0,237.0,34.19954903302372
27.0,238.0,34.188720786376614
27.0,239.0,34.17829266802836
27.0,240.0,34.168261474040534
27.0,241.0,34.15862159238641
27.0,242.0,34.14936531620508
27.0,243.0,34.1404832215159
27.0,244.0,34.131964424344176
27.0,245.0,34.12379689412777
27.0,246.0,34.11596765128466
27.0,247.0,34.108463017362666
27.0,248.0,34.10126875716495
27.0,249.0,34.09437027215074
27.0,250.0,34.08775269492743
27.0,251.0,34.08140103466592
27.0,252.0,34.07530023289122
27.0,253.0,34.06943526993897
27.0,254.0,34.06379119061037
27.0,255.0,34.058353179892904
27.0,256.0,34.05310656595835
27.0,257.0,34.048036872118686
27.0,258.0,34.04312980331983
27.0,259.0,34.03837127996979
27.0,260.0,34.03374741278571
27.0,261.0,34.02924452290475
27.0,262.0,34.02484910880546
27.0,263.0,34.02054785607453
27.0,264.0,34.01632759919052
27.0,265.0,34.012175323489
27.0,266.0,34.008078123868025
27.0,267.0,34.00402320085982
27.0,268.0,33.99999781777403
27.0,269.0,33.995989292322975
27.0,270.0,33.99198495333652
27.0,271.0,33.98797212907664
27.0,272.0,33.98393810441489
27.0,273.0,33.97987010679132
27.0,274.0,33.97575526462647
27.0,275.0,33.971580591817165
27.0,276.0,33.967332948151196
27.0,277.0,33.96299902328437
27.0,278.0,33.95856530003762
27.0,279.0,33.95401803896978
27.0,280.0,33.949343245671756
27.0,281.0,33.944526657350046
27.0,282.0,33.939553715606486
27.0,283.0,33.93440955689757
27.0,284.0,33.92907899282302
27.0,285.0,33.92354650694863
27.0,286.0,33.91779624534638
27.0,287.0,33.911812023086846
27.0,288.0,33.905577328696346
27.0,289.0,33.899075344649845
27.0,290.0,33.892288970536015
27.0,291.0,33.88520086309426
27.0,292.0,33.877793484161316
27.0,293.0,33.87004916711595
27.0,294.0,33.86195019699284
27.0,295.0,33.8534789114349
27.0,296.0,33.844617821431974
27.0,297.0,33.835349755667735
27.0,298.0,33.825658030689645
27.0,299.0,33.81552664725577
27.0,300.0,33.80494051760071
27.0,301.0,33.79388572011176
27.0,302.0,33.782349787641294
27.0,303.0,33.770322021363334
27.0,304.0,33.757793836512796
27.0,305.0,33.74475912632177
27.0,306.0,33.731214649024906
27.0,307.0,33.71716041758199
27.0,308.0,33.70260009410534
27.0,309.0,33.68754136137172
27.0,310.0,33.67199626996271
27.0,311.0,33.65598152686563
27.0,312.0,33.63951872188283
27.0,313.0,33.622634454117346
27.0,314.0,33.6053603565201
27.0,315.0,33.5877329828643
27.0,316.0,33.569793563008915
27.0,317.0,33.551587600275525
27.0,318.0,33.53316433140762
27.0,319.0,33.5145760386203
27.0,320.0,33.49587725250644
27.0,321.0,33.47712385231107
27.0,322.0,33.45837211793273
27.0,323.0,33.43967775138702
27.0,324.0,33.421094928193625
27.0,325.0,33.40267539653357
27.0,326.0,33.38446767830328
27.0,327.0,33.36651637891894
27.0,328.0,33.34886164415934
27.0,329.0,33.33153875414605
27.0,330.0,33.314577874182156
27.0,331.0,33.29800393714356
27.0,332.0,33.281836662231136
27.0,333.0,33.26609067563982
27.0,334.0,33.25077572972234
27.0,335.0,33.2358969844804
27.0,336.0,33.221455345909845
27.0,337.0,33.2074478290376
27.0,338.0,33.193867941886026
27.0,339.0,33.18070606526923
27.0,340.0,33.16794982753065
27.0,341.0,33.155584457002
27.0,342.0,33.143593113513006
27.0,343.0,33.13195718910634
27.0,344.0,33.12065657998194
27.0,345.0,33.10966992623998
27.0,346.0,33.09897482044446
27.0,347.0,33.08854798710407
27.0,348.0,33.07836543159126
27.0,349.0,33.06840256553748
27.0,350.0,33.0586343035406
27.0,351.0,33.04903514291638
27.0,352.0,33.03957921675523
27.0,353.0,33.03024033674585
27.0,354.0,33.020992010783544
27.0,355.0,33.01180745679342
27.0,356.0,33.002659592017004
27.0,357.0,32.99352102453205
27.0,358.0,32.98436402003879
27.0,359.0,32.9751604764711
27.0,360.0,32.965881872841635
27.0,361.0,32.95649923116092
27.0,362.0,32.946983050816215
27.0,363.0,32.93730326104881
27.0,364.0,32.92742914348851
27.0,365.0,32.91732927771346
27.0,366.0,32.90697145395301
27.0,367.0,32.89632261377155
27.0,368.0,32.88534875458398
27.0,369.0,32.87401486726106
27.0,370.0,32.862284833972026
27.0,371.0,32.850121364504986
27.0,372.0,32.837485889067445
27.0,373.0,32.824338495366646
27.0,374.0,32.81063781838406
27.0,375.0,32.796340980799386
27.0,376.0,32.781403482453115
27.0,377.0,32.76577914757914
27.0,378.0,32.74942001774632
27.0,379.0,32.73227631066774
27.0,380.0,32.714296321960646
27.0,381.0,32.69542640213026
27.0,382.0,32.67561087462543
27.0,383.0,32.65479204008078
27.0,384.0,32.63291012101047
27.0,385.0,32.609903305677335
27.0,386.0,32.58570773350142
27.0,387.0,32.56025759513976
27.0,388.0,32.53348517739916
27.0,389.0,32.50532104132622
27.0,390.0,32.475694151112926
27.0,391.0,32.44453215812845
27.0,392.0,32.411761644775886
27.0,393.0,32.377308549049594
27.0,394.0,32.34109856090668
27.0,395.0,32.30305772815958
27.0,396.0,32.263113048324946
27.0,397.0,32.22119330063298
27.0,398.0,32.17722987809884
27.0,399.0,32.13115788906036
27.0,400.0,32.08291726854357
27.0,401.0,32.032454181398776
27.0,402.0,31.979722433504193
27.0,403.0,31.924685181214432
27.0,404.0,31.867316625143964
27.0,405.0,31.807603980926984
27.0,406.0,31.7455493756683
27.0,407.0,31.681171959098975
27.0,408.0,31.614509834427363
27.0,409.0,31.5456220905099
27.0,410.0,31.474590494582827
27.0,411.0,31.40152112261226
27.0,412.0,31.326545447792284
27.0,413.0,31.249821173790806
27.0,414.0,31.171532314558046
27.0,415.0,31.09188884430472
27.0,416.0,31.011125432818908
27.0,417.0,30.929499662653324
27.0,418.0,30.847289291274134
27.0,419.0,30.764789057820323
27.0,420.0,30.682306664901116
27.0,421.0,30.60015854381445
27.0,422.0,30.518665088447985
27.0,423.0,30.43814604503864
27.0,424.0,30.358915751511717
27.0,425.0,30.281278935710965
27.0,426.0,30.205526713655754
27.0,427.0,30.131933462577162
27.0,428.0,30.060754110985133
27.0,429.0,29.99222245590703
27.0,430.0,29.926549938312885
27.0,431.0,29.863925427688223
27.0,432.0,29.804515355171908
27.0,433.0,29.748464716974095
27.0,434.0,29.69589823076088
27.0,435.0,29.646922173060194
27.0,436.0,29.601626156086613
27.0,437.0,29.560085405437746
27.0,438.0,29.522362793215013
27.0,439.0,29.488511235048325
27.0,440.0,29.45857570929192
27.0,441.0,29.432595556164852
27.0,442.0,29.410606317387167
27.0,443.0,29.39264181898765
27.0,444.0,29.37873575443707
27.0,445.0,29.368923508887885
27.0,446.0,29.363243471848175
27.0,447.0,29.361738610624478
27.0,448.0,29.364457536702513
27.0,449.0,29.371455863792605
27.0,450.0,29.382797070904253
27.0,451.0,29.398553691972005
27.0,452.0,29.41880802453133
27.0,453.0,29.443653199449155
27.0,454.0,29.473193782496722
27.0,455.0,29.50754676881958
27.0,456.0,29.546842119357343
27.0,457.0,29.59122371840112
27.0,458.0,29.640849880083724
27.0,459.0,29.695894300447762
27.0,460.0,29.756546562383722
27.0,461.0,29.82301310692179
27.0,462.0,29.895517758553485
27.0,463.0,29.974302734229326
27.0,464.0,30.059629205024066
27.0,465.0,30.15177835547562
27.0,466.0,30.251051991825783
27.0,467.0,30.35777365855578
27.0,468.0,30.47228929755577
27.0,469.0,30.594968422530684
27.0,470.0,30.72620482688821
27.0,471.0,30.86641780950595
27.0,472.0,31.016052921210907
27.0,473.0,31.1755832264722
27.0,474.0,31.345510068247883
27.0,475.0,31.52636433857432
27.0,476.0,31.718707228249325
27.0,477.0,31.923131463880598
27.0,478.0,32.140261991075974
27.0,479.0,32.370757114864304
27.0,480.0,32.61530904119665
27.0,481.0,32.87464483003107
27.0,482.0,33.14952668812933
27.0,483.0,33.440752607481905
27.0,484.0,33.74915626048855
27.0,485.0,34.07560714861691
27.0,486.0,34.42100989693921
27.0,487.0,34.786303676981966
27.0,488.0,35.17246062960494
27.0,489.0,35.58048425083757
27.0,490.0,36.01140659006361
27.0,491.0,36.466285199425386
27.0,492.0,36.94619866128675
27.0,493.0,37.45224160618429
27.0,494.0,37.985518028705826
27.0,495.0,38.54713378959096
27.0,496.0,39.13818710177862
27.0,497.0,39.75975787541357
27.0,498.0,40.41289473059079
27.0,499.0,41.098600564156406
27.0,500.0,41.81781552788787
27.0,501.0,42.57139835976434
27.0,502.0,43.360105033696684
27.0,503.0,44.18456579238694
27.0,504.0,45.045259719724754
27.0,505.0,45.94248812883113
27.0,506.0,46.876346211174244
27.0,507.0,47.84669452720355
27.0,508.0,48.85313015934199
27.0,509.0,49.89495947121771
27.0,510.0,50.97117269380092
27.0,511.0,52.080422609772086
27.0,512.0,53.22100785080604
27.0,513.0,54.39086320772231
27.0,514.0,55.58755747010513
27.0,515.0,56.80830093250175
27.0,516.0,58.04996262012836
27.0,517.0,59.309098594814394
27.0,518.0,60.58199042923318
27.0,519.0,61.864694002289085
27.0,520.0,63.15309645624419
27.0,521.0,64.44298018258598
27.0,522.0,65.73009060720376
27.0,523.0,67.01020578959329
27.0,524.0,68.27920420230612
27.0,525.0,69.533128670916
27.0,526.0,70.7682433137791
27.0,527.0,71.98108224527746
27.0,528.0,73.16848802048685
27.0,529.0,74.32763980205004
27.0,530.0,75.45607054319134
27.0,531.0,76.55167430688242
27.0,532.0,77.61270404832835
27.0,533.0,78.63776168873343
27.0,534.0,79.62578133930515
27.0,535.0,80.57600769812997
27.0,536.0,81.48797054477984
27.0,537.0,82.3614571588127
27.0,538.0,83.19648336047017
27.0,539.0,83.99326460482435
27.0,540.0,84.75218749490107
27.0,541.0,85.4737827145686
27.0,542.0,86.15869943788138
27.0,543.0,86.807681844804
27.0,544.0,87.42154757703574
27.0,545.0,88.00116848645152
27.0,546.0,88.547453384304
27.0,547.0,89.06133295539672
27.0,548.0,89.5437465021474
27.0,549.0,89.99563056269716
27.0,550.0,90.4179090835668
27.0,551.0,90.81148511579894
27.0,552.0,91.1772337674125
27.0,553.0,91.51599633129938
27.0,554.0,91.82857539369057
27.0,555.0,92.11573080425477
27.0,556.0,92.37817639410758
27.0,557.0,92.61657728800182
27.0,558.0,92.83154778040786
27.0,559.0,93.02364958562774
27.0,560.0,93.19339051395738
27.0,561.0,93.34122334450981
27.0,562.0,93.46754502646075
27.0,563.0,93.57269593583332
27.0,564.0,93.65695939645917
27.0,565.0,93.72056114502078
27.0,566.0,93.7636690230703
27.0,567.0,93.78639252563941
27.0,568.0,93.7887825614749
27.0,569.0,93.77083100193269
27.0,570.0,93.73247044416502
27.0,571.0,93.67357371158546
27.0,572.0,93.5939535868921
27.0,573.0,93.49336224594128
27.0,574.0,93.3714909570221
27.0,575.0,93.2279694593053
27.0,576.0,93.06236565449149
27.0,577.0,92.87418497192401
27.0,578.0,92.66287011148171
27.0,579.0,92.42780047289234
27.0,580.0,92.16829204755291
27.0,581.0,91.88359703269032
27.0,582.0,91.57290401791771
27.0,583.0,91.23533795901034
27.0,584.0,90.86996086586991
27.0,585.0,90.47577237924584
27.0,586.0,90.05171124370355
27.0,587.0,89.59665681668162
27.0,588.0,89.10943170559574
27.0,589.0,88.58880464388932
27.0,590.0,88.03349478597038
27.0,591.0,87.44217650791852
27.0,592.0,86.81348598342319
27.0,593.0,86.14602859980064
27.0,594.0,85.43838856990445
27.0,595.0,84.6891397782613
27.0,596.0,83.89685929133043
27.0,597.0,83.06014252740952
27.0,598.0,82.17762156247656
27.0,599.0,81.24798548935898
27.0,600.0,80.27000430195899
27.0,601.0,79.24255508144442
27.0,602.0,78.16465187000786
27.0,603.0,77.03547777370868
27.0,604.0,75.85442047964392
27.0,605.0,74.62110936965598
27.0,606.0,73.33545508037335
27.0,607.0,71.99768920249552
27.0,608.0,70.60840451461144
27.0,609.0,69.16859287216668
27.0,610.0,67.67968065934738
27.0,611.0,66.14355840132299
27.0,612.0,64.56260410488423
27.0,613.0,62.93969667707737
27.0,614.0,61.27821905661289
27.0,615.0,59.582047702759375
27.0,616.0,57.85552879062257
27.0,617.0,56.1034387651802
27.0,618.0,54.3309310138773
27.0,619.0,52.54346791646163
27.0,620.0,50.746741835844674
27.0,621.0,48.9465860227501
27.0,622.0,47.148880555994424
27.0,623.0,45.35945540253204
27.0,624.0,43.58399635310414
27.0,625.0,41.82795589267221
27.0,626.0,40.09647417724214
27.0,627.0,38.39431101501396
27.0,628.0,36.72579251510841
27.0,629.0,35.09477153793226
27.0,630.0,33.50460385604218
27.0,631.0,31.958137503610782
27.0,632.0,30.457715861866735
27.0,633.0,29.005190901501326
27.0,634.0,27.601946464478445
27.0,635.0,26.248927661934587
27.0,636.0,24.946676252763467
27.0,637.0,23.69536827852857
27.0,638.0,22.49485420758436
27.0,639.0,21.344698338709062
27.0,640.0,20.24421825280213
27.0,641.0,19.19252158716021
27.0,642.0,18.18854142308316
27.0,643.0,17.231068003022123
27.0,644.0,16.31877845064649
27.0,645.0,15.450262522295661
27.0,646.0,14.624046310151833
27.0,647.0,13.838612114548914
27.0,648.0,13.092416537853985
27.0,649.0,12.383905112041008
27.0,650.0,11.71152556224526
27.0,651.0,11.07373805150492
27.0,652.0,10.469024507142361
27.0,653.0,9.895895372553603
27.0,654.0,9.352895854545267
27.0,655.0,8.838609993121787
27.0,656.0,8.351664580446963
27.0,657.0,7.890731235477746
27.0,658.0,7.4545286135346585
27.0,659.0,7.041823039901298
27.0,660.0,6.651429499886338
27.0,661.0,6.2822112630655
27.0,662.0,5.9330800298817605
27.0,663.0,5.602994873932688
27.0,664.0,5.290961826861513
27.0,665.0,4.996032381633837
27.0,666.0,4.717302722509866
27.0,667.0,4.453911966144304
27.0,668.0,4.205041185533962
27.0,669.0,3.969911515288564
27.0,670.0,3.7477830746802354
27.0,671.0,3.5379530255932683
27.0,672.0,3.3397544672624755
27.0,673.0,3.152554507469913
27.0,674.0,2.9757531776986763
27.0,675.0,2.808781557775692
27.0,676.0,2.651100742885014
27.0,677.0,2.5022000471806254
27.0,678.0,2.361596041734374
27.0,679.0,2.228830852195764
27.0,680.0,2.1034712780106943
27.0,681.0,1.985107191867427
27.0,682.0,1.873350744441231
27.0,683.0,1.767834868295702
27.0,684.0,1.6682125682586937
27.0,685.0,1.5741555290202462
27.0,686.0,1.485353488488865
27.0,687.0,1.401512946079898
27.0,688.0,1.3223566146427295
27.0,689.0,1.2476222250281204
27.0,690.0,1.1770620511268464
27.0,691.0,1.1104418054943335
27.0,692.0,1.0475402314889577
27.0,693.0,0.9881480843377741
27.0,694.0,0.9320677841552414
27.0,695.0,0.8791124767250016
27.0,696.0,0.8291057412067109
27.0,697.0,0.7818807249919866
27.0,698.0,0.7372799000888423
27.0,699.0,0.6951542666178436
27.0,700.0,0.655363152143465
27.0,701.0,0.617773478661265
27.0,702.0,0.5822595994828966
27.0,703.0,0.548702624892798
27.0,704.0,0.5169902915601565
27.0,705.0,0.4870163423905028
27.0,706.0,0.4586804238138819
27.0,707.0,0.4318875157065008
27.0,708.0,0.40654785227621754
27.0,709.0,0.3825763982710085
27.0,710.0,0.3598927895417012
27.0,711.0,0.33842085208032074
27.0,712.0,0.3180885586800494
27.0,713.0,0.2988275876530299
27.0,714.0,0.2805732923254411
27.0,715.0,0.2632642965685606
27.0,716.0,0.2468424741608242
27.0,717.0,0.2312525785267114
27.0,718.0,0.21644222926705725
27.0,719.0,0.2023615737373686
27.0,720.0,0.188963278292594
27.0,721.0,0.17620221955016907
27.0,722.0,0.16403547811652933
27.0,723.0,0.15242205757126553
27.0,724.0,0.14132287864080223
27.0,725.0,0.1307005241094918
27.0,726.0,0.12051923158215912
27.0,727.0,0.11074466267685505
27.0,728.0,0.10134389267353966
27.0,729.0,0.09228520247265794
27.0,730.0,0.08353806356325061
27.0,731.0,0.07507295134258167
27.0,732.0,0.06686132395452955
27.0,733.0,0.05887545565918729
27.0,734.0,0.05108840819251637
27.0,735.0,0.04347388295205556
27.0,736.0,0.03600618361242714
27.0,737.0,0.02866008595480942
27.0,738.0,0.02141079054075919
27.0,739.0,0.014233809059574165
27.0,740.0,0.007104905915691581
27.0,741.0,0.0
28.0,0.0,0.0
28.0,1.0,0.002556053709505121
28.0,2.0,0.0051207422351543285
28.0,3.0,0.007702728064715768
28.0,4.0,0.01031073425765359
28.0,5.0,0.012953567274242534
28.0,6.0,0.015640155490106677
28.0,7.0,0.018379567573625955
28.0,8.0,0.021181057005983155
28.0,9.0,0.024054076407520823
28.0,10.0,0.027008328464350095
28.0,11.0,0.030053776619266472
28.0,12.0,0.033200702821071626
28.0,13.0,0.03645971501584625
28.0,14.0,0.03984181215546173
28.0,15.0,0.043358388950628914
28.0,16.0,0.047021308600818226
28.0,17.0,0.05084290530178893
28.0,18.0,0.0548360651905219
28.0,19.0,0.059014227137155685
28.0,20.0,0.06339147243582954
28.0,21.0,0.06798252445441241
28.0,22.0,0.07280284764564592
28.0,23.0,0.07786864667807131
28.0,24.0,0.08319697539185945
28.0,25.0,0.08880573609124853
28.0,26.0,0.09471379912625408
28.0,27.0,0.10094100309104066
28.0,28.0,0.1075082857766014
28.0,29.0,0.11443768609107263
28.0,30.0,0.12175248719968053
28.0,31.0,0.12947722106226142
28.0,32.0,0.13763782465541374
28.0,33.0,0.14626164810946787
28.0,34.0,0.1553776249938084
28.0,35.0,0.16501628513009997
28.0,36.0,0.1752099400148661
28.0,37.0,0.18599270148746874
28.0,38.0,0.19740068346358589
28.0,39.0,0.2094720277443781
28.0,40.0,0.22224712333932087
28.0,41.0,0.23576864081565865
28.0,42.0,0.25008177059721526
28.0,43.0,0.2652342673682676
28.0,44.0,0.2812767088435576
28.0,45.0,0.2982625518545489
28.0,46.0,0.31624841319058467
28.0,47.0,0.3352941391029285
28.0,48.0,0.3554631099116312
28.0,49.0,0.376822324756372
28.0,50.0,0.39944273173930145
28.0,51.0,0.42339932982103684
28.0,52.0,0.448771526314194
28.0,53.0,0.4756432578533968
28.0,54.0,0.5041033770502894
28.0,55.0,0.5342457944380002
28.0,56.0,0.5661698960226023
28.0,57.0,0.5999807079875608
28.0,58.0,0.6357893466966948
28.0,59.0,0.6737132077051385
28.0,60.0,0.7138764494410368
28.0,61.0,0.7564102076554248
28.0,62.0,0.8014531134747991
28.0,63.0,0.8491515337640497
28.0,64.0,0.8996601234196132
28.0,65.0,0.9531420911242917
28.0,66.0,1.0097697845333509
28.0,67.0,1.069724979443325
28.0,68.0,1.1331994947675323
28.0,69.0,1.2003955010571292
28.0,70.0,1.2715261596774816
28.0,71.0,1.3468159436899365
28.0,72.0,1.426501292175688
28.0,73.0,1.5108309324247404
28.0,74.0,1.600066535583671
28.0,75.0,1.6944830235350195
28.0,76.0,1.7943692055535552
28.0,77.0,1.9000280457283463
28.0,78.0,2.011777251579659
28.0,79.0,2.129949467804486
28.0,80.0,2.254892776208041
28.0,81.0,2.3869707682687387
28.0,82.0,2.5265629005629404
28.0,83.0,2.674064381412512
28.0,84.0,2.829886306494806
28.0,85.0,2.994455272956397
28.0,86.0,3.168213195489208
28.0,87.0,3.3516165343086834
28.0,88.0,3.545135662428526
28.0,89.0,3.7492535619648697
28.0,90.0,3.964464579334583
28.0,91.0,4.191272408858962
28.0,92.0,4.430188036510716
28.0,93.0,4.6817267943813246
28.0,94.0,4.9464052606529885
28.0,95.0,5.224737140419085
28.0,96.0,5.5172288694664084
28.0,97.0,5.82437406880977
28.0,98.0,6.146647608583732
28.0,99.0,6.484498415099212
28.0,100.0,6.838341812148278
28.0,101.0,7.208550557637975
28.0,102.0,7.595445423308401
28.0,103.0,7.99928453542722
28.0,104.0,8.420252412626205
28.0,105.0,8.858448010900943
28.0,106.0,9.313872834640863
28.0,107.0,9.78641854879237
28.0,108.0,10.27585529872216
28.0,109.0,10.781820312717377
28.0,110.0,11.303808137472014
28.0,111.0,11.841162195396729
28.0,112.0,12.393069101609665
28.0,113.0,12.958555455361097
28.0,114.0,13.536488507497246
28.0,115.0,14.1255802906786
28.0,116.0,14.724396398887476
28.0,117.0,15.331368687934889
28.0,118.0,15.944812689879162
28.0,119.0,16.562948553803977
28.0,120.0,17.18392582324926
28.0,121.0,17.805850392909594
28.0,122.0,18.42681354983959
28.0,123.0,19.04492114142582
28.0,124.0,19.658322616418733
28.0,125.0,20.265237981352985
28.0,126.0,20.863982577456593
28.0,127.0,21.452988020867938
28.0,128.0,22.03081961618034
28.0,129.0,22.596189056095014
28.0,130.0,23.147963199695546
28.0,131.0,23.685168201504656
28.0,132.0,24.206990177346224
28.0,133.0,24.71277199428099
28.0,134.0,25.2020075856144
28.0,135.0,25.674333506365162
28.0,136.0,26.12951916637216
28.0,137.0,26.567455430570874
28.0,138.0,26.988142936062445
28.0,139.0,27.39167970163515
28.0,140.0,27.778249235564186
28.0,141.0,28.14810857751105
28.0,142.0,28.501577332669555
28.0,143.0,28.83902700885543
28.0,144.0,29.160871592046387
28.0,145.0,29.467558578855186
28.0,146.0,29.75956131313922
28.0,147.0,30.03737178828428
28.0,148.0,30.301494705851688
28.0,149.0,30.55244192466737
28.0,150.0,30.790728058776235
28.0,151.0,31.016866352079862
28.0,152.0,31.23136557186282
28.0,153.0,31.434727056272813
28.0,154.0,31.627442650970412
28.0,155.0,31.80999268487297
28.0,156.0,31.98284471757293
28.0,157.0,32.146452226843074
28.0,158.0,32.30125396742335
28.0,159.0,32.447673189199264
28.0,160.0,32.58611744406717
28.0,161.0,32.716978189195856
28.0,162.0,32.84063091270355
28.0,163.0,32.95743500836661
28.0,164.0,33.067734120414364
28.0,165.0,33.17185620306036
28.0,166.0,33.27011400916821
28.0,167.0,33.36280526990013
28.0,168.0,33.450213271544385
28.0,169.0,33.53260710786651
28.0,170.0,33.6102423046361
28.0,171.0,33.68336111063266
28.0,172.0,33.75219314110757
28.0,173.0,33.81695568358187
28.0,174.0,33.87785434034884
28.0,175.0,33.93508333288913
28.0,176.0,33.98882613019737
28.0,177.0,34.03925574141623
28.0,178.0,34.08653532179114
28.0,179.0,34.1308184474724
28.0,180.0,34.1722496946991
28.0,181.0,34.21096489402529
28.0,182.0,34.247091681253664
28.0,183.0,34.280749730915694
28.0,184.0,34.31205127978881
28.0,185.0,34.34110134153981
28.0,186.0,34.367998205574814
28.0,187.0,34.392833636518844
28.0,188.0,34.41569335281496
28.0,189.0,34.43665721628117
28.0,190.0,34.455799696382186
28.0,191.0,34.473190056529816
28.0,192.0,34.48889281131067
28.0,193.0,34.5029679174438
28.0,194.0,34.51547123236889
28.0,195.0,34.526454718689045
28.0,196.0,34.53596691317383
28.0,197.0,34.54405315377229
28.0,198.0,34.550756067839984
28.0,199.0,34.556115829874834
28.0,200.0,34.5601706759895
28.0,201.0,34.56295719764235
28.0,202.0,34.56451088519449
28.0,203.0,34.56486645716992
28.0,204.0,34.56405842824934
28.0,205.0,34.56212146417415
28.0,206.0,34.55909095812696
28.0,207.0,34.55500338805839
28.0,208.0,34.54989687042048
28.0,209.0,34.543811480566156
28.0,210.0,34.536789736373116
28.0,211.0,34.528876826782174
28.0,212.0,34.520120964624866
28.0,213.0,34.51057345925815
28.0,214.0,34.500288874860814
28.0,215.0,34.489324888003644
28.0,216.0,34.47774220208006
28.0,217.0,34.46560415549754
28.0,218.0,34.45297637820915
28.0,219.0,34.439926160732675
28.0,220.0,34.42652188994478
28.0,221.0,34.41283224317088
28.0,222.0,34.398925492536534
28.0,223.0,34.384868633442274
28.0,224.0,34.37072667997318
28.0,225.0,34.356561854661884
28.0,226.0,34.34243299739282
28.0,227.0,34.32839492562716
28.0,228.0,34.31449804590186
28.0,229.0,34.300787948478046
28.0,230.0,34.287305258271644
28.0,231.0,34.27408547370713
28.0,232.0,34.26115904258889
28.0,233.0,34.24855141027704
28.0,234.0,34.236283270572464
28.0,235.0,34.22437076333764
28.0,236.0,34.21282583593075
28.0,237.0,34.2016565253632
28.0,238.0,34.19086736872693
28.0,239.0,34.18045971393762
28.0,240.0,34.17043213068273
28.0,241.0,34.16078070923066
28.0,242.0,34.151499439714996
28.0,243.0,34.14258047446814
28.0,244.0,34.134014458302545
28.0,245.0,34.125790743016545
28.0,246.0,34.117897662604975
28.0,247.0,34.11032269786699
28.0,248.0,34.10305269784732
28.0,249.0,34.09607399809443
28.0,250.0,34.0893725937191
28.0,251.0,34.08293421763889
28.0,252.0,34.07674447236634
28.0,253.0,34.07078887545781
28.0,254.0,34.065052957377915
28.0,255.0,34.059522281125716
28.0,256.0,34.05418251293716
28.0,257.0,34.04901942225016
28.0,258.0,34.04401893105893
28.0,259.0,34.03916709936381
28.0,260.0,34.03445015795827
28.0,261.0,34.02985448349809
28.0,262.0,34.02536661853536
28.0,263.0,34.02097323943941
28.0,264.0,34.01666116666283
28.0,265.0,34.01241732799626
28.0,266.0,34.00822876138058
28.0,267.0,34.004082575387756
28.0,268.0,33.99996594637922
28.0,269.0,33.99586607766625
28.0,270.0,33.99177019244521
28.0,271.0,33.98766549278995
28.0,272.0,33.98353914955576
28.0,273.0,33.97937826218007
28.0,274.0,33.97516984662802
28.0,275.0,33.97090079691735
28.0,276.0,33.96655787217299
28.0,277.0,33.96212766084472
28.0,278.0,33.95759656804644
28.0,279.0,33.952950783603285
28.0,280.0,33.94817627107909
28.0,281.0,33.943258741082595
28.0,282.0,33.938183643744516
28.0,283.0,33.932936149142606
28.0,284.0,33.92750114549219
28.0,285.0,33.921863229130764
28.0,286.0,33.916006711344494
28.0,287.0,33.90991562109296
28.0,288.0,33.903573724211306
28.0,289.0,33.89696454294689
28.0,290.0,33.89007139222933
28.0,291.0,33.882877421090576
28.0,292.0,33.87536567171371
28.0,293.0,33.86751914881021
28.0,294.0,33.859320908091135
28.0,295.0,33.85075416047172
28.0,296.0,33.84180239717715
28.0,297.0,33.832449535873046
28.0,298.0,33.8226800893657
28.0,299.0,33.81247935985668
28.0,300.0,33.801833656452125
28.0,301.0,33.79073054093148
28.0,302.0,33.779159095173625
28.0,303.0,33.767110216188144
28.0,304.0,33.75457692717385
28.0,305.0,33.74155471025271
28.0,306.0,33.728041843579476
28.0,307.0,33.71403974699994
28.0,308.0,33.69955331275652
28.0,309.0,33.68459122328228
28.0,310.0,33.6691662267277
28.0,311.0,33.653295370634446
28.0,312.0,33.63700016039054
28.0,313.0,33.6203066435302
28.0,314.0,33.60324538627745
28.0,315.0,33.585851348204265
28.0,316.0,33.56816362651807
28.0,317.0,33.550225085753944
28.0,318.0,33.532081854850276
28.0,319.0,33.51378272116058
28.0,320.0,33.495378416636896
28.0,321.0,33.47692083956462
28.0,322.0,33.45846221837873
28.0,323.0,33.44005426966919
28.0,324.0,33.42174736142764
28.0,325.0,33.40358973352481
28.0,326.0,33.38562678217972
28.0,327.0,33.36790045143882
28.0,328.0,33.35044872737592
28.0,329.0,33.33330526394096
28.0,330.0,33.31649912318164
28.0,331.0,33.300054644694384
28.0,332.0,33.28399141687117
28.0,333.0,33.268324354557606
28.0,334.0,33.253063850927894
28.0,335.0,33.238216002992694
28.0,336.0,33.22378287919782
28.0,337.0,33.209762827420235
28.0,338.0,33.19615079632047
28.0,339.0,33.18293866944443
28.0,340.0,33.1701155914648
28.0,341.0,33.157668287455216
28.0,342.0,33.14558136146297
28.0,343.0,33.133837576013825
28.0,344.0,33.12241810532004
28.0,345.0,33.111302763274885
28.0,346.0,33.1004702048853
28.0,347.0,33.089898100306776
28.0,348.0,33.07956328547218
28.0,349.0,33.06944188534497
28.0,350.0,33.05950941881497
28.0,351.0,33.049740877144494
28.0,352.0,33.04011078994346
28.0,353.0,33.030593265677226
28.0,354.0,33.02116202578769
28.0,355.0,33.01179041390366
28.0,356.0,33.00245140461675
28.0,357.0,32.993117587249834
28.0,358.0,32.983761154886466
28.0,359.0,32.97435386757617
28.0,360.0,32.96486702623726
28.0,361.0,32.95527141922441
28.0,362.0,32.94553728483567
28.0,363.0,32.935634244350965
28.0,364.0,32.92553125615395
28.0,365.0,32.915196537723574
28.0,366.0,32.904597513864836
28.0,367.0,32.89370072972139
28.0,368.0,32.88247179531089
28.0,369.0,32.870875291435354
28.0,370.0,32.858874712646326
28.0,371.0,32.84643236797312
28.0,372.0,32.833509324614965
28.0,373.0,32.82006530570532
28.0,374.0,32.8060586374693
28.0,375.0,32.79144614682794
28.0,376.0,32.776183115511195
28.0,377.0,32.76022318123053
28.0,378.0,32.74351830335953
28.0,379.0,32.7260186727347
28.0,380.0,32.70767269508532
28.0,381.0,32.68842691634676
28.0,382.0,32.668226032130626
28.0,383.0,32.64701283784899
28.0,384.0,32.62472827526363
28.0,385.0,32.601311419816966
28.0,386.0,32.5766995787669
28.0,387.0,32.550828331962755
28.0,388.0,32.523631700286295
28.0,389.0,32.495042260672406
28.0,390.0,32.46499140843844
28.0,391.0,32.43340957242749
28.0,392.0,32.400226599976016
28.0,393.0,32.36537210313248
28.0,394.0,32.32877599973765
28.0,395.0,32.29036902570483
28.0,396.0,32.25008346857989
28.0,397.0,32.207853882059446
28.0,398.0,32.16361804718046
28.0,399.0,32.11731792079447
28.0,400.0,32.06890085085366
28.0,401.0,32.0183207765636
28.0,402.0,31.96553970374079
28.0,403.0,31.910529146207445
28.0,404.0,31.853271830278537
28.0,405.0,31.79376332047508
28.0,406.0,31.73201386576317
28.0,407.0,31.668050086630814
28.0,408.0,31.601916801385606
28.0,409.0,31.53367857165786
28.0,410.0,31.46342126552681
28.0,411.0,31.39125318125404
28.0,412.0,31.317306038485825
28.0,413.0,31.24173535512165
28.0,414.0,31.164720543182764
28.0,415.0,31.086464238752423
28.0,416.0,31.007191251662483
28.0,417.0,30.927146673276887
28.0,418.0,30.846593606190464
28.0,419.0,30.765810097804312
28.0,420.0,30.685085832720016
28.0,421.0,30.60471821078919
28.0,422.0,30.52500844603856
28.0,423.0,30.446257333758798
28.0,424.0,30.368761366297484
28.0,425.0,30.292808822202268
28.0,426.0,30.218676509345233
28.0,427.0,30.146626720976656
28.0,428.0,30.076905050396263
28.0,429.0,30.00973853318392
28.0,430.0,29.94533471673691
28.0,431.0,29.883881037505898
28.0,432.0,29.82554507248795
28.0,433.0,29.770474977418644
28.0,434.0,29.71880067053227
28.0,435.0,29.670635033130697
28.0,436.0,29.62607570362924
28.0,437.0,29.58520671720028
28.0,438.0,29.548100603054277
28.0,439.0,29.514820185068356
28.0,440.0,29.485420741050227
28.0,441.0,29.4599517638353
28.0,442.0,29.43845902309387
28.0,443.0,29.42098616667426
28.0,444.0,29.407576600099542
28.0,445.0,29.39827487426771
28.0,446.0,29.393128354476087
28.0,447.0,29.3921883873588
28.0,448.0,29.395511768423688
28.0,449.0,29.40316170951417
28.0,450.0,29.415209134520563
28.0,451.0,29.431733482840993
28.0,452.0,29.452823871727915
28.0,453.0,29.478579775786574
28.0,454.0,29.509112095646064
28.0,455.0,29.544543752322298
28.0,456.0,29.585010698867766
28.0,457.0,29.630662464186234
28.0,458.0,29.681663139228508
28.0,459.0,29.738191899302453
28.0,460.0,29.800443990540177
28.0,461.0,29.868631253830927
28.0,462.0,29.942983131314787
28.0,463.0,30.023747209154457
28.0,464.0,30.111190257885458
28.0,465.0,30.205598805343936
28.0,466.0,30.307280218699184
28.0,467.0,30.416563312734972
28.0,468.0,30.533799474980675
28.0,469.0,30.659363307796635
28.0,470.0,30.793653790725788
28.0,471.0,30.93709494690902
28.0,472.0,31.09013702797938
28.0,473.0,31.253257185537482
28.0,474.0,31.426960652833344
28.0,475.0,31.611781389509165
28.0,476.0,31.808283220014378
28.0,477.0,32.01706040353179
28.0,478.0,32.23873867040739
28.0,479.0,32.47397564787087
28.0,480.0,32.72346171138771
28.0,481.0,32.98792016902963
28.0,482.0,33.268107813062194
28.0,483.0,33.56481473006219
28.0,484.0,33.878864397692944
28.0,485.0,34.21111294243537
28.0,486.0,34.56244857608711
28.0,487.0,34.9337900673032
28.0,488.0,35.32608525142536
28.0,489.0,35.74030841621701
28.0,490.0,36.17745754856438
28.0,491.0,36.63855026170553
28.0,492.0,37.12461936800346
28.0,493.0,37.63670690206623
28.0,494.0,38.175857540950844
28.0,495.0,38.743110219771424
28.0,496.0,39.33948887931322
28.0,497.0,39.96599115396542
28.0,498.0,40.62357594460744
28.0,499.0,41.313148723357976
28.0,500.0,42.03554555504982
28.0,501.0,42.791514765360034
28.0,502.0,43.58169732975317
28.0,503.0,44.40660505765696
28.0,504.0,45.26659779990342
28.0,505.0,46.16185897170774
28.0,506.0,47.092370842920886
28.0,507.0,48.05788917418154
28.0,508.0,49.057918925115345
28.0,509.0,50.09169093061995
28.0,510.0,51.15814153702095
28.0,511.0,52.25589535891082
28.0,512.0,53.38325329761777
28.0,513.0,54.53818606659535
28.0,514.0,55.718335258543995
28.0,515.0,56.92102196802527
28.0,516.0,58.14326452969332
28.0,517.0,59.38180477043855
28.0,518.0,60.633143492890646
28.0,519.0,61.89358367702323
28.0,520.0,63.15928109088081
28.0,521.0,64.42629986452549
28.0,522.0,65.69067185070904
28.0,523.0,66.94845674299562
28.0,524.0,68.19580141297428
28.0,525.0,69.42899547254001
28.0,526.0,70.64452181407223
28.0,527.0,71.83909978833691
28.0,528.0,73.0097205698404
28.0,529.0,74.15367337249008
28.0,530.0,75.2685630212198
28.0,531.0,76.35231852421977
28.0,532.0,77.40319392378987
28.0,533.0,78.41976175594101
28.0,534.0,79.40090080137257
28.0,535.0,80.34577875922828
28.0,536.0,81.2538315626154
28.0,537.0,82.12473995222562
28.0,538.0,82.95840480846279
28.0,539.0,83.75492166266366
28.0,540.0,84.51455555318346
28.0,541.0,85.23771639808855
28.0,542.0,85.92493570730352
28.0,543.0,86.57684458765881
28.0,544.0,87.19415357201773
28.0,545.0,87.77763407556385
28.0,546.0,88.32810178919625
28.0,547.0,88.84640173548712
28.0,548.0,89.3333951411727
28.0,549.0,89.78994783479514
28.0,550.0,90.21692021729952
28.0,551.0,90.61515854105639
28.0,552.0,90.98548747195652
28.0,553.0,91.32870372472404
28.0,554.0,91.64557069198949
28.0,555.0,91.93681392759568
28.0,556.0,92.20311735968095
28.0,557.0,92.44512017175208
28.0,558.0,92.66341418510888
28.0,559.0,92.85854176097378
28.0,560.0,93.03099401279295
28.0,561.0,93.18120942688981
28.0,562.0,93.30957263667017
28.0,563.0,93.41641352683678
28.0,564.0,93.50200636466623
28.0,565.0,93.56656921116868
28.0,566.0,93.61026325830503
28.0,567.0,93.63319241963794
28.0,568.0,93.63540276746716
28.0,569.0,93.61688221691304
28.0,570.0,93.57755999527086
28.0,571.0,93.51730636915862
28.0,572.0,93.43593211215556
28.0,573.0,93.33318825696051
28.0,574.0,93.20876555897894
28.0,575.0,93.06229428681594
28.0,576.0,92.89334371138429
28.0,577.0,92.70142198100818
28.0,578.0,92.48597570039347
28.0,579.0,92.24638997374056
28.0,580.0,91.98198817818883
28.0,581.0,91.69203230231068
28.0,582.0,91.37572306711758
28.0,583.0,91.03220074082195
28.0,584.0,90.66054581978517
28.0,585.0,90.25978056593355
28.0,586.0,89.82887053228431
28.0,587.0,89.3667271485405
28.0,588.0,88.8722104619516
28.0,589.0,88.34413318920366
28.0,590.0,87.78126514164126
28.0,591.0,87.18233926380498
28.0,592.0,86.54605831586224
28.0,593.0,85.87110352079529
28.0,594.0,85.15614417140158
28.0,595.0,84.39984958857457
28.0,596.0,83.60090237779669
28.0,597.0,82.75801442422618
28.0,598.0,81.86994449871989
28.0,599.0,80.9355189255176
28.0,600.0,79.95365406344409
28.0,601.0,78.92338200112094
28.0,602.0,77.8438780282822
28.0,603.0,76.71449114915777
28.0,604.0,75.53477591948582
28.0,605.0,74.30452663773276
28.0,606.0,73.02381179354221
28.0,607.0,71.69300947445491
28.0,608.0,70.31284118398275
28.0,609.0,68.88440440034
28.0,610.0,67.40920089024912
28.0,611.0,65.88916080937997
28.0,612.0,64.32665932608573
28.0,613.0,62.72452575348712
28.0,614.0,61.08604200259301
28.0,615.0,59.41493073467335
28.0,616.0,57.715330612730604
28.0,617.0,55.991759957403545
28.0,618.0,54.24906730472488
28.0,619.0,52.492371510063776
28.0,620.0,50.726991247837816
28.0,621.0,48.95836792019993
28.0,622.0,47.19198295518481
28.0,623.0,45.43327439180825
28.0,624.0,43.68755416072768
28.0,625.0,41.95993098348989
28.0,626.0,40.25523981965794
28.0,627.0,38.57798195159092
28.0,628.0,36.93227545413417
28.0,629.0,35.32181882106661
28.0,630.0,33.74986609238116
28.0,631.0,32.21921496604858
28.0,632.0,30.73220508992073
28.0,633.0,29.290727140901
28.0,634.0,27.896239249268206
28.0,635.0,26.54979103244716
28.0,636.0,25.252051669768406
28.0,637.0,24.003342379023703
28.0,638.0,22.80366995414548
28.0,639.0,21.65276207218443
28.0,640.0,20.55010141802294
28.0,641.0,19.49495975591948
28.0,642.0,18.486429397173556
28.0,643.0,17.52345357122767
28.0,644.0,16.604853479481168
28.0,645.0,15.729353822645157
28.0,646.0,14.89560481348726
28.0,647.0,14.10220264783737
28.0,648.0,13.347706588163252
28.0,649.0,12.630654729667155
28.0,650.0,11.949576677118968
28.0,651.0,11.303005238156219
28.0,652.0,10.689485390068029
28.0,653.0,10.107582622228877
28.0,654.0,9.55588891439478
28.0,655.0,9.033028426950581
28.0,656.0,8.53766115485124
28.0,657.0,8.068486584125527
28.0,658.0,7.624245591432346
28.0,659.0,7.203722584073533
28.0,660.0,6.80574611197154
28.0,661.0,6.429189907031635
28.0,662.0,6.072972577163649
28.0,663.0,5.736057869570615
28.0,664.0,5.417453731995442
28.0,665.0,5.116212047398622
28.0,666.0,4.831427277848633
28.0,667.0,4.562235855526746
28.0,668.0,4.30781456898899
28.0,669.0,4.067379746189421
28.0,670.0,3.840185499469793
28.0,671.0,3.625522798327744
28.0,672.0,3.4227176563401307
28.0,673.0,3.2311301626198667
28.0,674.0,3.050152668917307
28.0,675.0,2.879208827186548
28.0,676.0,2.7177518165504253
28.0,677.0,2.5652634184973704
28.0,678.0,2.42125230975624
28.0,679.0,2.2852531950353656
28.0,680.0,2.1568251819445283
28.0,681.0,2.0355509828140903
28.0,682.0,1.9210353806924723
28.0,683.0,1.8129045058273014
28.0,684.0,1.7108043967415567
28.0,685.0,1.6144003527951056
28.0,686.0,1.5233755908566768
28.0,687.0,1.4374306725196155
28.0,688.0,1.3562822545295186
28.0,689.0,1.2796625873469825
28.0,690.0,1.2073183559548006
28.0,691.0,1.1390102452774395
28.0,692.0,1.0745118670482767
28.0,693.0,1.0136093869133107
28.0,694.0,0.9561005325183934
28.0,695.0,0.9017942767973425
28.0,696.0,0.8505099222162772
28.0,697.0,0.8020768346664154
28.0,698.0,0.7563335987854575
28.0,699.0,0.7131277969641178
28.0,700.0,0.6723152307857458
28.0,701.0,0.6337597398556123
28.0,702.0,0.5973324846107204
28.0,703.0,0.5629117999504122
28.0,704.0,0.5303825349333251
28.0,705.0,0.4996359364971188
28.0,706.0,0.4705690418535579
28.0,707.0,0.4430845879128337
28.0,708.0,0.4170904524930273
28.0,709.0,0.3924995853957411
28.0,710.0,0.36922949485038215
28.0,711.0,0.3472021965124292
28.0,712.0,0.32634374185771586
28.0,713.0,0.3065841816858538
28.0,714.0,0.287857133459538
28.0,715.0,0.2700997561890974
28.0,716.0,0.2532523539734162
28.0,717.0,0.23725835941473908
28.0,718.0,0.22206397085921717
28.0,719.0,0.20761814174265777
28.0,720.0,0.19387224924911184
28.0,721.0,0.18078008721779706
28.0,722.0,0.16829756413741287
28.0,723.0,0.15638269745214578
28.0,724.0,0.1449953389878599
28.0,725.0,0.13409716868145485
28.0,726.0,0.12365144569336844
28.0,727.0,0.11362299975037514
28.0,728.0,0.10397800633774291
28.0,729.0,0.09468397399172952
28.0,730.0,0.08570954208512514
28.0,731.0,0.07702446253315828
28.0,732.0,0.06859941878889791
28.0,733.0,0.06040600053593928
28.0,734.0,0.05241654259606099
28.0,735.0,0.04460409127478331
28.0,736.0,0.036942261953523854
28.0,737.0,0.029405195830682497
28.0,738.0,0.02196743502496342
28.0,739.0,0.014603868515708046
28.0,740.0,0.007289623623581951
28.0,741.0,0.0
29.0,0.0,0.0
29.0,1.0,0.002616898928453923
29.0,2.0,0.005242637017094914
29.0,3.0,0.007886084372172092
29.0,4.0,0.010556167836123715
29.0,5.0,0.013261907483272653
29.0,6.0,0.016012437650146955
29.0,7.0,0.018817049377071814
29.0,8.0,0.02168520708226247
29.0,9.0,0.024626597353155515
29.0,10.0,0.02765114168039497
29.0,11.0,0.030769052015406792
29.0,12.0,0.033990839998148684
29.0,13.0,0.037327379715283666
29.0,14.0,0.04078991387867968
29.0,15.0,0.044390124241732824
29.0,16.0,0.048140135214280615
29.0,17.0,0.05205259242335073
29.0,18.0,0.05614066428462233
29.0,19.0,0.06041812922835069
29.0,20.0,0.06489937578802907
29.0,21.0,0.06959949905270361
29.0,22.0,0.0745342998803232
29.0,23.0,0.07972039118436088
29.0,24.0,0.08517519693275823
29.0,25.0,0.09091706892994769
29.0,26.0,0.09696528632254554
29.0,27.0,0.10334018359772626
29.0,28.0,0.11006315138408511
29.0,29.0,0.11715677645398313
29.0,30.0,0.12464484468238284
29.0,31.0,0.13255249391427543
29.0,32.0,0.14090622002573655
29.0,33.0,0.14973404359769574
29.0,34.0,0.1590655201116854
29.0,35.0,0.16893192145757824
29.0,36.0,0.1793662513909028
29.0,37.0,0.19040344299392858
29.0,38.0,0.20208038062092845
29.0,39.0,0.2144361145277598
29.0,40.0,0.22751189063434843
29.0,41.0,0.24135138363556932
29.0,42.0,0.25600073601390244
29.0,43.0,0.27150881104079017
29.0,44.0,0.28792724257305424
29.0,45.0,0.30531070944441746
29.0,46.0,0.3237169976714096
29.0,47.0,0.3432072978129055
29.0,48.0,0.3638462812872037
29.0,49.0,0.3857024223342
29.0,50.0,0.40884809019444646
29.0,51.0,0.43335989733146635
29.0,52.0,0.4593188092312749
29.0,53.0,0.4868105205142805
29.0,54.0,0.5159255840600657
29.0,55.0,0.5467598165361685
29.0,56.0,0.5794144484109639
29.0,57.0,0.6139965602191568
29.0,58.0,0.6506192547591929
29.0,59.0,0.6894021250606671
29.0,60.0,0.7304714496234231
29.0,61.0,0.7739606924944598
29.0,62.0,0.8200107217293576
29.0,63.0,0.8687703411515313
29.0,64.0,0.920396531217634
29.0,65.0,0.9750550108223317
29.0,66.0,1.0329204983157279
29.0,67.0,1.0941773000039632
29.0,68.0,1.1590195870519409
29.0,69.0,1.2276520049470487
29.0,70.0,1.3002899592348223
29.0,71.0,1.3771602369449314
29.0,72.0,1.4585012903079917
29.0,73.0,1.5445638567164475
29.0,74.0,1.6356112244514978
29.0,75.0,1.7319198318257805
29.0,76.0,1.8337794921331823
29.0,77.0,1.9414939447813184
29.0,78.0,2.0553810077137515
29.0,79.0,2.1757730431049453
29.0,80.0,2.3030169938832388
29.0,81.0,2.4374747134000825
29.0,82.0,2.5795228278700892
29.0,83.0,2.729552862824438
29.0,84.0,2.8879708548130676
29.0,85.0,3.0551971870289774
29.0,86.0,3.231665851249903
29.0,87.0,3.4178238807535593
29.0,88.0,3.614130137497388
29.0,89.0,3.821054203045539
29.0,90.0,4.039074537678128
29.0,91.0,4.268676661551536
29.0,92.0,4.510350504788368
29.0,93.0,4.764587685698996
29.0,94.0,5.031877849624554
29.0,95.0,5.312704836244802
29.0,96.0,5.6075417996135215
29.0,97.0,5.916846064338352
29.0,98.0,6.241052844449949
29.0,99.0,6.580568635879641
29.0,100.0,6.935763427499561
29.0,101.0,7.306962587066762
29.0,102.0,7.694437607655392
29.0,103.0,8.098396639906321
29.0,104.0,8.518974063075026
29.0,105.0,8.956220115233073
29.0,106.0,9.410089929072322
29.0,107.0,9.88043310950777
29.0,108.0,10.366983307969814
29.0,109.0,10.869349047926857
29.0,110.0,11.387005353506149
29.0,111.0,11.919287521712564
29.0,112.0,12.465386633063618
29.0,113.0,13.024348146599069
29.0,114.0,13.595073113199156
29.0,115.0,14.176323232168945
29.0,116.0,14.766729085254287
29.0,117.0,15.364802509220047
29.0,118.0,15.96895211221093
29.0,119.0,16.577502529535693
29.0,120.0,17.18871604035225
29.0,121.0,17.80081677803277
29.0,122.0,18.412015842389444
29.0,123.0,19.02053731838948
29.0,124.0,19.62464338823959
29.0,125.0,20.222658541396843
29.0,126.0,20.812991190827308
29.0,127.0,21.394152928079265
29.0,128.0,21.964774038924972
29.0,129.0,22.523615874865722
29.0,130.0,23.069579086123863
29.0,131.0,23.60170867678373
29.0,132.0,24.11919521676369
29.0,133.0,24.62137343500134
29.0,134.0,25.10771772839768
29.0,135.0,25.577835931816892
29.0,136.0,26.03146094464426
29.0,137.0,26.468441553678787
29.0,138.0,26.888732004957895
29.0,139.0,27.292381578300116
29.0,140.0,27.679523620199426
29.0,141.0,28.050365170514482
29.0,142.0,28.405176530121594
29.0,143.0,28.744281789175627
29.0,144.0,29.06804956961445
29.0,145.0,29.376884906611153
29.0,146.0,29.67122145510143
29.0,147.0,29.951514877237432
29.0,148.0,30.218236556102877
29.0,149.0,30.47186844630738
29.0,150.0,30.7128981881668
29.0,151.0,30.941815268834045
29.0,152.0,31.159107354524338
29.0,153.0,31.36525756193947
29.0,154.0,31.560741800915416
29.0,155.0,31.74602694814017
29.0,156.0,31.921568997936266
29.0,157.0,32.08781194508164
29.0,158.0,32.24518656272439
29.0,159.0,32.394109826520754
29.0,160.0,32.5349841663302
29.0,161.0,32.66819729240054
29.0,162.0,32.79412179581632
29.0,163.0,32.91311526488475
29.0,164.0,33.02552013531575
29.0,165.0,33.13166400926491
29.0,166.0,33.23185967862985
29.0,167.0,33.326405579679346
29.0,168.0,33.41558593137801
29.0,169.0,33.499671275201344
29.0,170.0,33.57891868529028
29.0,171.0,33.65357235630713
29.0,172.0,33.7238638539493
29.0,173.0,33.79001272406375
29.0,174.0,33.85222676115657
29.0,175.0,33.9107026199927
29.0,176.0,33.965626086746724
29.0,177.0,34.01717268046527
29.0,178.0,34.065507916877614
29.0,179.0,34.11078789181766
29.0,180.0,34.15315953184213
29.0,181.0,34.192761155354304
29.0,182.0,34.229722707383765
29.0,183.0,34.26416629701208
29.0,184.0,34.296206416208264
29.0,185.0,34.32595045445363
29.0,186.0,34.353498903597085
29.0,187.0,34.378945852480015
29.0,188.0,34.402379181514156
29.0,189.0,34.42388104172536
29.0,190.0,34.44352804423909
29.0,191.0,34.46139172953429
29.0,192.0,34.477538758247725
29.0,193.0,34.49203137750929
29.0,194.0,34.504927620347566
29.0,195.0,34.51628177660874
29.0,196.0,34.526144608536605
29.0,197.0,34.53456383365732
29.0,198.0,34.541584363437494
29.0,199.0,34.547248804183575
29.0,200.0,34.55159772350724
29.0,201.0,34.554670172129626
29.0,202.0,34.55650397854753
29.0,203.0,34.55713628898437
29.0,204.0,34.55660388354225
29.0,205.0,34.554943722924584
29.0,206.0,34.55219326923632
29.0,207.0,34.54839101664531
29.0,208.0,34.54357678749909
29.0,209.0,34.537792211106435
29.0,210.0,34.53108095309822
29.0,211.0,34.523489095031785
29.0,212.0,34.515065245905355
29.0,213.0,34.505860770122666
29.0,214.0,34.49592973016545
29.0,215.0,34.485328917140954
29.0,216.0,34.47411758787748
29.0,217.0,34.462357274597586
29.0,218.0,34.450111309788255
29.0,219.0,34.4374444282348
29.0,220.0,34.42442211417589
29.0,221.0,34.41111005159235
29.0,222.0,34.39757336872495
29.0,223.0,34.38387602722766
29.0,224.0,34.37008006450405
29.0,225.0,34.356245025719524
29.0,226.0,34.3424273043419
29.0,227.0,34.32867970749338
29.0,228.0,34.31505096956255
29.0,229.0,34.301585506531644
29.0,230.0,34.288323136818356
29.0,231.0,34.27529903742437
29.0,232.0,34.26254366486402
29.0,233.0,34.250082889155976
29.0,234.0,34.237938077465365
29.0,235.0,34.226126359507184
29.0,236.0,34.21466082212269
29.0,237.0,34.203550852844074
29.0,238.0,34.19280239338533
29.0,239.0,34.182418313148354
29.0,240.0,34.17239867848211
29.0,241.0,34.16274111925705
29.0,242.0,34.15344108334496
29.0,243.0,34.14449217224716
29.0,244.0,34.13588636260626
29.0,245.0,34.127614298212855
29.0,246.0,34.119665470360026
29.0,247.0,34.11202846206727
29.0,248.0,34.10469108609361
29.0,249.0,34.097640582786966
29.0,250.0,34.09086371883414
29.0,251.0,34.08434694326136
29.0,252.0,34.07807645214473
29.0,253.0,34.07203830863406
29.0,254.0,34.06621847955436
29.0,255.0,34.060602925535385
29.0,256.0,34.055177615272854
29.0,257.0,34.04992859141686
29.0,258.0,34.04484196764921
29.0,259.0,34.039903975256635
29.0,260.0,34.0351009473935
29.0,261.0,34.0304193504566
29.0,262.0,34.02584575910388
29.0,263.0,34.02136687577928
29.0,264.0,34.01696949933608
29.0,265.0,34.01264053539276
29.0,266.0,34.00836696080445
29.0,267.0,34.004135826988104
29.0,268.0,33.999934222008946
29.0,269.0,33.995749268599845
29.0,270.0,33.991568085280434
29.0,271.0,33.9873777805061
29.0,272.0,33.98316541400905
29.0,273.0,33.97891798834005
29.0,274.0,33.97462241150662
29.0,275.0,33.97026548711035
29.0,276.0,33.96583387935314
29.0,277.0,33.96131410302244
29.0,278.0,33.95669249204265
29.0,279.0,33.95195519072164
29.0,280.0,33.947088127244854
29.0,281.0,33.94207700787414
29.0,282.0,33.93690729712278
29.0,283.0,33.93156421699968
29.0,284.0,33.92603273607101
29.0,285.0,33.92029757637301
29.0,286.0,33.914343214161356
29.0,287.0,33.90815389777096
29.0,288.0,33.901713663565104
29.0,289.0,33.895006368775825
29.0,290.0,33.88801572695193
29.0,291.0,33.88072536060797
29.0,292.0,33.873118861245075
29.0,293.0,33.86517986734854
29.0,294.0,33.85689215465276
29.0,295.0,33.84823974544107
29.0,296.0,33.839207034872054
29.0,297.0,33.82977893730685
29.0,298.0,33.81994105378955
29.0,299.0,33.80967985976211
29.0,300.0,33.79898291662575
29.0,301.0,33.787839102065334
29.0,302.0,33.776238864334324
29.0,303.0,33.76417449081805
29.0,304.0,33.751640396654714
29.0,305.0,33.73863341862819
29.0,306.0,33.7251531197098
29.0,307.0,33.7112020840046
29.0,308.0,33.6967862064088
29.0,309.0,33.681914951444355
29.0,310.0,33.666601584593565
29.0,311.0,33.65086334647655
29.0,312.0,33.634721573512195
29.0,313.0,33.61820173382539
29.0,314.0,33.60133338508057
29.0,315.0,33.584150025283954
29.0,316.0,33.56668884999357
29.0,317.0,33.548990393589605
29.0,318.0,33.531098078241854
29.0,319.0,33.51305765799542
29.0,320.0,33.494916593118646
29.0,321.0,33.476723352085656
29.0,322.0,33.458526685571385
29.0,323.0,33.44037487619678
29.0,324.0,33.42231501188392
29.0,325.0,33.40439228667665
29.0,326.0,33.38664937315984
29.0,327.0,33.36912586420995
29.0,328.0,33.3518578187187
29.0,329.0,33.33487739933242
29.0,330.0,33.318212625058834
29.0,331.0,33.30188721730841
29.0,332.0,33.285920551703256
29.0,333.0,33.27032768794763
29.0,334.0,33.25511948296296
29.0,335.0,33.24030275769545
29.0,336.0,33.22588051932522
29.0,337.0,33.211852211328626
29.0,338.0,33.19821399229472
29.0,339.0,33.18495902061579
29.0,340.0,33.17207774633864
29.0,341.0,33.15955819322551
29.0,342.0,33.1473862326838
29.0,343.0,33.13554583881747
29.0,344.0,33.12401932585207
29.0,345.0,33.11278756315357
29.0,346.0,33.1018301675781
29.0,347.0,33.091125673965536
29.0,348.0,33.080651680860846
29.0,349.0,33.070384977576566
29.0,350.0,33.060301646007694
29.0,351.0,33.050377148494285
29.0,352.0,33.040586390613214
29.0,353.0,33.03090377544219
29.0,354.0,33.02130323293956
29.0,355.0,33.01175824645275
29.0,356.0,33.002241854165355
29.0,357.0,32.99272665330511
29.0,358.0,32.98318477856859
29.0,359.0,32.97358788881468
29.0,360.0,32.96390712665104
29.0,361.0,32.95411309167088
29.0,362.0,32.94417578467474
29.0,363.0,32.93406457085101
29.0,364.0,32.923748111509404
29.0,365.0,32.91319432009198
29.0,366.0,32.90237028386289
29.0,367.0,32.89124221530543
29.0,368.0,32.87977536597586
29.0,369.0,32.867933975716085
29.0,370.0,32.85568118085815
29.0,371.0,32.84297896378144
29.0,372.0,32.829788057870196
29.0,373.0,32.816067900292936
29.0,374.0,32.801776536596726
29.0,375.0,32.78687058021884
29.0,376.0,32.77130512038734
29.0,377.0,32.75503369283629
29.0,378.0,32.73800819582467
29.0,379.0,32.72017887787347
29.0,380.0,32.70149426827646
29.0,381.0,32.68190118947659
29.0,382.0,32.661344710489644
29.0,383.0,32.63976819385471
29.0,384.0,32.61711328298601
29.0,385.0,32.593319996515476
29.0,386.0,32.56832676375746
29.0,387.0,32.54207058270989
29.0,388.0,32.514487121516304
29.0,389.0,32.48551096030026
29.0,390.0,32.45507578055319
29.0,391.0,32.423114715051895
29.0,392.0,32.38956065105895
29.0,393.0,32.35434671621234
29.0,394.0,32.31740672448241
29.0,395.0,32.27867582805583
29.0,396.0,32.238091135779406
29.0,397.0,32.1955925599754
29.0,398.0,32.15112363353296
29.0,399.0,32.10463257381503
29.0,400.0,32.05607331378093
29.0,401.0,32.005406789501215
29.0,402.0,31.952602179324924
29.0,403.0,31.89763839360441
29.0,404.0,31.840505480825335
29.0,405.0,31.781206255499978
29.0,406.0,31.719757780100856
29.0,407.0,31.65619301030039
29.0,408.0,31.59056219966746
29.0,409.0,31.52293437704675
29.0,410.0,31.453398457885907
29.0,411.0,31.38206431171367
29.0,412.0,31.30906331949015
29.0,413.0,31.234548763877843
29.0,414.0,31.158695573092015
29.0,415.0,31.08169980063361
29.0,416.0,31.0037773680151
29.0,417.0,30.92516251275773
29.0,418.0,30.84610549337775
29.0,419.0,30.76687006842696
29.0,420.0,30.68773033347277
29.0,421.0,30.60896750775104
29.0,422.0,30.530866276246336
29.0,423.0,30.453711334579165
29.0,424.0,30.377783736696678
29.0,425.0,30.303357715996878
29.0,426.0,30.23069753928561
29.0,427.0,30.160055055011775
29.0,428.0,30.09166742703401
29.0,429.0,30.025755687041176
29.0,430.0,29.962523518592327
29.0,431.0,29.902156877261742
29.0,432.0,29.844823789362813
29.0,433.0,29.79067491963832
29.0,434.0,29.739844198367386
29.0,435.0,29.69245010454876
29.0,436.0,29.648596863492102
29.0,437.0,29.608376179729436
29.0,438.0,29.57186874640906
29.0,439.0,29.539146187697302
29.0,440.0,29.510272666068232
29.0,441.0,29.48530685105039
29.0,442.0,29.464303473890112
29.0,443.0,29.447315204131108
29.0,444.0,29.434394063290117
29.0,445.0,29.425593147767877
29.0,446.0,29.420967863507904
29.0,447.0,29.4205774765794
29.0,448.0,29.424486166100326
29.0,449.0,29.43276441189604
29.0,450.0,29.44548988449093
29.0,451.0,29.462748694963942
29.0,452.0,29.484636151651944
29.0,453.0,29.51125790406326
29.0,454.0,29.54273059943433
29.0,455.0,29.57918295345209
29.0,456.0,29.620756338759506
29.0,457.0,29.667605812686542
29.0,458.0,29.71990066621933
29.0,459.0,29.77782543457192
29.0,460.0,29.841580430287877
29.0,461.0,29.91138275725544
29.0,462.0,29.987466846180148
29.0,463.0,30.070085487002746
29.0,464.0,30.159510379219622
29.0,465.0,30.25603319169498
29.0,466.0,30.35996613416457
29.0,467.0,30.471643046979125
29.0,468.0,30.59141999334566
29.0,469.0,30.719676374250867
29.0,470.0,30.85681553314887
29.0,471.0,31.00326588269478
29.0,472.0,31.159481504111334
29.0,473.0,31.325943261778452
29.0,474.0,31.50315936769779
29.0,475.0,31.691666446656967
29.0,476.0,31.89203002121193
29.0,477.0,32.10484547315375
29.0,478.0,32.330738385253426
29.0,479.0,32.57036532305143
29.0,480.0,32.82441394515315
29.0,481.0,33.093603501799386
29.0,482.0,33.37868459462279
29.0,483.0,33.68043925394176
29.0,484.0,33.999680190590325
29.0,485.0,34.337250271595224
29.0,486.0,34.69402106045868
29.0,487.0,35.07089146075892
29.0,488.0,35.46878528766288
29.0,489.0,35.88864879247797
29.0,490.0,36.33144694982252
29.0,491.0,36.79815951741835
29.0,492.0,37.28977566639925
29.0,493.0,37.807288178310706
29.0,494.0,38.35168600219647
29.0,495.0,38.92394616025242
29.0,496.0,39.52502380430743
29.0,497.0,40.15584141748721
29.0,498.0,40.81727599450366
29.0,499.0,41.51014522463788
29.0,500.0,42.23519157592689
29.0,501.0,42.993065370484544
29.0,502.0,43.78430586096459
29.0,503.0,44.60932151171289
29.0,504.0,45.4683686619026
29.0,505.0,46.36152994065059
29.0,506.0,47.288691833055815
29.0,507.0,48.24952297569628
29.0,508.0,49.24345283370309
29.0,509.0,50.26965255090572
29.0,510.0,51.32701785548916
29.0,511.0,52.41415595826007
29.0,512.0,53.52937644586769
29.0,513.0,54.670688085354044
29.0,514.0,55.835801449397806
29.0,515.0,57.0221389970407
29.0,516.0,58.22685214128108
29.0,517.0,59.44684636221774
29.0,518.0,60.678813254107325
29.0,519.0,61.91926977908442
29.0,520.0,63.164602860837526
29.0,521.0,64.41111880978583
29.0,522.0,65.65509510355639
29.0,523.0,66.89283350956649
29.0,524.0,68.12071185961756
29.0,525.0,69.33523342712269
29.0,526.0,70.53307150294738
29.0,527.0,71.7111085528916
29.0,528.0,72.86646823440371
29.0,529.0,73.99654036451668
29.0,530.0,75.09899794366027
29.0,531.0,76.17180704118552
29.0,532.0,77.21322936208374
29.0,533.0,78.22181880496811
29.0,534.0,79.19641228034057
29.0,535.0,80.13611630919983
29.0,536.0,81.0402898352461
29.0,537.0,81.90852472020283
29.0,538.0,82.74062430648632
29.0,539.0,83.53658130028451
29.0,540.0,84.29655519940275
29.0,541.0,85.02085023559013
29.0,542.0,85.70989387248383
29.0,543.0,86.36421655048589
29.0,544.0,86.98443256747034
29.0,545.0,87.57122255091828
29.0,546.0,88.12531731189237
29.0,547.0,88.64748335422685
29.0,548.0,89.13850978598332
29.0,549.0,89.5991967728119
29.0,550.0,90.03034528261848
29.0,551.0,90.43274816439451
29.0,552.0,90.80718234607656
29.0,553.0,91.15440212222312
29.0,554.0,91.47513337334706
29.0,555.0,91.77006863014927
29.0,556.0,92.03986289397041
29.0,557.0,92.2851300763401
29.0,558.0,92.5064400447199
29.0,559.0,92.70431608938291
29.0,560.0,92.87923287672481
29.0,561.0,93.03161465571452
29.0,562.0,93.16183386120493
29.0,563.0,93.27020983094985
29.0,564.0,93.35700785763267
29.0,565.0,93.42243824082641
29.0,566.0,93.46665563655871
29.0,567.0,93.48975831550491
29.0,568.0,93.49178770265256
29.0,569.0,93.47272775398379
29.0,570.0,93.4325046172232
29.0,571.0,93.37098607568277
29.0,572.0,93.28798129582879
29.0,573.0,93.18324032067177
29.0,574.0,93.05645390294335
29.0,575.0,92.90725306347561
29.0,576.0,92.73520904226638
29.0,577.0,92.53983297188495
29.0,578.0,92.32057601483484
29.0,579.0,92.07682924037829
29.0,580.0,91.80792405761503
29.0,581.0,91.51313242844928
29.0,582.0,91.19166775384372
29.0,583.0,90.8426856079944
29.0,584.0,90.46528529212864
29.0,585.0,90.05851133683414
29.0,586.0,89.62135600461667
29.0,587.0,89.15276187915609
29.0,588.0,88.65162567410958
29.0,589.0,88.11680230807303
29.0,590.0,87.54711045937428
29.0,591.0,86.94133860809625
29.0,592.0,86.29825285646956
29.0,593.0,85.61660549260091
29.0,594.0,84.8951456574083
29.0,595.0,84.13263102742259
29.0,596.0,83.3278419247261
29.0,597.0,82.47959669423547
29.0,598.0,81.58676978119837
29.0,599.0,80.64831124231071
29.0,600.0,79.66326909902455
29.0,601.0,78.63081310825729
29.0,602.0,77.55026127141038
29.0,603.0,76.42110743125485
29.0,604.0,75.24305111352682
29.0,605.0,74.01602766267796
29.0,606.0,72.7402395900912
29.0,607.0,71.41618682461824
29.0,608.0,70.0446965024054
29.0,609.0,68.62694961917288
29.0,610.0,67.16450493324506
29.0,611.0,65.65931716844248
29.0,612.0,64.11374981069785
29.0,613.0,62.53057950360814
29.0,614.0,60.91299253884337
29.0,615.0,59.26457076424342
29.0,616.0,57.589268004170656
29.0,617.0,55.89137504089497
29.0,618.0,54.17547521903308
29.0,619.0,52.44638973852719
29.0,620.0,50.709115821891274
29.0,621.0,48.9687578307486
29.0,622.0,47.23045543946809
29.0,623.0,45.499309565951144
29.0,624.0,43.780310540503315
29.0,625.0,42.07826918663357
29.0,626.0,40.397754973864245
29.0,627.0,38.74304123897901
29.0,628.0,37.118060765927815
29.0,629.0,35.526370658978955
29.0,630.0,33.97112872772658
29.0,631.0,32.45507924968518
29.0,632.0,30.98054941354118
29.0,633.0,29.549453530906373
29.0,634.0,28.163305772671606
29.0,635.0,26.82323814851439
29.0,636.0,25.53002433497502
29.0,637.0,24.28410606321179
29.0,638.0,23.08562281729888
29.0,639.0,21.93444177728224
29.0,640.0,20.8301890571185
29.0,641.0,19.772279487907042
29.0,642.0,18.759946327998087
29.0,643.0,17.792268459992965
29.0,644.0,16.86819674432867
29.0,645.0,15.986577340172197
29.0,646.0,15.146173876361676
29.0,647.0,14.345686460013937
29.0,648.0,13.583769541525168
29.0,649.0,12.859046733731287
29.0,650.0,12.17012467587378
29.0,651.0,11.515604099669215
29.0,652.0,10.8940902133869
29.0,653.0,10.304200587268143
29.0,654.0,9.744572650839014
29.0,655.0,9.21386899226526
29.0,656.0,8.71078254676092
29.0,657.0,8.234039862145867
29.0,658.0,7.782404495391833
29.0,659.0,7.354678724073447
29.0,660.0,6.949705589101484
29.0,661.0,6.566369450311251
29.0,662.0,6.203597032538212
29.0,663.0,5.860357145285071
29.0,664.0,5.535661015055111
29.0,665.0,5.228561419688719
29.0,666.0,4.938152525949162
29.0,667.0,4.6635686307515805
29.0,668.0,4.403983670209962
29.0,669.0,4.158609712533078
29.0,670.0,3.9266962624119186
29.0,671.0,3.707528612741194
29.0,672.0,3.5004270350152873
29.0,673.0,3.304745067777741
29.0,674.0,3.1198686580779644
29.0,675.0,2.94521444214277
29.0,676.0,2.7802288834657896
29.0,677.0,2.6243865842537883
29.0,678.0,2.4771894510900125
29.0,679.0,2.338165063050817
29.0,680.0,2.206865885025248
29.0,681.0,2.0828677090505847
29.0,682.0,1.9657689274089052
29.0,683.0,1.855189056912732
29.0,684.0,1.75076807814106
29.0,685.0,1.652165047504048
29.0,686.0,1.5590575048838038
29.0,687.0,1.4711401748430006
29.0,688.0,1.3881244420808836
29.0,689.0,1.3097371407582707
29.0,690.0,1.235720095246289
29.0,691.0,1.16582899493989
29.0,692.0,1.0998329965221938
29.0,693.0,1.037513680618649
29.0,694.0,0.978664711039498
29.0,695.0,0.9230908690274684
29.0,696.0,0.8706077645364756
29.0,697.0,0.8210409435276377
29.0,698.0,0.7742256461904464
29.0,699.0,0.7300059826557432
29.0,700.0,0.6882347330892917
29.0,701.0,0.6487725872499747
29.0,702.0,0.6114879815280742
29.0,703.0,0.576256397933575
29.0,704.0,0.5429602333707084
29.0,705.0,0.511488153859191
29.0,706.0,0.4817349916022543
29.0,707.0,0.4536011504970405
29.0,708.0,0.42699252684344746
29.0,709.0,0.4018199624702035
29.0,710.0,0.3779991852307837
29.0,711.0,0.3554503063457849
29.0,712.0,0.33409777712898103
29.0,713.0,0.3138699274154719
29.0,714.0,0.29469893524817076
29.0,715.0,0.27652040351870333
29.0,716.0,0.25927333961735005
29.0,717.0,0.24289976765589227
29.0,718.0,0.22734471533919087
29.0,719.0,0.2125558593637415
29.0,720.0,0.19848351700491432
29.0,721.0,0.18508032249063008
29.0,722.0,0.17230122101400605
29.0,723.0,0.16010317406780464
29.0,724.0,0.14844515378766723
29.0,725.0,0.13728787539985324
29.0,726.0,0.1265937899756641
29.0,727.0,0.11632684229285409
29.0,728.0,0.10645246023779097
29.0,729.0,0.09693733651035386
29.0,730.0,0.08774941304753915
29.0,731.0,0.07885768511333989
29.0,732.0,0.07023217923664764
29.0,733.0,0.061843778322235685
29.0,734.0,0.05366419169769671
29.0,735.0,0.04566579995991039
29.0,736.0,0.03782161581112096
29.0,737.0,0.030105147417778533
29.0,738.0,0.022490348785355916
29.0,739.0,0.014951500453745926
29.0,740.0,0.007463148214606351
29.0,741.0,0.0
30.0,0.0,0.0
30.0,1.0,0.0026736672194155498
30.0,2.0,0.005356365491193605
30.0,3.0,0.008057154789762343
30.0,4.0,0.010785158402447596
30.0,5.0,0.013549586784805
30.0,6.0,0.016359777822305792
30.0,7.0,0.019225216025966274
30.0,8.0,0.02215557907207886
30.0,9.0,0.025160752755267003
30.0,10.0,0.02825088422364538
30.0,11.0,0.03143639312171389
30.0,12.0,0.03472803195369201
30.0,13.0,0.03813689386926751
30.0,14.0,0.041674480608499646
30.0,15.0,0.045352707409520854
30.0,16.0,0.04918397901449447
30.0,17.0,0.053181192210125794
30.0,18.0,0.05735782040587333
30.0,19.0,0.061727914355774814
30.0,20.0,0.0663061958576448
30.0,21.0,0.07110805724848843
30.0,22.0,0.07614966481697341
30.0,23.0,0.0814479577148093
30.0,24.0,0.08702076172454613
30.0,25.0,0.09288678828592918
30.0,26.0,0.0990657593171936
30.0,27.0,0.10557840711869573
30.0,28.0,0.11244661100841002
30.0,29.0,0.1196933989351151
30.0,30.0,0.12734309675769592
30.0,31.0,0.13542133247669594
30.0,32.0,0.1439551990620322
30.0,33.0,0.1529732622944466
30.0,34.0,0.16250573812682145
30.0,35.0,0.17258450521527102
30.0,36.0,0.18324329788446858
30.0,37.0,0.1945177245206357
30.0,38.0,0.20644547729967444
30.0,39.0,0.21906635770930605
30.0,40.0,0.23242250428809402
30.0,41.0,0.24655842663873126
30.0,42.0,0.2615212525129581
30.0,43.0,0.2773607717685666
30.0,44.0,0.29412970421507606
30.0,45.0,0.3118837550478599
30.0,46.0,0.330681904935685
30.0,47.0,0.3505864785287506
30.0,48.0,0.3716634583127678
30.0,49.0,0.3939825678230358
30.0,50.0,0.41761761079827875
30.0,51.0,0.44264657072575775
30.0,52.0,0.46915197678486803
30.0,53.0,0.4972210212792943
30.0,54.0,0.5269459537429337
30.0,55.0,0.5584242176582676
30.0,56.0,0.591758873875559
30.0,57.0,0.6270587577374017
30.0,58.0,0.6644389325966347
30.0,59.0,0.704020868019786
30.0,60.0,0.7459329236274171
30.0,61.0,0.7903105483739611
30.0,62.0,0.8372967941077043
30.0,63.0,0.8870425349430481
30.0,64.0,0.9397070087569013
30.0,65.0,0.9954580542802078
30.0,66.0,1.0544726770980277
30.0,67.0,1.1169373001598841
30.0,68.0,1.1830483485849823
30.0,69.0,1.2530125066596391
30.0,70.0,1.3270473126807594
30.0,71.0,1.4053814119650931
30.0,72.0,1.4882551488614686
30.0,73.0,1.5759208005841416
30.0,74.0,1.6686431481048094
30.0,75.0,1.766699669432114
30.0,76.0,1.8703810640238259
30.0,77.0,1.9799913761085808
30.0,78.0,2.095848438158768
30.0,79.0,2.218283884596654
30.0,80.0,2.347643468342422
30.0,81.0,2.4842869123763904
30.0,82.0,2.62858803906284
30.0,83.0,2.780934391243933
30.0,84.0,2.9417270967155478
30.0,85.0,3.111380171714313
30.0,86.0,3.290320022681582
30.0,87.0,3.478984323526819
30.0,88.0,3.6778210343631192
30.0,89.0,3.887286720949472
30.0,90.0,4.107844947167368
30.0,91.0,4.33996388305753
30.0,92.0,4.584113907850798
30.0,93.0,4.840764336560114
30.0,94.0,5.110380059249053
30.0,95.0,5.393417212629319
30.0,96.0,5.690318688098258
30.0,97.0,6.001508595268119
30.0,98.0,6.327386509132342
30.0,99.0,6.668320631814237
30.0,100.0,7.024640734563705
30.0,101.0,7.396630039888705
30.0,102.0,7.784516964763616
30.0,103.0,8.188465934363368
30.0,104.0,8.608568262506186
30.0,105.0,9.044832378565433
30.0,106.0,9.497174489347495
30.0,107.0,9.965409039930163
30.0,108.0,10.449240159599249
30.0,109.0,10.948253537638998
30.0,110.0,11.461909994592075
30.0,111.0,11.98954024167644
30.0,112.0,12.5303421210648
30.0,113.0,13.083379797843948
30.0,114.0,13.64758613457608
30.0,115.0,14.22176759601885
30.0,116.0,14.804612742753644
30.0,117.0,15.39470343063659
30.0,118.0,15.990529506557627
30.0,119.0,16.590505817076984
30.0,120.0,17.192992017426654
30.0,121.0,17.796313709194855
30.0,122.0,18.398785151621098
30.0,123.0,18.998731896884582
30.0,124.0,19.59451350121912
30.0,125.0,20.184544662309502
30.0,126.0,20.76731502775137
30.0,127.0,21.341406203106466
30.0,128.0,21.905506446754664
30.0,129.0,22.4584218684608
30.0,130.0,22.99908492172385
30.0,131.0,23.526559307294995
30.0,132.0,24.0400423460785
30.0,133.0,24.53886416955145
30.0,134.0,25.022484957989505
30.0,135.0,25.490489697981612
30.0,136.0,25.94258175122849
30.0,137.0,26.378574728038476
30.0,138.0,26.798383930377543
30.0,139.0,27.202016809985917
30.0,140.0,27.589563626924487
30.0,141.0,27.961187673297943
30.0,142.0,28.31711614989906
30.0,143.0,28.65763097624279
30.0,144.0,28.983060529485005
30.0,145.0,29.293771522293834
30.0,146.0,29.590161940039927
30.0,147.0,29.872654197672297
30.0,148.0,30.141689381534803
30.0,149.0,30.397721707354417
30.0,150.0,30.641214022359225
30.0,151.0,30.872633470609607
30.0,152.0,31.092448125753076
30.0,153.0,31.301123710567495
30.0,154.0,31.499121192863573
30.0,155.0,31.686894385635938
30.0,156.0,31.864888331783103
30.0,157.0,32.033537614778865
30.0,158.0,32.193265369020594
30.0,159.0,32.34448214739907
30.0,160.0,32.487585414059176
30.0,161.0,32.62295883725069
30.0,162.0,32.75097214422364
30.0,163.0,32.87198073074945
30.0,164.0,32.986325780360616
30.0,165.0,33.09433410344749
30.0,166.0,33.19631844333998
30.0,167.0,33.29257747675257
30.0,168.0,33.383396246595865
30.0,169.0,33.46904627141163
30.0,170.0,33.549786059204415
30.0,171.0,33.62586128647813
30.0,172.0,33.697505359022074
30.0,173.0,33.764939631546966
30.0,174.0,33.82837399061547
30.0,175.0,33.888007094076244
30.0,176.0,33.94402695860246
30.0,177.0,33.99661120453983
30.0,178.0,34.045927636196964
30.0,179.0,34.09213448272638
30.0,180.0,34.13538096374328
30.0,181.0,34.175807520767485
30.0,182.0,34.21354636422536
30.0,183.0,34.248721693060496
30.0,184.0,34.281450221935096
30.0,185.0,34.31184138907966
30.0,186.0,34.33999786473839
30.0,187.0,34.36601574932822
30.0,188.0,34.38998506599539
30.0,189.0,34.41198995278937
30.0,190.0,34.432109143679405
30.0,191.0,34.450416159749174
30.0,192.0,34.46697978415446
30.0,193.0,34.4818642582586
30.0,194.0,34.49512975669598
30.0,195.0,34.50683259474475
30.0,196.0,34.517025709686706
30.0,197.0,34.525758885281874
30.0,198.0,34.53307924465191
30.0,199.0,34.53903149609049
30.0,200.0,34.54365844030162
30.0,201.0,34.54700123847228
30.0,202.0,34.5490999323828
30.0,203.0,34.54999373022681
30.0,204.0,34.54972153150511
30.0,205.0,34.548322218285975
30.0,206.0,34.54583516792109
30.0,207.0,34.54230052766291
30.0,208.0,34.537759687918985
30.0,209.0,34.53225550775382
30.0,210.0,34.52583271163351
30.0,211.0,34.51853802502056
30.0,212.0,34.51042045168502
30.0,213.0,34.50153127620737
30.0,214.0,34.49192418108164
30.0,215.0,34.48165508051961
30.0,216.0,34.47078205021025
30.0,217.0,34.45936497667336
30.0,218.0,34.4474652982181
30.0,219.0,34.435145484504304
30.0,220.0,34.42246862064693
30.0,221.0,34.40949776568989
30.0,222.0,34.39629544378712
30.0,223.0,34.382922957395046
30.0,224.0,34.369439869149055
30.0,225.0,34.35590335590965
30.0,226.0,34.34236776488867
30.0,227.0,34.328884084215325
30.0,228.0,34.315499637050294
30.0,229.0,34.302257717096005
30.0,230.0,34.28919745232353
30.0,231.0,34.27635361966422
30.0,232.0,34.26375667644075
30.0,233.0,34.25143273792527
30.0,234.0,34.239403748757475
30.0,235.0,34.2276875870578
30.0,236.0,34.216298334346384
30.0,237.0,34.20524646218027
30.0,238.0,34.194539156808816
30.0,239.0,34.18418054655807
30.0,240.0,34.17417204320783
30.0,241.0,34.16451257653009
30.0,242.0,34.15519892401783
30.0,243.0,34.14622592924654
30.0,244.0,34.137586801797724
30.0,245.0,34.12927330577525
30.0,246.0,34.121276020546794
30.0,247.0,34.113584493446524
30.0,248.0,34.106187458496784
30.0,249.0,34.099072952708894
30.0,250.0,34.092228494233865
30.0,251.0,34.08564116496551
30.0,252.0,34.07929775199191
30.0,253.0,34.07318480088693
30.0,254.0,34.06728872540303
30.0,255.0,34.06159583641259
30.0,256.0,34.05609242497098
30.0,257.0,34.05076477176376
30.0,258.0,34.04559920834921
30.0,259.0,34.04058211149896
30.0,260.0,34.03569994686348
30.0,261.0,34.03093925197509
30.0,262.0,34.02628666593844
30.0,263.0,34.02172890422752
30.0,264.0,34.01725277738633
30.0,265.0,34.01284516016932
30.0,266.0,34.008493001697964
30.0,267.0,34.00418329100502
30.0,268.0,33.99990306065417
30.0,269.0,33.99563935036643
30.0,270.0,33.991379205781875
30.0,271.0,33.98710964157432
30.0,272.0,33.98281763681549
30.0,273.0,33.978490098821084
30.0,274.0,33.974113856466516
30.0,275.0,33.96967562595074
30.0,276.0,33.96516200340691
30.0,277.0,33.96055943381908
30.0,278.0,33.955854204371064
30.0,279.0,33.951032417905964
30.0,280.0,33.94607998866362
30.0,281.0,33.940982621936186
30.0,282.0,33.93572581416142
30.0,283.0,33.9302948408007
30.0,284.0,33.92467476318115
30.0,285.0,33.91885042710231
30.0,286.0,33.912806479347076
30.0,287.0,33.90652738009454
30.0,288.0,33.899997432623735
30.0,289.0,33.893200813235914
30.0,290.0,33.886121618302326
30.0,291.0,33.878743916005796
30.0,292.0,33.871051815434065
30.0,293.0,33.86302954490512
30.0,294.0,33.85466154811182
30.0,295.0,33.845932593885074
30.0,296.0,33.836827904189775
30.0,297.0,33.827333299587586
30.0,298.0,33.81743536279669
30.0,299.0,33.807121622414876
30.0,300.0,33.796380753312334
30.0,301.0,33.78520279786163
30.0,302.0,33.77357940012456
30.0,303.0,33.76150405843115
30.0,304.0,33.74897238375804
30.0,305.0,33.73598236977227
30.0,306.0,33.72253465699177
30.0,307.0,33.70863279671685
30.0,308.0,33.694283492321176
30.0,309.0,33.679496823198264
30.0,310.0,33.66428642485414
30.0,311.0,33.64866963077508
30.0,312.0,33.63266754720771
30.0,313.0,33.61630506855853
30.0,314.0,33.599610804986085
30.0,315.0,33.582616934616205
30.0,316.0,33.56535895579636
30.0,317.0,33.54787535935571
30.0,318.0,33.53020720313261
30.0,319.0,33.51239761800359
30.0,320.0,33.494491235775335
30.0,321.0,33.476533576831955
30.0,322.0,33.458570394537595
30.0,323.0,33.44064701952375
30.0,324.0,33.42280770350183
30.0,325.0,33.40509500560559
30.0,326.0,33.387549218507104
30.0,327.0,33.37020787181873
30.0,328.0,33.353105303641776
30.0,329.0,33.33627232884195
30.0,330.0,33.31973598709412
30.0,331.0,33.30351938970241
30.0,332.0,33.28764164171255
30.0,333.0,33.27211785043496
30.0,334.0,33.25695919342433
30.0,335.0,33.242173051900885
30.0,336.0,33.22776318265998
30.0,337.0,33.213729931895905
30.0,338.0,33.20007046685404
30.0,339.0,33.18677902784
30.0,340.0,33.17384718120157
30.0,341.0,33.161264075510275
30.0,342.0,33.1490166871272
30.0,343.0,33.13709005682399
30.0,344.0,33.12546750942007
30.0,345.0,33.114130856788584
30.0,346.0,33.10306058185239
30.0,347.0,33.09223600163523
30.0,348.0,33.081635412463285
30.0,349.0,33.071236212118194
30.0,350.0,33.0610150073993
30.0,351.0,33.050947697746814
30.0,352.0,33.04100954876947
30.0,353.0,33.031175241411646
30.0,354.0,33.02141891615402
30.0,355.0,33.011714192406245
30.0,356.0,33.0020341883211
30.0,357.0,32.99235151503412
30.0,358.0,32.98263827677169
30.0,359.0,32.972866044154124
30.0,360.0,32.96300583879397
30.0,361.0,32.95302808934853
30.0,362.0,32.94290260427485
30.0,363.0,32.93259851380282
30.0,364.0,32.92208423404734
30.0,365.0,32.911327397660465
30.0,366.0,32.90029481216572
30.0,367.0,32.88895238178865
30.0,368.0,32.877265062714784
30.0,369.0,32.86519677852616
30.0,370.0,32.85271037512227
30.0,371.0,32.83976753233315
30.0,372.0,32.82632872150832
30.0,373.0,32.812353116262955
30.0,374.0,32.797798556263515
30.0,375.0,32.78262146072515
30.0,376.0,32.7667768027412
30.0,377.0,32.75021803012742
30.0,378.0,32.73289705579901
30.0,379.0,32.71476419189658
30.0,380.0,32.69576816325577
30.0,381.0,32.67585606249803
30.0,382.0,32.6549733956083
30.0,383.0,32.633064067867494
30.0,384.0,32.61007047297823
30.0,385.0,32.585933522362765
30.0,386.0,32.56059279213714
30.0,387.0,32.5339866113431
30.0,388.0,32.50605228426215
30.0,389.0,32.47672625642358
30.0,390.0,32.445944433018965
30.0,391.0,32.41364244467141
30.0,392.0,32.379756085566676
30.0,393.0,32.344221703330945
30.0,394.0,32.306976782097834
30.0,395.0,32.26796048136255
30.0,396.0,32.227114388245326
30.0,397.0,32.18438322729118
30.0,398.0,32.139715800811516
30.0,399.0,32.09306588315126
30.0,400.0,32.044393355829456
30.0,401.0,31.993665283280617
30.0,402.0,31.940857228025266
30.0,403.0,31.88595447792939
30.0,404.0,31.828953493870397
30.0,405.0,31.76986321998742
30.0,406.0,31.70870657232898
30.0,407.0,31.645521715170453
30.0,408.0,31.58036344797793
30.0,409.0,31.513304279465196
30.0,410.0,31.44443552188796
30.0,411.0,31.37386795349117
30.0,412.0,31.30173240029268
30.0,413.0,31.22817976618733
30.0,414.0,31.15338089365421
30.0,415.0,31.077525779256582
30.0,416.0,31.000822573424358
30.0,417.0,30.92349589893478
30.0,418.0,30.845784978824984
30.0,419.0,30.76794112804644
30.0,420.0,30.690225166079127
30.0,421.0,30.612904322724944
30.0,422.0,30.536249252393564
30.0,423.0,30.460530731028346
30.0,424.0,30.386016687937747
30.0,425.0,30.31296912299348
30.0,426.0,30.241641572006746
30.0,427.0,30.172276621482723
30.0,428.0,30.105104124888076
30.0,429.0,30.040339556509004
30.0,430.0,29.978183135809715
30.0,431.0,29.91881909146145
30.0,432.0,29.86241568372827
30.0,433.0,29.80912529741991
30.0,434.0,29.75908522359202
30.0,435.0,29.71241840062402
30.0,436.0,29.669234748057494
30.0,437.0,29.629632336820503
30.0,438.0,29.593699057004407
30.0,439.0,29.561514009929176
30.0,440.0,29.533149320759456
30.0,441.0,29.50867158640685
30.0,442.0,29.48814369243903
30.0,443.0,29.47162620248237
30.0,444.0,29.45917909024134
30.0,445.0,29.450863004696583
30.0,446.0,29.446740872208505
30.0,447.0,29.446879010569873
30.0,448.0,29.45134858905691
30.0,449.0,29.460226591486965
30.0,450.0,29.473597143616605
30.0,451.0,29.491552341903933
30.0,452.0,29.514193469748143
30.0,453.0,29.541631717003458
30.0,454.0,29.57398931170848
30.0,455.0,29.61140015800969
30.0,456.0,29.65401091054186
30.0,457.0,29.701981557350816
30.0,458.0,29.755486461734094
30.0,459.0,29.814714913488803
30.0,460.0,29.879872159004222
30.0,461.0,29.951179939636486
30.0,462.0,30.028877525859535
30.0,463.0,30.11322225627134
30.0,464.0,30.20449058596109
30.0,465.0,30.302978633729712
30.0,466.0,30.409003248533185
30.0,467.0,30.522902565850412
30.0,468.0,30.645037088912346
30.0,469.0,30.77579024748245
30.0,470.0,30.91556948220939
30.0,471.0,31.064806789957373
30.0,472.0,31.223959789517988
30.0,473.0,31.393512226467607
30.0,474.0,31.573974986007908
30.0,475.0,31.765886516444304
30.0,476.0,31.969813739351142
30.0,477.0,32.18635233336554
30.0,478.0,32.41612747235991
30.0,479.0,32.65979388947221
30.0,480.0,32.91803634965057
30.0,481.0,33.191569386849885
30.0,482.0,33.481137387406925
30.0,483.0,33.78751386045167
30.0,484.0,34.111500972584324
30.0,485.0,34.453928172557596
30.0,486.0,34.81565097582871
30.0,487.0,35.197548720169856
30.0,488.0,35.6005223522829
30.0,489.0,36.025491043561104
30.0,490.0,36.473388683668
30.0,491.0,36.94515904032348
30.0,492.0,37.44175062358157
30.0,493.0,37.964110039573136
30.0,494.0,38.51317486623243
30.0,495.0,39.089864843635944
30.0,496.0,39.695072415943
30.0,497.0,40.32965144303339
30.0,498.0,40.99440514118508
30.0,499.0,41.690072122776655
30.0,500.0,42.41731164373075
30.0,501.0,43.176687016372014
30.0,502.0,43.968648381581644
30.0,503.0,44.793513928768924
30.0,504.0,45.65145088303485
30.0,505.0,46.54245552232254
30.0,506.0,47.46633370379811
30.0,507.0,48.4226813659167
30.0,508.0,49.41086665549495
30.0,509.0,50.43001334350524
30.0,510.0,51.478987310879376
30.0,511.0,52.55638589850515
30.0,512.0,53.66053192615531
30.0,513.0,54.78947216214494
30.0,514.0,55.940981888345235
30.0,515.0,57.112575122114535
30.0,516.0,58.3015217518498
30.0,517.0,59.504870707299816
30.0,518.0,60.71947983502927
30.0,519.0,61.94205101706771
30.0,520.0,63.16917054466645
30.0,521.0,64.39735272765255
30.0,522.0,65.62308621648481
30.0,523.0,66.8428806875543
30.0,524.0,68.05331314082953
30.0,525.0,69.25107149726742
30.0,526.0,70.43299489916882
30.0,527.0,71.59610880457159
30.0,528.0,72.7376547398151
30.0,529.0,73.85511343254419
30.0,530.0,74.94622177401541
30.0,531.0,76.0089829895529
30.0,532.0,77.04167097878242
30.0,533.0,78.04282871816112
30.0,534.0,79.01126200206028
30.0,535.0,79.94602870812162
30.0,536.0,80.84642495027335
30.0,537.0,81.71196839013712
30.0,538.0,82.54237997415801
30.0,539.0,83.33756430893354
30.0,540.0,84.09758973795152
30.0,541.0,84.82266820669514
30.0,542.0,85.51313573760147
30.0,543.0,86.16943346938542
30.0,544.0,86.79208985127785
30.0,545.0,87.38170384303977
30.0,546.0,87.93892951538527
30.0,547.0,88.46446184080642
30.0,548.0,88.95902391455836
30.0,549.0,89.42335537738718
30.0,550.0,89.85820216146463
30.0,551.0,90.26430734774755
30.0,552.0,90.64240316581623
30.0,553.0,90.99320396666607
30.0,554.0,91.3174001279246
30.0,555.0,91.61565278119191
30.0,556.0,91.88858926066172
30.0,557.0,92.13679923213631
30.0,558.0,92.36083134702172
30.0,559.0,92.56119045526094
30.0,560.0,92.73833516933612
30.0,561.0,92.89267589051327
30.0,562.0,93.02457303698863
30.0,563.0,93.13433566290658
30.0,564.0,93.2222201543543
30.0,565.0,93.28842926875767
30.0,566.0,93.33311114878317
30.0,567.0,93.3563586539171
30.0,568.0,93.35820858445229
30.0,569.0,93.33864121705867
30.0,570.0,93.29757966925048
30.0,571.0,93.23488958734741
30.0,572.0,93.15037861725635
30.0,573.0,93.04379622777046
30.0,574.0,92.9148332877095
30.0,575.0,92.76312204169136
30.0,576.0,92.58823582842797
30.0,577.0,92.3896892617594
30.0,578.0,92.16693816205641
30.0,579.0,91.9193800342887
30.0,580.0,91.64635432586223
30.0,581.0,91.34714333754516
30.0,582.0,91.02097296828254
30.0,583.0,90.66701424533817
30.0,584.0,90.2843847707939
30.0,585.0,89.8721511149751
30.0,586.0,89.42933124056907
30.0,587.0,88.95489806761526
30.0,588.0,88.44778321776182
30.0,589.0,87.90688212676889
30.0,590.0,87.33105951859524
30.0,591.0,86.71915650556156
30.0,592.0,86.06999826013697
30.0,593.0,85.38240359083197
30.0,594.0,84.65519531211011
30.0,595.0,83.88721279467293
30.0,596.0,83.07732551481655
30.0,597.0,82.22444901957913
30.0,598.0,81.32756202902462
30.0,599.0,80.38572608724984
30.0,600.0,79.3981063473352
30.0,601.0,78.36399484813691
30.0,602.0,77.28283468111592
30.0,603.0,76.15424629259363
30.0,604.0,74.97805407546309
30.0,605.0,73.75431432399965
30.0,606.0,72.48334241281374
30.0,607.0,71.16574006205924
30.0,608.0,69.80242024175743
30.0,609.0,68.39463037568318
30.0,610.0,66.94397114146264
30.0,611.0,65.45241141935307
30.0,612.0,63.92229657995533
30.0,613.0,62.35635075462904
30.0,614.0,60.75767042657138
30.0,615.0,59.129710367109965
30.0,616.0,57.47625971851078
30.0,617.0,55.801409935185134
30.0,618.0,54.10951312276377
30.0,619.0,52.40513337310904
30.0,620.0,50.69299047246427
30.0,621.0,48.977899432103634
30.0,622.0,47.264705884100394
30.0,623.0,45.55822132729927
30.0,624.0,43.86315850489137
30.0,625.0,42.18407092538714
30.0,626.0,40.52529651605918
30.0,627.0,38.890908938316976
30.0,628.0,37.284675835181424
30.0,629.0,35.71002674232589
30.0,630.0,34.17002904175717
30.0,631.0,32.66737385656075
30.0,632.0,31.20436947443561
30.0,633.0,29.782943564039666
30.0,634.0,28.40465125559542
30.0,635.0,27.070690021650226
30.0,636.0,25.78191822910176
30.0,637.0,24.53887825940102
30.0,638.0,23.341821122182168
30.0,639.0,22.19073361912719
30.0,640.0,21.085365187698685
30.0,641.0,20.02525573467583
30.0,642.0,19.009761845979284
30.0,643.0,18.03808294519328
30.0,644.0,17.109285029487012
30.0,645.0,16.222323777455227
30.0,646.0,15.37606485160418
30.0,647.0,14.569303352241295
30.0,648.0,13.800780383071997
30.0,649.0,13.069198787990457
30.0,650.0,12.373236106810076
30.0,651.0,11.711556862845358
30.0,652.0,11.082822279599785
30.0,653.0,10.48569955660141
30.0,654.0,9.918868825923479
30.0,655.0,9.381029912211389
30.0,656.0,8.870907027450224
30.0,657.0,8.38725350106622
30.0,658.0,7.928854679531418
30.0,659.0,7.494531065387719
30.0,660.0,7.083139831238587
30.0,661.0,6.693576743705241
30.0,662.0,6.3247766358669715
30.0,663.0,5.975714426483593
30.0,664.0,5.6454048307768785
30.0,665.0,5.33290272387313
30.0,666.0,5.037302311972529
30.0,667.0,4.75773703519872
30.0,668.0,4.49337837168912
30.0,669.0,4.243435429896327
30.0,670.0,4.007153517221592
30.0,671.0,3.7838135350313786
30.0,672.0,3.5727304105113817
30.0,673.0,3.3732523783572805
30.0,674.0,3.1847593485149246
30.0,675.0,3.0066621355668497
30.0,676.0,2.838400814811111
30.0,677.0,2.6794439426738896
30.0,678.0,2.5292869380846796
30.0,679.0,2.387451323777132
30.0,680.0,2.2534831581866555
30.0,681.0,2.1269523173742684
30.0,682.0,2.007450993896728
30.0,683.0,1.8945930315679747
30.0,684.0,1.7880125012693626
30.0,685.0,1.687363095255224
30.0,686.0,1.5923167851496691
30.0,687.0,1.5025632785328296
30.0,688.0,1.4178087609901953
30.0,689.0,1.3377754149115797
30.0,690.0,1.262200245090092
30.0,691.0,1.1908346577368614
30.0,692.0,1.1234433675146964
30.0,693.0,1.0598040334944256
30.0,694.0,0.9997062444572099
30.0,695.0,0.9429512077216304
30.0,696.0,0.8893508089089391
30.0,697.0,0.8387273491233063
30.0,698.0,0.7909126750325199
30.0,699.0,0.7457479596883685
30.0,700.0,0.703082898645823
30.0,701.0,0.6627755296921187
30.0,702.0,0.6246914907460726
30.0,703.0,0.588703873867552
30.0,704.0,0.5546925407974809
30.0,705.0,0.5225440068028591
30.0,706.0,0.4921508099018648
30.0,707.0,0.4634114203331008
30.0,708.0,0.43622965973312544
30.0,709.0,0.410514632280074
30.0,710.0,0.3861801903341965
30.0,711.0,0.36314488357953784
30.0,712.0,0.3413314678882369
30.0,713.0,0.32066686905829933
30.0,714.0,0.30108173191011894
30.0,715.0,0.2825103954857434
30.0,716.0,0.26489047962488205
30.0,717.0,0.24816286874620427
30.0,718.0,0.2322713333757454
30.0,719.0,0.21716251987030966
30.0,720.0,0.20278560458101108
30.0,721.0,0.189092287100762
30.0,722.0,0.17603647493815627
30.0,723.0,0.16357427807425318
30.0,724.0,0.15166372219640134
30.0,725.0,0.14026474253369514
30.0,726.0,0.12933892385647008
30.0,727.0,0.11884949172498975
30.0,728.0,0.10876107759840317
30.0,729.0,0.0990397057777823
30.0,730.0,0.08965258208872388
30.0,731.0,0.08056807492834304
30.0,732.0,0.07175552608895504
30.0,733.0,0.06318522442966287
30.0,734.0,0.05482823749523909
30.0,735.0,0.046656376427170555
30.0,736.0,0.03864204710253775
30.0,737.0,0.03075820497741559
30.0,738.0,0.0229782245257282
30.0,739.0,0.015275842770306334
30.0,740.0,0.007625045841813835
30.0,741.0,0.0
31.0,0.0,0.0
31.0,1.0,0.002726217735331858
31.0,2.0,0.005461642838026661
31.0,3.0,0.008215514892388162
31.0,4.0,0.010997132544737446
31.0,5.0,0.01381589150076415
31.0,6.0,0.016681306409788196
31.0,7.0,0.01960305505365401
31.0,8.0,0.022590995688844887
31.0,9.0,0.025655217845744514
31.0,10.0,0.028806055560068038
31.0,11.0,0.03205414521416668
31.0,12.0,0.0354104351073171
31.0,13.0,0.03888625078884656
31.0,14.0,0.04249330144031659
31.0,15.0,0.046243753173721605
31.0,16.0,0.05015023272767731
31.0,17.0,0.054225909232942834
31.0,18.0,0.058484495759563736
31.0,19.0,0.06294034008664923
31.0,20.0,0.06760842467821472
31.0,21.0,0.07250446703467733
31.0,22.0,0.07764491872207617
31.0,23.0,0.08304707592927703
31.0,24.0,0.08872907822847109
31.0,25.0,0.09471003001470596
31.0,26.0,0.10100999973516277
31.0,27.0,0.10765015294637696
31.0,28.0,0.11465275281575332
31.0,29.0,0.12204130559659881
31.0,30.0,0.12984056327747584
31.0,31.0,0.13807668234563994
31.0,32.0,0.14677722953773845
31.0,33.0,0.1559713548378438
31.0,34.0,0.16568980136592726
31.0,35.0,0.17596509363642315
31.0,36.0,0.18683155270762133
31.0,37.0,0.19832550080906128
31.0,38.0,0.2104852829636228
31.0,39.0,0.22335148917474987
31.0,40.0,0.23696698382083084
31.0,41.0,0.25137714667299194
31.0,42.0,0.26662991144441944
31.0,43.0,0.28277602698158355
31.0,44.0,0.2998691064239617
31.0,45.0,0.31796590996957846
31.0,46.0,0.33712640615554906
31.0,47.0,0.357414077633878
31.0,48.0,0.3788959961100016
31.0,49.0,0.4016431525648413
31.0,50.0,0.42573054737311594
31.0,51.0,0.45123754635653407
31.0,52.0,0.47824798752737574
31.0,53.0,0.5068505642338825
31.0,54.0,0.5371389498126619
31.0,55.0,0.5692122088622906
31.0,56.0,0.6031749408077419
31.0,57.0,0.6391377199744923
31.0,58.0,0.6772172586265661
31.0,59.0,0.7175368759621288
31.0,60.0,0.760226680528145
31.0,61.0,0.8054240674561893
31.0,62.0,0.8532739192091612
31.0,63.0,0.9039291292413566
31.0,64.0,0.9575508187040491
31.0,65.0,1.01430888314289
31.0,66.0,1.074382220962635
31.0,67.0,1.1379592976367274
31.0,68.0,1.205238379260669
31.0,69.0,1.2764281058803102
31.0,70.0,1.3517477201677464
31.0,71.0,1.4314276376772679
31.0,72.0,1.5157096563388701
31.0,73.0,1.6048475064862935
31.0,74.0,1.699107021224574
31.0,75.0,1.7987666426688147
31.0,76.0,1.9041175260140695
31.0,77.0,2.015463970275669
31.0,78.0,2.1331234197662314
31.0,79.0,2.257426777436195
31.0,80.0,2.3887182561571323
31.0,81.0,2.5273555202699667
31.0,82.0,2.673709325384967
31.0,83.0,2.828163418835668
31.0,84.0,2.991113890632596
31.0,85.0,3.162968746355249
31.0,86.0,3.3441468738206748
31.0,87.0,3.535077183195254
31.0,88.0,3.7361970749046423
31.0,89.0,3.9479510229268735
31.0,90.0,4.170788411578042
31.0,91.0,4.405161421875021
31.0,92.0,4.651522091755651
31.0,93.0,4.910319356754341
31.0,94.0,5.181995185793428
31.0,95.0,5.466980633325618
31.0,96.0,5.765690919584474
31.0,97.0,6.078520381769016
31.0,98.0,6.405836414904973
31.0,99.0,6.747973277114832
31.0,100.0,7.105224898375378
31.0,101.0,7.4778376129903155
31.0,102.0,7.866001991368828
31.0,103.0,8.269844752324559
31.0,104.0,8.689419984683958
31.0,105.0,9.12470073434968
31.0,106.0,9.57557025126174
31.0,107.0,10.041814033636841
31.0,108.0,10.523112030432706
31.0,109.0,11.01903221094326
31.0,110.0,11.52902490939276
31.0,111.0,12.052419190815478
31.0,112.0,12.588420646145702
31.0,113.0,13.136111837780115
31.0,114.0,13.694454730224061
31.0,115.0,14.262296218278337
31.0,116.0,14.838375928291649
31.0,117.0,15.421337212655763
31.0,118.0,16.00974028431275
31.0,119.0,16.602078169237327
31.0,120.0,17.196794175802037
31.0,121.0,17.792301331464397
31.0,122.0,18.38700229188637
31.0,123.0,18.979310034171256
31.0,124.0,19.56766776583723
31.0,125.0,20.150568361138117
31.0,126.0,20.72657182998826
31.0,127.0,21.294321269709556
31.0,128.0,21.852555998796586
31.0,129.0,22.400122550302317
31.0,130.0,22.935982472034276
31.0,131.0,23.459217853249978
31.0,132.0,23.96903375391536
31.0,133.0,24.464758648383523
31.0,134.0,24.945842218743053
31.0,135.0,25.41185171840882
31.0,136.0,25.862466314593345
31.0,137.0,26.297470655192345
31.0,138.0,26.716747068713165
31.0,139.0,27.120267605365797
31.0,140.0,27.508085281038124
31.0,141.0,27.880325660752263
31.0,142.0,28.237178076795537
31.0,143.0,28.578887536931827
31.0,144.0,28.905746552165585
31.0,145.0,29.21808786462294
31.0,146.0,29.5162772517084
31.0,147.0,29.800707326255534
31.0,148.0,30.071791472149105
31.0,149.0,30.329958789839047
31.0,150.0,30.575649170660007
31.0,151.0,30.809309342730515
31.0,152.0,31.03138900006835
31.0,153.0,31.24233783643288
31.0,154.0,31.4426025980737
31.0,155.0,31.632624962659904
31.0,156.0,31.812839367754346
31.0,157.0,31.983671586073903
31.0,158.0,32.14553718421448
31.0,159.0,32.298840654148094
31.0,160.0,32.443974369816125
31.0,161.0,32.581318150865904
31.0,162.0,32.71123860264723
31.0,163.0,32.834089007044575
31.0,164.0,32.95020895048233
31.0,165.0,33.05992445550527
31.0,166.0,33.163547819524176
31.0,167.0,33.261377918024785
31.0,168.0,33.35370019292732
31.0,169.0,33.440787073296484
31.0,170.0,33.522898065969336
31.0,171.0,33.600280252239536
31.0,172.0,33.673168444835405
31.0,173.0,33.741785729386564
31.0,174.0,33.806343661116486
31.0,175.0,33.86704282823142
31.0,176.0,33.9240730691241
31.0,177.0,33.97761404146429
31.0,178.0,34.02783544660747
31.0,179.0,34.07489759342282
31.0,180.0,34.11895162126008
31.0,181.0,34.16014005170619
31.0,182.0,34.198597005147604
31.0,183.0,34.23444873694191
31.0,184.0,34.26781384554041
31.0,185.0,34.29880379219038
31.0,186.0,34.327523100922775
31.0,187.0,34.35406986300831
31.0,188.0,34.3785359309849
31.0,189.0,34.40100741076334
31.0,190.0,34.42156485332503
31.0,191.0,34.44028373863503
31.0,192.0,34.45723466966953
31.0,193.0,34.472483853092626
31.0,194.0,34.486093300780496
31.0,195.0,34.498121312413225
31.0,196.0,34.508622689461
31.0,197.0,34.517649224197946
31.0,198.0,34.52524992992346
31.0,199.0,34.53147153910096
31.0,200.0,34.53635875105619
31.0,201.0,34.53995473862059
31.0,202.0,34.54230141033555
31.0,203.0,34.54343991985079
31.0,204.0,34.54341093358411
31.0,205.0,34.542255130165486
31.0,206.0,34.54001345676486
31.0,207.0,34.53672759759945
31.0,208.0,34.532440193646465
31.0,209.0,34.52719525099213
31.0,210.0,34.52103829122976
31.0,211.0,34.514016664554156
31.0,212.0,34.506179594573574
31.0,213.0,34.49757836061114
31.0,214.0,34.48826620408735
31.0,215.0,34.47829835241733
31.0,216.0,34.46773176688444
31.0,217.0,34.456624998131254
31.0,218.0,34.44503777742341
31.0,219.0,34.433030719137356
31.0,220.0,34.42066478468598
31.0,221.0,34.40800087491482
31.0,222.0,34.39509922150043
31.0,223.0,34.38201893363428
31.0,224.0,34.36881738719533
31.0,225.0,34.35554979820028
31.0,226.0,34.34226867998202
31.0,227.0,34.329023507657766
31.0,228.0,34.31586029791495
31.0,229.0,34.302821407153075
31.0,230.0,34.28994526279951
31.0,231.0,34.27726631014462
31.0,232.0,34.26481489659733
31.0,233.0,34.25261735669979
31.0,234.0,34.24069602861477
31.0,235.0,34.2290694490699
31.0,236.0,34.21775246846663
31.0,237.0,34.206756519451325
31.0,238.0,34.196089793472105
31.0,239.0,34.18575754699467
31.0,240.0,34.175762305774285
31.0,241.0,34.166104178494926
31.0,242.0,34.156781062318295
31.0,243.0,34.14778894186041
31.0,244.0,34.13912207796803
31.0,245.0,34.13077327813368
31.0,246.0,34.12273405810152
31.0,247.0,34.11499487672212
31.0,248.0,34.10754526601476
31.0,249.0,34.10037402857241
31.0,250.0,34.093469335912204
31.0,251.0,34.08681888989796
31.0,252.0,34.08040999179934
31.0,253.0,34.07422967111416
31.0,254.0,34.06826472909615
31.0,255.0,34.06250183922046
31.0,256.0,34.056927569412714
31.0,257.0,34.05152845856704
31.0,258.0,34.046291021640414
31.0,259.0,34.04120180638933
31.0,260.0,34.03624738512783
31.0,261.0,34.03141439540158
31.0,262.0,34.02668952171451
31.0,263.0,34.022059523343714
31.0,264.0,34.01751120882521
31.0,265.0,34.013031453613394
31.0,266.0,34.00860716964465
31.0,267.0,34.004225315107206
31.0,268.0,33.99987286100636
31.0,269.0,33.99553679495892
31.0,270.0,33.991204086380826
31.0,271.0,33.98686168596528
31.0,272.0,33.98249649090913
31.0,273.0,33.978095341577884
31.0,274.0,33.97364498808328
31.0,275.0,33.96913208558257
31.0,276.0,33.964543163515536
31.0,277.0,33.959864621029574
31.0,278.0,33.95508270028037
31.0,279.0,33.950183483618574
31.0,280.0,33.94515287255389
31.0,281.0,33.93997658858271
31.0,282.0,33.93464015970925
31.0,283.0,33.92912892713283
31.0,284.0,33.92342804160569
31.0,285.0,33.91752247862354
31.0,286.0,33.91139704736096
31.0,287.0,33.90503641749588
31.0,288.0,33.89842514396666
31.0,289.0,33.89154770906238
31.0,290.0,33.88438856672725
31.0,291.0,33.87693220398119
31.0,292.0,33.86916320884929
31.0,293.0,33.86106635540465
31.0,294.0,33.852626699454575
31.0,295.0,33.843829691314816
31.0,296.0,33.83466130289464
31.0,297.0,33.825108171432355
31.0,298.0,33.815157760263624
31.0,299.0,33.80479853481328
31.0,300.0,33.79402015672191
31.0,301.0,33.78281369001065
31.0,302.0,33.771171824013
31.0,303.0,33.7590891024969
31.0,304.0,33.746562164797695
31.0,305.0,33.73358998375574
31.0,306.0,33.72017410676628
31.0,307.0,33.706318880175154
31.0,308.0,33.69203166354095
31.0,309.0,33.67732300996459
31.0,310.0,33.66220681952847
31.0,311.0,33.64670043924103
31.0,312.0,33.63082471813636
31.0,313.0,33.61460399015627
31.0,314.0,33.59806599691319
31.0,315.0,33.581241724843224
31.0,316.0,33.564165174488075
31.0,317.0,33.546873040942685
31.0,318.0,33.52940433057565
31.0,319.0,33.51179989927752
31.0,320.0,33.49410194499168
31.0,321.0,33.47635344584988
31.0,322.0,33.458597582498946
31.0,323.0,33.44087713974505
31.0,324.0,33.423233928218906
31.0,325.0,33.405708221311336
31.0,326.0,33.388338245710884
31.0,327.0,33.3711597172411
31.0,328.0,33.354205454229366
31.0,329.0,33.33750505431052
31.0,330.0,33.321084658954796
31.0,331.0,33.30496678571064
31.0,332.0,33.28917024474941
31.0,333.0,33.273710115526896
31.0,334.0,33.25859779412138
31.0,335.0,33.24384108559201
31.0,336.0,33.22944434801636
31.0,337.0,33.21540866380257
31.0,338.0,33.20173204279617
31.0,339.0,33.188409636150745
31.0,340.0,33.17543396433893
31.0,341.0,33.16279514297184
31.0,342.0,33.15048110886425
31.0,343.0,33.13847783535136
31.0,344.0,33.1267695379653
31.0,345.0,33.11533886500736
31.0,346.0,33.104167072061855
31.0,347.0,33.093234180504545
31.0,348.0,33.08251911612383
31.0,349.0,33.07199983337969
31.0,350.0,33.061653417627824
31.0,351.0,33.051456176329
31.0,352.0,33.04138370698664
31.0,353.0,33.03141095845694
31.0,354.0,33.02151226808377
31.0,355.0,33.01166139716684
31.0,356.0,33.001831541296916
31.0,357.0,32.99199534426578
31.0,358.0,32.98212488559927
31.0,359.0,32.97219167703068
31.0,360.0,32.96216663095074
31.0,361.0,32.95202004322791
31.0,362.0,32.94172154592013
31.0,363.0,32.93124007985661
31.0,364.0,32.920543834604224
31.0,365.0,32.90960021392135
31.0,366.0,32.898375765719145
31.0,367.0,32.886836143320465
31.0,368.0,32.874946028053394
31.0,369.0,32.862669089240526
31.0,370.0,32.849967902145934
31.0,371.0,32.836803909814435
31.0,372.0,32.823137339395245
31.0,373.0,32.808927169378215
31.0,374.0,32.79413104786851
31.0,375.0,32.77870526945934
31.0,376.0,32.76260469986531
31.0,377.0,32.7457827676631
31.0,378.0,32.728191400842086
31.0,379.0,32.70978103997053
31.0,380.0,32.69050059372311
31.0,381.0,32.670297481719196
31.0,382.0,32.64911761796007
31.0,383.0,32.626905493647676
31.0,384.0,32.603604199703696
31.0,385.0,32.57915556228359
31.0,386.0,32.55350021809521
31.0,387.0,32.52657781797388
31.0,388.0,32.49832717141702
31.0,389.0,32.46868653626077
31.0,390.0,32.437593851396535
31.0,391.0,32.404987132883264
31.0,392.0,32.37080481568376
31.0,393.0,32.334986277788836
31.0,394.0,32.297472312170875
31.0,395.0,32.258205799665944
31.0,396.0,32.21713232997073
31.0,397.0,32.17420103970417
31.0,398.0,32.1293653945505
31.0,399.0,32.082584199310965
31.0,400.0,32.03382254031179
31.0,401.0,31.983052957421734
31.0,402.0,31.930256524765618
31.0,403.0,31.875424149077407
31.0,404.0,31.81855773656755
31.0,405.0,31.759671547408406
31.0,406.0,31.698793358270024
31.0,407.0,31.635965761716093
31.0,408.0,31.571247191894145
31.0,409.0,31.50471301685062
31.0,410.0,31.436456258290296
31.0,411.0,31.36658829591565
31.0,412.0,31.295239094854384
31.0,413.0,31.222557339414397
31.0,414.0,31.148709999477155
31.0,415.0,31.073881751199146
31.0,416.0,30.99827377804846
31.0,417.0,30.92210242453141
31.0,418.0,30.845597237994298
31.0,419.0,30.7689989289739
31.0,420.0,30.69255679729023
31.0,421.0,30.616526210642352
31.0,422.0,30.541165686741028
31.0,423.0,30.46673420957672
31.0,424.0,30.393488317302225
31.0,425.0,30.3216796165491
31.0,426.0,30.251552225915454
31.0,427.0,30.183340808006758
31.0,428.0,30.117268640712602
31.0,429.0,30.053546379092094
31.0,430.0,29.992370898690538
31.0,431.0,29.93392486161643
31.0,432.0,29.878376339035693
31.0,433.0,29.825879128516732
31.0,434.0,29.77657305268462
31.0,435.0,29.73058488661098
31.0,436.0,29.688029165517996
31.0,437.0,29.64900954109428
31.0,438.0,29.61361991372106
31.0,439.0,29.58194603854539
31.0,440.0,29.554066815287353
31.0,441.0,29.53005599402767
31.0,442.0,29.509983492478575
31.0,443.0,29.49391709241161
31.0,444.0,29.481923696527083
31.0,445.0,29.474070947630025
31.0,446.0,29.470428375746046
31.0,447.0,29.47106890683612
31.0,448.0,29.476069881113414
31.0,449.0,29.48551444372492
31.0,450.0,29.499492436322544
31.0,451.0,29.518101678894485
31.0,452.0,29.54144874951595
31.0,453.0,29.569650175888313
31.0,454.0,29.60283312462258
31.0,455.0,29.641136524918114
31.0,456.0,29.684711690556508
31.0,457.0,29.733723398237828
31.0,458.0,29.78835046421541
31.0,459.0,29.84878679742768
31.0,460.0,29.91524194948815
31.0,461.0,29.987942158792706
31.0,462.0,30.06713088807947
31.0,463.0,30.15306987065623
31.0,464.0,30.24603964429698
31.0,465.0,30.34634060481059
31.0,466.0,30.454293538704594
31.0,467.0,30.570240682451455
31.0,468.0,30.694546248973516
31.0,469.0,30.827597482917632
31.0,470.0,30.96980516728127
31.0,471.0,31.121604655393906
31.0,472.0,31.283456333463125
31.0,473.0,31.45584659827554
31.0,474.0,31.639288238537013
31.0,475.0,31.834321312946166
31.0,476.0,32.041513397297386
31.0,477.0,32.26146029988436
31.0,478.0,32.494786101755174
31.0,479.0,32.7421436247068
31.0,480.0,33.00421416819677
31.0,481.0,33.28170761892892
31.0,482.0,33.575361759285734
31.0,483.0,33.88594187640098
31.0,484.0,34.214239483546415
31.0,485.0,34.5610712509437
31.0,486.0,34.927276944078194
31.0,487.0,35.313717459677626
31.0,488.0,35.72127174556068
31.0,489.0,36.15083368630186
31.0,490.0,36.60330773225876
31.0,491.0,37.07960434623025
31.0,492.0,37.58063404228827
31.0,493.0,38.10730108683791
31.0,494.0,38.66049564280431
31.0,495.0,39.24108543057098
31.0,496.0,39.84990570745796
31.0,497.0,40.48774865652075
31.0,498.0,41.15535102842122
31.0,499.0,41.853381164796325
31.0,500.0,42.5824243170423
31.0,501.0,43.34296745379787
31.0,502.0,44.13538257523532
31.0,503.0,44.95990982341625
31.0,504.0,45.81663954609318
31.0,505.0,46.70549472711279
31.0,506.0,47.62621310645701
31.0,507.0,48.578330539181486
31.0,508.0,49.561165084451765
31.0,509.0,50.57380348930427
31.0,510.0,51.61508968697004
31.0,511.0,52.68361701875449
31.0,512.0,53.77772383229616
31.0,513.0,54.895494080430645
31.0,514.0,56.03476245628237
31.0,515.0,57.19312543094705
31.0,516.0,58.367957436475194
31.0,517.0,59.55643313020186
31.0,518.0,60.755554547623916
31.0,519.0,61.96218354610812
31.0,520.0,63.17307787252503
31.0,521.0,64.38493075284583
31.0,522.0,65.59441197459522
31.0,523.0,66.79821003788044
31.0,524.0,67.99307323183834
31.0,525.0,69.17584917452828
31.0,526.0,70.34352086236474
31.0,527.0,71.49323901408054
31.0,528.0,72.62234919265454
31.0,529.0,73.72841391918244
31.0,530.0,74.80922881123982
31.0,531.0,75.86283341838146
31.0,532.0,76.88751629764992
31.0,533.0,77.88181535718493
31.0,534.0,78.84451337827646
31.0,535.0,79.77462992723535
31.0,536.0,80.67140975886424
31.0,537.0,81.53430893344236
31.0,538.0,82.36297878987796
31.0,539.0,83.15724887877145
31.0,540.0,83.91710894281407
31.0,541.0,84.642690859582
31.0,542.0,85.3342505388883
31.0,543.0,85.9921504808892
31.0,544.0,86.61684289378576
31.0,545.0,87.2088538812852
31.0,546.0,87.76876853109674
31.0,547.0,88.2972172472176
31.0,548.0,88.7948631241159
31.0,549.0,89.2623905700428
31.0,550.0,89.70049497770178
31.0,551.0,90.10987354204339
31.0,552.0,90.49121705095185
31.0,553.0,90.84520266254529
31.0,554.0,91.1724875426348
31.0,555.0,91.47370330461942
31.0,556.0,91.74945118680323
31.0,557.0,92.00029784685914
31.0,558.0,92.22677177832414
31.0,559.0,92.42936017096991
31.0,560.0,92.6085062945662
31.0,561.0,92.76460717185887
31.0,562.0,92.89801169719514
31.0,563.0,93.00901891077315
31.0,564.0,93.09787666266567
31.0,565.0,93.16478032007234
31.0,566.0,93.2098718296719
31.0,567.0,93.23323873103527
31.0,568.0,93.23491351035118
31.0,569.0,93.21487283203031
31.0,570.0,93.17303711441494
31.0,571.0,93.10926992815695
31.0,572.0,93.02337776016583
31.0,573.0,92.91510956250043
31.0,574.0,92.78415670567895
31.0,575.0,92.63015269689352
31.0,576.0,92.45267335931645
31.0,577.0,92.25123677491054
31.0,578.0,92.02530376402265
31.0,579.0,91.77427814740098
31.0,580.0,91.49750764158435
31.0,581.0,91.19428457824529
31.0,582.0,90.86384737676309
31.0,583.0,90.50538190751628
31.0,584.0,90.11802375402408
31.0,585.0,89.70086046026002
31.0,586.0,89.25293485013907
31.0,587.0,88.77324845573486
31.0,588.0,88.2607662189962
31.0,589.0,87.71442145386186
31.0,590.0,87.13312230814905
31.0,591.0,86.51575866013805
31.0,592.0,85.86121075727787
31.0,593.0,85.1683584736515
31.0,594.0,84.43609254996144
31.0,595.0,83.66332662215046
31.0,596.0,82.84901143983433
31.0,597.0,81.99214998990078
31.0,598.0,81.09181493583863
31.0,599.0,80.14716696763007
31.0,600.0,79.157475444187
31.0,601.0,78.12213976360542
31.0,602.0,77.04071276854054
31.0,603.0,75.91292441801758
31.0,604.0,74.73870691069747
31.0,605.0,73.51821924703978
31.0,606.0,72.25187225752929
31.0,607.0,70.94035182251451
31.0,608.0,69.58464115050829
31.0,609.0,68.18603960639501
31.0,610.0,66.74617885194256
31.0,611.0,65.26703365362319
31.0,612.0,63.75092814945036
31.0,613.0,62.200534971857046
31.0,614.0,60.61886825707362
31.0,615.0,59.009268219637626
31.0,616.0,57.375378806076064
31.0,617.0,55.72111662675845
31.0,618.0,54.05063336231773
31.0,619.0,52.36827050698108
31.0,620.0,50.67850938182683
31.0,621.0,48.985915902033405
31.0,622.0,47.29508361291819
31.0,623.0,45.61057484732226
31.0,624.0,43.93686375677901
31.0,625.0,42.278281041719936
31.0,626.0,40.638963949979576
31.0,627.0,39.022810945788244
31.0,628.0,37.43344409113482
31.0,629.0,35.87417786548317
31.0,630.0,34.34799678338266
31.0,631.0,32.8575398182869
31.0,632.0,31.40509336385495
31.0,633.0,29.992590166576544
31.0,634.0,28.621615531253607
31.0,635.0,27.29341789774759
31.0,636.0,26.00892490530302
31.0,637.0,24.768761947355944
31.0,638.0,23.57327435698367
31.0,639.0,22.42255030927518
31.0,640.0,21.316445737950495
31.0,641.0,20.25460853401674
31.0,642.0,19.236503536329327
31.0,643.0,18.261435791685127
31.0,644.0,17.328573803835667
31.0,645.0,16.436970441473836
31.0,646.0,15.585583397915691
31.0,647.0,14.773293025720214
31.0,648.0,13.998919564024948
31.0,649.0,13.261237691375376
31.0,650.0,12.55899050005896
31.0,651.0,11.89090089603937
31.0,652.0,11.255682559982004
31.0,653.0,10.652048515922187
31.0,654.0,10.078719453684316
31.0,655.0,9.534429874802496
31.0,656.0,9.017934198869773
31.0,657.0,8.52801091209142
31.0,658.0,8.063466873157163
31.0,659.0,7.623139865083453
31.0,660.0,7.205901478822459
31.0,661.0,6.810658423104652
31.0,662.0,6.436354312860116
31.0,663.0,6.0819700379811605
31.0,664.0,5.746524729231454
31.0,665.0,5.429075433257209
31.0,666.0,5.1287174770008885
31.0,667.0,4.844583647228345
31.0,668.0,4.575844128528557
31.0,669.0,4.3217053430105565
31.0,670.0,4.0814095978501435
31.0,671.0,3.854233705107373
31.0,672.0,3.6394884424712237
31.0,673.0,3.4365170440150963
31.0,674.0,3.244694551716395
31.0,675.0,3.0634262446760294
31.0,676.0,2.892146938332486
31.0,677.0,2.7303194013579137
31.0,678.0,2.5774336433712777
31.0,679.0,2.4330053545288526
31.0,680.0,2.2965752101409507
31.0,681.0,2.167707357114698
31.0,682.0,2.045988754460101
31.0,683.0,1.931027722538568
31.0,684.0,1.8224533313828177
31.0,685.0,1.7199140225867633
31.0,686.0,1.6230770521439106
31.0,687.0,1.5316271903175196
31.0,688.0,1.44526622190545
31.0,689.0,1.3637117261797753
31.0,690.0,1.2866966347786921
31.0,691.0,1.2139680915052087
31.0,692.0,1.1452870661654544
31.0,693.0,1.0804272924338372
31.0,694.0,1.0191749346962196
31.0,695.0,0.9613276011429546
31.0,696.0,0.9066940598756267
31.0,697.0,0.8550933237399044
31.0,698.0,0.8063544114934053
31.0,699.0,0.7603155005302771
31.0,700.0,0.716823728691682
31.0,701.0,0.6757344108819796
31.0,702.0,0.6369108770614014
31.0,703.0,0.6002237487480677
31.0,704.0,0.5655508088112011
31.0,705.0,0.5327763339477674
31.0,706.0,0.5017909920541201
31.0,707.0,0.4724912269264078
31.0,708.0,0.4447791791992456
31.0,709.0,0.4185621197198214
31.0,710.0,0.3937523902823294
31.0,711.0,0.3702668823484229
31.0,712.0,0.3480269940599763
31.0,713.0,0.32695815120984567
31.0,714.0,0.3069897772718208
31.0,715.0,0.288054853756132
31.0,716.0,0.2700899002463414
31.0,717.0,0.25303457149715486
31.0,718.0,0.2368316447081353
31.0,719.0,0.22142665093275476
31.0,720.0,0.20676786704468517
31.0,721.0,0.1928059792238561
31.0,722.0,0.1794940772805295
31.0,723.0,0.16678734816473845
31.0,724.0,0.15464307050518825
31.0,725.0,0.14302033625197239
31.0,726.0,0.13188004346104684
31.0,727.0,0.12118464432623638
31.0,728.0,0.11089813439555073
31.0,729.0,0.10098582537726268
31.0,730.0,0.0914143291119184
31.0,731.0,0.08215135364897595
31.0,732.0,0.07316568041843703
31.0,733.0,0.06442698216959258
31.0,734.0,0.05590579188928777
31.0,735.0,0.047573341273197275
31.0,736.0,0.03940152002437592
31.0,737.0,0.03136273359064026
31.0,738.0,0.02342985154777915
31.0,739.0,0.015576083384468996
31.0,740.0,0.007774914729790511
31.0,741.0,0.0
32.0,0.0,0.0
32.0,1.0,0.0027744186757196095
32.0,2.0,0.005558207730581446
32.0,3.0,0.008360767534822186
32.0,4.0,0.01119156411547379
32.0,5.0,0.014060153888516107
32.0,6.0,0.016976225414878608
32.0,7.0,0.01994961929442121
32.0,8.0,0.02299037643309125
32.0,9.0,0.026108753529786265
32.0,10.0,0.02931527828584145
32.0,11.0,0.0326207609313685
32.0,12.0,0.03603635682379638
32.0,13.0,0.039573574481188
32.0,14.0,0.04324434603742818
32.0,15.0,0.04706103227643273
32.0,16.0,0.05103650143789156
32.0,17.0,0.05518413177835929
32.0,18.0,0.05951789925335403
32.0,19.0,0.06405237816921751
32.0,20.0,0.0688028383049757
32.0,21.0,0.07378524426273476
32.0,22.0,0.07901636263614525
32.0,23.0,0.08451376071707911
32.0,24.0,0.09029592436687743
32.0,25.0,0.09638225679319337
32.0,26.0,0.1027932078354374
32.0,27.0,0.10955027358792765
32.0,28.0,0.11667613787194178
32.0,29.0,0.12419467354948828
32.0,30.0,0.13213109702080658
32.0,31.0,0.14051197214672614
32.0,32.0,0.1493653786817265
32.0,33.0,0.15872091980122383
32.0,34.0,0.16860990545542476
32.0,35.0,0.1790653645797526
32.0,36.0,0.19012224443218267
32.0,37.0,0.20181742864854654
32.0,38.0,0.21418995370357788
32.0,39.0,0.22728103405531708
32.0,40.0,0.241134296944499
32.0,41.0,0.2557958159498952
32.0,42.0,0.2713143654074015
32.0,43.0,0.28774146376556003
32.0,44.0,0.3051316489584881
32.0,45.0,0.3235425330006794
32.0,46.0,0.3430350996782041
32.0,47.0,0.363673771844245
32.0,48.0,0.3855267327892429
32.0,49.0,0.4086660076801144
32.0,50.0,0.4331678099167868
32.0,51.0,0.459112638080866
32.0,52.0,0.4865856484628407
32.0,53.0,0.5156767687266243
32.0,54.0,0.5464810975716905
32.0,55.0,0.5790990360475965
32.0,56.0,0.6136367149632963
32.0,57.0,0.6502061443603974
32.0,58.0,0.6889256687523335
32.0,59.0,0.7299201346349912
32.0,60.0,0.7733213728727534
32.0,61.0,0.8192683832240498
32.0,62.0,0.867907842114865
32.0,63.0,0.9193943019007628
32.0,64.0,0.9738907207871549
32.0,65.0,1.0315686728330995
32.0,66.0,1.0926088947741157
32.0,67.0,1.1572015004662637
32.0,68.0,1.2255465366975151
32.0,69.0,1.2978541927147689
32.0,70.0,1.374345353600362
32.0,71.0,1.4552517915312517
32.0,72.0,1.5408167007448603
32.0,73.0,1.631294852031384
32.0,74.0,1.726953087488309
32.0,75.0,1.8280704132045698
32.0,76.0,1.9349384246612096
32.0,77.0,2.047861304385742
32.0,78.0,2.1671561397619397
32.0,79.0,2.2931527823979945
32.0,80.0,2.4261940090788063
32.0,81.0,2.5666351875721976
32.0,82.0,2.714844218438237
32.0,83.0,2.871200938045527
32.0,84.0,3.0360967641385805
32.0,85.0,3.2099337513335957
32.0,86.0,3.393123847361831
32.0,87.0,3.5860875001936883
32.0,88.0,3.789252416038598
32.0,89.0,4.003051602292
32.0,90.0,4.227921505030439
32.0,91.0,4.464299361207859
32.0,92.0,4.712620586336283
32.0,93.0,4.973315307457765
32.0,94.0,5.246804876606579
32.0,95.0,5.5334974697588235
32.0,96.0,5.833783626312067
32.0,97.0,6.148030837278033
32.0,98.0,6.476578065095854
32.0,99.0,6.819729317115003
32.0,100.0,7.177747194095515
32.0,101.0,7.550845562582458
32.0,102.0,7.93918232313613
32.0,103.0,8.34285146369264
32.0,104.0,8.761875432096668
32.0,105.0,9.196197068478495
32.0,106.0,9.645672199965071
32.0,107.0,10.11006219291511
32.0,108.0,10.589027628928763
32.0,109.0,11.082122443066446
32.0,110.0,11.58878973201112
32.0,111.0,12.108358582417695
32.0,112.0,12.640043124718444
32.0,113.0,13.182943121515068
32.0,114.0,13.736047230283784
32.0,115.0,14.298238141366573
32.0,116.0,14.868300596003252
32.0,117.0,15.444931314209361
32.0,118.0,16.02675164918938
32.0,119.0,16.61232179335957
32.0,120.0,17.20015715328804
32.0,121.0,17.78874553187775
32.0,122.0,18.376565581376514
32.0,123.0,18.9621050534855
32.0,124.0,19.543879252183604
32.0,125.0,20.120448215613894
32.0,126.0,20.690433090465497
32.0,127.0,21.25253033739845
32.0,128.0,21.805524384522247
32.0,129.0,22.34829755436444
32.0,130.0,22.879838080585206
32.0,131.0,23.399245244733116
32.0,132.0,23.905732637241
32.0,133.0,24.398628744236504
32.0,134.0,24.8773759992352
32.0,135.0,25.341527609537778
32.0,136.0,25.790743361862994
32.0,137.0,26.224783758214215
32.0,138.0,26.643503688926486
32.0,139.0,27.04684498211503
32.0,140.0,27.434828994972335
32.0,141.0,27.807548542885552
32.0,142.0,28.165160268083824
32.0,143.0,28.50787668922353
32.0,144.0,28.83595896524033
32.0,145.0,29.149709563386306
32.0,146.0,29.44946580283754
32.0,147.0,29.73559342322877
32.0,148.0,30.008481099038256
32.0,149.0,30.2685350221708
32.0,150.0,30.516174435454136
32.0,151.0,30.75182722526722
32.0,152.0,30.97592642844919
32.0,153.0,31.188906758190804
32.0,154.0,31.39120198458374
32.0,155.0,31.583242278935483
32.0,156.0,31.76545234355741
32.0,157.0,31.938249445998046
32.0,158.0,32.102042168778766
32.0,159.0,32.25722900695638
32.0,160.0,32.40419761558637
32.0,161.0,32.54332385481774
32.0,162.0,32.67497142623713
32.0,163.0,32.79949126468687
32.0,164.0,32.9172214705241
32.0,165.0,33.028486963520706
32.0,166.0,33.13359963411248
32.0,167.0,33.232858190306324
32.0,168.0,33.326548465885224
32.0,169.0,33.41494340528537
32.0,170.0,33.498303479843
32.0,171.0,33.57687676773534
32.0,172.0,33.65089944051585
32.0,173.0,33.72059590539258
32.0,174.0,33.7861793335604
32.0,175.0,33.84785184045538
32.0,176.0,33.90580503494482
32.0,177.0,33.960220219970054
32.0,178.0,34.01126894774097
32.0,179.0,34.05911322861199
32.0,180.0,34.10390608229593
32.0,181.0,34.145791747152515
32.0,182.0,34.18490622131874
32.0,183.0,34.221377468040885
32.0,184.0,34.25532594371234
32.0,185.0,34.286864797627274
32.0,186.0,34.316100386377684
32.0,187.0,34.34313246858072
32.0,188.0,34.36805470702122
32.0,189.0,34.39095486058509
32.0,190.0,34.41191527699141
32.0,191.0,34.43101308537005
32.0,192.0,34.448320683394925
32.0,193.0,34.46390593462498
32.0,194.0,34.477832654239855
32.0,195.0,34.49016081529446
32.0,196.0,34.50094703690637
32.0,197.0,34.510244802755516
32.0,198.0,34.518104954247015
32.0,199.0,34.52457592266371
32.0,200.0,34.52970422726402
32.0,201.0,34.533534719209364
32.0,202.0,34.53611108053252
32.0,203.0,34.53747607316186
32.0,204.0,34.53767202916901
32.0,205.0,34.536741092015255
32.0,206.0,34.53472568178986
32.0,207.0,34.53166870881177
32.0,208.0,34.52761399062252
32.0,209.0,34.52260641156715
32.0,210.0,34.51669226275843
32.0,211.0,34.509919317234136
32.0,212.0,34.50233706224268
32.0,213.0,34.49399666046332
32.0,214.0,34.48495104817485
32.0,215.0,34.4752547609454
32.0,216.0,34.46496388307376
32.0,217.0,34.45413573175983
32.0,218.0,34.44282866213916
32.0,219.0,34.431101625345384
32.0,220.0,34.419013856150755
32.0,221.0,34.40662434282826
32.0,222.0,34.393991445098145
32.0,223.0,34.38117233094168
32.0,224.0,34.36822258493665
32.0,225.0,34.35519567361448
32.0,226.0,34.342142604204064
32.0,227.0,34.329111473545225
32.0,228.0,34.31614722475045
32.0,229.0,34.30329131730431
32.0,230.0,34.29058160833839
32.0,231.0,34.27805215891147
32.0,232.0,34.26573324377451
32.0,233.0,34.25365128728789
32.0,234.0,34.24182898649714
32.0,235.0,34.230285354402895
32.0,236.0,34.21903592921728
32.0,237.0,34.20809289464906
32.0,238.0,34.19746534388024
32.0,239.0,34.18715944551193
32.0,240.0,34.17717873255622
32.0,241.0,34.16752428659647
32.0,242.0,34.15819502753676
32.0,243.0,34.14918789493558
32.0,244.0,34.14049812112023
32.0,245.0,34.13211939556242
32.0,246.0,34.12404411060646
32.0,247.0,34.11626350090066
32.0,248.0,34.10876785649615
32.0,249.0,34.1015466341417
32.0,250.0,34.0945886365694
32.0,251.0,34.0878820958023
32.0,252.0,34.08141482011619
32.0,253.0,34.07517425157705
32.0,254.0,34.06914758370384
32.0,255.0,34.06332179653305
32.0,256.0,34.057683748707525
32.0,257.0,34.052220193755176
32.0,258.0,34.04691785047108
32.0,259.0,34.04176340404966
32.0,260.0,34.03674355843624
32.0,261.0,34.03184502565953
32.0,262.0,34.02705456346789
32.0,263.0,34.02235895580859
32.0,264.0,34.0177450386441
32.0,265.0,34.013199674104946
32.0,266.0,34.008709766973126
32.0,267.0,34.004262234651385
32.0,268.0,33.99984401644568
32.0,269.0,33.99544204117603
32.0,270.0,33.99104323111092
32.0,271.0,33.98663446881007
32.0,272.0,33.98220259737165
32.0,273.0,33.977734387952665
32.0,274.0,33.97321653789041
32.0,275.0,33.96863564029461
32.0,276.0,33.96397818159883
32.0,277.0,33.959230514661556
32.0,278.0,33.954378857390765
32.0,279.0,33.94940927092748
32.0,280.0,33.94430766116682
32.0,281.0,33.93905976382313
32.0,282.0,33.93365115093801
32.0,283.0,33.92806722493462
32.0,284.0,33.92229323254512
32.0,285.0,33.91631427033619
32.0,286.0,33.91011530888367
32.0,287.0,33.9036812126597
32.0,288.0,33.896996777688635
32.0,289.0,33.890046769075006
32.0,290.0,33.882815975721115
32.0,291.0,33.87528926905439
32.0,292.0,33.86745167856274
32.0,293.0,33.859288475313264
32.0,294.0,33.85078527190276
32.0,295.0,33.84192813395403
32.0,296.0,33.83270370736083
32.0,297.0,33.823099359850104
32.0,298.0,33.81310333684571
32.0,299.0,33.80270493309751
32.0,300.0,33.79189467579426
32.0,301.0,33.78066452289632
32.0,302.0,33.769008068046226
32.0,303.0,33.75692075742316
32.0,304.0,33.74440010546662
32.0,305.0,33.73144591589792
32.0,306.0,33.71806049060342
32.0,307.0,33.70424883352803
32.0,308.0,33.690018828169165
32.0,309.0,33.67538139660751
32.0,310.0,33.660350615582864
32.0,311.0,33.6449437989805
32.0,312.0,33.62918152066812
32.0,313.0,33.613087589731045
32.0,314.0,33.596688952539196
32.0,315.0,33.58001553803041
32.0,316.0,33.56310002338314
32.0,317.0,33.54597754233551
32.0,318.0,33.52868531784718
32.0,319.0,33.51126224792259
32.0,320.0,33.49374843141036
32.0,321.0,33.47618466837131
32.0,322.0,33.45861192591947
32.0,323.0,33.44107080748938
32.0,324.0,33.42360101806954
32.0,325.0,33.4062408632266
32.0,326.0,33.38902677307679
32.0,327.0,33.37199288540375
32.0,328.0,33.3551706752557
32.0,329.0,33.3385886591623
32.0,330.0,33.322272156478626
32.0,331.0,33.30624312911694
32.0,332.0,33.290520077982706
32.0,333.0,33.27511801113865
32.0,334.0,33.260048459660034
32.0,335.0,33.24531955144268
32.0,336.0,33.23093611888743
32.0,337.0,33.216899847541164
32.0,338.0,33.20320944372053
32.0,339.0,33.18986082618429
32.0,340.0,33.176847323589044
32.0,341.0,33.164159881323044
32.0,342.0,33.15178726415928
32.0,343.0,33.13971625680694
32.0,344.0,33.12793185401678
32.0,345.0,33.116417440336186
32.0,346.0,33.10515495658735
32.0,347.0,33.09412505047795
32.0,348.0,33.08330721390726
32.0,349.0,33.072679900900596
32.0,350.0,33.062220634287854
32.0,351.0,33.051906090799406
32.0,352.0,33.04171217837106
32.0,353.0,33.03161409034117
32.0,354.0,33.02158635621804
32.0,355.0,33.01160286804468
32.0,356.0,33.001636908224576
32.0,357.0,32.99166115157272
32.0,358.0,32.98164767401731
32.0,359.0,32.971567933892295
32.0,360.0,32.961392765247126
32.0,361.0,32.95109234175829
32.0,362.0,32.94063615815855
32.0,363.0,32.929992979899076
32.0,364.0,32.91913081597573
32.0,365.0,32.90801685726052
32.0,366.0,32.89661744383967
32.0,367.0,32.88489799482268
32.0,368.0,32.87282297327332
32.0,369.0,32.86035581034644
32.0,370.0,32.84745887103085
32.0,371.0,32.834093375696014
32.0,372.0,32.82021937021028
32.0,373.0,32.80579564843397
32.0,374.0,32.79077973085874
32.0,375.0,32.77512779229134
32.0,376.0,32.758794654009684
32.0,377.0,32.74173372187138
32.0,378.0,32.723896998126335
32.0,379.0,32.70523503648029
32.0,380.0,32.68569698116204
32.0,381.0,32.66523054708592
32.0,382.0,32.643782095545255
32.0,383.0,32.62129664953637
32.0,384.0,32.59771801750461
32.0,385.0,32.57298885605621
32.0,386.0,32.54705085542557
32.0,387.0,32.51984486407196
32.0,388.0,32.49131115177515
32.0,389.0,32.46138961273356
32.0,390.0,32.430020124090184
32.0,391.0,32.39714284568366
32.0,392.0,32.362698692813176
32.0,393.0,32.32662975107211
32.0,394.0,32.28887988146903
32.0,395.0,32.24939526683593
32.0,396.0,32.2081251639191
32.0,397.0,32.165022592440415
32.0,398.0,32.120045241069384
32.0,399.0,32.07315629984997
32.0,400.0,32.02432551356072
32.0,401.0,31.973530141464146
32.0,402.0,31.920756131212652
32.0,403.0,31.86599916585184
32.0,404.0,31.809265903823352
32.0,405.0,31.750575042356818
32.0,406.0,31.68995853583787
32.0,407.0,31.62746257009402
32.0,408.0,31.563148636984568
32.0,409.0,31.497094281967136
32.0,410.0,31.4293938854336
32.0,411.0,31.360159026299176
32.0,412.0,31.289518811724694
32.0,413.0,31.217619704441027
32.0,414.0,31.144625264031436
32.0,415.0,31.070715325843477
32.0,416.0,30.99608507663094
32.0,417.0,30.920943551470028
32.0,418.0,30.84551206170058
32.0,419.0,30.770022083803095
32.0,420.0,30.694713171518327
32.0,421.0,30.619830423651038
32.0,422.0,30.54562211615177
32.0,423.0,30.47233702254796
32.0,424.0,30.40022206414279
32.0,425.0,30.329519789471863
32.0,426.0,30.260466340897747
32.0,427.0,30.19328936708178
32.0,428.0,30.128206542129405
32.0,429.0,30.0654240986207
32.0,430.0,30.0051360318039
32.0,431.0,29.947523328007126
32.0,432.0,29.89275387268435
32.0,433.0,29.840982341777416
32.0,434.0,29.792350737522323
32.0,435.0,29.746988832049198
32.0,436.0,29.705015195469855
32.0,437.0,29.666538041140477
32.0,438.0,29.63165658924835
32.0,439.0,29.6004621584561
32.0,440.0,29.57303971730471
32.0,441.0,29.549469086849367
32.0,442.0,29.529826559720508
32.0,443.0,29.51418611069682
32.0,444.0,29.502620997833883
32.0,445.0,29.495204912722333
32.0,446.0,29.492013511479666
32.0,447.0,29.493125467347387
32.0,448.0,29.498623906974483
32.0,449.0,29.50859735205097
32.0,450.0,29.52314105657895
32.0,451.0,29.54235784088488
32.0,452.0,29.56635933874668
32.0,453.0,29.595266737206114
32.0,454.0,29.62921194968454
32.0,455.0,29.668338279903022
32.0,456.0,29.712801539905332
32.0,457.0,29.762770657480075
32.0,458.0,29.81842875761037
32.0,459.0,29.879973731231562
32.0,460.0,29.947619296033643
32.0,461.0,30.02159554100245
32.0,462.0,30.102149978368292
32.0,463.0,30.189548073663577
32.0,464.0,30.28407429528843
32.0,465.0,30.386032633988307
32.0,466.0,30.495747650088745
32.0,467.0,30.613564979339422
32.0,468.0,30.739852370247117
32.0,469.0,30.87500016495492
32.0,470.0,31.019422310007606
32.0,471.0,31.17355679100292
32.0,472.0,31.337866589166374
32.0,473.0,31.512840036486153
32.0,474.0,31.69899167717471
32.0,475.0,31.89686249536916
32.0,476.0,32.10702062438606
32.0,477.0,32.33006138130169
32.0,478.0,32.56660774734536
32.0,479.0,32.817310122288966
32.0,480.0,33.08284647596269
32.0,481.0,33.363921710078365
32.0,482.0,33.66126735354507
32.0,483.0,33.97564039020142
32.0,484.0,34.307822339728446
32.0,485.0,34.65861737753128
32.0,486.0,35.02885060985398
32.0,487.0,35.41936527862649
32.0,488.0,35.831020006565275
32.0,489.0,36.264684848838634
32.0,490.0,36.72123725630529
32.0,491.0,37.20155671354688
32.0,492.0,37.706519153752986
32.0,493.0,38.236989918642905
32.0,494.0,38.79381636848331
32.0,495.0,39.37781892746101
32.0,496.0,39.98978168291555
32.0,497.0,40.63044135795028
32.0,498.0,41.30047580513588
32.0,499.0,42.00049089780366
32.0,500.0,42.73100701685627
32.0,501.0,43.492444093953004
32.0,502.0,44.28510648353399
32.0,503.0,45.10916673766368
32.0,504.0,45.964649653431344
32.0,505.0,46.85141580337034
32.0,506.0,47.769146028272495
32.0,507.0,48.71732624653422
32.0,508.0,49.69523415863061
32.0,509.0,50.70192732211079
32.0,510.0,51.73623422832841
32.0,511.0,52.79674791365998
32.0,512.0,53.881823697860675
32.0,513.0,54.98958053156583
32.0,514.0,56.117907376499076
32.0,515.0,57.26447391248647
32.0,516.0,58.426746682167874
32.0,517.0,59.60200965071673
32.0,518.0,60.7873898688271
32.0,519.0,61.97988683117568
32.0,520.0,63.17640577197945
32.0,521.0,64.37379314245393
32.0,522.0,65.56887415837457
32.0,523.0,66.75849046948797
32.0,524.0,67.93953768185935
32.0,525.0,69.10900082317397
32.0,526.0,70.2639875624858
32.0,527.0,71.40175754399846
32.0,528.0,72.51974792314665
32.0,529.0,73.61559388837658
32.0,530.0,74.68714462701892
32.0,531.0,75.73247398000497
32.0,532.0,76.74988659013518
32.0,533.0,77.73791918145905
32.0,534.0,78.69533801109186
32.0,535.0,79.62113239466312
32.0,536.0,80.51450544008631
32.0,537.0,81.37486201696008
32.0,538.0,82.20179505952596
32.0,539.0,82.99507024808234
32.0,540.0,83.75461003929969
32.0,541.0,84.48047704354425
32.0,542.0,85.17285754610577
32.0,543.0,85.8320451006818
32.0,544.0,86.45842480864883
32.0,545.0,87.05245814930582
32.0,546.0,87.61466880429761
32.0,547.0,88.14562930093027
32.0,548.0,88.6459487707503
32.0,549.0,89.11626163567185
32.0,550.0,89.55721739633766
32.0,551.0,89.96947134918159
32.0,552.0,90.35367630710513
32.0,553.0,90.71047518632076
32.0,554.0,91.04049445126012
32.0,555.0,91.34433833250876
32.0,556.0,91.62258373818476
32.0,557.0,91.87577583734776
32.0,558.0,92.10442417151263
32.0,559.0,92.30899934361462
32.0,560.0,92.48993008001544
32.0,561.0,92.647600789822
32.0,562.0,92.78234935826902
32.0,563.0,92.8944653755303
32.0,564.0,92.98418847918019
32.0,565.0,93.05170708969179
32.0,566.0,93.09715715828915
32.0,567.0,93.1206212847989
32.0,568.0,93.12212776531256
32.0,569.0,93.10165000548028
32.0,570.0,93.05910579921759
32.0,571.0,92.99435698665529
32.0,572.0,92.90720893082694
32.0,573.0,92.79741040483158
32.0,574.0,92.66465326879542
32.0,575.0,92.50857260631366
32.0,576.0,92.32874664006683
32.0,577.0,92.12469717442823
32.0,578.0,91.89588982608774
32.0,579.0,91.6417348689636
32.0,580.0,91.36158789706992
32.0,581.0,91.05475121041684
32.0,582.0,90.7204750717809
32.0,583.0,90.3579598184162
32.0,584.0,89.96635792220904
32.0,585.0,89.54477706105102
32.0,586.0,89.09228324165156
32.0,587.0,88.60790511400312
32.0,588.0,88.09063846442757
32.0,589.0,87.53945210186207
32.0,590.0,86.95329406905465
32.0,591.0,86.33109946200814
32.0,592.0,85.6717987289573
32.0,593.0,84.97432779102226
32.0,594.0,84.23763878567739
32.0,595.0,83.4607128184552
32.0,596.0,82.64257343794525
32.0,597.0,81.78230224018488
32.0,598.0,80.87905520816713
32.0,599.0,79.93208118292276
32.0,600.0,78.94074093209372
32.0,601.0,77.90452816598788
32.0,602.0,76.82309079220221
32.0,603.0,75.69625367354598
32.0,604.0,74.52404097276495
32.0,605.0,73.30669923221059
32.0,606.0,72.04471904607345
32.0,607.0,70.73885634781199
32.0,608.0,69.39015095792458
32.0,609.0,67.99994332132871
32.0,610.0,66.56988693075144
32.0,611.0,65.1019573617279
32.0,612.0,63.59845539257246
32.0,613.0,62.06200528229256
32.0,614.0,60.49554583717925
32.0,615.0,58.90231567775822
32.0,616.0,57.285830692814315
32.0,617.0,55.649855610654235
32.0,618.0,53.99836818228423
32.0,619.0,52.33551852073173
32.0,620.0,50.66558263182138
32.0,621.0,48.99291324296709
32.0,622.0,47.321887375851574
32.0,623.0,45.65685411807892
32.0,624.0,44.00208217706363
32.0,625.0,42.361710698960245
32.0,626.0,40.73970274294283
32.0,627.0,39.13980460051983
32.0,628.0,37.56550988413408
32.0,629.0,36.02003106771091
32.0,630.0,34.50627680739865
32.0,631.0,33.026837166252776
32.0,632.0,31.58397450796241
32.0,633.0,30.179621719820407
32.0,634.0,28.815385119130287
32.0,635.0,27.492553419183338
32.0,636.0,26.21210989702291
32.0,637.0,24.97474904605323
32.0,638.0,23.78089482452843
32.0,639.0,22.630721840532182
32.0,640.0,21.52417667945723
32.0,641.0,20.46100086137628
32.0,642.0,19.440752793531768
32.0,643.0,18.46283038372881
32.0,644.0,17.526491853074003
32.0,645.0,16.630876582715786
32.0,646.0,15.775023688605154
32.0,647.0,14.957890295821924
32.0,648.0,14.178367330030257
32.0,649.0,13.435294894997282
32.0,650.0,12.727475143063451
32.0,651.0,12.053684767292378
32.0,652.0,11.412685081919813
32.0,653.0,10.803231848488851
32.0,654.0,10.224082851725534
32.0,655.0,9.67400538773761
32.0,656.0,9.151781691137007
32.0,657.0,8.656214452428399
32.0,658.0,8.186130466189471
32.0,659.0,7.740384539324636
32.0,660.0,7.317861709952941
32.0,661.0,6.917479877416807
32.0,662.0,6.538190903387097
32.0,663.0,6.1789822517734825
32.0,664.0,5.838877238287356
32.0,665.0,5.516935922327025
32.0,666.0,5.2122547255557485
32.0,667.0,4.923966773529282
32.0,668.0,4.651241061505963
32.0,669.0,4.3932824037098515
32.0,670.0,4.14933028737837
32.0,671.0,3.9186585532042293
32.0,672.0,3.7005740470993294
32.0,673.0,3.4944161266802767
32.0,674.0,3.299555194230377
32.0,675.0,3.1153921007147787
32.0,676.0,2.9413566224338616
32.0,677.0,2.7769068153568077
32.0,678.0,2.6215274813063103
32.0,679.0,2.4747295106859144
32.0,680.0,2.3360483710189026
32.0,681.0,2.2050434647318338
32.0,682.0,2.0812966628338865
32.0,683.0,1.9644116956857034
32.0,684.0,1.8540127469684824
32.0,685.0,1.7497438887748424
32.0,686.0,1.6512677452840505
32.0,687.0,1.5582649786071572
32.0,688.0,1.4704330273443527
32.0,689.0,1.3874856460277045
32.0,690.0,1.3091517206534482
32.0,691.0,1.2351748619913478
32.0,692.0,1.165312297989728
32.0,693.0,1.0993345194208137
32.0,694.0,1.0370242475362401
32.0,695.0,0.9781761293034974
32.0,696.0,0.9225957776771474
32.0,697.0,0.8700995129048937
32.0,698.0,0.8205134721446375
32.0,699.0,0.77367339286516
32.0,700.0,0.7294237881810294
32.0,701.0,0.687617768154389
32.0,702.0,0.6481162770616408
32.0,703.0,0.6107879483522003
32.0,704.0,0.5755084000443508
32.0,705.0,0.542160119163176
32.0,706.0,0.5106318115438951
32.0,707.0,0.48081831171628026
32.0,708.0,0.45261998353915595
32.0,709.0,0.4259426516939913
32.0,710.0,0.4006970497596171
32.0,711.0,0.376798769702375
32.0,712.0,0.3541677542075466
32.0,713.0,0.33272826079216505
32.0,714.0,0.3124083954261991
32.0,715.0,0.2931400881359261
32.0,716.0,0.2748586651643441
32.0,717.0,0.2575028331701569
32.0,718.0,0.24101428738677022
32.0,719.0,0.22533770174916792
32.0,720.0,0.21042037070983227
32.0,721.0,0.19621220283959412
32.0,722.0,0.18266539414408337
32.0,723.0,0.16973442288283092
32.0,724.0,0.15737575239967838
32.0,725.0,0.14554782508574937
32.0,726.0,0.134210792890698
32.0,727.0,0.1233265085190659
32.0,728.0,0.11285828192593755
32.0,729.0,0.10277086698253034
32.0,730.0,0.09303024237972149
32.0,731.0,0.08360359212765034
32.0,732.0,0.07445910939389032
32.0,733.0,0.06556596931371896
32.0,734.0,0.056894154376756455
32.0,735.0,0.04841441811982057
32.0,736.0,0.04009813074702204
32.0,737.0,0.03191723235623245
32.0,738.0,0.02384409753329627
32.0,739.0,0.01585147682654858
32.0,740.0,0.007912379096311657
32.0,741.0,0.0
33.0,0.0,0.0
33.0,1.0,0.0028181503549043986
33.0,2.0,0.005645817637718649
33.0,3.0,0.008492552060236469
33.0,4.0,0.011367964848522354
33.0,5.0,0.01428176750119287
33.0,6.0,0.01724379438976974
33.0,7.0,0.02026404841485697
33.0,8.0,0.023352718907670357
33.0,9.0,0.026520234115377926
33.0,10.0,0.02977727484800518
33.0,11.0,0.03313483423719024
33.0,12.0,0.036604227590983716
33.0,13.0,0.04019715988854168
33.0,14.0,0.04392573232910413
33.0,15.0,0.047802518048804574
33.0,16.0,0.051840565879455
33.0,17.0,0.05605348480280158
33.0,18.0,0.0604554454698069
33.0,19.0,0.06506127394243862
33.0,20.0,0.06988645156505449
33.0,21.0,0.07494721858426921
33.0,22.0,0.08026057301091634
33.0,23.0,0.08584438475475144
33.0,24.0,0.09171739416833001
33.0,25.0,0.0978993373852493
33.0,26.0,0.10441094529608781
33.0,27.0,0.11127408083641938
33.0,28.0,0.11851173920950052
33.0,29.0,0.12614819793308266
33.0,30.0,0.13420901919338007
33.0,31.0,0.14272121352717101
33.0,32.0,0.15171324526598928
33.0,33.0,0.1612152108011836
33.0,34.0,0.17125884815507073
33.0,35.0,0.18187773085005
33.0,36.0,0.19310728272285815
33.0,37.0,0.20498498849235197
33.0,38.0,0.21755041501143388
33.0,39.0,0.2308454396986315
33.0,40.0,0.24491427949605438
33.0,41.0,0.25980373839308335
33.0,42.0,0.2755632454227837
33.0,43.0,0.29224512255589746
33.0,44.0,0.30990463311549765
33.0,45.0,0.3286002713479269
33.0,46.0,0.3483938226566925
33.0,47.0,0.36935067615308265
33.0,48.0,0.3915398980927251
33.0,49.0,0.4150345686577619
33.0,50.0,0.43991186990635694
33.0,51.0,0.46625344792126655
33.0,52.0,0.49414551643180066
33.0,53.0,0.5236792452551657
33.0,54.0,0.5549508804931507
33.0,55.0,0.5880621598599337
33.0,56.0,0.6231204499547777
33.0,57.0,0.6602391885707869
33.0,58.0,0.6995380389522651
33.0,59.0,0.7411433584591115
33.0,60.0,0.7851883688722786
33.0,61.0,0.8318136497796658
33.0,62.0,0.8811673228185758
33.0,63.0,0.9334055667653867
33.0,64.0,0.9886928120045857
33.0,65.0,1.047202272440291
33.0,66.0,1.1091161443402988
33.0,67.0,1.1746261477140028
33.0,68.0,1.2439337208561234
33.0,69.0,1.3172505605996359
33.0,70.0,1.3947988002121436
33.0,71.0,1.4768115337571526
33.0,72.0,1.5635329602888395
33.0,73.0,1.6552188722441177
33.0,74.0,1.7521367429365642
33.0,75.0,1.8545661522509813
33.0,76.0,1.9627987870537413
33.0,77.0,2.0771387692811967
33.0,78.0,2.1979025298926
33.0,79.0,2.3254189945980452
33.0,80.0,2.460029281295022
33.0,81.0,2.6020866871537702
33.0,82.0,2.7519561471771077
33.0,83.0,2.910013953353811
33.0,84.0,3.0766468984279904
33.0,85.0,3.2522516439144376
33.0,86.0,3.437233459185421
33.0,87.0,3.6320051414586696
33.0,88.0,3.8369852474314716
33.0,89.0,4.052596456883767
33.0,90.0,4.27926318482799
33.0,91.0,4.517409274247772
33.0,92.0,4.767454874910663
33.0,93.0,5.0298133545707095
33.0,94.0,5.304887341601255
33.0,95.0,5.593064763941404
33.0,96.0,5.894713983550423
33.0,97.0,6.2101789161614205
33.0,98.0,6.539773244412009
33.0,99.0,6.883774647426681
33.0,100.0,7.24241817438532
33.0,101.0,7.615889728194143
33.0,102.0,8.004318817545013
33.0,103.0,8.407771595973326
33.0,104.0,8.826243386621735
33.0,105.0,9.25965176990326
33.0,106.0,9.707829477460331
33.0,107.0,10.170518226505282
33.0,108.0,10.647362776611246
33.0,109.0,11.137906385427863
33.0,110.0,11.641586963039458
33.0,111.0,12.157735112714192
33.0,112.0,12.685573337227677
33.0,113.0,13.224217562351608
33.0,114.0,13.772680184306893
33.0,115.0,14.32987570014703
33.0,116.0,14.894628001296542
33.0,117.0,15.46568024622825
33.0,118.0,16.041706227513032
33.0,119.0,16.621323981586393
33.0,120.0,17.203110387797803
33.0,121.0,17.78561735436226
33.0,122.0,18.3673882104377
33.0,123.0,18.946974812251685
33.0,124.0,19.52295393502898
33.0,125.0,20.09394345856689
33.0,126.0,20.658616965832845
33.0,127.0,21.215717351975762
33.0,128.0,21.764068190614733
33.0,129.0,22.302583605377215
33.0,130.0,22.830275562354657
33.0,131.0,23.34625949895529
33.0,132.0,23.849757369935542
33.0,133.0,24.340099168956602
33.0,134.0,24.81672213312518
33.0,135.0,25.279168781396805
33.0,136.0,25.727083066763097
33.0,137.0,26.160205829193167
33.0,138.0,26.57836884983395
33.0,139.0,26.981488682131392
33.0,140.0,27.369559542743172
33.0,141.0,27.74264639551915
33.0,142.0,28.100877472722956
33.0,143.0,28.444437309924332
33.0,144.0,28.77355949397684
33.0,145.0,29.088520142020318
33.0,146.0,29.38963127038204
33.0,147.0,29.67723501896805
33.0,148.0,29.951697859092935
33.0,149.0,30.213405707502307
33.0,150.0,30.462759054844888
33.0,151.0,30.700168998334007
33.0,152.0,30.926053277671166
33.0,153.0,31.14083317940276
33.0,154.0,31.34493040825658
33.0,155.0,31.538764772476796
33.0,156.0,31.722751787700087
33.0,157.0,31.89730103261519
33.0,158.0,32.062814371510186
33.0,159.0,32.21968486581661
33.0,160.0,32.36829550330287
33.0,161.0,32.509018557214475
33.0,162.0,32.642214719381684
33.0,163.0,32.76823281017609
33.0,164.0,32.88740922572199
33.0,165.0,33.000067915627206
33.0,166.0,33.10652006852532
33.0,167.0,33.20706428852653
33.0,168.0,33.30198645695016
33.0,169.0,33.39156005154199
33.0,170.0,33.47604613466034
33.0,171.0,33.55569377095483
33.0,172.0,33.63074010308653
33.0,173.0,33.70141083356114
33.0,174.0,33.767920358222874
33.0,175.0,33.83047228630636
33.0,176.0,33.88925960953573
33.0,177.0,33.944465241344986
33.0,178.0,33.99626220561349
33.0,179.0,34.04481418159759
33.0,180.0,34.090275701343444
33.0,181.0,34.13279269137836
33.0,182.0,34.17250267186261
33.0,183.0,34.20953528969708
33.0,184.0,34.244012515684105
33.0,185.0,34.276049166579945
33.0,186.0,34.305753099072355
33.0,187.0,34.33322572056227
33.0,188.0,34.358562180729955
33.0,189.0,34.381851872542214
33.0,190.0,34.403178623615105
33.0,191.0,34.42262119012686
33.0,192.0,34.440253451079386
33.0,193.0,34.45614489840842
33.0,194.0,34.470360837520474
33.0,195.0,34.482962876821034
33.0,196.0,34.494009137419916
33.0,197.0,34.50355474437983
33.0,198.0,34.51165204705488
33.0,199.0,34.51835111239991
33.0,200.0,34.52369995484208
33.0,201.0,34.52774502881509
33.0,202.0,34.53053146323869
33.0,203.0,34.53210354600517
33.0,204.0,34.53250495312133
33.0,205.0,34.53177921239393
33.0,206.0,34.52996991148326
33.0,207.0,34.527121122151286
33.0,208.0,34.52327756579062
33.0,209.0,34.518484974500566
33.0,210.0,34.51279018855456
33.0,211.0,34.50624142796169
33.0,212.0,34.498888295694115
33.0,213.0,34.4907819352026
33.0,214.0,34.48197491786124
33.0,215.0,34.472521269644226
33.0,216.0,34.462476232136346
33.0,217.0,34.4518961554647
33.0,218.0,34.44083813863901
33.0,219.0,34.429359804058834
33.0,220.0,34.41751884197749
33.0,221.0,34.40537270056622
33.0,222.0,34.39297807628726
33.0,223.0,34.38039056757245
33.0,224.0,34.36766416293701
33.0,225.0,34.35485091154245
33.0,226.0,34.3420004608133
33.0,227.0,34.329159791815634
33.0,228.0,34.31637284795474
33.0,229.0,34.303680368898355
33.0,230.0,34.291119634803785
33.0,231.0,34.27872441372881
33.0,232.0,34.26652482666974
33.0,233.0,34.2545474050524
33.0,234.0,34.24281506531215
33.0,235.0,34.23134725904928
33.0,236.0,34.22016003485914
33.0,237.0,34.20926625588094
33.0,238.0,34.19867572182405
33.0,239.0,34.18839542671872
33.0,240.0,34.178429714609365
33.0,241.0,34.168780552824614
33.0,242.0,34.15944769880651
33.0,243.0,34.150428969234746
33.0,244.0,34.14172040106366
33.0,245.0,34.133316502662495
33.0,246.0,34.125210397885624
33.0,247.0,34.1173940508516
33.0,248.0,34.10985838688298
33.0,249.0,34.102593487014865
33.0,250.0,34.095588683516695
33.0,251.0,34.0888327234982
33.0,252.0,34.08231383942377
33.0,253.0,34.076019883343164
33.0,254.0,34.069938374481836
33.0,255.0,34.06405660686934
33.0,256.0,34.058361676967365
33.0,257.0,34.05284056803956
33.0,258.0,34.04748016109796
33.0,259.0,34.042267299474815
33.0,260.0,34.03718878632932
33.0,261.0,34.03223143272436
33.0,262.0,34.02738204469469
33.0,263.0,34.02262745783337
33.0,264.0,34.01795451659128
33.0,265.0,34.01335009803102
33.0,266.0,34.00880108568192
33.0,267.0,34.004294384783556
33.0,268.0,33.99981689270702
33.0,269.0,33.9953555077232
33.0,270.0,33.99089709774857
33.0,271.0,33.986428504456036
33.0,272.0,33.98193651192738
33.0,273.0,33.97740784778821
33.0,274.0,33.97282915325728
33.0,275.0,33.96818698293753
33.0,276.0,33.963467777748185
33.0,277.0,33.95865786504145
33.0,278.0,33.95374343598684
33.0,279.0,33.94871054780739
33.0,280.0,33.94354510735273
33.0,281.0,33.93823287745385
33.0,282.0,33.93275946866475
33.0,283.0,33.9271103520092
33.0,284.0,33.921270861174634
33.0,285.0,33.91522621424658
33.0,286.0,33.908961528973684
33.0,287.0,33.90246185641935
33.0,288.0,33.895712212236035
33.0,289.0,33.88869762544762
33.0,290.0,33.881403188899675
33.0,291.0,33.873814126528046
33.0,292.0,33.865915866177026
33.0,293.0,33.85769412857659
33.0,294.0,33.84913502538604
33.0,295.0,33.84022517251417
33.0,296.0,33.83095181535032
33.0,297.0,33.821302967797834
33.0,298.0,33.811267564962414
33.0,299.0,33.800835627089164
33.0,300.0,33.78999843725916
33.0,301.0,33.77874872612082
33.0,302.0,33.76708086824563
33.0,303.0,33.754991079052935
33.0,304.0,33.742477618438016
33.0,305.0,33.7295409858019
33.0,306.0,33.716184113782305
33.0,307.0,33.70241254144373
33.0,308.0,33.68823457530572
33.0,309.0,33.67366141569955
33.0,310.0,33.6587072582532
33.0,311.0,33.643389345877004
33.0,312.0,33.62772798329939
33.0,313.0,33.611746489025236
33.0,314.0,33.59547110023381
33.0,315.0,33.57893080686664
33.0,316.0,33.56215713517127
33.0,317.0,33.545183860037284
33.0,318.0,33.52804667196509
33.0,319.0,33.510782782067864
33.0,320.0,33.493430496351124
33.0,321.0,33.47602874652864
33.0,322.0,33.45861661256171
33.0,323.0,33.44123282657854
33.0,324.0,33.42391529473428
33.0,325.0,33.406700626795875
33.0,326.0,33.38962370837518
33.0,327.0,33.372717303458
33.0,328.0,33.35601171793281
33.0,329.0,33.339534508190525
33.0,330.0,33.32331025979073
33.0,331.0,33.30736041651789
33.0,332.0,33.29170317890303
33.0,333.0,33.27635344981217
33.0,334.0,33.261322841028964
33.0,335.0,33.24661971747949
33.0,336.0,33.23224928909182
33.0,337.0,33.21821372793861
33.0,338.0,33.20451231785679
33.0,339.0,33.19114161689866
33.0,340.0,33.17809563774533
33.0,341.0,33.16536603039373
33.0,342.0,33.15294227041891
33.0,343.0,33.14081184186779
33.0,344.0,33.12896041605076
33.0,345.0,33.11737202046623
33.0,346.0,33.10602919657774
33.0,347.0,33.09491314608189
33.0,348.0,33.084003861162216
33.0,349.0,33.073280243912045
33.0,350.0,33.06272020646066
33.0,351.0,33.05230076267682
33.0,352.0,33.041998098295714
33.0,353.0,33.03178763623428
33.0,354.0,33.02164407856568
33.0,355.0,33.01154144808191
33.0,356.0,33.00145310490127
33.0,357.0,32.99135176756093
33.0,358.0,32.981209507443104
33.0,359.0,32.9709977528979
33.0,360.0,32.960687264743925
33.0,361.0,32.95024812689756
33.0,362.0,32.939649706108284
33.0,363.0,32.92886063244775
33.0,364.0,32.917848746302916
33.0,365.0,32.90658107196104
33.0,366.0,32.89502375479277
33.0,367.0,32.883142031133154
33.0,368.0,32.870900158606666
33.0,369.0,32.85826138560312
33.0,370.0,32.8451878778742
33.0,371.0,32.83164069117937
33.0,372.0,32.817579697656015
33.0,373.0,32.80296356569754
33.0,374.0,32.787749690197884
33.0,375.0,32.771894184451114
33.0,376.0,32.75535181922239
33.0,377.0,32.73807603244813
33.0,378.0,32.72001888320926
33.0,379.0,32.701131086278
33.0,380.0,32.68136198847147
33.0,381.0,32.66065963663227
33.0,382.0,32.63897078550487
33.0,383.0,32.616241009517324
33.0,384.0,32.59241475319259
33.0,385.0,32.567435499031966
33.0,386.0,32.54124587342511
33.0,387.0,32.513787884854835
33.0,388.0,32.48500310008191
33.0,389.0,32.45483296850873
33.0,390.0,32.423219084725496
33.0,391.0,32.390103615737075
33.0,392.0,32.355429666216914
33.0,393.0,32.31914182476014
33.0,394.0,32.28118664662867
33.0,395.0,32.24151333235495
33.0,396.0,32.20007433837432
33.0,397.0,32.156826195067914
33.0,398.0,32.11173024729781
33.0,399.0,32.06475360815212
33.0,400.0,32.01587001787448
33.0,401.0,31.965060913143756
33.0,402.0,31.912316373460296
33.0,403.0,31.857636263395996
33.0,404.0,31.801031210382156
33.0,405.0,31.742523749991857
33.0,406.0,31.6821492502321
33.0,407.0,31.61995696070479
33.0,408.0,31.55601077040391
33.0,409.0,31.490390036424298
33.0,410.0,31.42319004217665
33.0,411.0,31.354522468666026
33.0,412.0,31.284515417305357
33.0,413.0,31.213313396275442
33.0,414.0,31.14107679580748
33.0,415.0,31.067981301290317
33.0,416.0,30.99421676387304
33.0,417.0,30.919986021890633
33.0,418.0,30.845503192244674
33.0,419.0,30.77099197332476
33.0,420.0,30.696683478300407
33.0,421.0,30.62281418648684
33.0,422.0,30.54962352515531
33.0,423.0,30.477351707130158
33.0,424.0,30.40623731845882
33.0,425.0,30.336515306533286
33.0,426.0,30.268414831104963
33.0,427.0,30.20215764096319
33.0,428.0,30.13795639533381
33.0,429.0,30.07601359655433
33.0,430.0,30.016520503707575
33.0,431.0,29.959656695205684
33.0,432.0,29.90558960111979
33.0,433.0,29.85447467821988
33.0,434.0,29.806455505135233
33.0,435.0,29.761664482727426
33.0,436.0,29.720223381509495
33.0,437.0,29.682244441302142
33.0,438.0,29.647831236911802
33.0,439.0,29.617080041742057
33.0,440.0,29.59008088070646
33.0,441.0,29.566919035303265
33.0,442.0,29.547676173041573
33.0,443.0,29.53243189681852
33.0,444.0,29.521264868411606
33.0,445.0,29.51425433431597
33.0,446.0,29.511481189808624
33.0,447.0,29.51302944080643
33.0,448.0,29.518987180149328
33.0,449.0,29.529447967362206
33.0,450.0,29.544511708134795
33.0,451.0,29.564285950084624
33.0,452.0,29.58888666966928
33.0,453.0,29.61843949246138
33.0,454.0,29.653080399616517
33.0,455.0,29.692956886732034
33.0,456.0,29.738228605583902
33.0,457.0,29.789068477454094
33.0,458.0,29.845663286210996
33.0,459.0,29.90821476104212
33.0,460.0,29.976940134960714
33.0,461.0,30.052073208918557
33.0,462.0,30.1338648860878
33.0,463.0,30.222584224831557
33.0,464.0,30.31851895398492
33.0,465.0,30.421976516357592
33.0,466.0,30.533284563840194
33.0,467.0,30.652791986022198
33.0,468.0,30.78086937620698
33.0,469.0,30.91791003119786
33.0,470.0,31.064330369995865
33.0,471.0,31.22057088055442
33.0,472.0,31.38709646172343
33.0,473.0,31.56439728042395
33.0,474.0,31.752988993886174
33.0,475.0,31.953413465826497
33.0,476.0,32.166238809779635
33.0,477.0,32.392059895062424
33.0,478.0,32.63149813264924
33.0,479.0,32.88520168067296
33.0,480.0,33.153844871631854
33.0,481.0,33.43812800284453
33.0,482.0,33.73877627793598
33.0,483.0,34.0565390404185
33.0,484.0,34.39218807410739
33.0,485.0,34.74651610899142
33.0,486.0,35.12033429615145
33.0,487.0,35.51446978664064
33.0,488.0,35.92976216973994
33.0,489.0,36.367059901748085
33.0,490.0,36.827215477165375
33.0,491.0,37.31108047152167
33.0,492.0,37.819499211186525
33.0,493.0,38.353302202056575
33.0,494.0,38.9132980862241
33.0,495.0,39.50026526927716
33.0,496.0,40.11494201541726
33.0,497.0,40.75801617610244
33.0,498.0,41.43011339619652
33.0,499.0,42.13178500286398
33.0,500.0,42.86349449050233
33.0,501.0,43.62560386578935
33.0,502.0,44.41835885945779
33.0,503.0,45.24187434638012
33.0,504.0,46.09611909457003
33.0,505.0,46.98090127393108
33.0,506.0,47.89585396891847
33.0,507.0,48.84042221092413
33.0,508.0,49.81385088651956
33.0,509.0,50.81517509172275
33.0,510.0,51.84321235792712
33.0,511.0,52.896558309221824
33.0,512.0,53.97358516847649
33.0,513.0,55.07244456312714
33.0,514.0,56.191073933881384
33.0,515.0,57.32720777155397
33.0,516.0,58.47839276037931
33.0,517.0,59.64200772293355
33.0,518.0,60.81528714186083
33.0,519.0,61.99534877198786
33.0,520.0,63.17922380803655
33.0,521.0,64.36388977403918
33.0,522.0,65.54630437540277
33.0,523.0,66.72344025708612
33.0,524.0,67.89231884956575
33.0,525.0,69.0500432070912
33.0,526.0,70.19382815691945
33.0,527.0,71.32102780877752
33.0,528.0,72.42915904518233
33.0,529.0,73.51592131155442
33.0,530.0,74.57921171428377
33.0,531.0,75.61713604960623
33.0,532.0,76.6280151519474
33.0,533.0,77.6103874372787
33.0,534.0,78.56300733209527
33.0,535.0,79.48484061219537
33.0,536.0,80.37505653277864
33.0,537.0,81.23301780611361
33.0,538.0,82.05826839291409
33.0,539.0,82.85052009783016
33.0,540.0,83.60963794158809
33.0,541.0,84.33562517005434
33.0,542.0,85.02860783616832
33.0,543.0,85.68881965484309
33.0,544.0,86.31658701801585
33.0,545.0,86.91231470615597
33.0,546.0,87.47647214357198
33.0,547.0,88.00958058250406
33.0,548.0,88.51220104347796
33.0,549.0,88.98492326505668
33.0,550.0,89.42835549385792
33.0,551.0,89.84311525631635
33.0,552.0,90.22982096816382
33.0,553.0,90.58908442889626
33.0,554.0,90.92150410017075
33.0,555.0,91.22765913455747
33.0,556.0,91.50810410999178
33.0,557.0,91.76336436477887
33.0,558.0,91.9939319542724
33.0,559.0,92.20026205832853
33.0,560.0,92.38276993253335
33.0,561.0,92.5418281697847
33.0,562.0,92.67776444078818
33.0,563.0,92.79085941899578
33.0,564.0,92.88134513614116
33.0,565.0,92.94940341324462
33.0,566.0,92.99516469182143
33.0,567.0,93.01870684936449
33.0,568.0,93.02005440279797
33.0,569.0,92.99917762285904
33.0,570.0,92.95599204215486
33.0,571.0,92.8903578185144
33.0,572.0,92.8020795154274
33.0,573.0,92.69090569987048
33.0,574.0,92.55652899837833
33.0,575.0,92.39858595068567
33.0,576.0,92.2166573809538
33.0,577.0,92.01026856563105
33.0,578.0,91.77888999726632
33.0,579.0,91.52193796405128
33.0,580.0,91.23877582385519
33.0,581.0,90.92871513444406
33.0,582.0,90.59101759805992
33.0,583.0,90.22489692513867
33.0,584.0,89.82952165427908
33.0,585.0,89.40401797713707
33.0,586.0,88.94747368296183
33.0,587.0,88.4589422152795
33.0,588.0,87.93744803024705
33.0,589.0,87.38199219135632
33.0,590.0,86.79155945972218
33.0,591.0,86.16512575260933
33.0,592.0,85.5016672907025
33.0,593.0,84.80017023686383
33.0,594.0,84.05964219518337
33.0,595.0,83.27912429040082
33.0,596.0,82.45770522622004
33.0,597.0,81.5945359414222
33.0,598.0,80.68884626729323
33.0,599.0,79.73996207986315
33.0,600.0,78.74732432543031
33.0,601.0,77.71050825935245
33.0,602.0,76.62924421938474
33.0,603.0,75.50343809287267
33.0,604.0,74.33319271432698
33.0,605.0,73.11882815453508
33.0,606.0,71.86090204080244
33.0,607.0,70.56022767614397
33.0,608.0,69.21789101723553
33.0,609.0,67.83526412709796
33.0,610.0,66.41401614251564
33.0,611.0,64.95611930932068
33.0,612.0,63.463851214687416
33.0,613.0,61.93979084241086
33.0,614.0,60.38680981740439
33.0,615.0,58.80805669978419
33.0,616.0,57.206936086452835
33.0,617.0,55.58708075909028
33.0,618.0,53.952319137610985
33.0,619.0,52.306636727304024
33.0,620.0,50.65413433002791
33.0,621.0,48.9989821090211
33.0,622.0,47.34537267055981
33.0,623.0,45.69747247940723
33.0,624.0,44.05937493552003
33.0,625.0,42.4350544007336
33.0,626.0,40.82832439496262
33.0,627.0,39.2427989668422
33.0,628.0,37.68186012172678
33.0,629.0,36.14862985431194
33.0,630.0,34.64594921359543
33.0,631.0,33.17636244197911
33.0,632.0,31.742108171001256
33.0,633.0,30.345115281032427
33.0,634.0,28.987005071409655
33.0,635.0,27.669097058312303
33.0,636.0,26.392419865105765
33.0,637.0,25.157724394336288
33.0,638.0,23.965500711917375
33.0,639.0,22.815995840680962
33.0,640.0,21.70923396815005
33.0,641.0,20.64503636319565
33.0,642.0,19.623042640216685
33.0,643.0,18.642730805042685
33.0,644.0,17.703437871559398
33.0,645.0,16.80437862824484
33.0,646.0,15.944664481164644
33.0,647.0,15.123320080827105
33.0,648.0,14.339299768744198
33.0,649.0,13.591501652932669
33.0,650.0,12.878781424601137
33.0,651.0,12.19996379984066
33.0,652.0,11.553853744126027
33.0,653.0,10.939245414729776
33.0,654.0,10.354930998846708
33.0,655.0,9.799707416330955
33.0,656.0,9.2723830653521
33.0,657.0,8.771782602033007
33.0,658.0,8.2967519189793
33.0,659.0,7.846161329250646
33.0,660.0,7.41890909788063
33.0,661.0,7.013923340100565
33.0,662.0,6.6301643994872945
33.0,663.0,6.266625737572097
33.0,664.0,5.922335415443724
33.0,665.0,5.596356212761467
33.0,666.0,5.287786429688702
33.0,667.0,4.995759433550251
33.0,668.0,4.719443959236072
33.0,669.0,4.458043244563816
33.0,670.0,4.210794972135331
33.0,671.0,3.9769701215143654
33.0,672.0,3.7558726649812355
33.0,673.0,3.546838236491838
33.0,674.0,3.3492336680799006
33.0,675.0,3.1624555521786717
33.0,676.0,2.985929684318669
33.0,677.0,2.819109576379777
33.0,678.0,2.6614758542420605
33.0,679.0,2.512534764351278
33.0,680.0,2.3718175615274917
33.0,681.0,2.2388790392875557
33.0,682.0,2.1132969325229176
33.0,683.0,1.9946704927676284
33.0,684.0,1.8826199223868556
33.0,685.0,1.7767850089027954
33.0,686.0,1.6768246012166446
33.0,687.0,1.5824153117700042
33.0,688.0,1.4932510407529527
33.0,689.0,1.4090417509174187
33.0,690.0,1.3295130423681272
33.0,691.0,1.2544050019543918
33.0,692.0,1.1834718288262467
33.0,693.0,1.1164807582672471
33.0,694.0,1.0532117365057516
33.0,695.0,0.9934564174180265
33.0,696.0,0.9370178839402499
33.0,697.0,0.8837097151139712
33.0,698.0,0.8333557507110836
33.0,699.0,0.7857892254916323
33.0,700.0,0.7408525732251136
33.0,701.0,0.6983966246900173
33.0,702.0,0.6582804470680091
33.0,703.0,0.6203706020633151
33.0,704.0,0.5845410165985319
33.0,705.0,0.5506722974149841
33.0,706.0,0.518651629062122
33.0,707.0,0.48837214141565516
33.0,708.0,0.45973283109058105
33.0,709.0,0.43263797845097096
33.0,710.0,0.40699708876263
33.0,711.0,0.38272435544364836
33.0,712.0,0.3597386174865705
33.0,713.0,0.3379628658951554
33.0,714.0,0.3173242141331637
33.0,715.0,0.29775344489780814
33.0,716.0,0.2791849905823736
33.0,717.0,0.261556517741746
33.0,718.0,0.24480891478167324
33.0,719.0,0.22888591167035702
33.0,720.0,0.21373407228315333
33.0,721.0,0.19930244710230358
33.0,722.0,0.18554256784888082
33.0,723.0,0.17240813108757871
33.0,724.0,0.15985499296560693
33.0,725.0,0.14784088179935856
33.0,726.0,0.13632539091151344
33.0,727.0,0.1252697184204296
33.0,728.0,0.1146366563213299
33.0,729.0,0.10439035582699209
33.0,730.0,0.09449631097641041
33.0,731.0,0.08492114798671882
33.0,732.0,0.07563260179325415
33.0,733.0,0.06659932796778545
33.0,734.0,0.05779087069774932
33.0,735.0,0.04917749590503805
33.0,736.0,0.040730149259708213
33.0,737.0,0.03242030919711768
33.0,738.0,0.024219933633025166
33.0,739.0,0.016101331625072088
33.0,740.0,0.008037097512276459
33.0,741.0,0.0
34.0,0.0,0.0
34.0,1.0,0.0028573027729706627
34.0,2.0,0.005724255003386243
34.0,3.0,0.008610537017719674
34.0,4.0,0.011525896724425326
34.0,5.0,0.014480175065810777
34.0,6.0,0.017483349001692523
34.0,7.0,0.02054555197606886
34.0,8.0,0.0236771236034508
34.0,9.0,0.026888625592716552
34.0,10.0,0.030190898578499076
34.0,11.0,0.033595073960329645
34.0,12.0,0.03711263833713653
34.0,13.0,0.040755441740911204
34.0,14.0,0.04453577015338594
34.0,15.0,0.04846635064009438
34.0,16.0,0.05256043245474019
34.0,17.0,0.056831789611796184
34.0,18.0,0.06129481111604454
34.0,19.0,0.06596450154988132
34.0,20.0,0.07085658100307944
34.0,21.0,0.07598748429482768
34.0,22.0,0.08137447122198227
34.0,23.0,0.08703562508560503
34.0,24.0,0.09298997392479891
34.0,25.0,0.09925748907306367
34.0,26.0,0.10585921809911265
34.0,27.0,0.11281728417953733
34.0,28.0,0.12015503152746633
34.0,29.0,0.12789702643441794
34.0,30.0,0.13606921603172842
34.0,31.0,0.14469893192537456
34.0,32.0,0.1538150632028636
34.0,33.0,0.16344806365911496
34.0,34.0,0.1736301400315867
34.0,35.0,0.18439526389134697
34.0,36.0,0.19577937615957883
34.0,37.0,0.20782040481331956
34.0,38.0,0.22055848680423285
34.0,39.0,0.2340359927997072
34.0,40.0,0.24829776768584091
34.0,41.0,0.2633911636268912
34.0,42.0,0.279366300383178
34.0,43.0,0.2962761080187178
34.0,44.0,0.31417660829359945
34.0,45.0,0.3331269683721774
34.0,46.0,0.35318980454816923
34.0,47.0,0.37443124829219193
34.0,48.0,0.3969212735227554
34.0,49.0,0.4207337762665414
34.0,50.0,0.4459469265816534
34.0,51.0,0.47264326296628917
34.0,52.0,0.5009100698485763
34.0,53.0,0.5308394876423941
34.0,54.0,0.5625289164104276
34.0,55.0,0.5960811420952806
34.0,56.0,0.6316047664998857
34.0,57.0,0.6692143496734803
34.0,58.0,0.7090308656863754
34.0,59.0,0.7511818603677883
34.0,60.0,0.7958019314173628
34.0,61.0,0.8430328996050099
34.0,62.0,0.8930243104812242
34.0,63.0,0.9459336156710287
34.0,64.0,1.0019266917229228
34.0,65.0,1.0611780261538608
34.0,66.0,1.12387124669656
34.0,67.0,1.1901993041537016
34.0,68.0,1.2603650023284116
34.0,69.0,1.3345811663764013
34.0,70.0,1.4130711598780132
34.0,71.0,1.496069023071635
34.0,72.0,1.58381995867608
34.0,73.0,1.6765804189716702
34.0,74.0,1.774618535933059
34.0,75.0,1.8782141294249641
34.0,76.0,1.9876590497985833
34.0,77.0,2.103257071348061
34.0,78.0,2.2253241066508482
34.0,79.0,2.354187939826342
34.0,80.0,2.490188261562325
34.0,81.0,2.633676185712986
34.0,82.0,2.7850140423434566
34.0,83.0,2.944574609133954
34.0,84.0,3.1127405874015226
34.0,85.0,3.2899034673667025
34.0,86.0,3.476462599967031
34.0,87.0,3.6728236036011683
34.0,88.0,3.8793969343164982
34.0,89.0,4.096595733293105
34.0,90.0,4.324833792285835
34.0,91.0,4.564522739021057
34.0,92.0,4.8160692973825
34.0,93.0,5.079871716489238
34.0,94.0,5.356316241107092
34.0,95.0,5.6457727151519945
34.0,96.0,5.948590213423153
34.0,97.0,6.265091798264735
34.0,98.0,6.595569325743705
34.0,99.0,6.940277411807997
34.0,100.0,7.2994275204164705
34.0,101.0,7.6731813074289565
34.0,102.0,8.06164422758468
34.0,103.0,8.464858570266157
34.0,104.0,8.882796982389081
34.0,105.0,9.315355680849345
34.0,106.0,9.762348464003326
34.0,107.0,10.22350075870997
34.0,108.0,10.698444854204896
34.0,109.0,11.186715579500381
34.0,110.0,11.687747595221783
34.0,111.0,12.200873549144738
34.0,112.0,12.725324250200536
34.0,113.0,13.260230062831484
34.0,114.0,13.804624614848425
34.0,115.0,14.357449927889533
34.0,116.0,14.917563956800977
34.0,117.0,15.483749516054285
34.0,118.0,16.054725442302058
34.0,119.0,16.629158824453633
34.0,120.0,17.20567901191167
34.0,121.0,17.7828921038564
34.0,122.0,18.35939652662257
34.0,123.0,18.933798326718787
34.0,124.0,19.50472674801432
34.0,125.0,20.070848720720136
34.0,126.0,20.63088286905384
34.0,127.0,21.183611740703913
34.0,128.0,21.727892968428616
34.0,129.0,22.2626681955438
34.0,130.0,22.786970613955383
34.0,131.0,23.29993009335572
34.0,132.0,23.80077688733292
34.0,133.0,24.288843026111298
34.0,134.0,24.76356248839748
34.0,135.0,25.224469354925873
34.0,136.0,25.67119509771156
34.0,137.0,26.10346425505256
34.0,138.0,26.52108966238111
34.0,139.0,26.923966496468417
34.0,140.0,27.31206628342598
34.0,141.0,27.685430107838087
34.0,142.0,28.044162131698485
34.0,143.0,28.388422626341374
34.0,144.0,28.71842157497378
34.0,145.0,29.034412012170307
34.0,146.0,29.3366841070459
34.0,147.0,29.625559124410767
34.0,148.0,29.901384225463303
34.0,149.0,30.16452721879469
34.0,150.0,30.415372186096565
34.0,151.0,30.654315079309434
34.0,152.0,30.881760184461186
34.0,153.0,31.098116543653084
34.0,154.0,31.303795208127948
34.0,155.0,31.49920641580729
34.0,156.0,31.684757549087497
34.0,157.0,31.860850973679717
34.0,158.0,32.02788260065971
34.0,159.0,32.186240283786915
34.0,160.0,32.3363028827523
34.0,161.0,32.47843911827149
34.0,162.0,32.61300703921447
34.0,163.0,32.74035324316026
34.0,164.0,32.860812660374634
34.0,165.0,32.97470805900989
34.0,166.0,33.082350071107285
34.0,167.0,33.184036914107864
34.0,168.0,33.28005459651512
34.0,169.0,33.37067679954766
34.0,170.0,33.45616521181796
34.0,171.0,33.53676952608237
34.0,172.0,33.612727862770036
34.0,173.0,33.68426684654283
34.0,174.0,33.75160208755476
34.0,175.0,33.81493831084462
34.0,176.0,33.87446987182578
34.0,177.0,33.930380918463456
34.0,178.0,33.982845923797655
34.0,179.0,34.032029866545905
34.0,180.0,34.0780887686082
34.0,181.0,34.121169884352945
34.0,182.0,34.16141223521192
34.0,183.0,34.19894680161898
34.0,184.0,34.23389705013189
34.0,185.0,34.26637912494398
34.0,186.0,34.29650236559783
34.0,187.0,34.32436949728889
34.0,188.0,34.350077139251034
34.0,189.0,34.373715994785144
34.0,190.0,34.39537135184014
34.0,191.0,34.415123274842806
34.0,192.0,34.433047099858435
34.0,193.0,34.44921363083164
34.0,194.0,34.46368963192131
34.0,195.0,34.47653803059366
34.0,196.0,34.48781840917075
34.0,197.0,34.497587216213084
34.0,198.0,34.5058982578563
34.0,199.0,34.51280291693602
34.0,200.0,34.518350642182426
34.0,201.0,34.522589171476376
34.0,202.0,34.52556501338078
34.0,203.0,34.52732366680946
34.0,204.0,34.52791008484179
34.0,205.0,34.527368878218326
34.0,206.0,34.52574474636777
34.0,207.0,34.52308264716979
34.0,208.0,34.51942817548903
34.0,209.0,34.514827677654864
34.0,210.0,34.50932855483847
34.0,211.0,34.50297929914481
34.0,212.0,34.495829699429635
34.0,213.0,34.487930778310144
34.0,214.0,34.479334882876714
34.0,215.0,34.4700955093721
34.0,216.0,34.46026727129303
34.0,217.0,34.44990561090251
34.0,218.0,34.4390666515991
34.0,219.0,34.42780681112064
34.0,220.0,34.416182561247005
34.0,221.0,34.40424997324963
34.0,222.0,34.39206442218174
34.0,223.0,34.37968010679562
34.0,224.0,34.367149743973
34.0,225.0,34.354524109612186
34.0,226.0,34.341851768688265
34.0,227.0,34.329178679194584
34.0,228.0,34.316547994898464
34.0,229.0,34.30399976261634
34.0,230.0,34.29157082041825
34.0,231.0,34.27929460268319
34.0,232.0,34.267201140194715
34.0,233.0,34.25531697159499
34.0,234.0,34.24366523731044
34.0,235.0,34.232265683477245
34.0,236.0,34.221134831479574
34.0,237.0,34.21028605285057
34.0,238.0,34.19972979123823
34.0,239.0,34.18947368425805
34.0,240.0,34.17952281434287
34.0,241.0,34.169879854974106
34.0,242.0,34.160545329748494
34.0,243.0,34.151517764321994
34.0,244.0,34.14279393760241
34.0,245.0,34.13436902565824
34.0,246.0,34.126236833939686
34.0,247.0,34.11838992425711
34.0,248.0,34.11081982148867
34.0,249.0,34.10351711888219
34.0,250.0,34.09647165638784
34.0,251.0,34.08967260271889
34.0,252.0,34.08310860513242
34.0,253.0,34.07676784889137
34.0,254.0,34.070638180081154
34.0,255.0,34.064707144481815
34.0,256.0,34.05896208602477
34.0,257.0,34.05339016779975
34.0,258.0,34.04797844921849
34.0,259.0,34.042713892137186
34.0,260.0,34.037583419883326
34.0,261.0,34.03257391143502
34.0,262.0,34.027672245330045
34.0,263.0,34.022865284637646
34.0,264.0,34.01813990851573
34.0,265.0,34.01348299043204
34.0,266.0,34.0088814198444
34.0,267.0,34.00432207584072
34.0,268.0,33.99979184114034
34.0,269.0,33.99527757306697
34.0,270.0,33.99076611183945
34.0,271.0,33.9862442505946
34.0,272.0,33.981698739771694
34.0,273.0,33.97711625777748
34.0,274.0,33.97248341318159
34.0,275.0,33.967786717570796
34.0,276.0,33.96301258726642
34.0,277.0,33.95814731995153
34.0,278.0,33.95317709769646
34.0,279.0,33.9480879690587
34.0,280.0,33.94286585535408
34.0,281.0,33.93749654011704
34.0,282.0,33.931965680772755
34.0,283.0,33.92625880759083
34.0,284.0,33.920361343177355
34.0,285.0,33.91425861333253
34.0,286.0,33.907935877059245
34.0,287.0,33.90137835200265
34.0,288.0,33.89457125791068
34.0,289.0,33.88749985952737
34.0,290.0,33.88014952656301
34.0,291.0,33.8725057969389
34.0,292.0,33.864554456219714
34.0,293.0,33.85628162383658
34.0,294.0,33.84767385445432
34.0,295.0,33.83871824906784
34.0,296.0,33.82940257974239
34.0,297.0,33.81971542609322
34.0,298.0,33.809646323052526
34.0,299.0,33.799185921015145
34.0,300.0,33.78832615357976
34.0,301.0,33.777060416438914
34.0,302.0,33.765383748338614
34.0,303.0,33.75329301961642
34.0,304.0,33.740787115042274
34.0,305.0,33.72786711802783
34.0,306.0,33.714536478989594
34.0,307.0,33.70080117630308
34.0,308.0,33.68666984922265
34.0,309.0,33.672153912711714
34.0,310.0,33.657267631043325
34.0,311.0,33.642028162147646
34.0,312.0,33.62645554833936
34.0,313.0,33.61057266830816
34.0,314.0,33.59440512634541
34.0,315.0,33.57798109762461
34.0,316.0,33.56133110741136
34.0,317.0,33.54448776777359
34.0,318.0,33.5274854527132
34.0,319.0,33.51035994021597
34.0,320.0,33.493148005500814
34.0,321.0,33.47588699808817
34.0,322.0,33.458614389617104
34.0,323.0,33.44136732734693
34.0,324.0,33.42418218135303
34.0,325.0,33.407094120219654
34.0,326.0,33.390136702419795
34.0,327.0,33.37334151559649
34.0,328.0,33.35673784856109
34.0,329.0,33.34035242380681
34.0,330.0,33.32420917229486
34.0,331.0,33.30832907305779
34.0,332.0,33.29273003667505
34.0,333.0,33.27742685003643
34.0,334.0,33.26243115994421
34.0,335.0,33.247751508597524
34.0,336.0,33.233393398637155
34.0,337.0,33.219359397374376
34.0,338.0,33.20564925965912
34.0,339.0,33.19226007637766
34.0,340.0,33.17918643119537
34.0,341.0,33.16642057032394
34.0,342.0,33.15395257209477
34.0,343.0,33.14177051892764
34.0,344.0,33.12986066329437
34.0,345.0,33.11820758776285
34.0,346.0,33.10679435593296
34.0,347.0,33.09560265130728
34.0,348.0,33.08461290636881
34.0,349.0,33.073804415207306
34.0,350.0,33.063155437625255
34.0,351.0,33.052643283665496
34.0,352.0,33.04224439236126
34.0,353.0,33.0319343885616
34.0,354.0,33.021688137763185
34.0,355.0,33.01147977705446
34.0,356.0,33.00128274855616
34.0,357.0,32.9910698070976
34.0,358.0,32.98081303535143
34.0,359.0,32.97048383121378
34.0,360.0,32.96005290793315
34.0,361.0,32.94949026426328
34.0,362.0,32.93876517291314
34.0,363.0,32.9278461365154
34.0,364.0,32.916700867685684
34.0,365.0,32.905296233807526
34.0,366.0,32.893598231975375
34.0,367.0,32.8815719256168
34.0,368.0,32.86918141767363
34.0,369.0,32.85638978222266
34.0,370.0,32.843159039473015
34.0,371.0,32.82945008585225
34.0,372.0,32.81522267480504
34.0,373.0,32.80043534931681
34.0,374.0,32.78504543311975
34.0,375.0,32.769008970358165
34.0,376.0,32.752280732665405
34.0,377.0,32.734814171652246
34.0,378.0,32.7165614484248
34.0,379.0,32.69747340580452
34.0,380.0,32.6774996282085
34.0,381.0,32.656588441969845
34.0,382.0,32.634687015065346
34.0,383.0,32.6117413955462
34.0,384.0,32.58769666229584
34.0,385.0,32.562497013294994
34.0,386.0,32.536085980279054
34.0,387.0,32.5084065801567
34.0,388.0,32.47940160786753
34.0,389.0,32.44901386544419
34.0,390.0,32.417186548169155
34.0,391.0,32.38386356606056
34.0,392.0,32.348990038049884
34.0,393.0,32.31251271944709
34.0,394.0,32.274380616582135
34.0,395.0,32.2345455302501
34.0,396.0,32.19296279818604
34.0,397.0,32.14959195765748
34.0,398.0,32.10439761430253
34.0,399.0,32.05735021598084
34.0,400.0,32.0084270330497
34.0,401.0,31.957613019636383
34.0,402.0,31.904901871977405
34.0,403.0,31.850296932475903
34.0,404.0,31.793812269888427
34.0,405.0,31.73547355720146
34.0,406.0,31.675319092408348
34.0,407.0,31.613400556568518
34.0,408.0,31.549783870951632
34.0,409.0,31.484549722015657
34.0,410.0,31.417794136215967
34.0,411.0,31.349628651280813
34.0,412.0,31.280180491671153
34.0,413.0,31.209592278056014
34.0,414.0,31.138021711126946
34.0,415.0,31.065640748893518
34.0,416.0,30.99263475720893
34.0,417.0,30.919201147094377
34.0,418.0,30.84554802270824
34.0,419.0,30.771892349895445
34.0,420.0,30.698458213734817
34.0,421.0,30.625474668505948
34.0,422.0,30.553173788345802
34.0,423.0,30.481788407671193
34.0,424.0,30.41155019041621
34.0,425.0,30.342687491843343
34.0,426.0,30.275423671955302
34.0,427.0,30.209975288019542
34.0,428.0,30.146550836051365
34.0,429.0,30.08534942481676
34.0,430.0,30.026560058129323
34.0,431.0,29.970360862383554
34.0,432.0,29.916918941245275
34.0,433.0,29.866390150059637
34.0,434.0,29.818919482372895
34.0,435.0,29.774641322243458
34.0,436.0,29.733680271605127
34.0,437.0,29.696151774053245
34.0,438.0,29.662163267552
34.0,439.0,29.631815060986934
34.0,440.0,29.60520169521968
34.0,441.0,29.58241296127173
34.0,442.0,29.56353536736474
34.0,443.0,29.548653207403728
34.0,444.0,29.53785005471378
34.0,445.0,29.531209814279116
34.0,446.0,29.528818188966802
34.0,447.0,29.530763673343404
34.0,448.0,29.53713896095801
34.0,449.0,29.548041858278918
34.0,450.0,29.563576619865128
34.0,451.0,29.583854776678088
34.0,452.0,29.608996399050987
34.0,453.0,29.639130844239435
34.0,454.0,29.67439795531667
34.0,455.0,29.71494873892924
34.0,456.0,29.7609465123724
34.0,457.0,29.81256752496459
34.0,458.0,29.87000206645865
34.0,459.0,29.93345504507419
34.0,460.0,30.003147068838594
34.0,461.0,30.079314990788433
34.0,462.0,30.16221297137332
34.0,463.0,30.252112997109037
34.0,464.0,30.34930592715925
34.0,465.0,30.45410198602969
34.0,466.0,30.56683179100303
34.0,467.0,30.687846812347583
34.0,468.0,30.817520370378112
34.0,469.0,30.95624804799845
34.0,470.0,31.104448636614865
34.0,471.0,31.262564475403533
34.0,472.0,31.431062313832584
34.0,473.0,31.610433539528778
34.0,474.0,31.8011949114356
34.0,475.0,32.00388862320873
34.0,476.0,32.21908284472277
34.0,477.0,32.44737155025756
34.0,478.0,32.689374786928546
34.0,479.0,32.94573817638702
34.0,480.0,33.21713280676702
34.0,481.0,33.50425429336123
34.0,482.0,33.80782216622268
34.0,483.0,34.12857834995474
34.0,484.0,34.467285893202174
34.0,485.0,34.82472670177794
34.0,486.0,35.20169943094168
34.0,487.0,35.59901628224973
34.0,488.0,36.01749985819357
34.0,489.0,36.45797881574508
34.0,490.0,36.92128347098214
34.0,491.0,37.40824009782285
34.0,492.0,37.919665075463165
34.0,493.0,38.456357638335554
34.0,494.0,39.01909239194789
34.0,495.0,39.6086103713691
34.0,496.0,40.22560982421359
34.0,497.0,40.870735533584806
34.0,498.0,41.544567894456655
34.0,499.0,42.247610616573084
34.0,500.0,42.980278314561495
34.0,501.0,43.74288293640522
34.0,502.0,44.535620353723594
34.0,503.0,45.35855616151878
34.0,504.0,46.211612084473785
34.0,505.0,47.094552144696124
34.0,506.0,48.006970061083294
34.0,507.0,48.94827713781308
34.0,508.0,49.91769216521075
34.0,509.0,50.914232665240405
34.0,510.0,51.9367090115763
34.0,511.0,52.983720775273184
34.0,512.0,54.05365675828809
34.0,513.0,55.144698003242176
34.0,514.0,56.254825079642096
34.0,515.0,57.38182877970189
34.0,516.0,58.523325268157606
34.0,517.0,59.676774586147594
34.0,518.0,60.83950323444818
34.0,519.0,62.008729471421496
34.0,520.0,63.18159172856064
34.0,521.0,64.35517855252338
34.0,522.0,65.526560225129
34.0,523.0,66.69282035380624
34.0,524.0,67.85108746572357
34.0,525.0,68.99856493750742
34.0,526.0,70.13255933302243
34.0,527.0,71.25050567632412
34.0,528.0,72.34998990473666
34.0,529.0,73.42876733433106
34.0,530.0,74.48477762636576
34.0,531.0,75.51615543021298
34.0,532.0,76.5212374318422
34.0,533.0,77.49856529475096
34.0,534.0,78.44688539992077
34.0,535.0,79.36514510493261
34.0,536.0,80.25248651287355
34.0,537.0,81.10823761143065
34.0,538.0,81.93190176293673
34.0,539.0,82.72314546419263
34.0,540.0,83.48178527303828
34.0,541.0,84.20777382245724
34.0,542.0,84.90118568957466
34.0,543.0,85.56220301387242
34.0,544.0,86.19110148297852
34.0,545.0,86.7882365486476
34.0,546.0,87.35403034244464
34.0,547.0,87.88895913208569
34.0,548.0,88.39354165076459
34.0,549.0,88.8683281364733
34.0,550.0,89.31389029285764
34.0,551.0,89.73081202432954
34.0,552.0,90.1196810527282
34.0,553.0,90.4810813020577
34.0,554.0,90.81558606851512
34.0,555.0,91.1237519110152
34.0,556.0,91.40611320020909
34.0,557.0,91.66317732113602
34.0,558.0,91.89542039586856
34.0,559.0,92.10328358917398
34.0,560.0,92.28716979673139
34.0,561.0,92.44744085207792
34.0,562.0,92.58441498773658
34.0,563.0,92.69836476311777
34.0,564.0,92.78951513187204
34.0,565.0,92.85804193958693
34.0,566.0,92.90407046218273
34.0,567.0,92.92767435518894
34.0,568.0,92.92887456196006
34.0,569.0,92.90763863076313
34.0,570.0,92.86387992641312
34.0,571.0,92.79745726633122
34.0,572.0,92.70817440432876
34.0,573.0,92.5957799720206
34.0,574.0,92.45996723902743
34.0,575.0,92.30037438196518
34.0,576.0,92.11658456174196
34.0,577.0,91.90812657931761
34.0,578.0,91.67447534857176
34.0,579.0,91.41505303660294
34.0,580.0,91.12923005016395
34.0,581.0,90.81632679855633
34.0,582.0,90.4756153526794
34.0,583.0,90.10632200998339
34.0,584.0,89.70762982665482
34.0,585.0,89.27868220488517
34.0,586.0,88.81858653811014
34.0,587.0,88.3264190775927
34.0,588.0,87.80122996341682
34.0,589.0,87.2420496542774
34.0,590.0,86.64789563585944
34.0,591.0,86.01778070592144
34.0,592.0,85.35072164616408
34.0,593.0,84.64574963173322
34.0,594.0,83.90192110836621
34.0,595.0,83.1183305251977
34.0,596.0,82.29412355817142
34.0,597.0,81.42851222867122
34.0,598.0,80.52079043760331
34.0,599.0,79.5703513111202
34.0,600.0,78.57670474050579
34.0,601.0,77.53949647682407
34.0,602.0,76.45852700227819
34.0,603.0,75.33377147886061
34.0,604.0,74.16539881933258
34.0,605.0,72.95379110734467
34.0,606.0,71.69956123442661
34.0,607.0,70.4035699144068
34.0,608.0,69.0669397923866
34.0,609.0,67.6910677823158
34.0,610.0,66.27763326306604
34.0,611.0,64.82860331925608
34.0,612.0,63.34623267187308
34.0,613.0,61.83305965112988
34.0,614.0,60.29189600186333
34.0,615.0,58.72581216959183
34.0,616.0,57.13811613223282
34.0,617.0,55.532327830152525
34.0,618.0,53.912147621362955
34.0,619.0,52.28142126376855
34.0,620.0,50.644100216986025
34.0,621.0,49.00420016239474
34.0,622.0,47.36575680042638
34.0,623.0,45.7327820682188
34.0,624.0,44.10921991763029
34.0,625.0,42.49890482528758
34.0,626.0,40.905522036455764
34.0,627.0,39.332572527000856
34.0,628.0,37.783341361592484
34.0,629.0,36.260872092629434
34.0,630.0,34.76794545530339
34.0,631.0,33.307064610857616
34.0,632.0,31.880444774814567
34.0,633.0,30.490009134252258
34.0,634.0,29.1373885596438
34.0,635.0,27.823926775945903
34.0,636.0,26.550688296957244
34.0,637.0,25.318470677372897
34.0,638.0,24.1278183155737
34.0,639.0,22.979039364874566
34.0,640.0,21.872223018130548
34.0,641.0,20.80725880495931
34.0,642.0,19.783855262249123
34.0,643.0,18.801559737936174
34.0,644.0,17.859776811803215
34.0,645.0,16.9577872209182
34.0,646.0,16.094764896824916
34.0,647.0,15.269794115322984
34.0,648.0,14.481884473728106
34.0,649.0,13.729985784507072
34.0,650.0,13.013000685929494
34.0,651.0,12.329797118740291
34.0,652.0,11.679218533159927
34.0,653.0,11.060094009472836
34.0,654.0,10.471246201520952
34.0,655.0,9.911499299167911
34.0,656.0,9.379684950157545
34.0,657.0,8.874648333747079
34.0,658.0,8.395252348469096
34.0,659.0,7.940382090762787
34.0,660.0,7.508947603608555
34.0,661.0,7.099887047996614
34.0,662.0,6.712168291090547
34.0,663.0,6.344791034490864
34.0,664.0,5.996787491329369
34.0,665.0,5.667223702580362
34.0,666.0,5.355199517770974
34.0,667.0,5.059849295121736
34.0,668.0,4.780341365190368
34.0,669.0,4.51587827612536
34.0,670.0,4.265695886373769
34.0,671.0,4.029063284881445
34.0,672.0,3.805281629443591
34.0,673.0,3.5936838442355996
34.0,674.0,3.3936332950212966
34.0,675.0,3.2045233431892606
34.0,676.0,3.0257759278588736
34.0,677.0,2.856841036450523
34.0,678.0,2.6971952464364173
34.0,679.0,2.5463411569919203
34.0,680.0,2.4038059292714347
34.0,681.0,2.2691407113838
34.0,682.0,2.141919205131028
34.0,683.0,2.0217371069212353
34.0,684.0,1.908210720398921
34.0,685.0,1.8009764284823275
34.0,686.0,1.6996893647905245
34.0,687.0,1.60402292634785
34.0,688.0,1.5136675117840863
34.0,689.0,1.4283300800252905
34.0,690.0,1.347732959577283
34.0,691.0,1.2716134554170988
34.0,692.0,1.19972273099213
34.0,693.0,1.1318254632911835
34.0,694.0,1.0676987972782572
34.0,695.0,1.0071320475559662
34.0,696.0,0.9499257236245726
34.0,697.0,0.8958912754931145
34.0,698.0,0.8448501872685164
34.0,699.0,0.7966337633947103
34.0,700.0,0.7510822875215724
34.0,701.0,0.7080448456608349
34.0,702.0,0.6673785469732382
34.0,703.0,0.6289483799455389
34.0,704.0,0.5926264915995035
34.0,705.0,0.5582920727580312
34.0,706.0,0.5258306921701053
34.0,707.0,0.49513420700117816
34.0,708.0,0.4661001484450164
34.0,709.0,0.43863165371021284
34.0,710.0,0.4126368998237388
34.0,711.0,0.38802905356647294
34.0,712.0,0.36472575034243615
34.0,713.0,0.34264905872283424
34.0,714.0,0.32172500144336547
34.0,715.0,0.301883531434799
34.0,716.0,0.283058092206778
34.0,717.0,0.2651856024635445
34.0,718.0,0.2482060533280035
34.0,719.0,0.2320624988569154
34.0,720.0,0.21670068774781912
34.0,721.0,0.2020690572740574
34.0,722.0,0.1881183972955273
34.0,723.0,0.17480184532710377
34.0,724.0,0.1620745808394983
34.0,725.0,0.14989381935299362
34.0,726.0,0.1382185351653502
34.0,727.0,0.1270094525250935
34.0,728.0,0.11622879505851359
34.0,729.0,0.10584027222248911
34.0,730.0,0.09580885382176553
34.0,731.0,0.08610075007029139
34.0,732.0,0.07668320969304646
34.0,733.0,0.06752449203720297
34.0,734.0,0.05859368733991802
34.0,735.0,0.04986067942656852
34.0,736.0,0.04129598679734167
34.0,737.0,0.032870714529656904
34.0,738.0,0.024556414892346456
34.0,739.0,0.01632502713351911
34.0,740.0,0.00814875637187288
34.0,741.0,0.0
35.0,0.0,0.0
35.0,1.0,0.0028917787205833432
35.0,2.0,0.005793322236378008
35.0,3.0,0.008714429479769869
35.0,4.0,0.011664961958497987
35.0,5.0,0.01465488402253146
35.0,6.0,0.017694286036567204
35.0,7.0,0.020793431209917865
35.0,8.0,0.023962773944486513
35.0,9.0,0.027213013668794396
35.0,10.0,0.030555108815718626
35.0,11.0,0.03400033811486009
35.0,12.0,0.03756031067282133
35.0,13.0,0.04124703519649555
35.0,14.0,0.045072926672612
35.0,15.0,0.04905088401829014
35.0,16.0,0.05319429388609572
35.0,17.0,0.05751711726742776
35.0,18.0,0.062033890984513326
35.0,19.0,0.06675982380694644
35.0,20.0,0.07171079623298418
35.0,21.0,0.07690346671987044
35.0,22.0,0.08235527040351373
35.0,23.0,0.08808453608907667
35.0,24.0,0.09411048461056731
35.0,25.0,0.10045335727942775
35.0,26.0,0.10713441464357672
35.0,27.0,0.11417607714810166
35.0,28.0,0.12160192511648261
35.0,29.0,0.12943685243846884
35.0,30.0,0.1377070686639514
35.0,31.0,0.1464402665978553
35.0,32.0,0.1556656274683901
35.0,33.0,0.16541400337603812
35.0,34.0,0.17571792657115956
35.0,35.0,0.1866118077720271
35.0,36.0,0.1981319506597524
35.0,37.0,0.21031676714612363
35.0,38.0,0.2232067982633717
35.0,39.0,0.2368449475225411
35.0,40.0,0.2512765094373049
35.0,41.0,0.2665494221625505
35.0,42.0,0.2827143049392231
35.0,43.0,0.29982473123368136
35.0,44.0,0.3179372764162089
35.0,45.0,0.33711181262500917
35.0,46.0,0.3574115679836254
35.0,47.0,0.3789034443765902
35.0,48.0,0.40165808945603665
35.0,49.0,0.4257502384223807
35.0,50.0,0.4512587999488749
35.0,51.0,0.4782672228885768
35.0,52.0,0.506863597032754
35.0,53.0,0.5371410453866824
35.0,54.0,0.5691978403417755
35.0,55.0,0.6031378217413964
35.0,56.0,0.6390705285466313
35.0,57.0,0.677111642303458
35.0,58.0,0.7173831336667157
35.0,59.0,0.7600137300240026
35.0,60.0,0.8051390752472463
35.0,61.0,0.8529022190549861
35.0,62.0,0.9034537870065904
35.0,63.0,0.9569524876054736
35.0,64.0,1.0135652877410326
35.0,65.0,1.07346793144542
35.0,66.0,1.1368451136080495
35.0,67.0,1.2038910015739765
35.0,68.0,1.2748093968725571
35.0,69.0,1.3498142473452766
35.0,70.0,1.4291297826956615
35.0,71.0,1.512991000404979
35.0,72.0,1.6016437559682537
35.0,73.0,1.6953452003415594
35.0,74.0,1.7943637996279318
35.0,75.0,1.8989796950600453
35.0,76.0,2.0094846195186373
35.0,77.0,2.126182142996396
35.0,78.0,2.2493874446179976
35.0,79.0,2.3794273971583135
35.0,80.0,2.5166401432641616
35.0,81.0,2.661374962084717
35.0,82.0,2.8139915874637857
35.0,83.0,2.9748597885268704
35.0,84.0,3.144358356349045
35.0,85.0,3.3228743192858516
35.0,86.0,3.5108015141477575
35.0,87.0,3.708539347597588
35.0,88.0,3.9164908599779578
35.0,89.0,4.1350609384386665
35.0,90.0,4.364653778939697
35.0,91.0,4.605670458087386
35.0,92.0,4.85850570516718
35.0,93.0,5.123544752184608
35.0,94.0,5.401159347806941
35.0,95.0,5.6917038340117605
35.0,96.0,5.995510373059041
35.0,97.0,6.312884250127453
35.0,98.0,6.6440983484758815
35.0,99.0,6.989387755615132
35.0,100.0,7.348943614852071
35.0,101.0,7.72290722061442
35.0,102.0,8.111363497144604
35.0,103.0,8.514334904169843
35.0,104.0,8.931774939456208
35.0,105.0,9.363562328316887
35.0,106.0,9.80949509990275
35.0,107.0,10.26928568097454
35.0,108.0,10.74255622788844
35.0,109.0,11.228835352300825
35.0,110.0,11.727555462278174
35.0,111.0,12.238051871982714
35.0,112.0,12.759562871775202
35.0,113.0,13.291231873029709
35.0,114.0,13.832110752093822
35.0,115.0,14.381165429304307
35.0,116.0,14.937282704465257
35.0,117.0,15.499279274467131
35.0,118.0,16.065911829601678
35.0,119.0,16.63588903188191
35.0,120.0,17.20788415000391
35.0,121.0,17.780549047970194
35.0,122.0,18.352528212522508
35.0,123.0,18.922473454371854
35.0,124.0,19.48905793547863
35.0,125.0,20.050990157291714
35.0,126.0,20.60702659524978
35.0,127.0,21.15598367633032
35.0,128.0,21.696747874588784
35.0,129.0,22.228284727615137
35.0,130.0,22.749645670908635
35.0,131.0,23.259973615332115
35.0,132.0,23.758506289624076
35.0,133.0,24.244578383243624
35.0,134.0,24.717621614658405
35.0,135.0,25.177163838640034
35.0,136.0,25.62282638516589
35.0,137.0,26.05432078229946
35.0,138.0,26.471444085543325
35.0,139.0,26.874073968337296
35.0,140.0,27.262162795256696
35.0,141.0,27.635731807780072
35.0,142.0,27.99486462325238
35.0,143.0,28.33970113633058
35.0,144.0,28.670430993546187
35.0,145.0,28.987287683904338
35.0,146.0,29.29054238571247
35.0,147.0,29.5804985675093
35.0,148.0,29.857486457882395
35.0,149.0,30.121858342332125
35.0,150.0,30.373983784228468
35.0,151.0,30.61424569515047
35.0,152.0,30.8430363421024
35.0,153.0,31.060754190710448
35.0,154.0,31.267800669788475
35.0,155.0,31.46457773580891
35.0,156.0,31.65148532667834
35.0,157.0,31.828919567011056
35.0,158.0,31.997270822968126
35.0,159.0,32.15692245537006
35.0,160.0,32.3082493811479
35.0,161.0,32.45161728005059
35.0,162.0,32.587381570916854
35.0,163.0,32.71588698343815
35.0,164.0,32.83746686539458
35.0,165.0,32.95244304045937
35.0,166.0,33.06112537308184
35.0,167.0,33.163811844455566
35.0,168.0,33.260788313081264
35.0,169.0,33.35232875233498
35.0,170.0,33.43869515578527
35.0,171.0,33.52013789044071
35.0,172.0,33.596895706003636
35.0,173.0,33.66919616740741
35.0,174.0,33.73725573607453
35.0,175.0,33.80128025360574
35.0,176.0,33.86146507069992
35.0,177.0,33.91799556082812
35.0,178.0,33.97104727882033
35.0,179.0,34.02078648914095
35.0,180.0,34.067370341371976
35.0,181.0,34.110947402437105
35.0,182.0,34.151657840455094
35.0,183.0,34.18963395408113
35.0,184.0,34.2250003596064
35.0,185.0,34.257874513626604
35.0,186.0,34.288366900940346
35.0,187.0,34.31658154911572
35.0,188.0,34.34261621677225
35.0,189.0,34.36656290035793
35.0,190.0,34.38850802382565
35.0,191.0,34.408532939069495
35.0,192.0,34.426714118817536
35.0,193.0,34.443123652674814
35.0,194.0,34.45782944519425
35.0,195.0,34.470895709257576
35.0,196.0,34.482383170661215
35.0,197.0,34.492349559531256
35.0,198.0,34.50084982126361
35.0,199.0,34.50793660471415
35.0,200.0,34.513660476882954
35.0,201.0,34.51807040370466
35.0,202.0,34.52121396248164
35.0,203.0,34.52313780731874
35.0,204.0,34.52388786919067
35.0,205.0,34.52350979374956
35.0,206.0,34.52204911453808
35.0,207.0,34.519551646695035
35.0,208.0,34.516063615021245
35.0,209.0,34.51163198401126
35.0,210.0,34.50630452038343
35.0,211.0,34.500130039117835
35.0,212.0,34.49315838095298
35.0,213.0,34.48544055692988
35.0,214.0,34.47702862628177
35.0,215.0,34.46797572911677
35.0,216.0,34.45833585939571
35.0,217.0,34.448163786589774
35.0,218.0,34.43751473117026
35.0,219.0,34.42644418978545
35.0,220.0,34.41500753464951
35.0,221.0,34.403259770211825
35.0,222.0,34.391255089869546
35.0,223.0,34.37904660195741
35.0,224.0,34.366685884176746
35.0,225.0,34.354222720323826
35.0,226.0,34.34170469275944
35.0,227.0,34.32917696757924
35.0,228.0,34.31668195834275
35.0,229.0,34.304259187410075
35.0,230.0,34.29194504197611
35.0,231.0,34.2797727257464
35.0,232.0,34.26777211422445
35.0,233.0,34.25596979707151
35.0,234.0,34.24438902673534
35.0,235.0,34.23304984051861
35.0,236.0,34.221969087242975
35.0,237.0,34.21116061080872
35.0,238.0,34.2006353345466
35.0,239.0,34.19040148513223
35.0,240.0,34.180464713281715
35.0,241.0,34.17082833754843
35.0,242.0,34.161493482026955
35.0,243.0,34.15245932259465
35.0,244.0,34.14372322603306
35.0,245.0,34.135280985448915
35.0,246.0,34.12712694957258
35.0,247.0,34.11925423842275
35.0,248.0,34.11165485568986
35.0,249.0,34.104319879564045
35.0,250.0,34.097239554596364
35.0,251.0,34.090403455683365
35.0,252.0,34.08380055844503
35.0,253.0,34.07741937658349
35.0,254.0,34.0712480116394
35.0,255.0,34.06527426539551
35.0,256.0,34.0594856709942
35.0,257.0,34.05386958288614
35.0,258.0,34.04841319187124
35.0,259.0,34.04310359546194
35.0,260.0,34.03792779960808
35.0,261.0,34.03287277240372
35.0,262.0,34.02792543521021
35.0,263.0,34.02307270250841
35.0,264.0,34.01830146495147
35.0,265.0,34.01359861794437
35.0,266.0,34.00895103891876
35.0,267.0,34.00434560697456
35.0,268.0,33.999769176428885
35.0,269.0,33.995208589626
35.0,270.0,33.99065064860593
35.0,271.0,33.98608212300806
35.0,272.0,33.98148972155605
35.0,273.0,33.976860096863035
35.0,274.0,33.97217981835001
35.0,275.0,33.96743537571672
35.0,276.0,33.962613154906194
35.0,277.0,33.95769944203729
35.0,278.0,33.95268040409878
35.0,279.0,33.94754209524403
35.0,280.0,33.942270444038364
35.0,281.0,33.93685126418507
35.0,282.0,33.93127025034619
35.0,283.0,33.9255129955847
35.0,284.0,33.919564998009584
35.0,285.0,33.9134116874525
35.0,286.0,33.90703844541629
35.0,287.0,33.90043064371082
35.0,288.0,33.8935736803548
35.0,289.0,33.88645303300788
35.0,290.0,33.87905431350922
35.0,291.0,33.871363338867816
35.0,292.0,33.86336620690894
35.0,293.0,33.85504938719875
35.0,294.0,33.846399819674474
35.0,295.0,33.837405027031956
35.0,296.0,33.828053237077064
35.0,297.0,33.81833351663262
35.0,298.0,33.80823591650592
35.0,299.0,33.79775162472659
35.0,300.0,33.786873130357506
35.0,301.0,33.77559439077864
35.0,302.0,33.763911007059484
35.0,303.0,33.75182039612392
35.0,304.0,33.73932196622685
35.0,305.0,33.726417280478714
35.0,306.0,33.713110216588404
35.0,307.0,33.699407104023926
35.0,308.0,33.6853168484058
35.0,309.0,33.67085102151322
35.0,310.0,33.65602392866601
35.0,311.0,33.640852630086094
35.0,312.0,33.625356930561054
35.0,313.0,33.60955931355062
35.0,314.0,33.59348483742056
35.0,315.0,33.577160970883156
35.0,316.0,33.560617389433936
35.0,317.0,33.54388571198803
35.0,318.0,33.52699920395648
35.0,319.0,33.50999242871701
35.0,320.0,33.49290087780333
35.0,321.0,33.475760564344625
35.0,322.0,33.45860761294818
35.0,323.0,33.44147783216015
35.0,324.0,33.42440630365503
35.0,325.0,33.407426974419735
35.0,326.0,33.39057228485473
35.0,327.0,33.373872817723495
35.0,328.0,33.3573569977194
35.0,329.0,33.34105082429385
35.0,330.0,33.324977663118844
35.0,331.0,33.309158076401005
35.0,332.0,33.29360971261592
35.0,333.0,33.27834723412886
35.0,334.0,33.26338229875581
35.0,335.0,33.24872357322917
35.0,336.0,33.23437679078075
35.0,337.0,33.22034483178268
35.0,338.0,33.20662783653676
35.0,339.0,33.193223331533204
35.0,340.0,33.1801263756624
35.0,341.0,33.16732971122753
35.0,342.0,33.15482392382934
35.0,343.0,33.14259760033265
35.0,344.0,33.13063748644383
35.0,345.0,33.11892863803366
35.0,346.0,33.10745456480366
35.0,347.0,33.09619736572896
35.0,348.0,33.08513785138707
35.0,349.0,33.07425565817614
35.0,350.0,33.06352934539887
35.0,351.0,33.052936486029
35.0,352.0,33.04245373733144
35.0,353.0,33.032056908228675
35.0,354.0,33.02172100411566
35.0,355.0,33.01142027240021
35.0,356.0,33.00112822336454
35.0,357.0,32.99081765637265
35.0,358.0,32.98046065930538
35.0,359.0,32.97002861841435
35.0,360.0,32.95949219918146
35.0,361.0,32.94882134301103
35.0,362.0,32.93798523248496
35.0,363.0,32.92695227815569
35.0,364.0,32.915690071203784
35.0,365.0,32.90416536363029
35.0,366.0,32.89234401136703
35.0,367.0,32.880190951248295
35.0,368.0,32.86767013774666
35.0,369.0,32.8547445202922
35.0,370.0,32.84137597706079
35.0,371.0,32.82752529655087
35.0,372.0,32.81315211227774
35.0,373.0,32.79821489304783
35.0,374.0,32.78267088304193
35.0,375.0,32.766476105970185
35.0,376.0,32.74958531587839
35.0,377.0,32.73195202133729
35.0,378.0,32.71352845338568
35.0,379.0,32.694265617101514
35.0,380.0,32.67411328438919
35.0,381.0,32.65302008166932
35.0,382.0,32.63093351667902
35.0,383.0,32.607800112534115
35.0,384.0,32.58356547924665
35.0,385.0,32.55817450593115
35.0,386.0,32.531571489188416
35.0,387.0,32.50370039653775
35.0,388.0,32.47450506490933
35.0,389.0,32.44392954916732
35.0,390.0,32.41191840431077
35.0,391.0,32.378417132752716
35.0,392.0,32.343372562920756
35.0,393.0,32.30673340716845
35.0,394.0,32.26845074661328
35.0,395.0,32.22847870743591
35.0,396.0,32.18677505620408
35.0,397.0,32.1433019950499
35.0,398.0,32.09802686260548
35.0,399.0,32.05092303740611
35.0,400.0,32.00197072630596
35.0,401.0,31.951157950047524
35.0,402.0,31.898481383555975
35.0,403.0,31.843947378284387
35.0,404.0,31.787572797984346
35.0,405.0,31.72938601072251
35.0,406.0,31.669427641899038
35.0,407.0,31.607751447889918
35.0,408.0,31.544424889278304
35.0,409.0,31.479529782812072
35.0,410.0,31.41316258767256
35.0,411.0,31.34543472901599
35.0,412.0,31.276472494976314
35.0,413.0,31.206416939541892
35.0,414.0,31.135423313075552
35.0,415.0,31.06366048836492
35.0,416.0,30.991309894280647
35.0,417.0,30.91856446530361
35.0,418.0,30.84562711209478
35.0,419.0,30.77270926379475
35.0,420.0,30.70002897960737
35.0,421.0,30.627809220766284
35.0,422.0,30.556275767926824
35.0,423.0,30.485655409416783
35.0,424.0,30.416173864570634
35.0,425.0,30.348054093270378
35.0,426.0,30.281514425498923
35.0,427.0,30.21676717903057
35.0,428.0,30.15401716042591
35.0,429.0,30.09346072825003
35.0,430.0,30.03528477032196
35.0,431.0,29.97966628247782
35.0,432.0,29.92677185683836
35.0,433.0,29.876757777375275
35.0,434.0,29.82976999008062
35.0,435.0,29.78594466035436
35.0,436.0,29.74540854938343
35.0,437.0,29.708279942493053
35.0,438.0,29.674669331201976
35.0,439.0,29.64468060738785
35.0,440.0,29.618411945832804
35.0,441.0,29.595957162634132
35.0,442.0,29.577406703377086
35.0,443.0,29.56284907960211
35.0,444.0,29.552371886676948
35.0,445.0,29.54606325312388
35.0,446.0,29.54401283414161
35.0,447.0,29.54631323027111
35.0,448.0,29.553060923265836
35.0,449.0,29.564357639742877
35.0,450.0,29.580311213371594
35.0,451.0,29.601036884233338
35.0,452.0,29.626658084161676
35.0,453.0,29.657307673118435
35.0,454.0,29.693128652985198
35.0,455.0,29.7342753486693
35.0,456.0,29.780914060232558
35.0,457.0,29.83322419930521
35.0,458.0,29.891398890834804
35.0,459.0,29.95564607540191
35.0,460.0,30.02618907073637
35.0,461.0,30.103267648289716
35.0,462.0,30.187138561510984
35.0,463.0,30.278076600960738
35.0,464.0,30.376375091493717
35.0,465.0,30.482346924534127
35.0,466.0,30.596325019923317
35.0,467.0,30.71866332677659
35.0,468.0,30.84973723780487
35.0,469.0,30.98994454135509
35.0,470.0,31.139705766360446
35.0,471.0,31.299465057535507
35.0,472.0,31.469690417518247
35.0,473.0,31.650874464489586
35.0,474.0,31.84353452427282
35.0,475.0,32.048213214612076
35.0,476.0,32.26547832375235
35.0,477.0,32.4959231480518
35.0,478.0,32.74016607476314
35.0,479.0,32.99885057956409
35.0,480.0,33.2726444100393
35.0,481.0,33.562239127425514
35.0,482.0,33.86834876423371
35.0,483.0,34.19170877091268
35.0,484.0,34.53307399742619
35.0,485.0,34.89321688237616
35.0,486.0,35.27292458644672
35.0,487.0,35.67299624173043
35.0,488.0,36.094239048453716
35.0,489.0,36.53746439034998
35.0,490.0,37.003482700466954
35.0,491.0,37.49309825093443
35.0,492.0,38.007102606509754
35.0,493.0,38.546267922677536
35.0,494.0,39.11133884665051
35.0,495.0,39.703024217075324
35.0,496.0,40.32198735282548
35.0,497.0,40.96883615234977
35.0,498.0,41.64411184223881
35.0,499.0,42.348277634964894
35.0,500.0,43.0817062005104
35.0,501.0,43.84466726348447
35.0,502.0,44.63731431318198
35.0,503.0,45.45967179988533
35.0,504.0,46.31162189888061
35.0,505.0,47.19289227898518
35.0,506.0,48.10304405106193
35.0,507.0,49.04146138400312
35.0,508.0,50.00734203992141
35.0,509.0,50.99969033335885
35.0,510.0,52.01731180227941
35.0,511.0,53.0588110563427
35.0,512.0,54.122592063695706
35.0,513.0,55.20686222649627
35.0,514.0,56.309639403395614
35.0,515.0,57.42876303184179
35.0,516.0,58.56190833293062
35.0,517.0,59.70660448802036
35.0,518.0,60.860255550204776
35.0,519.0,62.02016469048143
35.0,520.0,63.18356032886282
35.0,521.0,64.34762449321971
35.0,522.0,65.50952181069871
35.0,523.0,66.666429307775
35.0,524.0,67.81556539550411
35.0,525.0,68.95421817605266
35.0,526.0,70.07977155513046
35.0,527.0,71.1897293832058
35.0,528.0,72.281736335243
35.0,529.0,73.35359592906862
35.0,530.0,74.40328468452824
35.0,531.0,75.42896303326806
35.0,532.0,76.42898228030757
35.0,533.0,77.40188841147351
35.0,534.0,78.34642230246357
35.0,535.0,79.2615172418624
35.0,536.0,80.14629350565356
35.0,537.0,81.00005093211404
35.0,538.0,81.822259339527
35.0,539.0,82.61254769664482
35.0,540.0,83.3706919302044
35.0,541.0,84.09660218435604
35.0,542.0,84.79030941740831
35.0,543.0,85.45195202291805
35.0,544.0,86.08176234329427
35.0,545.0,86.6800536229753
35.0,546.0,87.24720725144525
35.0,547.0,87.78366070572794
35.0,548.0,88.28989603528898
35.0,549.0,88.76642917244985
35.0,550.0,89.21379991983179
35.0,551.0,89.63256278547432
35.0,552.0,90.02327854268904
35.0,553.0,90.38650658666508
35.0,554.0,90.72279800581599
35.0,555.0,91.03268935299528
35.0,556.0,91.3166970881098
35.0,557.0,91.57531259935084
35.0,558.0,91.80899783768598
35.0,559.0,92.01818140021237
35.0,560.0,92.2032551669469
35.0,561.0,92.36457125906122
35.0,562.0,92.50243949764642
35.0,563.0,92.61712506574919
35.0,564.0,92.70884663016741
35.0,565.0,92.77777456165408
35.0,566.0,92.82402958913687
35.0,567.0,92.84768146299339
35.0,568.0,92.8487480430579
35.0,569.0,92.82719432294626
35.0,570.0,92.78293188693046
35.0,571.0,92.71581824758503
35.0,572.0,92.62565664122832
35.0,573.0,92.51219566620503
35.0,574.0,92.37512942193975
35.0,575.0,92.21409747101023
35.0,576.0,92.0286853631205
35.0,577.0,91.81842498101409
35.0,578.0,91.58279552811013
35.0,579.0,91.32122435643518
35.0,580.0,91.03308853530487
35.0,581.0,90.71771629861523
35.0,582.0,90.37438935126681
35.0,583.0,90.00234511240134
35.0,584.0,89.60077995477965
35.0,585.0,89.16885245775185
35.0,586.0,88.70568780961175
35.0,587.0,88.21038231543507
35.0,588.0,87.68200921867238
35.0,589.0,87.11962472841299
35.0,590.0,86.52227552674971
35.0,591.0,85.88900657868693
35.0,592.0,85.2188705757558
35.0,593.0,84.5109377577872
35.0,594.0,83.76430748750079
35.0,595.0,82.97812023203177
35.0,596.0,82.15157135211233
35.0,597.0,81.28392524646175
35.0,598.0,80.3745312568931
35.0,599.0,79.42283975591666
35.0,600.0,78.42841980371767
35.0,601.0,77.39097665090796
35.0,602.0,76.31037043334571
35.0,603.0,75.18663417480865
35.0,604.0,74.01999238874436
35.0,605.0,72.81087823057047
35.0,606.0,71.55995043782781
35.0,607.0,70.2681078619977
35.0,608.0,68.9365028010846
35.0,609.0,67.56655083436739
35.0,610.0,66.15993839712114
35.0,611.0,64.7186257719606
35.0,612.0,63.24484685115413
35.0,613.0,61.74110342637664
35.0,614.0,60.210155583919274
35.0,615.0,58.6550061547471
35.0,616.0,57.07888112260732
35.0,617.0,55.485204223767475
35.0,618.0,53.877568028829934
35.0,619.0,52.259700059394085
35.0,620.0,50.63542660852698
35.0,621.0,49.00863309143592
35.0,622.0,47.38322388077087
35.0,623.0,45.763080600539595
35.0,624.0,44.15202195639897
35.0,625.0,42.55376404734582
35.0,626.0,40.971884171015034
35.0,627.0,39.40978686213298
35.0,628.0,37.87067494858087
35.0,629.0,36.35752403320812
35.0,630.0,34.873062864917586
35.0,631.0,33.41975763035155
35.0,632.0,31.999802299841445
35.0,633.0,30.615112717375336
35.0,634.0,29.267326300183374
35.0,635.0,27.957804787687305
35.0,636.0,26.687641738538428
35.0,637.0,25.45767207895655
35.0,638.0,24.26848534094774
35.0,639.0,23.120439862086656
35.0,640.0,22.01367961268341
35.0,641.0,20.94815096865783
35.0,642.0,19.923621179564023
35.0,643.0,18.939695942558302
35.0,644.0,17.995837940510874
35.0,645.0,17.091383864827236
35.0,646.0,16.22556189044246
35.0,647.0,15.3975072303553
35.0,648.0,14.606277831236515
35.0,649.0,13.850867929849848
35.0,650.0,13.130221603176809
35.0,651.0,12.44324410563314
35.0,652.0,11.78881317338859
35.0,653.0,11.165788144590016
35.0,654.0,10.57301910048733
35.0,655.0,10.00935391649352
35.0,656.0,9.47364543482124
35.0,657.0,8.964756676773321
35.0,658.0,8.481566298784097
35.0,659.0,8.02297223207248
35.0,660.0,7.5878956920508704
35.0,661.0,7.175283515208466
35.0,662.0,6.784110984335262
35.0,663.0,6.413383116313123
35.0,664.0,6.0621365430587355
35.0,665.0,5.7294399768396405
35.0,666.0,5.414395356899958
35.0,667.0,5.116137687308982
35.0,668.0,4.833835627039305
35.0,669.0,4.566690863301205
35.0,670.0,4.313938291600293
35.0,671.0,4.074845057452656
35.0,672.0,3.8487104444575775
35.0,673.0,3.6348646904955975
35.0,674.0,3.432668676948865
35.0,675.0,3.2415126024488243
35.0,676.0,3.0608155452817685
35.0,677.0,2.8900240584840935
35.0,678.0,2.728611660034238
35.0,679.0,2.576077397326143
35.0,680.0,2.4319453056243003
35.0,681.0,2.2957629772802233
35.0,682.0,2.167101017683109
35.0,683.0,2.0455516445738047
35.0,684.0,1.9307281619122572
35.0,685.0,1.8222636068497864
35.0,686.0,1.7198102551325802
35.0,687.0,1.6230383273131692
35.0,688.0,1.531635534137272
35.0,689.0,1.4453058490553612
35.0,690.0,1.3637690981705144
35.0,691.0,1.2867598027496627
35.0,692.0,1.214026815467264
35.0,693.0,1.1453322341626961
35.0,694.0,1.080451084071588
35.0,695.0,1.0191703023262344
35.0,696.0,0.9612884644392944
35.0,697.0,0.9066148378333391
35.0,698.0,0.8549691498831868
35.0,699.0,0.8061807079577606
35.0,700.0,0.760088205721177
35.0,701.0,0.7165389066719352
35.0,702.0,0.675388485057872
35.0,703.0,0.6365002696240192
35.0,704.0,0.5997451153419814
35.0,705.0,0.5650007039665583
35.0,706.0,0.5321514427616248
35.0,707.0,0.5010878184693265
35.0,708.0,0.471706319290699
35.0,709.0,0.4439088389538665
35.0,710.0,0.4176026183471195
35.0,711.0,0.39269969650698183
35.0,712.0,0.369116868480844
35.0,713.0,0.34677518022184056
35.0,714.0,0.3255998994600924
35.0,715.0,0.3055200516742086
35.0,716.0,0.28646840096206216
35.0,717.0,0.26838102444763473
35.0,718.0,0.25119730035493426
35.0,719.0,0.2348595183961462
35.0,720.0,0.2193128724593856
35.0,721.0,0.2045051047043323
35.0,722.0,0.19038650047158215
35.0,723.0,0.1769095639814774
35.0,724.0,0.1640290132569581
35.0,725.0,0.15170148547776996
35.0,726.0,0.13988552987807715
35.0,727.0,0.12854134095016376
35.0,728.0,0.11763074743159752
35.0,729.0,0.10711697167911471
35.0,730.0,0.09696461299730398
35.0,731.0,0.08713943161420068
35.0,732.0,0.07760832472414693
35.0,733.0,0.06833913359163403
35.0,734.0,0.05930061078528263
35.0,735.0,0.05046224901575281
35.0,736.0,0.041794238125906706
35.0,737.0,0.033267314332343624
35.0,738.0,0.024852705609050615
35.0,739.0,0.01652200005053243
35.0,740.0,0.00824707834292859
35.0,741.0,0.0
36.0,0.0,0.0
36.0,1.0,0.0029214912004706505
36.0,2.0,0.005852847941254684
36.0,3.0,0.008803967310642268
36.0,4.0,0.011784815467918468
36.0,5.0,0.014805453651598549
36.0,6.0,0.017876082112776498
36.0,7.0,0.021007061024167203
36.0,8.0,0.024208961264292537
36.0,9.0,0.027492580678401192
36.0,10.0,0.030869002164464192
36.0,11.0,0.034349605752900546
36.0,12.0,0.03794613446110668
36.0,13.0,0.04167070268018997
36.0,14.0,0.04553587028585557
36.0,15.0,0.04955464784713349
36.0,16.0,0.05374057950795743
36.0,17.0,0.05810774556525811
36.0,18.0,0.06267085466755078
36.0,19.0,0.06744524434783428
36.0,20.0,0.07244698312298896
36.0,21.0,0.07769286961070294
36.0,22.0,0.08320054515644874
36.0,23.0,0.08898849221311853
36.0,24.0,0.0950761581706832
36.0,25.0,0.10148395373220469
36.0,26.0,0.10823338867473364
36.0,27.0,0.11534707101555533
36.0,28.0,0.1228488554909937
36.0,29.0,0.13076384437156674
36.0,30.0,0.13911854950738758
36.0,31.0,0.1479408957194388
36.0,32.0,0.15726039732504302
36.0,33.0,0.16710816510332024
36.0,34.0,0.17751709828003867
36.0,35.0,0.18852189613646053
36.0,36.0,0.2001592664973299
36.0,37.0,0.21246794312084294
36.0,38.0,0.22548891179315045
36.0,39.0,0.23926543469906808
36.0,40.0,0.25384329527651794
36.0,41.0,0.269270830817286
36.0,42.0,0.2855991972688431
36.0,43.0,0.30288241134445576
36.0,44.0,0.3211776364691268
36.0,45.0,0.3405452356786381
36.0,46.0,0.36104907987936863
36.0,47.0,0.382756612773104
36.0,48.0,0.40573918252198465
36.0,49.0,0.43007211983270105
36.0,50.0,0.45583509396789207
36.0,51.0,0.48311220493697216
36.0,52.0,0.5119923645481538
36.0,53.0,0.5425694033543761
36.0,54.0,0.5749424770626972
36.0,55.0,0.6092161884352716
36.0,56.0,0.6455010188231324
36.0,57.0,0.6839134645767062
36.0,58.0,0.7245764926961712
36.0,59.0,0.7676196904046554
36.0,60.0,0.813179742841868
36.0,61.0,0.8614005932232304
36.0,62.0,0.9124339390671671
36.0,63.0,0.9664393987168581
36.0,64.0,1.0235850206881425
36.0,65.0,1.0840474501626611
36.0,66.0,1.1480124435597623
36.0,67.0,1.2156750257994027
36.0,68.0,1.2872399990091559
36.0,69.0,1.3629220777672495
36.0,70.0,1.4429463768147588
36.0,71.0,1.5275485069807664
36.0,72.0,1.6169750217375622
36.0,73.0,1.7114834509429273
36.0,74.0,1.8113426799240901
36.0,75.0,1.9168328914342618
36.0,76.0,2.02824584359178
36.0,77.0,2.145884682487164
36.0,78.0,2.270064076733533
36.0,79.0,2.4011098540366347
36.0,80.0,2.539358940473864
36.0,81.0,2.685158764299999
36.0,82.0,2.838866937742037
36.0,83.0,3.00085036089407
36.0,84.0,3.1714845735221897
36.0,85.0,3.3511524820598377
36.0,86.0,3.540243299885609
36.0,87.0,3.7391508126982838
36.0,88.0,3.9482718198424465
36.0,89.0,4.16800384999003
36.0,90.0,4.3987430160351275
36.0,91.0,4.640881097171109
36.0,92.0,4.894802729243309
36.0,93.0,5.160881785010739
36.0,94.0,5.439477845047389
36.0,95.0,5.730931839933503
36.0,96.0,6.03556178871839
36.0,97.0,6.353657719850609
36.0,98.0,6.685476729404304
36.0,99.0,7.031237275617558
36.0,100.0,7.391113700326548
36.0,101.0,7.765230096194424
36.0,102.0,8.15365455101848
36.0,103.0,8.556392913133035
36.0,104.0,8.973383151921977
36.0,105.0,9.404489483728831
36.0,106.0,9.849497376545125
36.0,107.0,10.308108624522335
36.0,108.0,10.779937633803824
36.0,109.0,11.264508117132864
36.0,110.0,11.761251346165327
36.0,111.0,12.269505141576795
36.0,112.0,12.788514727898733
36.0,113.0,13.317434584869453
36.0,114.0,13.855332366140283
36.0,115.0,14.40119393665025
36.0,116.0,14.953930512308613
36.0,117.0,15.5123868484593
36.0,118.0,16.075351355234996
36.0,119.0,16.641566974548113
36.0,120.0,17.20974359430671
36.0,121.0,17.778570739852924
36.0,122.0,18.346731243288097
36.0,123.0,18.912914576147585
36.0,124.0,19.47583051853234
36.0,125.0,20.034221850239017
36.0,126.0,20.586876764394045
36.0,127.0,21.132639743823017
36.0,128.0,21.670421675430994
36.0,129.0,22.19920803772223
36.0,130.0,22.718066039111022
36.0,131.0,23.22614965401378
36.0,132.0,23.7227035397773
36.0,133.0,24.207064886389684
36.0,134.0,24.67866426912179
36.0,135.0,25.13702463661278
36.0,136.0,25.58175956055862
36.0,137.0,26.012569927888276
36.0,138.0,26.429240223527703
36.0,139.0,26.831633602036735
36.0,140.0,27.219686888770124
36.0,141.0,27.593404702432544
36.0,142.0,27.95285381158795
36.0,143.0,28.298156896187635
36.0,144.0,28.629486787381794
36.0,145.0,28.94706033031181
36.0,146.0,29.25113290054112
36.0,147.0,29.54199269355216
36.0,148.0,29.819955777449106
36.0,149.0,30.085361008199847
36.0,150.0,30.338565762046997
36.0,151.0,30.579941571325268
36.0,152.0,30.80987058878279
36.0,153.0,31.028741960750832
36.0,154.0,31.236949010399588
36.0,155.0,31.434886311983735
36.0,156.0,31.622947538151266
36.0,157.0,31.80152316704869
36.0,158.0,31.97099891562234
36.0,159.0,32.13175399569089
36.0,160.0,32.28416004584256
36.0,161.0,32.428579848453424
36.0,162.0,32.565366672879385
36.0,163.0,32.69486336879612
36.0,164.0,32.81740203932806
36.0,165.0,32.93330343387761
36.0,166.0,33.04287687893663
36.0,167.0,33.14641990349315
36.0,168.0,33.24421836565576
36.0,169.0,33.336546254245555
36.0,170.0,33.423665959810705
36.0,171.0,33.50582820617745
36.0,172.0,33.58327242421572
36.0,173.0,33.65622677640361
36.0,174.0,33.72490860045179
36.0,175.0,33.7895244980872
36.0,176.0,33.85027082321448
36.0,177.0,33.90733381308716
36.0,178.0,33.960890102082686
36.0,179.0,34.01110687925444
36.0,180.0,34.05814241410509
36.0,181.0,34.10214622930579
36.0,182.0,34.14325962918952
36.0,183.0,34.18161588030663
36.0,184.0,34.21734073684721
36.0,185.0,34.250552624790636
36.0,186.0,34.281363161208496
36.0,187.0,34.309877340151665
36.0,188.0,34.33619404485746
36.0,189.0,34.36040623525713
36.0,190.0,34.382601453549135
36.0,191.0,34.40286201431769
36.0,192.0,34.42126550473226
36.0,193.0,34.43788497871714
36.0,194.0,34.45278945314938
36.0,195.0,34.46604410724809
36.0,196.0,34.47771077549505
36.0,197.0,34.48784815234115
36.0,198.0,34.496512281088265
36.0,199.0,34.50375676207478
36.0,200.0,34.50963323439734
36.0,201.0,34.51419158294171
36.0,202.0,34.517480406651615
36.0,203.0,34.5195472162584
36.0,204.0,34.52043887906256
36.0,205.0,34.520201795343596
36.0,206.0,34.518882305798414
36.0,207.0,34.51652683101428
36.0,208.0,34.513182224582806
36.0,209.0,34.50889585760045
36.0,210.0,34.50371589905861
36.0,211.0,34.497691327168695
36.0,212.0,34.49087211998435
36.0,213.0,34.4833091784129
36.0,214.0,34.475054414954
36.0,215.0,34.46616058006854
36.0,216.0,34.45668124554197
36.0,217.0,34.44667053608078
36.0,218.0,34.43618301523547
36.0,219.0,34.42527333623374
36.0,220.0,34.41399605065635
36.0,221.0,34.40240520419651
36.0,222.0,34.390554098697464
36.0,223.0,34.37849486699968
36.0,224.0,34.36627822492771
36.0,225.0,34.353953062447026
36.0,226.0,34.3415662221255
36.0,227.0,34.329162140624994
36.0,228.0,34.316782684060634
36.0,229.0,34.304466865244194
36.0,230.0,34.2922507558261
36.0,231.0,34.28016729289314
36.0,232.0,34.26824627539974
36.0,233.0,34.25651426145194
36.0,234.0,34.24499464499151
36.0,235.0,34.23370763477258
36.0,236.0,34.2226703985273
36.0,237.0,34.2118971077138
36.0,238.0,34.20139913136238
36.0,239.0,34.19118512750063
36.0,240.0,34.18126126743679
36.0,241.0,34.1716313548438
36.0,242.0,34.1622970625875
36.0,243.0,34.153258062802976
36.0,244.0,34.14451226146208
36.0,245.0,34.136055926341115
36.0,246.0,34.127883908345204
36.0,247.0,34.11998975815322
36.0,248.0,34.11236592711548
36.0,249.0,34.105003866954284
36.0,250.0,34.09789420635654
36.0,251.0,34.091026831071254
36.0,252.0,34.08439103491468
36.0,253.0,34.077975579827566
36.0,254.0,34.07176882186727
36.0,255.0,34.06575875230108
36.0,256.0,34.05993310035839
36.0,257.0,34.05427935735401
36.0,258.0,34.04878485864528
36.0,259.0,34.04343679324139
36.0,260.0,34.03822226769594
36.0,261.0,34.03312830380181
36.0,262.0,34.02814188717806
36.0,263.0,34.02324995559136
36.0,264.0,34.018439434872356
36.0,265.0,34.01369722023728
36.0,266.0,34.009010201972394
36.0,267.0,34.004365241921036
36.0,268.0,33.999749191163545
36.0,269.0,33.9951488636331
36.0,270.0,33.990551047831
36.0,271.0,33.98594247937087
36.0,272.0,33.9813098486303
36.0,273.0,33.97663977391615
36.0,274.0,33.97191880687782
36.0,275.0,33.96713340794679
36.0,276.0,33.962269951330704
36.0,277.0,33.95731470441104
36.0,278.0,33.95225383420045
36.0,279.0,33.947073392480235
36.0,280.0,33.94175932572986
36.0,281.0,33.93629746794053
36.0,282.0,33.9306735562001
36.0,283.0,33.92487323331122
36.0,284.0,33.91888207141311
36.0,285.0,33.91268558673052
36.0,286.0,33.906269273796376
36.0,287.0,33.899618634813805
36.0,288.0,33.892719227153506
36.0,289.0,33.885556709856814
36.0,290.0,33.87811690703782
36.0,291.0,33.87038587389899
36.0,292.0,33.86234997836569
36.0,293.0,33.85399598850876
36.0,294.0,33.84531117405032
36.0,295.0,33.836283416152924
36.0,296.0,33.82690132921855
36.0,297.0,33.81715439247188
36.0,298.0,33.807033090597066
36.0,299.0,33.79652906430081
36.0,300.0,33.78563526571362
36.0,301.0,33.7743461221319
36.0,302.0,33.76265769878176
36.0,303.0,33.75056786632118
36.0,304.0,33.73807645973928
36.0,305.0,33.72518543628401
36.0,306.0,33.71189901541822
36.0,307.0,33.69822381024069
36.0,308.0,33.68416893030245
36.0,309.0,33.66974606720162
36.0,310.0,33.654969540677975
36.0,311.0,33.63985631894671
36.0,312.0,33.62442598989446
36.0,313.0,33.60870069984547
36.0,314.0,33.59270503667087
36.0,315.0,33.576465877560736
36.0,316.0,33.56001217954769
36.0,317.0,33.543374737130485
36.0,318.0,33.526585887206906
36.0,319.0,33.50967918960676
36.0,320.0,33.492689065753915
36.0,321.0,33.47565042691708
36.0,322.0,33.458598276400714
36.0,323.0,33.44156731886125
36.0,324.0,33.42459156186606
36.0,325.0,33.40770394274474
36.0,326.0,33.39093596535022
36.0,327.0,33.3743173777753
36.0,328.0,33.35787587409992
36.0,329.0,33.34163684774665
36.0,330.0,33.32562317750821
36.0,331.0,33.30985506954766
36.0,332.0,33.29434993466548
36.0,333.0,33.27912231972131
36.0,334.0,33.264183871596394
36.0,335.0,33.24954334852535
36.0,336.0,33.2352066575115
36.0,337.0,33.221176929161935
36.0,338.0,33.20745461031714
36.0,339.0,33.19403758283989
36.0,340.0,33.18092129180891
36.0,341.0,33.168098888816
36.0,342.0,33.155561377454845
36.0,343.0,33.143297764058495
36.0,344.0,33.13129520533166
36.0,345.0,33.11953915305308
36.0,346.0,33.10801349255507
36.0,347.0,33.096700671830845
36.0,348.0,33.085581823400034
36.0,349.0,33.074636871886845
36.0,350.0,33.06384463515749
36.0,351.0,33.053182907438796
36.0,352.0,33.04262853826114
36.0,353.0,33.03215749046017
36.0,354.0,33.02174489738079
36.0,355.0,33.01136509668511
36.0,356.0,33.000991667555375
36.0,357.0,32.99059744223705
36.0,358.0,32.98015452575858
36.0,359.0,32.9696342877166
36.0,360.0,32.95900736745704
36.0,361.0,32.94824364890562
36.0,362.0,32.93731225436538
36.0,363.0,32.92618150533707
36.0,364.0,32.914818908199386
36.0,365.0,32.90319110405518
36.0,366.0,32.89126384966557
36.0,367.0,32.87900195948136
36.0,368.0,32.86636928537251
36.0,369.0,32.85332865422342
36.0,370.0,32.839841850290405
36.0,371.0,32.8258695521015
36.0,372.0,32.81137132172804
36.0,373.0,32.79630554527031
36.0,374.0,32.780629433973644
36.0,375.0,32.76429897332375
36.0,376.0,32.747268941790104
36.0,377.0,32.72949287450772
36.0,378.0,32.710923106491684
36.0,379.0,32.69151075803659
36.0,380.0,32.67120581049225
36.0,381.0,32.649957121829104
36.0,382.0,32.62771254443982
36.0,383.0,32.60441898071851
36.0,384.0,32.580022553747895
36.0,385.0,32.554468714081175
36.0,386.0,32.5277024754109
36.0,387.0,32.49966858480291
36.0,388.0,32.47031183624868
36.0,389.0,32.439577317052596
36.0,390.0,32.40741081215713
36.0,391.0,32.373759138778134
36.0,392.0,32.33857065304615
36.0,393.0,32.301795682742096
36.0,394.0,32.263387144486686
36.0,395.0,32.22330107987465
36.0,396.0,32.181497385467736
36.0,397.0,32.137940450065514
36.0,398.0,32.092599990464784
36.0,399.0,32.04545177648269
36.0,400.0,31.996478552437942
36.0,401.0,31.945670821691188
36.0,402.0,31.893027817234373
36.0,403.0,31.838558299500068
36.0,404.0,31.78228152039019
36.0,405.0,31.724227968607458
36.0,406.0,31.66444025226679
36.0,407.0,31.602973708095057
36.0,408.0,31.53989711224971
36.0,409.0,31.47529305788498
36.0,410.0,31.40925839695124
36.0,411.0,31.341904290141173
36.0,412.0,31.273356289550996
36.0,413.0,31.203753980767626
36.0,414.0,31.133250641301732
36.0,415.0,31.062012429091094
36.0,416.0,30.990217595158278
36.0,417.0,30.918055224292235
36.0,418.0,30.845724037958366
36.0,419.0,30.773430754118994
36.0,420.0,30.701388578162778
36.0,421.0,30.629815307730805
36.0,422.0,30.55893166195678
36.0,423.0,30.48895930002632
36.0,424.0,30.420119169353143
36.0,425.0,30.352629622389387
36.0,426.0,30.286704964483373
36.0,427.0,30.222553837952972
36.0,428.0,30.160378120277027
36.0,429.0,30.100371701865665
36.0,430.0,30.042719832950898
36.0,431.0,29.98759836286108
36.0,432.0,29.93517357247018
36.0,433.0,29.885601881858562
36.0,434.0,29.839030147830993
36.0,435.0,29.795595795622525
36.0,436.0,29.755427517665822
36.0,437.0,29.71864575073521
36.0,438.0,29.685363687309312
36.0,439.0,29.655688004023965
36.0,440.0,29.629720090035033
36.0,441.0,29.607556933326485
36.0,442.0,29.58929247745478
36.0,443.0,29.575018584248383
36.0,444.0,29.564826445900792
36.0,445.0,29.558807560577577
36.0,446.0,29.557055145997833
36.0,447.0,29.55966508393941
36.0,448.0,29.566737300375724
36.0,449.0,29.578376652726377
36.0,450.0,29.59469425790328
36.0,451.0,29.61580831066881
36.0,452.0,29.64184535346283
36.0,453.0,29.672941024777437
36.0,454.0,29.70924127316324
36.0,455.0,29.750903041196985
36.0,456.0,29.79809543091313
36.0,457.0,29.851000332186253
36.0,458.0,29.909813548543493
36.0,459.0,29.974745379179847
36.0,460.0,30.046021713241277
36.0,461.0,30.123884572761987
36.0,462.0,30.208593180532922
36.0,463.0,30.30042446738942
36.0,464.0,30.399674114009336
36.0,465.0,30.506657020419535
36.0,466.0,30.621708315654033
36.0,467.0,30.74518378016356
36.0,468.0,30.87746080921119
36.0,469.0,31.01893877000149
36.0,470.0,31.17003989488598
36.0,471.0,31.33120954432016
36.0,472.0,31.502916994204515
36.0,473.0,31.68565556302102
36.0,474.0,31.879943243736715
36.0,475.0,32.08632263847035
36.0,476.0,32.30536136917512
36.0,477.0,32.537651745842034
36.0,478.0,32.78381087164788
36.0,479.0,33.04447995113068
36.0,480.0,33.32032398491885
36.0,481.0,33.612030603007796
36.0,482.0,33.920309222333735
36.0,483.0,34.24588926832218
36.0,484.0,34.589518646913454
36.0,485.0,34.95196119689083
36.0,486.0,35.333994309002705
36.0,487.0,35.736405435344544
36.0,488.0,36.15998867580759
36.0,489.0,36.60554016363595
36.0,490.0,37.073853439082804
36.0,491.0,37.56571353862565
36.0,492.0,38.08189099479206
36.0,493.0,38.623134488655026
36.0,494.0,39.190163362369844
36.0,495.0,39.78365876018321
36.0,496.0,40.40425462634061
36.0,497.0,41.052527368900634
36.0,498.0,41.72898544967384
36.0,499.0,42.434057765626825
36.0,500.0,43.168082125124116
36.0,501.0,43.931292756010066
36.0,502.0,44.723808201429506
36.0,503.0,45.54561862362792
36.0,504.0,46.39657392752428
36.0,505.0,47.27637181071819
36.0,506.0,48.18454719988429
36.0,507.0,49.12046225611082
36.0,508.0,50.08329843333248
36.0,509.0,51.072049819611344
36.0,510.0,52.08551922624804
36.0,511.0,53.12231625357193
36.0,512.0,54.18085871787836
36.0,513.0,55.259376604618836
36.0,514.0,56.355919780842996
36.0,515.0,57.46836850287609
36.0,516.0,58.594447735975606
36.0,517.0,59.731744143485294
36.0,518.0,60.877726507485306
36.0,519.0,62.02976824658927
36.0,520.0,63.185172543574595
36.0,521.0,64.34119859230117
36.0,522.0,65.49508928331711
36.0,523.0,66.64409876486552
36.0,524.0,67.78552010212354
36.0,525.0,68.91671151169301
36.0,526.0,70.03512140996757
36.0,527.0,71.13831090571274
36.0,528.0,72.22397408806754
36.0,529.0,73.28995497697264
36.0,530.0,74.33426165598195
36.0,531.0,75.35507672663113
36.0,532.0,76.35076477870976
36.0,533.0,77.31987627413868
36.0,534.0,78.26114867497772
36.0,535.0,79.17350442214394
36.0,536.0,80.0560466671083
36.0,537.0,80.90805250627604
36.0,538.0,81.72896462152751
36.0,539.0,82.5183811564741
36.0,540.0,83.27604467226116
36.0,541.0,84.00183004371578
36.0,542.0,84.69573203722989
36.0,543.0,85.35785243315324
36.0,544.0,85.9883873083262
36.0,545.0,86.5876143323488
36.0,546.0,87.15588056044167
36.0,547.0,87.6935905698128
36.0,548.0,88.20119529377983
36.0,549.0,88.67918140471362
36.0,550.0,89.12806148170422
36.0,551.0,89.54836483269978
36.0,552.0,89.94062910101046
36.0,553.0,90.30539255952297
36.0,554.0,90.64318712831573
36.0,555.0,90.95453206593919
36.0,556.0,91.23992828575096
36.0,557.0,91.49985330534707
36.0,558.0,91.73475670371518
36.0,559.0,91.94505616016897
36.0,560.0,92.13113387819763
36.0,561.0,92.29333354019631
36.0,562.0,92.4319575281095
36.0,563.0,92.54726463184109
36.0,564.0,92.63946791434576
36.0,565.0,92.7087330336911
36.0,566.0,92.75517662593286
36.0,567.0,92.77886512906697
36.0,568.0,92.77981358732546
36.0,569.0,92.75798489693136
36.0,570.0,92.7132889682548
36.0,571.0,92.64558234680712
36.0,572.0,92.55466770390942
36.0,573.0,92.4402938210263
36.0,574.0,92.30215541481333
36.0,575.0,92.13989350850785
36.0,576.0,91.95309563339401
36.0,577.0,91.7412966475636
36.0,578.0,91.50397939298593
36.0,579.0,91.24057605946068
36.0,580.0,90.95046941437809
36.0,581.0,90.63299484763421
36.0,582.0,90.28744232900023
36.0,583.0,89.91305930690991
36.0,584.0,89.50905358433856
36.0,585.0,89.07459727826297
36.0,586.0,88.60883083586928
36.0,587.0,88.11086828802576
36.0,588.0,87.57980264838265
36.0,589.0,87.01471270715219
36.0,590.0,86.41467005877614
36.0,591.0,85.77874767293383
36.0,592.0,85.10602877188583
36.0,593.0,84.39561737261582
36.0,594.0,83.64664917026604
36.0,595.0,82.85830415533125
36.0,596.0,82.02981954095867
36.0,597.0,81.16050440840979
36.0,598.0,80.24975453052288
36.0,599.0,79.29706877623163
36.0,600.0,78.30206542230671
36.0,601.0,77.2644997503388
36.0,602.0,76.18428110712667
36.0,603.0,75.06149076658374
36.0,604.0,73.8963986173969
36.0,605.0,72.68947997139031
36.0,606.0,71.44143037245426
36.0,607.0,70.1531796735657
36.0,608.0,68.82590314954595
36.0,609.0,67.46103092657496
36.0,610.0,66.06025344306718
36.0,611.0,64.6255243042293
36.0,612.0,63.15905827607851
36.0,613.0,61.663325950758235
36.0,614.0,60.14104295772815
36.0,615.0,58.59515551386326
36.0,616.0,57.0288204049648
36.0,617.0,55.44538152225519
36.0,618.0,53.84834131696247
36.0,619.0,52.24132964645447
36.0,620.0,50.628068637378064
36.0,621.0,49.01233634027198
36.0,622.0,47.39792798501164
36.0,623.0,45.78861779724498
36.0,624.0,44.188120234190166
36.0,625.0,42.60005362914588
36.0,626.0,41.0279049955671
36.0,627.0,39.47499885271699
36.0,628.0,37.944468581406625
36.0,629.0,36.4392329290748
36.0,630.0,34.9619758520669
36.0,631.0,33.51513202256087
36.0,632.0,32.10087585929521
36.0,633.0,30.721116136861827
36.0,634.0,29.37749375696101
36.0,635.0,28.071384532737518
36.0,636.0,26.803904383304065
36.0,637.0,25.575918677243738
36.0,638.0,24.388053033940224
36.0,639.0,23.240707296985885
36.0,640.0,22.134069984950894
36.0,641.0,21.06813497653733
36.0,642.0,20.0427177915592
36.0,643.0,19.05747330790694
36.0,644.0,18.111912364878055
36.0,645.0,17.20541919128113
36.0,646.0,16.33726720788909
36.0,647.0,15.506635236962685
36.0,648.0,14.712621762461255
36.0,649.0,13.954259352368698
36.0,650.0,13.230526967317186
36.0,651.0,12.54036232481206
36.0,652.0,11.882672107580687
36.0,653.0,11.25634222178722
36.0,654.0,10.660245942641303
36.0,655.0,10.093252170276171
36.0,656.0,9.554231669900402
36.0,657.0,9.042063520289128
36.0,658.0,8.555639672027208
36.0,659.0,8.09386982839721
36.0,660.0,7.655684572002036
36.0,661.0,7.240038929705143
36.0,662.0,6.845914317745797
36.0,663.0,6.472321032791125
36.0,664.0,6.118299248814587
36.0,665.0,5.782920654212322
36.0,666.0,5.465288707893
36.0,667.0,5.164539614277557
36.0,668.0,4.87984201662328
36.0,669.0,4.6103974719452685
36.0,670.0,4.355439730067524
36.0,671.0,4.114234841810047
36.0,672.0,3.8860801447060096
36.0,673.0,3.6703041117223694
36.0,674.0,3.4662651400822595
36.0,675.0,3.273351225034993
36.0,676.0,3.090978627183848
36.0,677.0,2.9185914365648986
36.0,678.0,2.7556601762914843
36.0,679.0,2.601681306291334
36.0,680.0,2.456175806690331
36.0,681.0,2.318688657672986
36.0,682.0,2.188787434472207
36.0,683.0,2.0660617895643343
36.0,684.0,1.9501220820012664
36.0,685.0,1.8405988801199178
36.0,686.0,1.7371416408481157
36.0,687.0,1.639418244913348
36.0,688.0,1.5471137363069194
36.0,689.0,1.4599298972720522
36.0,690.0,1.3775840539989257
36.0,691.0,1.2998086951584231
36.0,692.0,1.2263503468486694
36.0,693.0,1.1569692358661547
36.0,694.0,1.0914382347031726
36.0,695.0,1.0295425689050124
36.0,696.0,0.9710788313399515
36.0,697.0,0.9158547317112314
36.0,698.0,0.8636881782360756
36.0,699.0,0.8144070665293465
36.0,700.0,0.7678484261153785
36.0,701.0,0.7238582453698457
36.0,702.0,0.6822906798534879
36.0,703.0,0.6430079097061993
36.0,704.0,0.605879406561323
36.0,705.0,0.5707818196664327
36.0,706.0,0.5375982980538704
36.0,707.0,0.5062184016662611
36.0,708.0,0.4765374754798067
36.0,709.0,0.4484565820012374
36.0,710.0,0.42188192413200265
36.0,711.0,0.39672479554842927
36.0,712.0,0.37290104923253525
36.0,713.0,0.3503310624271776
36.0,714.0,0.32893924792429774
36.0,715.0,0.30865403048595785
36.0,716.0,0.2894073981598326
36.0,717.0,0.27113488726369833
36.0,718.0,0.25377517118108817
36.0,719.0,0.237270051212722
36.0,720.0,0.22156408048544407
36.0,721.0,0.20660455817343473
36.0,722.0,0.1923411863259748
36.0,723.0,0.17872606515007813
36.0,724.0,0.16571338072397748
36.0,725.0,0.15325939920842846
36.0,726.0,0.1413221835609406
36.0,727.0,0.12986158470379489
36.0,728.0,0.11883898548763852
36.0,729.0,0.10821728698929488
36.0,730.0,0.09796067809167439
36.0,731.0,0.0880346152133016
36.0,732.0,0.07840561597423974
36.0,733.0,0.0690412307718054
36.0,734.0,0.059909859089292625
36.0,735.0,0.05098071142869247
36.0,736.0,0.04222364689052033
36.0,737.0,0.03360912405472239
36.0,738.0,0.025108058516020264
36.0,739.0,0.0166917613688358
36.0,740.0,0.008331815423453985
36.0,741.0,0.0
37.0,0.0,0.0
37.0,1.0,0.0029463665475175805
37.0,2.0,0.0059026816243351946
37.0,3.0,0.008878928528843998
37.0,4.0,0.011885154290731439
37.0,5.0,0.014931510684883161
37.0,6.0,0.01802827782726892
37.0,7.0,0.021185911874183123
37.0,8.0,0.024415063700287256
37.0,9.0,0.027726633731568046
37.0,10.0,0.03113178616723515
37.0,11.0,0.034642011407901914
37.0,12.0,0.03826913630164209
37.0,13.0,0.042025394647343804
37.0,14.0,0.04592343396929811
37.0,15.0,0.04997639459949762
37.0,16.0,0.05419791351474787
37.0,17.0,0.05860221253093093
37.0,18.0,0.063204099771872
37.0,19.0,0.06801906754329683
37.0,20.0,0.07306329204359185
37.0,21.0,0.07835374152534041
37.0,22.0,0.08390817490466324
37.0,23.0,0.089745260863731
37.0,24.0,0.09588457606744225
37.0,25.0,0.10234673591096531
37.0,26.0,0.10915339310982797
37.0,27.0,0.11632738085194391
37.0,28.0,0.12389271258925819
37.0,29.0,0.13187473841320502
37.0,30.0,0.14030014694206958
37.0,31.0,0.1491971358013842
37.0,32.0,0.15859541656989504
37.0,33.0,0.16852640031051394
37.0,34.0,0.17902320660739984
37.0,35.0,0.19012086515654952
37.0,36.0,0.2018563299944201
37.0,37.0,0.21426869821697192
37.0,38.0,0.2273992305628294
37.0,39.0,0.24129158838129983
37.0,40.0,0.2559918617852908
37.0,41.0,0.2715488260266756
37.0,42.0,0.28801397846926236
37.0,43.0,0.3054418155459826
37.0,44.0,0.3238898798110358
37.0,45.0,0.3434190586372414
37.0,46.0,0.3640936425769793
37.0,47.0,0.38598164689580616
37.0,48.0,0.40915488238810166
37.0,49.0,0.43368930071657963
37.0,50.0,0.45966507866996176
37.0,51.0,0.4871669880638163
37.0,52.0,0.5162844941674509
37.0,53.0,0.54711215058942
37.0,54.0,0.5797497122050772
37.0,55.0,0.6143025549617513
37.0,56.0,0.6508818030639338
37.0,57.0,0.6896047729402816
37.0,58.0,0.7305951136363423
37.0,59.0,0.773983273228274
37.0,60.0,0.8199066502668604
37.0,61.0,0.8685100796277312
37.0,62.0,0.9199459913644867
37.0,63.0,0.9743749112640063
37.0,64.0,1.0319656215047173
37.0,65.0,1.0928956689344966
37.0,66.0,1.15735151938109
37.0,67.0,1.2255290637706833
37.0,68.0,1.2976337546764634
37.0,69.0,1.3738810967185078
37.0,70.0,1.4544967498307566
37.0,71.0,1.5397169857943003
37.0,72.0,1.629788737622452
37.0,73.0,1.724969998457297
37.0,74.0,1.8255297903080019
37.0,75.0,1.9317484747963078
37.0,76.0,2.0439176071762244
37.0,77.0,2.162340120530617
37.0,78.0,2.2873300225880855
37.0,79.0,2.4192124060576594
37.0,80.0,2.5583229364382083
37.0,81.0,2.7050076315403495
37.0,82.0,2.859622078700681
37.0,83.0,3.022530916789903
37.0,84.0,3.194106711805377
37.0,85.0,3.3747290658390536
37.0,86.0,3.564783072229468
37.0,87.0,3.7646579696654836
37.0,88.0,3.9747450938707516
37.0,89.0,4.195435993551942
37.0,90.0,4.427119797653789
37.0,91.0,4.670180716308451
37.0,92.0,4.924994754510583
37.0,93.0,5.1919265394165555
37.0,94.0,5.471325336966548
37.0,95.0,5.763521181124858
37.0,96.0,6.068820193858166
37.0,97.0,6.3875000463591896
37.0,98.0,6.719804648576831
37.0,99.0,7.065939050018451
37.0,100.0,7.426063654386106
37.0,101.0,7.800288768164179
37.0,102.0,8.188668606555147
37.0,103.0,8.591195816627478
37.0,104.0,9.007795664201101
37.0,105.0,9.438320982544726
37.0,106.0,9.882547049623852
37.0,107.0,10.340167522344126
37.0,108.0,10.810790604610602
37.0,109.0,11.293936592254324
37.0,110.0,11.789035963393884
37.0,111.0,12.295429148123832
37.0,112.0,12.812367112388888
37.0,113.0,13.339013851470215
37.0,114.0,13.874449865624245
37.0,115.0,14.417677645466
37.0,116.0,14.967628152370688
37.0,117.0,15.52316923202211
37.0,118.0,16.08311484606172
37.0,119.0,16.646235964568486
37.0,120.0,17.21127190969329
37.0,121.0,17.776942912450675
37.0,122.0,18.341962605024854
37.0,123.0,18.90505116417438
37.0,124.0,19.464947803383385
37.0,125.0,20.020423329263245
37.0,126.0,20.570291484720077
37.0,127.0,21.113419840652167
37.0,128.0,21.64873902681257
37.0,129.0,22.17525114417792
37.0,130.0,22.692036244231776
37.0,131.0,23.1982578127641
37.0,132.0,23.693166244042892
37.0,133.0,24.176101332303077
37.0,134.0,24.646492853782807
37.0,135.0,25.103860333989513
37.0,136.0,25.547811135826496
37.0,137.0,25.978038001658923
37.0,138.0,26.394315218710442
37.0,139.0,26.796494549993074
37.0,140.0,27.18450010843026
37.0,141.0,27.55832330177227
37.0,142.0,27.918017015856464
37.0,143.0,28.263690133489003
37.0,144.0,28.59550153621474
37.0,145.0,28.913654648139342
37.0,146.0,29.218391645817263
37.0,147.0,29.509988353776304
37.0,148.0,29.78874892867561
37.0,149.0,30.055001314730678
37.0,150.0,30.30909255765661
37.0,151.0,30.551384927586735
37.0,152.0,30.782251928963102
37.0,153.0,31.002075120999205
37.0,154.0,31.21124082390238
37.0,155.0,31.41013761249468
37.0,156.0,31.599153675284086
37.0,157.0,31.778674922635602
37.0,158.0,31.9490829295518
37.0,159.0,32.11075358162222
37.0,160.0,32.264055520591896
37.0,161.0,32.40934924490727
37.0,162.0,32.54698597512644
37.0,163.0,32.67730712739732
37.0,164.0,32.800643520025474
37.0,165.0,32.917315144582815
37.0,166.0,33.02763064281222
37.0,167.0,33.1318873089744
37.0,168.0,33.23037077579792
37.0,169.0,33.32335519152822
37.0,170.0,33.41110306352985
37.0,171.0,33.493865563271484
37.0,172.0,33.5718824856507
37.0,173.0,33.64538264422545
37.0,174.0,33.71458391291779
37.0,175.0,33.77969368187968
37.0,176.0,33.84090895574521
37.0,177.0,33.898416847489
37.0,178.0,33.95239471379904
37.0,179.0,34.00301067016374
37.0,180.0,34.050423749281656
37.0,181.0,34.09478442547813
37.0,182.0,34.13623478645083
37.0,183.0,34.17490905907365
37.0,184.0,34.210933788304786
37.0,185.0,34.24442835958807
37.0,186.0,34.275505181518994
37.0,187.0,34.304270202485235
37.0,188.0,34.33082309576503
37.0,189.0,34.35525776981235
37.0,190.0,34.37766255588577
37.0,191.0,34.398120712495036
37.0,192.0,34.41671061642376
37.0,193.0,34.43350626229202
37.0,194.0,34.44857745790611
37.0,195.0,34.461990319606265
37.0,196.0,34.47380747219376
37.0,197.0,34.48408853966523
37.0,198.0,34.49289034847964
37.0,199.0,34.50026741139668
37.0,200.0,34.5062721305488
37.0,201.0,34.51095526944023
37.0,202.0,34.51436614928233
37.0,203.0,34.5165531009476
37.0,204.0,34.51756364457815
37.0,205.0,34.51744490980117
37.0,206.0,34.516243785223054
37.0,207.0,34.51400729211249
37.0,208.0,34.51078268777765
37.0,209.0,34.506617776043896
37.0,210.0,34.501560947583286
37.0,211.0,34.49566141078952
37.0,212.0,34.488969153793086
37.0,213.0,34.48153508256772
37.0,214.0,34.473410894237105
37.0,215.0,34.46464911578197
37.0,216.0,34.4553028863189
37.0,217.0,34.44542589919019
37.0,218.0,34.43507210128985
37.0,219.0,34.424295552263175
37.0,220.0,34.41315005989915
37.0,221.0,34.401688980537664
37.0,222.0,34.389964818730874
37.0,223.0,34.378029000406045
37.0,224.0,34.36593147022682
37.0,225.0,34.35372047173648
37.0,226.0,34.341442175782085
37.0,227.0,34.32914049906274
37.0,228.0,34.31685679161533
37.0,229.0,34.304629717619996
37.0,230.0,34.29249502062847
37.0,231.0,34.280485479987384
37.0,232.0,34.26863076141413
37.0,233.0,34.25695745133669
37.0,234.0,34.245488989899755
37.0,235.0,34.23424577599494
37.0,236.0,34.22324517158418
37.0,237.0,34.21250166355573
37.0,238.0,34.20202692326863
37.0,239.0,34.19183000804674
37.0,240.0,34.18191745808826
37.0,241.0,34.172293520061324
37.0,242.0,34.16296026437599
37.0,243.0,34.15391781517726
37.0,244.0,34.1451644735484
37.0,245.0,34.13669694128617
37.0,246.0,34.128510439001055
37.0,247.0,34.120598914586886
37.0,248.0,34.112955148689736
37.0,249.0,34.10557094215409
37.0,250.0,34.09843720447721
37.0,251.0,34.09154411737549
37.0,252.0,34.08488120438294
37.0,253.0,34.07843746988952
37.0,254.0,34.072201449916435
37.0,255.0,34.066161327532484
37.0,256.0,34.06030496609434
37.0,257.0,34.054620002930726
37.0,258.0,34.04909386707971
37.0,259.0,34.043713853664485
37.0,260.0,34.038467128517404
37.0,261.0,34.03334078588062
37.0,262.0,34.028321842397624
37.0,263.0,34.02339728076878
37.0,264.0,34.0185540355178
37.0,265.0,34.013779025106864
37.0,266.0,34.00905913172749
37.0,267.0,34.00438122420182
37.0,268.0,33.999732133863915
37.0,269.0,33.99509867039171
37.0,270.0,33.99046759567643
37.0,271.0,33.98582563457813
37.0,272.0,33.981159448553974
37.0,273.0,33.976455643229244
37.0,274.0,33.97170074348611
37.0,275.0,33.966881199702904
37.0,276.0,33.96198336600072
37.0,277.0,33.95699350703032
37.0,278.0,33.95189778113391
37.0,279.0,33.9466822496476
37.0,280.0,33.94133286685339
37.0,281.0,33.93583549390401
37.0,282.0,33.93017589759896
37.0,283.0,33.92433977120721
37.0,284.0,33.91831274427453
37.0,285.0,33.912080412784086
37.0,286.0,33.90562836234917
37.0,287.0,33.89894221026304
37.0,288.0,33.89200764449225
37.0,289.0,33.884810480155735
37.0,290.0,33.87733671662977
37.0,291.0,33.869572610770554
37.0,292.0,33.86150475407028
37.0,293.0,33.85312016438641
37.0,294.0,33.84440638432838
37.0,295.0,33.83535159225506
37.0,296.0,33.8259447217983
37.0,297.0,33.81617559131637
37.0,298.0,33.806035042566585
37.0,299.0,33.79551508557346
37.0,300.0,33.78460905189861
37.0,301.0,33.773311748997756
37.0,302.0,33.76161962036675
37.0,303.0,33.74953090006652
37.0,304.0,33.737045768490205
37.0,305.0,33.72416649418041
37.0,306.0,33.71089757053547
37.0,307.0,33.69724582892427
37.0,308.0,33.683220539044015
37.0,309.0,33.66883347547301
37.0,310.0,33.65409896350107
37.0,311.0,33.639033881573205
37.0,312.0,33.623657636131746
37.0,313.0,33.60799208568774
37.0,314.0,33.5920614331507
37.0,315.0,33.57589206385968
37.0,316.0,33.55951235202151
37.0,317.0,33.54295241451087
37.0,318.0,33.526243838504186
37.0,319.0,33.509419363868545
37.0,320.0,33.49251255009324
37.0,321.0,33.475557410523066
37.0,322.0,33.458588045940836
37.0,323.0,33.44163826141258
37.0,324.0,33.4247411991668
37.0,325.0,33.40792897155459
37.0,326.0,33.391232325862646
37.0,327.0,33.374680324145565
37.0,328.0,33.35830006729989
37.0,329.0,33.3421164450036
37.0,330.0,33.326151937109756
37.0,331.0,33.31042644648276
37.0,332.0,33.294957184738514
37.0,333.0,33.27975858974658
37.0,334.0,33.26484229226137
37.0,335.0,33.25021711037286
37.0,336.0,33.23588908541268
37.0,337.0,33.22186153903318
37.0,338.0,33.20813516182069
37.0,339.0,33.19470811539229
37.0,340.0,33.18157615541812
37.0,341.0,33.168732760807785
37.0,342.0,33.15616927372479
37.0,343.0,33.143875039797685
37.0,344.0,33.131837550308624
37.0,345.0,33.12004258048586
37.0,346.0,33.108474322473704
37.0,347.0,33.09711551232555
37.0,348.0,33.08594754590139
37.0,349.0,33.074950588591264
37.0,350.0,33.06410366946983
37.0,351.0,33.05338477069072
37.0,352.0,33.04277089781768
37.0,353.0,33.032238148099125
37.0,354.0,33.02176175683177
37.0,355.0,33.01131614535581
37.0,356.0,33.00087494464321
37.0,357.0,32.99041102493772
37.0,358.0,32.9798964986095
37.0,359.0,32.96930273402718
37.0,360.0,32.958600340217316
37.0,361.0,32.94775916793185
37.0,362.0,32.93674827892381
37.0,363.0,32.92553593738491
37.0,364.0,32.914089566811114
37.0,365.0,32.90237573513462
37.0,366.0,32.890360102297436
37.0,367.0,32.87800740257218
37.0,368.0,32.865281386161826
37.0,369.0,32.8521448024594
37.0,370.0,32.8385593393036
37.0,371.0,32.824485611317144
37.0,372.0,32.80988310091296
37.0,373.0,32.794710156409636
37.0,374.0,32.778923939529854
37.0,375.0,32.76248043874053
37.0,376.0,32.74533442882817
37.0,377.0,32.72743950585671
37.0,378.0,32.70874806543933
37.0,379.0,32.689211366832794
37.0,380.0,32.66877953772256
37.0,381.0,32.64740167623195
37.0,382.0,32.62502589133038
37.0,383.0,32.601599452838656
37.0,384.0,32.57706887783979
37.0,385.0,32.55138013995645
37.0,386.0,32.52447881320079
37.0,387.0,32.49631035265351
37.0,388.0,32.46682030775351
37.0,389.0,32.43595468668835
37.0,390.0,32.40366025080877
37.0,391.0,32.36988497410425
37.0,392.0,32.334578428733245
37.0,393.0,32.29769234835548
37.0,394.0,32.25918111110556
37.0,395.0,32.21900241066881
37.0,396.0,32.17711783677223
37.0,397.0,32.13349365012772
37.0,398.0,32.088101451140545
37.0,399.0,32.04091904378805
37.0,400.0,31.991931170513062
37.0,401.0,31.94113043576347
37.0,402.0,31.88851806927248
37.0,403.0,31.834104863083095
37.0,404.0,31.77791190782835
37.0,405.0,31.71997147936273
37.0,406.0,31.660327675601838
37.0,407.0,31.59903717335956
37.0,408.0,31.536169680364058
37.0,409.0,31.471808473649485
37.0,410.0,31.406050577000645
37.0,411.0,31.33900699389011
37.0,412.0,31.270802529293675
37.0,413.0,31.201575646667287
37.0,414.0,31.131477877870335
37.0,415.0,31.060673266744
37.0,416.0,30.989337351725037
37.0,417.0,30.917656206075556
37.0,418.0,30.845825030233044
37.0,419.0,30.77404685390494
37.0,420.0,30.7025308304209
37.0,421.0,30.63149071820325
37.0,422.0,30.561143015803513
37.0,423.0,30.49170537795052
37.0,424.0,30.423394756587513
37.0,425.0,30.356425920517832
37.0,426.0,30.29100976790064
37.0,427.0,30.227352104935424
37.0,428.0,30.16565226892275
37.0,429.0,30.106102283975567
37.0,430.0,30.04888588761551
37.0,431.0,29.994178129434978
37.0,432.0,29.94214483925388
37.0,433.0,29.892942679720115
37.0,434.0,29.846719041854442
37.0,435.0,29.803612515304707
37.0,436.0,29.763753156513307
37.0,437.0,29.727263307472413
37.0,438.0,29.694258157185306
37.0,439.0,29.664846823440218
37.0,440.0,29.639133119748237
37.0,441.0,29.617216813148797
37.0,442.0,29.59919451332811
37.0,443.0,29.58516102880431
37.0,444.0,29.575210307967584
37.0,445.0,29.569436831526943
37.0,446.0,29.56793655227453
37.0,447.0,29.57080827928663
37.0,448.0,29.578154580691233
37.0,449.0,29.590083131786795
37.0,450.0,29.60670756058282
37.0,451.0,29.62814874592425
37.0,452.0,29.65453559781565
37.0,453.0,29.686006302025813
37.0,454.0,29.72270903579989
37.0,455.0,29.76480316218295
37.0,456.0,29.812459886820314
37.0,457.0,29.86586340869453
37.0,458.0,29.925211525730237
37.0,459.0,29.99071674925674
37.0,460.0,30.062606865552652
37.0,461.0,30.141126019590843
37.0,462.0,30.226535236902215
37.0,463.0,30.319113478396027
37.0,464.0,30.419158122290362
37.0,465.0,30.52698598625618
37.0,466.0,30.642933762808862
37.0,467.0,30.767358997783777
37.0,468.0,30.90064046452915
37.0,469.0,31.04317907874698
37.0,470.0,31.19539818698487
37.0,471.0,31.357744387042818
37.0,472.0,31.53068769447834
37.0,473.0,31.714722224922095
37.0,474.0,31.91036618842544
37.0,475.0,32.11816237500842
37.0,476.0,32.338677910599635
37.0,477.0,32.57250446993843
37.0,478.0,32.82025770966484
37.0,479.0,33.08257711353272
37.0,480.0,33.360124998300414
37.0,481.0,33.65358587570525
37.0,482.0,33.96366490608326
37.0,483.0,34.29108664094761
37.0,484.0,34.63659277936928
37.0,485.0,35.00094013640484
37.0,486.0,35.38489754085979
37.0,487.0,35.78924286150443
37.0,488.0,36.21475887588495
37.0,489.0,36.66222918296962
37.0,490.0,37.13243287668511
37.0,491.0,37.62613918667924
37.0,492.0,38.14410081437245
37.0,493.0,38.68704718077183
37.0,494.0,39.25567633550293
37.0,495.0,39.85064676091062
37.0,496.0,40.472567854689345
37.0,497.0,41.121990351404314
37.0,498.0,41.79939551457199
37.0,499.0,42.505184396174826
37.0,500.0,43.23966605778168
37.0,501.0,44.00304609551553
37.0,502.0,44.795414437326905
37.0,503.0,45.61673380470664
37.0,504.0,46.46682788711982
37.0,505.0,47.3453706672062
37.0,506.0,48.251876019676835
37.0,507.0,49.1856890509129
37.0,508.0,50.14597835682385
37.0,509.0,51.13173066167983
37.0,510.0,52.14174703320618
37.0,511.0,53.17464208265147
37.0,512.0,54.2288453112969
37.0,513.0,55.30260589701213
37.0,514.0,56.39399999045863
37.0,515.0,57.50094163821576
37.0,516.0,58.62119626003896
37.0,517.0,59.75239757590579
37.0,518.0,60.892066741596885
37.0,519.0,62.03763435385986
37.0,520.0,63.18646392790978
37.0,521.0,64.33587730312661
37.0,522.0,65.48318047930343
37.0,523.0,66.6256902039584
37.0,524.0,67.76075980237087
37.0,525.0,68.88580453011974
37.0,526.0,69.99832503176786
37.0,527.0,71.09592923938317
37.0,528.0,72.17635147616099
37.0,529.0,73.23746922269694
37.0,530.0,74.27731654825014
37.0,531.0,75.2940948180015
37.0,532.0,76.28617992798418
37.0,533.0,77.25212681940395
37.0,534.0,78.19067074701883
37.0,535.0,79.10072614903667
37.0,536.0,79.98138276532464
37.0,537.0,80.83189988629617
37.0,538.0,81.65169849293781
37.0,539.0,82.44035214460722
37.0,540.0,83.19757643670825
37.0,541.0,83.92321780996231
37.0,542.0,84.61724155759033
37.0,543.0,85.27971970457136
37.0,544.0,85.91081860887785
37.0,545.0,86.51078683503933
37.0,546.0,87.07994314768077
37.0,547.0,87.61866504836236
37.0,548.0,88.12737770592977
37.0,549.0,88.60654358205421
37.0,550.0,89.0566526157434
37.0,551.0,89.47821315664993
37.0,552.0,89.87174353800043
37.0,553.0,90.23776437815538
37.0,554.0,90.57679154200073
37.0,555.0,90.88932976062898
37.0,556.0,91.17586689259606
37.0,557.0,91.43686874313569
37.0,558.0,91.67277448615732
37.0,559.0,91.88399252972275
37.0,560.0,92.07089693851184
37.0,561.0,92.23382418273269
37.0,562.0,92.37307040076873
37.0,563.0,92.48888887663516
37.0,564.0,92.58148799677181
37.0,565.0,92.65102932055228
37.0,566.0,92.69762610848873
37.0,567.0,92.7213418767453
37.0,568.0,92.72218940274487
37.0,569.0,92.70012968520919
37.0,570.0,92.65507136500227
37.0,571.0,92.58687004516294
37.0,572.0,92.4953280984984
37.0,573.0,92.38019433648475
37.0,574.0,92.24116421003184
37.0,575.0,92.07787985162021
37.0,576.0,91.88993071155637
37.0,577.0,91.67685403411916
37.0,578.0,91.43813600833056
37.0,579.0,91.1732127759283
37.0,580.0,90.88147221274734
37.0,581.0,90.56225560331868
37.0,582.0,90.21486020534284
37.0,583.0,89.83854176114318
37.0,584.0,89.43251803137838
37.0,585.0,88.99597234476433
37.0,586.0,88.52805831466864
37.0,587.0,88.02790465114491
37.0,588.0,87.49462129009969
37.0,589.0,86.9273056994212
37.0,590.0,86.32505064755419
37.0,591.0,85.6869522197515
37.0,592.0,85.0121194214088
37.0,593.0,84.29968407046458
37.0,594.0,83.54881235912995
37.0,595.0,82.75871669205603
37.0,596.0,81.9286692058861
37.0,597.0,81.05801546824296
37.0,598.0,80.14618976737016
37.0,599.0,79.19273036609846
37.0,600.0,78.19729611905424
37.0,601.0,77.1596826887457
37.0,602.0,76.07983973201733
37.0,603.0,74.9578871468921
37.0,604.0,73.7941317173745
37.0,605.0,72.58908210491629
37.0,606.0,71.34346349853757
37.0,607.0,70.05822975336648
37.0,608.0,68.73457433291125
37.0,609.0,67.37393781097406
37.0,610.0,65.9780133041263
37.0,611.0,64.54874758481239
37.0,612.0,63.08833937418572
37.0,613.0,61.59923264280197
37.0,614.0,60.08410662799262
37.0,615.0,58.545860558238836
37.0,616.0,56.987595074111255
37.0,617.0,55.41258856036757
37.0,618.0,53.82427069650411
37.0,619.0,52.226191681913676
37.0,620.0,50.62198974406492
37.0,621.0,49.01535558587761
37.0,622.0,47.4099966052481
37.0,623.0,45.809599645320084
37.0,624.0,44.217795208957604
37.0,625.0,42.63812186650945
37.0,626.0,41.07399374869299
37.0,627.0,39.52866969228795
37.0,628.0,38.00522676473536
37.0,629.0,36.50653647643509
37.0,630.0,35.03524616438931
37.0,631.0,33.59376355572001
37.0,632.0,32.18424673544856
37.0,633.0,30.808597244325874
37.0,634.0,29.46845830856313
37.0,635.0,28.16521570689593
37.0,636.0,26.900003124983517
37.0,637.0,25.673709366733647
37.0,638.0,24.48698920184221
37.0,639.0,23.340275167644158
37.0,640.0,22.233792105964113
37.0,641.0,21.167571770100604
37.0,642.0,20.14146933578674
37.0,643.0,19.155179213975003
37.0,644.0,18.208252080752043
37.0,645.0,17.300110607990444
37.0,646.0,16.430065899189472
37.0,647.0,15.59733220491214
37.0,648.0,14.801042004211304
37.0,649.0,14.040259110495212
37.0,650.0,13.313991954269566
37.0,651.0,12.621204772498483
37.0,652.0,11.960828903666933
37.0,653.0,11.331771975250032
37.0,654.0,10.732927210029848
37.0,655.0,10.16318068182956
37.0,656.0,9.621418757367733
37.0,657.0,9.106533588221708
37.0,658.0,8.617428885842028
37.0,659.0,8.153023869661375
37.0,660.0,7.712257606616614
37.0,661.0,7.294091653719218
37.0,662.0,6.897513199313612
37.0,663.0,6.521536634211581
37.0,664.0,6.165205719875874
37.0,665.0,5.8275943042086915
37.0,666.0,5.507807719571239
37.0,667.0,5.204982834083259
37.0,668.0,4.918288855408929
37.0,669.0,4.64692688055067
37.0,670.0,4.3901302533697955
37.0,671.0,4.147163748305876
37.0,672.0,3.917323602961831
37.0,673.0,3.6999364456944424
37.0,674.0,3.4943591005509482
37.0,675.0,3.299977346139001
37.0,676.0,3.1162055693186343
37.0,677.0,2.9424854234788813
37.0,678.0,2.7782853897711175
37.0,679.0,2.623099386844808
37.0,680.0,2.4764462838884853
37.0,681.0,2.337868500756374
37.0,682.0,2.2069315053497274
37.0,683.0,2.0832224325492303
37.0,684.0,1.9663495891502123
37.0,685.0,1.8559411117222788
37.0,686.0,1.7516444950276835
37.0,687.0,1.653125302489119
37.0,688.0,1.560066728414804
37.0,689.0,1.4721683698292614
37.0,690.0,1.3891458285830798
37.0,691.0,1.3107295495932272
37.0,692.0,1.2366644657554935
37.0,693.0,1.1667089048981683
37.0,694.0,1.1006342781101983
37.0,695.0,1.0382240557252058
37.0,696.0,0.9792734980383979
37.0,697.0,0.9235886992356227
37.0,698.0,0.870986358343043
37.0,699.0,0.8212928890603653
37.0,700.0,0.774344228046055
37.0,701.0,0.729985007995386
37.0,702.0,0.6880683999131452
37.0,703.0,0.6484553464095382
37.0,704.0,0.6110144343756683
37.0,705.0,0.5756211852864512
37.0,706.0,0.542157954612576
37.0,707.0,0.5105132758676075
37.0,708.0,0.4805817831182595
37.0,709.0,0.45226360555319095
37.0,710.0,0.4254643095566872
37.0,711.0,0.4000943406792623
37.0,712.0,0.3760689818922305
37.0,713.0,0.35330783998258997
37.0,714.0,0.3317348167880383
37.0,715.0,0.3112776372040327
37.0,716.0,0.29186783039623665
37.0,717.0,0.27344029678387777
37.0,718.0,0.25593329642900475
37.0,719.0,0.2392880525384466
37.0,720.0,0.22344874442916804
37.0,721.0,0.2083621452650009
37.0,722.0,0.1939776171896091
37.0,723.0,0.18024678117936546
37.0,724.0,0.167123512116433
37.0,725.0,0.15456363879277757
37.0,726.0,0.14252493686333356
37.0,727.0,0.1309668571762851
37.0,728.0,0.11985051469879292
37.0,729.0,0.10913844347420835
37.0,730.0,0.09879457974960541
37.0,731.0,0.08878404197089494
37.0,732.0,0.07907310646208011
37.0,733.0,0.06962901096404844
37.0,734.0,0.06041992131998951
37.0,735.0,0.051414757142915296
37.0,736.0,0.04258314805016167
37.0,737.0,0.033895280108512164
37.0,738.0,0.025321840233358813
37.0,739.0,0.016833882108825533
37.0,740.0,0.008402757424235376
37.0,741.0,0.0
38.0,0.0,0.0
38.0,1.0,0.0029663417165127874
38.0,2.0,0.005942699933542821
38.0,3.0,0.008939123173486477
38.0,4.0,0.01196573006914895
38.0,5.0,0.015032735760197044
38.0,6.0,0.018150496489539352
38.0,7.0,0.021329530820865725
38.0,8.0,0.024580571189308068
38.0,9.0,0.027914580397166718
38.0,10.0,0.03134281057578005
38.0,11.0,0.034876815432478864
38.0,12.0,0.03852851709639213
38.0,13.0,0.04231021461103657
38.0,14.0,0.046234659157931554
38.0,15.0,0.05031505931610145
38.0,16.0,0.05456516518391265
38.0,17.0,0.05899927095921271
38.0,18.0,0.06363230851177089
38.0,19.0,0.06847984787584872
38.0,20.0,0.07355820086301956
38.0,21.0,0.07888442010265626
38.0,22.0,0.08447641332765829
38.0,23.0,0.0903529416475638
38.0,24.0,0.09653374518765169
38.0,25.0,0.10303954133391649
38.0,26.0,0.10989216245880377
38.0,27.0,0.11711455493671077
38.0,28.0,0.12473092974669507
38.0,29.0,0.13276676312079003
38.0,30.0,0.1412489608745115
38.0,31.0,0.15020586161703092
38.0,32.0,0.15966741572286233
38.0,33.0,0.16966519210122127
38.0,34.0,0.1802325727849686
38.0,35.0,0.19140476432400108
38.0,36.0,0.20321900902761594
38.0,37.0,0.2157146021102958
38.0,38.0,0.2289331206773194
38.0,39.0,0.2429184478063511
38.0,40.0,0.2577170204081318
38.0,41.0,0.2733778614677778
38.0,42.0,0.28995284793567383
38.0,43.0,0.3074967523701482
38.0,44.0,0.3260675320088132
38.0,45.0,0.3457263810384357
38.0,46.0,0.36653804195143075
38.0,47.0,0.38857086960496107
38.0,48.0,0.4118971658647184
38.0,49.0,0.43659325648487535
38.0,50.0,0.4627398498604152
38.0,51.0,0.4904221275383724
38.0,52.0,0.5197301276134513
38.0,53.0,0.5507588493381006
38.0,54.0,0.5836086612691488
38.0,55.0,0.6183854199404827
38.0,56.0,0.6552009022570103
38.0,57.0,0.6941729374799505
38.0,58.0,0.7354258625139427
38.0,59.0,0.7790906654704844
38.0,60.0,0.8253054613373082
38.0,61.0,0.874215644056394
38.0,62.0,0.9259743785208264
38.0,63.0,0.9807427563417243
38.0,64.0,1.0386902980910042
38.0,65.0,1.0999951056335482
38.0,66.0,1.1648443659147785
38.0,67.0,1.233434489784273
38.0,68.0,1.30597160529347
38.0,69.0,1.3826716692097294
38.0,70.0,1.4637609336153632
38.0,71.0,1.5494760116817452
38.0,72.0,1.6400642962264673
38.0,73.0,1.735783955675999
38.0,74.0,1.8369042770501165
38.0,75.0,1.9437055613201404
38.0,76.0,2.0564793560141363
38.0,77.0,2.1755282113866303
38.0,78.0,2.3011657595446593
38.0,79.0,2.43371628413004
38.0,80.0,2.5735145937960175
38.0,81.0,2.720905348822329
38.0,82.0,2.8762426674242243
38.0,83.0,3.039889143541883
38.0,84.0,3.2122151157049594
38.0,85.0,3.3935973022585455
38.0,86.0,3.5844176556965373
38.0,87.0,3.7850615364590916
38.0,88.0,3.995916072761522
38.0,89.0,4.2173677941415635
38.0,90.0,4.449800420522777
38.0,91.0,4.69359188493563
38.0,92.0,4.949111489233375
38.0,93.0,5.216716265517339
38.0,94.0,5.496747463439655
38.0,95.0,5.789526235795051
38.0,96.0,6.095349467592287
38.0,97.0,6.414484826634827
38.0,98.0,6.74716601055427
38.0,99.0,7.09358728011378
38.0,100.0,7.453898287987321
38.0,101.0,7.828198310041162
38.0,102.0,8.21653092563352
38.0,103.0,8.618878274358217
38.0,104.0,9.035155972950365
38.0,105.0,9.46520783928518
38.0,106.0,9.90880153920793
38.0,107.0,10.365624315790155
38.0,108.0,10.835279936875896
38.0,109.0,11.317286019165767
38.0,110.0,11.811072865636616
38.0,111.0,12.315982952287037
38.0,112.0,12.831272176788287
38.0,113.0,13.356111957516681
38.0,114.0,13.889593244062862
38.0,115.0,14.430731455668955
38.0,116.0,14.978473333983482
38.0,117.0,15.531704637671812
38.0,118.0,16.089259578498154
38.0,119.0,16.64993083495647
38.0,120.0,17.212480961025236
38.0,121.0,17.775653950350183
38.0,122.0,18.33818771448605
38.0,123.0,18.898826192480286
38.0,124.0,19.456331828918852
38.0,125.0,20.009497137797183
38.0,126.0,20.557156110686027
38.0,127.0,21.098194229733807
38.0,128.0,21.63155790276315
38.0,129.0,22.156262156926193
38.0,130.0,22.671397490071634
38.0,131.0,23.176134807885454
38.0,132.0,23.669729432601816
38.0,133.0,24.15152320037832
38.0,134.0,24.62094570772775
38.0,135.0,25.077513796221783
38.0,136.0,25.520830387258503
38.0,137.0,25.950581803691563
38.0,138.0,26.366534714277634
38.0,139.0,26.768531860032102
38.0,140.0,27.156487697498797
38.0,141.0,27.53038311936662
38.0,142.0,27.89026036733826
38.0,143.0,28.23621728497123
38.0,144.0,28.568401993448877
38.0,145.0,28.887007118398238
38.0,146.0,29.19226461363578
38.0,147.0,29.484440289405185
38.0,148.0,29.763829053862665
38.0,149.0,30.03074995795062
38.0,150.0,30.285542018402275
38.0,151.0,30.528559896949965
38.0,152.0,30.760170381047097
38.0,153.0,30.98074873820606
38.0,154.0,31.190675864637004
38.0,155.0,31.390335300162658
38.0,156.0,31.580111009744066
38.0,157.0,31.760385008506034
38.0,158.0,31.93153571362879
38.0,159.0,32.09393610893737
38.0,160.0,32.24795259099309
38.0,161.0,32.393943594490416
38.0,162.0,32.532258852714946
38.0,163.0,32.66323840499602
38.0,164.0,32.78721219464339
38.0,165.0,32.90449938489481
38.0,166.0,33.01540822432899
38.0,167.0,33.12023560580896
38.0,168.0,33.21926713822388
38.0,169.0,33.31277689221168
38.0,170.0,33.40102762655076
38.0,171.0,33.484270673856216
38.0,172.0,33.562746279160315
38.0,173.0,33.63668358765048
38.0,174.0,33.70630106144859
38.0,175.0,33.77180653943956
38.0,176.0,33.833397705744076
38.0,177.0,33.89126219862823
38.0,178.0,33.94557811058992
38.0,179.0,33.99651412922742
38.0,180.0,34.04423005425407
38.0,181.0,34.08887695809578
38.0,182.0,34.13059770959054
38.0,183.0,34.169527146071424
38.0,184.0,34.2057925970925
38.0,185.0,34.239514062928784
38.0,186.0,34.2708047344848
38.0,187.0,34.29977117558474
38.0,188.0,34.32651383732969
38.0,189.0,34.35112724330887
38.0,190.0,34.37370049810998
38.0,191.0,34.39431747567252
38.0,192.0,34.41305732242189
38.0,193.0,34.42999464939244
38.0,194.0,34.4452000305204
38.0,195.0,34.458740198847735
38.0,196.0,34.4706785398276
38.0,197.0,34.48107529083831
38.0,198.0,34.4899880278958
38.0,199.0,34.49747186584818
38.0,200.0,34.5035799346732
38.0,201.0,34.50836357515451
38.0,202.0,34.511872798093755
38.0,203.0,34.51415646718891
38.0,204.0,34.51526273129762
38.0,205.0,34.51523918303075
38.0,206.0,34.51413325115533
38.0,207.0,34.51199232067819
38.0,208.0,34.508864070266334
38.0,209.0,34.50479653809882
38.0,210.0,34.499838388631886
38.0,211.0,34.494038909071755
38.0,212.0,34.48744819170407
38.0,213.0,34.48011704915622
38.0,214.0,34.47209710333148
38.0,215.0,34.463440613916056
38.0,216.0,34.45420047261545
38.0,217.0,34.44442994815361
38.0,218.0,34.434182594135414
38.0,219.0,34.42351192382116
38.0,220.0,34.412471249920635
38.0,221.0,34.40111331181632
38.0,222.0,34.38949007388557
38.0,223.0,34.377652334535085
38.0,224.0,34.365649514340106
38.0,225.0,34.35352927863895
38.0,226.0,34.34133734671646
38.0,227.0,34.32911715718575
38.0,228.0,34.31690972462851
38.0,229.0,34.30475337016716
38.0,230.0,34.29268364356265
38.0,231.0,34.28073313185722
38.0,232.0,34.26893145483106
38.0,233.0,34.25730515443122
38.0,234.0,34.2458777617481
38.0,235.0,34.234669761030915
38.0,236.0,34.22369871858192
38.0,237.0,34.21297930875779
38.0,238.0,34.20252349026302
38.0,239.0,34.192340578119726
38.0,240.0,34.18243745087029
38.0,241.0,34.17281865184113
38.0,242.0,34.16348661125864
38.0,243.0,34.15444176157481
38.0,244.0,34.14568276068639
38.0,245.0,34.1372066088119
38.0,246.0,34.12900886207303
38.0,247.0,34.1210837416553
38.0,248.0,34.113424330285994
38.0,249.0,34.10602266759878
38.0,250.0,34.098869925055645
38.0,251.0,34.0919564842085
38.0,252.0,34.085272088105164
38.0,253.0,34.07880590133073
38.0,254.0,34.07254663781911
38.0,255.0,34.06648260313724
38.0,256.0,34.06060179991912
38.0,257.0,34.05489195388907
38.0,258.0,34.04934059893187
38.0,259.0,34.04393508894154
38.0,260.0,34.03866266495277
38.0,261.0,34.03351045516417
38.0,262.0,34.02846552669523
38.0,263.0,34.02351487617498
38.0,264.0,34.01864546865348
38.0,265.0,34.013844221057596
38.0,266.0,34.0090980306572
38.0,267.0,34.00439375353817
38.0,268.0,33.999718224859855
38.0,269.0,33.995058234333115
38.0,270.0,33.99040054034981
38.0,271.0,33.985731844314735
38.0,272.0,33.98103880060833
38.0,273.0,33.976307991528145
38.0,274.0,33.971525934979
38.0,275.0,33.966679061744536
38.0,276.0,33.96175372279264
38.0,277.0,33.95673617062399
38.0,278.0,33.95161256813492
38.0,279.0,33.946368975873874
38.0,280.0,33.940991364510865
38.0,281.0,33.93546560996211
38.0,282.0,33.92977751165805
38.0,283.0,33.92391279764891
38.0,284.0,33.917857151013344
38.0,285.0,33.91159622719833
38.0,286.0,33.905115691025756
38.0,287.0,33.89840124859784
38.0,288.0,33.89143869737922
38.0,289.0,33.88421397494468
38.0,290.0,33.876713224459785
38.0,291.0,33.86892286227154
38.0,292.0,33.86082966068252
38.0,293.0,33.85242083577951
38.0,294.0,33.84368414858186
38.0,295.0,33.83460801345296
38.0,296.0,33.82518161738955
38.0,297.0,33.81539504776171
38.0,298.0,33.80523942760749
38.0,299.0,33.7947070592366
38.0,300.0,33.78379157088039
38.0,301.0,33.772488069897925
38.0,302.0,33.760793293093904
38.0,303.0,33.7487057600519
38.0,304.0,33.73622591613131
38.0,305.0,33.72335627318033
38.0,306.0,33.71010153112545
38.0,307.0,33.69646869056288
38.0,308.0,33.68246713663609
38.0,309.0,33.66810870652647
38.0,310.0,33.653407718786156
38.0,311.0,33.6383809793651
38.0,312.0,33.62304774150039
38.0,313.0,33.607429637289584
38.0,314.0,33.59155055811239
38.0,315.0,33.57543650511268
38.0,316.0,33.55911538784624
38.0,317.0,33.54261679589549
38.0,318.0,33.525971723127654
38.0,319.0,33.50921227277233
38.0,320.0,33.49237132472022
38.0,321.0,33.475482195852855
38.0,322.0,33.45857827616582
38.0,323.0,33.44169267289463
38.0,324.0,33.4248578459988
38.0,325.0,33.40810526707553
38.0,326.0,33.39146508473578
38.0,327.0,33.37496582683244
38.0,328.0,33.3586341214971
38.0,329.0,33.342494464437316
38.0,330.0,33.32656901303898
38.0,331.0,33.310877431010994
38.0,332.0,33.29543676290284
38.0,333.0,33.28026135825248
38.0,334.0,33.26536282416863
38.0,335.0,33.25075002226021
38.0,336.0,33.23642908920666
38.0,337.0,33.2224034933801
38.0,338.0,33.20867410844516
38.0,339.0,33.19523931319891
38.0,340.0,33.18209510130256
38.0,341.0,33.16923520723654
38.0,342.0,33.156651235792154
38.0,343.0,33.14433279850921
38.0,344.0,33.132267648774324
38.0,345.0,33.12044181585899
38.0,346.0,33.108839734574815
38.0,347.0,33.097444367304284
38.0,348.0,33.08623732047736
38.0,349.0,33.075198948212076
38.0,350.0,33.06430845093619
38.0,351.0,33.05354395707228
38.0,352.0,33.04288260167723
38.0,353.0,33.03230058485286
38.0,354.0,33.021773230228916
38.0,355.0,33.011275020434134
38.0,356.0,33.00077963663438
38.0,357.0,32.9902599725285
38.0,358.0,32.979688157067386
38.0,359.0,32.96903554915478
38.0,360.0,32.958272746236005
38.0,361.0,32.947369562310854
38.0,362.0,32.93629502541444
38.0,363.0,32.92501734180433
38.0,364.0,32.91350388557068
38.0,365.0,32.90172115204403
38.0,366.0,32.88963474295978
38.0,367.0,32.87720931232987
38.0,368.0,32.86440855082108
38.0,369.0,32.85119512760846
38.0,370.0,32.83753067796537
38.0,371.0,32.82337574501745
38.0,372.0,32.808689775026814
38.0,373.0,32.793431063528544
38.0,374.0,32.7775567634487
38.0,375.0,32.761022840850316
38.0,376.0,32.743784101868144
38.0,377.0,32.725794164220524
38.0,378.0,32.70700550996413
38.0,379.0,32.68736948002214
38.0,380.0,32.66683636092472
38.0,381.0,32.64535541080927
38.0,382.0,32.62287498954309
38.0,383.0,32.599342625870044
38.0,384.0,32.57470520148372
38.0,385.0,32.54890907006598
38.0,386.0,32.52190030679479
38.0,387.0,32.49362489070469
38.0,388.0,32.46402903148679
38.0,389.0,32.43305942656572
38.0,390.0,32.4006636764958
38.0,391.0,32.366790626956124
38.0,392.0,32.331390882083205
38.0,393.0,32.29441723871185
38.0,394.0,32.25582530305498
38.0,395.0,32.215574019394424
38.0,396.0,32.17362638906531
38.0,397.0,32.12995008791198
38.0,398.0,32.084518277123344
38.0,399.0,32.037310292809664
38.0,400.0,31.988312525749166
38.0,401.0,31.93751915254614
38.0,402.0,31.884933046240725
38.0,403.0,31.83056650252027
38.0,404.0,31.77444212671118
38.0,405.0,31.716593492236875
38.0,406.0,31.65706593409504
38.0,407.0,31.59591706307039
38.0,408.0,31.53321738478533
38.0,409.0,31.469050585875507
38.0,410.0,31.403513895137223
38.0,411.0,31.336718061053276
38.0,412.0,31.268787381311967
38.0,413.0,31.199859308039994
38.0,414.0,31.130084096430636
38.0,415.0,31.05962400591833
38.0,416.0,30.988652557339446
38.0,417.0,30.91735334271849
38.0,418.0,30.845918928944883
38.0,419.0,30.77454933950999
38.0,420.0,30.70345069302695
38.0,421.0,30.632833467706686
38.0,422.0,30.56291100494189
38.0,423.0,30.49389770124957
38.0,424.0,30.42600753103706
38.0,425.0,30.35945232315585
38.0,426.0,30.294440457086694
38.0,427.0,30.23117536911477
38.0,428.0,30.169854552511605
38.0,429.0,30.110668404682748
38.0,430.0,30.053799620264698
38.0,431.0,29.999422443423324
38.0,432.0,29.94770249266912
38.0,433.0,29.898796432084264
38.0,434.0,29.852852218318553
38.0,435.0,29.81000916034452
38.0,436.0,29.770398540615243
38.0,437.0,29.73414400130784
38.0,438.0,29.701362467343905
38.0,439.0,29.672164780324206
38.0,440.0,29.646656841511266
38.0,441.0,29.624940411651178
38.0,442.0,29.607114394686015
38.0,443.0,29.59327572907641
38.0,444.0,29.583520744064426
38.0,445.0,29.577946081835748
38.0,446.0,29.576650073515896
38.0,447.0,29.57973364772211
38.0,448.0,29.587301689731135
38.0,449.0,29.59946390774706
38.0,450.0,29.61633615344057
38.0,451.0,29.638041230746644
38.0,452.0,29.664710167889982
38.0,453.0,29.696482963818674
38.0,454.0,29.733509810372688
38.0,455.0,29.77595177834118
38.0,456.0,29.82398199362663
38.0,457.0,29.87778626858679
38.0,458.0,29.93756423821698
38.0,459.0,30.003529943292474
38.0,460.0,30.075912932153983
38.0,461.0,30.154958800616487
38.0,462.0,30.240930262284213
38.0,463.0,30.334107646578982
38.0,464.0,30.434789935915212
38.0,465.0,30.543295217745385
38.0,466.0,30.659961680549305
38.0,467.0,30.785148008588777
38.0,468.0,30.919234320540763
38.0,469.0,31.062622486676457
38.0,470.0,31.215736984029107
38.0,471.0,31.37902510486398
38.0,472.0,31.552957690395736
38.0,473.0,31.738029186565118
38.0,474.0,31.934758204388157
38.0,475.0,32.14368736411238
38.0,476.0,32.36538361425344
38.0,477.0,32.60043778821106
38.0,478.0,32.84946459608244
38.0,479.0,33.113101799077526
38.0,480.0,33.392009768782934
38.0,481.0,33.68687016495342
38.0,482.0,33.99838493704869
38.0,483.0,34.327274371551745
38.0,484.0,34.67427539208014
38.0,485.0,35.04013882553081
38.0,486.0,35.42562684265542
38.0,487.0,35.831509281437405
38.0,488.0,36.258560063762125
38.0,489.0,36.70755241424778
38.0,490.0,37.179254096023094
38.0,491.0,37.67442137998118
38.0,492.0,38.19379297061484
38.0,493.0,38.73808262185358
38.0,494.0,39.30797168035016
38.0,495.0,39.9041003178417
38.0,496.0,40.52705871222991
38.0,497.0,41.177376980179325
38.0,498.0,41.85551515201926
38.0,499.0,42.56185204641576
38.0,500.0,43.29667437521556
38.0,501.0,44.06016500256069
38.0,502.0,44.852391733748675
38.0,503.0,45.67329563195208
38.0,504.0,46.522680282301806
38.0,505.0,47.40020107444839
38.0,506.0,48.305355955647876
38.0,507.0,49.237476785241476
38.0,508.0,50.195722749819566
38.0,509.0,51.17907500169877
38.0,510.0,52.18633394693715
38.0,511.0,53.21611833508459
38.0,512.0,54.26686749126144
38.0,513.0,55.336845781191606
38.0,514.0,56.424150507243496
38.0,515.0,57.526722214920106
38.0,516.0,58.642358416734766
38.0,517.0,59.76872956778265
38.0,518.0,60.90339808320876
38.0,519.0,62.043839082289686
38.0,520.0,63.187463441554804
38.0,521.0,64.33164172510162
38.0,522.0,65.47372941351527
38.0,523.0,66.61109195109653
38.0,524.0,67.74112994806794
38.0,525.0,68.861303098388
38.0,526.0,69.96915315257067
38.0,527.0,71.06232463640636
38.0,528.0,72.13858373405603
38.0,529.0,73.19583422468841
38.0,530.0,74.23213101710736
38.0,531.0,75.24569040267001
38.0,532.0,76.2348977060915
38.0,533.0,77.19831168086404
38.0,534.0,78.13466643869954
38.0,535.0,79.04287045189382
38.0,536.0,79.92200347961453
38.0,537.0,80.77131109918854
38.0,538.0,81.59019769850433
38.0,539.0,82.37821770120016
38.0,540.0,83.13506583380237
38.0,541.0,83.86056625437843
38.0,542.0,84.5546612651864
38.0,543.0,85.21739944820982
38.0,544.0,85.84892383473445
38.0,545.0,86.4494599532982
38.0,546.0,87.01930424509341
38.0,547.0,87.55881269488502
38.0,548.0,88.06839004422137
38.0,549.0,88.54847944536407
38.0,550.0,88.99955280677179
38.0,551.0,89.4221017100899
38.0,552.0,89.81662904300866
38.0,553.0,90.18364126211063
38.0,554.0,90.52364133363388
38.0,555.0,90.83712231252
38.0,556.0,91.12456152028433
38.0,557.0,91.38641533871791
38.0,558.0,91.6231144998972
38.0,559.0,91.83505995443336
38.0,560.0,92.02261912382446
38.0,561.0,92.1861226899696
38.0,562.0,92.32586165684694
38.0,563.0,92.44208491294465
38.0,564.0,92.53499696098291
38.0,565.0,92.60475612201596
38.0,566.0,92.65147281341646
38.0,567.0,92.67520828823498
38.0,568.0,92.67597336921384
38.0,569.0,92.6537276465108
38.0,570.0,92.60837860667216
38.0,571.0,92.53978124413564
38.0,572.0,92.44773755742729
38.0,573.0,92.33199656389307
38.0,574.0,92.19225417013067
38.0,575.0,92.02815361461981
38.0,576.0,91.8392857551612
38.0,577.0,91.62519000015224
38.0,578.0,91.38535509223645
38.0,579.0,91.11922062546381
38.0,580.0,90.82617844083785
38.0,581.0,90.5055748626292
38.0,582.0,90.15671285680881
38.0,583.0,89.7788551536642
38.0,584.0,89.37122735199573
38.0,585.0,88.93302212404065
38.0,586.0,88.46340347316064
38.0,587.0,87.96151223644404
38.0,588.0,87.426471716035
38.0,589.0,86.85739469827337
38.0,590.0,86.25339067139117
38.0,591.0,85.61357455921241
38.0,592.0,84.9370757012437
38.0,593.0,84.22304844352284
38.0,594.0,83.47068298026645
38.0,595.0,82.67921784324889
38.0,596.0,81.84795257615289
38.0,597.0,80.97626200671247
38.0,598.0,80.06361053719031
38.0,599.0,79.10956786446314
38.0,600.0,78.11382442038293
38.0,601.0,77.07620792679216
38.0,602.0,75.99669921706918
38.0,603.0,74.875448692661
38.0,604.0,73.71279142786531
38.0,605.0,72.50926226798806
38.0,606.0,71.26560881027281
38.0,607.0,69.98280360892353
38.0,608.0,68.66205340374785
38.0,609.0,67.30480674989506
38.0,610.0,65.91275781325831
38.0,611.0,64.48784780478303
38.0,612.0,63.03226185529567
38.0,613.0,61.54842297184393
38.0,614.0,60.038980992307835
38.0,615.0,58.50679841681851
38.0,616.0,56.95493121449199
38.0,617.0,55.38660676952677
38.0,618.0,53.80519728170919
38.0,619.0,52.21419107783213
38.0,620.0,50.61716035244234
38.0,621.0,49.017728041678424
38.0,622.0,47.41953248639923
38.0,623.0,45.82619274161902
38.0,624.0,44.24127321973116
38.0,625.0,42.66825055417759
38.0,626.0,41.110481280361185
38.0,627.0,39.571173126452194
38.0,628.0,38.05335831376717
38.0,629.0,36.55987147126164
38.0,630.0,35.093330301247065
38.0,631.0,33.656121367394356
38.0,632.0,32.25038886660663
38.0,633.0,30.878028529054145
38.0,634.0,29.5406842674893
38.0,635.0,28.239749541030083
38.0,636.0,26.976370881010812
38.0,637.0,25.75145543441267
38.0,638.0,24.565679877469826
38.0,639.0,23.419502516832907
38.0,640.0,22.313175908372585
38.0,641.0,21.246761831988916
38.0,642.0,20.220145985467177
38.0,643.0,19.233054296122717
38.0,644.0,18.28506828086387
38.0,645.0,17.37564143269127
38.0,646.0,16.50411414731003
38.0,647.0,15.66972924905036
38.0,648.0,14.871645713787718
38.0,649.0,14.108952719461659
38.0,650.0,13.380681697853635
38.0,651.0,12.685818573475114
38.0,652.0,12.023313926975439
38.0,653.0,11.392093305883012
38.0,654.0,10.791065470987272
38.0,655.0,10.219130820558005
38.0,656.0,9.675187820294491
38.0,657.0,9.158139685283894
38.0,658.0,8.66689917270214
38.0,659.0,8.200393723195628
38.0,660.0,7.757568834576871
38.0,661.0,7.337391887852374
38.0,662.0,6.938854330740282
38.0,663.0,6.560974413673298
38.0,664.0,6.20279840369792
38.0,665.0,5.86340244111643
38.0,666.0,5.5418929848520335
38.0,667.0,5.23740797758238
38.0,668.0,4.949116698613169
38.0,669.0,4.676220399119484
38.0,670.0,4.417951711846178
38.0,671.0,4.173574891546943
38.0,672.0,3.9423849049
38.0,673.0,3.723707386327219
38.0,674.0,3.5168975078046913
38.0,675.0,3.32133973797708
38.0,676.0,3.1364465707425753
38.0,677.0,2.961658156367962
38.0,678.0,2.7964409500367453
38.0,679.0,2.640287267548655
38.0,680.0,2.492713900339046
38.0,681.0,2.353261635116378
38.0,682.0,2.2214938699246543
38.0,683.0,2.0969961264207515
38.0,684.0,1.9793746920174498
38.0,685.0,1.8682561450719344
38.0,686.0,1.7632860406534598
38.0,687.0,1.6641284623476105
38.0,688.0,1.5704647633931375
38.0,689.0,1.481993153771702
38.0,690.0,1.3984275040390166
38.0,691.0,1.3194969725725492
38.0,692.0,1.2449448761093778
38.0,693.0,1.1745283592122893
38.0,694.0,1.108017333089244
38.0,695.0,1.0451941873001356
38.0,696.0,0.9858527966786553
38.0,697.0,0.9297982738641407
38.0,698.0,0.8768460429196842
38.0,699.0,0.8268216302956726
38.0,700.0,0.7795598029126914
38.0,701.0,0.7349043945335549
38.0,702.0,0.6927075055563571
38.0,703.0,0.6528293614016067
38.0,704.0,0.6151375709615099
38.0,705.0,0.5795070134292146
38.0,706.0,0.5458191522142988
38.0,707.0,0.5139619465986809
38.0,708.0,0.48382921790853256
38.0,709.0,0.455320582435157
38.0,710.0,0.42834086671443905
38.0,711.0,0.40280005826982784
38.0,712.0,0.3786127669649742
38.0,713.0,0.35569819028649546
38.0,714.0,0.3339796178834245
38.0,715.0,0.31338440829228
38.0,716.0,0.2938435339434217
38.0,717.0,0.27529156642731323
38.0,718.0,0.2576662594219255
38.0,719.0,0.24090853979771237
38.0,720.0,0.22496212609397498
38.0,721.0,0.20977352295439455
38.0,722.0,0.19529167294822708
38.0,723.0,0.18146795201368285
38.0,724.0,0.16825585257815456
38.0,725.0,0.15561097786021752
38.0,726.0,0.14349075438926642
38.0,727.0,0.13185442317645588
38.0,728.0,0.12066277986651122
38.0,729.0,0.10987816093234423
38.0,730.0,0.09946420980945866
38.0,731.0,0.08938585639761819
38.0,732.0,0.07960910763068671
38.0,733.0,0.07010101868134053
38.0,734.0,0.06082950650616647
38.0,735.0,0.051763311245985634
38.0,736.0,0.042871831357567974
38.0,737.0,0.0341250737828058
38.0,738.0,0.02549350933458355
38.0,739.0,0.01694801027301195
38.0,740.0,0.00845972465394772
38.0,741.0,0.0
39.0,0.0,0.0
39.0,1.0,0.002981367396100383
39.0,2.0,0.005972801113522534
39.0,3.0,0.008984402647532504
39.0,4.0,0.012026337965213576
39.0,5.0,0.0151088789980117
39.0,6.0,0.01824242750872966
39.0,7.0,0.0214375633478057
39.0,8.0,0.02470506334257096
39.0,9.0,0.028055956770261476
39.0,10.0,0.03150153973596091
39.0,11.0,0.035053438328502
39.0,12.0,0.038723618972188734
39.0,13.0,0.04252445975022369
39.0,14.0,0.046468757239440536
39.0,15.0,0.05056980650974182
39.0,16.0,0.05484140498074527
39.0,17.0,0.059297941634968244
39.0,18.0,0.06395439847055387
39.0,19.0,0.06882644950060249
39.0,20.0,0.07393046041701086
39.0,21.0,0.07928359798838304
39.0,22.0,0.0849038285964307
39.0,23.0,0.09081003869016377
39.0,24.0,0.09702203290809218
39.0,25.0,0.10356066629663141
39.0,26.0,0.11044784278817833
39.0,27.0,0.11770665994639931
39.0,28.0,0.12536140863154718
39.0,29.0,0.13343773109377657
39.0,30.0,0.14196262272191193
39.0,31.0,0.150964604367011
39.0,32.0,0.16047372713780686
39.0,33.0,0.1705217598987363
39.0,34.0,0.18114219814246318
39.0,35.0,0.19237046766710272
39.0,36.0,0.20424393862075158
39.0,37.0,0.2168021464183142
39.0,38.0,0.2300868121108821
39.0,39.0,0.2441420816487807
39.0,40.0,0.2590145537745667
39.0,41.0,0.27475353876939534
39.0,42.0,0.2914110950950726
39.0,43.0,0.3090423087671794
39.0,44.0,0.32770533996932344
39.0,45.0,0.34746172416749044
39.0,46.0,0.368376429875574
39.0,47.0,0.3905181825464879
39.0,48.0,0.41395953456545176
39.0,49.0,0.43877721280539383
39.0,50.0,0.4650522017416179
39.0,51.0,0.4928701153173225
39.0,52.0,0.5223212937822818
39.0,53.0,0.553501200147448
39.0,54.0,0.5865105309157088
39.0,55.0,0.6214556368727534
39.0,56.0,0.6584486472552848
39.0,57.0,0.6976079138789213
39.0,58.0,0.7390581474231599
39.0,59.0,0.7829308828748253
39.0,60.0,0.8293646254319772
39.0,61.0,0.8785053338690352
39.0,62.0,0.9305065719924983
39.0,63.0,0.9855300047231047
39.0,64.0,1.0437455489793204
39.0,65.0,1.1053318749205545
39.0,66.0,1.1704765474812477
39.0,67.0,1.2393765222130297
39.0,68.0,1.3122382653242286
39.0,69.0,1.3892782297766175
39.0,70.0,1.4707229374806565
39.0,71.0,1.5568094166254276
39.0,72.0,1.647785224527137
39.0,73.0,1.7439088214995293
39.0,74.0,1.8454495066715164
39.0,75.0,1.9526876969861806
39.0,76.0,2.0659147410761105
39.0,77.0,2.185433064244193
39.0,78.0,2.3115558173074473
39.0,79.0,2.44460683983692
39.0,80.0,2.584920092025903
39.0,81.0,2.7328393794433863
39.0,82.0,2.888717506989375
39.0,83.0,3.052915699656856
39.0,84.0,3.2258024094159072
39.0,85.0,3.4077523591231706
39.0,86.0,3.599144927126861
39.0,87.0,3.800362737196636
39.0,88.0,4.011789543760501
39.0,89.0,4.233808291876473
39.0,90.0,4.466798430958545
39.0,91.0,4.711133378358898
39.0,92.0,4.967177204494185
39.0,93.0,5.235281455075553
39.0,94.0,5.51578117938463
39.0,95.0,5.808991103281024
39.0,96.0,6.11520101855635
39.0,97.0,6.4346713547525916
39.0,98.0,6.767628013582474
39.0,99.0,7.114257463868389
39.0,100.0,7.474701191159839
39.0,101.0,7.849050535174096
39.0,102.0,8.237341027171475
39.0,103.0,8.639547296703993
39.0,104.0,9.055577678556036
39.0,105.0,9.485269622598949
39.0,106.0,9.928385051930281
39.0,107.0,10.384606796581307
39.0,108.0,10.853535252269703
39.0,109.0,11.334686400668222
39.0,110.0,11.827490327719108
39.0,111.0,12.331291364130754
39.0,112.0,12.845348949467772
39.0,113.0,13.368840306562227
39.0,114.0,13.900863968978468
39.0,115.0,14.440445187024313
39.0,116.0,14.986542177087598
39.0,117.0,15.538054162203391
39.0,118.0,16.093830082008132
39.0,119.0,16.65267883939597
39.0,120.0,17.213379882180284
39.0,121.0,17.774694920055417
39.0,122.0,18.33537951864319
39.0,123.0,18.89419533276464
39.0,124.0,19.449921700330336
39.0,125.0,20.00136735890846
39.0,126.0,20.547381026915303
39.0,127.0,21.086861649481904
39.0,128.0,21.61876710761497
39.0,129.0,22.142122257573696
39.0,130.0,22.656025179078576
39.0,131.0,23.15965257972459
39.0,132.0,23.652263320966814
39.0,133.0,24.1332010905168
39.0,134.0,24.601895264580318
39.0,135.0,25.05786104591121
39.0,136.0,25.500697979874182
39.0,137.0,25.93008797182996
39.0,138.0,26.345791943206606
39.0,139.0,26.74764626186884
39.0,140.0,27.135558097111982
39.0,141.0,27.509500825708802
39.0,142.0,27.8695086352038
39.0,143.0,28.215671426369855
39.0,144.0,28.548129146396466
39.0,145.0,28.867066621540552
39.0,146.0,29.172708001975966
39.0,147.0,29.465311851433665
39.0,148.0,29.745165976233633
39.0,149.0,30.012582991289573
39.0,150.0,30.267895703417317
39.0,151.0,30.511453278015093
39.0,152.0,30.743617260606534
39.0,153.0,30.964758392242246
39.0,154.0,31.175253287185914
39.0,155.0,31.375481889195285
39.0,156.0,31.565824777096406
39.0,157.0,31.74666121703188
39.0,158.0,31.918367038852992
39.0,159.0,32.081313217984516
39.0,160.0,32.23586425054192
39.0,161.0,32.382377188954855
39.0,162.0,32.52120043881309
39.0,163.0,32.65267317129496
39.0,164.0,32.77712446668359
39.0,165.0,32.894873030980776
39.0,166.0,33.00622661715806
39.0,167.0,33.11148198077958
39.0,168.0,33.210924518367726
39.0,169.0,33.30482840572674
39.0,170.0,33.39345640191385
39.0,171.0,33.47706012311302
39.0,172.0,33.555879969702104
39.0,173.0,33.630145497265175
39.0,174.0,33.70007543259826
39.0,175.0,33.76587811137652
39.0,176.0,33.827751556372526
39.0,177.0,33.88588395823558
39.0,178.0,33.940453795609315
39.0,179.0,33.991630341397915
39.0,180.0,34.039573809872714
39.0,181.0,34.08443587573582
39.0,182.0,34.12635983776435
39.0,183.0,34.16548114201512
39.0,184.0,34.20192755515512
39.0,185.0,34.2358196863683
39.0,186.0,34.26727116634364
39.0,187.0,34.29638916491892
39.0,188.0,34.32327457380556
39.0,189.0,34.34802251878257
39.0,190.0,34.37072254566208
39.0,191.0,34.391459126946806
39.0,192.0,34.41031185128369
39.0,193.0,34.42735592490734
39.0,194.0,34.44266236486785
39.0,195.0,34.45629849526933
39.0,196.0,34.46832814385741
39.0,197.0,34.47881213199645
39.0,198.0,34.48780847274537
39.0,199.0,34.49537285170437
39.0,200.0,34.50155882253319
39.0,201.0,34.50641827332292
39.0,202.0,34.5100016127626
39.0,203.0,34.51235821376943
39.0,204.0,34.51353658048614
39.0,205.0,34.51358475792367
39.0,206.0,34.512550467158434
39.0,207.0,34.51048146728463
39.0,208.0,34.507425644240755
39.0,209.0,34.503431310161226
39.0,210.0,34.49854723095665
39.0,211.0,34.49282284895114
39.0,212.0,34.486308236366604
39.0,213.0,34.479054230510776
39.0,214.0,34.47111230506876
39.0,215.0,34.462534613218594
39.0,216.0,34.45337377596451
39.0,217.0,34.44368283691249
39.0,218.0,34.4335149759404
39.0,219.0,34.42292338876815
39.0,220.0,34.41196094354549
39.0,221.0,34.40068000706482
39.0,222.0,34.38913206949959
39.0,223.0,34.37736754527649
39.0,224.0,34.365435395503816
39.0,225.0,34.353382933714634
39.0,226.0,34.34125547545679
39.0,227.0,34.32909617680144
39.0,228.0,34.31694573612525
39.0,229.0,34.30484228698831
39.0,230.0,34.29282116935371
39.0,231.0,34.280914889606926
39.0,232.0,34.26915296904146
39.0,233.0,34.257561974274466
39.0,234.0,34.2461654416414
39.0,235.0,34.23498397279788
39.0,236.0,34.22403522621727
39.0,237.0,34.21333406655722
39.0,238.0,34.202892609595025
39.0,239.0,34.19272041047278
39.0,240.0,34.182824546289524
39.0,241.0,34.17320982747681
39.0,242.0,34.16387890250555
39.0,243.0,34.15483247781348
39.0,244.0,34.14606943099202
39.0,245.0,34.13758702714617
39.0,246.0,34.12938102975365
39.0,247.0,34.121445904373275
39.0,248.0,34.11377491946955
39.0,249.0,34.106360331437465
39.0,250.0,34.09919347059632
39.0,251.0,34.09226490420323
39.0,252.0,34.08556450527038
39.0,253.0,34.079081592411725
39.0,254.0,34.07280498102127
39.0,255.0,34.06672310039393
39.0,256.0,34.060824028124685
39.0,257.0,34.055095586011376
39.0,258.0,34.04952535937008
39.0,259.0,34.044100773857096
39.0,260.0,34.038809101848045
39.0,261.0,34.03363752261636
39.0,262.0,34.028573118099395
39.0,263.0,34.02360291894452
39.0,264.0,34.018713891981385
39.0,265.0,34.01389297458219
39.0,266.0,34.00912705605393
39.0,267.0,34.00440300262628
39.0,268.0,33.99970763483182
39.0,269.0,33.99502774528426
39.0,270.0,33.99035007397168
39.0,271.0,33.98566132085609
39.0,272.0,33.9809481208931
39.0,273.0,33.976197053393875
39.0,274.0,33.971394618522645
39.0,275.0,33.96652724532648
39.0,276.0,33.96158127145763
39.0,277.0,33.956542951799506
39.0,278.0,33.95139844321387
39.0,279.0,33.94613381576851
39.0,280.0,33.94073504441166
39.0,281.0,33.93518802492581
39.0,282.0,33.929478574564634
39.0,283.0,33.923592454995074
39.0,284.0,33.91751538406768
39.0,285.0,33.91123306812812
39.0,286.0,33.90473122718619
39.0,287.0,33.897995639028245
39.0,288.0,33.891012180041955
39.0,289.0,33.88376688347245
39.0,290.0,33.876245997970905
39.0,291.0,33.868436062020905
39.0,292.0,33.86032398181248
39.0,293.0,33.85189712321853
39.0,294.0,33.843143409744194
39.0,295.0,33.83405143234835
39.0,296.0,33.82461056687783
39.0,297.0,33.81481110041258
39.0,298.0,33.80464436569125
39.0,299.0,33.79410288046509
39.0,300.0,33.783180493948294
39.0,301.0,33.77187253293844
39.0,302.0,33.7601759523897
39.0,303.0,33.74808947898024
39.0,304.0,33.735613754777845
39.0,305.0,33.722751465871504
39.0,306.0,33.70950746524129
39.0,307.0,33.6958888715823
39.0,308.0,33.681905155548726
39.0,309.0,33.66756819269541
39.0,310.0,33.6528922969892
39.0,311.0,33.637894212619514
39.0,312.0,33.62259308074351
39.0,313.0,33.60701035834177
39.0,314.0,33.591169708976565
39.0,315.0,33.575096843036874
39.0,316.0,33.558819330686674
39.0,317.0,33.542366366260815
39.0,318.0,33.52576851071036
39.0,319.0,33.50905739237615
39.0,320.0,33.492265395593314
39.0,321.0,33.47542531884587
39.0,322.0,33.45857003391111
39.0,323.0,33.4417321286289
39.0,324.0,33.42494356533636
39.0,325.0,33.408235337738105
39.0,326.0,33.391637157372955
39.0,327.0,33.37517715180853
39.0,328.0,33.35888160349484
39.0,329.0,33.34277471026642
39.0,330.0,33.32687839320167
39.0,331.0,33.311212131629574
39.0,332.0,33.29579284724187
39.0,333.0,33.28063481632661
39.0,334.0,33.265749628234154
39.0,335.0,33.25114616913377
39.0,336.0,33.23683064552154
39.0,337.0,33.222806627620685
39.0,338.0,33.209075123792566
39.0,339.0,33.19563466827073
39.0,340.0,33.18248143025099
39.0,341.0,33.16960932981894
39.0,342.0,33.157010165762955
39.0,343.0,33.1446737447573
39.0,344.0,33.13258801387791
39.0,345.0,33.12073919059651
39.0,346.0,33.10911188883672
39.0,347.0,33.097689240407455
39.0,348.0,33.08645300657247
39.0,349.0,33.07538368464683
39.0,350.0,33.064460600005326
39.0,351.0,33.05366199432198
39.0,352.0,33.04296509544537
39.0,353.0,33.03234618599856
39.0,354.0,33.02178065049892
39.0,355.0,33.01124302471491
39.0,356.0,33.00070702081691
39.0,357.0,32.99014555906005
39.0,358.0,32.9795307727007
39.0,359.0,32.968834024340616
39.0,360.0,32.95802589294354
39.0,361.0,32.94707617765162
39.0,362.0,32.935953869603566
39.0,363.0,32.92462714633348
39.0,364.0,32.913063331334385
39.0,365.0,32.90122888237142
39.0,366.0,32.8890893419438
39.0,367.0,32.876609323071975
39.0,368.0,32.8637524540611
39.0,369.0,32.85048136562075
39.0,370.0,32.83675763368133
39.0,371.0,32.82254177212494
39.0,372.0,32.80779317789484
39.0,373.0,32.792470134191454
39.0,374.0,32.776529762771375
39.0,375.0,32.759928043212454
39.0,376.0,32.74261977813248
39.0,377.0,32.724558635052645
39.0,378.0,32.70569713126718
39.0,379.0,32.685986705910125
39.0,380.0,32.66537773233614
39.0,381.0,32.643819629165165
39.0,382.0,32.621260909211756
39.0,383.0,32.59764933944076
39.0,384.0,32.572932036575665
39.0,385.0,32.54705568688021
39.0,386.0,32.51996669938136
39.0,387.0,32.4916114969523
39.0,388.0,32.4619367383152
39.0,389.0,32.430889691705396
39.0,390.0,32.398418536089466
39.0,391.0,32.36447282730964
39.0,392.0,32.32900388679352
39.0,393.0,32.291965367006085
39.0,394.0,32.25331373181111
39.0,395.0,32.213008922765034
39.0,396.0,32.171014928707486
39.0,397.0,32.12730054645946
39.0,398.0,32.08184002780689
39.0,399.0,32.034613917291864
39.0,400.0,31.98560975247902
39.0,401.0,31.934822947976755
39.0,402.0,31.882257510283534
39.0,403.0,31.82792692186611
39.0,404.0,31.77185481632386
39.0,405.0,31.71407580110956
39.0,406.0,31.654636024544253
39.0,407.0,31.593593863394084
39.0,408.0,31.531020303648017
39.0,409.0,31.466999413225533
39.0,410.0,31.401628457138035
39.0,411.0,31.33501807981341
39.0,412.0,31.267292085731114
39.0,413.0,31.198587273058894
39.0,414.0,31.129052835026148
39.0,415.0,31.0588498175019
39.0,416.0,30.988150133481184
39.0,417.0,30.91713565942144
39.0,418.0,30.845996900999793
39.0,419.0,30.774931790463
39.0,420.0,30.704144088735188
39.0,421.0,30.63384199003839
39.0,422.0,30.564236384183626
39.0,423.0,30.495539405999764
39.0,424.0,30.427962703661166
39.0,425.0,30.361716081866014
39.0,426.0,30.297005922194828
39.0,427.0,30.23403405781326
39.0,428.0,30.172996470116296
39.0,429.0,30.114082501685093
39.0,430.0,30.05747391499614
39.0,431.0,30.003344506590288
39.0,432.0,29.95185956697603
39.0,433.0,29.90317591175358
39.0,434.0,29.857441736319842
39.0,435.0,29.814797037712363
39.0,436.0,29.775373820859294
39.0,437.0,29.739296854165346
39.0,438.0,29.706684160098114
39.0,439.0,29.677648030491707
39.0,440.0,29.65229572398036
39.0,441.0,29.630730662906622
39.0,442.0,29.61305326154466
39.0,443.0,29.599362232503424
39.0,444.0,29.589755479374382
39.0,445.0,29.58433145287651
39.0,446.0,29.58319005574652
39.0,447.0,29.586434003988295
39.0,448.0,29.594169707231682
39.0,449.0,29.606508605483562
39.0,450.0,29.623568002449463
39.0,451.0,29.645472361259703
39.0,452.0,29.672354079966055
39.0,453.0,29.704354739849165
39.0,454.0,29.741625820855578
39.0,455.0,29.784329902974758
39.0,456.0,29.83264132470673
39.0,457.0,29.886747341749633
39.0,458.0,29.946848733934416
39.0,459.0,30.013160926415843
39.0,460.0,30.085914550247036
39.0,461.0,30.16535652979502
39.0,462.0,30.2517505996121
39.0,463.0,30.345378358222604
39.0,464.0,30.44653973945311
39.0,465.0,30.55555402727601
39.0,466.0,30.67276027344241
39.0,467.0,30.798518260817982
39.0,468.0,30.933208851061895
39.0,469.0,31.07723487484214
39.0,470.0,31.231021383371083
39.0,471.0,31.395016432959693
39.0,472.0,31.569691202354882
39.0,473.0,31.75554062618189
39.0,474.0,31.95308332614167
39.0,475.0,32.16286203294358
39.0,476.0,32.38544326351722
39.0,477.0,32.621417454144925
39.0,478.0,32.87139829813031
39.0,479.0,33.13602249436573
39.0,480.0,33.41594864093974
39.0,481.0,33.71185648412076
39.0,482.0,34.02444524427424
39.0,483.0,34.35443223165826
39.0,484.0,34.70255046361441
39.0,485.0,35.06954649798132
39.0,486.0,35.45617718768316
39.0,487.0,35.8632065734249
39.0,488.0,36.291401617618774
39.0,489.0,36.74152800009637
39.0,490.0,37.21434468324077
39.0,491.0,37.71059847385887
39.0,492.0,38.23101730215966
39.0,493.0,38.77630345690925
39.0,494.0,39.347125520063756
39.0,495.0,39.94411025848513
39.0,496.0,40.56783325090762
39.0,497.0,41.2188095343718
39.0,498.0,41.89748309599415
39.0,499.0,42.60421652908454
39.0,500.0,43.33927973930518
39.0,501.0,44.10283906092244
39.0,502.0,44.89494573757324
39.0,503.0,45.715525170008064
39.0,504.0,46.564365956342144
39.0,505.0,47.44111016266478
39.0,506.0,48.34524391293181
39.0,507.0,49.27608975260416
39.0,508.0,50.23279991769536
39.0,509.0,51.21435194784198
39.0,510.0,52.2195457835468
39.0,511.0,53.247003725255745
39.0,512.0,54.29517235812078
39.0,513.0,55.36232770674914
39.0,514.0,56.44658263984432
39.0,515.0,57.545897625847765
39.0,516.0,58.65809373669477
39.0,517.0,59.78086880315864
39.0,518.0,60.911815479061886
39.0,519.0,62.04844191322804
39.0,520.0,63.18819366131762
39.0,521.0,64.32847735896729
39.0,522.0,65.4666847119951
39.0,523.0,66.60021720627131
39.0,524.0,67.72651009168354
39.0,525.0,68.84305600157776
39.0,526.0,69.94742684569556
39.0,527.0,71.03729437440731
39.0,528.0,72.1104482108308
39.0,529.0,73.16481184379525
39.0,530.0,74.19845558542332
39.0,531.0,75.20960710877654
39.0,532.0,76.19665879100978
39.0,533.0,77.15817259324996
39.0,534.0,78.09288190699766
39.0,535.0,78.99969117991424
39.0,536.0,79.87767291595564
39.0,537.0,80.72606289492653
39.0,538.0,81.54425332351623
39.0,539.0,82.33178474316135
39.0,540.0,83.08833647863362
39.0,541.0,83.81371638840753
39.0,542.0,84.50784973774842
39.0,543.0,85.17076785944404
39.0,544.0,85.80259643889829
39.0,545.0,86.4035439743034
39.0,546.0,86.97389025600226
39.0,547.0,87.5139752953089
39.0,548.0,88.02418855594694
39.0,549.0,88.50495880016315
39.0,550.0,88.95674441984696
39.0,551.0,89.3800244537005
39.0,552.0,89.77529018925634
39.0,553.0,90.1430374490091
39.0,554.0,90.48375949988362
39.0,555.0,90.79794059275483
39.0,556.0,91.0860501226905
39.0,557.0,91.34853733211921
39.0,558.0,91.58582660831043
39.0,559.0,91.79831321921367
39.0,560.0,91.98635960702174
39.0,561.0,92.15029200999057
39.0,562.0,92.29039760523014
39.0,563.0,92.4069218726309
39.0,564.0,92.50006644976227
39.0,565.0,92.56998710953255
39.0,566.0,92.61679221008869
39.0,567.0,92.64054118156463
39.0,568.0,92.64124348039982
39.0,569.0,92.61885750936264
39.0,570.0,92.57329001620832
39.0,571.0,92.50439540309495
39.0,572.0,92.41197554242781
39.0,573.0,92.29577946563836
39.0,574.0,92.15550360353593
39.0,575.0,91.99079187953554
39.0,576.0,91.80123641734428
39.0,577.0,91.58637809965282
39.0,578.0,91.34570782205378
39.0,579.0,91.07866761438768
39.0,580.0,90.78465255567981
39.0,581.0,90.46301259073796
39.0,582.0,90.11305525522727
39.0,583.0,89.7340483529315
39.0,584.0,89.32522367049076
39.0,585.0,88.8857807079452
39.0,586.0,88.41489158539125
39.0,587.0,87.91170603645851
39.0,588.0,87.37535771873453
39.0,589.0,86.80497068027427
39.0,590.0,86.19966727472827
39.0,591.0,85.55857628653415
39.0,592.0,84.88084261108055
39.0,593.0,84.16563716499921
39.0,594.0,83.41216841107155
39.0,595.0,82.61969407560147
39.0,596.0,81.78753446709968
39.0,597.0,80.9150858640901
39.0,598.0,80.00183538874498
39.0,599.0,79.04737571130326
39.0,600.0,78.05142099429365
39.0,601.0,77.01382228860997
39.0,602.0,75.93458377166418
39.0,603.0,74.81387790354107
39.0,604.0,73.6520608704859
39.0,605.0,72.44968626403374
39.0,606.0,71.2075183560956
39.0,607.0,69.92654281559108
39.0,608.0,68.60797624772417
39.0,609.0,67.25327234274427
39.0,610.0,65.86412608469253
39.0,611.0,64.44247380982712
39.0,612.0,62.99049069782114
39.0,613.0,61.5105835600901
39.0,614.0,60.00538070804135
39.0,615.0,58.477716908568404
39.0,616.0,56.93061546409102
39.0,617.0,55.36726561443399
39.0,618.0,53.79099757681222
39.0,619.0,52.20525362009837
39.0,620.0,50.613557748907475
39.0,621.0,49.019482554169876
39.0,622.0,47.42661599791885
39.0,623.0,45.83852676741497
39.0,624.0,44.258731054856
39.0,625.0,42.69065936793843
39.0,626.0,41.13762619857161
39.0,627.0,39.60280101688209
39.0,628.0,38.089183285124115
39.0,629.0,36.59957973856457
39.0,630.0,35.136586428062394
39.0,631.0,33.70257351312585
39.0,632.0,32.299675080368715
39.0,633.0,30.929781727018668
39.0,634.0,29.59453798878819
39.0,635.0,28.295342149946023
39.0,636.0,27.033350373761905
39.0,637.0,25.80948255803153
39.0,638.0,24.624431779418405
39.0,639.0,23.478674670453266
39.0,640.0,22.372484581212543
39.0,641.0,21.305944870775498
39.0,642.0,20.27896421685267
39.0,643.0,19.291291334516764
39.0,644.0,18.342531057998563
39.0,645.0,17.432159247882375
39.0,646.0,16.55953855445106
39.0,647.0,15.723932580181097
39.0,648.0,14.92452054610593
39.0,649.0,14.160410083332486
39.0,650.0,13.43065031650814
39.0,651.0,12.734242929675482
39.0,652.0,12.070153427012675
39.0,653.0,11.43732033624139
39.0,654.0,10.834664595520582
39.0,655.0,10.261096917316303
39.0,656.0,9.715525382240262
39.0,657.0,9.19686109224025
39.0,658.0,8.7040241345443
39.0,659.0,8.235947714343336
39.0,660.0,7.791582694991431
39.0,661.0,7.369900427607104
39.0,662.0,6.969896087792732
39.0,663.0,6.590590422841073
39.0,664.0,6.23103209984554
39.0,665.0,5.890298578990134
39.0,666.0,5.567497670623289
39.0,667.0,5.261767722074471
39.0,668.0,4.97227855776319
39.0,669.0,4.698231141941975
39.0,670.0,4.438858050206806
39.0,671.0,4.193422744771297
39.0,672.0,3.96121970043621
39.0,673.0,3.7415734044830766
39.0,674.0,3.53383823678787
39.0,675.0,3.337397284309528
39.0,676.0,3.151662054377337
39.0,677.0,2.9760711745400013
39.0,678.0,2.8100900003894753
39.0,679.0,2.6532092553211
39.0,680.0,2.5049445795305534
39.0,681.0,2.3648351508619063
39.0,682.0,2.232443209598548
39.0,683.0,2.107352690759599
39.0,684.0,1.9891687496807267
39.0,685.0,1.8775164275209308
39.0,686.0,1.7720401950474827
39.0,687.0,1.6724026663880383
39.0,688.0,1.5782841725564043
39.0,689.0,1.4893815333028044
39.0,690.0,1.405407667433336
39.0,691.0,1.326090428682023
39.0,692.0,1.2511722565141672
39.0,693.0,1.1804090790153372
39.0,694.0,1.113570005395236
39.0,695.0,1.0504362967487937
39.0,696.0,0.9908010996994274
39.0,697.0,0.934468484360917
39.0,698.0,0.8812532173190155
39.0,699.0,0.8309798650678003
39.0,700.0,0.7834826036992102
39.0,701.0,0.7386043853904141
39.0,702.0,0.696196781650717
39.0,703.0,0.6561192100072774
39.0,704.0,0.6182388073682233
39.0,705.0,0.5824297138223837
39.0,706.0,0.548572972554305
39.0,707.0,0.5165558675849637
39.0,708.0,0.48627184667075213
39.0,709.0,0.45761990982448914
39.0,710.0,0.4305045517097231
39.0,711.0,0.4048351978628493
39.0,712.0,0.38052616322851873
39.0,713.0,0.3574961331302652
39.0,714.0,0.335668134761617
39.0,715.0,0.3149690601064096
39.0,716.0,0.29532964738796547
39.0,717.0,0.27668404330799706
39.0,718.0,0.2589697916516898
39.0,719.0,0.24212743238618345
39.0,720.0,0.22610049481444475
39.0,721.0,0.21083513124388462
39.0,722.0,0.19628011227081849
39.0,723.0,0.18238649289202408
39.0,724.0,0.1691076076804119
39.0,725.0,0.1563987673639756
39.0,726.0,0.1442172518194155
39.0,727.0,0.1325220352818193
39.0,728.0,0.12127377523474082
39.0,729.0,0.11043456453872774
39.0,730.0,0.0999679144327864
39.0,731.0,0.08983853197977068
39.0,732.0,0.08001229551477314
39.0,733.0,0.07045605590001923
39.0,734.0,0.06113760286035194
39.0,735.0,0.052025488619506045
39.0,736.0,0.043088983651537016
39.0,737.0,0.034297921334201974
39.0,738.0,0.025622641718077613
39.0,739.0,0.01703385588134492
39.0,740.0,0.008502576375650708
39.0,741.0,0.0
40.0,0.0,0.0
40.0,1.0,0.0029914051799129486
40.0,2.0,0.005992911211635996
40.0,3.0,0.00901465123350441
40.0,4.0,0.012066829074745591
40.0,5.0,0.01515974586868424
40.0,6.0,0.018303845019440795
40.0,7.0,0.02150973359164903
40.0,8.0,0.024788234289211494
40.0,9.0,0.02815040208198365
40.0,10.0,0.03160758365682645
40.0,11.0,0.035171429757695986
40.0,12.0,0.038853962585054976
40.0,13.0,0.04266758434722066
40.0,14.0,0.0466251531053641
40.0,15.0,0.05073998806088224
40.0,16.0,0.05502595436976373
40.0,17.0,0.05949746572322351
40.0,18.0,0.06416957868716601
40.0,19.0,0.06905799317138359
40.0,20.0,0.07417915688718028
40.0,21.0,0.07955026434406268
40.0,22.0,0.0851893720612069
40.0,23.0,0.09111539677964262
40.0,24.0,0.09734824211094362
40.0,25.0,0.1039087967071612
40.0,26.0,0.1108190730825167
40.0,27.0,0.11810220654231063
40.0,28.0,0.12578260696986981
40.0,29.0,0.13388595937858316
40.0,30.0,0.1424393895159427
40.0,31.0,0.15147146696857097
40.0,32.0,0.1610123854964591
40.0,33.0,0.17109396968764384
40.0,34.0,0.18174987099662035
40.0,35.0,0.19301557901074784
40.0,36.0,0.20492863422438562
40.0,37.0,0.2175286450397333
40.0,38.0,0.23085751835846946
40.0,39.0,0.24495948349085073
40.0,40.0,0.25988134168402544
40.0,41.0,0.275672498148434
40.0,42.0,0.2923852316591124
40.0,43.0,0.3100747359191929
40.0,44.0,0.32879941035753135
40.0,45.0,0.34862091202405016
40.0,46.0,0.369604468650899
40.0,47.0,0.3918189421986071
40.0,48.0,0.41533716513171215
40.0,49.0,0.4402360165888165
40.0,50.0,0.4665967826251802
40.0,51.0,0.4945052457388414
40.0,52.0,0.5240520695238485
40.0,53.0,0.5553329019167702
40.0,54.0,0.5884487842492324
40.0,55.0,0.623506268044223
40.0,56.0,0.6606178478104805
40.0,57.0,0.6999020904658863
40.0,58.0,0.7414840903233779
40.0,59.0,0.7854956091878094
40.0,60.0,0.8320755507755434
40.0,61.0,0.8813701081469487
40.0,62.0,0.9335332531983788
40.0,63.0,0.9887268862667319
40.0,64.0,1.0471213342380994
40.0,65.0,1.1088954947918641
40.0,66.0,1.1742373339771794
40.0,67.0,1.243344014539006
40.0,68.0,1.3164223804050053
40.0,69.0,1.393689054735916
40.0,70.0,1.4753708945231823
40.0,71.0,1.5617050393167118
40.0,72.0,1.6529393139513788
40.0,73.0,1.7493322032338359
40.0,74.0,1.8511531746217134
40.0,75.0,1.9586825474543057
40.0,76.0,2.072211700197281
40.0,77.0,2.192042795126179
40.0,78.0,2.318488826633624
40.0,79.0,2.45187315381349
40.0,80.0,2.5925293376020893
40.0,81.0,2.740800424882543
40.0,82.0,2.8970385134610863
40.0,83.0,3.0616037228535373
40.0,84.0,3.2348634182213427
40.0,85.0,3.417190796082703
40.0,86.0,3.6089636927748145
40.0,87.0,3.810562709657888
40.0,88.0,4.022369530440067
40.0,89.0,4.244764512339418
40.0,90.0,4.478124442350654
40.0,91.0,4.722819531247096
40.0,92.0,4.979210554802536
40.0,93.0,5.247645209879884
40.0,94.0,5.5284546162902
40.0,95.0,5.821949032052756
40.0,96.0,6.128413738307587
40.0,97.0,6.448104167054474
40.0,98.0,6.781241257551149
40.0,99.0,7.128006125640739
40.0,100.0,7.488535065169922
40.0,101.0,7.862913981412048
40.0,102.0,8.251173311046259
40.0,103.0,8.6532825464048
40.0,104.0,9.069145452767103
40.0,105.0,9.49859511234634
40.0,106.0,9.941389911975083
40.0,107.0,10.397209616697708
40.0,108.0,10.865652662456382
40.0,109.0,11.346233804991833
40.0,110.0,11.838383256084063
40.0,111.0,12.341446419885605
40.0,112.0,12.854685335555237
40.0,113.0,13.37728089226409
40.0,114.0,13.908336874042043
40.0,115.0,14.446884833114149
40.0,116.0,14.991890781028452
40.0,117.0,15.54226261543494
40.0,118.0,16.096859194448015
40.0,119.0,16.654499895014148
40.0,120.0,17.213975495204288
40.0,121.0,17.77405915029507
40.0,122.0,18.333518251331675
40.0,123.0,18.89112589855072
40.0,124.0,19.44567275974589
40.0,125.0,19.99597804603541
40.0,126.0,20.540900393561635
40.0,127.0,21.07934742122628
40.0,128.0,21.610284804060974
40.0,129.0,22.13274369904528
40.0,130.0,22.64582743483775
40.0,131.0,23.148716383808203
40.0,132.0,23.640672005074514
40.0,133.0,24.12103905784211
40.0,134.0,24.589247041805006
40.0,135.0,25.044809931426165
40.0,136.0,25.487325309510588
40.0,137.0,25.916472013638604
40.0,138.0,26.33200742573599
40.0,139.0,26.733763542752072
40.0,140.0,27.12164296076698
40.0,141.0,27.49561391558139
40.0,142.0,27.855705495955124
40.0,143.0,28.202002163936868
40.0,144.0,28.534638670296744
40.0,145.0,28.85379448347131
40.0,146.0,29.15968878593214
40.0,147.0,29.45257513843483
40.0,148.0,29.732736830856368
40.0,149.0,30.00048200421764
40.0,150.0,30.256139529521995
40.0,151.0,30.500054716627716
40.0,152.0,30.73258580952737
40.0,153.0,30.954100335353356
40.0,154.0,31.164972238535476
40.0,155.0,31.36557886701292
40.0,156.0,31.556298720992622
40.0,157.0,31.737509035622377
40.0,158.0,31.90958409043004
40.0,159.0,32.072893325375325
40.0,160.0,32.22780014115108
40.0,161.0,32.37466047515163
40.0,162.0,32.51382201712167
40.0,163.0,32.64562316973215
40.0,164.0,32.770392605352924
40.0,165.0,32.88844853966732
40.0,166.0,33.00009856098063
40.0,167.0,33.10563915230797
40.0,168.0,33.20535573260583
40.0,169.0,33.29952237133169
40.0,170.0,33.388401989878325
40.0,171.0,33.47224622156378
40.0,172.0,33.551295730422694
40.0,173.0,33.62578017820586
40.0,174.0,33.69591862597685
40.0,175.0,33.76191957756516
40.0,176.0,33.82398143683422
40.0,177.0,33.88229260394598
40.0,178.0,33.937031967593555
40.0,179.0,33.98836903634557
40.0,180.0,34.03646445056907
40.0,181.0,34.081470136060844
40.0,182.0,34.123529824880094
40.0,183.0,34.16277922251263
40.0,184.0,34.19934653046725
40.0,185.0,34.233352621438605
40.0,186.0,34.26491155937389
40.0,187.0,34.29413077957108
40.0,188.0,34.321111604052604
40.0,189.0,34.34594942530407
40.0,190.0,34.36873421623152
40.0,191.0,34.389550717328966
40.0,192.0,34.408478941248454
40.0,193.0,34.42559436357305
40.0,194.0,34.4409684220744
40.0,195.0,34.45466871093527
40.0,196.0,34.46675947407981
40.0,197.0,34.4773018016145
40.0,198.0,34.4863541151853
40.0,199.0,34.49397236360338
40.0,200.0,34.500210496060106
40.0,201.0,34.50512065147234
40.0,202.0,34.508753612726444
40.0,203.0,34.51115898144117
40.0,204.0,34.512385603521075
40.0,205.0,34.512481718186336
40.0,206.0,34.511495342475456
40.0,207.0,34.5094743810983
40.0,208.0,34.506466955781065
40.0,209.0,34.502521461458315
40.0,210.0,34.49768682622105
40.0,211.0,34.49201250028158
40.0,212.0,34.4855486344085
40.0,213.0,34.47834599149442
40.0,214.0,34.47045603607981
40.0,215.0,34.4619307643312
40.0,216.0,34.45282270438692
40.0,217.0,34.44318466861031
40.0,218.0,34.43306967319918
40.0,219.0,34.42253062555971
40.0,220.0,34.411620180476305
40.0,221.0,34.4003903837204
40.0,222.0,34.38889248933574
40.0,223.0,34.37717658642365
40.0,224.0,34.3652914061718
40.0,225.0,34.353283960820434
40.0,226.0,34.341199369001494
40.0,227.0,34.32908053369254
40.0,228.0,34.316968010238284
40.0,229.0,34.30489974413774
40.0,230.0,34.29291099874193
40.0,231.0,34.281034165319426
40.0,232.0,34.26929875845275
40.0,233.0,34.257731301718486
40.0,234.0,34.246355389984316
40.0,235.0,34.23519164586201
40.0,236.0,34.224257840872
40.0,237.0,34.21356891173871
40.0,238.0,34.20313712757919
40.0,239.0,34.19297215161665
40.0,240.0,34.18308123935213
40.0,241.0,34.17346933027715
40.0,242.0,34.16413926206921
40.0,243.0,34.15509187787701
40.0,244.0,34.14632624331146
40.0,245.0,34.137839757162695
40.0,246.0,34.1296283606299
40.0,247.0,34.12168664222619
40.0,248.0,34.1140080316773
40.0,249.0,34.10658489272986
40.0,250.0,34.09940869699201
40.0,251.0,34.09247010101568
40.0,252.0,34.08575909777406
40.0,253.0,34.07926507654732
40.0,254.0,34.07297695161395
40.0,255.0,34.066883205075285
40.0,256.0,34.0609719936765
40.0,257.0,34.055231175793686
40.0,258.0,34.04964839815974
40.0,259.0,34.044211108893705
40.0,260.0,34.038906626384126
40.0,261.0,34.03372214056656
40.0,262.0,34.028644766415375
40.0,263.0,34.023661535771986
40.0,264.0,34.018759437910454
40.0,265.0,34.01392540417297
40.0,266.0,34.009146337983395
40.0,267.0,34.00440909442752
40.0,268.0,33.99970050195234
40.0,269.0,33.99500733888883
40.0,270.0,33.99031634893745
40.0,271.0,33.985614216506875
40.0,272.0,33.980887577977484
40.0,273.0,33.97612299764464
40.0,274.0,33.971306976690265
40.0,275.0,33.96642593148636
40.0,276.0,33.961466202198515
40.0,277.0,33.9564140352291
40.0,278.0,33.95125559342561
40.0,279.0,33.94597694451874
40.0,280.0,33.940564075004175
40.0,281.0,33.935002886545696
40.0,282.0,33.929279215723014
40.0,283.0,33.923378840499765
40.0,284.0,33.91728750815313
40.0,285.0,33.91099095401465
40.0,286.0,33.90447493997436
40.0,287.0,33.89772528773686
40.0,288.0,33.89072793026372
40.0,289.0,33.88346896167789
40.0,290.0,33.87593470379394
40.0,291.0,33.868111774463934
40.0,292.0,33.85998717085124
40.0,293.0,33.85154835733962
40.0,294.0,33.84278336632912
40.0,295.0,33.83368090572449
40.0,296.0,33.824230476674295
40.0,297.0,33.81442249902975
40.0,298.0,33.80424844354502
40.0,299.0,33.79370097151832
40.0,300.0,33.78277407652697
40.0,301.0,33.771463231783436
40.0,302.0,33.75976553361207
40.0,303.0,33.747679847066884
40.0,304.0,33.73520694034345
40.0,305.0,33.72234961627919
40.0,306.0,33.709112824193376
40.0,307.0,33.69550376257226
40.0,308.0,33.68153195306764
40.0,309.0,33.667209298640486
40.0,310.0,33.6525501043317
40.0,311.0,33.63757107609282
40.0,312.0,33.62229127510251
40.0,313.0,33.60673204596169
40.0,314.0,33.59091689609816
40.0,315.0,33.57487134804361
40.0,316.0,33.55862274265807
40.0,317.0,33.54220001833084
40.0,318.0,33.52563344552738
40.0,319.0,33.508954344806156
40.0,320.0,33.4921947691084
40.0,321.0,33.47538718081939
40.0,322.0,33.45856410554173
40.0,323.0,33.44175779432174
40.0,324.0,33.42499987677962
40.0,325.0,33.40832103674545
40.0,326.0,33.39175069261441
40.0,327.0,33.37531671249585
40.0,328.0,33.35904514551918
40.0,329.0,33.342959996689814
40.0,330.0,33.32708302554118
40.0,331.0,33.31143359253823
40.0,332.0,33.29602853254369
40.0,333.0,33.28088207554313
40.0,334.0,33.266005793613814
40.0,335.0,33.251408590605394
40.0,336.0,33.23709671410199
40.0,337.0,33.2230738026379
40.0,338.0,33.20934094936856
40.0,339.0,33.195896791938495
40.0,340.0,33.18273761241194
40.0,341.0,33.169857453945404
40.0,342.0,33.15724824164324
40.0,343.0,33.14489991120858
40.0,344.0,33.132800537153656
40.0,345.0,33.120936460918614
40.0,346.0,33.109292415574
40.0,347.0,33.09785164382692
40.0,348.0,33.08659601138074
40.0,349.0,33.075506108246046
40.0,350.0,33.064561345813615
40.0,351.0,33.05374003759034
40.0,352.0,33.04301947752257
40.0,353.0,33.03237599849531
40.0,354.0,33.02178503140023
40.0,355.0,33.01122114141938
40.0,356.0,33.000658068765695
40.0,357.0,32.99006874396186
40.0,358.0,32.97942531216264
40.0,359.0,32.968699129426696
40.0,360.0,32.95786077316484
40.0,361.0,32.94688002189944
40.0,362.0,32.93572585478301
40.0,363.0,32.92436641765672
40.0,364.0,32.91276901485571
40.0,365.0,32.90090006461427
40.0,366.0,32.88872508660817
40.0,367.0,32.87620864999207
40.0,368.0,32.86331436039982
40.0,369.0,32.85000480420489
40.0,370.0,32.83624153906439
40.0,371.0,32.82198503841625
40.0,372.0,32.807194690153544
40.0,373.0,32.7918287459469
40.0,374.0,32.775844333299446
40.0,375.0,32.75919741502753
40.0,376.0,32.741842820782466
40.0,377.0,32.723734222936585
40.0,378.0,32.7048241946528
40.0,379.0,32.68506420947984
40.0,380.0,32.66440473416276
40.0,381.0,32.64279526039032
40.0,382.0,32.62018444168596
40.0,383.0,32.59652016686366
40.0,384.0,32.57174975138286
40.0,385.0,32.54582006298709
40.0,386.0,32.51867777864082
40.0,387.0,32.49026957330066
40.0,388.0,32.4605424536872
40.0,389.0,32.4294440208361
40.0,390.0,32.39692289111328
40.0,391.0,32.36292904168877
40.0,392.0,32.3274143269162
40.0,393.0,32.29033291267486
40.0,394.0,32.25164189199607
40.0,395.0,32.21130180882218
40.0,396.0,32.16927737009632
40.0,397.0,32.12553805147382
40.0,398.0,32.080058893679684
40.0,399.0,32.03282117190681
40.0,400.0,31.983813252114228
40.0,401.0,31.933031292540033
40.0,402.0,31.880480121359867
40.0,403.0,31.826173923897738
40.0,404.0,31.770137088073476
40.0,405.0,31.712404816347842
40.0,406.0,31.65302387195935
40.0,407.0,31.592053043134683
40.0,408.0,31.52956371437732
40.0,409.0,31.465640105421592
40.0,410.0,31.400379591331095
40.0,411.0,31.333892643546147
40.0,412.0,31.266302833432334
40.0,413.0,31.19774642012299
40.0,414.0,31.12837199609097
40.0,415.0,31.058339696805024
40.0,416.0,30.987820482942553
40.0,417.0,30.916994987628208
40.0,418.0,30.84605247386668
40.0,419.0,30.775189380521862
40.0,420.0,30.70460803825286
40.0,421.0,30.63451501722747
40.0,422.0,30.565119721570206
40.0,423.0,30.49663267143106
40.0,424.0,30.429264116752314
40.0,425.0,30.363222397110576
40.0,426.0,30.298712715727596
40.0,427.0,30.235935709987817
40.0,428.0,30.175086506056257
40.0,429.0,30.116353603625875
40.0,430.0,30.059918295012338
40.0,431.0,30.005953926124096
40.0,432.0,29.954625719425984
40.0,433.0,29.906090428000972
40.0,434.0,29.860496558028544
40.0,435.0,29.817984392310667
40.0,436.0,29.778686572065837
40.0,437.0,29.74272843620756
40.0,438.0,29.710228898497782
40.0,439.0,29.68130103171852
40.0,440.0,29.65605316548651
40.0,441.0,29.634589639749528
40.0,442.0,29.617012049159623
40.0,443.0,29.603420095481482
40.0,444.0,29.593912913180656
40.0,445.0,29.588589961857938
40.0,446.0,29.587552381062228
40.0,447.0,29.590903878319892
40.0,448.0,29.598752075966406
40.0,449.0,29.611209364940176
40.0,450.0,29.628394220297682
40.0,451.0,29.65043200379931
40.0,452.0,29.677456236286083
40.0,453.0,29.709609342167493
40.0,454.0,29.747043875323094
40.0,455.0,29.78992320554305
40.0,456.0,29.83842269995455
40.0,457.0,29.89273035533267
40.0,458.0,29.95304793944156
40.0,459.0,30.019591574215212
40.0,460.0,30.092592841183343
40.0,461.0,30.172299319168825
40.0,462.0,30.258975655477073
40.0,463.0,30.352904058277574
40.0,464.0,30.45438533073726
40.0,465.0,30.563739312859916
40.0,466.0,30.68130586939495
40.0,467.0,30.807445268700178
40.0,468.0,30.942539107104373
40.0,469.0,31.0869906033354
40.0,470.0,31.241225432018275
40.0,471.0,31.40569190130317
40.0,472.0,31.580861656255557
40.0,473.0,31.76722969444205
40.0,474.0,31.965314886048173
40.0,475.0,32.17565976730379
40.0,476.0,32.398830808279584
40.0,477.0,32.635417907281905
40.0,478.0,32.88603431967671
40.0,479.0,33.151315758160855
40.0,480.0,33.43191987724903
40.0,481.0,33.72852486548777
40.0,482.0,34.04182836156807
40.0,483.0,34.37254540659509
40.0,484.0,34.72140665107184
40.0,485.0,35.08915552065622
40.0,486.0,35.47654556141364
40.0,487.0,35.88433666457774
40.0,488.0,36.313291394608555
40.0,489.0,36.76417012209308
40.0,490.0,37.237726190695696
40.0,491.0,37.73469982854024
40.0,492.0,38.25581204270868
40.0,493.0,38.8017572252767
40.0,494.0,39.37319572488093
40.0,495.0,39.970745141276126
40.0,496.0,40.59497161949386
40.0,497.0,41.24637994233111
40.0,498.0,41.92540372831358
40.0,499.0,42.632394587362995
40.0,500.0,43.36761157874774
40.0,501.0,44.131209887222354
40.0,502.0,44.92323010278914
40.0,503.0,45.743587088921544
40.0,504.0,46.59205986231746
40.0,505.0,47.468281534953185
40.0,506.0,48.37173076596514
40.0,507.0,49.301723825731635
40.0,508.0,50.257408718520075
40.0,509.0,51.2377604904313
40.0,510.0,52.241579129482396
40.0,511.0,53.26748917008442
40.0,512.0,54.31394232138313
40.0,513.0,55.37922217216896
40.0,514.0,56.46145215462041
40.0,515.0,57.55860571818297
40.0,516.0,58.66851971786658
40.0,517.0,59.78890984016266
40.0,518.0,60.91738887315193
40.0,519.0,62.05148651535468
40.0,520.0,63.1886713424201
40.0,521.0,64.32637352893374
40.0,522.0,65.46200879896415
40.0,523.0,66.59300216590331
40.0,524.0,67.7168118561073
40.0,525.0,68.83095201816353
40.0,526.0,69.93301460870113
40.0,527.0,71.02068917580438
40.0,528.0,72.09178099378764
40.0,529.0,73.14422645006803
40.0,530.0,74.17610624287956
40.0,531.0,75.18565550144224
40.0,532.0,76.17127150276696
40.0,533.0,77.13151830679563
40.0,534.0,78.06512908004953
40.0,535.0,78.9710056125624
40.0,536.0,79.84821585384532
40.0,537.0,80.69598911350222
40.0,538.0,81.51370975841992
40.0,539.0,82.30090914747066
40.0,540.0,83.05725659448652
40.0,541.0,83.7825491564151
40.0,542.0,84.4767009584723
40.0,543.0,85.13973188135336
40.0,544.0,85.77175621841569
40.0,545.0,86.37297114107756
40.0,546.0,86.94364546401049
40.0,547.0,87.48410855784887
40.0,548.0,87.99473978226811
40.0,549.0,88.47595830113583
40.0,550.0,88.92821353819387
40.0,551.0,89.3519761583256
40.0,552.0,89.74772972637925
40.0,553.0,90.11596296332938
40.0,554.0,90.45716265428003
40.0,555.0,90.77180717415646
40.0,556.0,91.0603605966385
40.0,557.0,91.32326740831861
40.0,558.0,91.5609477118389
40.0,559.0,91.77379300437859
40.0,560.0,91.96216233894505
40.0,561.0,92.12637902556833
40.0,562.0,92.26672760747034
40.0,563.0,92.3834513446475
40.0,564.0,92.4767498701627
40.0,565.0,92.546777330113
40.0,566.0,92.59364060442421
40.0,567.0,92.61739800006644
40.0,568.0,92.61805794667983
40.0,569.0,92.59557816814558
40.0,570.0,92.54986479354017
40.0,571.0,92.48077196371818
40.0,572.0,92.38810133085491
40.0,573.0,92.2716020902958
40.0,574.0,92.13097087634725
40.0,575.0,91.96585224456096
40.0,576.0,91.77583900687662
40.0,577.0,91.5604732252055
40.0,578.0,91.31924706496596
40.0,579.0,91.05160439666108
40.0,580.0,90.75694228244463
40.0,581.0,90.43461331724717
40.0,582.0,90.0839278968014
40.0,583.0,89.70415746184113
40.0,584.0,89.29453772553798
40.0,585.0,88.85427301027863
40.0,586.0,88.382540633891
40.0,587.0,87.87849654386523
40.0,588.0,87.3412810695756
40.0,589.0,86.77002605713524
40.0,590.0,86.1638621817164
40.0,591.0,85.52192775930163
40.0,592.0,84.84337777016765
40.0,593.0,84.12739446200484
40.0,594.0,83.37319815270368
40.0,595.0,82.5800596327404
40.0,596.0,81.7473126832114
40.0,597.0,80.87436812583366
40.0,598.0,79.96072780449572
40.0,599.0,79.0059999153874
40.0,600.0,78.00991395782476
40.0,601.0,76.97233671065538
40.0,602.0,75.89328737279129
40.0,603.0,74.77295325454648
40.0,604.0,73.6117040279439
40.0,605.0,72.41010590982147
40.0,606.0,71.16893367260163
40.0,607.0,69.88918186474766
40.0,608.0,68.57207305690464
40.0,609.0,67.21906454286098
40.0,610.0,65.83185128465931
40.0,611.0,64.41236663306663
40.0,612.0,62.962778651505666
40.0,613.0,61.4854837402961
40.0,614.0,59.98309549634491
40.0,615.0,58.45843072979957
40.0,616.0,56.91449073560077
40.0,617.0,55.35444000401943
40.0,618.0,53.781580657515356
40.0,619.0,52.199325062088256
40.0,620.0,50.611165074916
40.0,621.0,49.02064059763808
40.0,622.0,47.43130601255562
40.0,623.0,45.84669730880217
40.0,624.0,44.27029849849563
40.0,625.0,42.70551015981806
40.0,626.0,41.15561862439001
40.0,627.0,39.62376856793981
40.0,628.0,38.11293734632348
40.0,629.0,36.62591367435583
40.0,630.0,35.16527875535475
40.0,631.0,33.7333922542512
40.0,632.0,32.332380973277054
40.0,633.0,30.964132419753504
40.0,634.0,29.63029090298233
40.0,635.0,28.332258184034696
40.0,636.0,27.071196149537876
40.0,637.0,25.848033426180788
40.0,638.0,24.66347330982029
40.0,639.0,23.518004881962135
40.0,640.0,22.411914656213664
40.0,641.0,21.345300637992672
40.0,642.0,20.318086161567113
40.0,643.0,19.330035436571503
40.0,644.0,18.380768224626383
40.0,645.0,17.469775647477217
40.0,646.0,16.596434621630927
40.0,647.0,15.760022994844443
40.0,648.0,14.959732957780114
40.0,649.0,14.194684873302515
40.0,650.0,13.463939169847869
40.0,651.0,12.766508494799359
40.0,652.0,12.101367837378634
40.0,653.0,11.467464853912478
40.0,654.0,10.863728156638253
40.0,655.0,10.289075819280672
40.0,656.0,9.742421901660014
40.0,657.0,9.222683252079444
40.0,658.0,8.728784422365461
40.0,659.0,8.259662947441738
40.0,660.0,7.8142728509330714
40.0,661.0,7.3915886120436
40.0,662.0,6.990607478240674
40.0,663.0,6.610352334956862
40.0,664.0,6.249873038335444
40.0,665.0,5.908248392761964
40.0,666.0,5.584586700753829
40.0,667.0,5.278027033544086
40.0,668.0,4.987739172676163
40.0,669.0,4.712924334686305
40.0,670.0,4.45281465389047
40.0,671.0,4.206673496978416
40.0,672.0,3.973794611535013
40.0,673.0,3.7535021421762527
40.0,674.0,3.5451495461456024
40.0,675.0,3.3481194006843022
40.0,676.0,3.1618221664279105
40.0,677.0,2.9856958565638516
40.0,678.0,2.8192047110434313
40.0,679.0,2.66183878187133
40.0,680.0,2.513112566331069
40.0,681.0,2.372564549349603
40.0,682.0,2.2397558318031003
40.0,683.0,2.114269660040151
40.0,684.0,1.9957100755861732
40.0,685.0,1.8837014532639829
40.0,686.0,1.777887190911283
40.0,687.0,1.6779292707679503
40.0,688.0,1.5835070018282182
40.0,689.0,1.4943166139472959
40.0,690.0,1.4100700608602663
40.0,691.0,1.3304946525059806
40.0,692.0,1.255331923286706
40.0,693.0,1.1843373051624988
40.0,694.0,1.117279063166975
40.0,695.0,1.0539380096776367
40.0,696.0,0.9941065073498223
40.0,697.0,0.9375882234416562
40.0,698.0,0.8841971990212338
40.0,699.0,0.8337576411757812
40.0,700.0,0.7861030564580765
40.0,701.0,0.741076078123202
40.0,702.0,0.6985276612067536
40.0,703.0,0.658316941518227
40.0,704.0,0.6203104894050988
40.0,705.0,0.5843821970180466
40.0,706.0,0.5504125876485799
40.0,707.0,0.5182887277125534
40.0,708.0,0.48790358850607
40.0,709.0,0.4591559793875058
40.0,710.0,0.4319499588396886
40.0,711.0,0.40619478543444126
40.0,712.0,0.3818043751903437
40.0,713.0,0.3586972670531402
40.0,714.0,0.3367961236765246
40.0,715.0,0.3160277083283728
40.0,716.0,0.2963224263812257
40.0,717.0,0.27761431074471227
40.0,718.0,0.25984060152120886
40.0,719.0,0.2429417372592175
40.0,720.0,0.22686097039971317
40.0,721.0,0.21154436183662717
40.0,722.0,0.19694042994474265
40.0,723.0,0.18300014611690232
40.0,724.0,0.16967661532087278
40.0,725.0,0.156925070455115
40.0,726.0,0.14470258252704507
40.0,727.0,0.13296805182799554
40.0,728.0,0.1216819459569656
40.0,729.0,0.11080628595941973
40.0,730.0,0.10030441053785505
40.0,731.0,0.09014095542757741
40.0,732.0,0.08028164223761859
40.0,733.0,0.07069324944925559
40.0,734.0,0.061343424417709985
40.0,735.0,0.052200644475858385
40.0,736.0,0.043234050698674
40.0,737.0,0.03441339767540224
40.0,738.0,0.02570890769490983
40.0,739.0,0.017091207814741764
40.0,740.0,0.00853120316652847
40.0,741.0,0.0
41.0,0.0,0.0
41.0,1.0,0.0029964306530712156
41.0,2.0,0.0060029783177004735
41.0,3.0,0.009029795353548172
41.0,4.0,0.012087098910630964
41.0,5.0,0.015185212627778562
41.0,6.0,0.018334590616216825
41.0,7.0,0.021545865955486555
41.0,8.0,0.0248298696734998
41.0,9.0,0.02819768649490302
41.0,10.0,0.03166066928605411
41.0,11.0,0.03523050252397994
41.0,12.0,0.03891921269342115
41.0,13.0,0.042739239963027684
41.0,14.0,0.046703445045782346
41.0,15.0,0.05082518959293525
41.0,16.0,0.05511834005881048
41.0,17.0,0.059597357352230027
41.0,18.0,0.06427729828197604
41.0,19.0,0.0691739150400955
41.0,20.0,0.0743036548451361
41.0,21.0,0.07968376987169662
41.0,22.0,0.08533231575490519
41.0,23.0,0.09126827262573577
41.0,24.0,0.09751154319186231
41.0,25.0,0.10408308558830623
41.0,26.0,0.11100491180641342
41.0,27.0,0.11830023312382969
41.0,28.0,0.12599345971429537
41.0,29.0,0.13411035947897132
41.0,30.0,0.14267805973406558
41.0,31.0,0.1517252203259513
41.0,32.0,0.16128203835989408
41.0,33.0,0.17138043654246432
41.0,34.0,0.18205407198074114
41.0,35.0,0.1933385407547354
41.0,36.0,0.20527139187946802
41.0,37.0,0.2178923491640108
41.0,38.0,0.23124333148470813
41.0,39.0,0.24536869303124093
41.0,40.0,0.26031525108242565
41.0,41.0,0.27613254576695945
41.0,42.0,0.2928728765562134
41.0,43.0,0.31059158266937914
41.0,44.0,0.32934708949051617
41.0,45.0,0.3492012107132466
41.0,46.0,0.37021920583889184
41.0,47.0,0.392470105069638
41.0,48.0,0.4160267789337614
41.0,49.0,0.4409662867788029
41.0,50.0,0.4673699593764654
41.0,51.0,0.49532377161367386
41.0,52.0,0.5249184386253269
41.0,53.0,0.5562498128991726
41.0,54.0,0.5894189940332017
41.0,55.0,0.6245327499196698
41.0,56.0,0.6617036395803928
41.0,57.0,0.701050457325715
41.0,58.0,0.7426983672294469
41.0,59.0,0.7867793681083644
41.0,60.0,0.8334324369909636
41.0,61.0,0.8828040113575919
41.0,62.0,0.9350481373522499
41.0,63.0,0.9903269638745331
41.0,64.0,1.0488108891864365
41.0,65.0,1.1106790590535889
41.0,66.0,1.1761195027021274
41.0,67.0,1.2453296241560081
41.0,68.0,1.3185163150867
41.0,69.0,1.3958964246681975
41.0,70.0,1.4776968326179607
41.0,71.0,1.5641548781794472
41.0,72.0,1.655518371472903
41.0,73.0,1.7520459565276014
41.0,74.0,1.8540070328777523
41.0,75.0,1.9616820208648624
41.0,76.0,2.0753621582287147
41.0,77.0,2.1953496282380396
41.0,78.0,2.321957187959394
41.0,79.0,2.4555081113551482
41.0,80.0,2.5963355972700355
41.0,81.0,2.7447824708892252
41.0,82.0,2.9012003108410997
41.0,83.0,3.0659488440864657
41.0,84.0,3.2393947238491774
41.0,85.0,3.421910546291439
41.0,86.0,3.613873205687855
41.0,87.0,3.8156624578477407
41.0,88.0,4.02765877805851
41.0,89.0,4.250241398469997
41.0,90.0,4.483785600486079
41.0,91.0,4.7286601641584625
41.0,92.0,4.98522404308792
41.0,93.0,5.253823186665329
41.0,94.0,5.5347865756311485
41.0,95.0,5.8284224161857985
41.0,96.0,6.135013561366178
41.0,97.0,6.4548131323997
41.0,98.0,6.788039417044454
41.0,99.0,7.1348710490950005
41.0,100.0,7.495441559408774
41.0,101.0,7.869834337005857
41.0,102.0,8.258077107299872
41.0,103.0,8.660137000839763
41.0,104.0,9.075915336476562
41.0,105.0,9.505243223588877
41.0,106.0,9.947877119531263
41.0,107.0,10.403495469178964
41.0,108.0,10.871695564485108
41.0,109.0,11.351991758025704
41.0,110.0,11.84381415374216
41.0,111.0,12.346508895408874
41.0,112.0,12.859339140528181
41.0,113.0,13.381487803379478
41.0,114.0,13.912061097872407
41.0,115.0,14.45009390547817
41.0,116.0,14.994555924752733
41.0,117.0,15.544359554924469
41.0,118.0,16.098368388886794
41.0,119.0,16.655407193316783
41.0,120.0,17.21427217718901
41.0,121.0,17.773742364720217
41.0,122.0,18.332590821931117
41.0,123.0,18.88959651789971
41.0,124.0,19.44355555116634
41.0,125.0,19.99329252228311
41.0,126.0,20.537670801854972
41.0,127.0,21.075602509865554
41.0,128.0,21.60605700787363
41.0,129.0,22.128068781405815
41.0,130.0,22.64074358834797
41.0,131.0,23.143263825272456
41.0,132.0,23.634892068806938
41.0,133.0,24.114973816661283
41.0,134.0,24.58293845966393
41.0,135.0,25.038299567778076
41.0,136.0,25.48065357858537
41.0,137.0,25.90967800793773
41.0,138.0,26.32512830682518
41.0,139.0,26.726834497571865
41.0,140.0,27.114696728130575
41.0,141.0,27.488680870489503
41.0,142.0,27.848813300183743
41.0,143.0,28.19517596073408
41.0,144.0,28.52790083768212
41.0,145.0,28.84716491488991
41.0,146.0,29.15318472079028
41.0,147.0,29.446211502585236
41.0,148.0,29.726526119191014
41.0,149.0,29.99443465677242
41.0,150.0,30.250263844069757
41.0,151.0,30.494357240180037
41.0,152.0,30.72707126338363
41.0,153.0,30.94877200656097
41.0,154.0,31.15983190465981
41.0,155.0,31.3606271768004
41.0,156.0,31.55153511053016
41.0,157.0,31.73293209150882
41.0,158.0,31.90519145263374
41.0,159.0,32.06868202943678
41.0,160.0,32.223766505813316
41.0,161.0,32.37080042247157
41.0,162.0,32.51013094488887
41.0,163.0,32.64209624995377
41.0,164.0,32.767024642720884
41.0,165.0,32.88523424984929
41.0,166.0,32.99703241709808
41.0,167.0,33.10271564496905
41.0,168.0,33.2025692066673
41.0,169.0,33.296867269788024
41.0,170.0,33.385872683226765
41.0,171.0,33.469837237632184
41.0,172.0,33.549001578539134
41.0,173.0,33.623595566891964
41.0,174.0,33.693838283915085
41.0,175.0,33.759938460866024
41.0,176.0,33.82209454854625
41.0,177.0,33.88049519236488
41.0,178.0,33.93531934580389
41.0,179.0,33.986736772802445
41.0,180.0,34.03490818991468
41.0,181.0,34.07998578298729
41.0,182.0,34.12211336723661
41.0,183.0,34.16142690925571
41.0,184.0,34.198054697866525
41.0,185.0,34.232117865736456
41.0,186.0,34.26373056670616
41.0,187.0,34.29300049378691
41.0,188.0,34.32002906078459
41.0,189.0,34.34491191523388
41.0,190.0,34.36773912356496
41.0,191.0,34.38859567862713
41.0,192.0,34.40756168838052
41.0,193.0,34.42471287806121
41.0,194.0,34.440120782408684
41.0,195.0,34.453853242202925
41.0,196.0,34.46597459933497
41.0,197.0,34.47654618638699
41.0,198.0,34.485626522415245
41.0,199.0,34.49327179246761
41.0,200.0,34.49953603983187
41.0,201.0,34.504471629994484
41.0,202.0,34.508129432473226
41.0,203.0,34.510559260945826
41.0,204.0,34.51181003494309
41.0,205.0,34.51193018510968
41.0,206.0,34.51096778246158
41.0,207.0,34.508970895545744
41.0,208.0,34.50598767329666
41.0,209.0,34.502066639918795
41.0,210.0,34.497256717312425
41.0,211.0,34.491607444494754
41.0,212.0,34.485168927718654
41.0,213.0,34.47799197466601
41.0,214.0,34.470127965067846
41.0,215.0,34.46162889582732
41.0,216.0,34.45254717196784
41.0,217.0,34.44293556676569
41.0,218.0,34.43284694137624
41.0,219.0,34.422334132844185
41.0,220.0,34.411449619389984
41.0,221.0,34.40024535723009
41.0,222.0,34.38877241556138
41.0,223.0,34.377080788795936
41.0,224.0,34.365219029231326
41.0,225.0,34.35323406331299
41.0,226.0,34.341170849910725
41.0,227.0,34.329072227091295
41.0,228.0,34.31697861983706
41.0,229.0,34.30492793801825
41.0,230.0,34.292955350201254
41.0,231.0,34.28109324532752
41.0,232.0,34.26937108049713
41.0,233.0,34.25781540995911
41.0,234.0,34.24644980610813
41.0,235.0,34.235294951360586
41.0,236.0,34.22436862446796
41.0,237.0,34.2136858448311
41.0,238.0,34.2032589114446
41.0,239.0,34.19309758570078
41.0,240.0,34.18320916803864
41.0,241.0,34.173598704234664
41.0,242.0,34.164269084832256
41.0,243.0,34.155221260825925
41.0,244.0,34.14645435258866
41.0,245.0,34.13796586305935
41.0,246.0,34.12975178547797
41.0,247.0,34.12180680501608
41.0,248.0,34.114124397558385
41.0,249.0,34.10669701363051
41.0,250.0,34.099516163272455
41.0,251.0,34.09257257874998
41.0,252.0,34.085856282971534
41.0,253.0,34.0793567296208
41.0,254.0,34.073062854450384
41.0,255.0,34.066963193083
41.0,256.0,34.061045915861655
41.0,257.0,34.0552989246655
41.0,258.0,34.04970987286822
41.0,259.0,34.04426624318242
41.0,260.0,34.038955354768945
41.0,261.0,34.033764424461395
41.0,262.0,34.02868056328016
41.0,263.0,34.0236908234953
41.0,264.0,34.0187821868242
41.0,265.0,34.0139415997525
41.0,266.0,34.00915595561207
41.0,267.0,34.00441212046579
41.0,268.0,33.999696911133086
41.0,269.0,33.994997113807685
41.0,270.0,33.99029945996605
41.0,271.0,33.98559063976406
41.0,272.0,33.980857277659126
41.0,273.0,33.97608594254682
41.0,274.0,33.97126312486843
41.0,275.0,33.966375245414525
41.0,276.0,33.96140863568532
41.0,277.0,33.95634954730949
41.0,278.0,33.951184137474364
41.0,279.0,33.94589848098075
41.0,280.0,33.94047856265528
41.0,281.0,33.934910294171885
41.0,282.0,33.929179515480804
41.0,283.0,33.92327201865082
41.0,284.0,33.91717356046851
41.0,285.0,33.910869895655225
41.0,286.0,33.904346802861426
41.0,287.0,33.89759012963641
41.0,288.0,33.89058583400525
41.0,289.0,33.88332004344784
41.0,290.0,33.8757791140211
41.0,291.0,33.86794970525022
41.0,292.0,33.85981885825359
41.0,293.0,33.85137408776363
41.0,294.0,33.842603479823865
41.0,295.0,33.833495801040016
41.0,296.0,33.82404061505375
41.0,297.0,33.814228407495214
41.0,298.0,33.80405071853649
41.0,299.0,33.79350027984369
41.0,300.0,33.782571158084686
41.0,301.0,33.77125889752377
41.0,302.0,33.759560666526305
41.0,303.0,33.74747539649896
41.0,304.0,33.73500392047761
41.0,305.0,33.72214909625855
41.0,306.0,33.70891592353237
41.0,307.0,33.695311636818246
41.0,308.0,33.68134578593034
41.0,309.0,33.66703028338451
41.0,310.0,33.65237943294362
41.0,311.0,33.6374099171839
41.0,312.0,33.62214076106389
41.0,313.0,33.606593248799044
41.0,314.0,33.5907908141415
41.0,315.0,33.57475888168981
41.0,316.0,33.558524682649846
41.0,317.0,33.54211702368948
41.0,318.0,33.525566035542575
41.0,319.0,33.5089028813689
41.0,320.0,33.49215945426364
41.0,321.0,33.47536804520961
41.0,322.0,33.45856101267688
41.0,323.0,33.441770435987124
41.0,324.0,33.42502778420089
41.0,325.0,33.40836358278054
41.0,326.0,33.39180710895377
41.0,327.0,33.3753860974851
41.0,328.0,33.359126485674324
41.0,329.0,33.34305217830349
41.0,330.0,33.327184858289684
41.0,331.0,33.3115438227381
41.0,332.0,33.2961458665515
41.0,333.0,33.2810051926602
41.0,334.0,33.26613336728277
41.0,335.0,33.25153929941237
41.0,336.0,33.237229259325105
41.0,337.0,33.223206916416586
41.0,338.0,33.20947340779793
41.0,339.0,33.19602742010949
41.0,340.0,33.18286529283444
41.0,341.0,33.1699811286951
41.0,342.0,33.1573669163458
41.0,343.0,33.14501265489959
41.0,344.0,33.1329064823333
41.0,345.0,33.12103480193046
41.0,346.0,33.10938240535549
41.0,347.0,33.09793259166709
41.0,348.0,33.086667276982595
41.0,349.0,33.07556709967548
41.0,350.0,33.0646115114009
41.0,351.0,33.05377886477621
41.0,352.0,33.04304648299856
41.0,353.0,33.032390728525755
41.0,354.0,33.0217870504666
41.0,355.0,33.011210034474104
41.0,356.0,33.00063342852495
41.0,357.0,32.99003017544401
41.0,358.0,32.979372418677045
41.0,359.0,32.968631519673615
41.0,360.0,32.95777804589875
41.0,361.0,32.94678177581861
41.0,362.0,32.93561167180373
41.0,363.0,32.92423587579781
41.0,364.0,32.9126216700416
41.0,365.0,32.900735466758064
41.0,366.0,32.88854275986306
41.0,367.0,32.87600811225244
41.0,368.0,32.86309510193725
41.0,369.0,32.84976631083609
41.0,370.0,32.83598326913653
41.0,371.0,32.821706449929124
41.0,372.0,32.8068952160954
41.0,373.0,32.79150782570197
41.0,374.0,32.77550138637537
41.0,375.0,32.75883187712434
41.0,376.0,32.74145411599075
41.0,377.0,32.723321804883554
41.0,378.0,32.70438751728018
41.0,379.0,32.684602773708754
41.0,380.0,32.66391805737241
41.0,381.0,32.64228292904529
41.0,382.0,32.619646079618015
41.0,383.0,32.595955494268146
41.0,384.0,32.57115855194051
41.0,385.0,32.54520224954172
41.0,386.0,32.518033359065655
41.0,387.0,32.48959872299664
41.0,388.0,32.45984547987694
41.0,389.0,32.428721441748536
41.0,390.0,32.39617539805678
41.0,391.0,32.36215758439549
41.0,392.0,32.32662007229102
41.0,393.0,32.289517335254246
41.0,394.0,32.25080672769427
41.0,395.0,32.210449148830946
41.0,396.0,32.168409607285454
41.0,397.0,32.12465797537118
41.0,398.0,32.07916962650455
41.0,399.0,32.03192626162415
41.0,400.0,31.982916594514897
41.0,401.0,31.93213721891547
41.0,402.0,31.87959330277541
41.0,403.0,31.825299449989462
41.0,404.0,31.769280349909977
41.0,405.0,31.711571573433574
41.0,406.0,31.652220111058686
41.0,407.0,31.59128503195727
41.0,408.0,31.52883783557582
41.0,409.0,31.464962897688366
41.0,410.0,31.399757560431436
41.0,411.0,31.33333229450552
41.0,412.0,31.265810463628718
41.0,413.0,31.197328149446424
41.0,414.0,31.12803355021272
41.0,415.0,31.058086444953098
41.0,416.0,30.987657221720177
41.0,417.0,30.916925997570495
41.0,418.0,30.84608131483339
41.0,419.0,30.775318977825933
41.0,420.0,30.704840499222854
41.0,421.0,30.634851755187558
41.0,422.0,30.56556129970025
41.0,423.0,30.497178968577856
41.0,424.0,30.429914199853865
41.0,425.0,30.363974727631188
41.0,426.0,30.2995650467479
41.0,427.0,30.23688532717214
41.0,428.0,30.176130141231898
41.0,429.0,30.117487700700295
41.0,430.0,30.061138929374824
41.0,431.0,30.00725708447677
41.0,432.0,29.95600721398646
41.0,433.0,29.90754617983818
41.0,434.0,29.862022496585375
41.0,435.0,29.819576734063574
41.0,436.0,29.780341698664895
41.0,437.0,29.74444316334411
41.0,438.0,29.712000329176156
41.0,439.0,29.68312681334578
41.0,440.0,29.657931317750734
41.0,441.0,29.63651880056026
41.0,442.0,29.61899127886729
41.0,443.0,29.60544911409358
41.0,444.0,29.595991884047855
41.0,445.0,29.59071972352087
41.0,446.0,29.589734214104006
41.0,447.0,29.593139735389897
41.0,448.0,29.601044335434906
41.0,449.0,29.613561062308065
41.0,450.0,29.63080879180807
41.0,451.0,29.65291352179222
41.0,452.0,29.68000914522547
41.0,453.0,29.712238699716643
41.0,454.0,29.74975508248513
41.0,455.0,29.792722254439184
41.0,456.0,29.841315899046823
41.0,457.0,29.895724584151807
41.0,458.0,29.95615036920766
41.0,459.0,30.02280992911034
41.0,460.0,30.0959351141177
41.0,461.0,30.175774038621327
41.0,462.0,30.262591595657284
41.0,463.0,30.356670510044566
41.0,464.0,30.45831180495647
41.0,465.0,30.567835813429618
41.0,466.0,30.685582588164642
41.0,467.0,30.811912858159182
41.0,468.0,30.947208364791432
41.0,469.0,31.091872741256303
41.0,470.0,31.246331748021014
41.0,471.0,31.411034041783772
41.0,472.0,31.586451271499804
41.0,473.0,31.77307869066046
41.0,474.0,31.971435061213484
41.0,475.0,32.18206304805959
41.0,476.0,32.40552886237907
41.0,477.0,32.64242236050207
41.0,478.0,32.893356340669214
41.0,479.0,33.1589662502771
41.0,480.0,33.43990903157237
41.0,481.0,33.736862322584464
41.0,482.0,34.05052272885908
41.0,483.0,34.381604385698836
41.0,484.0,34.73083651672804
41.0,485.0,35.09896121078185
41.0,486.0,35.486730116797794
41.0,487.0,35.894901281339656
41.0,488.0,36.32423482716143
41.0,489.0,36.77548870169221
41.0,490.0,37.249413199022776
41.0,491.0,37.746745491724965
41.0,492.0,38.268202889512175
41.0,493.0,38.81447607346055
41.0,494.0,39.38622104632866
41.0,495.0,39.9840510666461
41.0,496.0,40.608527342254874
41.0,497.0,41.26014977753029
41.0,498.0,41.93934659734582
41.0,499.0,42.6464641759692
41.0,500.0,43.38175595254509
41.0,501.0,44.145371800472944
41.0,502.0,44.93734679865547
41.0,503.0,45.75759081115544
41.0,504.0,46.60587789070364
41.0,505.0,47.4818369436414
41.0,506.0,48.38494273056783
41.0,507.0,49.31450865193975
41.0,508.0,50.269680430962374
41.0,509.0,51.249432122704434
41.0,510.0,52.252563566821166
41.0,511.0,53.277700649395356
41.0,512.0,54.323297454363924
41.0,513.0,55.387641557746676
41.0,514.0,56.46886146472906
41.0,515.0,57.56493728515942
41.0,516.0,58.673713532763756
41.0,517.0,59.79291495565645
41.0,518.0,60.92016415501975
41.0,519.0,62.05300170674476
41.0,520.0,63.18890742986348
41.0,521.0,64.32532334988477
41.0,522.0,65.4596769338097
41.0,523.0,66.58940503248475
41.0,524.0,67.7119771093657
41.0,525.0,68.82491814992409
41.0,526.0,69.92582991114627
41.0,527.0,71.01241093499466
41.0,528.0,72.08247413493916
41.0,529.0,73.13396246339911
41.0,530.0,74.16496166471033
41.0,531.0,75.17371073171427
41.0,532.0,76.15860928126708
41.0,533.0,77.11822257246911
41.0,534.0,78.05128357963721
41.0,535.0,78.95669291952065
41.0,536.0,79.83351620682672
41.0,537.0,80.68097966829237
41.0,538.0,81.4984637074968
41.0,539.0,82.2854952329873
41.0,540.0,83.04173851760028
41.0,541.0,83.76698534132242
41.0,542.0,84.46114422769224
41.0,543.0,85.12422943450493
41.0,544.0,85.75634952956904
41.0,545.0,86.35769610201929
41.0,546.0,86.92853245137073
41.0,547.0,87.46918268716266
41.0,548.0,87.9800210932327
41.0,549.0,88.46146207279301
41.0,550.0,88.9139505471507
41.0,551.0,89.33795301368997
41.0,552.0,89.73394916513817
41.0,553.0,90.10242417363952
41.0,554.0,90.44386158219791
41.0,555.0,90.758736813681
41.0,556.0,91.04751129119128
41.0,557.0,91.3106270944931
41.0,558.0,91.54850220670554
41.0,559.0,91.76152619676769
41.0,560.0,91.9500564595852
41.0,561.0,92.11441478488656
41.0,562.0,92.25488444987214
41.0,563.0,92.37170753546607
41.0,564.0,92.46508273832772
41.0,565.0,92.53516330933147
41.0,566.0,92.58205547038949
41.0,567.0,92.60581687253045
41.0,568.0,92.60645552853438
41.0,569.0,92.58392871603556
41.0,570.0,92.53814236686213
41.0,571.0,92.46895037205005
41.0,572.0,92.3761544013484
41.0,573.0,92.25950360060757
41.0,574.0,92.1186948491625
41.0,575.0,91.95337287497503
41.0,576.0,91.76313099290682
41.0,577.0,91.54751169868129
41.0,578.0,91.30600796681566
41.0,579.0,91.03806442022938
41.0,580.0,90.74307930194396
41.0,581.0,90.420406351853
41.0,582.0,90.06935759970769
41.0,583.0,89.68920611221517
41.0,584.0,89.2791897837983
41.0,585.0,88.83851514265982
41.0,586.0,88.36636233647255
41.0,587.0,87.86189020067431
41.0,588.0,87.32424264308952
41.0,589.0,86.75255517508802
41.0,590.0,86.14596288484884
41.0,591.0,85.50360860396293
41.0,592.0,84.82465261471452
41.0,593.0,84.10828256175753
41.0,594.0,83.35372495464813
41.0,595.0,82.56025682671373
41.0,596.0,81.7272189610664
41.0,597.0,80.85402913891389
41.0,598.0,79.94019682966197
41.0,599.0,78.98533765589474
41.0,600.0,77.98918904714135
41.0,601.0,76.95162528489348
41.0,602.0,75.87267333772263
41.0,603.0,74.7525275568687
41.0,604.0,73.59156461571224
41.0,605.0,72.39035664152212
41.0,606.0,71.14968392061994
41.0,607.0,69.87054502910584
41.0,608.0,68.55416579796184
41.0,609.0,67.20200491172508
41.0,610.0,65.81575762414258
41.0,611.0,64.39735539587119
41.0,612.0,62.94896307150243
41.0,613.0,61.47297147374107
41.0,614.0,59.97198722723182
41.0,615.0,58.44881782471902
41.0,616.0,56.90645399179762
41.0,617.0,55.34804753907537
41.0,618.0,53.77688702156256
41.0,619.0,52.196369576151874
41.0,620.0,50.60997149990986
41.0,621.0,49.02121608513937
41.0,622.0,47.433641453608374
41.0,623.0,45.85076697507798
41.0,624.0,44.27606109644303
41.0,625.0,42.71290913661142
41.0,626.0,41.16458384939364
41.0,627.0,39.63421718037705
41.0,628.0,38.12477590018987
41.0,629.0,36.639039335158245
41.0,630.0,35.17958169452819
41.0,631.0,33.74875697351098
41.0,632.0,32.3486887272347
41.0,633.0,30.98126245926572
41.0,634.0,29.64812273521631
41.0,635.0,28.350672571100105
41.0,636.0,27.09007707059478
41.0,637.0,25.867268729347245
41.0,638.0,24.682956305064643
41.0,639.0,23.537634607349375
41.0,640.0,22.43159708940747
41.0,641.0,21.364948590763316
41.0,642.0,20.337620142879317
41.0,643.0,19.349383225887774
41.0,644.0,18.399865447447574
41.0,645.0,17.488565097418892
41.0,646.0,16.614866620985953
41.0,647.0,15.778054540278657
41.0,648.0,14.977327937638577
41.0,649.0,14.211813106308956
41.0,650.0,13.480576541953162
41.0,651.0,12.782635948879618
41.0,652.0,12.116971479530786
41.0,653.0,11.482534938486005
41.0,654.0,10.878259198143093
41.0,655.0,10.303065603717213
41.0,656.0,9.7558716276232
41.0,657.0,9.23559658775815
41.0,658.0,8.741167689030945
41.0,659.0,8.271524232305723
41.0,660.0,7.825622238309848
41.0,661.0,7.402437355541912
41.0,662.0,7.000968279350037
41.0,663.0,6.620238573526732
41.0,664.0,6.259299094790741
41.0,665.0,5.917228933074272
41.0,666.0,5.593137036495435
41.0,667.0,5.2861624561365765
41.0,668.0,4.995475344619179
41.0,669.0,4.720276667379132
41.0,670.0,4.459798723256155
41.0,671.0,4.21330445926732
41.0,672.0,3.9800876369196687
41.0,673.0,3.759471863414306
41.0,674.0,3.5508105043344966
41.0,675.0,3.353485522307494
41.0,676.0,3.166907216184736
41.0,677.0,2.990512939028426
41.0,678.0,2.8237667262288513
41.0,679.0,2.666157948420919
41.0,680.0,2.5172008761802473
41.0,681.0,2.3764333100018438
41.0,682.0,2.243416117087053
41.0,683.0,2.11773186957746
41.0,684.0,1.9989843791932262
41.0,685.0,1.8867973661895086
41.0,686.0,1.7808140099000112
41.0,687.0,1.6806956640350676
41.0,688.0,1.5861214351913635
41.0,689.0,1.4967869548196717
41.0,690.0,1.4124039931760906
41.0,691.0,1.3326992942636022
41.0,692.0,1.2574142292504842
41.0,693.0,1.1863036976814678
41.0,694.0,1.1191358218427283
41.0,695.0,1.0556909153323328
41.0,696.0,0.9957612180139195
41.0,697.0,0.9391499314558568
41.0,698.0,0.8856709928277388
41.0,699.0,0.83514817561955
41.0,700.0,0.7874148999674249
41.0,701.0,0.7423133963327595
41.0,702.0,0.699694549193381
41.0,703.0,0.6594171209065038
41.0,704.0,0.6213476253873365
41.0,705.0,0.5853596091272653
41.0,706.0,0.5513335513406181
41.0,707.0,0.5191561990047096
41.0,708.0,0.4887204899379787
41.0,709.0,0.45992493872863244
41.0,710.0,0.43267357927614414
41.0,711.0,0.4068753985474703
41.0,712.0,0.38244429524046064
41.0,713.0,0.35929855842629804
41.0,714.0,0.3373608391563481
41.0,715.0,0.31655767119811695
41.0,716.0,0.2968194525905839
41.0,717.0,0.2780800058449584
41.0,718.0,0.2602765666459461
41.0,719.0,0.2433493810579768
41.0,720.0,0.22724169876275507
41.0,721.0,0.2118994049792946
41.0,722.0,0.19727101581554224
41.0,723.0,0.18330734277148744
41.0,724.0,0.16996148796050004
41.0,725.0,0.1571885392155486
41.0,726.0,0.144945563101407
41.0,727.0,0.13319132878233372
41.0,728.0,0.1218862968977157
41.0,729.0,0.11099237047399632
41.0,730.0,0.10047287787258932
41.0,731.0,0.09029234913855037
41.0,732.0,0.0804164913501621
41.0,733.0,0.07081198889138432
41.0,734.0,0.06144646963717379
41.0,735.0,0.05228832771595131
41.0,736.0,0.04330667905348165
41.0,737.0,0.03447120525545295
41.0,738.0,0.02575209710573382
41.0,739.0,0.017119918247747012
41.0,740.0,0.008545535290329196
41.0,741.0,0.0
