# r,z,V
0.0,0.0,0.0
0.0,1.0,0.0
0.0,2.0,0.0
0.0,3.0,0.0
0.0,4.0,0.0
0.0,5.0,0.0
0.0,6.0,0.0
0.0,7.0,0.0
0.0,8.0,0.0
0.0,9.0,0.0
0.0,10.0,0.0
0.0,11.0,0.0
0.0,12.0,0.0
0.0,13.0,0.0
0.0,14.0,0.0
0.0,15.0,0.0
0.0,16.0,0.0
0.0,17.0,0.0
0.0,18.0,0.0
0.0,19.0,0.0
0.0,20.0,0.0
0.0,21.0,0.0
0.0,22.0,0.0
0.0,23.0,0.0
0.0,24.0,0.0
0.0,25.0,0.0
0.0,26.0,0.0
0.0,27.0,0.0
0.0,28.0,0.0
0.0,29.0,0.0
0.0,30.0,0.0
0.0,31.0,0.0
0.0,32.0,0.0
0.0,33.0,0.0
0.0,34.0,0.0
0.0,35.0,0.0
0.0,36.0,0.0
0.0,37.0,0.0
0.0,38.0,0.0
0.0,39.0,0.0
0.0,40.0,0.0
0.0,41.0,0.0
0.0,42.0,0.0
0.0,43.0,0.0
0.0,44.0,0.0
0.0,45.0,0.0
0.0,46.0,0.0
0.0,47.0,0.0
0.0,48.0,0.0
0.0,49.0,0.0
0.0,50.0,0.0
0.0,51.0,0.0
0.0,52.0,0.0
0.0,53.0,0.0
0.0,54.0,0.0
0.0,55.0,0.0
0.0,56.0,0.0
0.0,57.0,0.0
0.0,58.0,0.0
0.0,59.0,0.0
0.0,60.0,0.0
0.0,61.0,0.0
0.0,62.0,0.0
0.0,63.0,0.0
0.0,64.0,0.0
0.0,65.0,0.0
0.0,66.0,0.0
0.0,67.0,0.0
0.0,68.0,0.0
0.0,69.0,0.0
0.0,70.0,0.0
0.0,71.0,0.0
0.0,72.0,0.0
0.0,73.0,0.0
0.0,74.0,0.0
0.0,75.0,0.0
0.0,76.0,0.0
0.0,77.0,0.0
0.0,78.0,0.0
0.0,79.0,0.0
0.0,80.0,0.0
0.0,81.0,0.0
0.0,82.0,0.0
0.0,83.0,0.0
0.0,84.0,0.0
0.0,85.0,0.0
0.0,86.0,0.0
0.0,87.0,0.0
0.0,88.0,0.0
0.0,89.0,0.0
0.0,90.0,0.0
0.0,91.0,0.0
0.0,92.0,0.0
0.0,93.0,0.0
0.0,94.0,0.0
0.0,95.0,0.0
0.0,96.0,0.0
0.0,97.0,0.0
0.0,98.0,0.0
0.0,99.0,0.0
0.0,100.0,0.0
0.0,101.0,0.0
0.0,102.0,0.0
0.0,103.0,0.0
0.0,104.0,0.0
0.0,105.0,0.0
0.0,106.0,0.0
0.0,107.0,0.0
0.0,108.0,0.0
0.0,109.0,0.0
0.0,110.0,0.0
0.0,111.0,0.0
0.0,112.0,0.0
0.0,113.0,0.0
0.0,114.0,0.0
0.0,115.0,0.0
0.0,116.0,0.0
0.0,117.0,0.0
0.0,118.0,0.0
0.0,119.0,0.0
0.0,120.0,0.0
0.0,121.0,35.0
0.0,122.0,35.0
0.0,123.0,35.0
0.0,124.0,35.0
0.0,125.0,35.0
0.0,126.0,35.0
0.0,127.0,35.0
0.0,128.0,35.0
0.0,129.0,35.0
0.0,130.0,35.0
0.0,131.0,35.0
0.0,132.0,35.0
0.0,133.0,35.0
0.0,134.0,35.0
0.0,135.0,35.0
0.0,136.0,35.0
0.0,137.0,35.0
0.0,138.0,35.0
0.0,139.0,35.0
0.0,140.0,35.0
0.0,141.0,35.0
0.0,142.0,35.0
0.0,143.0,35.0
0.0,144.0,35.0
0.0,145.0,35.0
0.0,146.0,35.0
0.0,147.0,35.0
0.0,148.0,35.0
0.0,149.0,35.0
0.0,150.0,35.0
0.0,151.0,35.0
0.0,152.0,35.0
0.0,153.0,35.0
0.0,154.0,35.0
0.0,155.0,35.0
0.0,156.0,35.0
0.0,157.0,35.0
0.0,158.0,35.0
0.0,159.0,35.0
0.0,160.0,35.0
0.0,161.0,35.0
0.0,162.0,35.0
0.0,163.0,35.0
0.0,164.0,35.0
0.0,165.0,35.0
0.0,166.0,35.0
0.0,167.0,35.0
0.0,168.0,35.0
0.0,169.0,35.0
0.0,170.0,35.0
0.0,171.0,35.0
0.0,172.0,35.0
0.0,173.0,35.0
0.0,174.0,35.0
0.0,175.0,35.0
0.0,176.0,35.0
0.0,177.0,35.0
0.0,178.0,35.0
0.0,179.0,35.0
0.0,180.0,35.0
0.0,181.0,35.0
0.0,182.0,35.0
0.0,183.0,35.0
0.0,184.0,35.0
0.0,185.0,35.0
0.0,186.0,35.0
0.0,187.0,35.0
0.0,188.0,35.0
0.0,189.0,35.0
0.0,190.0,35.0
0.0,191.0,35.0
0.0,192.0,35.0
0.0,193.0,35.0
0.0,194.0,35.0
0.0,195.0,35.0
0.0,196.0,35.0
0.0,197.0,35.0
0.0,198.0,35.0
0.0,199.0,35.0
0.0,200.0,35.0
0.0,201.0,35.0
0.0,202.0,35.0
0.0,203.0,35.0
0.0,204.0,35.0
0.0,205.0,35.0
0.0,206.0,35.0
0.0,207.0,35.0
0.0,208.0,35.0
0.0,209.0,35.0
0.0,210.0,35.0
0.0,211.0,35.0
0.0,212.0,35.0
0.0,213.0,35.0
0.0,214.0,35.0
0.0,215.0,35.0
0.0,216.0,35.0
0.0,217.0,35.0
0.0,218.0,35.0
0.0,219.0,35.0
0.0,220.0,35.0
0.0,221.0,34.0
0.0,222.0,34.0
0.0,223.0,34.0
0.0,224.0,34.0
0.0,225.0,34.0
0.0,226.0,34.0
0.0,227.0,34.0
0.0,228.0,34.0
0.0,229.0,34.0
0.0,230.0,34.0
0.0,231.0,34.0
0.0,232.0,34.0
0.0,233.0,34.0
0.0,234.0,34.0
0.0,235.0,34.0
0.0,236.0,34.0
0.0,237.0,34.0
0.0,238.0,34.0
0.0,239.0,34.0
0.0,240.0,34.0
0.0,241.0,34.0
0.0,242.0,34.0
0.0,243.0,34.0
0.0,244.0,34.0
0.0,245.0,34.0
0.0,246.0,34.0
0.0,247.0,34.0
0.0,248.0,34.0
0.0,249.0,34.0
0.0,250.0,34.0
0.0,251.0,34.0
0.0,252.0,34.0
0.0,253.0,34.0
0.0,254.0,34.0
0.0,255.0,34.0
0.0,256.0,34.0
0.0,257.0,34.0
0.0,258.0,34.0
0.0,259.0,34.0
0.0,260.0,34.0
0.0,261.0,34.0
0.0,262.0,34.0
0.0,263.0,34.0
0.0,264.0,34.0
0.0,265.0,34.0
0.0,266.0,34.0
0.0,267.0,34.0
0.0,268.0,34.0
0.0,269.0,34.0
0.0,270.0,34.0
0.0,271.0,34.0
0.0,272.0,34.0
0.0,273.0,34.0
0.0,274.0,34.0
0.0,275.0,34.0
0.0,276.0,34.0
0.0,277.0,34.0
0.0,278.0,34.0
0.0,279.0,34.0
0.0,280.0,34.0
0.0,281.0,34.0
0.0,282.0,34.0
0.0,283.0,34.0
0.0,284.0,34.0
0.0,285.0,34.0
0.0,286.0,34.0
0.0,287.0,34.0
0.0,288.0,34.0
0.0,289.0,34.0
0.0,290.0,34.0
0.0,291.0,34.0
0.0,292.0,34.0
0.0,293.0,34.0
0.0,294.0,34.0
0.0,295.0,34.0
0.0,296.0,34.0
0.0,297.0,34.0
0.0,298.0,34.0
0.0,299.0,34.0
0.0,300.0,34.0
0.0,301.0,34.0
0.0,302.0,34.0
0.0,303.0,34.0
0.0,304.0,34.0
0.0,305.0,34.0
0.0,306.0,34.0
0.0,307.0,34.0
0.0,308.0,34.0
0.0,309.0,34.0
0.0,310.0,34.0
0.0,311.0,34.0
0.0,312.0,34.0
0.0,313.0,34.0
0.0,314.0,34.0
0.0,315.0,34.0
0.0,316.0,34.0
0.0,317.0,34.0
0.0,318.0,34.0
0.0,319.0,34.0
0.0,320.0,34.0
0.0,321.0,33.0
0.0,322.0,33.0
0.0,323.0,33.0
0.0,324.0,33.0
0.0,325.0,33.0
0.0,326.0,33.0
0.0,327.0,33.0
0.0,328.0,33.0
0.0,329.0,33.0
0.0,330.0,33.0
0.0,331.0,33.0
0.0,332.0,33.0
0.0,333.0,33.0
0.0,334.0,33.0
0.0,335.0,33.0
0.0,336.0,33.0
0.0,337.0,33.0
0.0,338.0,33.0
0.0,339.0,33.0
0.0,340.0,33.0
0.0,341.0,33.0
0.0,342.0,33.0
0.0,343.0,33.0
0.0,344.0,33.0
0.0,345.0,33.0
0.0,346.0,33.0
0.0,347.0,33.0
0.0,348.0,33.0
0.0,349.0,33.0
0.0,350.0,33.0
0.0,351.0,33.0
0.0,352.0,33.0
0.0,353.0,33.0
0.0,354.0,33.0
0.0,355.0,33.0
0.0,356.0,33.0
0.0,357.0,33.0
0.0,358.0,33.0
0.0,359.0,33.0
0.0,360.0,33.0
0.0,361.0,33.0
0.0,362.0,33.0
0.0,363.0,33.0
0.0,364.0,33.0
0.0,365.0,33.0
0.0,366.0,33.0
0.0,367.0,33.0
0.0,368.0,33.0
0.0,369.0,33.0
0.0,370.0,33.0
0.0,371.0,33.0
0.0,372.0,33.0
0.0,373.0,33.0
0.0,374.0,33.0
0.0,375.0,33.0
0.0,376.0,33.0
0.0,377.0,33.0
0.0,378.0,33.0
0.0,379.0,33.0
0.0,380.0,33.0
0.0,381.0,33.0
0.0,382.0,33.0
0.0,383.0,33.0
0.0,384.0,33.0
0.0,385.0,33.0
0.0,386.0,33.0
0.0,387.0,33.0
0.0,388.0,33.0
0.0,389.0,33.0
0.0,390.0,33.0
0.0,391.0,33.0
0.0,392.0,33.0
0.0,393.0,33.0
0.0,394.0,33.0
0.0,395.0,33.0
0.0,396.0,33.0
0.0,397.0,33.0
0.0,398.0,33.0
0.0,399.0,33.0
0.0,400.0,33.0
0.0,401.0,33.0
0.0,402.0,33.0
0.0,403.0,33.0
0.0,404.0,33.0
0.0,405.0,33.0
0.0,406.0,33.0
0.0,407.0,33.0
0.0,408.0,33.0
0.0,409.0,33.0
0.0,410.0,33.0
0.0,411.0,33.0
0.0,412.0,33.0
0.0,413.0,33.0
0.0,414.0,33.0
0.0,415.0,33.0
0.0,416.0,33.0
0.0,417.0,33.0
0.0,418.0,33.0
0.0,419.0,33.0
0.0,420.0,33.0
0.0,421.0,28.0
0.0,422.0,28.0
0.0,423.0,28.0
0.0,424.0,28.0
0.0,425.0,28.0
0.0,426.0,28.0
0.0,427.0,28.0
0.0,428.0,28.0
0.0,429.0,28.0
0.0,430.0,28.0
0.0,431.0,28.0
0.0,432.0,28.0
0.0,433.0,28.0
0.0,434.0,28.0
0.0,435.0,28.0
0.0,436.0,28.0
0.0,437.0,28.0
0.0,438.0,28.0
0.0,439.0,28.0
0.0,440.0,28.0
0.0,441.0,28.0
0.0,442.0,28.0
0.0,443.0,28.0
0.0,444.0,28.0
0.0,445.0,28.0
0.0,446.0,28.0
0.0,447.0,28.0
0.0,448.0,28.0
0.0,449.0,28.0
0.0,450.0,28.0
0.0,451.0,28.0
0.0,452.0,28.0
0.0,453.0,28.0
0.0,454.0,28.0
0.0,455.0,28.0
0.0,456.0,28.0
0.0,457.0,28.0
0.0,458.0,28.0
0.0,459.0,28.0
0.0,460.0,28.0
0.0,461.0,28.0
0.0,462.0,28.0
0.0,463.0,28.0
0.0,464.0,28.0
0.0,465.0,28.0
0.0,466.0,28.0
0.0,467.0,28.0
0.0,468.0,28.0
0.0,469.0,28.0
0.0,470.0,28.0
0.0,471.0,28.0
0.0,472.0,28.0
0.0,473.0,28.0
0.0,474.0,28.0
0.0,475.0,28.0
0.0,476.0,28.0
0.0,477.0,28.0
0.0,478.0,28.0
0.0,479.0,28.0
0.0,480.0,28.0
0.0,481.0,28.0
0.0,482.0,28.0
0.0,483.0,28.0
0.0,484.0,28.0
0.0,485.0,28.0
0.0,486.0,28.0
0.0,487.0,28.0
0.0,488.0,28.0
0.0,489.0,28.0
0.0,490.0,28.0
0.0,491.0,28.0
0.0,492.0,28.0
0.0,493.0,28.0
0.0,494.0,28.0
0.0,495.0,28.0
0.0,496.0,28.0
0.0,497.0,28.0
0.0,498.0,28.0
0.0,499.0,28.0
0.0,500.0,28.0
0.0,501.0,28.0
0.0,502.0,28.0
0.0,503.0,28.0
0.0,504.0,28.0
0.0,505.0,28.0
0.0,506.0,28.0
0.0,507.0,28.0
0.0,508.0,28.0
0.0,509.0,28.0
0.0,510.0,28.0
0.0,511.0,28.0
0.0,512.0,28.0
0.0,513.0,28.0
0.0,514.0,28.0
0.0,515.0,28.0
0.0,516.0,28.0
0.0,517.0,28.0
0.0,518.0,28.0
0.0,519.0,28.0
0.0,520.0,28.0
0.0,521.0,140.0
0.0,522.0,140.0
0.0,523.0,140.0
0.0,524.0,140.0
0.0,525.0,140.0
0.0,526.0,140.0
0.0,527.0,140.0
0.0,528.0,140.0
0.0,529.0,140.0
0.0,530.0,140.0
0.0,531.0,140.0
0.0,532.0,140.0
0.0,533.0,140.0
0.0,534.0,140.0
0.0,535.0,140.0
0.0,536.0,140.0
0.0,537.0,140.0
0.0,538.0,140.0
0.0,539.0,140.0
0.0,540.0,140.0
0.0,541.0,140.0
0.0,542.0,140.0
0.0,543.0,140.0
0.0,544.0,140.0
0.0,545.0,140.0
0.0,546.0,140.0
0.0,547.0,140.0
0.0,548.0,140.0
0.0,549.0,140.0
0.0,550.0,140.0
0.0,551.0,140.0
0.0,552.0,140.0
0.0,553.0,140.0
0.0,554.0,140.0
0.0,555.0,140.0
0.0,556.0,140.0
0.0,557.0,140.0
0.0,558.0,140.0
0.0,559.0,140.0
0.0,560.0,140.0
0.0,561.0,140.0
0.0,562.0,140.0
0.0,563.0,140.0
0.0,564.0,140.0
0.0,565.0,140.0
0.0,566.0,140.0
0.0,567.0,140.0
0.0,568.0,140.0
0.0,569.0,140.0
0.0,570.0,140.0
0.0,571.0,140.0
0.0,572.0,140.0
0.0,573.0,140.0
0.0,574.0,140.0
0.0,575.0,140.0
0.0,576.0,140.0
0.0,577.0,140.0
0.0,578.0,140.0
0.0,579.0,140.0
0.0,580.0,140.0
0.0,581.0,140.0
0.0,582.0,140.0
0.0,583.0,140.0
0.0,584.0,140.0
0.0,585.0,140.0
0.0,586.0,140.0
0.0,587.0,140.0
0.0,588.0,140.0
0.0,589.0,140.0
0.0,590.0,140.0
0.0,591.0,140.0
0.0,592.0,140.0
0.0,593.0,140.0
0.0,594.0,140.0
0.0,595.0,140.0
0.0,596.0,140.0
0.0,597.0,140.0
0.0,598.0,140.0
0.0,599.0,140.0
0.0,600.0,140.0
0.0,601.0,140.0
0.0,602.0,140.0
0.0,603.0,140.0
0.0,604.0,140.0
0.0,605.0,140.0
0.0,606.0,140.0
0.0,607.0,140.0
0.0,608.0,140.0
0.0,609.0,140.0
0.0,610.0,140.0
0.0,611.0,140.0
0.0,612.0,140.0
0.0,613.0,140.0
0.0,614.0,140.0
0.0,615.0,140.0
0.0,616.0,140.0
0.0,617.0,140.0
0.0,618.0,140.0
0.0,619.0,140.0
0.0,620.0,140.0
0.0,621.0,0.0
0.0,622.0,0.0
0.0,623.0,0.0
0.0,624.0,0.0
0.0,625.0,0.0
0.0,626.0,0.0
0.0,627.0,0.0
0.0,628.0,0.0
0.0,629.0,0.0
0.0,630.0,0.0
0.0,631.0,0.0
0.0,632.0,0.0
0.0,633.0,0.0
0.0,634.0,0.0
0.0,635.0,0.0
0.0,636.0,0.0
0.0,637.0,0.0
0.0,638.0,0.0
0.0,639.0,0.0
0.0,640.0,0.0
0.0,641.0,0.0
0.0,642.0,0.0
0.0,643.0,0.0
0.0,644.0,0.0
0.0,645.0,0.0
0.0,646.0,0.0
0.0,647.0,0.0
0.0,648.0,0.0
0.0,649.0,0.0
0.0,650.0,0.0
0.0,651.0,0.0
0.0,652.0,0.0
0.0,653.0,0.0
0.0,654.0,0.0
0.0,655.0,0.0
0.0,656.0,0.0
0.0,657.0,0.0
0.0,658.0,0.0
0.0,659.0,0.0
0.0,660.0,0.0
0.0,661.0,0.0
0.0,662.0,0.0
0.0,663.0,0.0
0.0,664.0,0.0
0.0,665.0,0.0
0.0,666.0,0.0
0.0,667.0,0.0
0.0,668.0,0.0
0.0,669.0,0.0
0.0,670.0,0.0
0.0,671.0,0.0
0.0,672.0,0.0
0.0,673.0,0.0
0.0,674.0,0.0
0.0,675.0,0.0
0.0,676.0,0.0
0.0,677.0,0.0
0.0,678.0,0.0
0.0,679.0,0.0
0.0,680.0,0.0
0.0,681.0,0.0
0.0,682.0,0.0
0.0,683.0,0.0
0.0,684.0,0.0
0.0,685.0,0.0
0.0,686.0,0.0
0.0,687.0,0.0
0.0,688.0,0.0
0.0,689.0,0.0
0.0,690.0,0.0
0.0,691.0,0.0
0.0,692.0,0.0
0.0,693.0,0.0
0.0,694.0,0.0
0.0,695.0,0.0
0.0,696.0,0.0
0.0,697.0,0.0
0.0,698.0,0.0
0.0,699.0,0.0
0.0,700.0,0.0
0.0,701.0,0.0
0.0,702.0,0.0
0.0,703.0,0.0
0.0,704.0,0.0
0.0,705.0,0.0
0.0,706.0,0.0
0.0,707.0,0.0
0.0,708.0,0.0
0.0,709.0,0.0
0.0,710.0,0.0
0.0,711.0,0.0
0.0,712.0,0.0
0.0,713.0,0.0
0.0,714.0,0.0
0.0,715.0,0.0
0.0,716.0,0.0
0.0,717.0,0.0
0.0,718.0,0.0
0.0,719.0,0.0
0.0,720.0,0.0
0.0,721.0,0.0
0.0,722.0,0.0
0.0,723.0,0.0
0.0,724.0,0.0
0.0,725.0,0.0
0.0,726.0,0.0
0.0,727.0,0.0
0.0,728.0,0.0
0.0,729.0,0.0
0.0,730.0,0.0
0.0,731.0,0.0
0.0,732.0,0.0
0.0,733.0,0.0
0.0,734.0,0.0
0.0,735.0,0.0
0.0,736.0,0.0
0.0,737.0,0.0
0.0,738.0,0.0
0.0,739.0,0.0
0.0,740.0,0.0
0.0,741.0,0.0
1.0,0.0,0.0
1.0,1.0,9.140902360810693e-05
1.0,2.0,0.0001831268374848865
1.0,3.0,0.00027546324091189963
1.0,4.0,0.00036873019234539086
1.0,5.0,0.0004632426917663936
1.0,6.0,0.0005593200864959417
1.0,7.0,0.0006572868415772739
1.0,8.0,0.0007574740159955212
1.0,9.0,0.0008602199362271536
1.0,10.0,0.0009658718580963939
1.0,11.0,0.0010747865593087398
1.0,12.0,0.0011873322029044085
1.0,13.0,0.0013038888655318155
1.0,14.0,0.001424850619451836
1.0,15.0,0.0015506260145261668
1.0,16.0,0.0016816403970108835
1.0,17.0,0.0018183363647640597
1.0,18.0,0.0019611763426772453
1.0,19.0,0.0021106430324862213
1.0,20.0,0.0022672422666690146
1.0,21.0,0.00243150347652406
1.0,22.0,0.0026039828487700325
1.0,23.0,0.0027852638383015988
1.0,24.0,0.002975960654631986
1.0,25.0,0.0031767188490297456
1.0,26.0,0.003388219161441261
1.0,27.0,0.0036111782156562034
1.0,28.0,0.0038463527615502707
1.0,29.0,0.004094540516653658
1.0,30.0,0.004356584843611942
1.0,31.0,0.0046333757822078075
1.0,32.0,0.004925855208038232
1.0,33.0,0.0052350181058778145
1.0,34.0,0.005561918262953803
1.0,35.0,0.005907669842812186
1.0,36.0,0.006273453675547329
1.0,37.0,0.006660519201390131
1.0,38.0,0.0070701914312140835
1.0,39.0,0.007503873341361134
1.0,40.0,0.007963053591216622
1.0,41.0,0.00844930946591098
1.0,42.0,0.008964315454403474
1.0,43.0,0.009509846855414016
1.0,44.0,0.01008778934015826
1.0,45.0,0.010700143360180327
1.0,46.0,0.011349034844795174
1.0,47.0,0.012036720578737883
1.0,48.0,0.012765600217022043
1.0,49.0,0.013538222837256447
1.0,50.0,0.014357300496054793
1.0,51.0,0.015225716207848157
1.0,52.0,0.016146539319905798
1.0,53.0,0.01712303522965163
1.0,54.0,0.01815868292345076
1.0,55.0,0.01925718682209527
1.0,56.0,0.020422496916762657
1.0,57.0,0.02165882323329684
1.0,58.0,0.022970659113975257
1.0,59.0,0.024362798923479662
1.0,60.0,0.025840365176730964
1.0,61.0,0.027408830284112784
1.0,62.0,0.029074048426749845
1.0,63.0,0.030842282371130413
1.0,64.0,0.03272024126223293
1.0,65.0,0.034715113850111244
1.0,66.0,0.03683461373437716
1.0,67.0,0.03908702076887598
1.0,68.0,0.04148123578579507
1.0,69.0,0.0440268325245215
1.0,70.0,0.046734124544733954
1.0,71.0,0.049614230828147726
1.0,72.0,0.052679158537925035
1.0,73.0,0.055941886565602714
1.0,74.0,0.059416469129477574
1.0,75.0,0.0631181431317084
1.0,76.0,0.0670634594938997
1.0,77.0,0.07127042247795327
1.0,78.0,0.07575865841530792
1.0,79.0,0.08054959848290046
1.0,80.0,0.0856666985375198
1.0,81.0,0.09113568178619968
1.0,82.0,0.09698482950119411
1.0,83.0,0.10324530749154302
1.0,84.0,0.10995155671459404
1.0,85.0,0.11714173894982201
1.0,86.0,0.12485827069841278
1.0,87.0,0.13314844154352026
1.0,88.0,0.14206515761366723
1.0,89.0,0.1516678152597461
1.0,90.0,0.16202335773016519
1.0,91.0,0.17320753505867661
1.0,92.0,0.18530644040162145
1.0,93.0,0.19841836941086013
1.0,94.0,0.21265611167107498
1.0,95.0,0.22814976833993894
1.0,96.0,0.24505027028610255
1.0,97.0,0.26353377999664457
1.0,98.0,0.2838072761132089
1.0,99.0,0.30611567879220514
1.0,100.0,0.3307510651276441
1.0,101.0,0.3580646952535743
1.0,102.0,0.38848293280914814
1.0,103.0,0.4225285812490639
1.0,104.0,0.4608499444594194
1.0,105.0,0.5042610453020995
1.0,106.0,0.5537983681569145
1.0,107.0,0.6108025769368906
1.0,108.0,0.677039055518685
1.0,109.0,0.7548805354934752
1.0,110.0,0.8475925190255807
1.0,111.0,0.9597955868071715
1.0,112.0,1.0982462820404049
1.0,113.0,1.2732228817299867
1.0,114.0,1.5011333782696907
1.0,115.0,1.8097786666387197
1.0,116.0,2.2498858009397678
1.0,117.0,2.922889075971788
1.0,118.0,4.055181479240693
1.0,119.0,6.219048036998935
1.0,120.0,11.061334744610908
1.0,121.0,23.93835289781094
1.0,122.0,28.780639099627535
1.0,123.0,30.94450464407344
1.0,124.0,32.07679552306358
1.0,125.0,32.749796757661024
1.0,126.0,33.189901328423346
1.0,127.0,33.49854352141792
1.0,128.0,33.726450380200575
1.0,129.0,33.90142278735131
1.0,130.0,34.03986872096678
1.0,131.0,34.152066441806035
1.0,132.0,34.24477247481734
1.0,133.0,34.322607380365376
1.0,134.0,34.388836638138585
1.0,135.0,34.44583295502245
1.0,136.0,34.49536168786694
1.0,137.0,34.53876347113815
1.0,138.0,34.57707475723953
1.0,139.0,34.61110953440798
1.0,140.0,34.64151606912684
1.0,141.0,34.66881712452829
1.0,142.0,34.69343902085772
1.0,143.0,34.71573297161618
1.0,144.0,34.7359910038484
1.0,145.0,34.75445798404725
1.0,146.0,34.7713408333703
1.0,147.0,34.78681565276692
1.0,148.0,34.80103330727425
1.0,149.0,34.81412382765051
1.0,150.0,34.82619992823292
1.0,151.0,34.83735982425514
1.0,152.0,34.84768952295735
1.0,153.0,34.85726468257866
1.0,154.0,34.86615214831049
1.0,155.0,34.87441121173466
1.0,156.0,34.8820946670462
1.0,157.0,34.889249684196926
1.0,158.0,34.89591855182295
1.0,159.0,34.90213929496952
1.0,160.0,34.90794620835165
1.0,161.0,34.913370301267335
1.0,162.0,34.91843968744187
1.0,163.0,34.9231799105835
1.0,164.0,34.92761423417012
1.0,165.0,34.93176388300963
1.0,166.0,34.93564826194158
1.0,167.0,34.939285137257706
1.0,168.0,34.942690804036964
1.0,169.0,34.94588022379768
1.0,170.0,34.948867154100654
1.0,171.0,34.951664253833506
1.0,172.0,34.95428318463448
1.0,173.0,34.95673469183971
1.0,174.0,34.95902868448392
1.0,175.0,34.96117429760711
1.0,176.0,34.963179955628426
1.0,177.0,34.96505342005062
1.0,178.0,34.96680183958925
1.0,179.0,34.96843178609421
1.0,180.0,34.96994929375259
1.0,181.0,34.97135988510266
1.0,182.0,34.97266860077429
1.0,183.0,34.97388001667723
1.0,184.0,34.974998264984436
1.0,185.0,34.976027042824406
1.0,186.0,34.97696962443886
1.0,187.0,34.977828860879846
1.0,188.0,34.97860718235023
1.0,189.0,34.97930658734089
1.0,190.0,34.97992863289367
1.0,191.0,34.98047441006021
1.0,192.0,34.980944517881056
1.0,193.0,34.981339019561574
1.0,194.0,34.98165739273168
1.0,195.0,34.98189845647592
1.0,196.0,34.982060284745394
1.0,197.0,34.98214008666652
1.0,198.0,34.9821340593915
1.0,199.0,34.982037189387476
1.0,200.0,34.981843000250855
1.0,201.0,34.981543212971246
1.0,202.0,34.98112730105994
1.0,203.0,34.98058188396978
1.0,204.0,34.97988990582807
1.0,205.0,34.97902948866228
1.0,206.0,34.977972319382836
1.0,207.0,34.97668131672073
1.0,208.0,34.97510719467936
1.0,209.0,34.97318324584198
1.0,210.0,34.97081719325013
1.0,211.0,34.96787798243179
1.0,212.0,34.96417347667433
1.0,213.0,34.95941086403605
1.0,214.0,34.9531221493192
1.0,215.0,34.94451377747614
1.0,216.0,34.932137117268894
1.0,217.0,34.91309471601796
1.0,218.0,34.88091883440778
1.0,219.0,34.81925906490182
1.0,220.0,34.68106322393675
1.0,221.0,34.31329437058789
1.0,222.0,34.17508052480915
1.0,223.0,34.11338468445776
1.0,224.0,34.08115454322564
1.0,225.0,34.062039509044986
1.0,226.0,34.04957159535282
1.0,227.0,34.040853038978554
1.0,228.0,34.03443483338689
1.0,229.0,34.029522982615276
1.0,230.0,34.02564898271832
1.0,231.0,34.02251944405353
1.0,232.0,34.01994158035802
1.0,233.0,34.01778361429615
1.0,234.0,34.01595246911638
1.0,235.0,34.01438055882666
1.0,236.0,34.01301763568781
1.0,237.0,34.0118255712214
1.0,238.0,34.010774914445136
1.0,239.0,34.00984255599241
1.0,240.0,34.00901010896923
1.0,241.0,34.008262758754526
1.0,242.0,34.00758843460165
1.0,243.0,34.0069771989159
1.0,244.0,34.00642079412767
1.0,245.0,34.0059122979623
1.0,246.0,34.005445861729136
1.0,247.0,34.005016505599
1.0,248.0,34.004619960478884
1.0,249.0,34.00425254108694
1.0,250.0,34.00391104671406
1.0,251.0,34.003592679544376
1.0,252.0,34.00329498031112
1.0,253.0,34.003015773970674
1.0,254.0,34.00275312677481
1.0,255.0,34.00250530903837
1.0,256.0,34.0022707657515
1.0,257.0,34.00204809033509
1.0,258.0,34.00183600402693
1.0,259.0,34.0016333368685
1.0,260.0,34.00143901288858
1.0,261.0,34.00125203593859
1.0,262.0,34.00107147875881
1.0,263.0,34.00089647210545
1.0,264.0,34.000726196430364
1.0,265.0,34.00055987325032
1.0,266.0,34.0003967585714
1.0,267.0,34.000236135766855
1.0,268.0,34.000077310127004
1.0,269.0,33.999919602708765
1.0,270.0,33.99976234554521
1.0,271.0,33.99960487604818
1.0,272.0,33.99944653250039
1.0,273.0,33.99928664865538
1.0,274.0,33.999124549175555
1.0,275.0,33.99895954409357
1.0,276.0,33.99879092385946
1.0,277.0,33.998617953307416
1.0,278.0,33.99843986593443
1.0,279.0,33.998255856953165
1.0,280.0,33.998065076335465
1.0,281.0,33.99786662041322
1.0,282.0,33.99765952306652
1.0,283.0,33.99744274513758
1.0,284.0,33.997215162892914
1.0,285.0,33.99697555419915
1.0,286.0,33.996722582988255
1.0,287.0,33.99645478063604
1.0,288.0,33.99617052451329
1.0,289.0,33.99586801218157
1.0,290.0,33.995545231050826
1.0,291.0,33.995199921633194
1.0,292.0,33.99482953353748
1.0,293.0,33.99443117167148
1.0,294.0,33.99400153069326
1.0,295.0,33.99353681389761
1.0,296.0,33.993032632641906
1.0,297.0,33.99248388001985
1.0,298.0,33.99188457126417
1.0,299.0,33.99122763965009
1.0,300.0,33.99050467317031
1.0,301.0,33.989705570451505
1.0,302.0,33.98881808586487
1.0,303.0,33.98782721946355
1.0,304.0,33.98671438666547
1.0,305.0,33.98545626871839
1.0,306.0,33.98402319147361
1.0,307.0,33.98237679016544
1.0,308.0,33.98046656538934
1.0,309.0,33.9782246647537
1.0,310.0,33.975557727931175
1.0,311.0,33.9723336774494
1.0,312.0,33.96835940770865
1.0,313.0,33.96334119110194
1.0,314.0,33.9568101642413
1.0,315.0,33.94797195075686
1.0,316.0,33.935377139663665
1.0,317.0,33.91612753973461
1.0,318.0,33.883754709420494
1.0,319.0,33.82190757507399
1.0,320.0,33.68353331862513
1.0,321.0,33.31559439619996
1.0,322.0,33.17721825217298
1.0,323.0,33.11536733625347
1.0,324.0,33.08298881752942
1.0,325.0,33.063731603011085
1.0,326.0,33.05112722528048
1.0,327.0,33.04227746056426
1.0,328.0,33.03573285860922
1.0,329.0,33.030698996826175
1.0,330.0,33.026706958591916
1.0,331.0,33.02346295573809
1.0,332.0,33.020773814689804
1.0,333.0,33.01850738219019
1.0,334.0,33.01657021420397
1.0,335.0,33.014894366221846
1.0,336.0,33.01342923816681
1.0,337.0,33.01213635546163
1.0,338.0,33.01098592482552
1.0,339.0,33.00995449836256
1.0,340.0,33.00902335211
1.0,341.0,33.008177335695024
1.0,342.0,33.007404041739115
1.0,343.0,33.00669319485694
1.0,344.0,33.00603619642373
1.0,345.0,33.005425779407176
1.0,346.0,33.004855744620336
1.0,347.0,33.00432075537495
1.0,348.0,33.00381617736511
1.0,349.0,33.00333795090158
1.0,350.0,33.0028824896992
1.0,351.0,33.00244659810517
1.0,352.0,33.00202740476406
1.0,353.0,33.001622306907
1.0,354.0,33.00122892537578
1.0,355.0,33.00084506566355
1.0,356.0,33.00046868637162
1.0,357.0,33.00009787083553
1.0,358.0,32.999730804185994
1.0,359.0,32.99936575172876
1.0,360.0,32.99900104155424
1.0,361.0,32.998635047193886
1.0,362.0,32.99826617376226
1.0,363.0,32.99789284321228
1.0,364.0,32.99751348260924
1.0,365.0,32.997126510779424
1.0,366.0,32.9967303276749
1.0,367.0,32.996323301478135
1.0,368.0,32.995903758209934
1.0,369.0,32.9954699684834
1.0,370.0,32.99502013658396
1.0,371.0,32.994552386093005
1.0,372.0,32.99406474764962
1.0,373.0,32.993555142599426
1.0,374.0,32.993021368536404
1.0,375.0,32.99246107997061
1.0,376.0,32.99187177053103
1.0,377.0,32.99125074936505
1.0,378.0,32.99059511852797
1.0,379.0,32.98990174338288
1.0,380.0,32.98916722315086
1.0,381.0,32.988387852896594
1.0,382.0,32.98755958436719
1.0,383.0,32.986677976099315
1.0,384.0,32.98573814036943
1.0,385.0,32.984734676329055
1.0,386.0,32.98366159684689
1.0,387.0,32.982512237005196
1.0,388.0,32.98127915135371
1.0,389.0,32.97995398594427
1.0,390.0,32.9785273311842
1.0,391.0,32.976988538697725
1.0,392.0,32.97532550600017
1.0,393.0,32.97352440771116
1.0,394.0,32.97156937270616
1.0,395.0,32.96944207842391
1.0,396.0,32.9671212531324
1.0,397.0,32.964582043903164
1.0,398.0,32.96179522404728
1.0,399.0,32.9587261720203
1.0,400.0,32.95533356054571
1.0,401.0,32.95156763541748
1.0,402.0,32.94736794716494
1.0,403.0,32.942660299840995
1.0,404.0,32.937352605949734
1.0,405.0,32.93132913780371
1.0,406.0,32.9244424283433
1.0,407.0,32.916501594048974
1.0,408.0,32.90725512225885
1.0,409.0,32.89636477847889
1.0,410.0,32.88336483958379
1.0,411.0,32.867596046915246
1.0,412.0,32.84809405987633
1.0,413.0,32.823391485832374
1.0,414.0,32.7911453203589
1.0,415.0,32.74738506076086
1.0,416.0,32.684865107687784
1.0,417.0,32.589096036821246
1.0,418.0,32.42773725898084
1.0,419.0,32.11903511144949
1.0,420.0,31.427727307649583
1.0,421.0,29.58862803091831
1.0,422.0,28.897376516939186
1.0,423.0,28.58878714043767
1.0,424.0,28.4275979985304
1.0,425.0,28.332056005407484
1.0,426.0,28.269821344773465
1.0,427.0,28.2264055630121
1.0,428.0,28.194564233940145
1.0,429.0,28.17032823331815
1.0,430.0,28.151356147057896
1.0,431.0,28.13618238862783
1.0,432.0,28.12384464792638
1.0,433.0,28.113685926241416
1.0,434.0,28.105243000621964
1.0,435.0,28.09818038335082
1.0,436.0,28.092249568228212
1.0,437.0,28.08726294575407
1.0,438.0,28.083076606027706
1.0,439.0,28.079578671256957
1.0,440.0,28.076681214900294
1.0,441.0,28.074314524626814
1.0,442.0,28.072422978605896
1.0,443.0,28.07096200824919
1.0,444.0,28.06989585464579
1.0,445.0,28.06919586409406
1.0,446.0,28.06883920585833
1.0,447.0,28.06880787110105
1.0,448.0,28.06908791337754
1.0,449.0,28.069668840579855
1.0,450.0,28.070543155385142
1.0,451.0,28.071705978273954
1.0,452.0,28.073154768858444
1.0,453.0,28.07488909154294
1.0,454.0,28.076910451461092
1.0,455.0,28.079222152769354
1.0,456.0,28.081829211227507
1.0,457.0,28.08473827622581
1.0,458.0,28.087957597981372
1.0,459.0,28.091496996591857
1.0,460.0,28.09536787127673
1.0,461.0,28.09958320720426
1.0,462.0,28.104157620188737
1.0,463.0,28.10910739694574
1.0,464.0,28.114450572785813
1.0,465.0,28.120207004536205
1.0,466.0,28.1263984819866
1.0,467.0,28.133048835712863
1.0,468.0,28.140184085933303
1.0,469.0,28.147832590392518
1.0,470.0,28.156025237331814
1.0,471.0,28.164795641866426
1.0,472.0,28.174180393385786
1.0,473.0,28.18421931292966
1.0,474.0,28.194955770000245
1.0,475.0,28.20643701886602
1.0,476.0,28.218714606137024
1.0,477.0,28.231844811475913
1.0,478.0,28.245889176303926
1.0,479.0,28.2609150852397
1.0,480.0,28.276996459414015
1.0,481.0,28.294214530904448
1.0,482.0,28.312658763638236
1.0,483.0,28.332427897068957
1.0,484.0,28.353631187285636
1.0,485.0,28.376389833019257
1.0,486.0,28.40083867562896
1.0,487.0,28.42712817843574
1.0,488.0,28.45542679752326
1.0,489.0,28.485923778695938
1.0,490.0,28.518832530650034
1.0,491.0,28.554394658321197
1.0,492.0,28.592884870969332
1.0,493.0,28.634616934314675
1.0,494.0,28.67995099485501
1.0,495.0,28.729302598827257
1.0,496.0,28.783153941806766
1.0,497.0,28.84206795763794
1.0,498.0,28.90670618028266
1.0,499.0,28.977851548063292
1.0,500.0,29.056437884063797
1.0,501.0,29.143588382965536
1.0,502.0,29.240666547242167
1.0,503.0,29.34934446683507
1.0,504.0,29.47169580343441
1.0,505.0,29.610324493434394
1.0,506.0,29.76854631392721
1.0,507.0,29.950650384053226
1.0,508.0,30.162284883730248
1.0,509.0,30.41104146620076
1.0,510.0,30.707368599966188
1.0,511.0,31.066050957981858
1.0,512.0,31.50870823455979
1.0,513.0,32.068229617188706
1.0,514.0,32.79711931507831
1.0,515.0,33.784338761758605
1.0,516.0,35.192213022705296
1.0,517.0,37.34533025976748
1.0,518.0,40.96814636346355
1.0,519.0,47.89197166345565
1.0,520.0,63.38671149065215
1.0,521.0,104.59256004005357
1.0,522.0,120.08723237681875
1.0,523.0,127.01092246647421
1.0,524.0,130.6335351798275
1.0,525.0,132.78638015483116
1.0,526.0,134.1939123552124
1.0,527.0,135.180718778954
1.0,528.0,135.90912308475313
1.0,529.0,136.4680850533833
1.0,530.0,136.9101069870445
1.0,531.0,137.26807590773004
1.0,532.0,137.56360907495073
1.0,533.0,137.811488452026
1.0,534.0,138.02215950947704
1.0,535.0,138.203210607227
1.0,536.0,138.36028632015058
1.0,537.0,138.49767184194445
1.0,538.0,138.6186786843626
1.0,539.0,138.72590616793792
1.0,540.0,138.8214229650816
1.0,541.0,138.90689579012448
1.0,542.0,138.9836823569424
1.0,543.0,139.0528996430219
1.0,544.0,139.1154747947939
1.0,545.0,139.17218359565885
1.0,546.0,139.2236799107734
1.0,547.0,139.2705184686607
1.0,548.0,139.31317268201374
1.0,549.0,139.35204870940396
1.0,550.0,139.38749665756546
1.0,551.0,139.4198195675937
1.0,552.0,139.44928068463187
1.0,553.0,139.4761093705166
1.0,554.0,139.5005059486054
1.0,555.0,139.52264568941825
1.0,556.0,139.54268211027187
1.0,557.0,139.56074971443647
1.0,558.0,139.57696627602067
1.0,559.0,139.59143474901748
1.0,560.0,139.6042448663096
1.0,561.0,139.6154744798351
1.0,562.0,139.62519068218765
1.0,563.0,139.63345074493378
1.0,564.0,139.6403028969778
1.0,565.0,139.64578696894625
1.0,566.0,139.64993491503247
1.0,567.0,139.65277123288786
1.0,568.0,139.65431328411302
1.0,569.0,139.65457153287932
1.0,570.0,139.6535496981043
1.0,571.0,139.6512448349824
1.0,572.0,139.64764733511493
1.0,573.0,139.64274085995336
1.0,574.0,139.63650219098653
1.0,575.0,139.62890101040512
1.0,576.0,139.61989958972873
1.0,577.0,139.6094523987492
1.0,578.0,139.59750560567434
1.0,579.0,139.58399647846034
1.0,580.0,139.5688526502959
1.0,581.0,139.55199125507357
1.0,582.0,139.53331788560206
1.0,583.0,139.51272537324047
1.0,584.0,139.49009232768208
1.0,585.0,139.46528142344204
1.0,586.0,139.43813735139184
1.0,587.0,139.40848440145854
1.0,588.0,139.37612356369127
1.0,589.0,139.3408290792008
1.0,590.0,139.30234427840765
1.0,591.0,139.26037657863614
1.0,592.0,139.21459139549864
1.0,593.0,139.164604735614
1.0,594.0,139.10997408076338
1.0,595.0,139.05018714184808
1.0,596.0,138.9846478305192
1.0,597.0,138.91265867136926
1.0,598.0,138.83339850313266
1.0,599.0,138.7458939931708
1.0,600.0,138.64898281100713
1.0,601.0,138.54126553659765
1.0,602.0,138.4210420101639
1.0,603.0,138.28622599691755
1.0,604.0,138.13422897323773
1.0,605.0,137.96179926018328
1.0,606.0,137.76479507930995
1.0,607.0,137.53785768638508
1.0,608.0,137.2739292333275
1.0,609.0,136.9635222613679
1.0,610.0,136.5935780312292
1.0,611.0,136.14561729411218
1.0,612.0,135.59261677556955
1.0,613.0,134.89346609199345
1.0,614.0,133.98253584245802
1.0,615.0,132.7486248606246
1.0,616.0,130.9888272053345
1.0,617.0,128.29740783419254
1.0,618.0,123.76879681097158
1.0,619.0,115.11385592064221
1.0,620.0,95.74520296218593
1.0,621.0,44.23759442217449
1.0,622.0,24.86888546028359
1.0,623.0,16.213832372660796
1.0,624.0,11.685052576494588
1.0,625.0,8.993407282755028
1.0,626.0,7.23332578616095
1.0,627.0,5.999072078507389
1.0,628.0,5.087739051286747
1.0,629.0,4.388124166655624
1.0,630.0,3.834596441245912
1.0,631.0,3.386043694460273
1.0,632.0,3.015440631445768
1.0,633.0,2.704305754871455
1.0,634.0,2.439577837726683
1.0,635.0,2.2117666883548717
1.0,636.0,2.013811467198424
1.0,637.0,1.8403501725851008
1.0,638.0,1.6872374866791005
1.0,639.0,1.551217900175126
1.0,640.0,1.429698749332597
1.0,641.0,1.3205893385426115
1.0,642.0,1.222184704630477
1.0,643.0,1.1330802683681962
1.0,644.0,1.0521081589733694
1.0,645.0,0.9782891064808437
1.0,646.0,0.9107955860310512
1.0,647.0,0.8489233132524574
1.0,648.0,0.7920689117420799
1.0,649.0,0.7397123023131408
1.0,650.0,0.6914026357363106
1.0,651.0,0.6467470191209643
1.0,652.0,0.605401355148131
1.0,653.0,0.5670629015936365
1.0,654.0,0.5314641306693992
1.0,655.0,0.49836768656678043
1.0,656.0,0.46756216317203586
1.0,657.0,0.43885860653823827
1.0,658.0,0.41208754518976565
1.0,659.0,0.38709651395070716
1.0,660.0,0.3637479222617615
1.0,661.0,0.34191726884707296
1.0,662.0,0.3214915829545257
1.0,663.0,0.302368115926511
1.0,664.0,0.2844531818105804
1.0,665.0,0.2676611842312474
1.0,666.0,0.25191374031943775
1.0,667.0,0.23713894725908308
1.0,668.0,0.22327071044467853
1.0,669.0,0.21024818394548903
1.0,670.0,0.19801524805599127
1.0,671.0,0.18652007771183876
1.0,672.0,0.17571473081730135
1.0,673.0,0.16555481199782743
1.0,674.0,0.15599914412091978
1.0,675.0,0.14700950392408782
1.0,676.0,0.1385503567673064
1.0,677.0,0.13058864704561468
1.0,678.0,0.12309358155207487
1.0,679.0,0.11603646207836814
1.0,680.0,0.10939050655860386
1.0,681.0,0.10313071447149869
1.0,682.0,0.09723371765929129
1.0,683.0,0.09167767146477238
1.0,684.0,0.08644212909819735
1.0,685.0,0.0815079531365509
1.0,686.0,0.07685720876337583
1.0,687.0,0.07247309150722292
1.0,688.0,0.06833983575506813
1.0,689.0,0.06444265553715625
1.0,690.0,0.06076766551880499
1.0,691.0,0.05730183233747765
1.0,692.0,0.05403290588393999
1.0,693.0,0.050949379226447516
1.0,694.0,0.048040428452839325
1.0,695.0,0.04529587962056508
1.0,696.0,0.04270615578401692
1.0,697.0,0.040262249719765074
1.0,698.0,0.037955677035532986
1.0,699.0,0.035778453660761864
1.0,700.0,0.0337230541450691
1.0,701.0,0.03178239309221858
1.0,702.0,0.029949787921356726
1.0,703.0,0.028218943570265574
1.0,704.0,0.026583919123040207
1.0,705.0,0.025039115225551342
1.0,706.0,0.023579244086648805
1.0,707.0,0.022199319142106717
1.0,708.0,0.02089462801902398
1.0,709.0,0.01966072405947849
1.0,710.0,0.018493401904168667
1.0,711.0,0.01738869054758987
1.0,712.0,0.016342831250633547
1.0,713.0,0.015352271848387349
1.0,714.0,0.0144136467450655
1.0,715.0,0.013523772235875278
1.0,716.0,0.01267962837335549
1.0,717.0,0.01187835509795723
1.0,718.0,0.011117235794208423
1.0,719.0,0.01039369405212754
1.0,720.0,0.009705278755845752
1.0,721.0,0.009049661320798036
1.0,722.0,0.008424622177482008
1.0,723.0,0.00782804834840296
1.0,724.0,0.007257921206282103
1.0,725.0,0.00671231427063749
1.0,726.0,0.006189382133564571
1.0,727.0,0.005687358369139082
1.0,728.0,0.005204545531343962
1.0,729.0,0.004739313080597314
1.0,730.0,0.004290088367858284
1.0,731.0,0.003855354491840317
1.0,732.0,0.003433642191083473
1.0,733.0,0.0030235275530686337
1.0,734.0,0.0026236247423220057
1.0,735.0,0.0022325834889030346
1.0,736.0,0.0018490825855858382
1.0,737.0,0.0014718270882107406
1.0,738.0,0.0010995425188039577
1.0,739.0,0.0007309717141814854
1.0,740.0,0.00036486967462542625
1.0,741.0,0.0
2.0,0.0,0.0
2.0,1.0,0.00018479223506469614
2.0,2.0,0.00037020867966846806
2.0,3.0,0.0005568757220784139
2.0,4.0,0.000745423837287444
2.0,5.0,0.000936490065710824
2.0,6.0,0.0011307196798838856
2.0,7.0,0.001328768992631795
2.0,8.0,0.001531306812550829
2.0,9.0,0.0017390176118882766
2.0,10.0,0.0019526028020203563
2.0,11.0,0.002172784292495842
2.0,12.0,0.0024003056193549663
2.0,13.0,0.0026359359285223504
2.0,14.0,0.0028804709919829237
2.0,15.0,0.0031347376510014145
2.0,16.0,0.003399594757936512
2.0,17.0,0.0036759381176755565
2.0,18.0,0.003964701396296972
2.0,19.0,0.004266861602718501
2.0,20.0,0.004583440009600811
2.0,21.0,0.004915508221616851
2.0,22.0,0.005264189159041836
2.0,23.0,0.005630663764389078
2.0,24.0,0.006016172105199619
2.0,25.0,0.006422020777219861
2.0,26.0,0.006849584190173132
2.0,27.0,0.007300312733384166
2.0,28.0,0.007775734317019336
2.0,29.0,0.008277463375355641
2.0,30.0,0.008807202746413783
2.0,31.0,0.009366753599259604
2.0,32.0,0.009958017747503071
2.0,33.0,0.010583008600535201
2.0,34.0,0.011243854021509866
2.0,35.0,0.011942808418805923
2.0,36.0,0.012682256277467942
2.0,37.0,0.013464725527144858
2.0,38.0,0.014292891898339434
2.0,39.0,0.015169593727519868
2.0,40.0,0.01609783731695088
2.0,41.0,0.017080813367782912
2.0,42.0,0.018121903556056626
2.0,43.0,0.019224698821884486
2.0,44.0,0.020393007416196214
2.0,45.0,0.021630875320657696
2.0,46.0,0.022942596072173416
2.0,47.0,0.024332733646598943
2.0,48.0,0.025806134433999227
2.0,49.0,0.027367952993032747
2.0,50.0,0.02902366663355483
2.0,51.0,0.030779104542491956
2.0,52.0,0.03264046553702821
2.0,53.0,0.034614351183169856
2.0,54.0,0.036707787419804606
2.0,55.0,0.03892826244652747
2.0,56.0,0.04128375309628223
2.0,57.0,0.043782768471021465
2.0,58.0,0.04643438217205309
2.0,59.0,0.049248282926722266
2.0,60.0,0.052234814089776545
2.0,61.0,0.05540503285361278
2.0,62.0,0.058770758837067845
2.0,63.0,0.06234464393679145
2.0,64.0,0.06614023235855171
2.0,65.0,0.07017204379161796
2.0,66.0,0.07445564796399821
2.0,67.0,0.07900776466761182
2.0,68.0,0.08384635690754512
2.0,69.0,0.0889907524631442
2.0,70.0,0.09446176106087811
2.0,71.0,0.10028182375667605
2.0,72.0,0.10647516145198059
2.0,73.0,0.11306796062038689
2.0,74.0,0.12008856314524809
2.0,75.0,0.12756770008172755
2.0,76.0,0.13553873658303264
2.0,77.0,0.14403796993469464
2.0,78.0,0.1531049488116168
2.0,79.0,0.16278285844006815
2.0,80.0,0.1731189414621166
2.0,81.0,0.1841650028735897
2.0,82.0,0.1959779717622237
2.0,83.0,0.2086205734161862
2.0,84.0,0.2221620894281102
2.0,85.0,0.23667926700872693
2.0,86.0,0.2522573632238342
2.0,87.0,0.2689913970576899
2.0,88.0,0.28698760841242066
2.0,89.0,0.306365215497135
2.0,90.0,0.32725849219991415
2.0,91.0,0.3498192874192807
2.0,92.0,0.37422004649253693
2.0,93.0,0.40065750878779527
2.0,94.0,0.42935720953636014
2.0,95.0,0.46057905234494184
2.0,96.0,0.49462420435449794
2.0,97.0,0.5318437512512943
2.0,98.0,0.5726495993091514
2.0,99.0,0.6175283923292827
2.0,100.0,0.6670593988468823
2.0,101.0,0.7219378123614996
2.0,102.0,0.7830054049820125
2.0,103.0,0.851291441119891
2.0,104.0,0.9280680035362513
2.0,105.0,1.0149260480733056
2.0,106.0,1.113881704700476
2.0,107.0,1.2275277820993682
2.0,108.0,1.359254260544955
2.0,109.0,1.5135769423723011
2.0,110.0,1.6966403711232492
2.0,111.0,1.9170105892295553
2.0,112.0,2.186966491654887
2.0,113.0,2.524681019585095
2.0,114.0,2.9580513689531815
2.0,115.0,3.531696941491414
2.0,116.0,4.320211665005324
2.0,117.0,5.4538204029734425
2.0,118.0,7.16727393054744
2.0,119.0,9.881672145583169
2.0,120.0,14.264037541598578
2.0,121.0,20.73533099714335
2.0,122.0,25.11769537066353
2.0,123.0,27.832091537228674
2.0,124.0,29.54554198338435
2.0,125.0,30.679146596496246
2.0,126.0,31.467656137671437
2.0,127.0,32.041295452738
2.0,128.0,32.47465844818327
2.0,129.0,32.81236450067536
2.0,130.0,33.082310777248786
2.0,131.0,33.30267018625051
2.0,132.0,33.48572158574799
2.0,133.0,33.640030977083896
2.0,134.0,33.77174285837029
2.0,135.0,33.88537298200435
2.0,136.0,33.98431127363321
2.0,137.0,34.07115048241867
2.0,138.0,34.14790667369842
2.0,139.0,34.21617073333087
2.0,140.0,34.277214668478216
2.0,141.0,34.3320676620553
2.0,142.0,34.38157139846447
2.0,143.0,34.42642097695812
2.0,144.0,34.46719556491515
2.0,145.0,34.50438169768561
2.0,146.0,34.53839116536333
2.0,147.0,34.56957492927664
2.0,148.0,34.598234023520206
2.0,149.0,34.62462820944286
2.0,150.0,34.64898287020618
2.0,151.0,34.671494582686066
2.0,152.0,34.69233561859824
2.0,153.0,34.711657641375666
2.0,154.0,34.729594726762635
2.0,155.0,34.74626588130646
2.0,156.0,34.761777118742074
2.0,157.0,34.77622321638929
2.0,158.0,34.78968917297907
2.0,159.0,34.80225145953862
2.0,160.0,34.813979062228114
2.0,161.0,34.82493439024512
2.0,162.0,34.83517403424836
2.0,163.0,34.84474943676853
2.0,164.0,34.85370745191753
2.0,165.0,34.86209084826489
2.0,166.0,34.86993872723533
2.0,167.0,34.87728690574578
2.0,168.0,34.88416823243972
2.0,169.0,34.890612882600735
2.0,170.0,34.89664859934344
2.0,171.0,34.90230092348064
2.0,172.0,34.90759337870238
2.0,173.0,34.91254765239134
2.0,174.0,34.91718373827022
2.0,175.0,34.92152007952374
2.0,176.0,34.92557367849747
2.0,177.0,34.9293602101872
2.0,178.0,34.93289410575677
2.0,179.0,34.93618864202855
2.0,180.0,34.939256003468486
2.0,181.0,34.94210735143149
2.0,182.0,34.944752867559444
2.0,183.0,34.94720180495674
2.0,184.0,34.949462514437556
2.0,185.0,34.95154247831389
2.0,186.0,34.95344831939418
2.0,187.0,34.95518581642732
2.0,188.0,34.95675989393392
2.0,189.0,34.958174616255455
2.0,190.0,34.959433153811005
2.0,191.0,34.96053774966436
2.0,192.0,34.96148965400703
2.0,193.0,34.96228905232848
2.0,194.0,34.962934953675635
2.0,195.0,34.96342506129979
2.0,196.0,34.963755589305734
2.0,197.0,34.963921041895844
2.0,198.0,34.96391391286658
2.0,199.0,34.96372431168258
2.0,200.0,34.9633394611795
2.0,201.0,34.96274305312291
2.0,202.0,34.96191437930702
2.0,203.0,34.960827181785035
2.0,204.0,34.959448077495686
2.0,205.0,34.9577344026529
2.0,206.0,34.9556311796473
2.0,207.0,34.95306680414371
2.0,208.0,34.94994674826969
2.0,209.0,34.946144185011825
2.0,210.0,34.94148562116647
2.0,211.0,34.935728260300756
2.0,212.0,34.928523108233186
2.0,213.0,34.91935266530177
2.0,214.0,34.90742149248615
2.0,215.0,34.89145628106048
2.0,216.0,34.86932721497904
2.0,217.0,34.83731494083676
2.0,218.0,34.788713568207136
2.0,219.0,34.71149287305653
2.0,220.0,34.58659619778864
2.0,221.0,34.401997151703526
2.0,222.0,34.27706407867122
2.0,223.0,34.199770464156245
2.0,224.0,34.15105940262997
2.0,225.0,34.11890029678025
2.0,226.0,34.09658675676399
2.0,227.0,34.0803988011073
2.0,228.0,34.0682058556964
2.0,229.0,34.05873371992756
2.0,230.0,34.05118592714939
2.0,231.0,34.04504380915985
2.0,232.0,34.03995705972891
2.0,233.0,34.035681420298346
2.0,234.0,34.03204178212633
2.0,235.0,34.02890954117951
2.0,236.0,34.02618822690779
2.0,237.0,34.023804116958836
2.0,238.0,34.021699935220646
2.0,239.0,34.019830527483805
2.0,240.0,34.01815982206584
2.0,241.0,34.016658660837635
2.0,242.0,34.01530321624279
2.0,243.0,34.01407382602181
2.0,244.0,34.01295411512879
2.0,245.0,34.011930333376476
2.0,246.0,34.01099084208143
2.0,247.0,34.01012571948967
2.0,248.0,34.009326446969354
2.0,249.0,34.008585664467574
2.0,250.0,34.00789697115115
2.0,251.0,34.007254768625
2.0,252.0,34.006654129909386
2.0,253.0,34.00609069591294
2.0,254.0,34.00556058664761
2.0,255.0,34.00506033104173
2.0,256.0,34.004586805047204
2.0,257.0,34.004137182880804
2.0,258.0,34.003708892689794
2.0,259.0,34.003299581864226
2.0,260.0,34.002907084405315
2.0,261.0,34.00252939562771
2.0,262.0,34.00216464744802
2.0,263.0,34.0018110894115
2.0,264.0,34.00146706938376
2.0,265.0,34.00113101883258
2.0,266.0,34.00080143719233
2.0,267.0,34.000476879953844
2.0,268.0,34.00015594546305
2.0,269.0,33.99983726475938
2.0,270.0,33.99951948987375
2.0,271.0,33.9992012845895
2.0,272.0,33.99888131347983
2.0,273.0,33.9985582328903
2.0,274.0,33.99823068003569
2.0,275.0,33.99789726354222
2.0,276.0,33.99755655192357
2.0,277.0,33.99720706298112
2.0,278.0,33.99684725089813
2.0,279.0,33.99647549367081
2.0,280.0,33.99609007788394
2.0,281.0,33.99568918311124
2.0,282.0,33.995270863131445
2.0,283.0,33.99483302584812
2.0,284.0,33.99437340921272
2.0,285.0,33.993889554590666
2.0,286.0,33.99337877487056
2.0,287.0,33.99283811820676
2.0,288.0,33.99226432452709
2.0,289.0,33.991653774965584
2.0,290.0,33.99100243090733
2.0,291.0,33.990305761748026
2.0,292.0,33.98955865713514
2.0,293.0,33.988755321135294
2.0,294.0,33.98788914231844
2.0,295.0,33.98695253440989
2.0,296.0,33.98593673810973
2.0,297.0,33.98483157371292
2.0,298.0,33.98362512854155
2.0,299.0,33.98230335925268
2.0,300.0,33.98084957977164
2.0,301.0,33.97924379552589
2.0,302.0,33.97746182668425
2.0,303.0,33.97547413916228
2.0,304.0,33.97324426298286
2.0,305.0,33.97072661925997
2.0,306.0,33.96786348216458
2.0,307.0,33.96458065020239
2.0,308.0,33.96078114557731
2.0,309.0,33.95633582415902
2.0,310.0,33.9510690055342
2.0,311.0,33.944735822765935
2.0,312.0,33.93698532574302
2.0,313.0,33.92729816133494
2.0,314.0,33.914877138016664
2.0,315.0,33.898447284378335
2.0,316.0,33.87587721053207
2.0,317.0,33.843446067797466
2.0,318.0,33.79444654847932
2.0,319.0,33.716847079787144
2.0,320.0,33.591589723650536
2.0,321.0,33.40664686838728
2.0,322.0,33.2813856964019
2.0,323.0,33.20377858305621
2.0,324.0,33.154767564292094
2.0,325.0,33.12232102826498
2.0,326.0,33.09973161493099
2.0,327.0,33.08327840989569
2.0,328.0,33.07082994380832
2.0,329.0,33.06111115193732
2.0,330.0,33.0533247350334
2.0,331.0,33.04695121768584
2.0,332.0,33.04163951223566
2.0,333.0,33.03714459872792
2.0,334.0,33.033290627371535
2.0,335.0,33.029948268038815
2.0,336.0,33.02702033923676
2.0,337.0,33.02443241774705
2.0,338.0,33.02212653670355
2.0,339.0,33.020056856461636
2.0,340.0,33.018186625052664
2.0,341.0,33.01648600466198
2.0,342.0,33.01493048822892
2.0,343.0,33.013499729828354
2.0,344.0,33.01217666587131
2.0,345.0,33.0109468485711
2.0,346.0,33.00979793152461
2.0,347.0,33.008719271076316
2.0,348.0,33.00770161104172
2.0,349.0,33.00673683416719
2.0,350.0,33.00581776083079
2.0,351.0,33.00493798826637
2.0,352.0,33.00409175705399
2.0,353.0,33.003273843527424
2.0,354.0,33.0024794678648
2.0,355.0,33.0017042196745
2.0,356.0,33.000943992231065
2.0,357.0,33.00019492921564
2.0,358.0,32.9994533756282
2.0,359.0,32.998715838184616
2.0,360.0,32.99797894688057
2.0,361.0,32.997239424184926
2.0,362.0,32.996494053258544
2.0,363.0,32.99573965264738
2.0,364.0,32.99497304836458
2.0,365.0,32.99419105171249
2.0,366.0,32.99339043314111
2.0,367.0,32.99256790135507
2.0,368.0,32.99172007724119
2.0,369.0,32.990843472673376
2.0,370.0,32.989934462950885
2.0,371.0,32.98898926376623
2.0,372.0,32.9880039005559
2.0,373.0,32.98697418196656
2.0,374.0,32.985895664297466
2.0,375.0,32.98476361947856
2.0,376.0,32.983572992351604
2.0,377.0,32.98231836061606
2.0,378.0,32.98099388199079
2.0,379.0,32.9795932427031
2.0,380.0,32.97810959048025
2.0,381.0,32.9765354668053
2.0,382.0,32.97486272001489
2.0,383.0,32.97308241447339
2.0,384.0,32.97118471547945
2.0,385.0,32.969158765301636
2.0,386.0,32.966992527579414
2.0,387.0,32.96467261511004
2.0,388.0,32.96218407503821
2.0,389.0,32.95951014515201
2.0,390.0,32.956631950743315
2.0,391.0,32.9535281527484
2.0,392.0,32.95017450973346
2.0,393.0,32.94654335841092
2.0,394.0,32.9426029641191
2.0,395.0,32.93831673420523
2.0,396.0,32.93364222658003
2.0,397.0,32.92852992347774
2.0,398.0,32.92292166758334
2.0,399.0,32.91674868485106
2.0,400.0,32.90992902274865
2.0,401.0,32.90236423340354
2.0,402.0,32.89393498808848
2.0,403.0,32.88449524499811
2.0,404.0,32.873864339151815
2.0,405.0,32.861816130910114
2.0,406.0,32.84806381381632
2.0,407.0,32.8322382855064
2.0,408.0,32.813856642556615
2.0,409.0,32.79227524584662
2.0,410.0,32.76661786897558
2.0,411.0,32.735662463674444
2.0,412.0,32.697656674963284
2.0,413.0,32.65000625972445
2.0,414.0,32.588727908619376
2.0,415.0,32.50744955772188
2.0,416.0,32.39551719487124
2.0,417.0,32.23432967858676
2.0,418.0,31.99035373696101
2.0,419.0,31.603434959276814
2.0,420.0,30.978287295953134
2.0,421.0,30.054776540584278
2.0,422.0,29.429742670367027
2.0,423.0,29.043051865999168
2.0,424.0,28.799418853019475
2.0,425.0,28.638690387561624
2.0,426.0,28.527334759064182
2.0,427.0,28.44675278936491
2.0,428.0,28.38629283628662
2.0,429.0,28.339585623889324
2.0,430.0,28.3026510555755
2.0,431.0,28.27289854107191
2.0,432.0,28.24857982734747
2.0,433.0,28.228477436754225
2.0,434.0,28.21172019368852
2.0,435.0,28.197670014063664
2.0,436.0,28.185850068059185
2.0,437.0,28.17589787438546
2.0,438.0,28.16753381270414
2.0,439.0,28.160539528717045
2.0,440.0,28.154742763329846
2.0,441.0,28.15000654116619
2.0,442.0,28.146221286169535
2.0,443.0,28.14329903586468
2.0,444.0,28.14116908669071
2.0,445.0,28.139774730943703
2.0,446.0,28.139070731964363
2.0,447.0,28.139021409082748
2.0,448.0,28.139599117951917
2.0,449.0,28.140783096024265
2.0,450.0,28.14255852401839
2.0,451.0,28.144915822175605
2.0,452.0,28.14785006414979
2.0,453.0,28.151360553513207
2.0,454.0,28.155450461889043
2.0,455.0,28.16012658866053
2.0,456.0,28.165399149530643
2.0,457.0,28.17128166308305
2.0,458.0,28.177790846789176
2.0,459.0,28.1849465977301
2.0,460.0,28.192771971484046
2.0,461.0,28.201293238869813
2.0,462.0,28.210539934863824
2.0,463.0,28.220544982860027
2.0,464.0,28.231344808898598
2.0,465.0,28.242979532006984
2.0,466.0,28.255493145385994
2.0,467.0,28.2689337773366
2.0,468.0,28.28335394681659
2.0,469.0,28.298810905266826
2.0,470.0,28.3153669800147
2.0,471.0,28.333090013831736
2.0,472.0,28.35205381685567
2.0,473.0,28.372338728816178
2.0,474.0,28.394032209437245
2.0,475.0,28.417229559053425
2.0,476.0,28.442034690118742
2.0,477.0,28.468561056933105
2.0,478.0,28.496932668783423
2.0,479.0,28.527285300997434
2.0,480.0,28.559767836221802
2.0,481.0,28.594543860584157
2.0,482.0,28.631793458173295
2.0,483.0,28.67171534344164
2.0,484.0,28.714529292415254
2.0,485.0,28.76047903503535
2.0,486.0,28.80983559720742
2.0,487.0,28.86290129049951
2.0,488.0,28.920014382774692
2.0,489.0,28.98155470522743
2.0,490.0,29.047950302937053
2.0,491.0,29.11968548020062
2.0,492.0,29.19731047302126
2.0,493.0,29.28145326477543
2.0,494.0,29.372833996804587
2.0,495.0,29.47228278357219
2.0,496.0,29.580761782588063
2.0,497.0,29.699392873169476
2.0,498.0,29.829492548973466
2.0,499.0,29.972616434412775
2.0,500.0,30.130616530198747
2.0,501.0,30.305715755652855
2.0,502.0,30.500606047247203
2.0,503.0,30.718579263250888
2.0,504.0,30.963704234265208
2.0,505.0,31.241070118335145
2.0,506.0,31.557126571703215
2.0,507.0,31.920168542483633
2.0,508.0,32.341041855421274
2.0,509.0,32.83419487130409
2.0,510.0,33.41928783581148
2.0,511.0,34.12372968081523
2.0,512.0,34.98681036355287
2.0,513.0,36.06668066181926
2.0,514.0,37.4526088485962
2.0,515.0,39.28737410933164
2.0,516.0,41.80967397387603
2.0,517.0,45.43622479949301
2.0,518.0,50.91822570069419
2.0,519.0,59.603192795043185
2.0,520.0,73.62559432267756
2.0,521.0,94.33250114082561
2.0,522.0,108.35476623267893
2.0,523.0,117.03945999127633
2.0,524.0,122.52104972738897
2.0,525.0,126.14705015937007
2.0,526.0,128.66865852968385
2.0,527.0,130.50258884131767
2.0,528.0,131.88753578252704
2.0,529.0,132.9662751956108
2.0,530.0,133.82807150150538
2.0,531.0,134.53107109780328
2.0,532.0,135.11455902356326
2.0,533.0,135.60593872996364
2.0,534.0,136.02486440687855
2.0,535.0,136.38577775403166
2.0,536.0,136.69951731408273
2.0,537.0,136.97437009586258
2.0,538.0,137.21677713971818
2.0,539.0,137.43181826845245
2.0,540.0,137.62355223440665
2.0,541.0,137.7952600246271
2.0,542.0,137.94962188272638
2.0,543.0,138.08884815556735
2.0,544.0,138.21477735721035
2.0,545.0,138.32895064425185
2.0,546.0,138.43266901972666
2.0,547.0,138.52703777231525
2.0,548.0,138.61300131879878
2.0,549.0,138.6913707938598
2.0,550.0,138.76284605977443
2.0,551.0,138.82803341897352
2.0,552.0,138.88745995211255
2.0,553.0,138.94158521515456
2.0,554.0,138.99081082437846
2.0,555.0,139.03548836418327
2.0,556.0,139.0759259318457
2.0,557.0,139.11239358434494
2.0,558.0,139.1451278806294
2.0,559.0,139.17433568365752
2.0,560.0,139.2001973460807
2.0,561.0,139.2228693813689
2.0,562.0,139.24248670366478
2.0,563.0,139.2591644975028
2.0,564.0,139.272999776875
2.0,565.0,139.28407266692224
2.0,566.0,139.29244745386626
2.0,567.0,139.29817341622154
2.0,568.0,139.30128547496963
2.0,569.0,139.30180466002219
2.0,570.0,139.29973842620794
2.0,571.0,139.2950808029806
2.0,572.0,139.28781240851768
2.0,573.0,139.27790030053634
2.0,574.0,139.26529769264744
2.0,575.0,139.24994349692446
2.0,576.0,139.23176171937612
2.0,577.0,139.2106606565935
2.0,578.0,139.18653191679516
2.0,579.0,139.15924919924254
2.0,580.0,139.1286668491256
2.0,581.0,139.0946181041446
2.0,582.0,139.05691303919414
2.0,583.0,139.01533610182108
2.0,584.0,138.9696432265971
2.0,585.0,138.91955838789588
2.0,586.0,138.86476954841928
2.0,587.0,138.80492381369953
2.0,588.0,138.73962169806975
2.0,589.0,138.66841023568375
2.0,590.0,138.5907747540076
2.0,591.0,138.50612891886982
2.0,592.0,138.4138027162826
2.0,593.0,138.31302776938097
2.0,594.0,138.2029193859854
2.0,595.0,138.08245436327766
2.0,596.0,137.95044345164786
2.0,597.0,137.80549681878108
2.0,598.0,137.64598047735578
2.0,599.0,137.4699606924243
2.0,600.0,137.2751324612902
2.0,601.0,137.05872638003942
2.0,602.0,136.81738605168223
2.0,603.0,136.5470044922128
2.0,604.0,136.24250284413188
2.0,605.0,135.89752621261246
2.0,606.0,135.5040184748167
2.0,607.0,135.0516163116376
2.0,608.0,134.52676724613124
2.0,609.0,133.91141508733193
2.0,610.0,133.180988260635
2.0,611.0,132.30122881886007
2.0,612.0,131.2230270321321
2.0,613.0,129.87369665146497
2.0,614.0,128.14165407698377
2.0,615.0,125.84842658898015
2.0,616.0,122.6956430673444
2.0,617.0,118.16240838566696
2.0,618.0,111.30972350625426
2.0,619.0,100.45319266601395
2.0,620.0,82.92472948236868
2.0,621.0,57.04049382353107
2.0,622.0,39.51191742572442
2.0,623.0,28.65515977197559
2.0,624.0,21.8021337084921
2.0,625.0,17.268442311112686
2.0,626.0,14.115084988664966
2.0,627.0,11.821164661153901
2.0,628.0,10.088307850432791
2.0,629.0,8.738039062638054
2.0,630.0,7.658771501357849
2.0,631.0,6.777815282900469
2.0,632.0,6.046056596147607
2.0,633.0,5.4292329460219255
2.0,634.0,4.9027677326430465
2.0,635.0,4.448599237672464
2.0,636.0,4.053168941292561
2.0,637.0,3.7061069363529007
2.0,638.0,3.399349950314019
2.0,639.0,3.126535341934573
2.0,640.0,2.882575890510551
2.0,641.0,2.6633555910608404
2.0,642.0,2.465508343562581
2.0,643.0,2.286254311437558
2.0,644.0,2.1232773004339505
2.0,645.0,1.9746315701702029
2.0,646.0,1.8386702788407359
2.0,647.0,1.7139898271805485
2.0,648.0,1.5993862439259667
2.0,649.0,1.4938205768009998
2.0,650.0,1.3963913056321744
2.0,651.0,1.3063120626809037
2.0,652.0,1.2228936192035018
2.0,653.0,1.1455291048552743
2.0,654.0,1.073681916021479
2.0,655.0,1.006875647691798
2.0,656.0,0.9446857781838717
2.0,657.0,0.8867326482495899
2.0,658.0,0.8326756194659148
2.0,659.0,0.7822080741381315
2.0,660.0,0.7350532329248463
2.0,661.0,0.6909605252637426
2.0,662.0,0.6497025437181617
2.0,663.0,0.6110723627740569
2.0,664.0,0.574881286843633
2.0,665.0,0.5409568373207186
2.0,666.0,0.5091410642749333
2.0,667.0,0.47928901221080905
2.0,668.0,0.4512674383879781
2.0,669.0,0.424953626713199
2.0,670.0,0.4002344035799558
2.0,671.0,0.37700520849220187
2.0,672.0,0.3551693304533204
2.0,673.0,0.3346371703937988
2.0,674.0,0.3153256430391041
2.0,675.0,0.2971575843951326
2.0,676.0,0.28006127917870455
2.0,677.0,0.2639699792857627
2.0,678.0,0.24882152750271574
2.0,679.0,0.2345579618322891
2.0,680.0,0.22112521376343217
2.0,681.0,0.20847277972956965
2.0,682.0,0.19655347765240175
2.0,683.0,0.18532317143584334
2.0,684.0,0.17474057345340593
2.0,685.0,0.16476701136388835
2.0,686.0,0.15536626711709747
2.0,687.0,0.14650437787388973
2.0,688.0,0.13814950425953879
2.0,689.0,0.13027175903008928
2.0,690.0,0.12284309891492914
2.0,691.0,0.11583717606817136
2.0,692.0,0.1092292490586798
2.0,693.0,0.10299605320302106
2.0,694.0,0.09711572718682063
2.0,695.0,0.09156769918323472
2.0,696.0,0.0863326262992055
2.0,697.0,0.08139229400431641
2.0,698.0,0.07672956614377006
2.0,699.0,0.07232829568347292
2.0,700.0,0.0681732834582349
2.0,701.0,0.06425019861417115
2.0,702.0,0.06054554459509061
2.0,703.0,0.05704658795809056
2.0,704.0,0.05374133036516486
2.0,705.0,0.050618444681033097
2.0,706.0,0.04766725194694507
2.0,707.0,0.04487766385544555
2.0,708.0,0.04224016385142615
2.0,709.0,0.03974575522732146
2.0,710.0,0.03738594563192273
2.0,711.0,0.03515270014950295
2.0,712.0,0.033038428606800924
2.0,713.0,0.03103594309693595
2.0,714.0,0.029138447564680033
2.0,715.0,0.02733949931546377
2.0,716.0,0.025633000432716577
2.0,717.0,0.02401316287741799
2.0,718.0,0.022474501352096075
2.0,719.0,0.02101180165005497
2.0,720.0,0.019620114631060222
2.0,721.0,0.018294727523760438
2.0,722.0,0.01703115872008838
2.0,723.0,0.015825131771199426
2.0,724.0,0.014672570742692072
2.0,725.0,0.01356957667494728
2.0,726.0,0.012512423270610355
2.0,727.0,0.011497535615585383
2.0,728.0,0.010521485994760101
2.0,729.0,0.009580974690917477
2.0,730.0,0.008672825745166429
2.0,731.0,0.0077939696683327515
2.0,732.0,0.0069414389795659365
2.0,733.0,0.006112352678879661
2.0,734.0,0.005303911411399914
2.0,735.0,0.0045133835610452295
2.0,736.0,0.0037380998992254484
2.0,737.0,0.0029754411684981075
2.0,738.0,0.0022228320835005716
2.0,739.0,0.0014777302800311016
2.0,740.0,0.0007376195428121836
2.0,741.0,0.0
3.0,0.0,0.0
3.0,1.0,0.00027994086591357024
3.0,2.0,0.0005608273833446522
3.0,3.0,0.0008436082934743832
3.0,4.0,0.0011292389490748793
3.0,5.0,0.0014186840162402467
3.0,6.0,0.0017129214729644892
3.0,7.0,0.002012944967908564
3.0,8.0,0.002319768340767744
3.0,9.0,0.002634427684387406
3.0,10.0,0.0029579864335267715
3.0,11.0,0.003291537178716736
3.0,12.0,0.003636207372247909
3.0,13.0,0.0039931609450292345
3.0,14.0,0.004363604681658488
3.0,15.0,0.0047487896952592605
3.0,16.0,0.005150018527409544
3.0,17.0,0.005568646540598975
3.0,18.0,0.006006089803699462
3.0,19.0,0.006463826467414343
3.0,20.0,0.006943405502008479
3.0,21.0,0.007446448128069867
3.0,22.0,0.007974657480547053
3.0,23.0,0.008529820175507083
3.0,24.0,0.009113816983373803
3.0,25.0,0.00972862462239095
3.0,26.0,0.010376327534592661
3.0,27.0,0.011059120008679917
3.0,28.0,0.01177931916503471
3.0,29.0,0.012539367525088083
3.0,30.0,0.013341847327057373
3.0,31.0,0.01418948367612749
3.0,32.0,0.015085160331112929
3.0,33.0,0.016031923590531814
3.0,34.0,0.01703299971279464
3.0,35.0,0.01809179971834305
3.0,36.0,0.019211938633173744
3.0,37.0,0.020397241417694365
3.0,38.0,0.021651764256599742
3.0,39.0,0.02297980186232575
3.0,40.0,0.0243859110750537
3.0,41.0,0.02587491983438369
3.0,42.0,0.027451953403564457
3.0,43.0,0.029122445359560746
3.0,44.0,0.030892166818121364
3.0,45.0,0.03276723986279445
3.0,46.0,0.034754170225613744
3.0,47.0,0.03685986366379245
3.0,48.0,0.0390916626491956
3.0,49.0,0.0414573663126805
3.0,50.0,0.043965271820203156
3.0,51.0,0.0466241986460863
3.0,52.0,0.04944353547269999
3.0,53.0,0.05243326973473797
3.0,54.0,0.055604041083845764
3.0,55.0,0.058967177378983465
3.0,56.0,0.06253475602196144
3.0,57.0,0.06631964787145542
3.0,58.0,0.0703355881003796
3.0,59.0,0.0745972299068065
3.0,60.0,0.07912022699730911
3.0,61.0,0.08392129948970492
3.0,62.0,0.08901833072660949
3.0,63.0,0.09443044845830845
3.0,64.0,0.1001781394920079
3.0,65.0,0.10628335017268213
3.0,66.0,0.11276962345267856
3.0,67.0,0.11966222394585985
3.0,68.0,0.1269883034692948
3.0,69.0,0.13477705766358922
3.0,70.0,0.14305992807273457
3.0,71.0,0.15187079969395662
3.0,72.0,0.16124625045732038
3.0,73.0,0.17122580237657925
3.0,74.0,0.18185223321499358
3.0,75.0,0.19317189858160402
3.0,76.0,0.20523512614984388
3.0,77.0,0.21809663273167768
3.0,78.0,0.2318160294583922
3.0,79.0,0.24645836757501893
3.0,80.0,0.2620947947595091
3.0,81.0,0.27880327769932894
3.0,82.0,0.2966694672239797
3.0,83.0,0.31578766720726054
3.0,84.0,0.336261992681276
3.0,85.0,0.3582076874445968
3.0,86.0,0.38175270023382984
3.0,87.0,0.40703950465937366
3.0,88.0,0.43422728306046193
3.0,89.0,0.46349448419452305
3.0,90.0,0.49504190872577697
3.0,91.0,0.5290963740249489
3.0,92.0,0.5659151683864211
3.0,93.0,0.6057914177968529
3.0,94.0,0.6490606719665856
3.0,95.0,0.696108959663232
3.0,96.0,0.7473827926546149
3.0,97.0,0.8034016009927476
3.0,98.0,0.8647734001168311
3.0,99.0,0.9322146165365327
3.0,100.0,1.0065754977092771
3.0,101.0,1.0888729200151477
3.0,102.0,1.180333300044689
3.0,103.0,1.2824492911577599
3.0,104.0,1.3970557424427976
3.0,105.0,1.5264327772043893
3.0,106.0,1.6734478662380952
3.0,107.0,1.8417547264137517
3.0,108.0,2.036076749996615
3.0,109.0,2.2626183704970173
3.0,110.0,2.529674096493079
3.0,111.0,2.8485486650006533
3.0,112.0,3.2349757872257605
3.0,113.0,3.711346158584087
3.0,114.0,4.310253128649846
3.0,115.0,5.080143604305926
3.0,116.0,6.094105043830613
3.0,117.0,7.462369240820297
3.0,118.0,9.34538685738586
3.0,119.0,11.948858862159794
3.0,120.0,15.4331522914398
3.0,121.0,19.565891110769172
3.0,122.0,23.050182991124373
3.0,123.0,25.653651892777834
3.0,124.0,27.536664841466255
3.0,125.0,28.90492278993416
3.0,126.0,29.91887637901939
3.0,127.0,30.688757375585812
3.0,128.0,31.287653205621844
3.0,129.0,31.764010738049695
3.0,130.0,32.15042327867298
3.0,131.0,32.46928147317186
3.0,132.0,32.73631897686951
3.0,133.0,32.96284046455182
3.0,134.0,33.1571403759911
3.0,135.0,33.325423069067256
3.0,136.0,33.47241185331175
3.0,137.0,33.60176035545397
3.0,138.0,33.71633594840886
3.0,139.0,33.818418649495854
3.0,140.0,33.90984319331929
3.0,141.0,33.99210210982231
3.0,142.0,34.066421682783506
3.0,143.0,34.13381864586262
3.0,144.0,34.195143093348264
3.0,145.0,34.25111128752813
3.0,146.0,34.30233106793702
3.0,147.0,34.34932167632888
3.0,148.0,34.3925294230474
3.0,149.0,34.43234012147367
3.0,150.0,34.4690890911157
3.0,151.0,34.50306921195813
3.0,152.0,34.534537509496836
3.0,153.0,34.56372052034841
3.0,154.0,34.590818745298726
3.0,155.0,34.61601031273362
3.0,156.0,34.63945406275155
3.0,157.0,34.66129210323038
3.0,158.0,34.68165199205378
3.0,159.0,34.700648555115855
3.0,160.0,34.718385460552824
3.0,161.0,34.73495653404167
3.0,162.0,34.75044691458742
3.0,163.0,34.764934020647416
3.0,164.0,34.778488412452134
3.0,165.0,34.79117451121845
3.0,166.0,34.803051252042984
3.0,167.0,34.81417262559506
3.0,168.0,34.82458817908666
3.0,169.0,34.83434342830475
3.0,170.0,34.84348024660561
3.0,171.0,34.852037180759076
3.0,172.0,34.86004975606813
3.0,173.0,34.86755071969301
3.0,174.0,34.874570281842196
3.0,175.0,34.88113630342239
3.0,176.0,34.88727448750768
3.0,177.0,34.89300852329713
3.0,178.0,34.89836023791429
3.0,179.0,34.90334970506841
3.0,180.0,34.90799536410469
3.0,181.0,34.91231409898539
3.0,182.0,34.91632132899704
3.0,183.0,34.9200310613361
3.0,184.0,34.923455955655236
3.0,185.0,34.926607351342454
3.0,186.0,34.929495305840675
3.0,187.0,34.93212859531519
3.0,188.0,34.93451472403534
3.0,189.0,34.93665989409439
3.0,190.0,34.93856897956116
3.0,191.0,34.9402454565679
3.0,192.0,34.94169133053956
3.0,193.0,34.942907011126415
3.0,194.0,34.94389117201662
3.0,195.0,34.94464054369507
3.0,196.0,34.94514967013726
3.0,197.0,34.94541057200559
3.0,198.0,34.94541233691364
3.0,199.0,34.945140567802476
3.0,200.0,34.94457669089486
3.0,201.0,34.94369703009702
3.0,202.0,34.942471611522464
3.0,203.0,34.94086255281289
3.0,204.0,34.93882192050943
3.0,205.0,34.93628879203906
3.0,206.0,34.933185221550254
3.0,207.0,34.929410562388455
3.0,208.0,34.92483339194781
3.0,209.0,34.91927976214502
3.0,210.0,34.9125158193103
3.0,211.0,34.904221516606036
3.0,212.0,34.89395009753981
3.0,213.0,34.88106443998273
3.0,214.0,34.86463576885849
3.0,215.0,34.84328220231794
3.0,216.0,34.814917710910976
3.0,217.0,34.77639486641509
3.0,218.0,34.72313129863028
3.0,219.0,34.64925165346124
3.0,220.0,34.5501757277745
3.0,221.0,34.4325444434251
3.0,222.0,34.33341338064873
3.0,223.0,34.25942327387342
3.0,224.0,34.20599354416754
3.0,225.0,34.167248272472875
3.0,226.0,34.138604331617465
3.0,227.0,34.1169133427865
3.0,228.0,34.10008812753728
3.0,229.0,34.08674545414923
3.0,230.0,34.07595499001988
3.0,231.0,34.06707784441767
3.0,232.0,34.05966527231212
3.0,233.0,34.05339501392159
3.0,234.0,34.04803076716788
3.0,235.0,34.04339589443774
3.0,236.0,34.039356029065054
3.0,237.0,34.03580731878602
3.0,238.0,34.032668334642096
3.0,239.0,34.02987438485652
3.0,240.0,34.027373461945274
3.0,241.0,34.02512329425412
3.0,242.0,34.02308918153755
3.0,243.0,34.02124237164759
3.0,244.0,34.01955883983854
3.0,245.0,34.01801834794576
3.0,246.0,34.01660372325122
3.0,247.0,34.015300288544005
3.0,248.0,34.01409541888005
3.0,249.0,34.01297818275064
3.0,250.0,34.01193906017895
3.0,251.0,34.01096970897194
3.0,252.0,34.01006278000055
3.0,253.0,34.00921176019104
3.0,254.0,34.00841084823225
3.0,255.0,34.0076548460911
3.0,256.0,34.00693907332449
3.0,257.0,34.00625929008592
3.0,258.0,34.0056116366656
3.0,259.0,34.004992577385366
3.0,260.0,34.004398856923174
3.0,261.0,34.00382745830434
3.0,262.0,34.00327557052911
3.0,263.0,34.00274055618451
3.0,264.0,34.00221992671417
3.0,265.0,34.00171131661163
3.0,266.0,34.00121246380888
3.0,267.0,34.000721188313406
3.0,268.0,34.00023537590588
3.0,269.0,33.99975295964744
3.0,270.0,33.99927190551876
3.0,271.0,33.99879019556464
3.0,272.0,33.998305814362446
3.0,273.0,33.997816732753414
3.0,274.0,33.99732089414554
3.0,275.0,33.99681619783808
3.0,276.0,33.99630048416337
3.0,277.0,33.99577151635295
3.0,278.0,33.9952269634048
3.0,279.0,33.994664379256044
3.0,280.0,33.9940811820053
3.0,281.0,33.99347462881524
3.0,282.0,33.9928417896768
3.0,283.0,33.99217951589977
3.0,284.0,33.99148440589045
3.0,285.0,33.99075276418558
3.0,286.0,33.989980555576665
3.0,287.0,33.98916335020488
3.0,288.0,33.988296260543514
3.0,289.0,33.98737386575373
3.0,290.0,33.98639012307253
3.0,291.0,33.985338260817294
3.0,292.0,33.98421065079244
3.0,293.0,33.9829986528986
3.0,294.0,33.981692426723825
3.0,295.0,33.98028069952896
3.0,296.0,33.97875048025346
3.0,297.0,33.977086702517916
3.0,298.0,33.975271776875715
3.0,299.0,33.97328502279091
3.0,300.0,33.97110194256083
3.0,301.0,33.968693282475456
3.0,302.0,33.9660238067244
3.0,303.0,33.96305067610686
3.0,304.0,33.959721277735134
3.0,305.0,33.95597027860753
3.0,306.0,33.951715566340255
3.0,307.0,33.946852565064894
3.0,308.0,33.94124613741952
3.0,309.0,33.93471882997616
3.0,310.0,33.92703347224499
3.0,311.0,33.91786688532116
3.0,312.0,33.90676934625758
3.0,313.0,33.89310092936703
3.0,314.0,33.875930201324074
3.0,315.0,33.85387276549127
3.0,316.0,33.824840204891515
3.0,317.0,33.78568282989384
3.0,318.0,33.73181612005366
3.0,319.0,33.65736268161676
3.0,320.0,33.55774036854293
3.0,321.0,33.43958825639496
3.0,322.0,33.339960162910536
3.0,323.0,33.26549514400705
3.0,324.0,33.211611014327545
3.0,325.0,33.172430320899885
3.0,326.0,33.143368464081185
3.0,327.0,33.12127565459953
3.0,328.0,33.10406335525831
3.0,329.0,33.09034702792142
3.0,330.0,33.0791950762875
3.0,331.0,33.069967389267674
3.0,332.0,33.06221403581977
3.0,333.0,33.0556116050408
3.0,334.0,33.04992267019198
3.0,335.0,33.044969495857934
3.0,336.0,33.04061663650932
3.0,337.0,33.03675918014341
3.0,338.0,33.033314649722165
3.0,339.0,33.03021731695724
3.0,340.0,33.027414142355205
3.0,341.0,33.024861826320084
3.0,342.0,33.02252463800874
3.0,343.0,33.02037279117304
3.0,344.0,33.01838121702256
3.0,345.0,33.01652862207055
3.0,346.0,33.01479676077288
3.0,347.0,33.01316986368797
3.0,348.0,33.01163418815105
3.0,349.0,33.010177656882355
3.0,350.0,33.008789570053594
3.0,351.0,33.00746036821407
3.0,352.0,33.006181441494526
3.0,353.0,33.0049449683828
3.0,354.0,33.00374378518614
3.0,355.0,33.0025712722915
3.0,356.0,33.001421261913556
3.0,357.0,33.00028795462443
3.0,358.0,32.999165851823044
3.0,359.0,32.99804969170551
3.0,360.0,32.99693439777462
3.0,361.0,32.995815027174636
3.0,362.0,32.99468672945566
3.0,363.0,32.99354470243504
3.0,364.0,32.9923841571622
3.0,365.0,32.991200277800736
3.0,366.0,32.98998818975478
3.0,367.0,32.9887429208252
3.0,368.0,32.98745937000713
3.0,369.0,32.9861322675426
3.0,370.0,32.984756142112566
3.0,371.0,32.98332527747948
3.0,372.0,32.98183367573525
3.0,373.0,32.98027500803345
3.0,374.0,32.97864257122495
3.0,375.0,32.97692922970411
3.0,376.0,32.975127362128056
3.0,377.0,32.97322879058031
3.0,378.0,32.97122471303459
3.0,379.0,32.969105614748706
3.0,380.0,32.966861180534345
3.0,381.0,32.9644801813178
3.0,382.0,32.96195035783731
3.0,383.0,32.95925827228963
3.0,384.0,32.95638915133583
3.0,385.0,32.953326688100155
3.0,386.0,32.95005282655473
3.0,387.0,32.946547491846275
3.0,388.0,32.9427882889344
3.0,389.0,32.93875012755841
3.0,390.0,32.93440479312096
3.0,391.0,32.92972041349265
3.0,392.0,32.92466083541429
3.0,393.0,32.91918484813782
3.0,394.0,32.91324525635007
3.0,395.0,32.90678771969939
3.0,396.0,32.8997493385397
3.0,397.0,32.89205686771998
3.0,398.0,32.883624494437036
3.0,399.0,32.87435099623831
3.0,400.0,32.86411612822969
3.0,401.0,32.85277592647557
3.0,402.0,32.84015659624343
3.0,403.0,32.82604640279598
3.0,404.0,32.81018483984662
3.0,405.0,32.792247894456494
3.0,406.0,32.77182777197373
3.0,407.0,32.748404472500056
3.0,408.0,32.72130532358548
3.0,409.0,32.68964620445577
3.0,410.0,32.65224456535773
3.0,411.0,32.60748796816954
3.0,412.0,32.5531314343092
3.0,413.0,32.48597914909801
3.0,414.0,32.40137796518287
3.0,415.0,32.292410122705085
3.0,416.0,32.14863799410844
3.0,417.0,31.9543178220195
3.0,418.0,31.686531960614527
3.0,419.0,31.315898663759537
3.0,420.0,30.819512724722212
3.0,421.0,30.23057534769245
3.0,422.0,29.73436178790073
3.0,423.0,29.364073835496093
3.0,424.0,29.096807458471666
3.0,425.0,28.903182676956902
3.0,426.0,28.76028421138721
3.0,427.0,28.652371276264446
3.0,428.0,28.569009835741543
3.0,429.0,28.50328635012859
3.0,430.0,28.450552540865196
3.0,431.0,28.407618122561228
3.0,432.0,28.37224433279942
3.0,433.0,28.342825651950097
3.0,434.0,28.318187184037587
3.0,435.0,28.297453216816823
3.0,436.0,28.27996028112107
3.0,437.0,28.265198399123765
3.0,438.0,28.25277066466874
3.0,439.0,28.24236484902965
3.0,440.0,28.23373318185051
3.0,441.0,28.22667765144652
3.0,442.0,28.221039238533
3.0,443.0,28.216689849580224
3.0,444.0,28.213526280721048
3.0,445.0,28.21146557215947
3.0,446.0,28.210441482808807
3.0,447.0,28.210401709330533
3.0,448.0,28.211305764887044
3.0,449.0,28.213123265944407
3.0,450.0,28.215832634496767
3.0,451.0,28.21942002499771
3.0,452.0,28.22387853197376
3.0,453.0,28.229207518466392
3.0,454.0,28.235412148626963
3.0,455.0,28.242502980482076
3.0,456.0,28.250495718663956
3.0,457.0,28.259410991243104
3.0,458.0,28.269274261135326
3.0,459.0,28.280115740226943
3.0,460.0,28.29197042418366
3.0,461.0,28.304878117896614
3.0,462.0,28.318883575240598
3.0,463.0,28.334036623774743
3.0,464.0,28.350392402781598
3.0,465.0,28.368011585451217
3.0,466.0,28.38696071782831
3.0,467.0,28.407312545423526
3.0,468.0,28.4291464641735
3.0,469.0,28.452548966988026
3.0,470.0,28.477614226771717
3.0,471.0,28.504444688046565
3.0,472.0,28.533151812708418
3.0,473.0,28.563856853837294
3.0,474.0,28.59669180856818
3.0,475.0,28.631800427109496
3.0,476.0,28.669339435759028
3.0,477.0,28.709479856219133
3.0,478.0,28.752408588083668
3.0,479.0,28.79833014508185
3.0,480.0,28.847468724412344
3.0,481.0,28.900070512707156
3.0,482.0,28.95640642586973
3.0,483.0,29.016775206534806
3.0,484.0,29.081507103051827
3.0,485.0,29.15096808547158
3.0,486.0,29.2255648633721
3.0,487.0,29.305750711505613
3.0,488.0,29.392032432834107
3.0,489.0,29.484978546839756
3.0,490.0,29.585229138055777
3.0,491.0,29.693507588692803
3.0,492.0,29.810634807074237
3.0,493.0,29.93754640788885
3.0,494.0,30.07531376215395
3.0,495.0,30.225169782002716
3.0,496.0,30.388540907467274
3.0,497.0,30.567086908062645
3.0,498.0,30.76275099098821
3.0,499.0,30.977823252792554
3.0,500.0,31.21502196357715
3.0,501.0,31.47759856265775
3.0,502.0,31.769474946233892
3.0,503.0,32.0954249070495
3.0,504.0,32.461317173395436
3.0,505.0,32.87444527134235
3.0,506.0,33.3439821281698
3.0,507.0,33.88161655917406
3.0,508.0,34.50246020889156
3.0,509.0,35.22636393329058
3.0,510.0,36.07986667366813
3.0,511.0,37.09913995889278
3.0,512.0,38.33452785555731
3.0,513.0,39.85767661132854
3.0,514.0,41.77288076040825
3.0,515.0,44.23516602455598
3.0,516.0,47.47840765345284
3.0,517.0,51.85534254365822
3.0,518.0,57.8794077015475
3.0,519.0,66.20884085458368
3.0,520.0,77.35681084084501
3.0,521.0,90.5797083747304
3.0,522.0,101.7274716814924
3.0,523.0,110.05649077296594
3.0,524.0,116.07993307857414
3.0,525.0,120.45603420803474
3.0,526.0,123.69822833026242
3.0,527.0,126.15924877855102
3.0,528.0,128.07296649565527
3.0,529.0,129.5944021433821
3.0,530.0,130.82784441764193
3.0,531.0,131.84493293654447
3.0,532.0,132.69600431276442
3.0,533.0,133.41722178000776
3.0,534.0,134.0351151018488
3.0,535.0,134.56952505261611
3.0,536.0,135.03555224118884
3.0,537.0,135.44487346670223
3.0,538.0,135.8066486001735
3.0,539.0,136.12815703887517
3.0,540.0,136.41525223978476
3.0,541.0,136.67269154242192
3.0,542.0,136.9043791263962
3.0,543.0,137.11354740346542
3.0,544.0,137.3028942109276
3.0,545.0,137.47468774994326
3.0,546.0,137.6308477609793
3.0,547.0,137.77300890651588
3.0,548.0,137.9025707539574
3.0,549.0,138.0207374943177
3.0,550.0,138.12854978464426
3.0,551.0,138.2269104330911
3.0,552.0,138.3166052822945
3.0,553.0,138.39832026951478
3.0,554.0,138.47265546230258
3.0,555.0,138.54013664613
3.0,556.0,138.60122494899028
3.0,557.0,138.65632485416947
3.0,558.0,138.70579090187218
3.0,559.0,138.74993330159424
3.0,560.0,138.78902264299148
3.0,561.0,138.8232938516478
3.0,562.0,138.8529495051664
3.0,563.0,138.87816261157934
3.0,564.0,138.89907891687633
3.0,565.0,138.91581881760956
3.0,566.0,138.92847891085427
3.0,567.0,138.93713324245365
3.0,568.0,138.94183425975922
3.0,569.0,138.94261352134845
3.0,570.0,138.9394821488397
3.0,571.0,138.93243106860976
3.0,572.0,138.92143101014355
3.0,573.0,138.90643230597274
3.0,574.0,138.88736444258376
3.0,575.0,138.8641354047048
3.0,576.0,138.83663074461955
3.0,577.0,138.80471241522255
3.0,578.0,138.76821727885624
3.0,579.0,138.72695532412718
3.0,580.0,138.68070747937156
3.0,581.0,138.6292230433608
3.0,582.0,138.57221659205968
3.0,583.0,138.509364361926
3.0,584.0,138.4402999279591
3.0,585.0,138.36460914292545
3.0,586.0,138.28182409761098
3.0,587.0,138.19141601136326
3.0,588.0,138.09278672469733
3.0,589.0,137.98525860710814
3.0,590.0,137.8680624129632
3.0,591.0,137.74032273514476
3.0,592.0,137.60104036113322
3.0,593.0,137.44907089776365
3.0,594.0,137.28309857933775
3.0,595.0,137.1016041208597
3.0,596.0,136.9028248371212
3.0,597.0,136.68470496187786
3.0,598.0,136.44483309959244
3.0,599.0,136.1803629711786
3.0,600.0,135.88791188211619
3.0,601.0,135.56342952916137
3.0,602.0,135.20202645206058
3.0,603.0,134.79774727766852
3.0,604.0,134.34326697167376
3.0,605.0,133.82947854807185
3.0,606.0,133.24492485553264
3.0,607.0,132.5750030006598
3.0,608.0,131.80083070308245
3.0,609.0,130.89760084473514
3.0,610.0,129.83214540069685
3.0,611.0,128.55925483424357
3.0,612.0,127.01600317443408
3.0,613.0,125.11283598106534
3.0,614.0,122.71938772054332
3.0,615.0,119.64187815536275
3.0,616.0,115.58796441901436
3.0,617.0,110.11672587988457
3.0,618.0,102.58636605575586
3.0,619.0,92.17408685927194
3.0,620.0,78.238425597064
3.0,621.0,61.708891519161234
3.0,622.0,47.7730587546864
3.0,623.0,37.3604359706608
3.0,624.0,29.829559304809422
3.0,625.0,24.357628912409773
3.0,626.0,20.302845956710964
3.0,627.0,17.224286849198982
3.0,628.0,14.829605149464115
3.0,629.0,12.925016421107475
3.0,630.0,11.380150285902825
3.0,631.0,10.105446802252409
3.0,632.0,9.037973813930096
3.0,633.0,8.132514900653163
3.0,634.0,7.355894421796219
3.0,635.0,6.683296893270249
3.0,636.0,6.095830877279456
3.0,637.0,5.578883509090032
3.0,638.0,5.120986803242038
3.0,639.0,4.7130220492777255
3.0,640.0,4.347651540699742
3.0,641.0,4.018906251049843
3.0,642.0,3.7218820187918293
3.0,643.0,3.452512751135218
3.0,644.0,3.207398798358441
3.0,645.0,2.983675712051629
3.0,646.0,2.778912623919826
3.0,647.0,2.591032933320578
3.0,648.0,2.4182516560784406
3.0,649.0,2.2590256737858483
3.0,650.0,2.1120137342415894
3.0,651.0,1.9760442207507742
3.0,652.0,1.8500888232569692
3.0,653.0,1.7332410621254668
3.0,654.0,1.6246984856385838
3.0,655.0,1.5237480018989904
3.0,656.0,1.4297535503993977
3.0,657.0,1.3421458626284626
3.0,658.0,1.2604137393847616
3.0,659.0,1.1840967626712582
3.0,660.0,1.112779002999435
3.0,661.0,1.0460837408779968
3.0,662.0,0.9836688456464102
3.0,663.0,0.9252228920778911
3.0,664.0,0.8704617104779353
3.0,665.0,0.819125488885043
3.0,666.0,0.7709761577988402
3.0,667.0,0.725795199806765
3.0,668.0,0.6833816382766587
3.0,669.0,0.643550362162195
3.0,670.0,0.6061305579876104
3.0,671.0,0.5709644148609317
3.0,672.0,0.5379058861437562
3.0,673.0,0.5068196785398754
3.0,674.0,0.4775802620123675
3.0,675.0,0.45007107356611914
3.0,676.0,0.4241837162932649
3.0,677.0,0.39981732715889745
3.0,678.0,0.3768779217537441
3.0,679.0,0.3552778886241487
3.0,680.0,0.33493544749152443
3.0,681.0,0.31577424214876
3.0,682.0,0.29772288796198926
3.0,683.0,0.2807146422253405
3.0,684.0,0.26468702262759375
3.0,685.0,0.24958153898665192
3.0,686.0,0.23534336867916433
3.0,687.0,0.22192113739395533
3.0,688.0,0.20926664072655646
3.0,689.0,0.19733466436413852
3.0,690.0,0.18608274344629427
3.0,691.0,0.1754710146805415
3.0,692.0,0.16546200688252186
3.0,693.0,0.15602051910381595
3.0,694.0,0.14711343714366978
3.0,695.0,0.13870963298080433
3.0,696.0,0.13077980310624313
3.0,697.0,0.12329638548283692
3.0,698.0,0.11623341636565403
3.0,699.0,0.10956646173623773
3.0,700.0,0.10327248991258511
3.0,701.0,0.09732981497054796
3.0,702.0,0.09171798294337523
3.0,703.0,0.08641772518779905
3.0,704.0,0.08141085636592622
3.0,705.0,0.0766802360664746
3.0,706.0,0.07220967707375525
3.0,707.0,0.06798391383628744
3.0,708.0,0.06398851977698858
3.0,709.0,0.06020988142788002
3.0,710.0,0.0566351237362239
3.0,711.0,0.053252088867290125
3.0,712.0,0.05004926862357169
3.0,713.0,0.04701578706681262
3.0,714.0,0.04414133929964481
3.0,715.0,0.04141617718033185
3.0,716.0,0.0388310538243914
3.0,717.0,0.03637721178622797
3.0,718.0,0.03404633272731668
3.0,719.0,0.03183052752229239
3.0,720.0,0.029722290613785465
3.0,721.0,0.027714491569882385
3.0,722.0,0.025800333706615813
3.0,723.0,0.02397334668157592
3.0,724.0,0.022227349015630667
3.0,725.0,0.020556441355857977
3.0,726.0,0.018954972570087145
3.0,727.0,0.017417533352823297
3.0,728.0,0.015938925601058904
3.0,729.0,0.01451415607072388
3.0,730.0,0.01313840877102288
3.0,731.0,0.011807038407155133
3.0,732.0,0.01051554555406148
3.0,733.0,0.00925956964449795
3.0,734.0,0.008034866702212746
3.0,735.0,0.006837301653541346
3.0,736.0,0.005662828415214294
3.0,737.0,0.004507481322948752
3.0,738.0,0.0033673573807268802
3.0,739.0,0.002238606611757336
3.0,740.0,0.001117416284472966
3.0,741.0,0.0
4.0,0.0,0.0
4.0,1.0,0.0003766402550387803
4.0,2.0,0.0007545527204077109
4.0,3.0,0.0011350140461874254
4.0,4.0,0.0015193092101411245
4.0,5.0,0.0019087365688106308
4.0,6.0,0.0023046112535471236
4.0,7.0,0.0027082708930193816
4.0,8.0,0.003121078578586133
4.0,9.0,0.0035444293197668844
4.0,10.0,0.003979752642489568
4.0,11.0,0.004428519841539963
4.0,12.0,0.004892246278525743
4.0,13.0,0.005372499498829746
4.0,14.0,0.005870901300533053
4.0,15.0,0.00638913678803912
4.0,16.0,0.006928956288800555
4.0,17.0,0.007492185421675589
4.0,18.0,0.008080726945246117
4.0,19.0,0.008696571926272517
4.0,20.0,0.009341801611855207
4.0,21.0,0.010018599792270764
4.0,22.0,0.010729254799446402
4.0,23.0,0.011476173169247327
4.0,24.0,0.012261881880995324
4.0,25.0,0.013089043437261048
4.0,26.0,0.013960458473833676
4.0,27.0,0.014879082390665925
4.0,28.0,0.015848028479258893
4.0,29.0,0.01687058625713606
4.0,30.0,0.017950225280637905
4.0,31.0,0.01909061535783004
4.0,32.0,0.020295631239958287
4.0,33.0,0.021569374914873672
4.0,34.0,0.022916181400840653
4.0,35.0,0.024340643355472695
4.0,36.0,0.025847618232443997
4.0,37.0,0.027442255480967712
4.0,38.0,0.029130005370817395
4.0,39.0,0.03091664910634335
4.0,40.0,0.03280830968011043
4.0,41.0,0.03481148528566731
4.0,42.0,0.03693306262771085
4.0,43.0,0.03918035409233424
4.0,44.0,0.04156111402540665
4.0,45.0,0.044083580211804925
4.0,46.0,0.04675649373820801
4.0,47.0,0.04958914544909575
4.0,48.0,0.05259140014141671
4.0,49.0,0.05577374881184313
4.0,50.0,0.05914733809676388
4.0,51.0,0.0627240293116395
4.0,52.0,0.0665164342611643
4.0,53.0,0.0705379823099257
4.0,54.0,0.074802963958706
4.0,55.0,0.07932660749268028
4.0,56.0,0.0841251320700909
4.0,57.0,0.08921583589254946
4.0,58.0,0.09461716100816618
4.0,59.0,0.10034879546913204
4.0,60.0,0.1064317526491661
4.0,61.0,0.11288849053918595
4.0,62.0,0.119743009169023
4.0,63.0,0.12702099110214887
4.0,64.0,0.13474992160445617
4.0,65.0,0.14295925561733203
4.0,66.0,0.1516805667314426
4.0,67.0,0.1609477475627002
4.0,68.0,0.17079719550854033
4.0,69.0,0.1812680556940712
4.0,70.0,0.19240245411757168
4.0,71.0,0.20424579542219953
4.0,72.0,0.2168470576766049
4.0,73.0,0.23025916152590295
4.0,74.0,0.24453934594740842
4.0,75.0,0.25974963138786145
4.0,76.0,0.27595730305256183
4.0,77.0,0.293235499269453
4.0,78.0,0.31166383923444996
4.0,79.0,0.3313291803278968
4.0,80.0,0.3523264423369402
4.0,81.0,0.3747595957773989
4.0,82.0,0.39874275695549827
4.0,83.0,0.4244014966971816
4.0,84.0,0.45187431424294094
4.0,85.0,0.481314397335281
4.0,86.0,0.5128916345244579
4.0,87.0,0.5467950219349352
4.0,88.0,0.5832354543198073
4.0,89.0,0.6224490757189873
4.0,90.0,0.6647012189152962
4.0,91.0,0.7102911623310734
4.0,92.0,0.7595577997859864
4.0,93.0,0.8128865406393273
4.0,94.0,0.8707176497246529
4.0,95.0,0.9335564978130267
4.0,96.0,1.0019861337357248
4.0,97.0,1.076682922463805
4.0,98.0,1.1584360289641433
4.0,99.0,1.2481719991668814
4.0,100.0,1.3469859166433586
4.0,101.0,1.4561813644025738
4.0,102.0,1.5773220487099546
4.0,103.0,1.7122992824965966
4.0,104.0,1.8634210213077906
4.0,105.0,2.0335307840823424
4.0,106.0,2.226168235514288
4.0,107.0,2.445788795712745
4.0,108.0,2.6980675449913583
4.0,109.0,2.9903249735368322
4.0,110.0,3.332129836985131
4.0,111.0,3.7361602598186057
4.0,112.0,4.219438324253248
4.0,113.0,4.80509118553801
4.0,114.0,5.524806637105502
4.0,115.0,6.422057238062733
4.0,116.0,7.55571599009824
4.0,117.0,9.002248952747804
4.0,118.0,10.850885310955608
4.0,119.0,13.178034883815469
4.0,120.0,15.97605648750727
4.0,121.0,19.022656478938398
4.0,122.0,21.82067599875437
4.0,123.0,24.147821396772457
4.0,124.0,25.996451474967596
4.0,125.0,27.44297603106198
4.0,126.0,28.576624221386925
4.0,127.0,29.47386206951949
4.0,128.0,30.19356253371779
4.0,129.0,30.779198122027786
4.0,130.0,31.26245656901055
4.0,131.0,31.666464963017432
4.0,132.0,32.00824531110309
4.0,133.0,32.300475654049244
4.0,134.0,32.5527246549514
4.0,135.0,32.77231270227593
4.0,136.0,32.96491476506656
4.0,137.0,33.134986142202656
4.0,138.0,33.286066366741686
4.0,139.0,33.420998815091494
4.0,140.0,33.54209128883786
4.0,141.0,33.65123493495
4.0,142.0,33.74999328109556
4.0,143.0,33.83966971837883
4.0,144.0,33.92135912441175
4.0,145.0,33.995987824328346
4.0,146.0,34.064344746582684
4.0,147.0,34.127106003006205
4.0,148.0,34.18485437162959
4.0,149.0,34.23809493370288
4.0,150.0,34.2872676446027
4.0,151.0,34.332757583060285
4.0,152.0,34.374903289666
4.0,153.0,34.41400366556743
4.0,154.0,34.45032364054109
4.0,155.0,34.48409892819374
4.0,156.0,34.515539963425034
4.0,157.0,34.544835251086
4.0,158.0,34.57215415466778
4.0,159.0,34.597649300695856
4.0,160.0,34.621458588216
4.0,161.0,34.643706946049036
4.0,162.0,34.66450780330706
4.0,163.0,34.68396439471602
4.0,164.0,34.70217085160468
4.0,165.0,34.71921318609764
4.0,166.0,34.73517011039479
4.0,167.0,34.750113789041485
4.0,168.0,34.76411046063006
4.0,169.0,34.777221019940825
4.0,170.0,34.789501493780314
4.0,171.0,34.80100349637113
4.0,172.0,34.81177459583921
4.0,173.0,34.821858673623055
4.0,174.0,34.83129620761202
4.0,175.0,34.84012455753881
4.0,176.0,34.848378183346085
4.0,177.0,34.85608887222629
4.0,178.0,34.863285905403316
4.0,179.0,34.86999623782867
4.0,180.0,34.8762446224942
4.0,181.0,34.882053750182024
4.0,182.0,34.88744433715633
4.0,183.0,34.89243522934038
4.0,184.0,34.89704345635474
4.0,185.0,34.90128430166231
4.0,186.0,34.90517132303105
4.0,187.0,34.908716387130525
4.0,188.0,34.9119296531366
4.0,189.0,34.914819566441714
4.0,190.0,34.917392797633696
4.0,191.0,34.91965418457826
4.0,192.0,34.92160661234197
4.0,193.0,34.923250884537104
4.0,194.0,34.92458551907472
4.0,195.0,34.92560651583327
4.0,196.0,34.92630702500161
4.0,197.0,34.92667695410512
4.0,198.0,34.92670243349732
4.0,199.0,34.92636516216803
4.0,200.0,34.92564153525784
4.0,201.0,34.924501545524244
4.0,202.0,34.92290732235144
4.0,203.0,34.92081124266533
4.0,204.0,34.918153397903005
4.0,205.0,34.91485823162298
4.0,206.0,34.91082995967101
4.0,207.0,34.9059463277603
4.0,208.0,34.900049934507756
4.0,209.0,34.89293609648046
4.0,210.0,34.88433562792727
4.0,211.0,34.87389026465307
4.0,212.0,34.86111739266696
4.0,213.0,34.84535975521239
4.0,214.0,34.82571529506665
4.0,215.0,34.800945059239325
4.0,216.0,34.76936989411909
4.0,217.0,34.72880782016797
4.0,218.0,34.67671202926839
4.0,219.0,34.6109018322809
4.0,220.0,34.53159784718004
4.0,221.0,34.44515348701348
4.0,222.0,34.36577532225067
4.0,223.0,34.299816513648075
4.0,224.0,34.24749717406714
4.0,225.0,34.20663585389115
4.0,226.0,34.17468472755295
4.0,227.0,34.14946053597652
4.0,228.0,34.129282581189386
4.0,229.0,34.112910093263004
4.0,230.0,34.099438921514725
4.0,231.0,34.08820942871658
4.0,232.0,34.078736328118744
4.0,233.0,34.070658377118534
4.0,234.0,34.063703099139424
4.0,235.0,34.05766219109485
4.0,236.0,34.05237429464924
4.0,237.0,34.047712841578154
4.0,238.0,34.04357736637081
4.0,239.0,34.03988724056531
4.0,240.0,34.03657708019248
4.0,241.0,34.0335933562321
4.0,242.0,34.030891846172274
4.0,243.0,34.02843571342933
4.0,244.0,34.026194027768135
4.0,245.0,34.024140630400666
4.0,246.0,34.02225323912835
4.0,247.0,34.02051275225532
4.0,248.0,34.01890268718319
4.0,249.0,34.01740873920605
4.0,250.0,34.016018417515404
4.0,251.0,34.014720757298136
4.0,252.0,34.01350607657322
4.0,253.0,34.01236578337539
4.0,254.0,34.01129220876484
4.0,255.0,34.01027847458886
4.0,256.0,34.00931837576913
4.0,257.0,34.00840628755081
4.0,258.0,34.00753708038493
4.0,259.0,34.00670605340544
4.0,260.0,34.005908871269554
4.0,261.0,34.00514151530053
4.0,262.0,34.004400235319444
4.0,263.0,34.00368151277502
4.0,264.0,34.002982022876715
4.0,265.0,34.00229860583614
4.0,266.0,34.00162823604323
4.0,267.0,34.00096799868296
4.0,268.0,34.000315063601604
4.0,269.0,33.9996666652785
4.0,270.0,33.99902007959189
4.0,271.0,33.99837260555994
4.0,272.0,33.99772154354212
4.0,273.0,33.9970641773971
4.0,274.0,33.99639775280518
4.0,275.0,33.99571945856364
4.0,276.0,33.995026403715364
4.0,277.0,33.9943155966276
4.0,278.0,33.99358391946062
4.0,279.0,33.99282810344162
4.0,280.0,33.9920446988791
4.0,281.0,33.99123004460765
4.0,282.0,33.990380231190024
4.0,283.0,33.989491061790744
4.0,284.0,33.98855800530133
4.0,285.0,33.98757614475983
4.0,286.0,33.98654011570094
4.0,287.0,33.98544403643389
4.0,288.0,33.98428142464121
4.0,289.0,33.9830451009417
4.0,290.0,33.98172707308912
4.0,291.0,33.980318399548
4.0,292.0,33.97880902459582
4.0,293.0,33.97718758080673
4.0,294.0,33.975441148145144
4.0,295.0,33.973554960832885
4.0,296.0,33.97151204575667
4.0,297.0,33.96929277548165
4.0,298.0,33.96687430937299
4.0,299.0,33.96422989115468
4.0,300.0,33.96132795667784
4.0,301.0,33.95813099206682
4.0,302.0,33.9545940568359
4.0,303.0,33.95066285572986
4.0,304.0,33.9462711930178
4.0,305.0,33.94133757471033
4.0,306.0,33.935760618738605
4.0,307.0,33.92941278035404
4.0,308.0,33.922131667424125
4.0,309.0,33.91370787611874
4.0,310.0,33.90386776477415
4.0,311.0,33.892248850897076
4.0,312.0,33.87836453550115
4.0,313.0,33.86155378547641
4.0,314.0,33.840910972861806
4.0,315.0,33.81519375685328
4.0,316.0,33.78271977697477
4.0,317.0,33.741304006846754
4.0,318.0,33.68839675040608
4.0,319.0,33.62181457012471
4.0,320.0,33.54177547468992
4.0,321.0,33.4546303890562
4.0,322.0,33.37458351685376
4.0,323.0,33.30798575664247
4.0,324.0,33.25505506416623
4.0,325.0,33.21360792233457
4.0,326.0,33.181094528438585
4.0,327.0,33.155329722226114
4.0,328.0,33.134630981341296
4.0,329.0,33.11775577487042
4.0,330.0,33.10379825540632
4.0,331.0,33.09209714074608
4.0,332.0,33.08216555171542
4.0,333.0,33.0736406941282
4.0,334.0,33.066248581313225
4.0,335.0,33.0597794305925
4.0,336.0,33.05407043494881
4.0,337.0,33.04899359804952
4.0,338.0,33.044447046927445
4.0,339.0,33.040348756554984
4.0,340.0,33.03663195695071
4.0,341.0,33.03324173437478
4.0,342.0,33.03013248204502
4.0,343.0,33.02726597071805
4.0,344.0,33.02460986766484
4.0,345.0,33.02213659326825
4.0,346.0,33.01982242401546
4.0,347.0,33.01764678815471
4.0,348.0,33.01559170131988
4.0,349.0,33.0136413172072
4.0,350.0,33.01178155965867
4.0,351.0,33.009999826656056
4.0,352.0,33.00828474213222
4.0,353.0,33.00662595491735
4.0,354.0,33.00501396543839
4.0,355.0,33.00343998493005
4.0,356.0,33.00189580990805
4.0,357.0,33.00037372033217
4.0,358.0,32.99886638490197
4.0,359.0,32.99736678463344
4.0,360.0,32.99586813800511
4.0,361.0,32.99436384103108
4.0,362.0,32.99284740486781
4.0,363.0,32.99131240624892
4.0,364.0,32.9897524323205
4.0,365.0,32.988161036969444
4.0,366.0,32.986531688927656
4.0,367.0,32.984857730479305
4.0,368.0,32.98313232556174
4.0,369.0,32.98134841779974
4.0,370.0,32.979498675594705
4.0,371.0,32.977575446518316
4.0,372.0,32.97557069629427
4.0,373.0,32.9734759563281
4.0,374.0,32.971282253056
4.0,375.0,32.96898004477141
4.0,376.0,32.96655913699192
4.0,377.0,32.964008603685556
4.0,378.0,32.961316682973475
4.0,379.0,32.95847067620038
4.0,380.0,32.95545681624046
4.0,381.0,32.95226013532902
4.0,382.0,32.948864295125155
4.0,383.0,32.945251410381836
4.0,384.0,32.94140182517226
4.0,385.0,32.93729387359033
4.0,386.0,32.93290357922245
4.0,387.0,32.92820432491324
4.0,388.0,32.92316644106123
4.0,389.0,32.91775674195882
4.0,390.0,32.911937950044056
4.0,391.0,32.90566803275726
4.0,392.0,32.89889937958225
4.0,393.0,32.89157783414501
4.0,394.0,32.88364148975726
4.0,395.0,32.875019244347016
4.0,396.0,32.86562899135759
4.0,397.0,32.8553754065122
4.0,398.0,32.844147151288965
4.0,399.0,32.8318133836823
4.0,400.0,32.81821929412568
4.0,401.0,32.80318042061601
4.0,402.0,32.786475260794866
4.0,403.0,32.767835657123534
4.0,404.0,32.74693406446691
4.0,405.0,32.72336658888176
4.0,406.0,32.696630034449406
4.0,407.0,32.66609055986113
4.0,408.0,32.630940250872406
4.0,409.0,32.59013633036833
4.0,410.0,32.5423150239239
4.0,411.0,32.48566857867972
4.0,412.0,32.41776888177499
4.0,413.0,32.335315908461055
4.0,414.0,32.23378691599243
4.0,415.0,32.10697589255393
4.0,416.0,31.946477021714678
4.0,417.0,31.74137149301291
4.0,418.0,31.478917483049226
4.0,419.0,31.148204841441956
4.0,420.0,30.750331030979815
4.0,421.0,30.317058526161706
4.0,422.0,29.91941662915576
4.0,423.0,29.58916860310883
4.0,424.0,29.327413489959994
4.0,425.0,29.12324351653908
4.0,426.0,28.963920040334155
4.0,427.0,28.838528250661295
4.0,428.0,28.738667159288955
4.0,429.0,28.65813643408993
4.0,430.0,28.592419877207725
4.0,431.0,28.538224905207418
4.0,432.0,28.49313176124253
4.0,433.0,28.45534200296922
4.0,434.0,28.42350214433063
4.0,435.0,28.396580723361406
4.0,436.0,28.373782196833087
4.0,437.0,28.3544862090784
4.0,438.0,28.338204200091536
4.0,439.0,28.32454813158055
4.0,440.0,28.313207577032454
4.0,441.0,28.303932841765103
4.0,442.0,28.29652228259203
4.0,443.0,28.29081278740025
4.0,444.0,28.286672449710096
4.0,445.0,28.28399499299528
4.0,446.0,28.28269538138284
4.0,447.0,28.282706456442263
4.0,448.0,28.283976230074085
4.0,449.0,28.28646581665529
4.0,450.0,28.29014773087361
4.0,451.0,28.295004610521875
4.0,452.0,28.301028140076223
4.0,453.0,28.308218277047438
4.0,454.0,28.316582582618008
4.0,455.0,28.326135784042542
4.0,456.0,28.336899383657176
4.0,457.0,28.348901458246917
4.0,458.0,28.36217647034002
4.0,459.0,28.376765246361636
4.0,460.0,28.39271494636041
4.0,461.0,28.4100791885508
4.0,462.0,28.42891815462167
4.0,463.0,28.449298845736035
4.0,464.0,28.471295315478272
4.0,465.0,28.49498905547241
4.0,466.0,28.520469359922235
4.0,467.0,28.547833850207404
4.0,468.0,28.577188985917886
4.0,469.0,28.608650748868385
4.0,470.0,28.64234532713357
4.0,471.0,28.6784099914188
4.0,472.0,28.716993992404234
4.0,473.0,28.75825967794522
4.0,474.0,28.80238366181443
4.0,475.0,28.849558250806005
4.0,476.0,28.899992967093443
4.0,477.0,28.953916382800557
4.0,478.0,29.011578112085502
4.0,479.0,29.073251191303804
4.0,480.0,29.139234705760682
4.0,481.0,29.209856912676617
4.0,482.0,29.285478739416096
4.0,483.0,29.366497934299137
4.0,484.0,29.45335378100651
4.0,485.0,29.54653269546659
4.0,486.0,29.646574666405037
4.0,487.0,29.75408092268973
4.0,488.0,29.869722868571042
4.0,489.0,29.994252772045986
4.0,490.0,30.128516377252282
4.0,491.0,30.27346809293303
4.0,492.0,30.430189143718184
4.0,493.0,30.599909616752498
4.0,494.0,30.784035159177087
4.0,495.0,30.984179745249904
4.0,496.0,31.202205918218528
4.0,497.0,31.440274797002115
4.0,498.0,31.700908436785678
4.0,499.0,31.987068451880727
4.0,500.0,32.302255730330344
4.0,501.0,32.65063827412419
4.0,502.0,33.037216409453656
4.0,503.0,33.468038694562104
4.0,504.0,33.95048684943932
4.0,505.0,34.49365626150618
4.0,506.0,35.108869864280436
4.0,507.0,35.81038084550288
4.0,508.0,36.616345157841465
4.0,509.0,37.550183872835724
4.0,510.0,38.64251233419905
4.0,511.0,39.93389564124055
4.0,512.0,41.47879934864021
4.0,513.0,43.351224985243206
4.0,514.0,45.652567877533976
4.0,515.0,48.52193430444758
4.0,516.0,52.14771167787488
4.0,517.0,56.77458485505225
4.0,518.0,62.6880803682955
4.0,519.0,70.13270239287299
4.0,520.0,79.08399152076662
4.0,521.0,88.83060003621334
4.0,522.0,97.78161110417851
4.0,523.0,105.22567606320197
4.0,524.0,111.13833361186578
4.0,525.0,115.7640850748387
4.0,526.0,119.38845317055952
4.0,527.0,122.25611795999832
4.0,528.0,124.5554610660561
4.0,529.0,126.42558195698932
4.0,530.0,127.96786811200977
4.0,531.0,129.25631213690977
4.0,532.0,130.3453695676066
4.0,533.0,131.27559433902096
4.0,534.0,132.07758945929112
4.0,535.0,132.7747624318818
4.0,536.0,133.38525437691408
4.0,537.0,133.9233023115502
4.0,538.0,134.40021162133257
4.0,539.0,134.8250586814431
4.0,540.0,135.205204687393
4.0,541.0,135.54667605921946
4.0,542.0,135.85444931309394
4.0,543.0,136.13266685144367
4.0,544.0,136.3848021031689
4.0,545.0,136.61378722789541
4.0,546.0,136.82211274632868
4.0,547.0,137.01190600646308
4.0,548.0,137.18499344293014
4.0,549.0,137.3429504033067
4.0,550.0,137.48714126831086
4.0,551.0,137.6187520110642
4.0,552.0,137.73881674820294
4.0,553.0,137.84823954647175
4.0,554.0,137.94781239762295
4.0,555.0,138.03823012878738
4.0,556.0,138.1201028017958
4.0,557.0,138.19396607796168
4.0,558.0,138.2602898951139
4.0,559.0,138.3194857564304
4.0,560.0,138.37191285688775
4.0,561.0,138.41788323461455
4.0,562.0,138.45766610149235
4.0,563.0,138.49149146580305
4.0,564.0,138.51955315907145
4.0,565.0,138.54201132792377
4.0,566.0,138.55899447853076
4.0,567.0,138.57060109605828
4.0,568.0,138.5769009127693
4.0,569.0,138.57793581696114
4.0,570.0,138.57372046877276
4.0,571.0,138.5642425895038
4.0,572.0,138.5494629863018
4.0,573.0,138.52931525561303
4.0,574.0,138.50370522438064
4.0,575.0,138.47251004953745
4.0,576.0,138.43557703137182
4.0,577.0,138.39272203706878
4.0,578.0,138.34372758414023
4.0,579.0,138.28834045232642
4.0,580.0,138.226268862948
4.0,581.0,138.15717906028885
4.0,582.0,138.08069131494625
4.0,583.0,137.99637513924426
4.0,584.0,137.90374370198765
4.0,585.0,137.8022471709969
4.0,586.0,137.6912649158049
4.0,587.0,137.5700962090253
4.0,588.0,137.43794926712144
4.0,589.0,137.29392813183955
4.0,590.0,137.13701707938824
4.0,591.0,136.96606184043944
4.0,592.0,136.77974705715306
4.0,593.0,136.57656889994087
4.0,594.0,136.3548018184104
4.0,595.0,136.1124577315401
4.0,596.0,135.84723582894983
4.0,597.0,135.55646018927268
4.0,598.0,135.23700191715278
4.0,599.0,134.8851809719328
4.0,600.0,134.49664159892822
4.0,601.0,134.06619261927412
4.0,602.0,133.5876009805698
4.0,603.0,133.05332194688896
4.0,604.0,132.45414299078652
4.0,605.0,131.77870822220908
4.0,606.0,131.01287608634053
4.0,607.0,130.13884102684037
4.0,608.0,129.13391788680931
4.0,609.0,127.9688390030727
4.0,610.0,126.60534279795043
4.0,611.0,124.99272945074173
4.0,612.0,123.06292255114434
4.0,613.0,120.7234247161237
4.0,614.0,117.84749533396699
4.0,615.0,114.26125412612835
4.0,616.0,109.72921844061868
4.0,617.0,103.94553285713391
4.0,618.0,96.55328891476209
4.0,619.0,87.24685513814441
4.0,620.0,76.05680358110095
4.0,621.0,63.87231570860291
4.0,622.0,52.68203341793591
4.0,623.0,43.37513738932877
4.0,624.0,35.98219810540361
4.0,625.0,30.197581725365456
4.0,626.0,25.66437662343688
4.0,627.0,22.0767233993575
4.0,628.0,19.199134597267836
4.0,629.0,16.857724287099686
4.0,630.0,14.925745345249211
4.0,631.0,13.310692984304046
4.0,632.0,11.944482480109201
4.0,633.0,10.776404747717619
4.0,634.0,9.768187973044299
4.0,635.0,8.89055323408062
4.0,636.0,8.12080306547138
4.0,637.0,7.441118492475333
4.0,638.0,6.837343398491995
4.0,639.0,6.298106117047727
4.0,640.0,5.814177088942727
4.0,641.0,5.377993207893503
4.0,642.0,4.983301663332978
4.0,643.0,4.624890033797357
4.0,644.0,4.298379778323252
4.0,645.0,4.000066414667571
4.0,646.0,3.726794879411801
4.0,647.0,3.4758612279870813
4.0,648.0,3.244934686265403
4.0,649.0,3.03199512072319
4.0,650.0,2.835282737211548
4.0,651.0,2.653257100261759
4.0,652.0,2.484563760891931
4.0,653.0,2.328006675955119
4.0,654.0,2.182525516968864
4.0,655.0,2.047176661280564
4.0,656.0,1.9211174224447418
4.0,657.0,1.8035926652464331
4.0,658.0,1.6939236300458556
4.0,659.0,1.591498322337627
4.0,660.0,1.4957634524660857
4.0,661.0,1.4062174109292482
4.0,662.0,1.3224043621247348
4.0,663.0,1.2439090241707278
4.0,664.0,1.1703522783787428
4.0,665.0,1.101387229840526
4.0,666.0,1.0366959006570968
4.0,667.0,0.9759862137317903
4.0,668.0,0.9189894723079641
4.0,669.0,0.8654580188012105
4.0,670.0,0.8151632925616541
4.0,671.0,0.7678939888855761
4.0,672.0,0.7234545473084597
4.0,673.0,0.6816636858732917
4.0,674.0,0.6423532137168727
4.0,675.0,0.6053668502041181
4.0,676.0,0.5705592844418051
4.0,677.0,0.5377952130991099
4.0,678.0,0.5069485898582035
4.0,679.0,0.4779018329325394
4.0,680.0,0.4505452220193743
4.0,681.0,0.42477623887777466
4.0,682.0,0.40049907986429145
4.0,683.0,0.3776241019018594
4.0,684.0,0.35606742635741073
4.0,685.0,0.3357504693122209
4.0,686.0,0.31659961820031185
4.0,687.0,0.2985458301625518
4.0,688.0,0.2815243670757233
4.0,689.0,0.26547444941187703
4.0,690.0,0.2503390384480384
4.0,691.0,0.23606453579348022
4.0,692.0,0.22260060396101986
4.0,693.0,0.20989990380602983
4.0,694.0,0.19791794646361852
4.0,695.0,0.18661286253530202
4.0,696.0,0.1759452797974394
4.0,697.0,0.16587811919844492
4.0,698.0,0.15637649382845514
4.0,699.0,0.147407527742293
4.0,700.0,0.13894027252607594
4.0,701.0,0.1309455457055029
4.0,702.0,0.12339586190930193
4.0,703.0,0.11626528820821846
4.0,704.0,0.1095293874005048
4.0,705.0,0.10316508809112557
4.0,706.0,0.09715063804284714
4.0,707.0,0.09146548717534919
4.0,708.0,0.08609024926093521
4.0,709.0,0.08100659632037598
4.0,710.0,0.07619722721305873
4.0,711.0,0.07164577214638732
4.0,712.0,0.0673367669302005
4.0,713.0,0.0632555665115566
4.0,714.0,0.059388323843111754
4.0,715.0,0.05572191151444364
4.0,716.0,0.05224390433197065
4.0,717.0,0.04894250824881048
4.0,718.0,0.04580654587606726
4.0,719.0,0.04282539202114873
4.0,720.0,0.03998896145176923
4.0,721.0,0.03728765044200125
4.0,722.0,0.034712326194974184
4.0,723.0,0.03225427387010581
4.0,724.0,0.029905187141228213
4.0,725.0,0.02765712024009245
4.0,726.0,0.02550247918589154
4.0,727.0,0.02343397843135285
4.0,728.0,0.021444632349220234
4.0,729.0,0.01952771610969761
4.0,730.0,0.017676757050874917
4.0,731.0,0.01588549945126772
4.0,732.0,0.0141478954455929
4.0,733.0,0.01245807338469289
4.0,734.0,0.010810327986408803
4.0,735.0,0.009199091998092202
4.0,736.0,0.007618925295309019
4.0,737.0,0.006064489580055587
4.0,738.0,0.0045305361582171095
4.0,739.0,0.0030118834199979135
4.0,740.0,0.0015034030408789972
4.0,741.0,0.0
5.0,0.0,0.0
5.0,1.0,0.0004746702457157
5.0,2.0,0.000950943875740779
5.0,3.0,0.0014304295117497125
5.0,4.0,0.0019147469830775657
5.0,5.0,0.002405531906213143
5.0,6.0,0.0029044424631758225
5.0,7.0,0.003413163399270294
5.0,8.0,0.003933413685960855
5.0,9.0,0.004466950015285923
5.0,10.0,0.005015575426116284
5.0,11.0,0.005581142377131758
5.0,12.0,0.006165562419086841
5.0,13.0,0.006770808933075744
5.0,14.0,0.007398927936525645
5.0,15.0,0.00805204057973347
5.0,16.0,0.008732355179892829
5.0,17.0,0.009442169576729012
5.0,18.0,0.01018388449711211
5.0,19.0,0.010960005880244206
5.0,20.0,0.011773159685540262
5.0,21.0,0.012626094309487496
5.0,22.0,0.013521696961771194
5.0,23.0,0.014462996309953112
5.0,24.0,0.015453180563641398
5.0,25.0,0.016495600499930377
5.0,26.0,0.017593789413218004
5.0,27.0,0.018751466694428145
5.0,28.0,0.019972559825442247
5.0,29.0,0.021261208709138495
5.0,30.0,0.022621789913057435
5.0,31.0,0.024058921976065455
5.0,32.0,0.02557749213674624
5.0,33.0,0.02718266287707896
5.0,34.0,0.028879901408322986
5.0,35.0,0.030674987753835235
5.0,36.0,0.03257404731041158
5.0,37.0,0.03458356082297316
5.0,38.0,0.036710400394394896
5.0,39.0,0.03896184176648343
5.0,40.0,0.041345604218781404
5.0,41.0,0.04386986564590962
5.0,42.0,0.046543306868955824
5.0,43.0,0.04937513009259424
5.0,44.0,0.052375108255716146
5.0,45.0,0.05555360756765335
5.0,46.0,0.05892164265327876
5.0,47.0,0.062490904012564095
5.0,48.0,0.06627381987684658
5.0,49.0,0.07028358961832774
5.0,50.0,0.07453425343834115
5.0,51.0,0.07904073298452637
5.0,52.0,0.08381891025177449
5.0,53.0,0.08888567695977154
5.0,54.0,0.09425902438033136
5.0,55.0,0.09995810340709736
5.0,56.0,0.10600332745281385
5.0,57.0,0.11241644563372488
5.0,58.0,0.11922066143911239
5.0,59.0,0.12644072209291235
5.0,60.0,0.13410305642960227
5.0,61.0,0.142235884336485
5.0,62.0,0.15086937823560959
5.0,63.0,0.16003579762384493
5.0,64.0,0.1697696798448466
5.0,65.0,0.18010800623104178
5.0,66.0,0.19109042957221006
5.0,67.0,0.20275948036615804
5.0,68.0,0.21516084072124922
5.0,69.0,0.22834360194442999
5.0,70.0,0.24236059779851957
5.0,71.0,0.2572687283918805
5.0,72.0,0.27312937010335375
5.0,73.0,0.29000878591865864
5.0,74.0,0.30797863546123994
5.0,75.0,0.327116499186795
5.0,76.0,0.3475065206012843
5.0,77.0,0.36924008204092995
5.0,78.0,0.3924166235089018
5.0,79.0,0.41714452260750196
5.0,80.0,0.44354215231580035
5.0,81.0,0.47173903929343974
5.0,82.0,0.5018772492256666
5.0,83.0,0.5341129298048649
5.0,84.0,0.5686181515712693
5.0,85.0,0.60558299023143
5.0,86.0,0.6452180106801242
5.0,87.0,0.6877571175197466
5.0,88.0,0.7334609625473387
5.0,89.0,0.7826209084884929
5.0,90.0,0.8355637867026726
5.0,91.0,0.8926575048821543
5.0,92.0,0.9543178186243384
5.0,93.0,1.0210164178140975
5.0,94.0,1.0932907681758273
5.0,95.0,1.1717560210608953
5.0,96.0,1.2571196482559477
5.0,97.0,1.350199398640468
5.0,98.0,1.451945615065391
5.0,99.0,1.5634690182841045
5.0,100.0,1.686075689344616
5.0,101.0,1.821311299080396
5.0,102.0,1.971017610403097
5.0,103.0,2.137405084694249
5.0,104.0,2.323147089535925
5.0,105.0,2.531502967113292
5.0,106.0,2.7664802131175676
5.0,107.0,3.0330495597380778
5.0,108.0,3.337432040928536
5.0,109.0,3.6874833175064503
5.0,110.0,4.093208138925706
5.0,111.0,4.567443815502253
5.0,112.0,5.12675075493244
5.0,113.0,5.79252368027421
5.0,114.0,6.592252705503507
5.0,115.0,7.560637014682688
5.0,116.0,8.739728781294382
5.0,117.0,10.176210897059017
5.0,118.0,11.91209441374756
5.0,119.0,13.963197824057335
5.0,120.0,16.281697350485796
5.0,121.0,18.716680633007687
5.0,122.0,21.035177533325363
5.0,123.0,23.086275682481283
5.0,124.0,24.82215128507566
5.0,125.0,26.258622806881462
5.0,126.0,27.437701263619836
5.0,127.0,28.40606950171024
5.0,128.0,29.20577963991766
5.0,129.0,29.87153079797837
5.0,130.0,30.430813015698657
5.0,131.0,30.905020931861305
5.0,132.0,31.310714859473716
5.0,133.0,31.660732003411525
5.0,134.0,31.96507699655065
5.0,135.0,32.23160537157257
5.0,136.0,32.46653802226635
5.0,137.0,32.67484552811587
5.0,138.0,32.86053521900316
5.0,139.0,33.026866257585446
5.0,140.0,33.1765118175328
5.0,141.0,33.311682151199065
5.0,142.0,33.43421879657252
5.0,143.0,33.54566718280262
5.0,144.0,33.64733313158263
5.0,145.0,33.74032708562176
5.0,146.0,33.82559908997825
5.0,147.0,33.90396657479298
5.0,148.0,33.97613667093645
5.0,149.0,34.04272416525983
5.0,150.0,34.10426613396966
5.0,151.0,34.161233850762514
5.0,152.0,34.214042626704625
5.0,153.0,34.26305989466914
5.0,154.0,34.308611978950886
5.0,155.0,34.35098970067102
5.0,156.0,34.390453133181
5.0,157.0,34.42723556308165
5.0,158.0,34.46154689499083
5.0,159.0,34.49357649883722
5.0,160.0,34.52349569064979
5.0,161.0,34.55145981102577
5.0,162.0,34.57761006210287
5.0,163.0,34.60207504591923
5.0,164.0,34.624972145094624
5.0,165.0,34.64640867555231
5.0,166.0,34.66648293862928
5.0,167.0,34.6852850942193
5.0,168.0,34.70289797266383
5.0,169.0,34.719397742210994
5.0,170.0,34.73485454264353
5.0,171.0,34.74933299918894
5.0,172.0,34.76289272182448
5.0,173.0,34.77558870278591
5.0,174.0,34.78747171296486
5.0,175.0,34.7985886096393
5.0,176.0,34.80898265248874
5.0,177.0,34.81869374060844
5.0,178.0,34.827758664189545
5.0,179.0,34.83621128427407
5.0,180.0,34.84408273124383
5.0,181.0,34.85140153641845
5.0,182.0,34.85819378456224
5.0,183.0,34.86448320278849
5.0,184.0,34.870291270839516
5.0,185.0,34.87563726937612
5.0,186.0,34.88053834835632
5.0,187.0,34.88500953318097
5.0,188.0,34.88906374756694
5.0,189.0,34.892711771587294
5.0,190.0,34.895962210283926
5.0,191.0,34.89882139149288
5.0,192.0,34.90129326394113
5.0,193.0,34.903379213422134
5.0,194.0,34.90507786234969
5.0,195.0,34.90638476778598
5.0,196.0,34.90729207493343
5.0,197.0,34.90778803503105
5.0,198.0,34.9078564316311
5.0,199.0,34.90747581159999
5.0,200.0,34.90661854291992
5.0,201.0,34.90524957071647
5.0,202.0,34.903324854522744
5.0,203.0,34.90078930927103
5.0,204.0,34.89757416033392
5.0,205.0,34.89359343916413
5.0,206.0,34.88873939200663
5.0,207.0,34.882876343540794
5.0,208.0,34.87583253364101
5.0,209.0,34.86738914299717
5.0,210.0,34.857265629504624
5.0,211.0,34.845100204691086
5.0,212.0,34.830424422160384
5.0,213.0,34.812631430916205
5.0,214.0,34.790939974341335
5.0,215.0,34.76436257169138
5.0,216.0,34.7317014334605
5.0,217.0,34.69162624018892
5.0,218.0,34.642939955057834
5.0,219.0,34.585193700148224
5.0,220.0,34.51975677147921
5.0,221.0,34.4509436741874
5.0,222.0,34.38541326394629
5.0,223.0,34.327479728270106
5.0,224.0,34.27851172633533
5.0,225.0,34.238059422821394
5.0,226.0,34.204924498135995
5.0,227.0,34.17777502195567
5.0,228.0,34.15541125773325
5.0,229.0,34.13684343732466
5.0,230.0,34.121287664891796
5.0,231.0,34.10813409262578
5.0,232.0,34.09691090474216
5.0,233.0,34.08725256326804
5.0,234.0,34.078874377785745
5.0,235.0,34.071552972326266
5.0,236.0,34.06511159909142
5.0,237.0,34.059409152251874
5.0,238.0,34.05433197775547
5.0,239.0,34.0497877224931
5.0,240.0,34.04570071138091
5.0,241.0,34.04200842541989
5.0,242.0,34.03865881994389
5.0,243.0,34.03560824437427
5.0,244.0,34.03281983693101
5.0,245.0,34.030262255088296
5.0,246.0,34.02790868432885
5.0,247.0,34.025736038405725
5.0,248.0,34.02372432917278
5.0,249.0,34.02185614754997
5.0,250.0,34.020116252051956
5.0,251.0,34.01849122242663
5.0,252.0,34.01696918433956
5.0,253.0,34.015539572127906
5.0,254.0,34.014192940387346
5.0,255.0,34.0129207973767
5.0,256.0,34.011715473301
5.0,257.0,34.010570000457314
5.0,258.0,34.00947801920265
5.0,259.0,34.008433689595755
5.0,260.0,34.00743162278415
5.0,261.0,34.00646681417743
5.0,262.0,34.00553459214326
5.0,263.0,34.00463056603275
5.0,264.0,34.00375058668246
5.0,265.0,34.00289070468866
5.0,266.0,34.002047138869194
5.0,267.0,34.001216241506235
5.0,268.0,34.000394471976776
5.0,269.0,33.999578366521526
5.0,270.0,33.99876451491206
5.0,271.0,33.9979495328143
5.0,272.0,33.99713003974517
5.0,273.0,33.99630263237377
5.0,274.0,33.99546386219738
5.0,275.0,33.99461020820999
5.0,276.0,33.99373805272626
5.0,277.0,33.99284365175899
5.0,278.0,33.991923107241426
5.0,279.0,33.99097233317834
5.0,280.0,33.98998702213056
5.0,281.0,33.988962604691764
5.0,282.0,33.98789420743783
5.0,283.0,33.98677660244195
5.0,284.0,33.985604152834284
5.0,285.0,33.98437074774302
5.0,286.0,33.98306972995117
5.0,287.0,33.98169380957297
5.0,288.0,33.98023496568509
5.0,289.0,33.978684328760416
5.0,290.0,33.97703204399317
5.0,291.0,33.975267107228674
5.0,292.0,33.97337717095399
5.0,293.0,33.97134830979508
5.0,294.0,33.96916473894671
5.0,295.0,33.966808470750415
5.0,296.0,33.964258896287205
5.0,297.0,33.96149226945303
5.0,298.0,33.958481069145954
5.0,299.0,33.95519320277934
5.0,300.0,33.95159100665559
5.0,301.0,33.94762997978083
5.0,302.0,33.94325716942417
5.0,303.0,33.938409094300546
5.0,304.0,33.93300905285704
5.0,305.0,33.92696360478607
5.0,306.0,33.92015793729216
5.0,307.0,33.912449717686584
5.0,308.0,33.90366089147725
5.0,309.0,33.89356669951341
5.0,310.0,33.88188097903014
5.0,311.0,33.86823663374133
5.0,312.0,33.852160189882945
5.0,313.0,33.833040044978176
5.0,314.0,33.81009043703702
5.0,315.0,33.78231962295209
5.0,316.0,33.74852576642797
5.0,317.0,33.70737471487877
5.0,318.0,33.65766578669059
5.0,319.0,33.59894664652111
5.0,320.0,33.532583296901215
5.0,321.0,33.46288711319748
5.0,322.0,33.3965139633089
5.0,323.0,33.33777518931127
5.0,324.0,33.28803672711006
5.0,325.0,33.2468461410143
5.0,326.0,33.213002615204616
5.0,327.0,33.18517182825087
5.0,328.0,33.16215174014595
5.0,329.0,33.142950368017715
5.0,330.0,33.126781673725716
5.0,331.0,33.113033740651915
5.0,332.0,33.1012327424507
5.0,333.0,33.09101118976769
5.0,334.0,33.082082485699175
5.0,335.0,33.07422139336899
5.0,336.0,33.067249336231995
5.0,337.0,33.06102341219754
5.0,338.0,33.05542819079179
5.0,339.0,33.05036956218192
5.0,340.0,33.045770102292025
5.0,341.0,33.041565550142614
5.0,342.0,33.037702114716616
5.0,343.0,33.03413439329968
5.0,344.0,33.03082375529203
5.0,345.0,33.027737070431535
5.0,346.0,33.024845707021456
5.0,347.0,33.02212472900528
5.0,348.0,33.01955225551953
5.0,349.0,33.01710893756508
5.0,350.0,33.01477753636471
5.0,351.0,33.012542571424795
5.0,352.0,33.0103900349879
5.0,353.0,33.008307147720835
5.0,354.0,33.00628215980732
5.0,355.0,33.00430417555139
5.0,356.0,33.002363010656865
5.0,357.0,33.000449061536855
5.0,358.0,32.99855319946149
5.0,359.0,32.99666666895824
5.0,360.0,32.994781006174755
5.0,361.0,32.992887955941704
5.0,362.0,32.990979405746195
5.0,363.0,32.98904731418906
5.0,364.0,32.98708365442809
5.0,365.0,32.985080348670245
5.0,366.0,32.983029216407004
5.0,367.0,32.98092191067857
5.0,368.0,32.97874986721557
5.0,369.0,32.976504238741185
5.0,370.0,32.97417584143258
5.0,371.0,32.97175508361332
5.0,372.0,32.96923190583374
5.0,373.0,32.966595699991885
5.0,374.0,32.96383523881214
5.0,375.0,32.960938580691575
5.0,376.0,32.95789298337135
5.0,377.0,32.95468478854146
5.0,378.0,32.95129931291306
5.0,379.0,32.94772070464547
5.0,380.0,32.94393180260051
5.0,381.0,32.939913953672225
5.0,382.0,32.9356468273412
5.0,383.0,32.93110817848494
5.0,384.0,32.92627359880609
5.0,385.0,32.921116202855316
5.0,386.0,32.915606289424204
5.0,387.0,32.90971091795896
5.0,388.0,32.90339343982188
5.0,389.0,32.8966129157187
5.0,390.0,32.88932345584153
5.0,391.0,32.881473402428675
5.0,392.0,32.8730043839869
5.0,393.0,32.86385014370377
5.0,394.0,32.853935156903546
5.0,395.0,32.84317291319642
5.0,396.0,32.83146385103312
5.0,397.0,32.81869277596056
5.0,398.0,32.80472569965288
5.0,399.0,32.78940585424186
5.0,400.0,32.77254872398664
5.0,401.0,32.753935710253344
5.0,402.0,32.733306091010576
5.0,403.0,32.71034663204345
5.0,404.0,32.684678162171565
5.0,405.0,32.6558379757631
5.0,406.0,32.623256700133425
5.0,407.0,32.58622755337802
5.0,408.0,32.54386537336354
5.0,409.0,32.49505169850034
5.0,410.0,32.43836131419423
5.0,411.0,32.37196459884607
5.0,412.0,32.293500348212895
5.0,413.0,32.199917015576
5.0,414.0,32.087292605049896
5.0,415.0,31.950675561061356
5.0,416.0,31.784064258752696
5.0,417.0,31.58079588751552
5.0,418.0,31.334875441816422
5.0,419.0,31.04405009871826
5.0,420.0,30.715159234511713
5.0,421.0,30.36976960301083
5.0,422.0,30.04117099717058
5.0,423.0,29.750931163796025
5.0,424.0,29.505891469909674
5.0,425.0,29.303802085725632
5.0,426.0,29.138672015590853
5.0,427.0,29.003843484993112
5.0,428.0,28.89332095543945
5.0,429.0,28.802160022547106
5.0,430.0,28.726446940554627
5.0,431.0,28.663139531832186
5.0,432.0,28.609887124804253
5.0,433.0,28.564871820180137
5.0,434.0,28.52668137103963
5.0,435.0,28.494211561654854
5.0,436.0,28.466592821556766
5.0,437.0,28.443135346813882
5.0,438.0,28.423288209510456
5.0,439.0,28.406608664921222
5.0,440.0,28.39273911349045
5.0,441.0,28.381389562944307
5.0,442.0,28.372324313690566
5.0,443.0,28.36535164163133
5.0,444.0,28.360315885297894
5.0,445.0,28.357091196567172
5.0,446.0,28.355576719713532
5.0,447.0,28.35569270823678
5.0,448.0,28.357377533835898
5.0,449.0,28.360585227149954
5.0,450.0,28.365283608302775
5.0,451.0,28.37145271551164
5.0,452.0,28.379083648914794
5.0,453.0,28.388177574368214
5.0,454.0,28.398745039837433
5.0,455.0,28.410805368452014
5.0,456.0,28.424386303426108
5.0,457.0,28.439523678869694
5.0,458.0,28.456261307054685
5.0,459.0,28.47465086095505
5.0,460.0,28.49475195385703
5.0,461.0,28.51663219682604
5.0,462.0,28.54036744467129
5.0,463.0,28.56604201169467
5.0,464.0,28.5937490753557
5.0,465.0,28.623591049017076
5.0,466.0,28.655680148702203
5.0,467.0,28.69013893486824
5.0,468.0,28.72710106071846
5.0,469.0,28.766712008327442
5.0,470.0,28.809130050912167
5.0,471.0,28.854527223680766
5.0,472.0,28.903090549073237
5.0,473.0,28.955023301402896
5.0,474.0,29.010546565439295
5.0,475.0,29.069900878636282
5.0,476.0,29.133348222317945
5.0,477.0,29.201174159334553
5.0,478.0,29.27369039750394
5.0,479.0,29.35123758876048
5.0,480.0,29.434188662377505
5.0,481.0,29.522952521494215
5.0,482.0,29.617978428267488
5.0,483.0,29.719760936724793
5.0,484.0,29.828845738086887
5.0,485.0,29.945836323906764
5.0,486.0,30.071401891267854
5.0,487.0,30.20628646783214
5.0,488.0,30.351319773109978
5.0,489.0,30.50742990887296
5.0,490.0,30.675658541523354
5.0,491.0,30.857178855799297
5.0,492.0,31.05331718143384
5.0,493.0,31.265578880861124
5.0,494.0,31.495679799310416
5.0,495.0,31.74558438929435
5.0,496.0,32.017552498258496
5.0,497.0,32.31419684465542
5.0,498.0,32.63855438702679
5.0,499.0,32.99417524870043
5.0,500.0,33.38523461501951
5.0,501.0,33.816674284945776
5.0,502.0,34.294383430185164
5.0,503.0,34.82543095376608
5.0,504.0,35.41836690449902
5.0,505.0,36.083616314663374
5.0,506.0,36.833998119868774
5.0,507.0,37.68541344388047
5.0,508.0,38.65776415220578
5.0,509.0,39.776182711884395
5.0,510.0,41.072678410957764
5.0,511.0,42.58832448903949
5.0,512.0,44.376107792716965
5.0,513.0,46.50448469224926
5.0,514.0,49.06141645829687
5.0,515.0,52.157933053835684
5.0,516.0,55.92859360701276
5.0,517.0,60.522775161028456
5.0,518.0,66.0749044145594
5.0,519.0,72.63559143695218
5.0,520.0,80.05179051443072
5.0,521.0,87.84057196536493
5.0,522.0,95.25642063037576
5.0,523.0,101.81640563723612
5.0,524.0,107.36747888500746
5.0,525.0,111.96024685424793
5.0,526.0,115.7291314352417
5.0,527.0,118.82350363291816
5.0,528.0,121.37791527706473
5.0,529.0,123.50338775641022
5.0,530.0,125.28787244866028
5.0,531.0,126.7998144906097
5.0,532.0,128.09218809889603
5.0,533.0,129.20605245823228
5.0,534.0,130.17340130694444
5.0,535.0,131.01935003154958
5.0,536.0,131.7637818015294
5.0,537.0,132.4225773845056
5.0,538.0,133.00853359911116
5.0,539.0,133.5320515452106
5.0,540.0,134.001655405553
5.0,541.0,134.42438621717562
5.0,542.0,134.80610314834138
5.0,543.0,135.15171577708455
5.0,544.0,135.4653646912618
5.0,545.0,135.75056294383074
5.0,546.0,136.0103077666998
5.0,547.0,136.24716937968836
5.0,548.0,136.4633621485325
5.0,549.0,136.66080192196847
5.0,550.0,136.8411525764157
5.0,551.0,137.0058639734727
5.0,552.0,137.1562031299455
5.0,553.0,137.2932799046603
5.0,554.0,137.41806830145424
5.0,555.0,137.5314241807118
5.0,556.0,137.63410006629158
5.0,557.0,137.7267575432175
5.0,558.0,137.80997768139576
5.0,559.0,137.88426980563324
5.0,560.0,137.95007888800657
5.0,561.0,138.00779177865567
5.0,562.0,138.0577424461041
5.0,563.0,138.10021638113992
5.0,564.0,138.13545426293467
5.0,565.0,138.1636550049194
5.0,566.0,138.1849782264367
5.0,567.0,138.19954624677632
5.0,568.0,138.2074456070074
5.0,569.0,138.20872820477138
5.0,570.0,138.2034120140347
5.0,571.0,138.19148146900335
5.0,572.0,138.1728874547191
5.0,573.0,138.14754698024845
5.0,574.0,138.11534244902393
5.0,575.0,138.07612059938225
5.0,576.0,138.0296910013232
5.0,577.0,137.97582417795422
5.0,578.0,137.91424920633796
5.0,579.0,137.8446508574619
5.0,580.0,137.76666609322945
5.0,581.0,137.67987996400643
5.0,582.0,137.58382067840705
5.0,583.0,137.47795386041014
5.0,584.0,137.36167570392706
5.0,585.0,137.23430499165707
5.0,586.0,137.09507360188394
5.0,587.0,136.94311538966045
5.0,588.0,136.77745293877683
5.0,589.0,136.59698193770086
5.0,590.0,136.40045248069515
5.0,591.0,136.18644682529703
5.0,592.0,135.95335259663955
5.0,593.0,135.69933059533392
5.0,594.0,135.4222756874043
5.0,595.0,135.11976928984984
5.0,596.0,134.78902105857318
5.0,597.0,134.42679716271013
5.0,598.0,134.02933121971634
5.0,599.0,133.59221324085263
5.0,600.0,133.11024988324587
5.0,601.0,132.5772875966435
5.0,602.0,131.98598677783673
5.0,603.0,131.32753139599203
5.0,604.0,130.59125230970636
5.0,605.0,129.76413503268125
5.0,606.0,128.83017115247924
5.0,607.0,127.76949802805738
5.0,608.0,126.55725065113747
5.0,609.0,125.16202436705629
5.0,610.0,123.5438171395871
5.0,611.0,121.65129567631443
5.0,612.0,119.41823338514067
5.0,613.0,116.75906551075049
5.0,614.0,113.56384492664728
5.0,615.0,109.69378742189566
5.0,616.0,104.98069611059766
5.0,617.0,99.23785051584278
5.0,618.0,92.29721688256309
5.0,619.0,84.09553104971577
5.0,620.0,74.82409736883166
5.0,621.0,65.08657394602123
5.0,622.0,55.814849493511964
5.0,623.0,47.61258112942236
5.0,624.0,40.67107122440849
5.0,625.0,34.927052639346854
5.0,626.0,30.212487629150495
5.0,627.0,26.34065070617718
5.0,628.0,23.143338928327005
5.0,629.0,20.481760969508017
5.0,630.0,18.24596149401769
5.0,631.0,16.350366424691767
5.0,632.0,14.728738689058343
5.0,633.0,13.32973333154892
5.0,634.0,12.113335412730025
5.0,635.0,11.04812610404512
5.0,636.0,10.10922488318944
5.0,637.0,9.27675221703417
5.0,638.0,8.534681340397647
5.0,639.0,7.869977907220807
5.0,640.0,7.271951312352855
5.0,641.0,6.731762401030662
5.0,642.0,6.242046673086501
5.0,643.0,5.796623840522696
5.0,644.0,5.390271851359785
5.0,645.0,5.018549954956398
5.0,646.0,4.67765880348982
5.0,647.0,4.36432929973323
5.0,648.0,4.075733358749652
5.0,649.0,3.809412065044919
5.0,650.0,3.5632171608199594
5.0,651.0,3.3352633909394185
5.0,652.0,3.123889162594145
5.0,653.0,2.9276241842692774
5.0,654.0,2.7451624038102365
5.0,655.0,2.5753395625390563
5.0,656.0,2.417114187364437
5.0,657.0,2.2695517212011924
5.0,658.0,2.1318109146141353
5.0,659.0,2.0031324095605174
5.0,660.0,1.8828288236333919
5.0,661.0,1.7702764070891235
5.0,662.0,1.6649076986272353
5.0,663.0,1.5662053402586202
5.0,664.0,1.473696553947417
5.0,665.0,1.386948495690497
5.0,666.0,1.305564041371252
5.0,667.0,1.2291782548296506
5.0,668.0,1.1574551284810162
5.0,669.0,1.090084868499484
5.0,670.0,1.026781340967754
5.0,671.0,0.9672799639049382
5.0,672.0,0.9113356812728639
5.0,673.0,0.8587213109344528
5.0,674.0,0.8092259182400378
5.0,675.0,0.7626535102642253
5.0,676.0,0.7188217152647113
5.0,677.0,0.6775607426091785
5.0,678.0,0.6387122988979412
5.0,679.0,0.6021287537142086
5.0,680.0,0.5676722407677111
5.0,681.0,0.5352139845430529
5.0,682.0,0.5046335475530694
5.0,683.0,0.475818283846614
5.0,684.0,0.4486627027813245
5.0,685.0,0.4230680233620959
5.0,686.0,0.39894163183115394
5.0,687.0,0.3761967167559223
5.0,688.0,0.354751802869733
5.0,689.0,0.33453045128210246
5.0,690.0,0.31546085586404526
5.0,691.0,0.297475596317244
5.0,692.0,0.2805112863232844
5.0,693.0,0.26450836976800357
5.0,694.0,0.2494108121074919
5.0,695.0,0.235165932006891
5.0,696.0,0.22172412909386982
5.0,697.0,0.2090387447876048
5.0,698.0,0.19706582094113861
5.0,699.0,0.185763984816281
5.0,700.0,0.1750942341542609
5.0,701.0,0.1650198421770359
5.0,702.0,0.1555061654408967
5.0,703.0,0.1465205654744861
5.0,704.0,0.1380322364146306
5.0,705.0,0.13001214047135115
5.0,706.0,0.12243285285827218
5.0,707.0,0.11526850873897673
5.0,708.0,0.10849466337537235
5.0,709.0,0.10208824858356741
5.0,710.0,0.09602744635492846
5.0,711.0,0.09029165315275484
5.0,712.0,0.08486136552950536
5.0,713.0,0.07971815084285559
5.0,714.0,0.07484454361178307
5.0,715.0,0.07022402143357753
5.0,716.0,0.0658409110012323
5.0,717.0,0.06168036817050497
5.0,718.0,0.05772829270916575
5.0,719.0,0.05397131160215302
5.0,720.0,0.05039670172574407
5.0,721.0,0.04699237559457617
5.0,722.0,0.04374681125546792
5.0,723.0,0.0406490397767813
5.0,724.0,0.037688581741146206
5.0,725.0,0.034855435858621185
5.0,726.0,0.03214002150788276
5.0,727.0,0.029533167922504634
5.0,728.0,0.027026062288571708
5.0,729.0,0.024610239010198178
5.0,730.0,0.022277532919834954
5.0,731.0,0.02002006817651503
5.0,732.0,0.017830216184782102
5.0,733.0,0.01570058371837526
5.0,734.0,0.013623975175849528
5.0,735.0,0.011593379554507581
5.0,736.0,0.009601936696296656
5.0,737.0,0.007642922762555823
5.0,738.0,0.0057097201433436665
5.0,739.0,0.0037958011036055596
5.0,740.0,0.0018947010432287354
5.0,741.0,0.0
6.0,0.0,0.0
6.0,1.0,0.0005738060226948481
6.0,2.0,0.001149550133374699
6.0,3.0,0.001729177181685099
6.0,4.0,0.0023146446998531796
6.0,5.0,0.0029079305956120787
6.0,6.0,0.003511038323497867
6.0,7.0,0.004126005600375143
6.0,8.0,0.004754908920230245
6.0,9.0,0.005399873385874399
6.0,10.0,0.006063076663815273
6.0,11.0,0.0067467600294349285
6.0,12.0,0.007453231863517149
6.0,13.0,0.008184880013491545
6.0,14.0,0.008944174939837962
6.0,15.0,0.009733683502987069
6.0,16.0,0.01055607187627297
6.0,17.0,0.011414120876962303
6.0,18.0,0.012310728772889577
6.0,19.0,0.01324892828708351
6.0,20.0,0.014231889437963866
6.0,21.0,0.01526293836044411
6.0,22.0,0.016345560334933548
6.0,23.0,0.017483420583998825
6.0,24.0,0.018680367663831167
6.0,25.0,0.019940456415026057
6.0,26.0,0.02126795191218521
6.0,27.0,0.022667354770730785
6.0,28.0,0.024143405876600507
6.0,29.0,0.025701114279018188
6.0,30.0,0.027345762953674455
6.0,31.0,0.029082939545002236
6.0,32.0,0.030918543453914035
6.0,33.0,0.03285881973361744
6.0,34.0,0.034910367838301655
6.0,35.0,0.03708017902545311
6.0,36.0,0.03937564715663829
6.0,37.0,0.0418046100186674
6.0,38.0,0.044375362634103195
6.0,39.0,0.04709670298607745
6.0,40.0,0.04997794837732863
6.0,41.0,0.05302898613237111
6.0,42.0,0.056260293643566835
6.0,43.0,0.059682994734058914
6.0,44.0,0.06330888415261395
6.0,45.0,0.06715049041697692
6.0,46.0,0.07122110567252621
6.0,47.0,0.07553485600598872
6.0,48.0,0.08010673777494084
6.0,49.0,0.08495269659604272
6.0,50.0,0.09008967149449038
6.0,51.0,0.09553568404222078
6.0,52.0,0.10130989198373673
6.0,53.0,0.10743269034563306
6.0,54.0,0.11392577658807448
6.0,55.0,0.12081226595104305
6.0,56.0,0.1281167706865016
6.0,57.0,0.135865532480794
6.0,58.0,0.14408651897827685
6.0,59.0,0.1528095768666561
6.0,60.0,0.1620665497593271
6.0,61.0,0.17189145651055998
6.0,62.0,0.18232063565080292
6.0,63.0,0.19339295479377777
6.0,64.0,0.2051499883136098
6.0,65.0,0.21763626543082598
6.0,66.0,0.23089948981841885
6.0,67.0,0.24499083627012183
6.0,68.0,0.2599652236169955
6.0,69.0,0.27588167301925665
6.0,70.0,0.2928036492412548
6.0,71.0,0.3107994978985501
6.0,72.0,0.3299428751759526
6.0,73.0,0.35031328728625
6.0,74.0,0.37199663570723457
6.0,75.0,0.3950858903774878
6.0,76.0,0.4196817873401973
6.0,77.0,0.44589367887503756
6.0,78.0,0.4738404343716255
6.0,79.0,0.5036515272807071
6.0,80.0,0.5354682100856485
6.0,81.0,0.5694449221196567
6.0,82.0,0.6057508387387841
6.0,83.0,0.6445717195504671
6.0,84.0,0.6861119751644971
6.0,85.0,0.7305971283343796
6.0,86.0,0.7782766067391329
6.0,87.0,0.8294270698461164
6.0,88.0,0.8843562357175712
6.0,89.0,0.9434074503399197
6.0,90.0,1.0069650114808868
6.0,91.0,1.0754605520820997
6.0,92.0,1.1493805702908086
6.0,93.0,1.2292755108761808
6.0,94.0,1.3157706090283683
6.0,95.0,1.409579064631407
6.0,96.0,1.511517965693518
6.0,97.0,1.6225278026607757
6.0,98.0,1.7436963461612736
6.0,99.0,1.8762881972010002
6.0,100.0,2.021781393568504
6.0,101.0,2.1819131897716586
6.0,102.0,2.3587374558704064
6.0,103.0,2.554697209464453
6.0,104.0,2.772716543894239
6.0,105.0,3.0163178029777615
6.0,106.0,3.2897711791249264
6.0,107.0,3.5982860380524033
6.0,108.0,3.948254810101694
6.0,109.0,4.347561645335136
6.0,110.0,4.805966373077003
6.0,111.0,5.335567066347257
6.0,112.0,5.951322922213557
6.0,113.0,6.671569578291882
6.0,114.0,7.518353659493512
6.0,115.0,8.51721141231021
6.0,116.0,9.695666956662999
6.0,117.0,11.079224527316121
6.0,118.0,12.683184985307504
6.0,119.0,14.499062311327123
6.0,120.0,16.477728067983342
6.0,121.0,18.520311153815374
6.0,122.0,20.498973736106155
6.0,123.0,22.31484470260069
6.0,124.0,23.918795594281505
6.0,125.0,25.30234035930224
6.0,126.0,26.480779815140934
6.0,127.0,27.47961814181956
6.0,128.0,28.32637939314344
6.0,129.0,29.046599737874065
6.0,130.0,29.662325711304895
6.0,131.0,30.19189284921948
6.0,132.0,30.650260234277866
6.0,133.0,31.049525812099198
6.0,134.0,31.39944927115803
6.0,135.0,31.70791460670248
6.0,136.0,31.981314079734812
6.0,137.0,32.22485687148584
6.0,138.0,32.44281297405565
6.0,139.0,32.638704514390085
6.0,140.0,32.81545535158623
6.0,141.0,32.97550825076076
6.0,142.0,33.12091681029238
6.0,143.0,33.253417992794645
6.0,144.0,33.374489522818294
6.0,145.0,33.48539566560649
6.0,146.0,33.58722383217041
6.0,147.0,33.68091412811169
6.0,148.0,33.76728322980611
6.0,149.0,33.847043897120784
6.0,150.0,33.92082089501256
6.0,151.0,33.98916416594229
6.0,152.0,34.0525596715216
6.0,153.0,34.1114384717596
6.0,154.0,34.166184252561195
6.0,155.0,34.217139706577626
6.0,156.0,34.264611854073756
6.0,157.0,34.30887660926508
6.0,158.0,34.35018260358335
6.0,159.0,34.38875450899802
6.0,160.0,34.424795826586625
6.0,161.0,34.4584913434587
6.0,162.0,34.49000919447313
6.0,163.0,34.519502705409224
6.0,164.0,34.54711193608899
6.0,165.0,34.572965082084025
6.0,166.0,34.5971796423666
6.0,167.0,34.61986349881875
6.0,168.0,34.641115808185965
6.0,169.0,34.66102784306652
6.0,170.0,34.67968367860146
6.0,171.0,34.697160854336204
6.0,172.0,34.71353090589074
6.0,173.0,34.72885989023227
6.0,174.0,34.74320879843416
6.0,175.0,34.756633974988745
6.0,176.0,34.76918743767093
6.0,177.0,34.780917212917835
6.0,178.0,34.79186758142323
6.0,179.0,34.80207934520932
6.0,180.0,34.81159001196821
6.0,181.0,34.82043400447041
6.0,182.0,34.8286427921676
6.0,183.0,34.83624504943035
6.0,184.0,34.84326673899515
6.0,185.0,34.84973122169434
6.0,186.0,34.85565929247236
6.0,187.0,34.86106924025177
6.0,188.0,34.865976832904195
6.0,189.0,34.87039532106014
6.0,190.0,34.87433536286345
6.0,191.0,34.87780495898491
6.0,192.0,34.88080930010066
6.0,193.0,34.8833506106977
6.0,194.0,34.88542789017541
6.0,195.0,34.88703662786069
6.0,196.0,34.88816838931742
6.0,197.0,34.888810340192
6.0,198.0,34.888944597241654
6.0,199.0,34.888547456894536
6.0,200.0,34.88758837592388
6.0,201.0,34.88602872896341
6.0,202.0,34.88382018952778
6.0,203.0,34.88090271683965
6.0,204.0,34.877201945613386
6.0,205.0,34.87262589185412
6.0,206.0,34.867060690992986
6.0,207.0,34.86036518028091
6.0,208.0,34.85236393951822
6.0,209.0,34.84283851689345
6.0,210.0,34.8315164649715
6.0,211.0,34.81805816535087
6.0,212.0,34.80204189313308
6.0,213.0,34.78294913101946
6.0,214.0,34.76015501275955
6.0,215.0,34.73293468230574
6.0,216.0,34.700506201164615
6.0,217.0,34.66214508750252
6.0,218.0,34.61741812896912
6.0,219.0,34.56657151216273
6.0,220.0,34.51101240711941
6.0,221.0,34.45356900140236
6.0,222.0,34.39789689874633
6.0,223.0,34.34682390262273
6.0,224.0,34.30175641408057
6.0,225.0,34.2629394619724
6.0,226.0,34.22993828500878
6.0,227.0,34.20202645344946
6.0,228.0,34.178419677787446
6.0,229.0,34.158390336073985
6.0,230.0,34.141310375299874
6.0,231.0,34.12665765461623
6.0,232.0,34.11400638080082
6.0,233.0,34.103012402064515
6.0,234.0,34.09339826228403
6.0,235.0,34.08494000074619
6.0,236.0,34.0774561753331
6.0,237.0,34.070799058486976
6.0,238.0,34.06484766217938
6.0,239.0,34.05950228504766
6.0,240.0,34.0546802313277
6.0,241.0,34.05031247549033
6.0,242.0,34.04634102878467
6.0,243.0,34.04271687835489
6.0,244.0,34.039398340252326
6.0,245.0,34.03634976190421
6.0,246.0,34.03354046911693
6.0,247.0,34.030943931283545
6.0,248.0,34.02853707198052
6.0,249.0,34.026299719960406
6.0,250.0,34.02421414691615
6.0,251.0,34.02226469866539
6.0,252.0,34.020437477919984
6.0,253.0,34.01872009144483
6.0,254.0,34.01710142733617
6.0,255.0,34.01557147827499
6.0,256.0,34.0141211816074
6.0,257.0,34.012742293389984
6.0,258.0,34.01142727092912
6.0,259.0,34.01016918121605
6.0,260.0,34.00896161258643
6.0,261.0,34.007798606680105
6.0,262.0,34.006674590277136
6.0,263.0,34.00558432341915
6.0,264.0,34.00452284527754
6.0,265.0,34.003485433316676
6.0,266.0,34.00246755885045
6.0,267.0,34.00146485357272
6.0,268.0,34.000473071616426
6.0,269.0,33.999488060699655
6.0,270.0,33.998505728230484
6.0,271.0,33.99752201488378
6.0,272.0,33.99653286272243
6.0,273.0,33.995534189326094
6.0,274.0,33.99452185609693
6.0,275.0,33.99349164115745
6.0,276.0,33.992439206007816
6.0,277.0,33.99136006531194
6.0,278.0,33.99024954987384
6.0,279.0,33.9891027711228
6.0,280.0,33.98791457794668
6.0,281.0,33.9866795131182
6.0,282.0,33.98539176079171
6.0,283.0,33.98404509118734
6.0,284.0,33.98263279439769
6.0,285.0,33.98114760819878
6.0,286.0,33.97958163201007
6.0,287.0,33.97792623045553
6.0,288.0,33.97617191851823
6.0,289.0,33.974308229970035
6.0,290.0,33.97232356036407
6.0,291.0,33.97020498391175
6.0,292.0,33.967938033948755
6.0,293.0,33.96550644293415
6.0,294.0,33.962891828658705
6.0,295.0,33.960073317460335
6.0,296.0,33.957027085649415
6.0,297.0,33.953725801694
6.0,298.0,33.95013794066674
6.0,299.0,33.946226939772394
6.0,300.0,33.94195014935261
6.0,301.0,33.937257524763524
6.0,302.0,33.93208998349731
6.0,303.0,33.92637733275301
6.0,304.0,33.92003564014748
6.0,305.0,33.912963885801474
6.0,306.0,33.90503968544151
6.0,307.0,33.896113823925525
6.0,308.0,33.88600328431805
6.0,309.0,33.87448242912002
6.0,310.0,33.86127202742322
6.0,311.0,33.84602603872323
6.0,312.0,33.82831667090069
6.0,313.0,33.80761965681837
6.0,314.0,33.7833046932199
6.0,315.0,33.75464176536988
6.0,316.0,33.72084405144289
6.0,317.0,33.68118242979033
6.0,318.0,33.63521929008377
6.0,319.0,33.583196633349615
6.0,320.0,33.52651765579283
6.0,321.0,33.4680067556302
6.0,322.0,33.411315931848385
6.0,323.0,33.359269542482366
6.0,324.0,33.313270703139345
6.0,325.0,33.27356129372583
6.0,326.0,33.2397035415659
6.0,327.0,33.210968121219345
6.0,328.0,33.18656796443915
6.0,329.0,33.165772767102844
6.0,330.0,33.1479518919199
6.0,331.0,33.13258069260427
6.0,332.0,33.119230950573126
6.0,333.0,33.107556150926506
6.0,334.0,33.097276537680145
6.0,335.0,33.08816589678703
6.0,336.0,33.080040579957135
6.0,337.0,33.07275068489071
6.0,338.0,33.06617308038498
6.0,339.0,33.060205938619106
6.0,340.0,33.05476445359537
6.0,341.0,33.04977749169124
6.0,342.0,33.045184956946194
6.0,343.0,33.040935716744045
6.0,344.0,33.036985952660096
6.0,345.0,33.03329785001942
6.0,346.0,33.02983854167168
6.0,347.0,33.0265792606733
6.0,348.0,33.02349464642049
6.0,349.0,33.020562183343976
6.0,350.0,33.01776173277975
6.0,351.0,33.015075151899666
6.0,352.0,33.01248596893161
6.0,353.0,33.009979117891596
6.0,354.0,33.007540706389804
6.0,355.0,33.0051578260207
6.0,356.0,33.002818380727156
6.0,357.0,33.0005109472212
6.0,358.0,32.99822464317012
6.0,359.0,32.99594902083989
6.0,360.0,32.993673961276855
6.0,361.0,32.99138958979503
6.0,362.0,32.98908618659601
6.0,363.0,32.98675411607938
6.0,364.0,32.98438374697509
6.0,365.0,32.981965389506186
6.0,366.0,32.97948921968294
6.0,367.0,32.97694521953172
6.0,368.0,32.97432310105269
6.0,369.0,32.97161224529716
6.0,370.0,32.968801621803976
6.0,371.0,32.96587972238771
6.0,372.0,32.96283447172388
6.0,373.0,32.95965315134358
6.0,374.0,32.95632229643954
6.0,375.0,32.952827604717946
6.0,376.0,32.94915381337853
6.0,377.0,32.94528458604674
6.0,378.0,32.941202362092845
6.0,379.0,32.936888212657166
6.0,380.0,32.932321651757235
6.0,381.0,32.92748044909339
6.0,382.0,32.92234038832528
6.0,383.0,32.91687501936842
6.0,384.0,32.91105534312112
6.0,385.0,32.90484947846831
6.0,386.0,32.89822224350592
6.0,387.0,32.89113470105096
6.0,388.0,32.88354359223876
6.0,389.0,32.87540070667629
6.0,390.0,32.866652102179536
6.0,391.0,32.85723721790605
6.0,392.0,32.84708777887494
6.0,393.0,32.83612652582066
6.0,394.0,32.82426564624169
6.0,395.0,32.81140492176052
6.0,396.0,32.7974294334334
6.0,397.0,32.78220680565944
6.0,398.0,32.7655837751035
6.0,399.0,32.74738200326764
6.0,400.0,32.72739282702028
6.0,401.0,32.70537075510377
6.0,402.0,32.681025248367696
6.0,403.0,32.654010397156085
6.0,404.0,32.62391176891184
6.0,405.0,32.59022971078118
6.0,406.0,32.55235795890749
6.0,407.0,32.5095563511084
6.0,408.0,32.46091596609585
6.0,409.0,32.4053150777946
6.0,410.0,32.34136428536315
6.0,411.0,32.26734048381239
6.0,412.0,32.18111214893702
6.0,413.0,32.08006577552615
6.0,414.0,31.96105806806384
6.0,415.0,31.820447623143888
6.0,416.0,31.654309449247418
6.0,417.0,31.45900756663629
6.0,418.0,31.23236406302043
6.0,419.0,30.975599662034025
6.0,420.0,30.69574164497316
6.0,421.0,30.406923958460702
6.0,422.0,30.127419214141128
6.0,423.0,29.87136255928278
6.0,424.0,29.645783679282413
6.0,425.0,29.451906916814828
6.0,426.0,29.287559202077027
6.0,427.0,29.149110644379192
6.0,428.0,29.032643602249433
6.0,429.0,28.934525318367577
6.0,430.0,28.851622460108665
6.0,431.0,28.78133284937881
6.0,432.0,28.721537680983563
6.0,433.0,28.670528021269586
6.0,434.0,28.62693012839285
6.0,435.0,28.58963949720311
6.0,436.0,28.557766033255483
6.0,437.0,28.530590096278313
6.0,438.0,28.507527693273754
6.0,439.0,28.488103296537968
6.0,440.0,28.471928518255435
6.0,441.0,28.458685536261182
6.0,442.0,28.44811402024598
6.0,443.0,28.4400009521117
6.0,444.0,28.43417250040854
6.0,445.0,28.430487682074403
6.0,446.0,28.42883322559107
6.0,447.0,28.429119574069347
6.0,448.0,28.43127758868129
6.0,449.0,28.435256012087535
6.0,450.0,28.441019334397122
6.0,451.0,28.448546193659503
6.0,452.0,28.457827998969922
6.0,453.0,28.468867952804793
6.0,454.0,28.4816801855523
6.0,455.0,28.496289207653493
6.0,456.0,28.512729405496575
6.0,457.0,28.531044806142447
6.0,458.0,28.55128884354543
6.0,459.0,28.573524365654304
6.0,460.0,28.597823617820954
6.0,461.0,28.624268453037786
6.0,462.0,28.65295050515058
6.0,463.0,28.683971584839895
6.0,464.0,28.717444034258016
6.0,465.0,28.753491308351006
6.0,466.0,28.792248518231073
6.0,467.0,28.833863212410044
6.0,468.0,28.87849613102262
6.0,469.0,28.926322216650938
6.0,470.0,28.977531617422365
6.0,471.0,29.032330974282022
6.0,472.0,29.090944729969483
6.0,473.0,29.153616760934234
6.0,474.0,29.220612073557213
6.0,475.0,29.292218877027928
6.0,476.0,29.368750780974814
6.0,477.0,29.450549444154557
6.0,478.0,29.537987433243785
6.0,479.0,29.631471636421423
6.0,480.0,29.731447007936726
6.0,481.0,29.83840101359554
6.0,482.0,29.952868579792167
6.0,483.0,30.075437951947556
6.0,484.0,30.206757305546642
6.0,485.0,30.347542568360076
6.0,486.0,30.49858635955347
6.0,487.0,30.66076858374576
6.0,488.0,30.835068682995658
6.0,489.0,31.022580207522264
6.0,490.0,31.224527861630204
6.0,491.0,31.442287879574376
6.0,492.0,31.677412134113386
6.0,493.0,31.93165714566001
6.0,494.0,32.20701879733659
6.0,495.0,32.50577444041489
6.0,496.0,32.83053386627603
6.0,497.0,33.18430169871787
6.0,498.0,33.57055382148523
6.0,499.0,33.99333188376104
6.0,500.0,34.45736046088669
6.0,501.0,34.96819349303069
6.0,502.0,35.53239798288382
6.0,503.0,36.15778603855558
6.0,504.0,36.85370906618919
6.0,505.0,37.63143266698182
6.0,506.0,38.504615374200405
6.0,507.0,39.489920827115796
6.0,508.0,40.6077982466774
6.0,509.0,41.88347006329808
6.0,510.0,43.34816061096356
6.0,511.0,45.04057626115855
6.0,512.0,47.008578663384846
6.0,513.0,49.310833681566926
6.0,514.0,52.017881966512
6.0,515.0,55.21143050466598
6.0,516.0,58.979547046005365
6.0,517.0,63.40383519058103
6.0,518.0,68.53324724576191
6.0,519.0,74.34061691353003
6.0,520.0,80.66872158862046
6.0,521.0,87.20116147374443
6.0,522.0,93.52884258116794
6.0,523.0,99.33536367385977
6.0,524.0,104.46349926403289
6.0,525.0,108.88607871393629
6.0,526.0,112.65204852479174
6.0,527.0,115.84300499505004
6.0,528.0,118.54700706198857
6.0,529.0,120.8457513442501
6.0,530.0,122.80976654717475
6.0,531.0,124.4977049520336
6.0,532.0,125.95741295833527
6.0,533.0,127.22757994442975
6.0,534.0,128.33941146937033
6.0,535.0,129.31810931375998
6.0,536.0,130.18410012553412
6.0,537.0,130.9540229361193
6.0,538.0,131.6415095766438
6.0,539.0,132.25779672011612
6.0,540.0,132.8122045460226
6.0,541.0,133.31251148350464
6.0,542.0,133.7652483163685
6.0,543.0,134.17593004764322
6.0,544.0,134.54923949174608
6.0,545.0,134.88917350736006
6.0,546.0,135.1991600313462
6.0,547.0,135.48215234735608
6.0,548.0,135.74070536115877
6.0,549.0,135.9770377205023
6.0,550.0,136.19308260440536
6.0,551.0,136.39052951504164
6.0,552.0,136.57085877338886
6.0,553.0,136.73537016682374
6.0,554.0,136.88520679372692
6.0,555.0,137.02137502117623
6.0,556.0,137.14476121261293
6.0,557.0,137.25614581293362
6.0,558.0,137.35621521559764
6.0,559.0,137.4455717898653
6.0,560.0,137.52474235278405
6.0,561.0,137.59418532587583
6.0,562.0,137.654296776826
6.0,563.0,137.7054154911467
6.0,564.0,137.7478272238807
6.0,565.0,137.78176820788593
6.0,566.0,137.8074280396259
6.0,567.0,137.82495196699637
6.0,568.0,137.834442684021
6.0,569.0,137.83596161499415
6.0,570.0,137.82952978468052
6.0,571.0,137.81512822106527
6.0,572.0,137.79269798336003
6.0,573.0,137.76213972856448
6.0,574.0,137.7233129070225
6.0,575.0,137.67603446756806
6.0,576.0,137.62007715972655
6.0,577.0,137.55516727906502
6.0,578.0,137.48098193701895
6.0,579.0,137.3971456623709
6.0,580.0,137.30322640338156
6.0,581.0,137.1987306909387
6.0,582.0,137.08309800899545
6.0,583.0,136.9556940728978
6.0,584.0,136.81580302241602
6.0,585.0,136.6626181495223
6.0,586.0,136.49523110159907
6.0,587.0,136.31261906619048
6.0,588.0,136.11362976902186
6.0,589.0,135.89696362336014
6.0,590.0,135.661152683741
6.0,591.0,135.40453548503064
6.0,592.0,135.12522712562162
6.0,593.0,134.82108326944183
6.0,594.0,134.48965693640486
6.0,595.0,134.128146095286
6.0,596.0,133.73333010450517
6.0,597.0,133.30149191296536
6.0,598.0,132.8283226577111
6.0,599.0,132.3088036940884
6.0,600.0,131.73706025717937
6.0,601.0,131.10617854970465
6.0,602.0,130.40797621567384
6.0,603.0,129.63271239996064
6.0,604.0,128.768720089299
6.0,605.0,127.80193758336404
6.0,606.0,126.71531014332969
6.0,607.0,125.48802484772796
6.0,608.0,124.09453505740494
6.0,609.0,122.50332593638247
6.0,610.0,120.67537863480959
6.0,611.0,118.56232016055047
6.0,612.0,116.10433187119027
6.0,613.0,113.22808832674887
6.0,614.0,109.84541910959747
6.0,615.0,105.85419439655162
6.0,616.0,101.14433195288244
6.0,617.0,95.61382826737682
6.0,618.0,89.20149250338416
6.0,619.0,81.94128061833261
6.0,620.0,74.02971750752829
6.0,621.0,65.86229807416778
6.0,622.0,57.950383487673
6.0,623.0,50.689467456537805
6.0,624.0,44.2760724840675
6.0,625.0,38.74415092656604
6.0,626.0,34.0325071292734
6.0,627.0,30.03913152208532
6.0,628.0,26.653934557240362
6.0,629.0,23.774777808317182
6.0,630.0,21.313480944995195
6.0,631.0,19.196707256363062
6.0,632.0,17.36462544512736
6.0,633.0,15.768848418190547
6.0,634.0,14.370341745734194
6.0,635.0,13.137573456495192
6.0,636.0,12.044978179606035
6.0,637.0,11.071722573921404
6.0,638.0,10.200729742452374
6.0,639.0,9.41791398015857
6.0,640.0,8.711582361060724
6.0,641.0,8.071966083104023
6.0,642.0,7.490852734926111
6.0,643.0,6.961296209073375
6.0,644.0,6.477387086361706
6.0,645.0,6.034069554832229
6.0,646.0,5.626994964044249
6.0,647.0,5.25240366069343
6.0,648.0,4.907029457850981
6.0,649.0,4.588021611958493
6.0,650.0,4.2928811096973964
6.0,651.0,4.019408003131088
6.0,652.0,3.765658015532559
6.0,653.0,3.5299062460623345
6.0,654.0,3.3106170311465286
6.0,655.0,3.10641843947417
6.0,656.0,2.9160809585931338
6.0,657.0,2.738499244491592
6.0,658.0,2.572676796946008
6.0,659.0,2.4177126773977307
6.0,660.0,2.2727903209727836
6.0,661.0,2.1371677157647606
6.0,662.0,2.010169119567593
6.0,663.0,1.8911776894148575
6.0,664.0,1.7796292692254458
6.0,665.0,1.6750067796721646
6.0,666.0,1.5768355032411256
6.0,667.0,1.4846787563221064
6.0,668.0,1.3981342712702616
6.0,669.0,1.3168308146001537
6.0,670.0,1.2404253825751677
6.0,671.0,1.168600526036814
6.0,672.0,1.101062156226387
6.0,673.0,1.0375374035138314
6.0,674.0,0.9777728858937794
6.0,675.0,0.9215329755691349
6.0,676.0,0.8685984218089383
6.0,677.0,0.8187649324144826
6.0,678.0,0.7718420705896258
6.0,679.0,0.727652082012962
6.0,680.0,0.6860290055169078
6.0,681.0,0.6468176936482322
6.0,682.0,0.6098730916161308
6.0,683.0,0.5750594117723475
6.0,684.0,0.5422495460653892
6.0,685.0,0.5113243641344956
6.0,686.0,0.48217223249936564
6.0,687.0,0.45468841285961475
6.0,688.0,0.42877466722726243
6.0,689.0,0.4043387382017035
6.0,690.0,0.38129402375988825
6.0,691.0,0.3595591251952772
6.0,692.0,0.33905757870625025
6.0,693.0,0.31971745967495824
6.0,694.0,0.3014711608174167
6.0,695.0,0.2842550437724333
6.0,696.0,0.2680092555998913
6.0,697.0,0.2526774204243589
6.0,698.0,0.23820648763965607
6.0,699.0,0.22454645773365695
6.0,700.0,0.2116502567867443
6.0,701.0,0.1994734916878744
6.0,702.0,0.18797434648314423
6.0,703.0,0.17711336304851816
6.0,704.0,0.1668533556131064
6.0,705.0,0.15715921363359267
6.0,706.0,0.1479978314305185
6.0,707.0,0.13933793055299756
6.0,708.0,0.13115000195975898
6.0,709.0,0.12340614560019704
6.0,710.0,0.11608002297131795
6.0,711.0,0.10914671199541733
6.0,712.0,0.10258266810939357
6.0,713.0,0.09636559280787606
6.0,714.0,0.09047440168796476
6.0,715.0,0.08488910526292545
6.0,716.0,0.07959078260513154
6.0,717.0,0.07456147322991868
6.0,718.0,0.0697841551615224
6.0,719.0,0.06524264684743734
6.0,720.0,0.06092158862361306
6.0,721.0,0.05680635375300931
6.0,722.0,0.052883032392825734
6.0,723.0,0.04913835096183128
6.0,724.0,0.0455596578183561
6.0,725.0,0.04213485025329142
6.0,726.0,0.038852361176426195
6.0,727.0,0.035701093108834105
6.0,728.0,0.03267040524963191
6.0,729.0,0.02975005390521872
6.0,730.0,0.026930179370837352
6.0,731.0,0.024201252286726708
6.0,732.0,0.021554059820701358
6.0,733.0,0.0189796574842373
6.0,734.0,0.01646935414500719
6.0,735.0,0.01401466887043561
6.0,736.0,0.011607314333806696
6.0,737.0,0.009239158279825644
6.0,738.0,0.006902204915380992
6.0,739.0,0.004588560611844961
6.0,740.0,0.002290412892454686
6.0,741.0,0.0
7.0,0.0,0.0
7.0,1.0,0.0006738183963538404
7.0,2.0,0.0013499127297030493
7.0,3.0,0.002030566368623081
7.0,4.0,0.002718078585239833
7.0,5.0,0.0034147710527395445
7.0,6.0,0.004122997464176688
7.0,7.0,0.0048451492037475015
7.0,8.0,0.00558366622065772
7.0,9.0,0.006341041985178489
7.0,10.0,0.007119835729263775
7.0,11.0,0.007922676803332368
7.0,12.0,0.008752278400569058
7.0,13.0,0.009611441437151454
7.0,14.0,0.010503069884318008
7.0,15.0,0.011430174303539506
7.0,16.0,0.012395888919667863
7.0,17.0,0.013403474953548634
7.0,18.0,0.014456339581111942
7.0,19.0,0.015558039219405777
7.0,20.0,0.01671230053065799
7.0,21.0,0.01792302383402764
7.0,22.0,0.01919430633084177
7.0,23.0,0.0205304458339531
7.0,24.0,0.021935966411027484
7.0,25.0,0.0234156226468154
7.0,26.0,0.024974427926154733
7.0,27.0,0.026617659472409332
7.0,28.0,0.02835088952153875
7.0,29.0,0.030179991413311458
7.0,30.0,0.03211117394336653
7.0,31.0,0.034150988823686584
7.0,32.0,0.03630636854228955
7.0,33.0,0.03858463555726161
7.0,34.0,0.040993544045163824
7.0,35.0,0.04354129125048032
7.0,36.0,0.04623656356603983
7.0,37.0,0.049088550529334765
7.0,38.0,0.052106995753851394
7.0,39.0,0.055302214148322155
7.0,40.0,0.058685148310193905
7.0,41.0,0.0622673896473116
7.0,42.0,0.06606124095818147
7.0,43.0,0.07007974226280847
7.0,44.0,0.0743367404345878
7.0,45.0,0.07884692070449309
7.0,46.0,0.08362588438374784
7.0,47.0,0.08869018720175065
7.0,48.0,0.09405742637684507
7.0,49.0,0.09974628719441782
7.0,50.0,0.10577664095791758
7.0,51.0,0.11216960152422588
7.0,52.0,0.11894763601558353
7.0,53.0,0.12613463342425316
7.0,54.0,0.13375603041091325
7.0,55.0,0.14183889459610854
7.0,56.0,0.15041206834247836
7.0,57.0,0.1595062700019795
7.0,58.0,0.16915425931928993
7.0,59.0,0.1793909607493855
7.0,60.0,0.19025365508378464
7.0,61.0,0.20178213005850487
7.0,62.0,0.21401890407056204
7.0,63.0,0.22700941075216063
7.0,64.0,0.24080226231861493
7.0,65.0,0.25544947671656876
7.0,66.0,0.2710067903749243
7.0,67.0,0.2875339391191018
7.0,68.0,0.30509503309289854
7.0,69.0,0.32375890611645614
7.0,70.0,0.3435995696066831
7.0,71.0,0.3646966497997116
7.0,72.0,0.3871359430478718
7.0,73.0,0.4110099668421722
7.0,74.0,0.43641864652537093
7.0,75.0,0.463470015087535
7.0,76.0,0.4922810720194166
7.0,77.0,0.5229786795249348
7.0,78.0,0.5557006493034663
7.0,79.0,0.590596900789783
7.0,80.0,0.6278308531423914
7.0,81.0,0.6675809369062329
7.0,82.0,0.7100423995190975
7.0,83.0,0.755429299273644
7.0,84.0,0.8039768780695866
7.0,85.0,0.8559442217764269
7.0,86.0,0.9116174213460277
7.0,87.0,0.9713131662065505
7.0,88.0,1.035383016291421
7.0,89.0,1.1042183202500317
7.0,90.0,1.1782560759340264
7.0,91.0,1.2579857578530316
7.0,92.0,1.343957483984212
7.0,93.0,1.4367916377823156
7.0,94.0,1.5371904371441456
7.0,95.0,1.645951712558828
7.0,96.0,1.763985575830191
7.0,97.0,1.892334477884258
7.0,98.0,2.032197640765439
7.0,99.0,2.1849607431487414
7.0,100.0,2.352232328798391
7.0,101.0,2.5358884204689582
7.0,102.0,2.73812755813009
7.0,103.0,2.96153864760326
7.0,104.0,3.2091848941752454
7.0,105.0,3.4847073508871564
7.0,106.0,3.792452426304686
7.0,107.0,4.137627490323678
7.0,108.0,4.526488274429384
7.0,109.0,4.966558714859652
7.0,110.0,5.46687762313758
7.0,111.0,6.038252291135517
7.0,112.0,6.693472351111626
7.0,113.0,7.447387553810645
7.0,114.0,8.31667010801988
7.0,115.0,9.318954652909019
7.0,116.0,10.470887253191155
7.0,117.0,11.784488704335695
7.0,118.0,13.261364158518091
7.0,119.0,14.885124927404908
7.0,120.0,16.614530960766057
7.0,121.0,18.383166503380902
7.0,122.0,20.112568809388048
7.0,123.0,21.736322110897454
7.0,124.0,23.21318633229414
7.0,125.0,24.52677274705632
7.0,126.0,25.67868645622868
7.0,127.0,26.680948191029767
7.0,128.0,27.550203938567865
7.0,129.0,28.3040882467828
7.0,130.0,28.959273219274866
7.0,131.0,29.530608487274534
7.0,132.0,30.03088354876302
7.0,133.0,30.470905546096382
7.0,134.0,30.859713125496576
7.0,135.0,31.20483004152222
7.0,136.0,31.512511826937065
7.0,137.0,31.787965635150783
7.0,138.0,32.03553763968426
7.0,139.0,32.2588686391082
7.0,140.0,32.46102156387584
7.0,141.0,32.6445850235814
7.0,142.0,32.81175723947547
7.0,143.0,32.964413891884334
7.0,144.0,33.10416315715501
7.0,145.0,33.23239032012402
7.0,146.0,33.35029418108859
7.0,147.0,33.4589167396374
7.0,148.0,33.55916762491945
7.0,149.0,33.65184415147919
7.0,150.0,33.737647985971634
7.0,151.0,33.81719892299847
7.0,152.0,33.891046451735335
7.0,153.0,33.9596793752233
7.0,154.0,34.02353397444855
7.0,155.0,34.0830008325978
7.0,156.0,34.138430692343114
7.0,157.0,34.19013937027411
7.0,158.0,34.23841202515393
7.0,159.0,34.28350674683536
7.0,160.0,34.3256577129017
7.0,161.0,34.36507784369931
7.0,162.0,34.401961169755886
7.0,163.0,34.43648481936498
7.0,164.0,34.46881081768526
7.0,165.0,34.49908759072775
7.0,166.0,34.52745134958914
7.0,167.0,34.55402723939332
7.0,168.0,34.578930416610746
7.0,169.0,34.60226693392475
7.0,170.0,34.62413458743797
7.0,171.0,34.644623602513214
7.0,172.0,34.66381730602111
7.0,173.0,34.68179266005206
7.0,174.0,34.69862079907604
7.0,175.0,34.714367445492634
7.0,176.0,34.72909334058419
7.0,177.0,34.74285456647094
7.0,178.0,34.75570289164684
7.0,179.0,34.7676860168782
7.0,180.0,34.77884784994734
7.0,181.0,34.78922868755279
7.0,182.0,34.79886542893958
7.0,183.0,34.80779170130205
7.0,184.0,34.81603801768567
7.0,185.0,34.82363184923096
7.0,186.0,34.83059772857595
7.0,187.0,34.83695726798914
7.0,188.0,34.84272920492989
7.0,189.0,34.84792936008592
7.0,190.0,34.85257061605493
7.0,191.0,34.856662802692185
7.0,192.0,34.86021259204566
7.0,193.0,34.863223288976506
7.0,194.0,34.865694613941066
7.0,195.0,34.86762236258658
7.0,196.0,34.868998030208196
7.0,197.0,34.86980828174658
7.0,198.0,34.870034343705505
7.0,199.0,34.86965119059563
7.0,200.0,34.86862658547297
7.0,201.0,34.86691983277232
7.0,202.0,34.86448027863384
7.0,203.0,34.86124539394664
7.0,204.0,34.857138442203315
7.0,205.0,34.85206553756018
7.0,206.0,34.845912061695266
7.0,207.0,34.83853823030615
7.0,208.0,34.8297737934611
7.0,209.0,34.81941176319934
7.0,210.0,34.80720141576654
7.0,211.0,34.792841051600334
7.0,212.0,34.77597193084987
7.0,213.0,34.75617605446903
7.0,214.0,34.7329829966065
7.0,215.0,34.705894478027794
7.0,216.0,34.67444014786808
7.0,217.0,34.63828148861812
7.0,218.0,34.597377291133846
7.0,219.0,34.55220017248391
7.0,220.0,34.50393253816023
7.0,221.0,34.45447584570438
7.0,222.0,34.40607552913439
7.0,223.0,34.36063259548746
7.0,224.0,34.31932854698547
7.0,225.0,34.282634642774745
7.0,226.0,34.25050785432529
7.0,227.0,34.222607379448334
7.0,228.0,34.198460105861905
7.0,229.0,34.17756451028778
7.0,230.0,34.15944642398722
7.0,231.0,34.14368359805725
7.0,232.0,34.12991251462786
7.0,233.0,34.117826157347466
7.0,234.0,34.107167920462516
7.0,235.0,34.09772435539266
7.0,236.0,34.08931814093005
7.0,237.0,34.08180179422071
7.0,238.0,34.07505233304436
7.0,239.0,34.0689668219795
7.0,240.0,34.06345874461068
7.0,241.0,34.05845503691955
7.0,242.0,34.05389370323939
7.0,243.0,34.04972186953022
7.0,244.0,34.045894223733555
7.0,245.0,34.04237173280515
7.0,246.0,34.03912061420142
7.0,247.0,34.036111479347326
7.0,248.0,34.03331864618329
7.0,249.0,34.030719557609
7.0,250.0,34.02829431472427
7.0,251.0,34.02602527456551
7.0,252.0,34.02389672793558
7.0,253.0,34.021894615720555
7.0,254.0,34.02000630278477
7.0,255.0,34.0182203739064
7.0,256.0,34.01652647238731
7.0,257.0,34.01491515023205
7.0,258.0,34.01337775089683
7.0,259.0,34.01190629690566
7.0,260.0,34.010493402998954
7.0,261.0,34.0091321898505
7.0,262.0,34.00781621826541
7.0,263.0,34.00653942119337
7.0,264.0,34.00529605247414
7.0,265.0,34.00408063164305
7.0,266.0,34.00288790258174
7.0,267.0,34.00171278711403
7.0,268.0,34.000550350129764
7.0,269.0,33.999395758938725
7.0,270.0,33.99824425220446
7.0,271.0,33.997091102623635
7.0,272.0,33.995931587460525
7.0,273.0,33.99476095244505
7.0,274.0,33.99357438190872
7.0,275.0,33.9923669618971
7.0,276.0,33.991133647906864
7.0,277.0,33.989869225103355
7.0,278.0,33.98856827144585
7.0,279.0,33.98722511257253
7.0,280.0,33.98583377764459
7.0,281.0,33.98438794585883
7.0,282.0,33.982880891569614
7.0,283.0,33.98130541841702
7.0,284.0,33.97965378907261
7.0,285.0,33.97791764146623
7.0,286.0,33.97608789663916
7.0,287.0,33.97415464924911
7.0,288.0,33.972107044162904
7.0,289.0,33.969933129883884
7.0,290.0,33.967619690123826
7.0,291.0,33.965152043323656
7.0,292.0,33.962513808604456
7.0,293.0,33.95968662597915
7.0,294.0,33.956649825304055
7.0,295.0,33.953380028188825
7.0,296.0,33.949850671392106
7.0,297.0,33.946031429681234
7.0,298.0,33.9418875175301
7.0,299.0,33.9373788372036
7.0,300.0,33.932458938348745
7.0,301.0,33.92707373979721
7.0,302.0,33.921159956930104
7.0,303.0,33.9146431598218
7.0,304.0,33.90743537505524
7.0,305.0,33.899432124018105
7.0,306.0,33.89050877975996
7.0,307.0,33.8805161180279
7.0,308.0,33.869274962915135
7.0,309.0,33.85656990259751
7.0,310.0,33.84214224154112
7.0,311.0,33.82568275162501
7.0,312.0,33.80682556177853
7.0,313.0,33.78514593270215
7.0,314.0,33.76016704706935
7.0,315.0,33.73138457862677
7.0,316.0,33.698322435065435
7.0,317.0,33.660636660354015
7.0,318.0,33.618280873838295
7.0,319.0,33.571722786772625
7.0,320.0,33.52214013130031
7.0,321.0,33.47142992380771
7.0,322.0,33.421833358545804
7.0,323.0,33.375247404684956
7.0,324.0,33.332849699874835
7.0,325.0,33.29510781304856
7.0,326.0,33.26197517321575
7.0,327.0,33.23310758488712
7.0,328.0,33.2080286668534
7.0,329.0,33.18623375284063
7.0,330.0,33.167245633915385
7.0,331.0,33.150639125313575
7.0,332.0,33.13604785601299
7.0,333.0,33.12316204055922
7.0,334.0,33.111722367885825
7.0,335.0,33.10151274887928
7.0,336.0,33.09235326755018
7.0,337.0,33.084093892499396
7.0,338.0,33.07660912127058
7.0,339.0,33.06979352634192
7.0,340.0,33.063558110376874
7.0,341.0,33.05782733862784
7.0,342.0,33.052536738771614
7.0,343.0,33.047630952221134
7.0,344.0,33.043062159057996
7.0,345.0,33.03878879195301
7.0,346.0,33.034774492774595
7.0,347.0,33.03098725160695
7.0,348.0,33.02739870479267
7.0,349.0,33.02398354737843
7.0,350.0,33.02071905202986
7.0,351.0,33.017584658980184
7.0,352.0,33.014561639483624
7.0,353.0,33.01163280227255
7.0,354.0,33.0087822527517
7.0,355.0,33.00599517666691
7.0,356.0,33.003257663356024
7.0,357.0,33.000556540847626
7.0,358.0,32.997879242179664
7.0,359.0,32.995213674623166
7.0,360.0,32.99254811481034
7.0,361.0,32.98987110012519
7.0,362.0,32.987171342632394
7.0,363.0,32.98443763404556
7.0,364.0,32.98165877110991
7.0,365.0,32.97882346764209
7.0,366.0,32.97592028562887
7.0,367.0,32.9729375490426
7.0,368.0,32.96986327579068
7.0,369.0,32.96668508858512
7.0,370.0,32.96339014318735
7.0,371.0,32.959965031671814
7.0,372.0,32.956395702234644
7.0,373.0,32.95266734977652
7.0,374.0,32.94876432188326
7.0,375.0,32.94466999072666
7.0,376.0,32.94036663860806
7.0,377.0,32.935835303627364
7.0,378.0,32.93105563625151
7.0,379.0,32.92600570882524
7.0,380.0,32.92066183171996
7.0,381.0,32.91499831321614
7.0,382.0,32.90898721947559
7.0,383.0,32.90259806607555
7.0,384.0,32.89579749965081
7.0,385.0,32.88854889455004
7.0,386.0,32.880811924437175
7.0,387.0,32.8725420258127
7.0,388.0,32.86368981342696
7.0,389.0,32.85420035457877
7.0,390.0,32.84401236009668
7.0,391.0,32.83305718584711
7.0,392.0,32.82125769674355
7.0,393.0,32.808526868947546
7.0,394.0,32.79476617040139
7.0,395.0,32.77986356919558
7.0,396.0,32.76369118818048
7.0,397.0,32.746102416153555
7.0,398.0,32.72692845614301
7.0,399.0,32.70597406116066
7.0,400.0,32.68301237439239
7.0,401.0,32.65777853233994
7.0,402.0,32.62996184658822
7.0,403.0,32.59919608780448
7.0,404.0,32.565047542731
7.0,405.0,32.52700019845498
7.0,406.0,32.484437577850954
7.0,407.0,32.43662048742771
7.0,408.0,32.38266030024793
7.0,409.0,32.32148752754964
7.0,410.0,32.25181663827813
7.0,411.0,32.17210980832728
7.0,412.0,32.08054643135852
7.0,413.0,31.975011987174902
7.0,414.0,31.853132059854595
7.0,415.0,31.712395179660074
7.0,416.0,31.55043160940192
7.0,417.0,31.365532854700405
7.0,418.0,31.15747893681346
7.0,419.0,30.928620976684556
7.0,420.0,30.684860922995348
7.0,421.0,30.43569787380296
7.0,422.0,30.192352634182605
7.0,423.0,29.96432571060985
7.0,424.0,29.75752187532432
7.0,425.0,29.57429649456525
7.0,426.0,29.41443527687149
7.0,427.0,29.276236870506455
7.0,428.0,29.157340170314868
7.0,429.0,29.055243848506247
7.0,430.0,28.96758518926335
7.0,431.0,28.892262958880252
7.0,432.0,28.827471486983804
7.0,433.0,28.77168957161921
7.0,434.0,28.723650068840602
7.0,435.0,28.682303688159845
7.0,436.0,28.646783907615564
7.0,437.0,28.616375602380916
7.0,438.0,28.59048844134687
7.0,439.0,28.56863470433034
7.0,440.0,28.550411250995563
7.0,441.0,28.535484788825443
7.0,442.0,28.523580085489364
7.0,443.0,28.51447035329124
7.0,444.0,28.507969610763578
7.0,445.0,28.503926405948693
7.0,446.0,28.502218864005197
7.0,447.0,28.50275056639122
7.0,448.0,28.50544733801211
7.0,449.0,28.51025452954538
7.0,450.0,28.517134947123935
7.0,451.0,28.526067064987586
7.0,452.0,28.537043723191395
7.0,453.0,28.550070973967692
7.0,454.0,28.565167312358174
7.0,455.0,28.58236297013748
7.0,456.0,28.60169953206236
7.0,457.0,28.62322956133398
7.0,458.0,28.647016510517894
7.0,459.0,28.673134608212813
7.0,460.0,28.701669011109946
7.0,461.0,28.732715912595186
7.0,462.0,28.7663829086042
7.0,463.0,28.802789311423943
7.0,464.0,28.84206672184392
7.0,465.0,28.884359549395562
7.0,466.0,28.929825800060307
7.0,467.0,28.978637820344453
7.0,468.0,29.030983325876647
7.0,469.0,29.087066403224114
7.0,470.0,29.147108822132378
7.0,471.0,29.21135134784969
7.0,472.0,29.280055400587635
7.0,473.0,29.353504754533365
7.0,474.0,29.432007634773566
7.0,475.0,29.515898909902553
7.0,476.0,29.605542752363554
7.0,477.0,29.70133547339604
7.0,478.0,29.803708922042713
7.0,479.0,29.913134169600458
7.0,480.0,30.030125892090826
7.0,481.0,30.155247194564186
7.0,482.0,30.28911532171568
7.0,483.0,30.43240803282552
7.0,484.0,30.58587113095253
7.0,485.0,30.750326976376677
7.0,486.0,30.926684540750262
7.0,487.0,31.11595091127133
7.0,488.0,31.319244901014354
7.0,489.0,31.53781279675976
7.0,490.0,31.77304705284781
7.0,491.0,32.02650815219494
7.0,492.0,32.299950680180636
7.0,493.0,32.595354131310955
7.0,494.0,32.914959869230955
7.0,495.0,33.26131523566186
7.0,496.0,33.63732682836709
7.0,497.0,34.04632470722738
7.0,498.0,34.49214051295706
7.0,499.0,34.979202483719305
7.0,500.0,35.51265189637361
7.0,501.0,36.098485855496946
7.0,502.0,36.74373334733044
7.0,503.0,37.45667238120623
7.0,504.0,38.24709850579033
7.0,505.0,39.126656190342715
7.0,506.0,40.10924677491779
7.0,507.0,41.21152643631234
7.0,508.0,42.453505790481316
7.0,509.0,43.8592534183407
7.0,510.0,45.45768512888621
7.0,511.0,47.28337552304379
7.0,512.0,49.3772422585816
7.0,513.0,51.786794967268094
7.0,514.0,54.565374649147834
7.0,515.0,57.769401610441406
7.0,516.0,61.45213215013947
7.0,517.0,65.65202116181386
7.0,518.0,70.3741928325483
7.0,519.0,75.56619043518197
7.0,520.0,81.09603214894437
7.0,521.0,86.75117318250416
7.0,522.0,92.28051754144877
7.0,523.0,97.47151874574678
7.0,524.0,102.19219158878089
7.0,525.0,106.39007425326461
7.0,526.0,110.07028410643515
7.0,527.0,113.27126747781931
7.0,528.0,116.04627031541678
7.0,529.0,118.45170076525493
7.0,530.0,120.54088579740403
7.0,531.0,122.36131911317516
7.0,532.0,123.95390046022602
7.0,533.0,125.35318450965252
7.0,534.0,126.58806502212141
7.0,535.0,127.6825863610889
7.0,536.0,128.65673263622114
7.0,537.0,129.5271311664781
7.0,538.0,130.30765194026705
7.0,539.0,131.00990550468953
7.0,540.0,131.64365074887502
7.0,541.0,132.21712619222487
7.0,542.0,132.73731830667103
7.0,543.0,133.2101785459121
7.0,544.0,133.64079917517563
7.0,545.0,134.033555925375
7.0,546.0,134.3922241761915
7.0,547.0,134.72007381086792
7.0,548.0,135.01994703813335
7.0,549.0,135.29432240424237
7.0,550.0,135.545367729797
7.0,551.0,135.77498398595714
7.0,552.0,135.98484186186855
7.0,553.0,136.1764122918892
7.0,554.0,136.35099207663131
7.0,555.0,136.50972540784383
7.0,556.0,136.65362203812234
7.0,557.0,136.78357262339347
7.0,558.0,136.9003617238964
7.0,559.0,137.0046788180106
7.0,560.0,137.09712764421695
7.0,561.0,137.17823411912815
7.0,562.0,137.24845302912362
7.0,563.0,137.30817367911996
7.0,564.0,137.35772461126717
7.0,565.0,137.39737753917245
7.0,566.0,137.42735054648702
7.0,567.0,137.44781067423742
7.0,568.0,137.45887589481737
7.0,569.0,137.46061658619598
7.0,570.0,137.45305646127983
7.0,571.0,137.43617306127956
7.0,572.0,137.40989772944533
7.0,573.0,137.37411517231828
7.0,574.0,137.32866248798993
7.0,575.0,137.27332776726647
7.0,576.0,137.20784810967507
7.0,577.0,137.13190715696152
7.0,578.0,137.04513194529363
7.0,579.0,136.9470891707963
7.0,580.0,136.83728062268753
7.0,581.0,136.71513786223517
7.0,582.0,136.58001584443258
7.0,583.0,136.43118553067805
7.0,584.0,136.26782511534668
7.0,585.0,136.08900986332358
7.0,586.0,135.893700081144
7.0,587.0,135.68072713420867
7.0,588.0,135.44877689104453
7.0,589.0,135.19637036974817
7.0,590.0,134.92184075993043
7.0,591.0,134.6233063738225
7.0,592.0,134.2986383860824
7.0,593.0,133.94542255876496
7.0,594.0,133.56091332493762
7.0,595.0,133.14197884952168
7.0,596.0,132.68503467374998
7.0,597.0,132.18596362454016
7.0,598.0,131.64001837175311
7.0,599.0,131.04170279936923
7.0,600.0,130.38462662769987
7.0,601.0,129.66132704809306
7.0,602.0,128.86304880090998
7.0,603.0,127.97947285204603
7.0,604.0,126.99838086750933
7.0,605.0,125.90524107513009
7.0,606.0,124.6826984234393
7.0,607.0,123.30995219964007
7.0,608.0,121.76200660177768
7.0,609.0,120.00879139572751
7.0,610.0,118.01417539147454
7.0,611.0,115.73495204272737
7.0,612.0,113.11998415204356
7.0,613.0,110.10989277003188
7.0,614.0,106.638007970675
7.0,615.0,102.63380896658809
7.0,616.0,98.0307282514077
7.0,617.0,92.78069837765688
7.0,618.0,86.87731356650852
7.0,619.0,80.3861424903867
7.0,620.0,73.47215846351087
7.0,621.0,66.4010368038279
7.0,622.0,59.48664007281978
7.0,623.0,52.9946421871007
7.0,624.0,47.090013651303536
7.0,625.0,41.8383189139176
7.0,626.0,37.23314653698489
7.0,627.0,33.226421966334854
7.0,628.0,29.751569106317426
7.0,629.0,26.738057078667698
7.0,630.0,24.119204315247842
7.0,631.0,21.835618647115727
7.0,632.0,19.836148014956585
7.0,633.0,18.07756933413929
7.0,634.0,16.523733118866236
7.0,635.0,15.144549038684255
7.0,636.0,13.914999296622778
7.0,637.0,12.814259232853455
7.0,638.0,11.824947780193197
7.0,639.0,10.932505016944143
7.0,640.0,10.124682188893097
7.0,641.0,9.391127492142969
7.0,642.0,8.72305038852292
7.0,643.0,8.112950187104039
7.0,644.0,7.55439593816871
7.0,645.0,7.041847953871364
7.0,646.0,6.570512218477049
7.0,647.0,6.13622162288829
7.0,648.0,5.735338278121017
7.0,649.0,5.364673261051289
7.0,650.0,5.021419978541333
7.0,651.0,4.703099032291591
7.0,652.0,4.407511979706531
7.0,653.0,4.1327028238461105
7.0,654.0,3.8769253807603405
7.0,655.0,3.6386159482469043
7.0,656.0,3.4163698964577787
7.0,657.0,3.2089219742660235
7.0,658.0,3.0151292518006283
7.0,659.0,2.833956726740576
7.0,660.0,2.664464708725337
7.0,661.0,2.5057981584572606
7.0,662.0,2.3571772238668394
7.0,663.0,2.217889245517883
7.0,664.0,2.0872815601650663
7.0,665.0,1.9647554360667578
7.0,666.0,1.8497605291135064
7.0,667.0,1.7417902325475778
7.0,668.0,1.640377352497814
7.0,669.0,1.5450905065254386
7.0,670.0,1.4555307095349337
7.0,671.0,1.3713285587009107
7.0,672.0,1.2921415066738424
7.0,673.0,1.2176516423062569
7.0,674.0,1.1475634883252774
7.0,675.0,1.0816022379567583
7.0,676.0,1.0195119569711095
7.0,677.0,0.9610541724517099
7.0,678.0,0.9060063897629282
7.0,679.0,0.854160955766202
7.0,680.0,0.8053238234570544
7.0,681.0,0.7593136309030789
7.0,682.0,0.7159606625323363
7.0,683.0,0.6751060990088085
7.0,684.0,0.6366011361368689
7.0,685.0,0.6003063712256144
7.0,686.0,0.5660910494929248
7.0,687.0,0.533832560197086
7.0,688.0,0.5034157871163032
7.0,689.0,0.4747326935487897
7.0,690.0,0.44768175850408276
7.0,691.0,0.42216763409420116
7.0,692.0,0.39810065292803865
7.0,693.0,0.3753965447984064
7.0,694.0,0.35397600372843363
7.0,695.0,0.33376445346524103
7.0,696.0,0.31469166491237316
7.0,697.0,0.29669156196287527
7.0,698.0,0.27970188182935735
7.0,699.0,0.26366401432915687
7.0,700.0,0.24852269901573015
7.0,701.0,0.23422589227158183
7.0,702.0,0.22072449624214932
7.0,703.0,0.2079722490768149
7.0,704.0,0.19592548153733405
7.0,705.0,0.18454302651252458
7.0,706.0,0.17378599986884613
7.0,707.0,0.1636177259948496
7.0,708.0,0.1540035400205702
7.0,709.0,0.14491072665737148
7.0,710.0,0.13630834136492603
7.0,711.0,0.12816716016654436
7.0,712.0,0.12045951771031249
7.0,713.0,0.11315926607918227
7.0,714.0,0.10624162799371077
7.0,715.0,0.09968316291539205
7.0,716.0,0.09346163388584748
7.0,717.0,0.08755597945293848
7.0,718.0,0.08194619284562557
7.0,719.0,0.07661329844453434
7.0,720.0,0.07153924216117186
7.0,721.0,0.06670687133502856
7.0,722.0,0.062099835326785785
7.0,723.0,0.057702567858378385
7.0,724.0,0.053500196947257155
7.0,725.0,0.04947852881856778
7.0,726.0,0.04562396640539718
7.0,727.0,0.04192349405686698
7.0,728.0,0.03836460391071853
7.0,729.0,0.03493528070046656
7.0,730.0,0.031623935374137484
7.0,731.0,0.028419389369897942
7.0,732.0,0.02531081491021417
7.0,733.0,0.022287718170317196
7.0,734.0,0.01933988572204414
7.0,735.0,0.016457366064514586
7.0,736.0,0.013630421727660316
7.0,737.0,0.010849508670651329
7.0,738.0,0.008105233582556347
7.0,739.0,0.005388330682208288
7.0,740.0,0.002689623773271551
7.0,741.0,0.0
8.0,0.0,0.0
8.0,1.0,0.000774474815811746
8.0,2.0,0.0015515653027855
8.0,3.0,0.0023338962542746307
8.0,4.0,0.0031241095731600497
8.0,5.0,0.003924874650775524
8.0,6.0,0.004738895342059727
8.0,7.0,0.005568921724175054
8.0,8.0,0.006417756184825072
8.0,9.0,0.0072882666865090335
8.0,10.0,0.00818339209797455
8.0,11.0,0.009106157095006647
8.0,12.0,0.010059676871647771
8.0,13.0,0.011047173815469654
8.0,14.0,0.012071981744046075
8.0,15.0,0.01313756450196857
8.0,16.0,0.014247519879306012
8.0,17.0,0.015405600289431387
8.0,18.0,0.016615716540114928
8.0,19.0,0.01788196076582922
8.0,20.0,0.019208610239044303
8.0,21.0,0.020600152748457237
8.0,22.0,0.022061290658426682
8.0,23.0,0.023596968946018794
8.0,24.0,0.02521237974088822
8.0,25.0,0.02691299325976121
8.0,26.0,0.028704563088135602
8.0,27.0,0.030593160281611523
8.0,28.0,0.03258517968542043
8.0,29.0,0.03468737750884377
8.0,30.0,0.036906879019895596
8.0,31.0,0.039251219943178615
8.0,32.0,0.04172835591643275
8.0,33.0,0.04434670811513727
8.0,34.0,0.04711517491687164
8.0,35.0,0.05004318221977932
8.0,36.0,0.05314069783202721
8.0,37.0,0.056418287028453695
8.0,38.0,0.05988713026874885
8.0,39.0,0.06355908463049163
8.0,40.0,0.06744670556472104
8.0,41.0,0.07156331495834393
8.0,42.0,0.0759230277643262
8.0,43.0,0.08054082758758695
8.0,44.0,0.08543259918533362
8.0,45.0,0.09061521264515407
8.0,46.0,0.09610656294716818
8.0,47.0,0.10192566402037191
8.0,48.0,0.10809269680291284
8.0,49.0,0.11462911473502488
8.0,50.0,0.12155770206085767
8.0,51.0,0.12890269265966833
8.0,52.0,0.13668984072077767
8.0,53.0,0.14494655525042413
8.0,54.0,0.1537019857452539
8.0,55.0,0.16298717526891585
8.0,56.0,0.1728351643820397
8.0,57.0,0.18328116639856198
8.0,58.0,0.19436269364588984
8.0,59.0,0.20611975943784985
8.0,60.0,0.2185950317979858
8.0,61.0,0.23183406789432237
8.0,62.0,0.24588550174383628
8.0,63.0,0.2608013184404016
8.0,64.0,0.2766370841826468
8.0,65.0,0.2934522697236974
8.0,66.0,0.31131053348487625
8.0,67.0,0.33028010644960093
8.0,68.0,0.3504341423611622
8.0,69.0,0.37185118003371925
8.0,70.0,0.3946155789932494
8.0,71.0,0.41881808025493117
8.0,72.0,0.4445563516930245
8.0,73.0,0.47193567526386954
8.0,74.0,0.5010696345166356
8.0,75.0,0.5320809657874976
8.0,76.0,0.5651024315094763
8.0,77.0,0.6002778861800305
8.0,78.0,0.6377633948461202
8.0,79.0,0.67772858329867
8.0,80.0,0.720358083304133
8.0,81.0,0.7658532629581296
8.0,82.0,0.8144341119155344
8.0,83.0,0.8663414858410132
8.0,84.0,0.9218395906155501
8.0,85.0,0.981218929987537
8.0,86.0,1.0447996144817604
8.0,87.0,1.1129352823389689
8.0,88.0,1.186017557385473
8.0,89.0,1.2644813335462128
8.0,90.0,1.348810852932909
8.0,91.0,1.4395469244061185
8.0,92.0,1.5372953144650336
8.0,93.0,1.6427367426170576
8.0,94.0,1.7566386129793898
8.0,95.0,1.8798690422886342
8.0,96.0,2.0134134685648277
8.0,97.0,2.1583945919732126
8.0,98.0,2.3160961602713335
8.0,99.0,2.487991629038836
8.0,100.0,2.6757785340545137
8.0,101.0,2.8814199828635876
8.0,102.0,3.1071945108486294
8.0,103.0,3.355756118353878
8.0,104.0,3.6302060593639696
8.0,105.0,3.93417828871109
8.0,106.0,4.271939694353694
8.0,107.0,4.648505520062666
8.0,108.0,5.0697676169687265
8.0,109.0,5.542628899933508
8.0,110.0,6.075128536491965
8.0,111.0,6.676528153597796
8.0,112.0,7.3573050004717775
8.0,113.0,8.128961656108185
8.0,114.0,9.00351043132825
8.0,115.0,9.992431739875133
8.0,116.0,11.104863737905344
8.0,117.0,12.344822822685378
8.0,118.0,13.707505177544267
8.0,119.0,15.175345467333573
8.0,120.0,16.715553066808372
8.0,121.0,18.281800438742273
8.0,122.0,19.82200375444597
8.0,123.0,21.2898354621378
8.0,124.0,22.652504907412048
8.0,125.0,23.892446711248056
8.0,126.0,25.00485699823931
8.0,127.0,25.993752091840204
8.0,128.0,26.868270059061977
8.0,129.0,27.63989120884564
8.0,130.0,28.320627731186946
8.0,131.0,28.92198206779231
8.0,132.0,29.4544313136485
8.0,133.0,29.927236923968145
8.0,134.0,30.34843787642693
8.0,135.0,30.724936877217566
8.0,136.0,31.062625549240963
8.0,137.0,31.366518887644222
8.0,138.0,31.64088351046084
8.0,139.0,31.889353080308226
8.0,140.0,32.11502853558378
8.0,141.0,32.32056353651054
8.0,142.0,32.508236252534054
8.0,143.0,32.680009398091
8.0,144.0,32.837580087170174
8.0,145.0,32.982421323303484
8.0,146.0,33.115816370170066
8.0,147.0,33.23888740999661
8.0,148.0,33.35261932692603
8.0,149.0,33.45787964575632
8.0,150.0,33.55543513816886
8.0,151.0,33.64596584827166
8.0,152.0,33.730076821344625
8.0,153.0,33.80830809633683
8.0,154.0,33.881143093401626
8.0,155.0,33.94901582910212
8.0,156.0,34.01231699054987
8.0,157.0,34.071399215978595
8.0,158.0,34.126581547949314
8.0,159.0,34.1781533496429
8.0,160.0,34.22637760823867
8.0,161.0,34.27149387705142
8.0,162.0,34.31372075315088
8.0,163.0,34.353258115226524
8.0,164.0,34.39028900093033
8.0,165.0,34.42498132930899
8.0,166.0,34.45748933653468
8.0,167.0,34.4879549164983
8.0,168.0,34.51650872777441
8.0,169.0,34.54327124785692
8.0,170.0,34.56835363239823
8.0,171.0,34.59185855194497
8.0,172.0,34.61388086212666
8.0,173.0,34.6345082729
8.0,174.0,34.65382187241167
8.0,175.0,34.67189666521048
8.0,176.0,34.688801980940674
8.0,177.0,34.7046019080558
8.0,178.0,34.71935560992315
8.0,179.0,34.73311767311038
8.0,180.0,34.74593834692038
8.0,181.0,34.75786381948893
8.0,182.0,34.768936391502656
8.0,183.0,34.77919468850961
8.0,184.0,34.78867377503021
8.0,185.0,34.79740530711276
8.0,186.0,34.80541758871921
8.0,187.0,34.81273566414668
8.0,188.0,34.81938131392978
8.0,189.0,34.82537308172889
8.0,190.0,34.830726201404964
8.0,191.0,34.83545254661849
8.0,192.0,34.83956047334944
8.0,193.0,34.84305467174431
8.0,194.0,34.84593589795622
8.0,195.0,34.84820069525959
8.0,196.0,34.84984097392512
8.0,197.0,34.8508435502253
8.0,198.0,34.851189510753635
8.0,199.0,34.85085349104246
8.0,200.0,34.84980272862032
8.0,201.0,34.84799596532094
8.0,202.0,34.845382050589876
8.0,203.0,34.84189830551239
8.0,204.0,34.83746849328729
8.0,205.0,34.83200044991789
8.0,206.0,34.825383236800015
8.0,207.0,34.8174839085341
8.0,208.0,34.808143860567036
8.0,209.0,34.79717504750437
8.0,210.0,34.784356414545115
8.0,211.0,34.769431489314954
8.0,212.0,34.75210858234435
8.0,213.0,34.73206627438583
8.0,214.0,34.70896815027505
8.0,215.0,34.68249260611865
8.0,216.0,34.652384574149316
8.0,217.0,34.61853497978587
8.0,218.0,34.58108641018099
8.0,219.0,34.54054576238188
8.0,220.0,34.49785463364782
8.0,221.0,34.45434111855866
8.0,222.0,34.411497501114106
8.0,223.0,34.37065135797798
8.0,224.0,34.33274324950216
8.0,225.0,34.29827851163872
8.0,226.0,34.26739764299925
8.0,227.0,34.23998894256044
8.0,228.0,34.21579417267322
8.0,229.0,34.19448800028278
8.0,230.0,34.175729713798475
8.0,231.0,34.15919300886274
8.0,232.0,34.14458071154112
8.0,233.0,34.13163023837368
8.0,234.0,34.12011378317652
8.0,235.0,34.109835875411775
8.0,236.0,34.10062979452989
8.0,237.0,34.0923537481769
8.0,238.0,34.08488719881375
8.0,239.0,34.07812758422789
8.0,240.0,34.07198744453359
8.0,241.0,34.06639199768381
8.0,242.0,34.061277079011965
8.0,243.0,34.056587441364265
8.0,244.0,34.05227532117774
8.0,245.0,34.04829926715119
8.0,246.0,34.04462314861435
8.0,247.0,34.04121534950817
8.0,248.0,34.03804807913331
8.0,249.0,34.03509681397519
8.0,250.0,34.03233981337972
8.0,251.0,34.029757729042004
8.0,252.0,34.02733325986731
8.0,253.0,34.02505087539067
8.0,254.0,34.02289656587277
8.0,255.0,34.020857643737
8.0,256.0,34.018922559454545
8.0,257.0,34.01708075686307
8.0,258.0,34.015322534949114
8.0,259.0,34.01363894066222
8.0,260.0,34.0120216629926
8.0,261.0,34.01046295200555
8.0,262.0,34.00895553576944
8.0,263.0,34.00749255772137
8.0,264.0,34.0060675097615
8.0,265.0,34.00467418231186
8.0,266.0,34.003306608728586
8.0,267.0,34.00195902391038
8.0,268.0,34.000625816391874
8.0,269.0,33.999301492334716
8.0,270.0,33.99798063244426
8.0,271.0,33.99665785878597
8.0,272.0,33.99532779413054
8.0,273.0,33.99398502937168
8.0,274.0,33.992624083120155
8.0,275.0,33.99123936760407
8.0,276.0,33.98982514633095
8.0,277.0,33.988375496243535
8.0,278.0,33.98688426105107
8.0,279.0,33.98534500707744
8.0,280.0,33.9837509693966
8.0,281.0,33.982094998197496
8.0,282.0,33.98036949407672
8.0,283.0,33.97856634076492
8.0,284.0,33.97667682471482
8.0,285.0,33.97469154853626
8.0,286.0,33.97260032817892
8.0,287.0,33.97039207916825
8.0,288.0,33.968054681918105
8.0,289.0,33.96557482947013
8.0,290.0,33.96293784731001
8.0,291.0,33.9601274861984
8.0,292.0,33.95712567657008
8.0,293.0,33.95391224229051
8.0,294.0,33.95046456015899
8.0,295.0,33.946757158642434
8.0,296.0,33.942761238493524
8.0,297.0,33.938444102689154
8.0,298.0,33.93376847237698
8.0,299.0,33.92869166779185
8.0,300.0,33.92316462202758
8.0,301.0,33.91713069541482
8.0,302.0,33.91052424714784
8.0,303.0,33.903268919835625
8.0,304.0,33.8952755846717
8.0,305.0,33.88643990000988
8.0,306.0,33.87663944399554
8.0,307.0,33.8657304167108
8.0,308.0,33.853543972340674
8.0,309.0,33.83988237749797
8.0,310.0,33.824515430929466
8.0,311.0,33.80717800039045
8.0,312.0,33.78757021451447
8.0,313.0,33.765362899646334
8.0,314.0,33.74021230767648
8.0,315.0,33.71178987674349
8.0,316.0,33.67983395217857
8.0,317.0,33.644229200669145
8.0,318.0,33.60511227660653
8.0,319.0,33.56298443058307
8.0,320.0,33.518781898864475
8.0,321.0,33.473827663756865
8.0,322.0,33.42960914590135
8.0,323.0,33.38744927342552
8.0,324.0,33.34828417392295
8.0,325.0,33.312614934678976
8.0,326.0,33.28057799119407
8.0,327.0,33.25205773539267
8.0,328.0,33.22679218037598
8.0,329.0,33.204452374139244
8.0,330.0,33.184694118254626
8.0,331.0,33.16718772795238
8.0,332.0,33.15163275699734
8.0,333.0,33.13776343370167
8.0,334.0,33.12534884910091
8.0,335.0,33.11419049277809
8.0,336.0,33.104118668090116
8.0,337.0,33.09498864917141
8.0,338.0,33.086677007771875
8.0,339.0,33.07907831375893
8.0,340.0,33.07210226149523
8.0,341.0,33.065671226385845
8.0,342.0,33.05971820277554
8.0,343.0,33.05418508600636
8.0,344.0,33.049021235639835
8.0,345.0,33.044182286777435
8.0,346.0,33.03962915415842
8.0,347.0,33.03532720933238
8.0,348.0,33.03124558549565
8.0,349.0,33.02735660284641
8.0,350.0,33.02363527645382
8.0,351.0,33.020058909377596
8.0,352.0,33.01660673753506
8.0,353.0,33.013259636572855
8.0,354.0,33.0099998594373
8.0,355.0,33.00681082074795
8.0,356.0,33.00367689721366
8.0,357.0,33.00058326495951
8.0,358.0,32.99751574239612
8.0,359.0,32.99446066360079
8.0,360.0,32.99140474942053
8.0,361.0,32.988335004986624
8.0,362.0,32.985238608834905
8.0,363.0,32.98210282584326
8.0,364.0,32.97891490670845
8.0,365.0,32.975662009613224
8.0,366.0,32.97233110396192
8.0,367.0,32.96890889526391
8.0,368.0,32.96538172787619
8.0,369.0,32.9617355081434
8.0,370.0,32.95795560118003
8.0,371.0,32.95402674734199
8.0,372.0,32.94993294787131
8.0,373.0,32.945657369321026
8.0,374.0,32.941182212176344
8.0,375.0,32.93648859687456
8.0,376.0,32.93155640823491
8.0,377.0,32.92636415509595
8.0,378.0,32.92088878137716
8.0,379.0,32.915105488894866
8.0,380.0,32.90898750288193
8.0,381.0,32.90250584391135
8.0,382.0,32.895629031304615
8.0,383.0,32.88832278477597
8.0,384.0,32.88054964272654
8.0,385.0,32.87226856642807
8.0,386.0,32.86343444074071
8.0,387.0,32.853997542153415
8.0,388.0,32.843902875447604
8.0,389.0,32.8330894497939
8.0,390.0,32.821489383933
8.0,391.0,32.80902690883097
8.0,392.0,32.79561714237121
8.0,393.0,32.781164698210176
8.0,394.0,32.76556198310598
8.0,395.0,32.74868723263763
8.0,396.0,32.73040211169336
8.0,397.0,32.71054890854867
8.0,398.0,32.68894711001395
8.0,399.0,32.66538935306488
8.0,400.0,32.63963648754534
8.0,401.0,32.611411698076765
8.0,402.0,32.580393354867226
8.0,403.0,32.54620648976026
8.0,404.0,32.50841251399473
8.0,405.0,32.466497067952
8.0,406.0,32.41985567587406
8.0,407.0,32.36777731734429
8.0,408.0,32.309426079765515
8.0,409.0,32.24382201495446
8.0,410.0,32.169823229867
8.0,411.0,32.08611364050938
8.0,412.0,31.99120392452669
8.0,413.0,31.88345877985899
8.0,414.0,31.761170558742016
8.0,415.0,31.62270815108866
8.0,416.0,31.466775586225836
8.0,417.0,31.292809189433875
8.0,418.0,31.101505913545846
8.0,419.0,30.895386473541663
8.0,420.0,30.679147297353495
8.0,421.0,30.45941942680129
8.0,422.0,30.24365698691805
8.0,423.0,30.038492638488215
8.0,424.0,29.848626051136925
8.0,425.0,29.676582819709292
8.0,426.0,29.523066426470056
8.0,427.0,29.387521406777203
8.0,428.0,29.26866170001525
8.0,429.0,29.164867853240175
8.0,430.0,29.07444565071535
8.0,431.0,28.995775061024986
8.0,432.0,28.927383908096125
8.0,433.0,28.867975211042328
8.0,434.0,28.816428184007126
8.0,435.0,28.771786089803673
8.0,436.0,28.733238389425367
8.0,437.0,28.70010171828722
8.0,438.0,28.671801610643847
8.0,439.0,28.647856212353105
8.0,440.0,28.62786202269508
8.0,441.0,28.611481909157845
8.0,442.0,28.598434929918337
8.0,443.0,28.58848800128849
8.0,444.0,28.581448873869157
8.0,445.0,28.577160475405783
8.0,446.0,28.575496123126623
8.0,447.0,28.57635572978071
8.0,448.0,28.57966255719388
8.0,449.0,28.58536070302449
8.0,450.0,28.593412913930656
8.0,451.0,28.60379895816921
8.0,452.0,28.616514176645147
8.0,453.0,28.631568480200315
8.0,454.0,28.64898542745193
8.0,455.0,28.668801676593375
8.0,456.0,28.691066453589453
8.0,457.0,28.715841349610216
8.0,458.0,28.74320009366692
8.0,459.0,28.773228628660235
8.0,460.0,28.80602513755004
8.0,461.0,28.84170036060365
8.0,462.0,28.88037784962636
8.0,463.0,28.92219451123811
8.0,464.0,28.967301083605967
8.0,465.0,29.015862908853773
8.0,466.0,29.06806064401834
8.0,467.0,29.12409128251303
8.0,468.0,29.184169127916192
8.0,469.0,29.2485271018356
8.0,470.0,29.31741802761798
8.0,471.0,29.39111628198283
8.0,472.0,29.469919457876777
8.0,473.0,29.554150442079774
8.0,474.0,29.644159554675653
8.0,475.0,29.740327167272138
8.0,476.0,29.843066454151533
8.0,477.0,29.952826709588223
8.0,478.0,30.0700968971984
8.0,479.0,30.19540988550539
8.0,480.0,30.329347053874564
8.0,481.0,30.472543750925986
8.0,482.0,30.62569531743751
8.0,483.0,30.7895641943485
8.0,484.0,30.964987869793255
8.0,485.0,31.15288824036009
8.0,486.0,31.354282203350035
8.0,487.0,31.570294134394118
8.0,488.0,31.80217016158758
8.0,489.0,32.0512950074138
8.0,490.0,32.319211451991954
8.0,491.0,32.60764336402511
8.0,492.0,32.9185225687799
8.0,493.0,33.254020764200355
8.0,494.0,33.61658708238824
8.0,495.0,34.00899290894724
8.0,496.0,34.43438505381789
8.0,497.0,34.896349489993334
8.0,498.0,35.39898749239988
8.0,499.0,35.94700727634033
8.0,500.0,36.545834016510966
8.0,501.0,37.20174254300661
8.0,502.0,37.92201690976094
8.0,503.0,38.71514243316198
8.0,504.0,39.59103544609154
8.0,505.0,40.56131664518324
8.0,506.0,41.63963186528564
8.0,507.0,42.84202134417342
8.0,508.0,44.18733015921259
8.0,509.0,45.69763839531125
8.0,510.0,47.398661781409096
8.0,511.0,49.320027454577364
8.0,512.0,51.495252112756496
8.0,513.0,53.96113297571324
8.0,514.0,56.75609790253423
8.0,515.0,59.916872069917396
8.0,516.0,63.47268484826872
8.0,517.0,67.4363752815478
8.0,518.0,71.79255705908503
8.0,519.0,76.48500621761453
8.0,520.0,81.40877709767999
8.0,521.0,86.4156050219498
8.0,522.0,91.33880430336961
8.0,523.0,96.03010832323507
8.0,524.0,100.38456753527882
8.0,525.0,104.34595212457613
8.0,526.0,107.89886795163324
8.0,527.0,111.05614421536795
8.0,528.0,113.84699840399126
8.0,529.0,116.30814171568461
8.0,530.0,118.47798590452054
8.0,531.0,120.39330987874213
8.0,532.0,122.08760977794316
8.0,533.0,123.59048983216482
8.0,534.0,124.92764046298403
8.0,535.0,126.12111392259048
8.0,536.0,127.18972486575312
8.0,537.0,128.14948036791924
8.0,538.0,129.01399028255574
8.0,539.0,129.79483632910345
8.0,540.0,130.50189277093406
8.0,541.0,131.1435995563853
8.0,542.0,131.72719195619152
8.0,543.0,132.25889236326776
8.0,544.0,132.74406972086973
8.0,545.0,133.187371943312
8.0,546.0,133.59283576667235
8.0,547.0,133.96397807077992
8.0,548.0,134.30387181641714
8.0,549.0,134.61520942062307
8.0,550.0,134.90035568593984
8.0,551.0,135.16139220225273
8.0,552.0,135.4001546187059
8.0,553.0,135.6182640793865
8.0,554.0,135.81715374377333
8.0,555.0,135.99809126333048
8.0,556.0,136.16219782680795
8.0,557.0,136.31046436011223
8.0,558.0,136.443765296465
8.0,559.0,136.56287030690453
8.0,560.0,136.66845428282804
8.0,561.0,136.76110582303716
8.0,562.0,136.84133444024565
8.0,563.0,136.90957663960734
8.0,564.0,136.96620103816895
8.0,565.0,137.011512602282
8.0,566.0,137.0457561457011
8.0,567.0,137.06911910557665
8.0,568.0,137.08173372563107
8.0,569.0,137.08367861381026
8.0,570.0,137.07497979814414
8.0,571.0,137.05561120409968
8.0,572.0,137.02549467599738
8.0,573.0,136.98449942470666
8.0,574.0,136.9324410246846
8.0,575.0,136.86907980198478
8.0,576.0,136.7941187360087
8.0,577.0,136.70720067414499
8.0,578.0,136.60790497844576
8.0,579.0,136.49574335643445
8.0,580.0,136.3701549851683
8.0,581.0,136.230500625596
8.0,582.0,136.07605581578676
8.0,583.0,135.90600277219565
8.0,584.0,135.71942105057903
8.0,585.0,135.51527650792278
8.0,586.0,135.29240855482288
8.0,587.0,135.04951512118515
8.0,588.0,134.7851352238798
8.0,589.0,134.49762839345863
8.0,590.0,134.18515068845716
8.0,591.0,133.84562631574744
8.0,592.0,133.47671433416767
8.0,593.0,133.07576910903123
8.0,594.0,132.6397936038412
8.0,595.0,132.1653836548902
8.0,596.0,131.64866171402647
8.0,597.0,131.08519742997993
8.0,598.0,130.46991265008265
8.0,599.0,129.79696708834658
8.0,600.0,129.05962095108973
8.0,601.0,128.25006924887884
8.0,602.0,127.3592424635564
8.0,603.0,126.37656665128912
8.0,604.0,125.28967635910342
8.0,605.0,124.08407306435974
8.0,606.0,122.74272429995801
8.0,607.0,121.24560217151624
8.0,608.0,119.56917039118957
8.0,609.0,117.68584664213964
8.0,610.0,115.56350185066272
8.0,611.0,113.16511553323329
8.0,612.0,110.44880316275568
8.0,613.0,107.36857749837304
8.0,614.0,103.87641098622132
8.0,615.0,99.92640242218049
8.0,616.0,95.48201839553938
8.0,617.0,90.52721142991602
8.0,618.0,85.08121379888243
8.0,619.0,79.21430286951261
8.0,620.0,73.05765617907286
8.0,621.0,66.79659803858932
8.0,622.0,60.63947703660038
8.0,623.0,54.77161587317457
8.0,624.0,49.32418886018861
8.0,625.0,44.36746850899041
8.0,626.0,39.92068059656484
8.0,627.0,35.9677694770809
8.0,628.0,32.47219187963602
8.0,629.0,29.38803500068877
8.0,630.0,26.66725792196824
8.0,631.0,24.263858207650028
8.0,632.0,22.13593427073215
8.0,633.0,20.24644661935158
8.0,634.0,18.563245179035732
8.0,635.0,17.058724537251734
8.0,636.0,15.709323160630351
8.0,637.0,14.494985636562383
8.0,638.0,13.398649639604356
8.0,639.0,12.405784303689297
8.0,640.0,11.503989265426172
8.0,641.0,10.682652934394996
8.0,642.0,9.93266531085119
8.0,643.0,9.246177892786113
8.0,644.0,8.616404224226295
8.0,645.0,8.037453981197613
8.0,646.0,7.504195455098275
8.0,647.0,7.012140960908243
8.0,648.0,6.557351668693779
8.0,649.0,6.136357886385104
8.0,650.0,5.7460925989199385
8.0,651.0,5.383835399709764
8.0,652.0,5.047165538618564
8.0,653.0,4.733921981437947
8.0,654.0,4.442169821362806
8.0,655.0,4.170171443300643
8.0,656.0,3.9163621872553587
8.0,657.0,3.6793292465800613
8.0,658.0,3.4577938129773482
8.0,659.0,3.250595426926266
8.0,660.0,3.0566787192984632
8.0,661.0,2.8750816529422036
8.0,662.0,2.7049255639044216
8.0,663.0,2.5454062139343945
8.0,664.0,2.395786228422928
8.0,665.0,2.2553882035175117
8.0,666.0,2.1235889048758843
8.0,667.0,1.9998138937411
8.0,668.0,1.883533033504754
8.0,669.0,1.7742562511056106
8.0,670.0,1.671530025115973
8.0,671.0,1.5749340047370126
8.0,672.0,1.484078241898258
8.0,673.0,1.3986004647222487
8.0,674.0,1.3181638789952537
8.0,675.0,1.242454946075642
8.0,676.0,1.1711816240761235
8.0,677.0,1.1040715383710094
8.0,678.0,1.0408705653325103
8.0,679.0,0.9813413113076167
8.0,680.0,0.9252619654556032
8.0,681.0,0.8724250233667519
8.0,682.0,0.8226363529899832
8.0,683.0,0.7757141140643634
8.0,684.0,0.7314879940675715
8.0,685.0,0.6897982858027221
8.0,686.0,0.650495259978333
8.0,687.0,0.6134383716788239
8.0,688.0,0.5784957434825972
8.0,689.0,0.5455434778862953
8.0,690.0,0.514465230407458
8.0,691.0,0.48515160986302475
8.0,692.0,0.4574998251397328
8.0,693.0,0.43141315893230925
8.0,694.0,0.40680067512763596
8.0,695.0,0.3835767544692098
8.0,696.0,0.3616608520313462
8.0,697.0,0.3409770855007897
8.0,698.0,0.3214540341927665
8.0,699.0,0.3030243723813046
8.0,700.0,0.28562470286185426
8.0,701.0,0.2691952291330041
8.0,702.0,0.2536796177393295
8.0,703.0,0.23902470419424018
8.0,704.0,0.2251803793158059
8.0,705.0,0.21209932464783215
8.0,706.0,0.19973691878664676
8.0,707.0,0.18805099875394962
8.0,708.0,0.1770017829464405
8.0,709.0,0.16655165547665834
8.0,710.0,0.15666510289235272
8.0,711.0,0.1473085189588276
8.0,712.0,0.13845015271599764
8.0,713.0,0.1300599315495309
8.0,714.0,0.12210941849977282
8.0,715.0,0.11457165177611175
8.0,716.0,0.10742110951825695
8.0,717.0,0.10063356416182725
8.0,718.0,0.09418605309039019
8.0,719.0,0.08805674647050159
8.0,720.0,0.08222492243148365
8.0,721.0,0.07667084716301159
8.0,722.0,0.07137575342591539
8.0,723.0,0.0663217318511974
8.0,724.0,0.06149171172476935
8.0,725.0,0.0568693625484444
8.0,726.0,0.05243907615888328
8.0,727.0,0.04818587771255405
8.0,728.0,0.04409540829775908
8.0,729.0,0.040153844589900886
8.0,730.0,0.03634788119807803
8.0,731.0,0.03266465830669912
8.0,732.0,0.029091743066978978
8.0,733.0,0.025617064597956405
8.0,734.0,0.022228893790045248
8.0,735.0,0.01891578508437173
8.0,736.0,0.015666554101717165
8.0,737.0,0.012470225654998487
8.0,738.0,0.009316008653554137
8.0,739.0,0.006193249830465364
8.0,740.0,0.0030914054000013708
8.0,741.0,0.0
9.0,0.0,0.0
9.0,1.0,0.0008755395292671121
9.0,2.0,0.001754036093672198
9.0,3.0,0.002638456379461546
9.0,4.0,0.003531787726880328
9.0,5.0,0.004437046567261701
9.0,6.0,0.005357290915620997
9.0,7.0,0.00629562773343467
9.0,8.0,0.007255227051130647
9.0,9.0,0.008239328400354375
9.0,10.0,0.009251256710987324
9.0,11.0,0.010294427963013473
9.0,12.0,0.01137236700941042
9.0,13.0,0.012488712606410577
9.0,14.0,0.013647237322753485
9.0,15.0,0.014851852118375758
9.0,16.0,0.016106628512308697
9.0,17.0,0.01741580289388871
9.0,18.0,0.01878380113632173
9.0,19.0,0.02021524284171752
9.0,20.0,0.021714968605396193
9.0,21.0,0.02328804441684373
9.0,22.0,0.024939791801682775
9.0,23.0,0.02667579262556356
9.0,24.0,0.02850192236696291
9.0,25.0,0.03042435560074471
9.0,26.0,0.03244960268634583
9.0,27.0,0.0345845162431172
9.0,28.0,0.03683633157595705
9.0,29.0,0.039212674496652125
9.0,30.0,0.04172160585382893
9.0,31.0,0.04437163110470852
9.0,32.0,0.047171749369884275
9.0,33.0,0.050131465219894304
9.0,34.0,0.053260842739724694
9.0,35.0,0.056570520066563726
9.0,36.0,0.060071769026520734
9.0,37.0,0.06377651304662453
9.0,38.0,0.06769739302016894
9.0,39.0,0.07184778932099611
9.0,40.0,0.07624189466814486
9.0,41.0,0.08089474109827235
9.0,42.0,0.08582228074006182
9.0,43.0,0.09104141875716576
9.0,44.0,0.09657010311482023
9.0,45.0,0.10242736469856834
9.0,46.0,0.1086334173684367
9.0,47.0,0.11520970669786351
9.0,48.0,0.12217902187599278
9.0,49.0,0.12956555480971163
9.0,50.0,0.13739502576704207
9.0,51.0,0.14569475496012557
9.0,52.0,0.15449380424204254
9.0,53.0,0.1638230637626385
9.0,54.0,0.1737154125635053
9.0,55.0,0.18420582350186743
9.0,56.0,0.19533154626874913
9.0,57.0,0.20713223454903695
9.0,58.0,0.21965015586274717
9.0,59.0,0.23293034592605186
9.0,60.0,0.24702085084805736
9.0,61.0,0.26197291495137914
9.0,62.0,0.27784126233247414
9.0,63.0,0.2946843260911671
9.0,64.0,0.3125645781982396
9.0,65.0,0.3315488103081435
9.0,66.0,0.35170852343410486
9.0,67.0,0.37312027346635196
9.0,68.0,0.39586613555549993
9.0,69.0,0.4200341313933806
9.0,70.0,0.4457187877616298
9.0,71.0,0.4730216679232039
9.0,72.0,0.5020520499439989
9.0,73.0,0.5329275917131482
9.0,74.0,0.5657751630148833
9.0,75.0,0.6007316834904363
9.0,76.0,0.6379451539186267
9.0,77.0,0.6775757199242427
9.0,78.0,0.7197969638093621
9.0,79.0,0.7647972655578207
9.0,80.0,0.8127814387234166
9.0,81.0,0.8639724865499273
9.0,82.0,0.9186136966207588
9.0,83.0,0.9769709270504178
9.0,84.0,1.0393353188922234
9.0,85.0,1.106026300295542
9.0,86.0,1.1773951390562438
9.0,87.0,1.253828928672325
9.0,88.0,1.3357552947695737
9.0,89.0,1.42364773686888
9.0,90.0,1.518031934700209
9.0,91.0,1.6194929787985324
9.0,92.0,1.728683914489745
9.0,93.0,1.8463356249882208
9.0,94.0,1.9732685273021988
9.0,95.0,2.1104062015820455
9.0,96.0,2.2587915445834894
9.0,97.0,2.419605698281287
9.0,98.0,2.594190496905814
9.0,99.0,2.784074845372643
9.0,100.0,2.9910059427016877
9.0,101.0,3.216985913551412
9.0,102.0,3.4643148615728445
9.0,103.0,3.7356408818966162
9.0,104.0,4.034017784594061
9.0,105.0,4.3629703636369195
9.0,106.0,4.7265665020614325
9.0,107.0,5.129493203534514
9.0,108.0,5.577131016061063
9.0,109.0,6.075615830787884
9.0,110.0,6.6318694641099105
9.0,111.0,7.253567882246511
9.0,112.0,7.94899915330591
9.0,113.0,8.726740566503961
9.0,114.0,9.595060835601593
9.0,115.0,10.560937348521348
9.0,116.0,11.62859455448699
9.0,117.0,12.797556288126176
9.0,118.0,14.060416673257524
9.0,119.0,15.40089907413191
9.0,120.0,16.79320447342177
9.0,121.0,18.203803677676053
9.0,122.0,19.596104234668196
9.0,123.0,20.93657693450252
9.0,124.0,22.199422726902654
9.0,125.0,23.368364926552818
9.0,126.0,24.435997590907576
9.0,127.0,25.401844471203542
9.0,128.0,26.27012991594435
9.0,129.0,27.047831194653202
9.0,130.0,27.743216884583465
9.0,131.0,28.364864119857465
9.0,132.0,28.921060794341695
9.0,133.0,29.419482680250553
9.0,134.0,29.867051379506822
9.0,135.0,30.26990254755295
9.0,136.0,30.63341647460078
9.0,137.0,30.962279883504554
9.0,138.0,31.260560352445335
9.0,139.0,31.531782345380762
9.0,140.0,31.77899931600269
9.0,141.0,32.00485897537102
9.0,142.0,32.211661013963514
9.0,143.0,32.40140711259842
9.0,144.0,32.575843994146084
9.0,145.0,32.736500053225164
9.0,146.0,32.88471657771587
9.0,147.0,33.02167412503531
9.0,148.0,33.148414966964936
9.0,149.0,33.265862015741895
9.0,150.0,33.37483497496068
9.0,151.0,33.47606396596808
9.0,152.0,33.57020122079327
9.0,153.0,33.657830961784065
9.0,154.0,33.73947794212744
9.0,155.0,33.8156146723815
9.0,156.0,33.886667722738295
9.0,157.0,33.95302306000709
9.0,158.0,34.015030749282694
9.0,159.0,34.073008934350426
9.0,160.0,34.12724738462052
9.0,161.0,34.178010492584264
9.0,162.0,34.22553997955211
9.0,163.0,34.270057173861
9.0,164.0,34.311765097550946
9.0,165.0,34.35085021292122
9.0,166.0,34.3874840488193
9.0,167.0,34.42182455012017
9.0,168.0,34.4540173579126
9.0,169.0,34.484196859226486
9.0,170.0,34.512487204073
9.0,171.0,34.539003126323344
9.0,172.0,34.563850758219374
9.0,173.0,34.587128274357184
9.0,174.0,34.608926548162444
9.0,175.0,34.62932965715949
9.0,176.0,34.64841541409658
9.0,177.0,34.666255761500345
9.0,178.0,34.68291720131309
9.0,179.0,34.69846109902634
9.0,180.0,34.712944028908225
9.0,181.0,34.72641800196759
9.0,182.0,34.73893073840208
9.0,183.0,34.750525828647994
9.0,184.0,34.76124294001362
9.0,185.0,34.77111791560848
9.0,186.0,34.78018291775929
9.0,187.0,34.788466465214064
9.0,188.0,34.795993511392204
9.0,189.0,34.80278541542807
9.0,190.0,34.80885994805171
9.0,191.0,34.8142311861903
9.0,192.0,34.81890943266418
9.0,193.0,34.82290101647972
9.0,194.0,34.82620810375158
9.0,195.0,34.828828375615814
9.0,196.0,34.83075469592614
9.0,197.0,34.83197462499003
9.0,198.0,34.832469893900495
9.0,199.0,34.832215694750346
9.0,200.0,34.831179892561394
9.0,201.0,34.829322013606394
9.0,202.0,34.826592109257874
9.0,203.0,34.8229293544743
9.0,204.0,34.81826048372169
9.0,205.0,34.81249794722083
9.0,206.0,34.805537928269175
9.0,207.0,34.79725818663417
9.0,208.0,34.78751600285163
9.0,209.0,34.776146423749374
9.0,210.0,34.76296145335731
9.0,211.0,34.7477509681616
9.0,212.0,34.73028683495469
9.0,213.0,34.71033214016096
9.0,214.0,34.68765832429253
9.0,215.0,34.662073261973354
9.0,216.0,34.633463072561305
9.0,217.0,34.60184776718529
9.0,218.0,34.567444983581964
9.0,219.0,34.53072544186753
9.0,220.0,34.49243160516426
9.0,221.0,34.45352646936368
9.0,222.0,34.415060262282154
9.0,223.0,34.37799539507387
9.0,224.0,34.343073158459475
9.0,225.0,34.31076251006134
9.0,226.0,34.28127872621478
9.0,227.0,34.254638852811546
9.0,228.0,34.23072542532828
9.0,229.0,34.20934210828817
9.0,230.0,34.190255484903965
9.0,231.0,34.17322312665412
9.0,232.0,34.158010700332085
9.0,233.0,34.14440118374111
9.0,234.0,34.132198949367215
9.0,235.0,34.12123066241463
9.0,236.0,34.11134443032771
9.0,237.0,34.1024080269956
9.0,238.0,34.094306787899036
9.0,239.0,34.086941427448636
9.0,240.0,34.08022599870809
9.0,241.0,34.0740860180689
9.0,242.0,34.06845683428743
9.0,243.0,34.06328218892642
9.0,244.0,34.05851300300732
9.0,245.0,34.05410631965132
9.0,246.0,34.050024427246214
9.0,247.0,34.04623409492389
9.0,248.0,34.04270594502911
9.0,249.0,34.03941390132763
9.0,250.0,34.0363347398555
9.0,251.0,34.033447688384314
9.0,252.0,34.03073410319154
9.0,253.0,34.028177175362636
9.0,254.0,34.02576169615628
9.0,255.0,34.02347383882257
9.0,256.0,34.02130098639549
9.0,257.0,34.01923156711086
9.0,258.0,34.01725492632802
9.0,259.0,34.01536120018596
9.0,260.0,34.01354121879961
9.0,261.0,34.01178640730347
9.0,262.0,34.01008871120192
9.0,263.0,34.00844051703763
9.0,264.0,34.006834593326985
9.0,265.0,34.005264025196794
9.0,266.0,34.00372216607129
9.0,267.0,34.002202582046316
9.0,268.0,34.000699010660426
9.0,269.0,33.99920531172227
9.0,270.0,33.99771543025707
9.0,271.0,33.99622335110035
9.0,272.0,33.99472306356684
9.0,273.0,33.99320851745246
9.0,274.0,33.99167358718554
9.0,275.0,33.99011202698311
9.0,276.0,33.98851743224263
9.0,277.0,33.98688319149139
9.0,278.0,33.98520244256099
9.0,279.0,33.98346801863642
9.0,280.0,33.981672396296624
9.0,281.0,33.97980763236918
9.0,282.0,33.97786530015782
9.0,283.0,33.97583641285887
9.0,284.0,33.97371134312691
9.0,285.0,33.97147972737973
9.0,286.0,33.96913036211433
9.0,287.0,33.966651081316954
9.0,288.0,33.96402862038588
9.0,289.0,33.96124845577087
9.0,290.0,33.95829462362106
9.0,291.0,33.95514950626242
9.0,292.0,33.951793587241305
9.0,293.0,33.948205162688424
9.0,294.0,33.94436000655381
9.0,295.0,33.94023097549611
9.0,296.0,33.93578754694052
9.0,297.0,33.93099527302626
9.0,298.0,33.925815138979914
9.0,299.0,33.92020280459365
9.0,300.0,33.91410771193748
9.0,301.0,33.9074720342008
9.0,302.0,33.90022944546852
9.0,303.0,33.89230368749215
9.0,304.0,33.88360692035837
9.0,305.0,33.87403785354168
9.0,306.0,33.863479685686734
9.0,307.0,33.851797928281066
9.0,308.0,33.83883827919774
9.0,309.0,33.82442485308628
9.0,310.0,33.8083593075246
9.0,311.0,33.79042174697337
9.0,312.0,33.77037478119655
9.0,313.0,33.74797274647236
9.0,314.0,33.722978785375645
9.0,315.0,33.695192921313236
9.0,316.0,33.664493818735515
9.0,317.0,33.630894426824845
9.0,318.0,33.594605667757385
9.0,319.0,33.556091890841024
9.0,320.0,33.516089490030325
9.0,321.0,33.475555693395826
9.0,322.0,33.43553522230476
9.0,323.0,33.39698524354718
9.0,324.0,33.360642028437844
9.0,325.0,33.32696974157361
9.0,326.0,33.296179058108706
9.0,327.0,33.26828261645988
9.0,328.0,33.24315870615868
9.0,329.0,33.22060690936792
9.0,330.0,33.20038986049812
9.0,331.0,33.182261317803885
9.0,332.0,33.16598324236294
9.0,333.0,33.151335015542564
9.0,334.0,33.13811749637821
9.0,335.0,33.12615392092779
9.0,336.0,33.11528902710345
9.0,337.0,33.10538727954447
9.0,338.0,33.09633074151089
9.0,339.0,33.08801689204295
9.0,340.0,33.08035656370265
9.0,341.0,33.07327206602351
9.0,342.0,33.066695533667854
9.0,343.0,33.06056748439121
9.0,344.0,33.05483558573903
9.0,345.0,33.04945359373972
9.0,346.0,33.044380456847954
9.0,347.0,33.03957954576543
9.0,348.0,33.0350180072055
9.0,349.0,33.030666204471224
9.0,350.0,33.0264972498775
9.0,351.0,33.02248659431244
9.0,352.0,33.018611685575046
9.0,353.0,33.014851662150974
9.0,354.0,33.01118709980392
9.0,355.0,33.00759977783259
9.0,356.0,33.00407248734191
9.0,357.0,33.00058884756915
9.0,358.0,32.9971331570374
9.0,359.0,32.99369024398459
9.0,360.0,32.99024534692172
9.0,361.0,32.98678398756633
9.0,362.0,32.98329187089957
9.0,363.0,32.97975477190469
9.0,364.0,32.97615844755371
9.0,365.0,32.97248853050765
9.0,366.0,32.96873044691282
9.0,367.0,32.96486931131294
9.0,368.0,32.96088984491816
9.0,369.0,32.95677626648036
9.0,370.0,32.95251220594266
9.0,371.0,32.94808058602659
9.0,372.0,32.94346352592846
9.0,373.0,32.93864220788154
9.0,374.0,32.933596764828614
9.0,375.0,32.92830612521227
9.0,376.0,32.9227478772456
9.0,377.0,32.91689808354054
9.0,378.0,32.9107311125744
9.0,379.0,32.904219412298026
9.0,380.0,32.89733329641133
9.0,381.0,32.89004066249714
9.0,382.0,32.88230671639883
9.0,383.0,32.87409361523958
9.0,384.0,32.865360106972176
9.0,385.0,32.85606107117256
9.0,386.0,32.84614704185765
9.0,387.0,32.83556360815175
9.0,388.0,32.824250775482675
9.0,389.0,32.81214217258049
9.0,390.0,32.7991641873174
9.0,391.0,32.78523490378871
9.0,392.0,32.77026292170969
9.0,393.0,32.75414591443324
9.0,394.0,32.73676900135958
9.0,395.0,32.71800277062812
9.0,396.0,32.697701018116206
9.0,397.0,32.67569801296685
9.0,398.0,32.65180534101585
9.0,399.0,32.62580810598681
9.0,400.0,32.597460522816526
9.0,401.0,32.56648065413227
9.0,402.0,32.53254431744021
9.0,403.0,32.495277910166855
9.0,404.0,32.45425022518824
9.0,405.0,32.408963096655434
9.0,406.0,32.3588411653137
9.0,407.0,32.303220987280405
9.0,408.0,32.24134047274571
9.0,409.0,32.17233002869657
9.0,410.0,32.095208265625644
9.0,411.0,32.00888650896674
9.0,412.0,31.91218917252237
9.0,413.0,31.80389985766205
9.0,414.0,31.68284683938872
9.0,415.0,31.54804343427921
9.0,416.0,31.398896895031577
9.0,417.0,31.23548662699769
9.0,418.0,31.05888272988247
9.0,419.0,30.871423270136226
9.0,420.0,30.676807476458094
9.0,421.0,30.47983969333495
9.0,422.0,30.285762793137298
9.0,423.0,30.099382948417006
9.0,424.0,29.924403052700267
9.0,425.0,29.763166682527174
9.0,426.0,29.616751319153096
9.0,427.0,29.48524563817155
9.0,428.0,29.36806809523568
9.0,429.0,29.264245169015663
9.0,430.0,29.172620318142954
9.0,431.0,29.091994385482785
9.0,432.0,29.021211165765735
9.0,433.0,28.95920355200769
9.0,434.0,28.905014010732685
9.0,435.0,28.85779915280042
9.0,436.0,28.816825563505002
9.0,437.0,28.781461018480503
9.0,438.0,28.75116406909835
9.0,439.0,28.725473240225593
9.0,440.0,28.703996967667326
9.0,441.0,28.686404351238913
9.0,442.0,28.672417170449155
9.0,443.0,28.661802838067562
9.0,444.0,28.654368538685876
9.0,445.0,28.649956118671135
9.0,446.0,28.648437945983698
9.0,447.0,28.649713294272587
9.0,448.0,28.653705492692332
9.0,449.0,28.660359409221755
9.0,450.0,28.66963954181855
9.0,451.0,28.6815283004943
9.0,452.0,28.69602478488426
9.0,453.0,28.713143651494082
9.0,454.0,28.732914400231152
9.0,455.0,28.755380680781396
9.0,456.0,28.780599968735434
9.0,457.0,28.80864321468318
9.0,458.0,28.839594832858985
9.0,459.0,28.873552632670044
9.0,460.0,28.910628073800417
9.0,461.0,28.95094644678868
9.0,462.0,28.994647372145884
9.0,463.0,29.041885217707016
9.0,464.0,29.09282983855697
9.0,465.0,29.14766723686334
9.0,466.0,29.20660055663593
9.0,467.0,29.269851008745153
9.0,468.0,29.337659151744155
9.0,469.0,29.41028612267343
9.0,470.0,29.48801525420533
9.0,471.0,29.571153672518587
9.0,472.0,29.66003432386788
9.0,473.0,29.755018026432417
9.0,474.0,29.856496008457285
9.0,475.0,29.96489253424864
9.0,476.0,30.080668094406448
9.0,477.0,30.204322770709528
9.0,478.0,30.336400270974135
9.0,479.0,30.477492258575758
9.0,480.0,30.628243496262993
9.0,481.0,30.789357450877546
9.0,482.0,30.96160291092921
9.0,483.0,31.145821296468228
9.0,484.0,31.34293525743698
9.0,485.0,31.55395828846589
9.0,486.0,31.78000601821301
9.0,487.0,32.02230897248648
9.0,488.0,32.28222755736008
9.0,489.0,32.56126916587512
9.0,490.0,32.86110828121483
9.0,491.0,33.18360963218327
9.0,492.0,33.530855456533786
9.0,493.0,33.905177148330694
9.0,494.0,34.309192606319456
9.0,495.0,34.74584987261523
9.0,496.0,35.218478743531236
9.0,497.0,35.730851368756454
9.0,498.0,36.2872539993207
9.0,499.0,36.892571428585015
9.0,500.0,37.55238682179827
9.0,501.0,38.273098969016075
9.0,502.0,39.06205996710254
9.0,503.0,39.92773529329942
9.0,504.0,40.87988842771882
9.0,505.0,41.92978974883622
9.0,506.0,43.09044717307304
9.0,507.0,44.37684949144377
9.0,508.0,45.80620442359585
9.0,509.0,47.398136410014914
9.0,510.0,49.174784367516224
9.0,511.0,51.16070004387434
9.0,512.0,53.3823933511795
9.0,513.0,55.867299182793246
9.0,514.0,58.64186434447905
9.0,515.0,61.72840278756912
9.0,516.0,65.14041832065207
9.0,517.0,68.876372079442
9.0,518.0,72.91254928371447
9.0,519.0,77.1968479117013
9.0,520.0,81.64669336564033
9.0,521.0,86.15477355658561
9.0,522.0,90.60397288617088
9.0,523.0,94.88697707358322
9.0,524.0,98.92120712639448
9.0,525.0,102.65455441619109
9.0,526.0,106.06329531119793
9.0,527.0,109.14587983204162
9.0,528.0,111.91579835337394
9.0,529.0,114.39534904510845
9.0,530.0,116.61096050574166
9.0,531.0,118.59004695604203
9.0,532.0,120.35909506779835
9.0,533.0,121.9426307292882
9.0,534.0,123.3627642509499
9.0,535.0,124.63908865499758
9.0,536.0,125.78877727627447
9.0,537.0,126.82678147399552
9.0,538.0,127.76606850212448
9.0,539.0,128.61786474772632
9.0,540.0,129.3918861552995
9.0,541.0,130.09654700321357
9.0,542.0,130.7391442762184
9.0,543.0,131.32601759561845
9.0,544.0,131.86268661271055
9.0,545.0,132.353968089605
9.0,546.0,132.80407539693607
9.0,547.0,133.21670274872935
9.0,548.0,133.59509656948364
9.0,549.0,133.942115846696
9.0,550.0,134.26028330470686
9.0,551.0,134.5518287482265
9.0,552.0,134.8187259089186
9.0,553.0,135.06272373925808
9.0,554.0,135.28537309849116
9.0,555.0,135.4880494840874
9.0,556.0,135.67197246854445
9.0,557.0,135.83822229635632
9.0,558.0,135.98775409494868
9.0,559.0,136.1214100233163
9.0,560.0,136.2399296621792
9.0,561.0,136.34395888549147
9.0,562.0,136.43405740570995
9.0,563.0,136.51070518099073
9.0,564.0,136.57430779140847
9.0,565.0,136.6252009424313
9.0,566.0,136.6636541348614
9.0,567.0,136.68987364398083
9.0,568.0,136.704004790649
9.0,569.0,136.70613364093217
9.0,570.0,136.69628806773588
9.0,571.0,136.67443831049917
9.0,572.0,136.6404969212132
9.0,573.0,136.59431823509442
9.0,574.0,136.5356972105372
9.0,575.0,136.4643677793231
9.0,576.0,136.38000050739177
9.0,577.0,136.28219970782857
9.0,578.0,136.17049975902341
9.0,579.0,136.04436076575183
9.0,580.0,135.9031632629547
9.0,581.0,135.74620208821253
9.0,582.0,135.57267906000686
9.0,583.0,135.3816945637479
9.0,584.0,135.17223760532926
9.0,585.0,134.94317439167742
9.0,586.0,134.69323489868017
9.0,587.0,134.42099741594944
9.0,588.0,134.12487039661997
9.0,589.0,133.80307149107907
9.0,590.0,133.453602912289
9.0,591.0,133.07422284187888
9.0,592.0,132.66241177393837
9.0,593.0,132.21533325144898
9.0,594.0,131.72978754284244
9.0,595.0,131.20215734396638
9.0,596.0,130.62834357396193
9.0,597.0,130.0036898389597
9.0,598.0,129.32289301061934
9.0,599.0,128.57989785608805
9.0,600.0,127.76777247402684
9.0,601.0,126.87856188320623
9.0,602.0,125.9031161068079
9.0,603.0,124.83089021283374
9.0,604.0,123.64971369014278
9.0,605.0,122.34552944239134
9.0,606.0,120.902105612889
9.0,607.0,119.30073151070835
9.0,608.0,117.51992013991429
9.0,609.0,115.5351610419847
9.0,610.0,113.31879817245633
9.0,611.0,110.84015702776843
9.0,612.0,108.06611302518546
9.0,613.0,104.96238304049095
9.0,614.0,101.49591676732145
9.0,615.0,97.63882772431093
9.0,616.0,93.37423986606099
9.0,617.0,88.70407828476554
9.0,618.0,83.65798574236584
9.0,619.0,78.30108685722715
9.0,620.0,72.7365947284125
9.0,621.0,67.09864210012122
9.0,622.0,61.53361381845817
9.0,623.0,56.17564080874698
9.0,624.0,51.12793252334171
9.0,625.0,46.45560809821919
9.0,626.0,42.18830295027323
9.0,627.0,38.327932948072444
9.0,628.0,34.8576108986901
9.0,629.0,31.749437224878772
9.0,630.0,28.970346511818743
9.0,631.0,26.486038480576816
9.0,632.0,24.263369263528435
9.0,633.0,22.27164289815943
9.0,634.0,20.483179602324665
9.0,635.0,18.873442845727823
9.0,636.0,17.420917099786728
9.0,637.0,16.106860611618114
9.0,638.0,14.915007782658797
9.0,639.0,13.831265011281149
9.0,640.0,12.843422341095785
9.0,641.0,11.940892353899372
9.0,642.0,11.114479340613158
9.0,643.0,10.356179220221723
9.0,644.0,9.659007387249593
9.0,645.0,9.016852154776634
9.0,646.0,8.424349918023864
9.0,647.0,7.876779610192375
9.0,648.0,7.369972968186243
9.0,649.0,6.9002387882374165
9.0,650.0,6.464298362745913
9.0,651.0,6.0592309335863135
9.0,652.0,5.682426956202174
9.0,653.0,5.331548538615806
9.0,654.0,5.00449531040632
9.0,655.0,4.699375472491683
9.0,656.0,4.414480614168892
9.0,657.0,4.148264319028342
9.0,658.0,3.8993233790773765
9.0,659.0,3.6663818243596284
9.0,660.0,3.4482767502538616
9.0,661.0,3.2439462755752566
9.0,662.0,3.052418728253669
9.0,663.0,2.8728034762076464
9.0,664.0,2.704282581988002
9.0,665.0,2.5461037548608765
9.0,666.0,2.3975738385463483
9.0,667.0,2.2580533446937254
9.0,668.0,2.1269513150054817
9.0,669.0,2.003721044827923
9.0,670.0,1.8878559857374135
9.0,671.0,1.7788863730439881
9.0,672.0,1.6763759235670193
9.0,673.0,1.5799191558239905
9.0,674.0,1.4891387012510424
9.0,675.0,1.4036831598136847
9.0,676.0,1.3232248888473965
9.0,677.0,1.2474582760029111
9.0,678.0,1.1760979033546246
9.0,679.0,1.1088771482705913
9.0,680.0,1.0455466450355497
9.0,681.0,0.9858731453976601
9.0,682.0,0.9296382181733436
9.0,683.0,0.8766373169601503
9.0,684.0,0.8266786717886867
9.0,685.0,0.7795825232820507
9.0,686.0,0.7351801706426437
9.0,687.0,0.6933133404369497
9.0,688.0,0.6538333629442052
9.0,689.0,0.6166006505078502
9.0,690.0,0.581483980172303
9.0,691.0,0.5483600617171499
9.0,692.0,0.5171129090351729
9.0,693.0,0.48763348195180617
9.0,694.0,0.459819132294209
9.0,695.0,0.43357330669007554
9.0,696.0,0.40880505599594197
9.0,697.0,0.3854287886828831
9.0,698.0,0.36336383441921566
9.0,699.0,0.34253423954714957
9.0,700.0,0.3228683772899331
9.0,701.0,0.304298778323703
9.0,702.0,0.2867617814064032
9.0,703.0,0.27019739324356623
9.0,704.0,0.2545489743948202
9.0,705.0,0.239763123589673
9.0,706.0,0.22578939461682568
9.0,707.0,0.21258020101830216
9.0,708.0,0.20009056035260356
9.0,709.0,0.18827801582249476
9.0,710.0,0.17710240486007978
9.0,711.0,0.16652579475573295
9.0,712.0,0.15651227296822565
9.0,713.0,0.1470278942431901
9.0,714.0,0.1380404904251628
9.0,715.0,0.12951962690180416
9.0,716.0,0.12143643000319605
9.0,717.0,0.11376355089697156
9.0,718.0,0.10647500891592337
9.0,719.0,0.09954616127029377
9.0,720.0,0.09295356085750617
9.0,721.0,0.08667493035981112
9.0,722.0,0.0806890332674427
9.0,723.0,0.07497565109945192
9.0,724.0,0.06951546651988387
9.0,725.0,0.0642900425623688
9.0,726.0,0.05928171684281904
9.0,727.0,0.05447358178848324
9.0,728.0,0.04984938905398795
9.0,729.0,0.045393529856505396
9.0,730.0,0.041090948787742214
9.0,731.0,0.03692712344134473
9.0,732.0,0.03288798688407088
9.0,733.0,0.02895990583172099
9.0,734.0,0.025129611100123236
9.0,735.0,0.02138417364344281
9.0,736.0,0.017710942351263175
9.0,737.0,0.014097517309435906
9.0,738.0,0.010531694344609339
9.0,739.0,0.007001434903871245
9.0,740.0,0.003494816773440297
9.0,741.0,0.0
10.0,0.0,0.0
10.0,1.0,0.0009767747687028333
10.0,2.0,0.001956848138019616
10.0,3.0,0.0029435302070748297
10.0,4.0,0.003940152640573263
10.0,5.0,0.004950081751989556
10.0,6.0,0.00597672729342616
10.0,7.0,0.0070235572780574605
10.0,8.0,0.00809410565033955
10.0,9.0,0.009191989005984261
10.0,10.0,0.010320913305829975
10.0,11.0,0.011484692657769658
10.0,12.0,0.012687255245868893
10.0,13.0,0.013932664347412003
10.0,14.0,0.01522512365984067
10.0,15.0,0.016569000737617558
10.0,16.0,0.017968831913500828
10.0,17.0,0.01942934835453035
10.0,18.0,0.020955480791370894
10.0,19.0,0.02255238841075981
10.0,20.0,0.02422546362755596
10.0,21.0,0.025980364052907094
10.0,22.0,0.027823017568752852
10.0,23.0,0.029759657637353297
10.0,24.0,0.03179682896796686
10.0,25.0,0.03394142646495646
10.0,26.0,0.03620070181201755
10.0,27.0,0.03858230639375899
10.0,28.0,0.04109429916522093
10.0,29.0,0.0437451939267632
10.0,30.0,0.04654396889698034
10.0,31.0,0.04950011877436594
10.0,32.0,0.052623666491730434
10.0,33.0,0.05592522056227223
10.0,34.0,0.05941598956528958
10.0,35.0,0.06310784535129119
10.0,36.0,0.06701334089477647
10.0,37.0,0.07114578002580207
10.0,38.0,0.0755192393892097
10.0,39.0,0.08014864548238756
10.0,40.0,0.0850498015858052
10.0,41.0,0.0902394730233893
10.0,42.0,0.09573542008204705
10.0,43.0,0.10155649257831957
10.0,44.0,0.10772266997179504
10.0,45.0,0.11425516652754085
10.0,46.0,0.1211764800590704
10.0,47.0,0.12851050923092072
10.0,48.0,0.13628261265305666
10.0,49.0,0.14451974018547187
10.0,50.0,0.15325050446317498
10.0,51.0,0.1625053284627077
10.0,52.0,0.17231653198564154
10.0,53.0,0.1827184982489545
10.0,54.0,0.1937477784223232
10.0,55.0,0.20544328064152412
10.0,56.0,0.21784639641663184
10.0,57.0,0.23100121628144907
10.0,58.0,0.24495468281390148
10.0,59.0,0.2597568381803689
10.0,60.0,0.27546100970031556
10.0,61.0,0.2921240958968175
10.0,62.0,0.3098067920813745
10.0,63.0,0.32857392328168705
10.0,64.0,0.34849471933712484
10.0,65.0,0.3696432053790091
10.0,66.0,0.39209853857263754
10.0,67.0,0.41594546986166
10.0,68.0,0.44127475798898214
10.0,69.0,0.4681837202438093
10.0,70.0,0.496776744045325
10.0,71.0,0.527165949807052
10.0,72.0,0.5594718265969487
10.0,73.0,0.5938240374589597
10.0,74.0,0.6303622140631233
10.0,75.0,0.6692369446005157
10.0,76.0,0.7106107737405478
10.0,77.0,0.7546594265337562
10.0,78.0,0.8015730755799366
10.0,79.0,0.8515578726383062
10.0,80.0,0.9048375663543788
10.0,81.0,0.96165543848659
10.0,82.0,1.0222763852245833
10.0,83.0,1.086989389936154
10.0,84.0,1.1561102224178712
10.0,85.0,1.2299846288671836
10.0,86.0,1.308991861103026
10.0,87.0,1.3935488326964172
10.0,88.0,1.4841147708722529
10.0,89.0,1.581196683037795
10.0,90.0,1.685355536491278
10.0,91.0,1.7972135118147472
10.0,92.0,1.9174622703980022
10.0,93.0,2.0468726514460367
10.0,94.0,2.1863057952709384
10.0,95.0,2.3367261773183516
10.0,96.0,2.4992166192080423
10.0,97.0,2.6749958388812796
10.0,98.0,2.8654386754954215
10.0,99.0,3.0720996114619417
10.0,100.0,3.2967397499694764
10.0,101.0,3.5413578336151987
10.0,102.0,3.8082253063389127
10.0,103.0,4.099925656600287
10.0,104.0,4.419397370266065
10.0,105.0,4.769979546617664
10.0,106.0,5.1554575156826585
10.0,107.0,5.5801043068959055
10.0,108.0,6.048710312224353
10.0,109.0,6.566589480222856
10.0,110.0,7.139543519989025
10.0,111.0,7.773757563636149
10.0,112.0,8.475589900712139
10.0,113.0,9.251208364012916
10.0,114.0,10.106019076962928
10.0,115.0,11.043840244549433
10.0,116.0,12.065807052022075
10.0,117.0,13.169074416771744
10.0,118.0,14.345524354141343
10.0,119.0,15.580871115559038
10.0,120.0,16.85470545831599
10.0,121.0,18.1419567554505
10.0,122.0,19.415785696604875
10.0,123.0,20.651121636481918
10.0,124.0,21.827555295638813
10.0,125.0,22.93080087023846
10.0,126.0,23.952740301636933
10.0,127.0,24.890528414249317
10.0,128.0,25.745300281039107
10.0,129.0,26.52087397499128
10.0,130.0,27.222655467352933
10.0,131.0,27.856812418017668
10.0,132.0,28.42970292230037
10.0,133.0,28.947511896048447
10.0,134.0,29.416040809296057
10.0,135.0,29.840603347872086
10.0,136.0,30.225989616415635
10.0,137.0,30.576472331390605
10.0,138.0,30.895836483077144
10.0,139.0,31.18742080299844
10.0,140.0,31.454163379900997
10.0,141.0,31.698647274313917
10.0,142.0,31.923143469838262
10.0,143.0,32.12965021463622
10.0,144.0,32.319928081485784
10.0,145.0,32.49553098445275
10.0,146.0,32.65783315421047
10.0,147.0,32.808052657808496
10.0,148.0,32.94727162098889
10.0,149.0,33.07645377570626
10.0,150.0,33.19645946815339
10.0,151.0,33.308058689743085
10.0,152.0,33.41194219687329
10.0,153.0,33.50873120439919
10.0,154.0,33.59898564902649
10.0,155.0,33.683211438586646
10.0,156.0,33.76186662689771
10.0,157.0,33.835366875478385
10.0,158.0,33.90409009974456
10.0,159.0,33.968380619484456
10.0,160.0,34.02855268134164
10.0,161.0,34.084893642107744
10.0,162.0,34.1376666599838
10.0,163.0,34.18711315939085
10.0,164.0,34.23345490276957
10.0,165.0,34.27689591731524
10.0,166.0,34.3176241013026
10.0,167.0,34.355812744263915
10.0,168.0,34.39162178041763
10.0,169.0,34.42519899869841
10.0,170.0,34.45668102604975
10.0,171.0,34.48619429835226
10.0,172.0,34.51385583471731
10.0,173.0,34.5397740218884
10.0,174.0,34.564049224845995
10.0,175.0,34.586774423659435
10.0,176.0,34.60803569398294
10.0,177.0,34.6279127251788
10.0,178.0,34.64647919543873
10.0,179.0,34.66380319225215
10.0,180.0,34.67994750004371
10.0,181.0,34.69496993796444
10.0,182.0,34.70892357243578
10.0,183.0,34.72185698221457
10.0,184.0,34.73381440355672
10.0,185.0,34.74483592807619
10.0,186.0,34.754957583946755
10.0,187.0,34.764211467821795
10.0,188.0,34.77262576117201
10.0,189.0,34.78022479305025
10.0,190.0,34.78702898590638
10.0,191.0,34.793054840850786
10.0,192.0,34.79831480167092
10.0,193.0,34.80281714805011
10.0,194.0,34.80656575964377
10.0,195.0,34.80955989513478
10.0,196.0,34.81179382996069
10.0,197.0,34.81325649028665
10.0,198.0,34.813930929002886
10.0,199.0,34.81379377528909
10.0,200.0,34.81281450697521
10.0,201.0,34.810954674003064
10.0,202.0,34.80816693079911
10.0,203.0,34.80439401152834
10.0,204.0,34.79956752941794
10.0,205.0,34.79360676371949
10.0,206.0,34.786417376491734
10.0,207.0,34.77789031007908
10.0,208.0,34.76790095430568
10.0,209.0,34.75630904474083
10.0,210.0,34.742959695567954
10.0,211.0,34.727686449619064
10.0,212.0,34.710317292208885
10.0,213.0,34.69068510346693
10.0,214.0,34.668643982810906
10.0,215.0,34.6440929132432
10.0,216.0,34.61700705016769
10.0,217.0,34.58747483940881
10.0,218.0,34.55573494750344
10.0,219.0,34.52220187886333
10.0,220.0,34.487464706866135
10.0,221.0,34.45224534523505
10.0,222.0,34.41731589376342
10.0,223.0,34.38339761375678
10.0,224.0,34.351078272415585
10.0,225.0,34.32077040768952
10.0,226.0,34.29271005530304
10.0,227.0,34.26698235279103
10.0,228.0,34.24355846288151
10.0,229.0,34.222332671631534
10.0,230.0,34.20315366728737
10.0,231.0,34.18584817770364
10.0,232.0,34.170237281519235
10.0,233.0,34.15614682628993
10.0,234.0,34.143413425292614
10.0,235.0,34.13188746561025
10.0,236.0,34.121434119737415
10.0,237.0,34.111933193604216
10.0,238.0,34.10327826764723
10.0,239.0,34.09537553508122
10.0,240.0,34.08814248692701
10.0,241.0,34.0815066299742
10.0,242.0,34.07540424777419
10.0,243.0,34.069779296090225
10.0,244.0,34.06458238921477
10.0,245.0,34.05976993158831
10.0,246.0,34.055303334982355
10.0,247.0,34.051148362676365
10.0,248.0,34.04727453945236
10.0,249.0,34.04365466479545
10.0,250.0,34.04026437171401
10.0,251.0,34.03708176738051
10.0,252.0,34.03408710284812
10.0,253.0,34.031262507432764
10.0,254.0,34.02859173977816
10.0,255.0,34.026059990419434
10.0,256.0,34.02365369216637
10.0,257.0,34.021360372022144
10.0,258.0,34.01916850476482
10.0,259.0,34.01706740051155
10.0,260.0,34.01504708976529
10.0,261.0,34.01309823665037
10.0,262.0,34.01121204685536
10.0,263.0,34.00938019923511
10.0,264.0,34.00759477032475
10.0,265.0,34.00584817888399
10.0,266.0,34.00413312222703
10.0,267.0,34.002442529589565
10.0,268.0,34.000769506597386
10.0,269.0,33.9991072942184
10.0,270.0,33.997449218405755
10.0,271.0,33.995788651961846
10.0,272.0,33.99411896682392
10.0,273.0,33.99243349648054
10.0,274.0,33.9907254885712
10.0,275.0,33.98898806559485
10.0,276.0,33.98721417549328
10.0,277.0,33.98539654828843
10.0,278.0,33.98352764211243
10.0,279.0,33.981599593093385
10.0,280.0,33.9796041538586
10.0,281.0,33.97753263342059
10.0,282.0,33.97537582446336
10.0,283.0,33.97312392909413
10.0,284.0,33.97076647014098
10.0,285.0,33.968292197326846
10.0,286.0,33.96568897623283
10.0,287.0,33.96294366756626
10.0,288.0,33.96004198519503
10.0,289.0,33.95696833850795
10.0,290.0,33.95370564775656
10.0,291.0,33.95023513576537
10.0,292.0,33.946536084425226
10.0,293.0,33.94258555688918
10.0,294.0,33.93835807314497
10.0,295.0,33.93382523709302
10.0,296.0,33.928955301601626
10.0,297.0,33.92371266671758
10.0,298.0,33.91805729621884
10.0,299.0,33.91194404531728
10.0,300.0,33.905321884658335
10.0,301.0,33.89813301391611
10.0,302.0,33.89031185511256
10.0,303.0,33.88178392842002
10.0,304.0,33.87246462025719
10.0,305.0,33.86225787989682
10.0,306.0,33.85105491160166
10.0,307.0,33.838732989738624
10.0,308.0,33.825154606853815
10.0,309.0,33.81016729662899
10.0,310.0,33.79360465226273
10.0,311.0,33.77528930745638
10.0,312.0,33.75503893962422
10.0,313.0,33.732676658757576
10.0,314.0,33.70804732447621
10.0,315.0,33.681041151852966
10.0,316.0,33.651624995436215
10.0,317.0,33.61987941328757
10.0,318.0,33.58603559460554
10.0,319.0,33.55050092695715
10.0,320.0,33.51385772638606
10.0,321.0,33.47682146252654
10.0,322.0,33.44015810464008
10.0,323.0,33.40458305411752
10.0,324.0,33.370678490120014
10.0,325.0,33.338851594517784
10.0,326.0,33.30933328080646
10.0,327.0,33.28220376098153
10.0,328.0,33.25742947115906
10.0,329.0,33.23490013506096
10.0,330.0,33.21446004519787
10.0,331.0,33.19593166792523
10.0,332.0,33.179131956782065
10.0,333.0,33.16388274034155
10.0,334.0,33.15001672078706
10.0,335.0,33.13738045360143
10.0,336.0,33.125835360330996
10.0,337.0,33.11525754991333
10.0,338.0,33.1055369600756
10.0,339.0,33.096576170426445
10.0,340.0,33.088289086762195
10.0,341.0,33.08059963518194
10.0,342.0,33.073440521087186
10.0,343.0,33.06675210192617
10.0,344.0,33.060481370013065
10.0,345.0,33.05458106238142
10.0,346.0,33.049008872714445
10.0,347.0,33.04372677447689
10.0,348.0,33.03870042362892
10.0,349.0,33.033898651255434
10.0,350.0,33.02929301277104
10.0,351.0,33.02485740818076
10.0,352.0,33.02056773949605
10.0,353.0,33.01640162459653
10.0,354.0,33.01233813289979
10.0,355.0,33.00835756686801
10.0,356.0,33.004441253415585
10.0,357.0,33.000571373752614
10.0,358.0,32.99673079382424
10.0,359.0,32.992902928187505
10.0,360.0,32.98907159703251
10.0,361.0,32.985220913376935
10.0,362.0,32.981335157211646
10.0,363.0,32.97739867777231
10.0,364.0,32.9733957773707
10.0,365.0,32.96931062212672
10.0,366.0,32.96512712931911
10.0,367.0,32.96082888092556
10.0,368.0,32.95639900900977
10.0,369.0,32.951820106845965
10.0,370.0,32.94707410704562
10.0,371.0,32.94214218499957
10.0,372.0,32.9370046241736
10.0,373.0,32.93164070609608
10.0,374.0,32.92602855650075
10.0,375.0,32.92014501507687
10.0,376.0,32.91396545483896
10.0,377.0,32.90746362323908
10.0,378.0,32.90061142516155
10.0,379.0,32.8933787246007
10.0,380.0,32.88573307879912
10.0,381.0,32.87763948625343
10.0,382.0,32.8690600554137
10.0,383.0,32.85995367990338
10.0,384.0,32.85027561940431
10.0,385.0,32.839977076100496
10.0,386.0,32.82900465721531
10.0,387.0,32.817299817017414
10.0,388.0,32.80479815901976
10.0,389.0,32.79142869433169
10.0,390.0,32.77711292552579
10.0,391.0,32.761763853281224
10.0,392.0,32.74528476184578
10.0,393.0,32.727567880203516
10.0,394.0,32.7084927593948
10.0,395.0,32.68792446067147
10.0,396.0,32.66571137725705
10.0,397.0,32.641682781173834
10.0,398.0,32.61564590004301
10.0,399.0,32.58738261477711
10.0,400.0,32.55664557167362
10.0,401.0,32.52315381335072
10.0,402.0,32.486587735993524
10.0,403.0,32.44658353547977
10.0,404.0,32.40272703756553
10.0,405.0,32.35454725256308
10.0,406.0,32.30150982529892
10.0,407.0,32.24301118723659
10.0,408.0,32.17837428624499
10.0,409.0,32.10684778325328
10.0,410.0,32.02761113424316
10.0,411.0,31.939789582811976
10.0,412.0,31.84248416762557
10.0,413.0,31.734823760613644
10.0,414.0,31.61604664562448
10.0,415.0,31.48561864819478
10.0,416.0,31.343389551802304
10.0,417.0,31.18977852606534
10.0,418.0,31.025958764570994
10.0,419.0,30.85398543707461
10.0,420.0,30.676789344240444
10.0,421.0,30.497968168037154
10.0,422.0,30.321373211642225
10.0,423.0,30.150604196419753
10.0,424.0,29.988596006527565
10.0,425.0,29.83740995870063
10.0,426.0,29.698227471225348
10.0,427.0,29.571478055150667
10.0,428.0,29.457023976261052
10.0,429.0,29.354345742389953
10.0,430.0,29.26269855437348
10.0,431.0,29.181230515771894
10.0,432.0,29.10906425771027
10.0,433.0,29.04534907887747
10.0,434.0,28.98929101188829
10.0,435.0,28.940167940827163
10.0,436.0,28.8973347564576
10.0,437.0,28.860222702712985
10.0,438.0,28.828335195969583
10.0,439.0,28.801242153947168
10.0,440.0,28.778573553898042
10.0,441.0,28.76001319357227
10.0,442.0,28.74529265133975
10.0,443.0,28.734185971254917
10.0,444.0,28.7265047755705
10.0,445.0,28.72209417109971
10.0,446.0,28.720829046316453
10.0,447.0,28.722611085645916
10.0,448.0,28.72736606637518
10.0,449.0,28.73504176898134
10.0,450.0,28.745606060653515
10.0,451.0,28.759045500886568
10.0,452.0,28.775364030236776
10.0,453.0,28.794582111536588
10.0,454.0,28.816735886343217
10.0,455.0,28.841876734979564
10.0,456.0,28.870070803166023
10.0,457.0,28.90139890050111
10.0,458.0,28.935956332432983
10.0,459.0,28.973853085890727
10.0,460.0,29.015213927690844
10.0,461.0,29.06017884924289
10.0,462.0,29.108903413487536
10.0,463.0,29.161559449841697
10.0,464.0,29.21833564973723
10.0,465.0,29.279438520085616
10.0,466.0,29.345093244194814
10.0,467.0,29.415544918715476
10.0,468.0,29.491059713803264
10.0,469.0,29.57192643638795
10.0,470.0,29.658458042573535
10.0,471.0,29.750993590869516
10.0,472.0,29.84990018281862
10.0,473.0,29.95557539555212
10.0,474.0,30.068449755739426
10.0,475.0,30.188989774008096
10.0,476.0,30.317701095427314
10.0,477.0,30.45513230233962
10.0,478.0,30.60187893566302
10.0,479.0,30.758588292152535
10.0,480.0,30.92596458031248
10.0,481.0,31.104775019534294
10.0,482.0,31.295856490060206
10.0,483.0,31.50012335399119
10.0,484.0,31.718576091421987
10.0,485.0,31.95231141989762
10.0,486.0,32.202533593838496
10.0,487.0,32.47056761767092
10.0,488.0,32.75787414409383
10.0,489.0,33.066066881324836
10.0,490.0,33.39693238569492
10.0,491.0,33.75245318675493
10.0,492.0,34.134834265465926
10.0,493.0,34.546533997950846
10.0,494.0,34.990299776084925
10.0,495.0,35.469209628066814
10.0,496.0,35.98672028318796
10.0,497.0,36.546723241698196
10.0,498.0,37.15360952679126
10.0,499.0,37.812344861623984
10.0,500.0,38.528556032135576
10.0,501.0,39.30863004969421
10.0,502.0,40.15982638601652
10.0,503.0,41.09040277032918
10.0,504.0,42.10975267689381
10.0,505.0,43.22855119063506
10.0,506.0,44.458901022009144
10.0,507.0,45.81446509596359
10.0,508.0,47.3105615140175
10.0,509.0,48.96418325873513
10.0,510.0,50.79388368665975
10.0,511.0,52.81944252535228
10.0,512.0,55.061193063494954
10.0,513.0,57.53885845558778
10.0,514.0,60.26972375265238
10.0,515.0,63.2659918955696
10.0,516.0,66.53127942850557
10.0,517.0,70.05646515874814
10.0,518.0,73.81555376269469
10.0,519.0,77.76281207232367
10.0,520.0,81.83291077089996
10.0,521.0,85.94560297872322
10.0,522.0,90.01498092442333
10.0,523.0,93.96079528275843
10.0,524.0,97.71771184083627
10.0,525.0,101.23999005949007
10.0,526.0,104.50162475361282
10.0,527.0,107.49348232959788
10.0,528.0,110.21916436520863
10.0,529.0,112.6908561951451
10.0,530.0,114.92582258684085
10.0,531.0,116.94376363339967
10.0,532.0,118.76498673406003
10.0,533.0,120.40924277113004
10.0,534.0,121.89505323577374
10.0,535.0,123.23937606832307
10.0,536.0,124.45749107093764
10.0,537.0,125.56301942435535
10.0,538.0,126.56801855139375
10.0,539.0,127.48311448466627
10.0,540.0,128.3176477616736
10.0,541.0,129.0798190325644
10.0,542.0,129.776826403147
10.0,543.0,130.414990933766
10.0,544.0,130.99986870066522
10.0,545.0,131.5363496153032
10.0,546.0,132.02874357933268
10.0,547.0,132.48085526759664
10.0,548.0,132.89604863160875
10.0,549.0,133.27730251780235
10.0,550.0,133.62725843533616
10.0,551.0,133.94826165899096
10.0,552.0,134.24239649478432
10.0,553.0,134.51151662956548
10.0,554.0,134.75727118444917
10.0,555.0,134.98112715637902
10.0,556.0,135.18438870160978
10.0,557.0,135.36821375396153
10.0,558.0,135.5336283114567
10.0,559.0,135.681538734898
10.0,560.0,135.81274231037375
10.0,561.0,135.92793630325676
10.0,562.0,136.02772570338618
10.0,563.0,136.11262979756796
10.0,564.0,136.18308773802272
10.0,565.0,136.2394631689229
10.0,566.0,136.28204806348054
10.0,567.0,136.31106577174873
10.0,568.0,136.32667342554808
10.0,569.0,136.3289636466702
10.0,570.0,136.31796570523971
10.0,571.0,136.29364602528503
10.0,572.0,136.25590818858709
10.0,573.0,136.20459228723578
10.0,574.0,136.13947378153662
10.0,575.0,136.06026166744905
10.0,576.0,135.96659611501144
10.0,577.0,135.85804533400278
10.0,578.0,135.7341018301168
10.0,579.0,135.59417775600878
10.0,580.0,135.43759951673314
10.0,581.0,135.26360127529793
10.0,582.0,135.07131750525124
10.0,583.0,134.85977416700152
10.0,584.0,134.62787862901368
10.0,585.0,134.37440782623474
10.0,586.0,134.0979947321021
10.0,587.0,133.79711253012925
10.0,588.0,133.47005648978447
10.0,589.0,133.1149227954356
10.0,590.0,132.72958422455437
10.0,591.0,132.31166174498605
10.0,592.0,131.85849177058728
10.0,593.0,131.3670879133043
10.0,594.0,130.83409675661443
10.0,595.0,130.25574619967702
10.0,596.0,129.62778563052007
10.0,597.0,128.94541615470024
10.0,598.0,128.20320987185679
10.0,599.0,127.39501617303871
10.0,600.0,126.51385397213083
10.0,601.0,125.55178797900024
10.0,602.0,124.49978856411758
10.0,603.0,123.34757470065927
10.0,604.0,122.08344224068695
10.0,605.0,120.69408173719783
10.0,606.0,119.16439604168343
10.0,607.0,117.47733469030614
10.0,608.0,115.61377530062069
10.0,609.0,113.55249903384559
10.0,610.0,111.27033381328394
10.0,611.0,108.74257189309334
10.0,612.0,105.94381094214373
10.0,613.0,102.84940870172325
10.0,614.0,99.43776800677641
10.0,615.0,95.6936418072543
10.0,616.0,91.61251357495249
10.0,617.0,87.2057864667886
10.0,618.0,82.50595385548178
10.0,619.0,77.57017893488522
10.0,620.0,72.48011762829044
10.0,621.0,67.33607029501717
10.0,622.0,62.245410908927
10.0,623.0,57.30843780002075
10.0,624.0,52.60680282861404
10.0,625.0,48.19766307195758
10.0,626.0,44.11350371940338
10.0,627.0,40.365717637561985
10.0,628.0,36.949775878668355
10.0,629.0,33.85041678299935
10.0,630.0,31.046026353585418
10.0,631.0,28.511943195280097
10.0,632.0,26.222743493141635
10.0,633.0,24.153695565423128
10.0,634.0,22.281600892619974
10.0,635.0,20.5852115577634
10.0,636.0,19.045373396511604
10.0,637.0,17.6450013055064
10.0,638.0,16.36896055528867
10.0,639.0,15.203900995036717
10.0,640.0,14.13807454843174
10.0,641.0,13.161152824181935
10.0,642.0,12.264055269675232
10.0,643.0,11.438791868330828
10.0,644.0,10.678322857273642
10.0,645.0,9.976434718678929
10.0,646.0,9.32763223546935
10.0,647.0,8.727044465119228
10.0,648.0,8.170343806386526
10.0,649.0,7.653675857018723
10.0,650.0,7.1735993365413195
10.0,651.0,6.727034005017919
10.0,652.0,6.311216137572761
10.0,653.0,5.923659788010039
10.0,654.0,5.562123687228572
10.0,655.0,5.224582278278431
10.0,656.0,4.909200966922367
10.0,657.0,4.614314301309454
10.0,658.0,4.338407334700441
10.0,659.0,4.080099044059727
10.0,660.0,3.838128184481274
10.0,661.0,3.61134056989635
10.0,662.0,3.3986782483836686
10.0,663.0,3.1991696494036725
10.0,664.0,3.0119212318615696
10.0,665.0,2.8361097751829547
10.0,666.0,2.670975882777236
10.0,667.0,2.5158178894644165
10.0,668.0,2.369986768212436
10.0,669.0,2.232881266395841
10.0,670.0,2.10394388241362
10.0,671.0,1.982656944091326
10.0,672.0,1.8685394075578499
10.0,673.0,1.7611436641560485
10.0,674.0,1.6600529762983898
10.0,675.0,1.5648788525179076
10.0,676.0,1.47525898063325
10.0,677.0,1.3908550496713874
10.0,678.0,1.3113510742692809
10.0,679.0,1.2364515710953594
10.0,680.0,1.165880193331442
10.0,681.0,1.099378190719382
10.0,682.0,1.0367032915710717
10.0,683.0,0.9776283916700459
10.0,684.0,0.9219406352414148
10.0,685.0,0.8694402900792776
10.0,686.0,0.8199399894888504
10.0,687.0,0.7732637602233653
10.0,688.0,0.7292463954678218
10.0,689.0,0.687732609204328
10.0,690.0,0.6485765164818966
10.0,691.0,0.6116408932353414
10.0,692.0,0.5767967448481491
10.0,693.0,0.5439226546301813
10.0,694.0,0.512904425377232
10.0,695.0,0.4836345029649691
10.0,696.0,0.4560116784961647
10.0,697.0,0.4299405760141896
10.0,698.0,0.4053314050985885
10.0,699.0,0.38209950370675894
10.0,700.0,0.3601651328740984
10.0,701.0,0.33945306728181485
10.0,702.0,0.31989242514748156
10.0,703.0,0.30141630038433703
10.0,704.0,0.28396162191365676
10.0,705.0,0.2674688222978267
10.0,706.0,0.2518817216298032
10.0,707.0,0.23714722834315283
10.0,708.0,0.22321524358365594
10.0,709.0,0.21003839056612683
10.0,710.0,0.1975719359454956
10.0,711.0,0.18577354463466675
10.0,712.0,0.17460321519540153
10.0,713.0,0.16402305747855747
10.0,714.0,0.15399723947064617
10.0,715.0,0.14449178548678707
10.0,716.0,0.13547453225393996
10.0,717.0,0.12691494569283082
10.0,718.0,0.11878408430684152
10.0,719.0,0.11105443284378744
10.0,720.0,0.10369987130072454
10.0,721.0,0.09669552396902308
10.0,722.0,0.09001773256814728
10.0,723.0,0.08364391935527861
10.0,724.0,0.07755256307193886
10.0,725.0,0.07172307494825059
10.0,726.0,0.06613577629027934
10.0,727.0,0.06077178633346774
10.0,728.0,0.055613000419876234
10.0,729.0,0.050641988759047414
10.0,730.0,0.045841974246206424
10.0,731.0,0.04119674127470974
10.0,732.0,0.03669061233134197
10.0,733.0,0.032308366074889225
10.0,734.0,0.02803521191501843
10.0,735.0,0.023856716628216885
10.0,736.0,0.01975877618400554
10.0,737.0,0.015727550213933798
10.0,738.0,0.011749430394342288
10.0,739.0,0.007810982117392267
10.0,740.0,0.003898908774234324
10.0,741.0,0.0
11.0,0.0,0.0
11.0,1.0,0.0010779407765635887
11.0,2.0,0.002159521804950721
11.0,3.0,0.003248395211353715
11.0,4.0,0.004348238534876855
11.0,5.0,0.005462765106767919
11.0,6.0,0.0065957394223576035
11.0,7.0,0.007750986196555877
11.0,8.0,0.008932407741153413
11.0,9.0,0.010143991872943656
11.0,10.0,0.0113898314737197
11.0,11.0,0.012674131435035825
11.0,12.0,0.01400123058634647
11.0,13.0,0.01537560787092749
11.0,14.0,0.016801906838647115
11.0,15.0,0.018284941261152907
11.0,16.0,0.019829722399992478
11.0,17.0,0.021441464286137767
11.0,18.0,0.023125613991922058
11.0,19.0,0.024887856820707325
11.0,20.0,0.026734149832805646
11.0,21.0,0.02867072721609172
11.0,22.0,0.03070413734227929
11.0,23.0,0.032841248619160074
11.0,24.0,0.03508929038499875
11.0,25.0,0.03745585957861982
11.0,26.0,0.03994896581713242
11.0,27.0,0.04257703926226056
11.0,28.0,0.04534898027119566
11.0,29.0,0.04827416888759106
11.0,30.0,0.05136251950842492
11.0,31.0,0.05462449248748521
11.0,32.0,0.05807115432441776
11.0,33.0,0.061714191939235656
11.0,34.0,0.06556597896538376
11.0,35.0,0.06963959333824435
11.0,36.0,0.07394889036479979
11.0,37.0,0.07850852437035345
11.0,38.0,0.08333402932668665
11.0,39.0,0.08844184542318784
11.0,40.0,0.0938494081677064
11.0,41.0,0.09957518089599558
11.0,42.0,0.10563875342043644
11.0,43.0,0.11206088167158355
11.0,44.0,0.11886359716686902
11.0,45.0,0.12607025519838758
11.0,46.0,0.13370565663602735
11.0,47.0,0.14179610634718245
11.0,48.0,0.15036954914873396
11.0,49.0,0.15945564048109787
11.0,50.0,0.169085898697049
11.0,51.0,0.17929379043263474
11.0,52.0,0.1901149018888681
11.0,53.0,0.20158704186947676
11.0,54.0,0.21375043530142418
11.0,55.0,0.22664784757571405
11.0,56.0,0.24032480430073744
11.0,57.0,0.2548297414290809
11.0,58.0,0.27021425619185596
11.0,59.0,0.28653328857703353
11.0,60.0,0.3038454096171287
11.0,61.0,0.3222130411769254
11.0,62.0,0.3417027893467315
11.0,63.0,0.3623857112986102
11.0,64.0,0.38433770358793024
11.0,65.0,0.4076398271810092
11.0,66.0,0.43237876314426493
11.0,67.0,0.45864721001345055
11.0,68.0,0.48654442286331184
11.0,69.0,0.5161767012255196
11.0,70.0,0.5476580321699775
11.0,71.0,0.5811106923215213
11.0,72.0,0.6166660217407128
11.0,73.0,0.6544651706998137
11.0,74.0,0.6946600393671433
11.0,75.0,0.7374142095156065
11.0,76.0,0.782904096035687
11.0,77.0,0.8313201165397298
11.0,78.0,0.8828681155811707
11.0,79.0,0.9377708423892996
11.0,80.0,0.9962697287677161
11.0,81.0,1.058626768598155
11.0,82.0,1.1251267576551414
11.0,83.0,1.196079700291747
11.0,84.0,1.2718236564274614
11.0,85.0,1.3527278439430384
11.0,86.0,1.439196288248283
11.0,87.0,1.5316718471452584
11.0,88.0,1.6306409258055399
11.0,89.0,1.7366387286158855
11.0,90.0,1.8502553915448323
11.0,91.0,1.9721428668818968
11.0,92.0,2.103022938980584
11.0,93.0,2.2436962739048054
11.0,94.0,2.3950529206741886
11.0,95.0,2.5580841994160233
11.0,96.0,2.733896428584113
11.0,97.0,2.923726445208519
11.0,98.0,3.128959375104196
11.0,99.0,3.3511485715600626
11.0,100.0,3.592038091110443
11.0,101.0,3.8535874376279637
11.0,102.0,4.137998613691545
11.0,103.0,4.447744650244183
11.0,104.0,4.785598758586068
11.0,105.0,5.154661878103376
11.0,106.0,5.558385656041996
11.0,107.0,6.000585529296189
11.0,108.0,6.485436525626067
11.0,109.0,7.017440386695239
11.0,110.0,7.601348725919165
11.0,111.0,8.242021282833486
11.0,112.0,8.944193920692708
11.0,113.0,9.712127633343657
11.0,114.0,10.549113271966155
11.0,115.0,11.456820588818324
11.0,116.0,12.434514148016467
11.0,117.0,13.478216890972917
11.0,118.0,14.579985173719253
11.0,119.0,15.727543247842892
11.0,120.0,16.904559942077025
11.0,121.0,18.0917565701365
11.0,122.0,19.26876730402179
11.0,123.0,20.416313437227725
11.0,124.0,21.518063757974556
11.0,125.0,22.56174245690494
11.0,126.0,23.53940580845416
11.0,127.0,24.447076651506173
11.0,128.0,25.28401942634729
11.0,129.0,26.05190373967622
11.0,130.0,26.75402027485952
11.0,131.0,27.394629835093305
11.0,132.0,27.978468069457076
11.0,133.0,28.510394479036204
11.0,134.0,28.995160413661335
11.0,135.0,29.437267325343267
11.0,136.0,29.840889925076656
11.0,137.0,30.20984330474282
11.0,138.0,30.54757873708094
11.0,139.0,30.85719675611716
11.0,140.0,31.141470135470193
11.0,141.0,31.402871434467514
11.0,142.0,31.643602148423586
11.0,143.0,31.86562123639771
11.0,144.0,32.07067217056984
11.0,145.0,32.2603076781048
11.0,146.0,32.435912214616806
11.0,147.0,32.59872190025134
11.0,148.0,32.74984228722603
11.0,149.0,32.890263877034585
11.0,150.0,33.020875844580445
11.0,151.0,33.14247792277152
11.0,152.0,33.25579090019294
11.0,153.0,33.36146566659628
11.0,154.0,33.460091224496125
11.0,155.0,33.55220156904391
11.0,156.0,33.63828181556619
11.0,157.0,33.71877344570391
11.0,158.0,33.79407901674451
11.0,159.0,33.86456617977293
11.0,160.0,33.93057132260785
11.0,161.0,33.99240266427353
11.0,162.0,34.05034309415495
11.0,163.0,34.104652569292746
11.0,164.0,34.15557034489084
11.0,165.0,34.20331684263694
11.0,166.0,34.24809541747041
11.0,167.0,34.290093821928075
11.0,168.0,34.32948561695993
11.0,169.0,34.36643132540979
11.0,170.0,34.40107956726995
11.0,171.0,34.433567971849286
11.0,172.0,34.46402409758672
11.0,173.0,34.49256615498392
11.0,174.0,34.51930375601061
11.0,175.0,34.544338486816365
11.0,176.0,34.56776452042533
11.0,177.0,34.58966906836243
11.0,178.0,34.610132881694625
11.0,179.0,34.629230603102556
11.0,180.0,34.64703117459447
11.0,181.0,34.6635981055418
11.0,182.0,34.67898979997506
11.0,183.0,34.693259751156226
11.0,184.0,34.70645679679441
11.0,185.0,34.7186252464283
11.0,186.0,34.72980506879006
11.0,187.0,34.740031954262115
11.0,188.0,34.74933743464139
11.0,189.0,34.75774887891091
11.0,190.0,34.76528954152917
11.0,191.0,34.77197848546679
11.0,192.0,34.777830550664255
11.0,193.0,34.78285619359719
11.0,194.0,34.7870613627016
11.0,195.0,34.79044723883843
11.0,196.0,34.79300999978441
11.0,197.0,34.79474044187046
11.0,198.0,34.795623612859266
11.0,199.0,34.7956382947105
11.0,200.0,34.79475648811034
11.0,201.0,34.792942747305766
11.0,202.0,34.79015352182121
11.0,203.0,34.7863363741604
11.0,204.0,34.78142925094477
11.0,205.0,34.77535972108385
11.0,206.0,34.768044413980725
11.0,207.0,34.75938866459317
11.0,208.0,34.74928671996749
11.0,209.0,34.737622691968134
11.0,210.0,34.724272832052584
11.0,211.0,34.70910958992896
11.0,212.0,34.69200831498183
11.0,213.0,34.672857289533006
11.0,214.0,34.651571946466504
11.0,215.0,34.62811346957307
11.0,216.0,34.602511257815344
11.0,217.0,34.57488682227927
11.0,218.0,34.54547455636836
11.0,219.0,34.514632175697386
11.0,220.0,34.482832865575524
11.0,221.0,34.450633621040794
11.0,222.0,34.418622142086576
11.0,223.0,34.387354704779526
11.0,224.0,34.3573030528996
11.0,225.0,34.328822735019614
11.0,226.0,34.30214524118776
11.0,227.0,34.27738843682491
11.0,228.0,34.25457731477898
11.0,229.0,34.233667883063156
11.0,230.0,34.21456960342943
11.0,231.0,34.19716397901406
11.0,232.0,34.18131873841345
11.0,233.0,34.16689785238975
11.0,234.0,34.153768193481966
11.0,235.0,34.14180357377011
11.0,236.0,34.130886969047005
11.0,237.0,34.120911445708316
11.0,238.0,34.111780307240636
11.0,239.0,34.103406707744305
11.0,240.0,34.09571301984421
11.0,241.0,34.08863003470132
11.0,242.0,34.08209615162136
11.0,243.0,34.07605654985562
11.0,244.0,34.07046243635144
11.0,245.0,34.06527032558157
11.0,246.0,34.060441416209706
11.0,247.0,34.05594100809402
11.0,248.0,34.05173801162316
11.0,249.0,34.04780449082657
11.0,250.0,34.04411528647375
11.0,251.0,34.04064766279313
11.0,252.0,34.03738102099427
11.0,253.0,34.03429662686799
11.0,254.0,34.03137739355493
11.0,255.0,34.02860767070254
11.0,256.0,34.02597307922932
11.0,257.0,34.02346034672993
11.0,258.0,34.02105718084172
11.0,259.0,34.01875213915631
11.0,260.0,34.01653453101286
11.0,261.0,34.01439431302751
11.0,262.0,34.01232201163576
11.0,263.0,34.01030863751736
11.0,264.0,34.00834562307453
11.0,265.0,34.00642475062298
11.0,266.0,34.004538100345826
11.0,267.0,34.002677988262896
11.0,268.0,34.00083692115432
11.0,269.0,33.99900754110995
11.0,270.0,33.99718258456055
11.0,271.0,33.995354830722746
11.0,272.0,33.99351706227151
11.0,273.0,33.99166201528398
11.0,274.0,33.98978233927462
11.0,275.0,33.98787054633284
11.0,276.0,33.98591896824005
11.0,277.0,33.98391970240057
11.0,278.0,33.981864563568436
11.0,279.0,33.97974502387904
11.0,280.0,33.977552156313564
11.0,281.0,33.97527656562126
11.0,282.0,33.972908320001316
11.0,283.0,33.970436868911655
11.0,284.0,33.96785095848943
11.0,285.0,33.96513853109642
11.0,286.0,33.96228661864162
11.0,287.0,33.95928121711531
11.0,288.0,33.956107150107954
11.0,289.0,33.95274790941353
11.0,290.0,33.94918547853598
11.0,291.0,33.945400127583454
11.0,292.0,33.9413701833301
11.0,293.0,33.937071763049644
11.0,294.0,33.932478473836596
11.0,295.0,33.92756106600506
11.0,296.0,33.92228704044104
11.0,297.0,33.91662019878147
11.0,298.0,33.91052013539816
11.0,299.0,33.90394166179256
11.0,300.0,33.896834164236715
11.0,301.0,33.889140891240565
11.0,302.0,33.88079818052872
11.0,303.0,33.87173463863915
11.0,304.0,33.86187030792215
11.0,305.0,33.851115874410965
11.0,306.0,33.839372011188544
11.0,307.0,33.82652899971775
11.0,308.0,33.8124668497401
11.0,309.0,33.797056233793185
11.0,310.0,33.78016068262186
11.0,311.0,33.76164063024407
11.0,312.0,33.741360042487464
11.0,313.0,33.71919644050525
11.0,314.0,33.695055051302255
11.0,315.0,33.668887401510545
11.0,316.0,33.640713719754835
11.0,317.0,33.61064682962649
11.0,318.0,33.578912862663145
11.0,319.0,33.54586169634371
11.0,320.0,33.51195904859269
11.0,321.0,33.47775481754156
11.0,322.0,33.443829927617166
11.0,323.0,33.410734201608854
11.0,324.0,33.37893320666162
11.0,325.0,33.348776593164914
11.0,326.0,33.320490188967604
11.0,327.0,33.29418643561711
11.0,328.0,33.26988510084466
11.0,329.0,33.24753716887819
11.0,330.0,33.22704724209009
11.0,331.0,33.20829213117267
11.0,332.0,33.19113500469685
11.0,333.0,33.17543540804273
11.0,334.0,33.16105589068288
11.0,335.0,33.147866045618656
11.0,336.0,33.13574470320517
11.0,337.0,33.12458085892032
11.0,338.0,33.114273791285626
11.0,339.0,33.10473267523704
11.0,340.0,33.0958759230484
11.0,341.0,33.08763038292035
11.0,342.0,33.07993050297851
11.0,343.0,33.07271750013377
11.0,344.0,33.0659385833874
11.0,345.0,33.059546228941024
11.0,346.0,33.05349753335511
11.0,347.0,33.04775362377212
11.0,348.0,33.0422791444342
11.0,349.0,33.0370417906408
11.0,350.0,33.0320119094365
11.0,351.0,33.02716213445358
11.0,352.0,33.022467077104224
11.0,353.0,33.017903039176545
11.0,354.0,33.01344777297063
11.0,355.0,33.00908025185037
11.0,356.0,33.00478048161174
11.0,357.0,33.00052931311768
11.0,358.0,32.99630829094368
11.0,359.0,32.9920994956722
11.0,360.0,32.98788541894635
11.0,361.0,32.98364882569979
11.0,362.0,32.979372647074285
11.0,363.0,32.975039854827
11.0,364.0,32.97063336520501
11.0,365.0,32.96613591910242
11.0,366.0,32.961529991039754
11.0,367.0,32.95679766943954
11.0,368.0,32.95192056541845
11.0,369.0,32.94687968788383
11.0,370.0,32.941655346967885
11.0,371.0,32.93622701855622
11.0,372.0,32.93057323689318
11.0,373.0,32.92467144263523
11.0,374.0,32.91849785841257
11.0,375.0,32.91202731351134
11.0,376.0,32.905233094923354
11.0,377.0,32.898086740210886
11.0,378.0,32.89055785469631
11.0,379.0,32.88261386180498
11.0,380.0,32.87421977435906
11.0,381.0,32.865337888510545
11.0,382.0,32.855927493349256
11.0,383.0,32.84594449012239
11.0,384.0,32.83534101918743
11.0,385.0,32.82406498015229
11.0,386.0,32.81205954812629
11.0,387.0,32.79926256217353
11.0,388.0,32.78560589325285
11.0,389.0,32.771014657333
11.0,390.0,32.75540638473407
11.0,391.0,32.738689999821254
11.0,392.0,32.720764725222296
11.0,393.0,32.701518752048514
11.0,394.0,32.68082779305705
11.0,395.0,32.658553347163405
11.0,396.0,32.63454079589226
11.0,397.0,32.60861714884283
11.0,398.0,32.580588566873345
11.0,399.0,32.55023747625418
11.0,400.0,32.517319424129525
11.0,401.0,32.481559506185135
11.0,402.0,32.44264857318551
11.0,403.0,32.400239117994026
11.0,404.0,32.35394118702139
11.0,405.0,32.30331840785565
11.0,406.0,32.24788478776377
11.0,407.0,32.18710280844983
11.0,408.0,32.1203841128631
11.0,409.0,32.047094166336265
11.0,410.0,31.966563327066655
11.0,411.0,31.87810706109715
11.0,412.0,31.781059185039965
11.0,413.0,31.674821975122516
11.0,414.0,31.558937027026133
11.0,415.0,31.433178218828814
11.0,416.0,31.29766383782254
11.0,417.0,31.152976042908374
11.0,418.0,31.000264552955606
11.0,419.0,30.841298838719588
11.0,420.0,30.678428728071395
11.0,421.0,30.514426112234048
11.0,422.0,30.3522193190601
11.0,423.0,30.19458248748145
11.0,424.0,30.043869951441074
11.0,425.0,29.901857956486886
11.0,426.0,29.769705297091356
11.0,427.0,29.648005529558887
11.0,428.0,29.536890714296934
11.0,429.0,29.43615091038803
11.0,430.0,29.345346378797593
11.0,431.0,29.263900589532636
11.0,432.0,29.191171181294987
11.0,433.0,29.126500127953864
11.0,434.0,29.069247105770838
11.0,435.0,29.018809780542817
11.0,436.0,28.97463502888981
11.0,437.0,28.93622368821307
11.0,438.0,28.903131422640854
11.0,439.0,28.87496692564305
11.0,440.0,28.8513889285017
11.0,441.0,28.83210235774469
11.0,442.0,28.816854490454624
11.0,443.0,28.805430996580565
11.0,444.0,28.797652426957786
11.0,445.0,28.79337082605076
11.0,446.0,28.792466911062803
11.0,447.0,28.794847406158542
11.0,448.0,28.800442936999694
11.0,449.0,28.809206037605698
11.0,450.0,28.82110967262497
11.0,451.0,28.836145812287302
11.0,452.0,28.854324474151316
11.0,453.0,28.875672762258397
11.0,454.0,28.90023433291625
11.0,455.0,28.928068813441634
11.0,456.0,28.959251618693578
11.0,457.0,28.9938736877311
11.0,458.0,29.03204160030681
11.0,459.0,29.0738775912475
11.0,460.0,29.119519936318362
11.0,461.0,29.16912322307706
11.0,462.0,29.22285899330479
11.0,463.0,29.28091626595795
11.0,464.0,29.34350243954999
11.0,465.0,29.410844078644793
11.0,466.0,29.48318809529631
11.0,467.0,29.56080282650268
11.0,468.0,29.643979530336004
11.0,469.0,29.733033799233265
11.0,470.0,29.828307425178608
11.0,471.0,29.930170214146912
11.0,472.0,30.0390222972653
11.0,473.0,30.155296436944294
11.0,474.0,30.279460889350386
11.0,475.0,30.412022325025013
11.0,476.0,30.55352938483253
11.0,477.0,30.7045763801502
11.0,478.0,30.865807733147868
11.0,479.0,31.03792267791201
11.0,480.0,31.22168084108724
11.0,481.0,31.417908240947305
11.0,482.0,31.627504352324078
11.0,483.0,31.85144980288538
11.0,484.0,32.09081538523047
11.0,485.0,32.34677198802966
11.0,486.0,32.620602179012515
11.0,487.0,32.91371309529154
11.0,488.0,33.22765143699965
11.0,489.0,33.564120290180895
11.0,490.0,33.92499865632353
11.0,491.0,34.31236350585529
11.0,492.0,34.72851533379775
11.0,493.0,35.17600714557006
11.0,494.0,35.65767796474984
11.0,495.0,36.17669090606183
11.0,496.0,36.73657700401946
11.0,497.0,37.34128491202875
11.0,498.0,37.995237665686865
11.0,499.0,38.703396523779304
11.0,500.0,39.47133278583165
11.0,501.0,40.30530701280235
11.0,502.0,41.21235548237936
11.0,503.0,42.200381525414535
11.0,504.0,43.27824869844719
11.0,505.0,44.455868979430946
11.0,506.0,45.7442761837661
11.0,507.0,47.155667870002596
11.0,508.0,48.70339177846995
11.0,509.0,50.401840669456796
11.0,510.0,52.26620629637455
11.0,511.0,54.31202586413495
11.0,512.0,56.55443948212692
11.0,513.0,59.00706702996252
11.0,514.0,61.680423135566336
11.0,515.0,64.57983415761562
11.0,516.0,67.70292894359534
11.0,517.0,71.03696227963805
11.0,518.0,74.55649484366279
11.0,519.0,78.22222358198592
11.0,520.0,81.98186691327184
11.0,521.0,85.77371006748363
11.0,522.0,89.53255809138093
11.0,523.0,93.19669351989
11.0,524.0,96.71382936820595
11.0,525.0,100.04465445957032
11.0,526.0,103.16371858888026
11.0,527.0,106.05826287662882
11.0,528.0,108.72589965428715
11.0,529.0,111.17193587931929
11.0,530.0,113.4068637972689
11.0,531.0,115.44427787621092
11.0,532.0,117.29928965951507
11.0,533.0,118.98740456905179
11.0,534.0,120.52377920195512
11.0,535.0,121.9227677101024
11.0,536.0,123.19767558421509
11.0,537.0,124.36065439450343
11.0,538.0,125.42268800493291
11.0,539.0,126.39363435993363
11.0,540.0,127.28229863774501
11.0,541.0,128.0965213022357
11.0,542.0,128.84327097071733
11.0,543.0,129.52873557735413
11.0,544.0,130.15840847722308
11.0,545.0,130.73716745975983
11.0,546.0,131.26934616306707
11.0,547.0,131.75879766724728
11.0,548.0,132.20895079577727
11.0,549.0,132.62285951899665
11.0,550.0,133.0032462539989
11.0,551.0,133.35253958486445
11.0,552.0,133.67290716486482
11.0,553.0,133.966284281118
11.0,554.0,134.2343987155986
11.0,555.0,134.4787922952414
11.0,556.0,134.70083962255583
11.0,557.0,134.90176429574097
11.0,558.0,135.0826529802415
11.0,559.0,135.24446757557448
11.0,560.0,135.3880557294467
11.0,561.0,135.5141598979483
11.0,562.0,135.62342511225194
11.0,563.0,135.71640562280376
11.0,564.0,135.79357050467237
11.0,565.0,135.85530838064383
11.0,566.0,135.90193128010466
11.0,567.0,135.93367778570914
11.0,568.0,135.9507154281639
11.0,569.0,135.9531424833057
11.0,570.0,135.94098907935887
11.0,571.0,135.9142177749928
11.0,572.0,135.87272346669505
11.0,573.0,135.81633279466178
11.0,574.0,135.74480285753714
11.0,575.0,135.65781941400812
11.0,576.0,135.55499433281173
11.0,577.0,135.43586247629912
11.0,578.0,135.2998777279132
11.0,579.0,135.1464083521424
11.0,580.0,134.97473134159046
11.0,581.0,134.78402593702273
11.0,582.0,134.57336591225294
11.0,583.0,134.3417107979656
11.0,584.0,134.08789556332226
11.0,585.0,133.81061890496605
11.0,586.0,133.50842957508863
11.0,587.0,133.17971085658894
11.0,588.0,132.82266251109027
11.0,589.0,132.43528024443745
11.0,590.0,132.015331886498
11.0,591.0,131.56033024113287
11.0,592.0,131.0675016496714
11.0,593.0,130.53375011161023
11.0,594.0,129.9556158360442
11.0,595.0,129.32922795029424
11.0,596.0,128.65025008780242
11.0,597.0,127.91381851977631
11.0,598.0,127.11447151998748
11.0,599.0,126.24606978183047
11.0,600.0,125.30170691673938
11.0,601.0,124.27361061521573
11.0,602.0,123.15303480454025
11.0,603.0,121.93014563845317
11.0,604.0,120.5939052188982
11.0,605.0,119.13196148878272
11.0,606.0,117.53055661320674
11.0,607.0,115.77447471508671
11.0,608.0,113.8470589446596
11.0,609.0,111.73034303236972
11.0,610.0,109.40535890882417
11.0,611.0,106.85270371729092
11.0,612.0,104.05346805412604
11.0,613.0,100.99063995846036
11.0,614.0,97.65108621767692
11.0,615.0,94.02815619876014
11.0,616.0,90.12481840108411
11.0,617.0,85.9570061918022
11.0,618.0,81.55651783753041
11.0,619.0,76.97247856997551
11.0,620.0,72.27023402701116
11.0,621.0,67.52691860416186
11.0,622.0,62.8240141164959
11.0,623.0,58.23865272311614
11.0,624.0,53.83617557807774
11.0,625.0,49.66570117231896
11.0,626.0,45.75901874168396
11.0,627.0,42.13205031317411
11.0,628.0,38.78775068111274
11.0,629.0,35.71945311278588
11.0,630.0,32.91400582258961
11.0,631.0,30.354375762416918
11.0,632.0,28.02162982442599
11.0,633.0,25.896338777393265
11.0,634.0,23.95950537910001
11.0,635.0,22.19313132161961
11.0,636.0,20.580524696281444
11.0,637.0,19.106431463570175
11.0,638.0,17.75705233866228
11.0,639.0,16.51999042593388
11.0,640.0,15.384159384748559
11.0,641.0,14.33967320009482
11.0,642.0,13.377729654359266
11.0,643.0,12.490496170375685
11.0,644.0,11.671001680912532
11.0,645.0,10.913037614311376
11.0,646.0,10.211068061893714
11.0,647.0,9.560149985715695
11.0,648.0,8.95586220405068
11.0,649.0,8.39424327354616
11.0,650.0,7.871736642756582
11.0,651.0,7.385143063456202
11.0,652.0,6.9315786444017995
11.0,653.0,6.508438617531116
11.0,654.0,6.113365330295415
11.0,655.0,5.7442206724304805
11.0,656.0,5.399061598562825
11.0,657.0,5.076119087562334
11.0,658.0,4.773779331665548
11.0,659.0,4.490567604815246
11.0,660.0,4.225133710558825
11.0,661.0,3.976239541355491
11.0,662.0,3.7427477340963593
11.0,663.0,3.523612013368294
11.0,664.0,3.31786827312231
11.0,665.0,3.1246270298020264
11.0,666.0,2.9430663492753006
11.0,667.0,2.7724259081841494
11.0,668.0,2.61200133332532
11.0,669.0,2.461139496668533
11.0,670.0,2.3192339434190234
11.0,671.0,2.1857211397602607
11.0,672.0,2.0600767462052225
11.0,673.0,1.9418126062005656
11.0,674.0,1.8304736807763589
11.0,675.0,1.72563561730388
11.0,676.0,1.626902205530925
11.0,677.0,1.533903403832739
11.0,678.0,1.4462932095788923
11.0,679.0,1.3637480486554827
11.0,680.0,1.2859649777307147
11.0,681.0,1.2126603641957874
11.0,682.0,1.1435683564440517
11.0,683.0,1.0784397975236355
11.0,684.0,1.017040913594588
11.0,685.0,0.9591524168537562
11.0,686.0,0.9045683730361072
11.0,687.0,0.8530954585463109
11.0,688.0,0.8045519760681931
11.0,689.0,0.7587672380416163
11.0,690.0,0.7155807057593744
11.0,691.0,0.6748414768967661
11.0,692.0,0.6364075283683231
11.0,693.0,0.6001452899474877
11.0,694.0,0.565928974968605
11.0,695.0,0.533640225460997
11.0,696.0,0.5031675177703993
11.0,697.0,0.4744058672969122
11.0,698.0,0.44725629846654236
11.0,699.0,0.421625599272644
11.0,700.0,0.39742584689726246
11.0,701.0,0.37457420393671614
11.0,702.0,0.3529924924637467
11.0,703.0,0.3326070251654668
11.0,704.0,0.313348221834379
11.0,705.0,0.29515046973395453
11.0,706.0,0.27795177747318156
11.0,707.0,0.26169365979738046
11.0,708.0,0.24632082458604365
11.0,709.0,0.23178107798707295
11.0,710.0,0.21802504091900396
11.0,711.0,0.20500607105883706
11.0,712.0,0.1926800057564894
11.0,713.0,0.18100509787550478
11.0,714.0,0.1699417824624349
11.0,715.0,0.15945262384598444
11.0,716.0,0.14950210376469342
11.0,717.0,0.14005657746917
11.0,718.0,0.13108408131180338
11.0,719.0,0.12255429588096173
11.0,720.0,0.11443837130742421
11.0,721.0,0.10670889569848277
11.0,722.0,0.09933973662596361
11.0,723.0,0.09230601332975383
11.0,724.0,0.0855839530285202
11.0,725.0,0.07915086553239273
11.0,726.0,0.07298501316521681
11.0,727.0,0.06706558656983264
11.0,728.0,0.061372587154247094
11.0,729.0,0.05588680299403778
11.0,730.0,0.05058970281765922
11.0,731.0,0.04546341101208313
11.0,732.0,0.04049061224731278
11.0,733.0,0.03565452467592964
11.0,734.0,0.0309388143659695
11.0,735.0,0.02632756585455095
11.0,736.0,0.021805205613294742
11.0,737.0,0.017356469172214815
11.0,738.0,0.012966332884179546
11.0,739.0,0.008619976878954258
11.0,740.0,0.00430272442382615
11.0,741.0,0.0
12.0,0.0,0.0
12.0,1.0,0.0011787971559675673
12.0,2.0,0.002361574712442005
12.0,3.0,0.0035523269374484754
12.0,4.0,0.004755074106335016
12.0,5.0,0.005973878281261783
12.0,6.0,0.007212853908732691
12.0,7.0,0.00847618569689028
12.0,8.0,0.009768137860178069
12.0,9.0,0.011093074284653068
12.0,10.0,0.012455466616001089
12.0,11.0,0.013859916910354198
12.0,12.0,0.015311164771692526
12.0,13.0,0.016814112695988332
12.0,14.0,0.018373832477034727
12.0,15.0,0.01999559346536236
12.0,16.0,0.021684868478014683
12.0,17.0,0.023447365210907574
12.0,18.0,0.025289031908384222
12.0,19.0,0.02721609218891497
12.0,20.0,0.029235050754874387
12.0,21.0,0.031352731917220704
12.0,22.0,0.03357628565542591
12.0,23.0,0.035913230157676515
12.0,24.0,0.03837145857598357
12.0,25.0,0.040959285935318106
12.0,26.0,0.04368545697054148
12.0,27.0,0.04655919780174066
12.0,28.0,0.04959022528888586
12.0,29.0,0.05278880392272646
12.0,30.0,0.05616575719142135
12.0,31.0,0.059732530198279
12.0,32.0,0.06350120360379326
12.0,33.0,0.06748456255524857
12.0,34.0,0.07169611384986398
12.0,35.0,0.076150161849341
12.0,36.0,0.0808618296079886
12.0,37.0,0.08584714255083335
12.0,38.0,0.09112305442823662
12.0,39.0,0.09670753966323409
12.0,40.0,0.10261962513579949
12.0,41.0,0.10887949225875676
12.0,42.0,0.11550851576628555
12.0,43.0,0.12252937676460839
12.0,44.0,0.1299661099079977
12.0,45.0,0.13784422889890433
12.0,46.0,0.14619078369017022
12.0,47.0,0.15503450019019355
12.0,48.0,0.16440584944462702
12.0,49.0,0.17433720364962857
12.0,50.0,0.18486291965605045
12.0,51.0,0.19601951382607716
12.0,52.0,0.20784576268864383
12.0,53.0,0.22038289971565264
12.0,54.0,0.23367473656636073
12.0,55.0,0.2477678855401062
12.0,56.0,0.2627119056154353
12.0,57.0,0.27855955519787956
12.0,58.0,0.2953669681337365
12.0,59.0,0.31319394246802396
12.0,60.0,0.3321041528553023
12.0,61.0,0.3521654824461155
12.0,62.0,0.373450279710551
12.0,63.0,0.39603574237639394
12.0,64.0,0.4200042287350456
12.0,65.0,0.4454437048880655
12.0,66.0,0.47244812326613533
12.0,67.0,0.5011179474721238
12.0,68.0,0.5315606142081357
12.0,69.0,0.5638911539598082
12.0,70.0,0.59823275705718
12.0,71.0,0.6347175136314578
12.0,72.0,0.6734871104857193
12.0,73.0,0.7146937205811762
12.0,74.0,0.7585008652376706
12.0,75.0,0.805084492420247
12.0,76.0,0.8546340491614077
12.0,77.0,0.9073537998528086
12.0,78.0,0.9634641675244271
12.0,79.0,1.0232033591681022
12.0,80.0,1.0868290527289017
12.0,81.0,1.154620417453162
12.0,82.0,1.2268802475599228
12.0,83.0,1.3039374932938643
12.0,84.0,1.386149973981856
12.0,85.0,1.4739075717415802
12.0,86.0,1.567635697925526
12.0,87.0,1.6677993482012645
12.0,88.0,1.7749075489658284
12.0,89.0,1.8895185310406728
12.0,90.0,2.012245446894885
12.0,91.0,2.143762989357511
12.0,92.0,2.2848147427901027
12.0,93.0,2.4362216454185064
12.0,94.0,2.5988914042115647
12.0,95.0,2.77382925160123
12.0,96.0,2.9621498776702953
12.0,97.0,3.1650909063039214
12.0,98.0,3.384027691029595
12.0,99.0,3.620489699455128
12.0,100.0,3.8761780846896206
12.0,101.0,4.152984434316934
12.0,102.0,4.453009856515819
12.0,103.0,4.778583738622156
12.0,104.0,5.132280367166701
12.0,105.0,5.516931354859399
12.0,106.0,5.93563010847975
12.0,107.0,6.391723623572111
12.0,108.0,6.888784340545906
12.0,109.0,7.430552979732959
12.0,110.0,8.020840027118606
12.0,111.0,8.663371655932858
12.0,112.0,9.361563928060226
12.0,113.0,10.118211102370926
12.0,114.0,10.935079916552171
12.0,115.0,11.812417350305152
12.0,116.0,12.748405229636449
12.0,117.0,13.738633971048044
12.0,118.0,14.775711555318567
12.0,119.0,15.849158079677222
12.0,120.0,16.94572986854197
12.0,121.0,18.05024199999994
12.0,122.0,19.14680727166987
12.0,123.0,20.22024073954193
12.0,124.0,21.257298683764688
12.0,125.0,22.24750113496638
12.0,126.0,23.1834559847652
12.0,127.0,24.060753537622787
12.0,128.0,24.877575484240673
12.0,129.0,25.63416864526427
12.0,130.0,26.33229957502492
12.0,131.0,26.974762324078583
12.0,132.0,27.564972720312436
12.0,133.0,28.106656676436113
12.0,134.0,28.603624390477254
12.0,135.0,29.05961626633878
12.0,136.0,29.478204398407932
12.0,137.0,29.862735405370284
12.0,138.0,30.21630228495754
12.0,139.0,30.541736207170754
12.0,140.0,30.841610980560283
12.0,141.0,31.118255477485505
12.0,142.0,31.373770252250775
12.0,143.0,31.61004629766125
12.0,144.0,31.828784128909746
12.0,145.0,32.03151253022612
12.0,146.0,32.21960612368527
12.0,147.0,32.39430175095953
12.0,148.0,32.556713266108005
12.0,149.0,32.70784500862717
12.0,150.0,32.848603732080576
12.0,151.0,32.97980935723676
12.0,152.0,33.10220438279795
12.0,153.0,33.216462343587175
12.0,154.0,33.32319515687621
12.0,155.0,33.42295973629024
12.0,156.0,33.51626370336661
12.0,157.0,33.6035705556541
12.0,158.0,33.68530410648923
12.0,159.0,33.76185253353669
12.0,160.0,33.83357183743177
12.0,161.0,33.900789027808855
12.0,162.0,33.96380482715676
12.0,163.0,34.02289619280389
12.0,164.0,34.07831843969332
12.0,165.0,34.13030724996155
12.0,166.0,34.17908034696603
12.0,167.0,34.22483910773786
12.0,168.0,34.267769888757506
12.0,169.0,34.30804532876105
12.0,170.0,34.34582540251752
12.0,171.0,34.38125848035413
12.0,172.0,34.41448216779751
12.0,173.0,34.44562417216714
12.0,174.0,34.47480297197456
12.0,175.0,34.50212852874271
12.0,176.0,34.52770281938813
12.0,177.0,34.55162042206951
12.0,178.0,34.573968936540304
12.0,179.0,34.59482946555213
12.0,180.0,34.61427694169363
12.0,181.0,34.632380520088894
12.0,182.0,34.649203825017885
12.0,183.0,34.66480526490249
12.0,184.0,34.67923820763191
12.0,185.0,34.692551224761196
12.0,186.0,34.70478820062297
12.0,187.0,34.71598850899392
12.0,188.0,34.726187057516825
12.0,189.0,34.735414396613486
12.0,190.0,34.74369669731073
12.0,191.0,34.75105578879892
12.0,192.0,34.7575090644464
12.0,193.0,34.76306944124315
12.0,194.0,34.767745185909284
12.0,195.0,34.77153978711134
12.0,196.0,34.77445169211985
12.0,197.0,34.77647408273945
12.0,198.0,34.777594515424944
12.0,199.0,34.777794598073505
12.0,200.0,34.77704953843299
12.0,201.0,34.77532773940353
12.0,202.0,34.772590293689476
12.0,203.0,34.76879056665791
12.0,204.0,34.76387375258075
12.0,205.0,34.75777662770819
12.0,206.0,34.75042744619807
12.0,207.0,34.74174627324843
12.0,208.0,34.73164580641742
12.0,209.0,34.72003309923188
12.0,210.0,34.7068123876827
12.0,211.0,34.691889575328304
12.0,212.0,34.675178691902445
12.0,213.0,34.65661087497313
12.0,214.0,34.63614596523151
12.0,215.0,34.61378664057582
12.0,216.0,34.589593998911745
12.0,217.0,34.563702658783875
12.0,218.0,34.5363319288612
12.0,219.0,34.50778888056609
12.0,220.0,34.47845908276207
12.0,221.0,34.4487831563559
12.0,222.0,34.41922136833702
12.0,223.0,34.39021355336617
12.0,224.0,34.36214370621543
12.0,225.0,34.33531652853584
12.0,226.0,34.30994815870061
12.0,227.0,34.286169228676115
12.0,228.0,34.26403602527707
12.0,229.0,34.24354556693588
12.0,230.0,34.22465117464879
12.0,231.0,34.207276573816245
12.0,232.0,34.19132747371165
12.0,233.0,34.17670050813337
12.0,234.0,34.163289673770834
12.0,235.0,34.150990765040845
12.0,236.0,34.13970417533753
12.0,237.0,34.129336560486294
12.0,238.0,34.11980162908949
12.0,239.0,34.111020404839785
12.0,240.0,34.10292108485583
12.0,241.0,34.09543871032077
12.0,242.0,34.088514677426524
12.0,243.0,34.08209622502343
12.0,244.0,34.076135874956
12.0,245.0,34.070590917975615
12.0,246.0,34.06542289722351
12.0,247.0,34.06059715974784
12.0,248.0,34.05608241915895
12.0,249.0,34.05185038832452
12.0,250.0,34.04787542369263
12.0,251.0,34.0441342337869
12.0,252.0,34.040605595258945
12.0,253.0,34.0372701250341
12.0,254.0,34.034110055065945
12.0,255.0,34.03110905522223
12.0,256.0,34.0282520543671
12.0,257.0,34.02552510253691
12.0,258.0,34.02291522784546
12.0,259.0,34.02041032852578
12.0,260.0,34.01799905717898
12.0,261.0,34.01567073518939
12.0,262.0,34.013415257623414
12.0,263.0,34.01122302414175
12.0,264.0,34.009084859294475
12.0,265.0,34.006991955319755
12.0,266.0,34.00493580368163
12.0,267.0,34.00290814609113
12.0,268.0,34.00090091393768
12.0,269.0,33.99890618454338
12.0,270.0,33.99691612569595
12.0,271.0,33.99492295459489
12.0,272.0,33.99291888504162
12.0,273.0,33.99089608679112
12.0,274.0,33.98884663312098
12.0,275.0,33.98676245838317
12.0,276.0,33.984635303671844
12.0,277.0,33.98245667028424
12.0,278.0,33.98021776103655
12.0,279.0,33.97790942708402
12.0,280.0,33.975522102081854
12.0,281.0,33.9730457393621
12.0,282.0,33.9704697355752
12.0,283.0,33.96778285454159
12.0,284.0,33.96497313620021
12.0,285.0,33.962027802501524
12.0,286.0,33.95893314638388
12.0,287.0,33.95567441380363
12.0,288.0,33.95223566601516
12.0,289.0,33.94859963021199
12.0,290.0,33.94474752659417
12.0,291.0,33.9406588781571
12.0,292.0,33.93631129199852
12.0,293.0,33.93168021675862
12.0,294.0,33.92673866574179
12.0,295.0,33.92145690904509
12.0,296.0,33.915802125408455
12.0,297.0,33.90973801682176
12.0,298.0,33.903224379097864
12.0,299.0,33.89621663351074
12.0,300.0,33.8886653185096
12.0,301.0,33.880515553883555
12.0,302.0,33.871706489552835
12.0,303.0,33.86217076951257
12.0,304.0,33.85183405135582
12.0,305.0,33.84061465114733
12.0,306.0,33.82842341034609
12.0,307.0,33.81516393018109
12.0,308.0,33.80073337046085
12.0,309.0,33.78502408278769
12.0,310.0,33.76792641999956
12.0,311.0,33.749333138318626
12.0,312.0,33.729145843467656
12.0,313.0,33.707283896021046
12.0,314.0,33.683695997989695
12.0,315.0,33.65837425655991
12.0,316.0,33.63136976130265
12.0,317.0,33.60280761982852
12.0,318.0,33.572898124204194
12.0,319.0,33.54193976345499
12.0,320.0,33.51030995718433
12.0,321.0,33.478441554444316
12.0,322.0,33.44678742824485
12.0,323.0,33.41578034540335
12.0,324.0,33.38579756057876
12.0,325.0,33.35713731493496
12.0,326.0,33.33000956832893
12.0,327.0,33.30453901139166
12.0,328.0,33.280776229539214
12.0,329.0,33.25871273797595
12.0,330.0,33.238296555494784
12.0,331.0,33.21944626731015
12.0,332.0,33.20206260718745
12.0,333.0,33.18603736160068
12.0,334.0,33.17125981029054
12.0,335.0,33.157621126888266
12.0,336.0,33.14501718162441
12.0,337.0,33.13335017263099
12.0,338.0,33.122529416754496
12.0,339.0,33.11247158156175
12.0,340.0,33.10310054289392
12.0,341.0,33.09434702682542
12.0,342.0,33.08614811831554
12.0,343.0,33.078446721584314
12.0,344.0,33.07119099637194
12.0,345.0,33.06433381774967
12.0,346.0,33.05783225345268
12.0,347.0,33.05164709021451
12.0,348.0,33.04574238788252
12.0,349.0,33.04008508756914
12.0,350.0,33.03464464469466
12.0,351.0,33.02939271325793
12.0,352.0,33.02430284747036
12.0,353.0,33.01935024962625
12.0,354.0,33.01451152684077
12.0,355.0,33.00976448917083
12.0,356.0,33.00508794854228
12.0,357.0,33.000461555143026
12.0,358.0,32.99586562738952
12.0,359.0,32.99128101652374
12.0,360.0,32.986688958358606
12.0,361.0,32.982070957789624
12.0,362.0,32.97740865466869
12.0,363.0,32.972683721359665
12.0,364.0,32.96787773630082
12.0,365.0,32.962972088740685
12.0,366.0,32.957947854351495
12.0,367.0,32.95278570188969
12.0,368.0,32.94746576563726
12.0,369.0,32.9419675489622
12.0,370.0,32.93626978840965
12.0,371.0,32.93035034900124
12.0,372.0,32.92418607447241
12.0,373.0,32.9177526686323
12.0,374.0,32.911024525520475
12.0,375.0,32.90397459020883
12.0,376.0,32.896574161470774
12.0,377.0,32.88879272396642
12.0,378.0,32.880597714284406
12.0,379.0,32.871954314394074
12.0,380.0,32.8628251694944
12.0,381.0,32.85317012977837
12.0,382.0,32.842945905216794
12.0,383.0,32.83210573884695
12.0,384.0,32.82059897919349
12.0,385.0,32.808370663209246
12.0,386.0,32.7953609812225
12.0,387.0,32.781504741055244
12.0,388.0,32.76673069294582
12.0,389.0,32.75096083807297
12.0,390.0,32.73410957178327
12.0,391.0,32.716082789923746
12.0,392.0,32.69677679842598
12.0,393.0,32.67607716058313
12.0,394.0,32.6538573115721
12.0,395.0,32.629977082400686
12.0,396.0,32.60428095458505
12.0,397.0,32.576596200207426
12.0,398.0,32.54673072732969
12.0,399.0,32.514470809380825
12.0,400.0,32.47957853398713
12.0,401.0,32.441789199604194
12.0,402.0,32.40080854802968
12.0,403.0,32.356310164975234
12.0,404.0,32.30793306512775
12.0,405.0,32.25528000285699
12.0,406.0,32.19791679377733
12.0,407.0,32.13537357890765
12.0,408.0,32.0671488058177
12.0,409.0,31.99271749340903
12.0,410.0,31.911545267061015
12.0,411.0,31.823110475035694
12.0,412.0,31.72693640858086
12.0,413.0,31.622635941871387
12.0,414.0,31.50996945685157
12.0,415.0,31.38891528327324
12.0,416.0,31.259747579949966
12.0,417.0,31.12311164323942
12.0,418.0,30.980079738611696
12.0,419.0,30.83216630302609
12.0,420.0,30.681281617893333
12.0,421.0,30.529614453845046
12.0,422.0,30.379455054751993
12.0,423.0,30.23299464896141
12.0,424.0,30.092148438927463
12.0,425.0,29.95843826925175
12.0,426.0,29.832946316629155
12.0,427.0,29.716330339041956
12.0,428.0,29.608879536128
12.0,429.0,29.510589928584874
12.0,430.0,29.421242280794214
12.0,431.0,29.340472636743026
12.0,432.0,29.267830299889788
12.0,433.0,29.20282259513026
12.0,434.0,29.144947159020045
12.0,435.0,29.0937142058828
12.0,436.0,29.04866065001231
12.0,437.0,29.009358549777588
12.0,438.0,28.975419195054535
12.0,439.0,28.94649458273776
12.0,440.0,28.92227686663103
12.0,441.0,28.90249691448474
12.0,442.0,28.88692204685359
12.0,443.0,28.875353722570686
12.0,444.0,28.867624954672642
12.0,445.0,28.863598034873334
12.0,446.0,28.86316220043976
12.0,447.0,28.86623173966548
12.0,448.0,28.87274409603576
12.0,449.0,28.882658439067942
12.0,450.0,28.89595422581215
12.0,451.0,28.912630218148138
12.0,452.0,28.932703461167605
12.0,453.0,28.956208696003145
12.0,454.0,28.98319770126846
12.0,455.0,29.013739048994225
12.0,456.0,29.047917761170414
12.0,457.0,29.085835366568947
12.0,458.0,29.127609837069286
12.0,459.0,29.173375916966
12.0,460.0,29.22328531806622
12.0,461.0,29.277507307444917
12.0,462.0,29.336229154582682
12.0,463.0,29.399656977662197
12.0,464.0,29.468016450100503
12.0,465.0,29.541553919621304
12.0,466.0,29.620537395951583
12.0,467.0,29.705257971779577
12.0,468.0,29.796031129005467
12.0,469.0,29.893198507303627
12.0,470.0,29.997129584259287
12.0,471.0,30.108223856837476
12.0,472.0,30.226912972379772
12.0,473.0,30.353663412376143
12.0,474.0,30.488979178357507
12.0,475.0,30.633405097905943
12.0,476.0,30.7875302041474
12.0,477.0,30.95199182340183
12.0,478.0,31.127479832074524
12.0,479.0,31.314741736941624
12.0,480.0,31.514588052387154
12.0,481.0,31.727898652138943
12.0,482.0,31.955629587598693
12.0,483.0,32.19882107899591
12.0,484.0,32.45860619760353
12.0,485.0,32.73622098076089
12.0,486.0,33.033015533288584
12.0,487.0,33.35046690079731
12.0,488.0,33.69019331415448
12.0,489.0,34.05397064302261
12.0,490.0,34.443750713060986
12.0,491.0,34.861682383128986
12.0,492.0,35.310135096433314
12.0,493.0,35.79172585600473
12.0,494.0,36.30934938429345
12.0,495.0,36.8662124385605
12.0,496.0,37.465872029818094
12.0,497.0,38.11227843752524
12.0,498.0,38.80982259560018
12.0,499.0,39.56338841005556
12.0,500.0,40.37840902972364
12.0,501.0,41.26092672615545
12.0,502.0,42.21765401372739
12.0,503.0,43.25603355531487
12.0,504.0,44.38429139277586
12.0,505.0,45.61147658600419
12.0,506.0,46.94747555787052
12.0,507.0,48.40298570370405
12.0,508.0,49.989425379301935
12.0,509.0,51.71875083262021
12.0,510.0,53.60314100683366
12.0,511.0,55.65450434124526
12.0,512.0,57.88375626413846
12.0,513.0,60.2998216227739
12.0,514.0,62.90833643254164
12.0,515.0,65.71007255319381
12.0,516.0,68.69919246807856
12.0,517.0,71.86156508928616
12.0,518.0,75.17351451663058
12.0,519.0,78.60148241705872
12.0,520.0,82.10306521834181
12.0,521.0,85.6296459938502
12.0,522.0,89.13035918803503
12.0,523.0,92.55658492708059
12.0,524.0,95.86591373833794
12.0,525.0,99.02477840583764
12.0,526.0,102.00949114566284
12.0,527.0,104.80590592650059
12.0,528.0,107.40816719750829
12.0,529.0,109.81702560432838
12.0,530.0,112.03809272351796
12.0,531.0,114.08026561833682
12.0,532.0,115.95442852812342
12.0,533.0,117.67245514510292
12.0,534.0,119.24648603078286
12.0,535.0,120.68843522906678
12.0,536.0,122.00967497399533
12.0,537.0,123.22085239668215
12.0,538.0,124.33179939642447
12.0,539.0,125.35150598555717
12.0,540.0,126.28813449257623
12.0,541.0,127.14905889312486
12.0,542.0,127.9409178696758
12.0,543.0,128.66967436135496
12.0,544.0,129.34067647933716
12.0,545.0,129.95871697783963
12.0,546.0,130.5280892802636
12.0,547.0,131.05263932847154
12.0,548.0,131.53581267712102
12.0,549.0,131.9806969727751
12.0,550.0,132.3900598253046
12.0,551.0,132.7663825109922
12.0,552.0,133.11188971805674
12.0,553.0,133.42857582154969
12.0,554.0,133.71822794084432
12.0,555.0,133.98244621372504
12.0,556.0,134.22266152429862
12.0,557.0,134.44015103329724
12.0,558.0,134.63605171779568
12.0,559.0,134.8113721793264
12.0,560.0,134.96700290044413
12.0,561.0,135.103725125329
12.0,562.0,135.2222185262448
12.0,563.0,135.32306775680186
12.0,564.0,135.4067680448753
12.0,565.0,135.4737298597201
12.0,566.0,135.52428280511492
12.0,567.0,135.55867871333203
12.0,568.0,135.5770940968517
12.0,569.0,135.5796318777644
12.0,570.0,135.56632256111243
12.0,571.0,135.53712472046763
12.0,572.0,135.49192497384595
12.0,573.0,135.43053726827273
12.0,574.0,135.3527016638571
12.0,575.0,135.2580823859153
12.0,576.0,135.14626534810827
12.0,577.0,135.01675486411582
12.0,578.0,134.86896976066186
12.0,579.0,134.70223855560437
12.0,580.0,134.5157939197467
12.0,581.0,134.30876602774947
12.0,582.0,134.08017501667229
12.0,583.0,133.82892209270437
12.0,584.0,133.55377949634087
12.0,585.0,133.2533787931487
12.0,586.0,132.92619768177198
12.0,587.0,132.57054470242295
12.0,588.0,132.1845420070113
12.0,589.0,131.76610547916792
12.0,590.0,131.3129223236655
12.0,591.0,130.82242531065648
12.0,592.0,130.29176374836229
12.0,593.0,129.71777027190092
12.0,594.0,129.09692349363422
12.0,595.0,128.425305545537
12.0,596.0,127.69855460374306
12.0,597.0,126.91181149413433
12.0,598.0,126.05966071470957
12.0,599.0,125.13606535709214
12.0,600.0,124.13429698644332
12.0,601.0,123.04686106062843
12.0,602.0,121.865420717384
12.0,603.0,120.5807221165529
12.0,604.0,119.18252806279912
12.0,605.0,117.65956864030278
12.0,606.0,115.99952341962465
12.0,607.0,114.18905459169652
12.0,608.0,112.21391960107299
12.0,609.0,110.05920009200356
12.0,610.0,107.70969600549616
12.0,611.0,105.15054215568013
12.0,612.0,102.36811144913563
12.0,613.0,99.35126189320857
12.0,614.0,96.09295948089365
12.0,615.0,92.5922473607413
12.0,616.0,88.85642742107359
12.0,617.0,84.90316551882904
12.0,618.0,80.76205557665114
12.0,619.0,76.47504156431951
12.0,620.0,72.09512104026587
12.0,621.0,67.68305522170694
12.0,622.0,63.3024130991405
12.0,623.0,59.0139534441973
12.0,624.0,54.870668918964164
12.0,625.0,50.91449612214306
12.0,626.0,47.17501911490361
12.0,627.0,43.66989135409043
12.0,628.0,40.40639976271865
12.0,629.0,37.3835698857859
12.0,630.0,34.59434743622105
12.0,631.0,32.027567366091645
12.0,632.0,29.669576700475254
12.0,633.0,27.50548142022755
12.0,634.0,25.52004961613082
12.0,635.0,23.698327911324384
12.0,636.0,22.026035477199244
12.0,637.0,20.489792795209674
12.0,638.0,19.077234190702452
12.0,639.0,17.77704074991255
12.0,640.0,16.578922406369347
12.0,641.0,15.473568322915508
12.0,642.0,14.45258036954136
12.0,643.0,13.508398173673179
12.0,644.0,12.63422273393476
12.0,645.0,11.823941503737323
12.0,646.0,11.072058064297623
12.0,647.0,10.373626661649222
12.0,648.0,9.72419298261596
12.0,649.0,9.11974032055299
12.0,650.0,8.556641806703949
12.0,651.0,8.031617449530447
12.0,652.0,7.541696436199115
12.0,653.0,7.084183345583347
12.0,654.0,6.656628705566091
12.0,655.0,6.256802576874367
12.0,656.0,5.882671647248831
12.0,657.0,5.53237859192055
12.0,658.0,5.204224252146979
12.0,659.0,4.896651466921837
12.0,660.0,4.608231172570777
12.0,661.0,4.3376496769092165
12.0,662.0,4.083697773600193
12.0,663.0,3.8452606640700773
12.0,664.0,3.621309390642449
12.0,665.0,3.410892798570379
12.0,666.0,3.2131307571395866
12.0,667.0,3.0272076992467905
12.0,668.0,2.852367226605696
12.0,669.0,2.6879068750420667
12.0,670.0,2.5331737963791747
12.0,671.0,2.387560481475008
12.0,672.0,2.250501284238157
12.0,673.0,2.121468897712014
12.0,674.0,1.9999715406394873
12.0,675.0,1.8855500296275667
12.0,676.0,1.7777754901627858
12.0,677.0,1.6762469039377532
12.0,678.0,1.5805892375913198
12.0,679.0,1.4904513715754248
12.0,680.0,1.4055045636919439
12.0,681.0,1.325440686618387
12.0,682.0,1.2499709614336512
12.0,683.0,1.1788244467419238
12.0,684.0,1.1117469912349391
12.0,685.0,1.0484999294741302
12.0,686.0,0.9888592131797286
12.0,687.0,0.9326142780601799
12.0,688.0,0.8795673217329713
12.0,689.0,0.8295323132054797
12.0,690.0,0.7823343917048707
12.0,691.0,0.73780899602301
12.0,692.0,0.6958013635022184
12.0,693.0,0.6561657608391939
12.0,694.0,0.6187650663698111
12.0,695.0,0.5834700873696139
12.0,696.0,0.5501592118530622
12.0,697.0,0.5187178001274728
12.0,698.0,0.4890378947584327
12.0,699.0,0.46101767629416013
12.0,700.0,0.4345612219922403
12.0,701.0,0.4095780173570745
12.0,702.0,0.3859827557826805
12.0,703.0,0.363694898932529
12.0,704.0,0.3426385107122946
12.0,705.0,0.32274186064203514
12.0,706.0,0.3039372865955318
12.0,707.0,0.2861608362256782
12.0,708.0,0.26935215374279914
12.0,709.0,0.2534541551987097
12.0,710.0,0.2384129352633628
12.0,711.0,0.2241774727849943
12.0,712.0,0.21069955409230973
12.0,713.0,0.19793350575365853
12.0,714.0,0.1858361314038909
12.0,715.0,0.1743664690450874
12.0,716.0,0.16348573879133457
12.0,717.0,0.15315712240324741
12.0,718.0,0.14334571967449194
12.0,719.0,0.1340183481848388
12.0,720.0,0.12514350633056118
12.0,721.0,0.11669119152606215
12.0,722.0,0.10863286811522709
12.0,723.0,0.10094130245771817
12.0,724.0,0.09359053415706511
12.0,725.0,0.08655572664084704
12.0,726.0,0.07981314030943404
12.0,727.0,0.07333999736452991
12.0,728.0,0.06711445562456689
12.0,729.0,0.061115486477504755
12.0,730.0,0.055322848228567645
12.0,731.0,0.04971697615401477
12.0,732.0,0.044278954347107866
12.0,733.0,0.0389904169323649
12.0,734.0,0.03383351745868538
12.0,735.0,0.02879084040041911
12.0,736.0,0.023845367214300743
12.0,737.0,0.018980397306118498
12.0,738.0,0.014179509921965759
12.0,739.0,0.009426493798617108
12.0,740.0,0.004705304100700149
12.0,741.0,0.0
13.0,0.0,0.0
13.0,1.0,0.0012791027550963468
13.0,2.0,0.002562524589935526
13.0,3.0,0.0038545986639422106
13.0,4.0,0.005159688270501252
13.0,5.0,0.006482199141845441
13.0,6.0,0.007826597677937901
13.0,7.0,0.009197421679132319
13.0,8.0,0.010599300952851892
13.0,9.0,0.012036966682371579
13.0,10.0,0.013515274620722195
13.0,11.0,0.015039213312857508
13.0,12.0,0.016613930095634194
13.0,13.0,0.01824473840284753
13.0,14.0,0.01993714680295003
13.0,15.0,0.021696865632217698
13.0,16.0,0.023529839318353323
13.0,17.0,0.025442252606712772
13.0,18.0,0.027440566438462644
13.0,19.0,0.02953152405877991
13.0,20.0,0.031722190743271664
13.0,21.0,0.03401996010590188
13.0,22.0,0.03643259799753087
13.0,23.0,0.03896824936569644
13.0,24.0,0.04163548668514101
13.0,25.0,0.044443317762323964
13.0,26.0,0.04740123910060888
13.0,27.0,0.05051924509055775
13.0,28.0,0.053807886763213644
13.0,29.0,0.057278282864130094
13.0,30.0,0.06094218450835707
13.0,31.0,0.06481198870341816
13.0,32.0,0.06890080949100386
13.0,33.0,0.07322249456375891
13.0,34.0,0.07779170356358152
13.0,35.0,0.08262392853167598
13.0,36.0,0.08773558013460897
13.0,37.0,0.09314401279983352
13.0,38.0,0.0988676197618745
13.0,39.0,0.10492586387050228
13.0,40.0,0.11133938249518457
13.0,41.0,0.11813002515544017
13.0,42.0,0.12532096949782115
13.0,43.0,0.13293676709428132
13.0,44.0,0.1410034719198725
13.0,45.0,0.14954869590362416
13.0,46.0,0.1586017515963684
13.0,47.0,0.16819371935043817
13.0,48.0,0.17835760618782384
13.0,49.0,0.1891284268438547
13.0,50.0,0.20054338124203328
13.0,51.0,0.21264195208073744
13.0,52.0,0.22546610381302903
13.0,53.0,0.2390604000075952
13.0,54.0,0.2534722273461486
13.0,55.0,0.26875193668061204
13.0,56.0,0.28495309633200877
13.0,57.0,0.30213266163479846
13.0,58.0,0.3203512627945742
13.0,59.0,0.33967340880914565
13.0,60.0,0.3601678163770522
13.0,61.0,0.38190765548117867
13.0,62.0,0.4049709274136498
13.0,63.0,0.429440761090367
13.0,64.0,0.455405850272229
13.0,65.0,0.4829608119649181
13.0,66.0,0.5122066955057085
13.0,67.0,0.5432514173459407
13.0,68.0,0.5762103580133713
13.0,69.0,0.6112068913773316
13.0,70.0,0.6483730898204504
13.0,71.0,0.6878503710138906
13.0,72.0,0.7297903372428314
13.0,73.0,0.7743555691179158
13.0,74.0,0.8217206322908727
13.0,75.0,0.8720730558467779
13.0,76.0,0.92561454912706
13.0,77.0,0.9825622133567681
13.0,78.0,1.0431500236011684
13.0,79.0,1.1076303361918873
13.0,80.0,1.1762757067576461
13.0,81.0,1.249380774061558
13.0,82.0,1.3272645054510173
13.0,83.0,1.4102725607083149
13.0,84.0,1.498780082032763
13.0,85.0,1.5931946702069464
13.0,86.0,1.6939598679034928
13.0,87.0,1.8015589150300955
13.0,88.0,1.9165191112352682
13.0,89.0,2.03941655616455
13.0,90.0,2.170881616369259
13.0,91.0,2.311604893819953
13.0,92.0,2.462344054871416
13.0,93.0,2.6239312924022853
13.0,94.0,2.7972817781950416
13.0,95.0,2.9834028578566176
13.0,96.0,3.183404314978417
13.0,97.0,3.3985093940450017
13.0,98.0,3.6300668155391818
13.0,99.0,3.8795633195278194
13.0,100.0,4.1486367485174425
13.0,101.0,4.439088871550253
13.0,102.0,4.752897487010276
13.0,103.0,5.092226332517463
13.0,104.0,5.459431415937519
13.0,105.0,5.8570610439065405
13.0,106.0,6.287846524214999
13.0,107.0,6.754678738756479
13.0,108.0,7.260565060966461
13.0,109.0,7.808559011403987
13.0,110.0,8.401654380361096
13.0,111.0,9.04263422811175
13.0,112.0,9.733866520565687
13.0,113.0,10.477040767439775
13.0,114.0,11.272847911591867
13.0,115.0,12.120617747235244
13.0,116.0,13.017947506725765
13.0,117.0,13.960377783807948
13.0,118.0,14.941194622806535
13.0,119.0,15.951446041970204
13.0,120.0,16.980245770337497
13.0,121.0,18.01538333571875
13.0,122.0,19.04417599328472
13.0,123.0,20.054413246887908
13.0,124.0,21.03520877756534
13.0,125.0,21.977610531356948
13.0,126.0,22.874904455912805
13.0,127.0,23.722631023506548
13.0,128.0,24.518387319792023
13.0,129.0,25.261502966545862
13.0,130.0,25.95266870783767
13.0,131.0,26.59357382755801
13.0,132.0,27.186586037944636
13.0,133.0,27.734488116871212
13.0,134.0,28.24027354249148
13.0,135.0,28.70699549239206
13.0,136.0,29.13766096497559
13.0,137.0,29.535160433711138
13.0,138.0,29.90222476311174
13.0,139.0,30.241401780090236
13.0,140.0,30.555046974624457
13.0,141.0,30.84532352639508
13.0,142.0,31.114208633791357
13.0,143.0,31.363503421585882
13.0,144.0,31.594845041417333
13.0,145.0,31.809719493288224
13.0,146.0,32.00947470573638
13.0,147.0,32.195333076388025
13.0,148.0,32.36840348396739
13.0,149.0,32.529692307671624
13.0,150.0,32.68011368776222
13.0,151.0,32.820498716370665
13.0,152.0,32.951603885761
13.0,153.0,33.07411854567664
13.0,154.0,33.188671727546044
13.0,155.0,33.29583810740822
13.0,156.0,33.39614346730547
13.0,157.0,33.49006942901366
13.0,158.0,33.57805781013262
13.0,159.0,33.66051437179254
13.0,160.0,33.73781229446823
13.0,161.0,33.81029514517865
13.0,162.0,33.87827965867699
13.0,163.0,33.942058090739124
13.0,164.0,34.0019004532424
13.0,165.0,34.058056385511996
13.0,166.0,34.110756960048036
13.0,167.0,34.16021617511398
13.0,168.0,34.20663242200845
13.0,169.0,34.25018967898025
13.0,170.0,34.29105871041367
13.0,171.0,34.32939802396489
13.0,172.0,34.3653548559549
13.0,173.0,34.39906593942871
13.0,174.0,34.430658317533194
13.0,175.0,34.460249959152286
13.0,176.0,34.48795043229547
13.0,177.0,34.51386139533403
13.0,178.0,34.538077154782464
13.0,179.0,34.56068505336082
13.0,180.0,34.58176593048641
13.0,181.0,34.60139442294323
13.0,182.0,34.619639341494405
13.0,183.0,34.63656389547958
13.0,184.0,34.65222599488166
13.0,185.0,34.666678406408806
13.0,186.0,34.67996898685487
13.0,187.0,34.692140774947916
13.0,188.0,34.70323215877005
13.0,189.0,34.71327690476023
13.0,190.0,34.72230425926164
13.0,191.0,34.73033891359461
13.0,192.0,34.73740103763788
13.0,193.0,34.74350617815805
13.0,194.0,34.74866522125183
13.0,195.0,34.75288422099703
13.0,196.0,34.756164288896926
13.0,197.0,34.75850135333848
13.0,198.0,34.75988598068497
13.0,199.0,34.76030307697414
13.0,200.0,34.759731662594675
13.0,201.0,34.758144553864255
13.0,202.0,34.75550815181738
13.0,203.0,34.751782196786905
13.0,204.0,34.746919709907786
13.0,205.0,34.740867021316205
13.0,206.0,34.7335641474284
13.0,207.0,34.724945481903305
13.0,208.0,34.714941128668684
13.0,209.0,34.703478927097194
13.0,210.0,34.690487570676616
13.0,211.0,34.67590093128914
13.0,212.0,34.65966398419639
13.0,213.0,34.64174033813937
13.0,214.0,34.6221214605353
13.0,215.0,34.60083703860384
13.0,216.0,34.57796566419428
13.0,217.0,34.553644091535
13.0,218.0,34.52807295927402
13.0,219.0,34.50151631407788
13.0,220.0,34.474292994813595
13.0,221.0,34.44675919488085
13.0,222.0,34.41928417914931
13.0,223.0,34.39222328915649
13.0,224.0,34.36589365581248
13.0,225.0,34.34055675827252
13.0,226.0,34.31640979537403
13.0,227.0,34.29358520221704
13.0,228.0,34.27215635080384
13.0,229.0,34.25214679701041
13.0,230.0,34.23354093511388
13.0,231.0,34.21629434407273
13.0,232.0,34.200342973176014
13.0,233.0,34.18561065280642
13.0,234.0,34.17201497016453
13.0,235.0,34.15947156917083
13.0,236.0,34.147897209567994
13.0,237.0,34.13721176198835
13.0,238.0,34.127339470364056
13.0,239.0,34.118209606197745
13.0,240.0,34.10975676326756
13.0,241.0,34.101920841511436
13.0,242.0,34.09464689289195
13.0,243.0,34.087884822781234
13.0,244.0,34.081589068702385
13.0,245.0,34.07571821830923
13.0,246.0,34.070234657984955
13.0,247.0,34.065104198706095
13.0,248.0,34.060295753060785
13.0,249.0,34.05578100442134
13.0,250.0,34.051534131935014
13.0,251.0,34.04753153175453
13.0,252.0,34.04375159175005
13.0,253.0,34.040174462022385
13.0,254.0,34.03678187393998
13.0,255.0,34.0335569530195
13.0,256.0,34.03048407477742
13.0,257.0,34.02754871228255
13.0,258.0,34.024737321383775
13.0,259.0,34.02203721583108
13.0,260.0,34.01943647532765
13.0,261.0,34.016923842145566
13.0,262.0,34.014488646524356
13.0,263.0,34.01212071976262
13.0,264.0,34.00981033248293
13.0,265.0,34.00754812009849
13.0,266.0,34.00532503029157
13.0,267.0,34.003132257486854
13.0,268.0,34.00096119652756
13.0,269.0,33.99880338333221
13.0,270.0,33.996650452209096
13.0,271.0,33.99449408024478
13.0,272.0,33.9923259459893
13.0,273.0,33.990137675339696
13.0,274.0,33.98792079946885
13.0,275.0,33.98566670003607
13.0,276.0,33.983366564230245
13.0,277.0,33.981011327066184
13.0,278.0,33.97859162126728
13.0,279.0,33.9760977141865
13.0,280.0,33.97351944995758
13.0,281.0,33.97084617820305
13.0,282.0,33.96806668542126
13.0,283.0,33.96516911209399
13.0,284.0,33.96214086963432
13.0,285.0,33.95896854176839
13.0,286.0,33.95563778253659
13.0,287.0,33.95213319690044
13.0,288.0,33.948438214285744
13.0,289.0,33.944534942304486
13.0,290.0,33.940404009248546
13.0,291.0,33.93602438377986
13.0,292.0,33.93137317889035
13.0,293.0,33.926425429813854
13.0,294.0,33.92115385188858
13.0,295.0,33.915528569716614
13.0,296.0,33.909516823471265
13.0,297.0,33.90308264646069
13.0,298.0,33.896186521558846
13.0,299.0,33.88878501584422
13.0,300.0,33.88083040662745
13.0,301.0,33.872270308499786
13.0,302.0,33.86304732742926
13.0,303.0,33.85309877140567
13.0,304.0,33.84235646948346
13.0,305.0,33.830746765000406
13.0,306.0,33.8181907811679
13.0,307.0,33.80460508461738
13.0,308.0,33.78990291627145
13.0,309.0,33.77399619547732
13.0,310.0,33.75679854499737
13.0,311.0,33.73822959959518
13.0,312.0,33.71822084490752
13.0,313.0,33.696723136314176
13.0,314.0,33.67371584480442
13.0,315.0,33.64921721056475
13.0,316.0,33.62329495457786
13.0,317.0,33.596075531850566
13.0,318.0,33.567749785734705
13.0,319.0,33.53857246942696
13.0,320.0,33.508853567419564
13.0,321.0,33.4789408576292
13.0,322.0,33.44919557013243
13.0,323.0,33.41996539358626
13.0,324.0,33.39156013385301
13.0,325.0,33.364234275099065
13.0,326.0,33.338178300910236
13.0,327.0,33.31351821371858
13.0,328.0,33.290321188550784
13.0,329.0,33.268604823115254
13.0,330.0,33.24834774857044
13.0,331.0,33.22949997886521
13.0,332.0,33.21199205548661
13.0,333.0,33.19574256092291
13.0,334.0,33.18066395608811
13.0,335.0,33.1666668822739
13.0,336.0,33.15366318431152
13.0,337.0,33.14156790675843
13.0,338.0,33.13030052249336
13.0,339.0,33.119785586899205
13.0,340.0,33.109953000647266
13.0,341.0,33.100737992009286
13.0,342.0,33.09208093246267
13.0,343.0,33.083927034733804
13.0,344.0,33.076226002699656
13.0,345.0,33.068931643957896
13.0,346.0,33.06200149074903
13.0,347.0,33.055396418022795
13.0,348.0,33.04908029366333
13.0,349.0,33.0430196371258
13.0,350.0,33.03718331820526
13.0,351.0,33.03154226460111
13.0,352.0,33.02606921062122
13.0,353.0,33.020738450453145
13.0,354.0,33.015525630990496
13.0,355.0,33.01040754337895
13.0,356.0,33.00536195195981
13.0,357.0,33.000367415786556
13.0,358.0,32.99540314565109
13.0,359.0,32.99044884773997
13.0,360.0,32.98548460146354
13.0,361.0,32.98049071829773
13.0,362.0,32.97544763403954
13.0,363.0,32.970335776737954
13.0,364.0,32.96513546777538
13.0,365.0,32.95982679345458
13.0,366.0,32.95438950984584
13.0,367.0,32.94880291299897
13.0,368.0,32.94304574276026
13.0,369.0,32.93709604669567
13.0,370.0,32.93093107805263
13.0,371.0,32.92452714829597
13.0,372.0,32.91785951404917
13.0,373.0,32.91090221263549
13.0,374.0,32.90362793214984
13.0,375.0,32.896007823523384
13.0,376.0,32.88801134680097
13.0,377.0,32.87960605194752
13.0,378.0,32.87075739286368
13.0,379.0,32.8614284673408
13.0,380.0,32.85157978824351
13.0,381.0,32.84116897059075
13.0,382.0,32.830150446551954
13.0,383.0,32.818475084466
13.0,384.0,32.80608983072265
13.0,385.0,32.792937241526
13.0,386.0,32.77895503029321
13.0,387.0,32.76407548810984
13.0,388.0,32.74822491005088
13.0,389.0,32.731322874787864
13.0,390.0,32.713281517678425
13.0,391.0,32.69400463466774
13.0,392.0,32.6733867654087
13.0,393.0,32.65131208350416
13.0,394.0,32.62765325243637
13.0,395.0,32.60227006798703
13.0,396.0,32.575008060224945
13.0,397.0,32.54569687454833
13.0,398.0,32.51414862861965
13.0,399.0,32.48015607602022
13.0,400.0,32.44349081596969
13.0,401.0,32.40390141689071
13.0,402.0,32.36111177173465
13.0,403.0,32.31481963801986
13.0,404.0,32.26469582361904
13.0,405.0,32.21038413880438
13.0,406.0,32.15150282097982
13.0,407.0,32.08764783817978
13.0,408.0,32.01839914691928
13.0,409.0,31.943330699160693
13.0,410.0,31.862025678016465
13.0,411.0,31.774098028284794
13.0,412.0,31.679221769404137
13.0,413.0,31.577168579552712
13.0,414.0,31.467853652067564
13.0,415.0,31.351387456198513
13.0,416.0,31.228128931401613
13.0,417.0,31.098731750371773
13.0,418.0,30.964172736964382
13.0,419.0,30.82574947578895
13.0,420.0,30.68503707670535
13.0,421.0,30.543800994018536
13.0,422.0,30.403875489351215
13.0,423.0,30.2670286801552
13.0,424.0,30.134841015153707
13.0,425.0,30.008618105679854
13.0,426.0,29.88934752802793
13.0,427.0,29.777696457649057
13.0,428.0,29.674040150655586
13.0,429.0,29.578508244550907
13.0,430.0,29.491038042583767
13.0,431.0,29.411426326270114
13.0,432.0,29.33937532943015
13.0,433.0,29.274530389465706
13.0,434.0,29.216509406927862
13.0,435.0,29.164924460378792
13.0,436.0,29.11939721954111
13.0,437.0,29.079569055924356
13.0,438.0,29.045107511248155
13.0,439.0,29.015709726628607
13.0,440.0,28.99110411382847
13.0,441.0,28.97105045830139
13.0,442.0,28.955339390876404
13.0,443.0,28.943791108081523
13.0,444.0,28.93625405691203
13.0,445.0,28.93260327276284
13.0,446.0,28.93273896718104
13.0,447.0,28.936584945754454
13.0,448.0,28.944087397780578
13.0,449.0,28.95521357839223
13.0,450.0,28.969950905396143
13.0,451.0,28.98830595807703
13.0,452.0,29.010303899121332
13.0,453.0,29.03598778681022
13.0,454.0,29.065418306305634
13.0,455.0,29.098673373593623
13.0,456.0,29.135848152445575
13.0,457.0,29.177054927512504
13.0,458.0,29.222423386913597
13.0,459.0,29.272100748547093
13.0,460.0,29.326252296839094
13.0,461.0,29.385061756180473
13.0,462.0,29.448732081016512
13.0,463.0,29.5174860815782
13.0,464.0,29.59156747822999
13.0,465.0,29.67124179691729
13.0,466.0,29.75679771149364
13.0,467.0,29.848548239824645
13.0,468.0,29.9468324121793
13.0,469.0,30.052016814382792
13.0,470.0,30.164497637099316
13.0,471.0,30.284702630770965
13.0,472.0,30.413093610837443
13.0,473.0,30.550168911673428
13.0,474.0,30.696466447873206
13.0,475.0,30.852566782559144
13.0,476.0,31.01909687654154
13.0,477.0,31.196733922145395
13.0,478.0,31.38620995247451
13.0,479.0,31.588316637643153
13.0,480.0,31.803910978087853
13.0,481.0,32.033921318542475
13.0,482.0,32.279354415239204
13.0,483.0,32.541302997067575
13.0,484.0,32.82095457942604
13.0,485.0,33.11960099425626
13.0,486.0,33.43864942503335
13.0,487.0,33.779634438275664
13.0,488.0,34.1442318330937
13.0,489.0,34.53427383139719
13.0,490.0,34.951766461482215
13.0,491.0,35.398908684703734
13.0,492.0,35.87811413657205
13.0,493.0,36.39203503826938
13.0,494.0,36.94358913069881
13.0,495.0,37.535989135439834
13.0,496.0,38.17277548369588
13.0,497.0,38.857851630723516
13.0,498.0,39.59552238424203
13.0,499.0,40.3905340883621
13.0,500.0,41.24811636450657
13.0,501.0,42.17402319575443
13.0,502.0,43.174571526603046
13.0,503.0,44.25667302411075
13.0,504.0,45.42785420220409
13.0,505.0,46.69625656414168
13.0,506.0,48.070606708795005
13.0,507.0,49.56014141641475
13.0,508.0,51.17446963592282
13.0,509.0,52.923347435660965
13.0,510.0,54.81633903928849
13.0,511.0,56.862333679391476
13.0,512.0,59.068891466357535
13.0,513.0,61.44140068257397
13.0,514.0,63.98205325342773
13.0,515.0,66.6886845361198
13.0,516.0,69.55358461190431
13.0,517.0,72.56246128863785
13.0,518.0,75.69380658905085
13.0,519.0,78.9189496702959
13.0,520.0,82.20302857195831
13.0,521.0,85.50694253806509
13.0,522.0,88.79007796450583
13.0,523.0,92.0133309021367
13.0,524.0,95.14183298839235
13.0,525.0,98.14690375621286
13.0,526.0,101.0070223344505
13.0,527.0,103.7078803408811
13.0,528.0,106.24174829054007
13.0,529.0,108.60643855752645
13.0,530.0,110.8041165540638
13.0,531.0,112.84014046320644
13.0,532.0,114.72203656210921
13.0,533.0,116.45865644316866
13.0,534.0,118.05952269887172
13.0,535.0,119.53434568333999
13.0,536.0,120.89268432567746
13.0,537.0,122.14372096705632
13.0,538.0,123.29612308415832
13.0,539.0,124.35796823648512
13.0,540.0,125.33671386407714
13.0,541.0,126.23919726283289
13.0,542.0,127.07165535138975
13.0,543.0,127.83975623171514
13.0,544.0,128.54863737754445
13.0,545.0,129.20294647906925
13.0,546.0,129.8068827125468
13.0,547.0,130.36423663859367
13.0,548.0,130.87842799192782
13.0,549.0,131.35254065587856
13.0,550.0,131.7893547763755
13.0,551.0,132.19137581864285
13.0,552.0,132.56086079913314
13.0,553.0,132.89984171621626
13.0,554.0,133.21014648873987
13.0,555.0,133.4934175103874
13.0,556.0,133.75112811404244
13.0,557.0,133.9845970798942
13.0,558.0,134.19500142903308
13.0,559.0,134.3833876405081
13.0,560.0,134.5506814688071
13.0,561.0,134.6976964991158
13.0,562.0,134.825141551189
13.0,563.0,134.93362707054362
13.0,564.0,135.0236705545094
13.0,565.0,135.09570115734408
13.0,566.0,135.1500634625237
13.0,567.0,135.18702057614942
13.0,568.0,135.20675647371908
13.0,569.0,135.20937776741255
13.0,570.0,135.1949147729979
13.0,571.0,135.1633220591122
13.0,572.0,135.11447830659148
13.0,573.0,135.04818567743115
13.0,574.0,134.96416847027422
13.0,575.0,134.8620712788671
13.0,576.0,134.74145637918014
13.0,577.0,134.60180057731094
13.0,578.0,134.44249119114465
13.0,579.0,134.26282141113592
13.0,580.0,134.0619846578074
13.0,581.0,133.83906819087534
13.0,582.0,133.59304552843284
13.0,583.0,133.32276793574977
13.0,584.0,133.02695447822742
13.0,585.0,132.70418089697972
13.0,586.0,132.35286673264403
13.0,587.0,131.97126094928694
13.0,588.0,131.55742541138406
13.0,589.0,131.1092164564058
13.0,590.0,130.62426384492736
13.0,591.0,130.09994732732088
13.0,592.0,129.5333700532101
13.0,593.0,128.92132908608204
13.0,594.0,128.26028224036529
13.0,595.0,127.54631159984311
13.0,596.0,126.77508304014198
13.0,597.0,125.94180238040192
13.0,598.0,125.04116784379656
13.0,599.0,124.06732008021451
13.0,600.0,123.01379030529627
13.0,601.0,121.8734491618763
13.0,602.0,120.6384587351764
13.0,603.0,119.3002330377823
13.0,604.0,117.8494130733933
13.0,605.0,116.27586681898694
13.0,606.0,114.56872676901769
13.0,607.0,112.71648371580687
13.0,608.0,110.70715940335528
13.0,609.0,108.52858795669671
13.0,610.0,106.16883968818286
13.0,611.0,103.61682513070676
13.0,612.0,100.86311276781638
13.0,613.0,97.90098250038827
13.0,614.0,94.72770634048649
13.0,615.0,91.34599874523245
13.0,616.0,87.76550250144479
13.0,617.0,84.00408502866465
13.0,618.0,80.08863023662227
13.0,619.0,76.05497241879839
13.0,620.0,71.94668150325114
13.0,621.0,67.81262267996536
13.0,622.0,63.703548870257215
13.0,623.0,59.66832261432247
13.0,624.0,55.75050852768969
13.0,625.0,51.985932917379394
13.0,626.0,48.40146899373053
13.0,627.0,45.0149707412709
13.0,628.0,41.836064710691154
13.0,629.0,38.867446287049646
13.0,630.0,36.106365481675894
13.0,631.0,33.54607721812732
13.0,632.0,31.177121904987562
13.0,633.0,28.988378840211393
13.0,634.0,26.96788379041447
13.0,635.0,25.103432945635
13.0,636.0,23.383006543192216
13.0,637.0,21.79505020028591
13.0,638.0,20.32864735148681
13.0,639.0,18.973612911417437
13.0,640.0,17.720530565915237
13.0,641.0,16.560752612286734
13.0,642.0,15.486374729877683
13.0,643.0,14.490196295006271
13.0,644.0,13.565672058673336
13.0,645.0,12.706860805083512
13.0,646.0,11.908373103860711
13.0,647.0,11.165321091207831
13.0,648.0,10.473270488172325
13.0,649.0,9.828196465282142
13.0,650.0,9.226442659955275
13.0,651.0,8.664684353997421
13.0,652.0,8.139894733785091
13.0,653.0,7.6493149999133445
13.0,654.0,7.1904271169588085
13.0,655.0,6.760929898753074
13.0,656.0,6.358717202536367
13.0,657.0,5.98185892845641
13.0,658.0,5.628583627727068
13.0,659.0,5.297263443026989
13.0,660.0,4.986400230057667
13.0,661.0,4.694613615956049
13.0,662.0,4.420629890950123
13.0,663.0,4.163272517363847
13.0,664.0,3.9214531963825014
13.0,665.0,3.694164298460289
13.0,666.0,3.4804716369127453
13.0,667.0,3.2795084053281562
13.0,668.0,3.090469292765435
13.0,669.0,2.9126056057215894
13.0,670.0,2.7452204413211607
13.0,671.0,2.5876647435783524
13.0,672.0,2.439333314612208
13.0,673.0,2.29966161097446
13.0,674.0,2.1681224221519906
13.0,675.0,2.0442232559645297
13.0,676.0,1.9275035515315653
13.0,677.0,1.8175325360134487
13.0,678.0,1.7139068683806933
13.0,679.0,1.616248875363271
13.0,680.0,1.5242045447958104
13.0,681.0,1.4374420683464078
13.0,682.0,1.3556501205005396
13.0,683.0,1.2785366508484994
13.0,684.0,1.205827398127838
13.0,685.0,1.1372648866190496
13.0,686.0,1.0726071350182274
13.0,687.0,1.0116268206329344
13.0,688.0,0.9541101509092108
13.0,689.0,0.8998561662489417
13.0,690.0,0.8486757483048235
13.0,691.0,0.8003910378246314
13.0,692.0,0.7548345587620235
13.0,693.0,0.7118487319475325
13.0,694.0,0.6712850979525024
13.0,695.0,0.6330039108622009
13.0,696.0,0.5968734459112647
13.0,697.0,0.5627696603976942
13.0,698.0,0.5305755745616101
13.0,699.0,0.5001809888880638
13.0,700.0,0.4714819286650337
13.0,701.0,0.4443804086991255
13.0,702.0,0.41878393356978016
13.0,703.0,0.3946053022182037
13.0,704.0,0.37176215719452776
13.0,705.0,0.35017682274853135
13.0,706.0,0.3297758974081692
13.0,707.0,0.3104901201564202
13.0,708.0,0.2922540015321355
13.0,709.0,0.2750057132638104
13.0,710.0,0.25868675378517914
13.0,711.0,0.24324185734746548
13.0,712.0,0.22861869042227584
13.0,713.0,0.21476777685521523
13.0,714.0,0.2016422221106667
13.0,715.0,0.18919765148218612
13.0,716.0,0.1773919595360006
13.0,717.0,0.16618525877356077
13.0,718.0,0.15553965196747693
13.0,719.0,0.14541918899186215
13.0,720.0,0.13578966002738724
13.0,721.0,0.12661855854579324
13.0,722.0,0.11787489359887672
13.0,723.0,0.10952915717291872
13.0,724.0,0.10155315397696053
13.0,725.0,0.09391997157738866
13.0,726.0,0.0866038262696326
13.0,727.0,0.07958003456797746
13.0,728.0,0.07282487388645792
13.0,729.0,0.06631555409833127
13.0,730.0,0.060030091870188915
13.0,731.0,0.05394728112278113
13.0,732.0,0.048046579960208224
13.0,733.0,0.0423080789616482
13.0,734.0,0.036712399727313
13.0,735.0,0.03124066001124893
13.0,736.0,0.025874382969440664
13.0,737.0,0.020595458208940088
13.0,738.0,0.015386060872546943
13.0,739.0,0.010228607730401589
13.0,740.0,0.0051056852711883795
13.0,741.0,0.0
14.0,0.0,0.0
14.0,1.0,0.0013786171752668734
14.0,2.0,0.002761888901536241
14.0,3.0,0.004154485935953161
14.0,4.0,0.0055611094270849575
14.0,5.0,0.006986509356530311
14.0,6.0,0.008435496919308061
14.0,7.0,0.00991296541733339
14.0,8.0,0.011423901055441579
14.0,9.0,0.012973406508136094
14.0,10.0,0.01456671035959605
14.0,11.0,0.01620919357341884
14.0,12.0,0.017906397816201326
14.0,13.0,0.019664055071805804
14.0,14.0,0.02148809510298476
14.0,15.0,0.02338467846724321
14.0,16.0,0.025360203389794996
14.0,17.0,0.027421342457710968
14.0,18.0,0.029575049200641426
14.0,19.0,0.03182859876406068
14.0,20.0,0.034189594522160936
14.0,21.0,0.036666013060177555
14.0,22.0,0.03926621117727623
14.0,23.0,0.04199897554285586
14.0,24.0,0.044873530486887574
14.0,25.0,0.04789959273659856
14.0,26.0,0.05108738043853751
14.0,27.0,0.05444767343120626
14.0,28.0,0.057991823998312056
14.0,29.0,0.061731823191052804
14.0,30.0,0.06568031387704899
14.0,31.0,0.0698506636947453
14.0,32.0,0.07425698103923106
14.0,33.0,0.07891419531264127
14.0,34.0,0.08383807657876577
14.0,35.0,0.0890453238699767
14.0,36.0,0.09455358935006176
14.0,37.0,0.10038157555328339
14.0,38.0,0.10654906502285504
14.0,39.0,0.11307702749529529
14.0,40.0,0.1199876561349439
14.0,41.0,0.12730448584192164
14.0,42.0,0.13505243738681053
14.0,43.0,0.14325794821975185
14.0,44.0,0.1519490260312028
14.0,45.0,0.16115539368125253
14.0,46.0,0.17090855398153604
14.0,47.0,0.18124195065825835
14.0,48.0,0.19219104647881455
14.0,49.0,0.20379350252278253
14.0,50.0,0.2160892721798512
14.0,51.0,0.2291208014475053
14.0,52.0,0.24293314182416406
14.0,53.0,0.2575741749027536
14.0,54.0,0.2730947477998422
14.0,55.0,0.2895489259995746
14.0,56.0,0.3069941557287851
14.0,57.0,0.3254915498630707
14.0,58.0,0.345106082621696
14.0,59.0,0.3659069144250793
14.0,60.0,0.3879676254965802
14.0,61.0,0.41136658692073774
14.0,62.0,0.43618724127272945
14.0,63.0,0.4625185288501063
14.0,64.0,0.49045522539669445
14.0,65.0,0.5200984346717674
14.0,66.0,0.5515559958120978
14.0,67.0,0.5849430561962043
14.0,68.0,0.6203825641488563
14.0,69.0,0.6580059396270991
14.0,70.0,0.6979536720110172
14.0,71.0,0.7403761107026409
14.0,72.0,0.7854341929121701
14.0,73.0,0.8333003820967465
14.0,74.0,0.8841595572496646
14.0,75.0,0.9382101345523893
14.0,76.0,0.9956651580764385
14.0,77.0,1.0567536494798078
14.0,78.0,1.1217219506633
14.0,79.0,1.190835358254203
14.0,80.0,1.264379782064884
14.0,81.0,1.3426637358940559
14.0,82.0,1.4260203919790952
14.0,83.0,1.5148100175601698
14.0,84.0,1.6094225249598575
14.0,85.0,1.7102804641541662
14.0,86.0,1.8178421899430377
14.0,87.0,1.9326055430471578
14.0,88.0,2.055111777621888
14.0,89.0,2.1859500832466368
14.0,90.0,2.32576243177565
14.0,91.0,2.4752491010260393
14.0,92.0,2.635174596499314
14.0,93.0,2.8063743156489123
14.0,94.0,2.9897616503749878
14.0,95.0,3.186335840508147
14.0,96.0,3.3971902143045423
14.0,97.0,3.6235210482911535
14.0,98.0,3.866636555712672
14.0,99.0,4.127966062796977
14.0,100.0,4.409068630371231
14.0,101.0,4.711640839757907
14.0,102.0,5.037522530551209
14.0,103.0,5.388699589355076
14.0,104.0,5.76730176124289
14.0,105.0,6.175593552319795
14.0,106.0,6.615954924159638
14.0,107.0,7.09084836811966
14.0,108.0,7.6027674487939025
14.0,109.0,8.15416187406997
14.0,110.0,8.747333104711629
14.0,111.0,9.384295581802945
14.0,112.0,10.066599644984873
14.0,113.0,10.795116589726502
14.0,114.0,11.569792035681257
14.0,115.0,12.38938404435946
14.0,116.0,13.251214075919918
14.0,117.0,14.150972731097513
14.0,118.0,15.082631351554904
14.0,119.0,16.038511448886144
14.0,120.0,17.009547202812467
14.0,121.0,17.985741844197108
14.0,122.0,18.95676997829173
14.0,123.0,19.912634810157414
14.0,124.0,20.844270467823492
14.0,125.0,21.74399838511782
14.0,126.0,22.605789799598178
14.0,127.0,23.42533518118429
14.0,128.0,24.19995583206338
14.0,129.0,24.928409628054208
14.0,130.0,25.6106419747621
14.0,131.0,26.247523924488615
14.0,132.0,26.840605543748552
14.0,133.0,27.391900969568493
14.0,134.0,27.903711326665455
14.0,135.0,28.378485953694952
14.0,136.0,28.818718011536433
14.0,137.0,29.226869551913442
14.0,138.0,29.605320059285305
14.0,139.0,29.956333523463393
14.0,140.0,30.282039132191038
14.0,141.0,30.58442217171936
14.0,142.0,30.86532183607768
14.0,143.0,31.126434013504937
14.0,144.0,31.369317021660212
14.0,145.0,31.595399390853228
14.0,146.0,31.80598848266494
14.0,147.0,32.00227966314127
14.0,148.0,32.18536528775166
14.0,149.0,32.35624355769887
14.0,150.0,32.515826756357285
14.0,151.0,32.66494909868735
14.0,152.0,32.80437382901447
14.0,153.0,32.93479988060766
14.0,154.0,33.05686779191702
14.0,155.0,33.17116522484827
14.0,156.0,33.27823180522927
14.0,157.0,33.37856363853207
14.0,158.0,33.47261722994205
14.0,159.0,33.5608131581735
14.0,160.0,33.64353923393926
14.0,161.0,33.72115348402804
14.0,162.0,33.793986691186674
14.0,163.0,33.862344820730556
14.0,164.0,33.92651106300536
14.0,165.0,33.986747812464685
14.0,166.0,34.04329831197651
14.0,167.0,34.09638827342393
14.0,168.0,34.14622720358818
14.0,169.0,34.193009737311826
14.0,170.0,34.236916708230275
14.0,171.0,34.27811625061904
14.0,172.0,34.31676466479137
14.0,173.0,34.35300733167292
14.0,174.0,34.386979411861496
14.0,175.0,34.41880660730242
14.0,176.0,34.448605724363155
14.0,177.0,34.47648530926615
14.0,178.0,34.50254609862815
14.0,179.0,34.52688154913142
14.0,180.0,34.54957819343081
14.0,181.0,34.5707160795575
14.0,182.0,34.59036904558962
14.0,183.0,34.60860508020173
14.0,184.0,34.62548652577758
14.0,185.0,34.64107036813088
14.0,186.0,34.65540837463685
14.0,187.0,34.668547318322325
14.0,188.0,34.680529055023
14.0,189.0,34.691390684750516
14.0,190.0,34.701164569897614
14.0,191.0,34.70987843518835
14.0,192.0,34.71755532783789
14.0,193.0,34.7242136569409
14.0,194.0,34.72986709694504
14.0,195.0,34.734524569053754
14.0,196.0,34.7381900928499
14.0,197.0,34.740862718217215
14.0,198.0,34.74253633925426
14.0,199.0,34.743199599156334
14.0,200.0,34.74283570076737
14.0,201.0,34.74142233547192
14.0,202.0,34.73893156439135
14.0,203.0,34.73532987625959
14.0,204.0,34.730578285095994
14.0,205.0,34.72463271552106
14.0,206.0,34.71744458098763
14.0,207.0,34.70896183912353
14.0,208.0,34.699130481328645
14.0,209.0,34.687896778643214
14.0,210.0,34.67521027758722
14.0,211.0,34.66102786152494
14.0,212.0,34.64531881816974
14.0,213.0,34.62807106953895
14.0,214.0,34.609298222160795
14.0,215.0,34.5890471312212
14.0,216.0,34.56740501591728
14.0,217.0,34.54450508520475
14.0,218.0,34.52052906016771
14.0,219.0,34.49570526014921
14.0,220.0,34.47030109680737
14.0,221.0,34.44461009922193
14.0,222.0,34.418934696439436
14.0,223.0,34.393567499473356
14.0,224.0,34.36877408200509
14.0,225.0,34.344779996381256
14.0,226.0,34.32176326208489
14.0,227.0,34.29985243354702
14.0,228.0,34.27912911303256
14.0,229.0,34.25963354865565
14.0,230.0,34.241371736082144
14.0,231.0,34.224322945219555
14.0,232.0,34.20844675222112
14.0,233.0,34.19368922183139
14.0,234.0,34.17998795162491
14.0,235.0,34.167276075053316
14.0,236.0,34.155485228304606
14.0,237.0,34.144547726446724
14.0,238.0,34.13439801752246
14.0,239.0,34.12497365589764
14.0,240.0,34.11621583747984
14.0,241.0,34.108069689718874
14.0,242.0,34.100484317559335
14.0,243.0,34.09341275140731
14.0,244.0,34.08681176645519
14.0,245.0,34.08064168553464
14.0,246.0,34.074866115909934
14.0,247.0,34.06945171013883
14.0,248.0,34.064367892252946
14.0,249.0,34.05958662544136
14.0,250.0,34.05508215945069
14.0,251.0,34.0508308248314
14.0,252.0,34.04681081265963
14.0,253.0,34.043002000573864
14.0,254.0,34.03938576597247
14.0,255.0,34.03594484242698
14.0,256.0,34.03266316323216
14.0,257.0,34.0295257441725
14.0,258.0,34.02651855284936
14.0,259.0,34.02362841311411
14.0,260.0,34.020842895457406
14.0,261.0,34.01815023861924
14.0,262.0,34.0155392567263
14.0,263.0,34.01299927410208
14.0,264.0,34.010520045400426
14.0,265.0,34.00809170020841
14.0,266.0,34.005704672973025
14.0,267.0,34.0033496545
14.0,268.0,34.001017528932
14.0,269.0,33.99869932965287
14.0,270.0,33.99638618092409
14.0,271.0,33.994069255992606
14.0,272.0,33.991739721221954
14.0,273.0,33.98938869437263
14.0,274.0,33.98700718917658
14.0,275.0,33.98458607181403
14.0,276.0,33.98211600387759
14.0,277.0,33.979587395009524
14.0,278.0,33.97699034208412
14.0,279.0,33.97431457579354
14.0,280.0,33.97154939364263
14.0,281.0,33.96868359797723
14.0,282.0,33.96570542003188
14.0,283.0,33.96260244648286
14.0,284.0,33.95936153132226
14.0,285.0,33.95596870750174
14.0,286.0,33.95240908285162
14.0,287.0,33.94866673280585
14.0,288.0,33.94472457601616
14.0,289.0,33.94056424362939
14.0,290.0,33.936165929838886
14.0,291.0,33.93150823298157
14.0,292.0,33.926567976400634
14.0,293.0,33.92132001728557
14.0,294.0,33.91573703466373
14.0,295.0,33.909789304508124
14.0,296.0,33.90344445594364
14.0,297.0,33.89666721777923
14.0,298.0,33.88941915395248
14.0,299.0,33.881658401145685
14.0,300.0,33.8733394152109
14.0,301.0,33.864412748593466
14.0,302.0,33.854824879552744
14.0,303.0,33.84451813241111
14.0,304.0,33.83343073354865
14.0,305.0,33.821497071280575
14.0,306.0,33.808648241130015
14.0,307.0,33.79481298651493
14.0,308.0,33.77991916275677
14.0,309.0,33.76389587787442
14.0,310.0,33.74667646904356
14.0,311.0,33.72820246743618
14.0,312.0,33.70842865154889
14.0,313.0,33.687329188291436
14.0,314.0,33.66490467334627
14.0,315.0,33.64118961333504
14.0,316.0,33.61625953488905
14.0,317.0,33.59023653462892
14.0,318.0,33.56329179814303
14.0,319.0,33.53564361597244
14.0,320.0,33.50754987657244
14.0,321.0,33.479295026375674
14.0,322.0,33.4511728530094
14.0,323.0,33.42346770689401
14.0,324.0,33.396437283907396
14.0,325.0,33.370299585211995
14.0,326.0,33.345225408551165
14.0,327.0,33.32133636375326
14.0,328.0,33.29870738891278
14.0,329.0,33.27737229962722
14.0,330.0,33.257330894104186
14.0,331.0,33.23855643429651
14.0,332.0,33.22100268108441
14.0,333.0,33.20461003400702
14.0,334.0,33.1893105781354
14.0,335.0,33.175032047181176
14.0,336.0,33.161700792142064
14.0,337.0,33.14924391992921
14.0,338.0,33.13759074810403
14.0,339.0,33.12667374288578
14.0,340.0,33.11642905357361
14.0,341.0,33.106796769136736
14.0,342.0,33.09772096163407
14.0,343.0,33.08914960245081
14.0,344.0,33.08103437704636
14.0,345.0,33.073330457496546
14.0,346.0,33.06599623234085
14.0,347.0,33.058993038272575
14.0,348.0,33.05228487665344
14.0,349.0,33.04583815285985
14.0,350.0,33.03962141091172
14.0,351.0,33.033605099870165
14.0,352.0,33.02776133725006
14.0,353.0,33.02206370730102
14.0,354.0,33.016487053863614
14.0,355.0,33.01100730865714
14.0,356.0,33.00560130988246
14.0,357.0,33.00024665594325
14.0,358.0,32.99492154454359
14.0,359.0,32.989604646493305
14.0,360.0,32.98427495977774
14.0,361.0,32.978911698148806
14.0,362.0,32.97349415487705
14.0,363.0,32.968001601155734
14.0,364.0,32.962413154591765
14.0,365.0,32.95670768277879
14.0,366.0,32.9508636718562
14.0,367.0,32.94485913080774
14.0,368.0,32.93867145552507
14.0,369.0,32.93227732939625
14.0,370.0,32.925652578204215
14.0,371.0,32.9187720623463
14.0,372.0,32.911609517544704
14.0,373.0,32.90413743355197
14.0,374.0,32.896326875017
14.0,375.0,32.88814734074539
14.0,376.0,32.8795665581106
14.0,377.0,32.870550315807904
14.0,378.0,32.86106222387733
14.0,379.0,32.85106351136407
14.0,380.0,32.8405127422749
14.0,381.0,32.82936556758569
14.0,382.0,32.817574385243404
14.0,383.0,32.805088033514906
14.0,384.0,32.79185138047065
14.0,385.0,32.77780494278967
14.0,386.0,32.76288438712566
14.0,387.0,32.747020055377114
14.0,388.0,32.73013635729404
14.0,389.0,32.71215118045061
14.0,390.0,32.69297515126226
14.0,391.0,32.6725109067483
14.0,392.0,32.65065220167653
14.0,393.0,32.6272830223847
14.0,394.0,32.60227652490891
14.0,395.0,32.57549398406963
14.0,396.0,32.54678356872561
14.0,397.0,32.515979152443464
14.0,398.0,32.482898981674005
14.0,399.0,32.44734444680712
14.0,400.0,32.409098802646106
14.0,401.0,32.36792614395548
14.0,402.0,32.32357053797311
14.0,403.0,32.27575572003047
14.0,404.0,32.22418535867246
14.0,405.0,32.168544455864826
14.0,406.0,32.10850205794806
14.0,407.0,32.043716066860966
14.0,408.0,31.97384054496214
14.0,409.0,31.898536534315014
14.0,410.0,31.817486924747964
14.0,411.0,31.73041640149719
14.0,412.0,31.637116699458414
14.0,413.0,31.53747744086471
14.0,414.0,31.43152132748263
14.0,415.0,31.319441693199874
14.0,416.0,31.201638043597956
14.0,417.0,31.078743957939725
14.0,418.0,30.951639683247247
14.0,419.0,30.82144237756446
14.0,420.0,30.689468580185615
14.0,421.0,30.557169187589142
14.0,422.0,30.426043382599268
14.0,423.0,30.29754493144583
14.0,424.0,30.172996119406704
14.0,425.0,30.05352275379069
14.0,426.0,29.94001665377417
14.0,427.0,29.833125948071736
14.0,428.0,29.73326770225138
14.0,429.0,29.640655903116585
14.0,430.0,29.555337045995106
14.0,431.0,29.477227798669798
14.0,432.0,29.406150256988198
14.0,433.0,29.341862924154157
14.0,434.0,29.284086045708335
14.0,435.0,29.232521730773755
14.0,436.0,29.186868920219283
14.0,437.0,29.146834413698784
14.0,438.0,29.112140296506514
14.0,439.0,29.08252899537568
14.0,440.0,29.057766136520627
14.0,441.0,29.037642230497358
14.0,442.0,29.021973113248425
14.0,443.0,29.01059997040218
14.0,444.0,29.003388679103086
14.0,445.0,29.00022916103308
14.0,446.0,29.001034351074388
14.0,447.0,29.00573940038633
14.0,448.0,29.014300638224338
14.0,449.0,29.02669487612867
14.0,450.0,29.042918530200968
14.0,451.0,29.062987133616215
14.0,452.0,29.08693468472138
14.0,453.0,29.11481340439839
14.0,454.0,29.146693327717674
14.0,455.0,29.182662311797685
14.0,456.0,29.222825869972482
14.0,457.0,29.26730742563963
14.0,458.0,29.316248383898504
14.0,459.0,29.36980862718829
14.0,460.0,29.42816682274521
14.0,461.0,29.491521161383552
14.0,462.0,29.56008990627895
14.0,463.0,29.63411238458875
14.0,464.0,29.713849792409892
14.0,465.0,29.799586459121258
14.0,466.0,29.891630934410458
14.0,467.0,29.99031755712355
14.0,468.0,30.096007863146394
14.0,469.0,30.209092504518658
14.0,470.0,30.32999303221576
14.0,471.0,30.459164227992883
14.0,472.0,30.59709633454196
14.0,473.0,30.74431788289744
14.0,474.0,30.901398465073513
14.0,475.0,31.068952165031533
14.0,476.0,31.24764099698578
14.0,477.0,31.438179079249174
14.0,478.0,31.64133689635559
14.0,479.0,31.857946394038272
14.0,480.0,32.088906266627376
14.0,481.0,32.33518819937292
14.0,482.0,32.59784343544457
14.0,483.0,32.878010449632974
14.0,484.0,33.176923111934755
14.0,485.0,33.495920143604124
14.0,486.0,33.83645526450377
14.0,487.0,34.200108854052225
14.0,488.0,34.588600539509784
14.0,489.0,35.00380354810576
14.0,490.0,35.447760244001465
14.0,491.0,35.92269968505908
14.0,492.0,36.431056605306715
14.0,493.0,36.97549261977847
14.0,494.0,37.55891899060144
14.0,495.0,38.184521634649535
14.0,496.0,38.855787535694546
14.0,497.0,39.57653296891115
14.0,498.0,40.35093231031006
14.0,499.0,41.183547269498185
14.0,500.0,42.07935452849975
14.0,501.0,43.04377052028608
14.0,502.0,44.08266984198428
14.0,503.0,45.202394036702756
14.0,504.0,46.409744644631274
14.0,505.0,47.71195394254892
14.0,506.0,49.1166232219731
14.0,507.0,50.63161727094339
14.0,508.0,52.26489976993527
14.0,509.0,54.02429335187717
14.0,510.0,55.91714560993981
14.0,511.0,57.949884852195716
14.0,512.0,60.12745349665956
14.0,513.0,62.4526200714827
14.0,514.0,64.92519004916191
14.0,515.0,67.541167629119
14.0,516.0,70.2919588528323
14.0,517.0,73.16374977205768
14.0,518.0,76.13722362032553
14.0,519.0,79.18778276665044
14.0,520.0,82.28638875602707
14.0,521.0,85.40102250151745
14.0,522.0,88.49861175959245
14.0,523.0,91.54713400201187
14.0,524.0,94.51754388419124
14.0,525.0,97.38523340326618
14.0,526.0,100.1308719174687
14.0,527.0,102.7406280314143
14.0,528.0,105.20588673174072
14.0,529.0,107.52262745174467
14.0,530.0,109.69062713491094
14.0,531.0,111.71262187757826
14.0,532.0,113.59351769435904
14.0,533.0,115.33970234048635
14.0,534.0,116.95847861896301
14.0,535.0,118.45761991735586
14.0,536.0,119.84503610615188
14.0,537.0,121.12853333827171
14.0,538.0,122.31564931097874
14.0,539.0,123.41354744128797
14.0,540.0,124.42895498183458
14.0,541.0,125.36813340419398
14.0,542.0,126.23687125493755
14.0,543.0,127.0404925266837
14.0,544.0,127.78387483808906
14.0,545.0,128.47147374125655
14.0,546.0,129.1073500826586
14.0,547.0,129.69519869748385
14.0,548.0,130.23837688866584
14.0,549.0,130.73993203730296
14.0,550.0,131.20262762247074
14.0,551.0,131.6289675289884
14.0,552.0,132.02121834784484
14.0,553.0,132.38142978306058
14.0,554.0,132.7114530813671
14.0,555.0,133.01295767794466
14.0,556.0,133.28744607667218
14.0,557.0,133.53626715987602
14.0,558.0,133.76062799542603
14.0,559.0,133.96160430148268
14.0,560.0,134.14014966292632
14.0,561.0,134.29710360964614
14.0,562.0,134.433198668278
14.0,563.0,134.5490664421738
14.0,564.0,134.64524284690856
14.0,565.0,134.7221725000272
14.0,566.0,134.78021240901145
14.0,567.0,134.81963490117286
14.0,568.0,134.84062995790717
14.0,569.0,134.84330684350056
14.0,570.0,134.82769521103572
14.0,571.0,134.79374552330353
14.0,572.0,134.74132899247806
14.0,573.0,134.670236824868
14.0,574.0,134.58017899605534
14.0,575.0,134.47078229117318
14.0,576.0,134.3415878567025
14.0,577.0,134.19204794630457
14.0,578.0,134.02152212682137
14.0,579.0,133.82927257337337
14.0,580.0,133.6144587373483
14.0,581.0,133.3761309607217
14.0,582.0,133.1132233355123
14.0,583.0,132.8245453242042
14.0,584.0,132.50877245225817
14.0,585.0,132.16443552938205
14.0,586.0,131.7899087214354
14.0,587.0,131.38339587118435
14.0,588.0,130.94291540254804
14.0,589.0,130.4662831545707
14.0,590.0,129.95109350307908
14.0,591.0,129.3946980834971
14.0,592.0,128.7941825249327
14.0,593.0,128.14634052171476
14.0,594.0,127.44764577036206
14.0,595.0,126.69422120795608
14.0,596.0,125.88180633467819
14.0,597.0,125.00572236090561
14.0,598.0,124.06083648512335
14.0,599.0,123.04152571821618
14.0,600.0,121.94164258389884
14.0,601.0,120.75448445464787
14.0,602.0,119.47277074940058
14.0,603.0,118.08863221441122
14.0,604.0,116.59361979378227
14.0,605.0,114.97874141650212
14.0,606.0,113.23453930741782
14.0,607.0,111.35122205315407
14.0,608.0,109.31887049343533
14.0,609.0,107.12773777369932
14.0,610.0,104.76866695178437
14.0,611.0,102.233646393896
14.0,612.0,99.51651812952629
14.0,613.0,96.61383790380971
14.0,614.0,93.52586171735639
14.0,615.0,90.25759361512178
14.0,616.0,86.8197818600777
14.0,617.0,83.2296962052861
14.0,618.0,79.51148148279222
14.0,619.0,75.69588010945425
14.0,620.0,71.8191820755446
14.0,621.0,67.92139961820156
14.0,622.0,64.04385790230879
14.0,623.0,60.226566309397995
14.0,624.0,56.50580911256098
14.0,625.0,52.912320122028426
14.0,626.0,49.4702326557049
14.0,627.0,46.196801988942525
14.0,628.0,43.102758912773766
14.0,629.0,40.193086921117036
14.0,630.0,37.468018340354455
14.0,631.0,34.924082003557835
14.0,632.0,32.555089731592176
14.0,633.0,30.35299623972862
14.0,634.0,28.30860741759945
14.0,635.0,26.412135546602798
14.0,636.0,24.653616813356646
14.0,637.0,23.02321114876758
14.0,638.0,21.511408005325016
14.0,639.0,20.109158171822905
14.0,640.0,18.80795094642226
14.0,641.0,17.59985063158299
14.0,642.0,16.477505239063152
14.0,643.0,15.434135433816698
14.0,644.0,14.463511534031776
14.0,645.0,13.559922460490794
14.0,646.0,12.718141201792172
14.0,647.0,11.933388196715422
14.0,648.0,11.201295332861395
14.0,649.0,10.51787058953605
14.0,650.0,9.879465029106548
14.0,651.0,9.282741460494716
14.0,652.0,8.724645983581544
14.0,653.0,8.202381405028083
14.0,654.0,7.713383506933599
14.0,655.0,7.255299020712667
14.0,656.0,6.825966196488149
14.0,657.0,6.423396779755617
14.0,658.0,6.04576025944749
14.0,659.0,5.691369204395925
14.0,660.0,5.358666554149206
14.0,661.0,5.04621370598454
14.0,662.0,4.752680275506448
14.0,663.0,4.4768344043369765
14.0,664.0,4.217534504668743
14.0,665.0,3.9737213468456134
14.0,666.0,3.744411389351707
14.0,667.0,3.5286902886781037
14.0,668.0,3.3257074939877773
14.0,669.0,3.1346708933121277
14.0,670.0,2.9548424174979466
14.0,671.0,2.785533595917085
14.0,672.0,2.626101967518431
14.0,673.0,2.4759473668712153
14.0,674.0,2.3345089826671557
14.0,675.0,2.201262232740234
14.0,676.0,2.0757163439675685
14.0,677.0,1.957411704685983
14.0,678.0,1.8459178663290818
14.0,679.0,1.7408312849970056
14.0,680.0,1.6417736658251079
14.0,681.0,1.548390023713983
14.0,682.0,1.4603473075802165
14.0,683.0,1.3773327245235734
14.0,684.0,1.2990525937503272
14.0,685.0,1.2252308896232946
14.0,686.0,1.1556082849541685
14.0,687.0,1.089940877141232
14.0,688.0,1.0279993883097323
14.0,689.0,0.969568045630435
14.0,690.0,0.9144439119209518
14.0,691.0,0.862435896673579
14.0,692.0,0.8133641955830733
14.0,693.0,0.7670594131174828
14.0,694.0,0.7233620932930013
14.0,695.0,0.6821219380462481
14.0,696.0,0.6431974146537083
14.0,697.0,0.6064550569007772
14.0,698.0,0.5717691370111946
14.0,699.0,0.5390210388060048
14.0,700.0,0.5080989839981865
14.0,701.0,0.47889746830864954
14.0,702.0,0.45131703359428055
14.0,703.0,0.4252637593274541
14.0,704.0,0.4006490733405687
14.0,705.0,0.3773892922496173
14.0,706.0,0.3554054646760991
14.0,707.0,0.3346229551579405
14.0,708.0,0.3149713145980991
14.0,709.0,0.29638390299968786
14.0,710.0,0.2787977826268982
14.0,711.0,0.26215337555855517
14.0,712.0,0.24639437566040404
14.0,713.0,0.2314674374984417
14.0,714.0,0.21732210373514493
14.0,715.0,0.2039105224012109
14.0,716.0,0.19118738676012914
14.0,717.0,0.1791096783205987
14.0,718.0,0.16763661657836218
14.0,719.0,0.15672942547438776
14.0,720.0,0.14635129073156036
14.0,721.0,0.13646714773595123
14.0,722.0,0.12704364444796076
14.0,723.0,0.11804894891382758
14.0,724.0,0.10945271595347678
14.0,725.0,0.10122591270340586
14.0,726.0,0.09334078747271544
14.0,727.0,0.08577071188192496
14.0,728.0,0.07849015043920328
14.0,729.0,0.0714745179767583
14.0,730.0,0.06470014863497991
14.0,731.0,0.058144167412229435
14.0,732.0,0.051784457358550064
14.0,733.0,0.045599544148697276
14.0,734.0,0.03956856038174527
14.0,735.0,0.03367114216323697
14.0,736.0,0.027887389484401504
14.0,737.0,0.022197773859087538
14.0,738.0,0.01658309381796551
14.0,739.0,0.011024392690776225
14.0,740.0,0.0055029082980200825
14.0,741.0,0.0
15.0,0.0,0.0
15.0,1.0,0.0014771005057631333
15.0,2.0,0.0029591880155587164
15.0,3.0,0.004451265778963939
15.0,4.0,0.005958371816718252
15.0,5.0,0.007485593115930735
15.0,6.0,0.0090380866657249
15.0,7.0,0.010621091834982409
15.0,8.0,0.012239954151557077
15.0,9.0,0.013900136101977852
15.0,10.0,0.015607243894805433
15.0,11.0,0.0173670369317968
15.0,12.0,0.019185457806597105
15.0,13.0,0.021068640710666938
15.0,14.0,0.02302294493292562
15.0,15.0,0.025054962481526444
15.0,16.0,0.027171555368593052
15.0,17.0,0.02937986275104868
15.0,18.0,0.031687342307604505
15.0,19.0,0.03410177722875706
15.0,20.0,0.036631322021193395
15.0,21.0,0.03928450970933231
15.0,22.0,0.04207030243593009
15.0,23.0,0.04499809927586113
15.0,24.0,0.048077792041716035
15.0,25.0,0.05131977415576745
15.0,26.0,0.05473500211671213
15.0,27.0,0.058335005929025824
15.0,28.0,0.0621319567429026
15.0,29.0,0.06613867940279847
15.0,30.0,0.07036872683853851
15.0,31.0,0.07483639536842855
15.0,32.0,0.07955680649725999
15.0,33.0,0.08454592569597255
15.0,34.0,0.08982065235415876
15.0,35.0,0.0953988428604277
15.0,36.0,0.10129940956582649
15.0,37.0,0.10754234910995177
15.0,38.0,0.11414885138100749
15.0,39.0,0.12114133417630595
15.0,40.0,0.12854356329891292
15.0,41.0,0.136380694812463
15.0,42.0,0.1446794075991047
15.0,43.0,0.15346795467381416
15.0,44.0,0.16277630975071897
15.0,45.0,0.1726362293292925
15.0,46.0,0.183081415085069
15.0,47.0,0.19414758873933785
15.0,48.0,0.20587267241715726
15.0,49.0,0.21829687867629233
15.0,50.0,0.2314629113747975
15.0,51.0,0.24541607368033574
15.0,52.0,0.26020449247994115
15.0,53.0,0.2758792477384351
15.0,54.0,0.29249462408795013
15.0,55.0,0.3101082655806573
15.0,56.0,0.3287814588454718
15.0,57.0,0.3485793181199098
15.0,58.0,0.3695711052947658
15.0,59.0,0.3918304511563281
15.0,60.0,0.41543571880610175
15.0,61.0,0.44047026835359177
15.0,62.0,0.46702287166028705
15.0,63.0,0.4951880293657277
15.0,64.0,0.525066446742875
15.0,65.0,0.5567654140060437
15.0,66.0,0.5903993553792803
15.0,67.0,0.6260902862368104
15.0,68.0,0.663968450403085
15.0,69.0,0.7041728709547079
15.0,70.0,0.7468520944453764
15.0,71.0,0.792164856323325
15.0,72.0,0.8402809553926972
15.0,73.0,0.8913820599737305
15.0,74.0,0.9456627416891776
15.0,75.0,1.0033314549414556
15.0,76.0,1.064611766279885
15.0,77.0,1.1297435477186477
15.0,78.0,1.1989844467119424
15.0,79.0,1.272611343470187
15.0,80.0,1.3509221170682155
15.0,81.0,1.4342374282611694
15.0,82.0,1.522902849353661
15.0,83.0,1.6172910467278612
15.0,84.0,1.7178043551430915
15.0,85.0,1.824877447138678
15.0,86.0,1.9389804446328571
15.0,87.0,2.060622172858337
15.0,88.0,2.1903539095278126
15.0,89.0,2.328773323301278
15.0,90.0,2.476528955304718
15.0,91.0,2.6343249250078014
15.0,92.0,2.8029262048600145
15.0,93.0,2.983164118380088
15.0,94.0,3.1759423768638033
15.0,95.0,3.382243256001112
15.0,96.0,3.603134161274297
15.0,97.0,3.839774080731292
15.0,98.0,4.0934200415409
15.0,99.0,4.365432879940159
15.0,100.0,4.65728219634897
15.0,101.0,4.970549474558577
15.0,102.0,5.306928816033958
15.0,103.0,5.6682237270484315
15.0,104.0,6.0563387476189225
15.0,105.0,6.473263562715812
15.0,106.0,6.921047483394735
15.0,107.0,7.401760979955939
15.0,108.0,7.917441269866308
15.0,109.0,8.470018033865028
15.0,110.0,9.061216278807063
15.0,111.0,9.692433544815616
15.0,112.0,10.36459136175567
15.0,113.0,11.07796352937188
15.0,114.0,11.831989647971108
15.0,115.0,12.625088349499404
15.0,116.0,13.454493140482482
15.0,117.0,14.316140044028721
15.0,118.0,15.204640543045004
15.0,119.0,16.113369272232653
15.0,120.0,17.03468362899683
15.0,121.0,17.96026888135525
15.0,122.0,18.881575075159702
15.0,123.0,19.79028745080692
15.0,124.0,20.678763350361837
15.0,125.0,21.54037732527903
15.0,126.0,22.369740747015925
15.0,127.0,23.162789498650767
15.0,128.0,23.916756917600562
15.0,129.0,24.63006143704819
15.0,130.0,25.30214242817687
15.0,131.0,25.933273430462453
15.0,132.0,26.524375681432474
15.0,133.0,27.076846395795734
15.0,134.0,27.592410220762467
15.0,135.0,28.07299644194564
15.0,136.0,28.520641844805287
15.0,137.0,28.937416429236265
15.0,138.0,29.325368995825407
15.0,139.0,29.68648867719708
15.0,140.0,30.022679417189853
15.0,141.0,30.33574407992142
15.0,142.0,30.627376076448567
15.0,143.0,30.899156149383597
15.0,144.0,31.15255310456491
15.0,145.0,31.388926927303842
15.0,146.0,31.609533734466968
15.0,147.0,31.81553154099857
15.0,148.0,32.00798671298982
15.0,149.0,32.18788041647277
15.0,150.0,32.35611517881423
15.0,151.0,32.51352106071441
15.0,152.0,32.66086168831362
15.0,153.0,32.79883974592295
15.0,154.0,32.92810224536685
15.0,155.0,33.04924522564029
15.0,156.0,33.162818228324745
15.0,157.0,33.26932822882675
15.0,158.0,33.369243378488406
15.0,159.0,33.4629962501089
15.0,160.0,33.55098694135974
15.0,161.0,33.63358573437288
15.0,162.0,33.71113566051029
15.0,163.0,33.78395467141348
15.0,164.0,33.8523377577261
15.0,165.0,33.916558718444506
15.0,166.0,33.97687191392696
15.0,167.0,34.03351370735943
15.0,168.0,34.08670391926048
15.0,169.0,34.13664700207072
15.0,170.0,34.183533251154984
15.0,171.0,34.227539762061255
15.0,172.0,34.26883144239196
15.0,173.0,34.30756179149569
15.0,174.0,34.3438737486434
15.0,175.0,34.377900326781536
15.0,176.0,34.40976532507731
15.0,177.0,34.43958384168654
15.0,178.0,34.46746287270466
15.0,179.0,34.4935017234534
15.0,180.0,34.517792510956006
15.0,181.0,34.540420488796435
15.0,182.0,34.56146446621729
15.0,183.0,34.580997057962584
15.0,184.0,34.59908502980733
15.0,185.0,34.61578948182161
15.0,186.0,34.63116612747788
15.0,187.0,34.645265416407106
15.0,188.0,34.65813275218057
15.0,189.0,34.66980855891808
15.0,190.0,34.68032844153554
15.0,191.0,34.689723199744115
15.0,192.0,34.69801893436035
15.0,193.0,34.705237012846574
15.0,194.0,34.711394126970234
15.0,195.0,34.716502217151216
15.0,196.0,34.720568491787844
15.0,197.0,34.723595325247025
15.0,198.0,34.725580260116025
15.0,199.0,34.726515909025245
15.0,200.0,34.72638998216732
15.0,201.0,34.72518525152202
15.0,202.0,34.72287968349224
15.0,203.0,34.71944657268728
15.0,204.0,34.71485492105996
15.0,205.0,34.70906992417699
15.0,206.0,34.70205382819628
15.0,207.0,34.69376705296787
15.0,208.0,34.684169863766435
15.0,209.0,34.67322451069746
15.0,210.0,34.66089811152672
15.0,211.0,34.64716617106102
15.0,212.0,34.632016924100846
15.0,213.0,34.615456247637276
15.0,214.0,34.59751307962629
15.0,215.0,34.57824475683287
15.0,216.0,34.55774178908668
15.0,217.0,34.53613106744012
15.0,218.0,34.513576714899784
15.0,219.0,34.49027757578686
15.0,220.0,34.466461013017295
15.0,221.0,34.442373040135905
15.0,222.0,34.41826590482892
15.0,223.0,34.394384638550505
15.0,224.0,34.37095463517703
15.0,225.0,34.34817177910572
15.0,226.0,34.32619622790754
15.0,227.0,34.30514989370647
15.0,228.0,34.28511726935554
15.0,229.0,34.266148624344986
15.0,230.0,34.24826474430544
15.0,231.0,34.231462251991736
15.0,232.0,34.215718980721654
15.0,233.0,34.20099886463433
15.0,234.0,34.18725622521143
15.0,235.0,34.1744392630352
15.0,236.0,34.162492872437824
15.0,237.0,34.15136074684134
15.0,238.0,34.140986969750635
15.0,239.0,34.13131709641193
15.0,240.0,34.1222989165002
15.0,241.0,34.1138828904394
15.0,242.0,34.106022419499126
15.0,243.0,34.098673919756976
15.0,244.0,34.09179682949824
15.0,245.0,34.08535350211391
15.0,246.0,34.07930909045036
15.0,247.0,34.07363136384074
15.0,248.0,34.068290547167976
15.0,249.0,34.06325911825121
15.0,250.0,34.05851164145531
15.0,251.0,34.054024572803776
15.0,252.0,34.04977610637087
15.0,253.0,34.045745998563866
15.0,254.0,34.04191543396112
15.0,255.0,34.038266871930496
15.0,256.0,34.03478393276654
15.0,257.0,34.03145126582374
15.0,258.0,34.02825445414931
15.0,259.0,34.02517990161407
15.0,260.0,34.02221475322579
15.0,261.0,34.019346798208005
15.0,262.0,34.016564402975085
15.0,263.0,34.013856427123926
15.0,264.0,34.01121216620583
15.0,265.0,34.00862127783223
15.0,266.0,34.00607373165638
15.0,267.0,34.003559743085745
15.0,268.0,34.00106972817188
15.0,269.0,33.99859424268772
15.0,270.0,33.99612393986123
15.0,271.0,33.9936495127788
15.0,272.0,33.99116165306283
15.0,273.0,33.98865099468692
15.0,274.0,33.98610807178005
15.0,275.0,33.98352326197948
15.0,276.0,33.980886741541504
15.0,277.0,33.978188426312215
15.0,278.0,33.975417922237106
15.0,279.0,33.97256446190004
15.0,280.0,33.96961684835347
15.0,281.0,33.966563384967614
15.0,282.0,33.96339181026021
15.0,283.0,33.960089218526385
15.0,284.0,33.95664198305537
15.0,285.0,33.95303566471409
15.0,286.0,33.949254920654155
15.0,287.0,33.945283397779136
15.0,288.0,33.94110362388465
15.0,289.0,33.936696882917566
15.0,290.0,33.93204308568868
15.0,291.0,33.92712062435665
15.0,292.0,33.92190622085667
15.0,293.0,33.916374759729266
15.0,294.0,33.910499115056666
15.0,295.0,33.90424996473528
15.0,296.0,33.89759560251242
15.0,297.0,33.890501745066864
15.0,298.0,33.882931347301415
15.0,299.0,33.87484442951268
15.0,300.0,33.86619793568075
15.0,301.0,33.85694563684679
15.0,302.0,33.84703811005897
15.0,303.0,33.83642282303736
15.0,304.0,33.82504437330549
15.0,305.0,33.812844935301534
15.0,306.0,33.79976498945579
15.0,307.0,33.78574441457585
15.0,308.0,33.77072404243402
15.0,309.0,33.75464777359596
15.0,310.0,33.737465352698564
15.0,311.0,33.71913587026142
15.0,312.0,33.6996320066784
15.0,313.0,33.6789449318704
15.0,314.0,33.65708963281889
15.0,315.0,33.63411024303106
15.0,316.0,33.610084732516235
15.0,317.0,33.585128110974566
15.0,318.0,33.55939320054604
15.0,319.0,33.53306812294282
15.0,320.0,33.50637002445904
15.0,321.0,33.47953520792415
15.0,322.0,33.45280664913942
15.0,323.0,33.42642054803952
15.0,324.0,33.40059384500479
15.0,325.0,33.375514351631466
15.0,326.0,33.35133447536429
15.0,327.0,33.328168704248775
15.0,328.0,33.30609437903661
15.0,329.0,33.28515489276915
15.0,330.0,33.265364379821044
15.0,331.0,33.24671304049209
15.0,332.0,33.22917246728591
15.0,333.0,33.21270053836262
15.0,334.0,33.197245659909306
15.0,335.0,33.18275026034918
15.0,336.0,33.169153563575286
15.0,337.0,33.15639369568047
15.0,338.0,33.144409237006066
15.0,339.0,33.133140303817314
15.0,340.0,33.12252927425901
15.0,341.0,33.11252122300764
15.0,342.0,33.103064156589184
15.0,343.0,33.09410908367046
15.0,344.0,33.08560998936634
15.0,345.0,33.07752372213273
15.0,346.0,33.0698098464302
15.0,347.0,33.062430451064735
15.0,348.0,33.05534995766852
15.0,349.0,33.04853490632982
15.0,350.0,33.04195375939049
15.0,351.0,33.035576691315285
15.0,352.0,33.029375405666165
15.0,353.0,33.02332294018066
15.0,354.0,33.017393503153016
15.0,355.0,33.01156229634718
15.0,356.0,33.005805371130776
15.0,357.0,33.00009946777261
15.0,358.0,32.99442188892339
15.0,359.0,32.98875035203992
15.0,360.0,32.98306287667258
15.0,361.0,32.977337646084045
15.0,362.0,32.97155290444269
15.0,363.0,32.965686823538256
15.0,364.0,32.95971740593447
15.0,365.0,32.95362235269127
15.0,366.0,32.94737896855371
15.0,367.0,32.94096402659167
15.0,368.0,32.93435367146413
15.0,369.0,32.92752327678609
15.0,370.0,32.92044734233449
15.0,371.0,32.913099339691584
15.0,372.0,32.90545159890613
15.0,373.0,32.897475137503804
15.0,374.0,32.88913953155065
15.0,375.0,32.880412722433256
15.0,376.0,32.87126086646073
15.0,377.0,32.86164811287352
15.0,378.0,32.851536425041076
15.0,379.0,32.84088532193818
15.0,380.0,32.8296516626381
15.0,381.0,32.81778934200205
15.0,382.0,32.80524902855469
15.0,383.0,32.79197780342139
15.0,384.0,32.7779188399056
15.0,385.0,32.76301097294537
15.0,386.0,32.747188307049136
15.0,387.0,32.73037970211726
15.0,388.0,32.71250829540338
15.0,389.0,32.69349088927568
15.0,390.0,32.67323737371242
15.0,391.0,32.65165000407968
15.0,392.0,32.62862271558208
15.0,393.0,32.60404028748157
15.0,394.0,32.57777755408752
15.0,395.0,32.54969847167298
15.0,396.0,32.51965525953843
15.0,397.0,32.487487427169256
15.0,398.0,32.45302093668692
15.0,399.0,32.41606732735422
15.0,400.0,32.37642309863713
15.0,401.0,32.33386921334769
15.0,402.0,32.288171090123925
15.0,403.0,32.23907901131596
15.0,404.0,32.18632942304996
15.0,405.0,32.129647154384365
15.0,406.0,32.068749174299576
15.0,407.0,32.00335003703107
15.0,408.0,31.933169774376367
15.0,409.0,31.85794445887145
15.0,410.0,31.777440207932383
15.0,411.0,31.691470678453204
15.0,412.0,31.5999184235688
15.0,413.0,31.5027593789246
15.0,414.0,31.40008964693961
15.0,415.0,31.292152135654064
15.0,416.0,31.179360165816167
15.0,417.0,31.062313483020827
15.0,418.0,30.941802290185212
15.0,419.0,30.818794685361713
15.0,420.0,30.694405468074404
15.0,421.0,30.569846808620987
15.0,422.0,30.446366025264567
15.0,423.0,30.325178358557416
15.0,424.0,30.207404762955516
15.0,425.0,30.094022589956836
15.0,426.0,29.98583443786822
15.0,427.0,29.883455617640585
15.0,428.0,29.787318258272702
15.0,429.0,29.69768736186547
15.0,430.0,29.61468451396514
15.0,431.0,29.53831458130159
15.0,432.0,29.468492630827924
15.0,433.0,29.405068492337694
15.0,434.0,29.34784828310854
15.0,435.0,29.296611998222517
15.0,436.0,29.25112771771114
15.0,437.0,29.211162287231495
15.0,438.0,29.176489451006955
15.0,439.0,29.146895439386846
15.0,440.0,29.122183007168097
15.0,441.0,29.10217382328137
15.0,442.0,29.086710096603756
15.0,443.0,29.07565518698299
15.0,444.0,29.06889397236604
15.0,445.0,29.0663325928499
15.0,446.0,29.067898262683546
15.0,447.0,29.073538679630804
15.0,448.0,29.083221677134645
15.0,449.0,29.096934587683375
15.0,450.0,29.11468394216175
15.0,451.0,29.136494933207278
15.0,452.0,29.16241126247119
15.0,453.0,29.192494772193704
15.0,454.0,29.22682548529302
15.0,455.0,29.265501434317
15.0,456.0,29.308638912767364
15.0,457.0,29.35637251349261
15.0,458.0,29.408855599519768
15.0,459.0,29.46626055900863
15.0,460.0,29.528779502728604
15.0,461.0,29.59662474444028
15.0,462.0,29.67002973604348
15.0,463.0,29.749249787844963
15.0,464.0,29.834563259334118
15.0,465.0,29.926272541906933
15.0,466.0,30.024705532366625
15.0,467.0,30.1302169108512
15.0,468.0,30.243189935344535
15.0,469.0,30.364038059860977
15.0,470.0,30.493207101730178
15.0,471.0,30.63117725991154
15.0,472.0,30.778465723083514
15.0,473.0,30.935629165888834
15.0,474.0,31.103266885587036
15.0,475.0,31.28202387579372
15.0,476.0,31.472594603401323
15.0,477.0,31.675726785730298
15.0,478.0,31.892225948303228
15.0,479.0,32.1229600628858
15.0,480.0,32.36886506093782
15.0,481.0,32.63095052690412
15.0,482.0,32.9103063814037
15.0,483.0,33.20810986526432
15.0,484.0,33.52563364864331
15.0,485.0,33.86425438309953
15.0,486.0,34.225462532188736
15.0,487.0,34.61087280273291
15.0,488.0,35.02223601634934
15.0,489.0,35.46145173878674
15.0,490.0,35.930582494494715
15.0,491.0,36.431868858278115
15.0,492.0,36.96774620628305
15.0,493.0,37.54086234850088
15.0,494.0,38.15409671585963
15.0,495.0,38.81058016904931
15.0,496.0,39.51371587401004
15.0,497.0,40.267199998817
15.0,498.0,41.07504223662139
15.0,499.0,41.941584321223374
15.0,500.0,42.871515740347036
15.0,501.0,43.869883771911475
15.0,502.0,44.942095684857684
15.0,503.0,46.09390851537628
15.0,504.0,47.331402123916
15.0,505.0,48.6609284103751
15.0,506.0,50.08902949068419
15.0,507.0,51.62231466352975
15.0,508.0,53.2672861203703
15.0,509.0,55.03010129821549
15.0,510.0,56.916261860211556
15.0,511.0,58.930220819680144
15.0,512.0,61.0749070101999
15.0,513.0,63.35117564232573
15.0,514.0,65.75721140000802
15.0,515.0,68.28793083857968
15.0,516.0,70.93445686817333
15.0,517.0,73.68375926397245
15.0,518.0,76.51856785708358
15.0,519.0,79.4176532009884
15.0,520.0,82.35652908429026
15.0,521.0,85.30855692309679
15.0,522.0,88.24634360576009
15.0,523.0,91.14324686706328
15.0,524.0,93.97477311481545
15.0,525.0,96.71968180735037
15.0,526.0,99.36068791164057
15.0,527.0,101.8847425395682
15.0,528.0,104.28294604708161
15.0,529.0,106.55018849813155
15.0,530.0,108.68462401828073
15.0,531.0,110.68707312896198
15.0,532.0,112.56042567455113
15.0,533.0,114.30909129618915
15.0,534.0,115.93852369105635
15.0,535.0,117.45482763207494
15.0,536.0,118.86444769377752
15.0,537.0,120.173930476465
15.0,538.0,121.38975001455728
15.0,539.0,122.51818458691376
15.0,540.0,123.56523454108698
15.0,541.0,124.53657132008817
15.0,542.0,125.43751011190207
15.0,543.0,126.27299940015793
15.0,544.0,127.04762269687782
15.0,545.0,127.76560830993132
15.0,546.0,128.43084452113365
15.0,547.0,129.0468977824004
15.0,548.0,129.61703262859047
15.0,549.0,130.14423199557152
15.0,550.0,130.6312174012825
15.0,551.0,131.08046830577368
15.0,552.0,131.49424050820934
15.0,553.0,131.87458324790245
15.0,554.0,132.2233550558455
15.0,555.0,132.54223821684752
15.0,556.0,132.8327519586563
15.0,557.0,133.09626433509374
15.0,558.0,133.334002925893
15.0,559.0,133.5470643823828
15.0,560.0,133.73642291537212
15.0,561.0,133.90293779447612
15.0,562.0,134.04735991307334
15.0,563.0,134.17033751829825
15.0,564.0,134.27242111107103
15.0,565.0,134.35406764192714
15.0,566.0,134.41564395582623
15.0,567.0,134.45742963713408
15.0,568.0,134.47961915551917
15.0,569.0,134.48232348960713
15.0,570.0,134.46557107684896
15.0,571.0,134.42930829256062
15.0,572.0,134.37339925458338
15.0,573.0,134.29762518289428
15.0,574.0,134.20168305870516
15.0,575.0,134.08518383859686
15.0,576.0,133.94764991610273
15.0,577.0,133.78851211188461
15.0,578.0,133.60710583227726
15.0,579.0,133.40266670192864
15.0,580.0,133.17432525701423
15.0,581.0,132.92110102818185
15.0,582.0,132.64189554597735
15.0,583.0,132.33548462059196
15.0,584.0,132.0005093755439
15.0,585.0,131.63546641059253
15.0,586.0,131.2386965235178
15.0,587.0,130.80837239396755
15.0,588.0,130.34248461770358
15.0,589.0,129.83882653452056
15.0,590.0,129.2949772165743
15.0,591.0,128.7082831277959
15.0,592.0,128.07583784027693
15.0,593.0,127.39446044155578
15.0,594.0,126.66067211728857
15.0,595.0,125.87067177403279
15.0,596.0,125.020310433376
15.0,597.0,124.10506569041837
15.0,598.0,123.12001647920519
15.0,599.0,122.05982021179113
15.0,600.0,120.91869349351097
15.0,601.0,119.69039982187832
15.0,602.0,118.36824713604598
15.0,603.0,116.94510080706596
15.0,604.0,115.41341756557718
15.0,605.0,113.76530916428952
15.0,606.0,111.99264485860041
15.0,607.0,110.087205354384
15.0,608.0,108.0409008274036
15.0,609.0,105.84606811632972
15.0,610.0,103.49585961207063
15.0,611.0,100.98473446696804
15.0,612.0,98.30905308236134
15.0,613.0,95.46776400908492
15.0,614.0,92.46315011368111
15.0,615.0,89.30157566086301
15.0,616.0,85.99414320855594
15.0,617.0,82.55714303451528
15.0,618.0,79.0121616102004
15.0,619.0,75.38573081712397
15.0,620.0,71.70844973170067
15.0,621.0,68.01360416924025
15.0,622.0,64.33541926688937
15.0,623.0,60.70717778508302
15.0,624.0,57.15947267562158
15.0,625.0,53.71882661292759
15.0,626.0,50.40681373413833
15.0,627.0,47.239708829636704
15.0,628.0,44.22859574178693
15.0,629.0,41.37981675195334
15.0,630.0,38.69562936918935
15.0,631.0,36.17495335825278
15.0,632.0,33.814116767058074
15.0,633.0,31.607542756414208
15.0,634.0,29.54834391483369
15.0,635.0,27.62881337876273
15.0,636.0,25.840813513141264
15.0,637.0,24.176072994876208
15.0,638.0,22.6264045849586
15.0,639.0,21.18385894321401
15.0,640.0,19.840826820031154
15.0,641.0,18.590102558777268
15.0,642.0,17.42491768928847
15.0,643.0,16.338953726774527
15.0,644.0,15.326339337293481
15.0,645.0,14.381637808903182
15.0,646.0,13.499827327774742
15.0,647.0,12.676277847002973
15.0,648.0,11.906725351242343
15.0,649.0,11.18724599510344
15.0,650.0,10.514229927065804
15.0,651.0,9.884356533551832
15.0,652.0,9.294570372583623
15.0,653.0,8.742059133154536
15.0,654.0,8.224232612462604
15.0,655.0,7.738703845424938
15.0,656.0,7.283271249954243
15.0,657.0,6.8559028274975695
15.0,658.0,6.454721233560953
15.0,659.0,6.077990717825407
15.0,660.0,5.724104741016336
15.0,661.0,5.391575254650969
15.0,662.0,5.079022463408943
15.0,663.0,4.785166053914939
15.0,664.0,4.508816731344792
15.0,665.0,4.248869048615607
15.0,666.0,4.004294394745321
15.0,667.0,3.7741351276115083
15.0,668.0,3.557498743735613
15.0,669.0,3.353553068606158
15.0,670.0,3.1615213859583378
15.0,671.0,2.9806784850250096
15.0,672.0,2.8103465693637215
15.0,673.0,2.6498919989260203
15.0,674.0,2.498721833559545
15.0,675.0,2.3562811395785483
15.0,676.0,2.222050051728249
15.0,677.0,2.095541539722339
15.0,678.0,1.97629889555679
15.0,679.0,1.8638938761685826
15.0,680.0,1.7579245414517208
15.0,681.0,1.6580137056881805
15.0,682.0,1.5638070663100032
15.0,683.0,1.4749719098638923
15.0,684.0,1.391195483224751
15.0,685.0,1.3121839102614128
15.0,686.0,1.2376607664587371
15.0,687.0,1.1673661707137513
15.0,688.0,1.101055531669219
15.0,689.0,1.0384987856382946
15.0,690.0,0.97947928879555
15.0,691.0,0.9237931774634058
15.0,692.0,0.8712483849665416
15.0,693.0,0.8216641046986217
15.0,694.0,0.774869914174583
15.0,695.0,0.730705324654547
15.0,696.0,0.6890189979231575
15.0,697.0,0.6496683689538213
15.0,698.0,0.6125189433597014
15.0,699.0,0.577443981772259
15.0,700.0,0.5443238678656209
15.0,701.0,0.5130458449057231
15.0,702.0,0.4835034458431547
15.0,703.0,0.4555962739466565
15.0,704.0,0.4292294877632177
15.0,705.0,0.4043136189477686
15.0,706.0,0.3807641059612831
15.0,707.0,0.35850114319859705
15.0,708.0,0.3374492581811055
15.0,709.0,0.3175371869071159
15.0,710.0,0.298697490031274
15.0,711.0,0.2808664500485483
15.0,712.0,0.26398372256605757
15.0,713.0,0.24799225150783002
15.0,714.0,0.23283795209862304
15.0,715.0,0.21846964076194827
15.0,716.0,0.20483874686754217
15.0,717.0,0.19189925440565503
15.0,718.0,0.17960743991421116
15.0,719.0,0.16792182336068723
15.0,720.0,0.15680292997300924
15.0,721.0,0.14621324805663702
15.0,722.0,0.13611701271395868
15.0,723.0,0.12648016857660999
15.0,724.0,0.11727017361884415
15.0,725.0,0.10845596500022354
15.0,726.0,0.1000077813650544
15.0,727.0,0.09189713017370783
15.0,728.0,0.08409662703747223
15.0,729.0,0.07657996307219563
15.0,730.0,0.06932175994966698
15.0,731.0,0.06229753593850891
15.0,732.0,0.055483575462554446
15.0,733.0,0.048856892603772836
15.0,734.0,0.04239511404755444
15.0,735.0,0.03607643891318628
15.0,736.0,0.029879534037477538
15.0,737.0,0.023783489071716884
15.0,738.0,0.017767723110221595
15.0,739.0,0.011811934050209201
15.0,740.0,0.0058960156118230845
15.0,741.0,0.0
16.0,0.0,0.0
16.0,1.0,0.0015743149806538642
16.0,2.0,0.0031539445224110503
16.0,3.0,0.00474422167799948
16.0,4.0,0.006350514175317936
16.0,5.0,0.007978245461104014
16.0,6.0,0.009632908821909942
16.0,7.0,0.011320091225771437
16.0,8.0,0.013045485631221135
16.0,9.0,0.014814917878487745
16.0,10.0,0.0166343574459006
16.0,11.0,0.01850994765141063
16.0,12.0,0.02044801512828741
16.0,13.0,0.022455103610888358
16.0,14.0,0.024537982418130454
16.0,15.0,0.026703684114701934
16.0,16.0,0.028959512311717086
16.0,17.0,0.03131308351631224
16.0,18.0,0.03377233458456861
16.0,19.0,0.03634556909910769
16.0,20.0,0.03904146484030507
16.0,21.0,0.04186912506366242
16.0,22.0,0.0448380863921714
16.0,23.0,0.04795837540358894
16.0,24.0,0.051240517390332516
16.0,25.0,0.05469559871218848
16.0,26.0,0.058335276921295115
16.0,27.0,0.062171849389336606
16.0,28.0,0.0662182653551897
16.0,29.0,0.07048820139861145
16.0,30.0,0.07499607603845246
16.0,31.0,0.07975713269885325
16.0,32.0,0.08478745756836609
16.0,33.0,0.0901040707917317
16.0,34.0,0.09572494839702984
16.0,35.0,0.10166912254869043
16.0,36.0,0.1079567084636714
16.0,37.0,0.11460901468253967
16.0,38.0,0.12164857603008515
16.0,39.0,0.1290992750049162
16.0,40.0,0.1369863819991428
16.0,41.0,0.14533668907775418
16.0,42.0,0.15417855886139695
16.0,43.0,0.16354207217083794
16.0,44.0,0.17345908720314804
16.0,45.0,0.18396340276133982
16.0,46.0,0.19509082962590224
16.0,47.0,0.20687937138473528
16.0,48.0,0.2193693102296297
16.0,49.0,0.2326034077588877
16.0,50.0,0.24662700782546879
16.0,51.0,0.2614882601193278
16.0,52.0,0.27723824317757895
16.0,53.0,0.2939312140847425
16.0,54.0,0.31162475534693024
16.0,55.0,0.3303800547000652
16.0,56.0,0.3502620802769393
16.0,57.0,0.37133989531658623
16.0,58.0,0.39368686694936394
16.0,59.0,0.41738102159343704
16.0,60.0,0.4425052937918097
16.0,61.0,0.4691479293124333
16.0,62.0,0.49740278184607406
16.0,63.0,0.5273697723547411
16.0,64.0,0.5591552431468887
16.0,65.0,0.5928724839182766
16.0,66.0,0.6286421548424472
16.0,67.0,0.6665928921078711
16.0,68.0,0.7068618142940405
16.0,69.0,0.7495952231339197
16.0,70.0,0.7949492107019327
16.0,71.0,0.8430904747403403
16.0,72.0,0.894197048188467
16.0,73.0,0.9484592528309592
16.0,74.0,1.0060805775702768
16.0,75.0,1.067278799497039
16.0,76.0,1.1322870431446157
16.0,77.0,1.2013551044095674
16.0,78.0,1.274750729840465
16.0,79.0,1.352761186086545
16.0,80.0,1.435694805889148
16.0,81.0,1.5238828535783355
16.0,82.0,1.6176813923028324
16.0,83.0,1.7174735036693884
16.0,84.0,1.823671537586997
16.0,85.0,1.9367197496002135
16.0,86.0,2.0570969979082987
16.0,87.0,2.185319861611754
16.0,88.0,2.321945843933724
16.0,89.0,2.4675770215636303
16.0,90.0,2.622863789494723
16.0,91.0,2.788509053335247
16.0,92.0,2.965272492719548
16.0,93.0,3.1539752226881834
16.0,94.0,3.3555044302233488
16.0,95.0,3.5708182597098403
16.0,96.0,3.800950442032795
16.0,97.0,4.047014840708594
16.0,98.0,4.310209267484042
16.0,99.0,4.591818564555335
16.0,100.0,4.893216070556128
16.0,101.0,5.215863178689039
16.0,102.0,5.561305738667784
16.0,103.0,5.931166577516773
16.0,104.0,6.3271323784482645
16.0,105.0,6.750933629859695
16.0,106.0,7.204315295933949
16.0,107.0,7.688996392818081
16.0,108.0,8.206615764744804
16.0,109.0,8.758662256649576
16.0,110.0,9.34638721673314
16.0,111.0,9.97069914543123
16.0,112.0,10.632041411501923
16.0,113.0,11.33025758246983
16.0,114.0,12.064451948470557
16.0,115.0,12.832858160265712
16.0,116.0,13.632732716949155
16.0,117.0,14.460294270312977
16.0,118.0,15.310729496880986
16.0,119.0,16.178283015176152
16.0,120.0,17.056438244546545
16.0,121.0,17.938182064937724
16.0,122.0,18.81632859543917
16.0,123.0,19.683864686581877
16.0,124.0,20.534273698785697
16.0,125.0,21.361800161922766
16.0,126.0,22.161630633844343
16.0,127.0,22.929983617227727
16.0,128.0,23.664115431105063
16.0,129.0,24.362259514591862
16.0,130.0,25.023519913873624
16.0,131.0,25.64773991935834
16.0,132.0,26.23536258857293
16.0,133.0,26.787296075508625
16.0,134.0,27.30479134551423
16.0,135.0,27.78933682291614
16.0,136.0,28.242570892118284
16.0,137.0,28.666212068600235
16.0,138.0,29.062004773280105
16.0,139.0,29.431678906782206
16.0,140.0,29.77692051794945
16.0,141.0,30.099351750609674
16.0,142.0,30.400517719995786
16.0,143.0,30.681879030960687
16.0,144.0,30.9448081770458
16.0,145.0,31.190589095633502
16.0,146.0,31.420418630588713
16.0,147.0,31.635409611055195
16.0,148.0,31.836594663168796
16.0,149.0,32.02493075226284
16.0,150.0,32.20130380746145
16.0,151.0,32.366533602640594
16.0,152.0,32.52137838774691
16.0,153.0,32.6665395450169
16.0,154.0,32.80266584634766
16.0,155.0,32.93035763968116
16.0,156.0,33.05017058684432
16.0,157.0,33.16261930607214
16.0,158.0,33.26818056711466
16.0,159.0,33.367296401613636
16.0,160.0,33.460376790697744
16.0,161.0,33.547802293206054
16.0,162.0,33.62992628456628
16.0,163.0,33.707077165850116
16.0,164.0,33.779560218212865
16.0,165.0,33.84765945604388
16.0,166.0,33.911639157999424
16.0,167.0,33.97174542198787
16.0,168.0,34.02820742691155
16.0,169.0,34.08123873956817
16.0,170.0,34.131038353255946
16.0,171.0,34.177791788728044
16.0,172.0,34.22167194808378
16.0,173.0,34.262840044536965
16.0,174.0,34.30144630306218
16.0,175.0,34.337630747257805
16.0,176.0,34.3715237722118
16.0,177.0,34.40324681121745
16.0,178.0,34.432912801254616
16.0,179.0,34.46062674768993
16.0,180.0,34.48648609854773
16.0,181.0,34.51058122149297
16.0,182.0,34.532995699584134
16.0,183.0,34.55380673169585
16.0,184.0,34.573085359616904
16.0,185.0,34.590896800553914
16.0,186.0,34.60730061322395
16.0,187.0,34.622350969190855
16.0,188.0,34.63609676405102
16.0,189.0,34.64858183319818
16.0,190.0,34.65984501349913
16.0,191.0,34.66992030894691
16.0,192.0,34.678836908783126
16.0,193.0,34.6866193099572
16.0,194.0,34.693287300251235
16.0,195.0,34.69885604854775
16.0,196.0,34.703336067502256
16.0,197.0,34.7067332910674
16.0,198.0,34.70904904282184
16.0,199.0,34.7102801357007
16.0,200.0,34.71041889246239
16.0,201.0,34.70945332887112
16.0,202.0,34.70736730605031
16.0,203.0,34.70414089952131
16.0,204.0,34.69975081270744
16.0,205.0,34.69417109168598
16.0,206.0,34.68737399243847
16.0,207.0,34.67933126568568
16.0,208.0,34.670015727421706
16.0,209.0,34.65940337313126
16.0,210.0,34.64747589217786
16.0,211.0,34.634223787368626
16.0,212.0,34.61964987742839
16.0,213.0,34.603773245582495
16.0,214.0,34.5866332282925
16.0,215.0,34.56829326151876
16.0,216.0,34.548843923436465
16.0,217.0,34.52840475457207
16.0,218.0,34.50712408599263
16.0,219.0,34.48517654976943
16.0,220.0,34.462757904560824
16.0,221.0,34.44007754754829
16.0,222.0,34.41734925410153
16.0,223.0,34.39478137482437
16.0,224.0,34.37256757314656
16.0,225.0,34.350879326923355
16.0,226.0,34.32986074774108
16.0,227.0,34.30962607059778
16.0,228.0,34.290259471437885
16.0,229.0,34.27181685583684
16.0,230.0,34.25432888639157
16.0,231.0,34.237804786522204
16.0,232.0,34.22223630879099
16.0,233.0,34.20760162954954
16.0,234.0,34.19386882534794
16.0,235.0,34.18099892648608
16.0,236.0,34.168948398982074
16.0,237.0,34.157671179942476
16.0,238.0,34.147120208448115
16.0,239.0,34.13724861778048
16.0,240.0,34.128010554732185
16.0,241.0,34.11936178686377
16.0,242.0,34.11126005849582
16.0,243.0,34.10366533601193
16.0,244.0,34.09653989159456
16.0,245.0,34.08984834480897
16.0,246.0,34.08355760151602
16.0,247.0,34.077636792200565
16.0,248.0,34.072057143626175
16.0,249.0,34.066791872832646
16.0,250.0,34.06181603540778
16.0,251.0,34.057106407324376
16.0,252.0,34.05264133282092
16.0,253.0,34.048400610190114
16.0,254.0,34.044365350076696
16.0,255.0,34.040517872204745
16.0,256.0,34.03684157815408
16.0,257.0,34.03332086109443
16.0,258.0,34.029940993571685
16.0,259.0,34.02668804983114
16.0,260.0,34.02354880743625
16.0,261.0,34.02051068062731
16.0,262.0,34.01756163387538
16.0,263.0,34.014690124301154
16.0,264.0,34.01188502505446
16.0,265.0,34.009135574749365
16.0,266.0,34.00643130858549
16.0,267.0,34.003762012839296
16.0,268.0,34.00111766175925
16.0,269.0,33.99848837528214
16.0,270.0,33.9958643598623
16.0,271.0,33.99323586769885
16.0,272.0,33.99059313975892
16.0,273.0,33.987926364879414
16.0,274.0,33.98522562329656
16.0,275.0,33.982480844010745
16.0,276.0,33.97968174713196
16.0,277.0,33.976817797865515
16.0,278.0,33.97387814592456
16.0,279.0,33.97085157441117
16.0,280.0,33.967726434441765
16.0,281.0,33.96449058707459
16.0,282.0,33.96113133115966
16.0,283.0,33.95763533632882
16.0,284.0,33.953988561959605
16.0,285.0,33.95017617915338
16.0,286.0,33.94618247867009
16.0,287.0,33.94199077988188
16.0,288.0,33.93758332574052
16.0,289.0,33.932941177108304
16.0,290.0,33.928044093531796
16.0,291.0,33.92287041247999
16.0,292.0,33.91739691639784
16.0,293.0,33.911598698858896
16.0,294.0,33.905449021893006
16.0,295.0,33.898919175970285
16.0,296.0,33.89197833833344
16.0,297.0,33.884593442844746
16.0,298.0,33.87672906222529
16.0,299.0,33.86834731984362
16.0,300.0,33.859407839634294
16.0,301.0,33.8498677586489
16.0,302.0,33.83968182210131
16.0,303.0,33.8288025970268
16.0,304.0,33.81718083975312
16.0,305.0,33.80476606876935
16.0,306.0,33.79150739553231
16.0,307.0,33.777354679410315
16.0,308.0,33.76226006990879
16.0,309.0,33.746180001692835
16.0,310.0,33.72907768754281
16.0,311.0,33.71092612830076
16.0,312.0,33.691711599691175
16.0,313.0,33.67143749988898
16.0,314.0,33.65012832742155
16.0,315.0,33.62783343417196
16.0,316.0,33.60463006123732
16.0,317.0,33.580625072818194
16.0,318.0,33.55595478078103
16.0,319.0,33.530782375233194
16.0,320.0,33.50529274904772
16.0,321.0,33.47968493569106
16.0,322.0,33.454162849807524
16.0,323.0,33.428925415423485
16.0,324.0,33.40415730590413
16.0,325.0,33.380021381518816
16.0,326.0,33.35665351207554
16.0,327.0,33.334160006962065
16.0,328.0,33.31261743653329
16.0,329.0,33.29207436517669
16.0,330.0,33.27255438267392
16.0,331.0,33.254059856061076
16.0,332.0,33.236575901659364
16.0,333.0,33.22007423114166
16.0,334.0,33.20451663103748
16.0,335.0,33.18985797076759
16.0,336.0,33.17604868675138
16.0,337.0,33.16303677504162
16.0,338.0,33.15076932306111
16.0,339.0,33.139193661601006
16.0,340.0,33.12825818336681
16.0,341.0,33.1179129122436
16.0,342.0,33.1081098565791
16.0,343.0,33.09880321845834
16.0,344.0,33.089949472447465
16.0,345.0,33.081507372830245
16.0,346.0,33.07343788489217
16.0,347.0,33.06570409028287
16.0,348.0,33.05827104802816
16.0,349.0,33.05110565661876
16.0,350.0,33.04417648821478
16.0,351.0,33.037453639271924
16.0,352.0,33.03090856047549
16.0,353.0,33.024513911609624
16.0,354.0,33.01824339751725
16.0,355.0,33.012071633731225
16.0,356.0,33.00597399193594
16.0,357.0,32.99992647788079
16.0,358.0,32.993905586195154
16.0,359.0,32.98788818951699
16.0,360.0,32.98185140068575
16.0,361.0,32.97577247075358
16.0,362.0,32.969628655711915
16.0,363.0,32.963397120467135
16.0,364.0,32.95705480685704
16.0,365.0,32.950578340398174
16.0,366.0,32.94394389613916
16.0,367.0,32.9371271048118
16.0,368.0,32.93010291289157
16.0,369.0,32.92284548458991
16.0,370.0,32.91532805225611
16.0,371.0,32.90752281036392
16.0,372.0,32.89940075204023
16.0,373.0,32.89093155078263
16.0,374.0,32.882083378404936
16.0,375.0,32.87282276964896
16.0,376.0,32.86311441617673
16.0,377.0,32.85292100849769
16.0,378.0,32.84220299981199
16.0,379.0,32.83091841877498
16.0,380.0,32.81902259603189
16.0,381.0,32.80646794033574
16.0,382.0,32.793203619593775
16.0,383.0,32.77917529186888
16.0,384.0,32.764324731868804
16.0,385.0,32.74858950766299
16.0,386.0,32.73190254316556
16.0,387.0,32.714191731516266
16.0,388.0,32.695379424964315
16.0,389.0,32.67538197778476
16.0,390.0,32.654109158401305
16.0,391.0,32.63146362023718
16.0,392.0,32.607340239318845
16.0,393.0,32.58162552376238
16.0,394.0,32.55419689763649
16.0,395.0,32.52492208427306
16.0,396.0,32.49365839080361
16.0,397.0,32.460252146016614
16.0,398.0,32.42453810081468
16.0,399.0,32.38633908155336
16.0,400.0,32.34546572600812
16.0,401.0,32.301716646831174
16.0,402.0,32.254878890999905
16.0,403.0,32.20472911565701
16.0,404.0,32.151035408292394
16.0,405.0,32.093560266029066
16.0,406.0,32.032064731876
16.0,407.0,31.966314292369262
16.0,408.0,31.89608657115259
16.0,409.0,31.82118143561802
16.0,410.0,31.74143344526602
16.0,411.0,31.656727042247972
16.0,412.0,31.567013971154516
16.0,413.0,31.472332667691628
16.0,414.0,31.372828137039562
16.0,415.0,31.268770880551866
16.0,416.0,31.16057206822795
16.0,417.0,31.048792381605452
16.0,418.0,30.93414113537545
16.0,419.0,30.817463616491125
16.0,420.0,30.699715212649203
16.0,421.0,30.581923801607385
16.0,422.0,30.465143468615057
16.0,423.0,30.350405362866642
16.0,424.0,30.238671422230425
16.0,425.0,30.130796793248027
16.0,426.0,30.02750398169222
16.0,427.0,29.929370253378597
16.0,428.0,29.836826793185406
16.0,429.0,29.750167641355738
16.0,430.0,29.669564919633434
16.0,431.0,29.595087884127896
16.0,432.0,29.526722874926737
16.0,433.0,29.464392865131934
16.0,434.0,29.407974971255676
16.0,435.0,29.35731584018046
16.0,436.0,29.31224420971719
16.0,437.0,29.27258125005696
16.0,438.0,29.238148393904385
16.0,439.0,29.208773510193577
16.0,440.0,29.18429520461011
16.0,441.0,29.16456611969863
16.0,442.0,29.149454951077157
16.0,443.0,29.138847993040685
16.0,444.0,29.132649830648617
16.0,445.0,29.130783926918067
16.0,446.0,29.133192633815245
16.0,447.0,29.13983732932707
16.0,448.0,29.150698142216935
16.0,449.0,29.165773940822113
16.0,450.0,29.18508199938005
16.0,451.0,29.208658008129646
16.0,452.0,29.236555806275017
16.0,453.0,29.268847504496485
16.0,454.0,29.305623350731977
16.0,455.0,29.346992012795017
16.0,456.0,29.393080611897375
16.0,457.0,29.44403519119399
16.0,458.0,29.50002093735594
16.0,459.0,29.56122285177976
16.0,460.0,29.627846175720556
16.0,461.0,29.700117279360143
16.0,462.0,29.77828430703937
16.0,463.0,29.862618302399476
16.0,464.0,29.953414094928494
16.0,465.0,30.050991685412228
16.0,466.0,30.155697402254212
16.0,467.0,30.26790557979398
16.0,468.0,30.388020022260935
16.0,469.0,30.516476017950048
16.0,470.0,30.65374216021202
16.0,471.0,30.800322753136488
16.0,472.0,30.95676005287673
16.0,473.0,31.123637135656015
16.0,474.0,31.301580639287792
16.0,475.0,31.4912641823072
16.0,476.0,31.693411705054586
16.0,477.0,31.908801549732456
16.0,478.0,32.13827052291261
16.0,479.0,32.382718770135426
16.0,480.0,32.643114706637135
16.0,481.0,32.92050084570057
16.0,482.0,33.21599977003074
16.0,483.0,33.53082109770622
16.0,484.0,33.8662686888832
16.0,485.0,34.22374895097495
16.0,486.0,34.604779485845164
16.0,487.0,35.01099893503049
16.0,488.0,35.444177255105174
16.0,489.0,35.90622726224306
16.0,490.0,36.39921664804962
16.0,491.0,36.92538126030679
16.0,492.0,37.48713878464382
16.0,493.0,38.08710352396042
16.0,494.0,38.72810127970887
16.0,495.0,39.41318484508773
16.0,496.0,40.14564886742061
16.0,497.0,40.929044251317656
16.0,498.0,41.767190422090536
16.0,499.0,42.66418503936813
16.0,500.0,43.62440874535221
16.0,501.0,44.652523595492575
16.0,502.0,45.75346160476823
16.0,503.0,46.93240065220924
16.0,504.0,48.19472255571468
16.0,505.0,49.545948739272426
16.0,506.0,50.9916464429891
16.0,507.0,52.53729918888559
16.0,508.0,54.18813332961225
16.0,509.0,55.94889441353243
16.0,510.0,57.82356725833792
16.0,511.0,59.81503863018226
16.0,512.0,61.92470600007335
16.0,513.0,64.15204639241495
16.0,514.0,66.49417012485067
16.0,515.0,68.94540022860771
16.0,516.0,71.49693167036347
16.0,517.0,74.13663689127499
16.0,518.0,76.84908465528177
16.0,519.0,79.61582753445222
16.0,520.0,82.41598071040336
16.0,521.0,85.22706861922832
16.0,522.0,88.02606109003968
16.0,523.0,90.79047863591589
16.0,524.0,93.49942858460268
16.0,525.0,96.13445168483473
16.0,526.0,98.68010088401452
16.0,527.0,101.1242287359351
16.0,528.0,103.45800620879272
16.0,529.0,105.67572810674099
16.0,530.0,107.77447223381749
16.0,531.0,109.75367865568639
16.0,532.0,111.61470336231663
16.0,533.0,113.36038691504977
16.0,534.0,114.99466310451399
16.0,535.0,116.52222138314958
16.0,536.0,117.94822681638472
16.0,537.0,119.27809615314344
16.0,538.0,120.51732422488493
16.0,539.0,121.6713540653774
16.0,540.0,122.74548293983084
16.0,541.0,123.74479761043017
16.0,542.0,124.67413219423588
16.0,543.0,125.53804360527698
16.0,544.0,126.34079984214691
16.0,545.0,127.0863778894245
16.0,546.0,127.77846815861419
16.0,547.0,128.42048359840558
16.0,548.0,129.0155715939576
16.0,549.0,129.56662768389847
16.0,550.0,130.0763099919885
16.0,551.0,130.547053940924
16.0,552.0,130.98108662463596
16.0,553.0,131.38044070258547
16.0,554.0,131.7469674801779
16.0,555.0,132.0823491835837
16.0,556.0,132.38811026519386
16.0,557.0,132.66562780327607
16.0,558.0,132.9161409375061
16.0,559.0,133.14075940826072
16.0,560.0,133.34047120987844
16.0,561.0,133.51614940207378
16.0,562.0,133.66855813863677
16.0,563.0,133.79835791905649
16.0,564.0,133.90611016123762
16.0,565.0,133.99228105488882
16.0,566.0,134.05724482815032
16.0,567.0,134.10128633740567
16.0,568.0,134.12460314529108
16.0,569.0,134.12730694565073
16.0,570.0,134.10942453219167
16.0,571.0,134.07089811777516
16.0,572.0,134.01158523258962
16.0,573.0,133.93125795609583
16.0,574.0,133.82960174229024
16.0,575.0,133.70621354100658
16.0,576.0,133.56059950581098
16.0,577.0,133.39217193895922
16.0,578.0,133.2002457946115
16.0,579.0,132.98403433860548
16.0,580.0,132.74264431639773
16.0,581.0,132.47507017589803
16.0,582.0,132.18018772764788
16.0,583.0,131.85674673930416
16.0,584.0,131.5033628797748
16.0,585.0,131.1185084645661
16.0,586.0,130.70050245605987
16.0,587.0,130.24749913418998
16.0,588.0,129.7574759417086
16.0,589.0,129.22821990191048
16.0,590.0,128.65731318778117
16.0,591.0,128.04211725780715
16.0,592.0,127.37975625816806
16.0,593.0,126.66709918757174
16.0,594.0,125.90074172840346
16.0,595.0,125.07698743331363
16.0,596.0,124.19182951935437
16.0,597.0,123.24093334065354
16.0,598.0,122.21962137966246
16.0,599.0,121.12286151323515
16.0,600.0,119.94526135376033
16.0,601.0,118.68107055694867
16.0,602.0,117.32419537763155
16.0,603.0,115.86822907869
16.0,604.0,114.30650454358145
16.0,605.0,112.63217492980266
16.0,606.0,110.83833108409694
16.0,607.0,108.91816364924198
16.0,608.0,106.86518003111455
16.0,609.0,104.6734840858451
16.0,610.0,102.33812615881226
16.0,611.0,99.85552483602596
16.0,612.0,97.223956109946
16.0,613.0,94.44409237766085
16.0,614.0,91.51956035938635
16.0,615.0,88.45746684171505
16.0,616.0,85.26882472678268
16.0,617.0,81.96879608779143
16.0,618.0,78.57666866906297
16.0,619.0,75.11549646966989
16.0,620.0,71.61137628631354
16.0,621.0,68.09238930843813
16.0,622.0,64.58730597377566
16.0,623.0,61.124204216435636
16.0,624.0,57.72917431573722
16.0,625.0,54.42526045969877
16.0,626.0,51.23173726759711
16.0,627.0,48.16375031001053
16.0,628.0,45.23229257440461
16.0,629.0,42.44444742441537
16.0,630.0,39.8038145994819
16.0,631.0,37.311035828152306
16.0,632.0,34.964352680666835
16.0,633.0,32.7601454020495
16.0,634.0,30.693421993887757
16.0,635.0,28.758239763618622
16.0,636.0,26.94805525915187
16.0,637.0,25.256003714579087
16.0,638.0,23.675115889803532
16.0,639.0,22.198479893661933
16.0,640.0,20.819358445311156
16.0,641.0,19.531269198320903
16.0,642.0,18.32803716899353
16.0,643.0,17.203824766025214
16.0,644.0,16.15314612692196
16.0,645.0,15.170868991595052
16.0,646.0,14.252208783217737
16.0,647.0,13.3927163791748
16.0,648.0,12.588262794325772
16.0,649.0,11.835021090415275
16.0,650.0,11.129447806382757
16.0,651.0,10.4682635049321
16.0,652.0,9.848434174288807
16.0,653.0,9.267152665913496
16.0,654.0,8.72182159008356
16.0,655.0,8.210036625017082
16.0,656.0,7.729571488179776
16.0,657.0,7.278363412703883
16.0,658.0,6.8545002866724705
16.0,659.0,6.456208249620361
16.0,660.0,6.081840858202521
16.0,661.0,5.729868602290816
16.0,662.0,5.398869860962591
16.0,663.0,5.087522085547962
16.0,664.0,4.794594287726654
16.0,665.0,4.518939635536907
16.0,666.0,4.259489228095218
16.0,667.0,4.015245872389348
16.0,668.0,3.785278926483954
16.0,669.0,3.5687190552072456
16.0,670.0,3.364753955165897
16.0,671.0,3.1726239187894176
16.0,672.0,2.9916182849344954
16.0,673.0,2.8210716697407725
16.0,674.0,2.660361013850811
16.0,675.0,2.5089023638321626
16.0,676.0,2.36614841038044
16.0,677.0,2.231585725422319
16.0,678.0,2.1047327051549454
16.0,679.0,1.9851371856133018
16.0,680.0,1.872374720407298
16.0,681.0,1.7660465119674713
16.0,682.0,1.66577796686146
16.0,683.0,1.5712168916253317
16.0,684.0,1.4820322790680733
16.0,685.0,1.3979127270279286
16.0,686.0,1.3185654175572463
16.0,687.0,1.243714724534447
16.0,688.0,1.1731013544505027
16.0,689.0,1.1064811149138458
16.0,690.0,1.0436241912585504
16.0,691.0,0.9843140528960345
16.0,692.0,0.9283468443995032
16.0,693.0,0.8755304106220213
16.0,694.0,0.8256837844967652
16.0,695.0,0.778636315048393
16.0,696.0,0.734227237056162
16.0,697.0,0.6923048886881641
16.0,698.0,0.652726350541379
16.0,699.0,0.6153567417483546
16.0,700.0,0.5800689178434711
16.0,701.0,0.5467428359257801
16.0,702.0,0.5152653023901829
16.0,703.0,0.48552939915495963
16.0,704.0,0.4574342736082769
16.0,705.0,0.4308846190849892
16.0,706.0,0.40579050046673126
16.0,707.0,0.3820668830677853
16.0,708.0,0.3596334882336131
16.0,709.0,0.338414365607927
16.0,710.0,0.3183377738336896
16.0,711.0,0.2993357918531459
16.0,712.0,0.28134422045393354
16.0,713.0,0.2643022288247144
16.0,714.0,0.24815227322850683
16.0,715.0,0.2328397755178271
16.0,716.0,0.21831305567478881
16.0,717.0,0.2045230393966342
16.0,718.0,0.1914232016312608
16.0,719.0,0.17896930068898223
16.0,720.0,0.1671193302339676
16.0,721.0,0.1558332776709098
16.0,722.0,0.14507308233630647
16.0,723.0,0.13480241615742156
16.0,724.0,0.12498664602960213
16.0,725.0,0.11559263495596411
16.0,726.0,0.10658870680387728
16.0,727.0,0.09794446631243607
16.0,728.0,0.08963076459761074
16.0,729.0,0.08161953656504033
16.0,730.0,0.07388376568300953
16.0,731.0,0.06639733746387862
16.0,732.0,0.05913500215014985
16.0,733.0,0.052072243031723156
16.0,734.0,0.045185235795404954
16.0,735.0,0.03845073052939539
16.0,736.0,0.031846006572711937
16.0,737.0,0.025348767124653785
16.0,738.0,0.018937088499378783
16.0,739.0,0.01258932630793934
16.0,740.0,0.006284058075913308
16.0,741.0,0.0
17.0,0.0,0.0
17.0,1.0,0.0016700245582703809
17.0,2.0,0.0033456866914290282
17.0,3.0,0.005032642325258751
17.0,4.0,0.006736586664986535
17.0,5.0,0.008463270227057942
17.0,6.0,0.010218522604102935
17.0,7.0,0.012008266439608376
17.0,8.0,0.013838544292007503
17.0,9.0,0.015715530821517172
17.0,10.0,0.017645563023802897
17.0,11.0,0.019635150909384856
17.0,12.0,0.021691011389020267
17.0,13.0,0.02382007774130389
17.0,14.0,0.026029537447767263
17.0,15.0,0.028326840763878303
17.0,16.0,0.030719742822186476
17.0,17.0,0.03321631164622192
17.0,18.0,0.035824974865213084
17.0,19.0,0.0385545275398559
17.0,20.0,0.04141418386269831
17.0,21.0,0.04441358519996573
17.0,22.0,0.04756285718827064
17.0,23.0,0.050872618438347283
17.0,24.0,0.05435404348207729
17.0,25.0,0.058018872632968926
17.0,26.0,0.06187948128854051
17.0,27.0,0.0659488914997362
17.0,28.0,0.07024084819364006
17.0,29.0,0.07476983307104551
17.0,30.0,0.079551148384709
17.0,31.0,0.0846009338625669
17.0,32.0,0.08993625875902568
17.0,33.0,0.09557514259278956
17.0,34.0,0.10153665628517111
17.0,35.0,0.10784094760854152
17.0,36.0,0.11450935233897629
17.0,37.0,0.12156442543691044
17.0,38.0,0.12903006327487573
17.0,39.0,0.13693154171967328
17.0,40.0,0.14529565065356081
17.0,41.0,0.1541507403016571
17.0,42.0,0.1635268694517295
17.0,43.0,0.17345586157722945
17.0,44.0,0.18397146838307382
17.0,45.0,0.19510943752067234
17.0,46.0,0.2069076933526049
17.0,47.0,0.2194064183499683
17.0,48.0,0.2326482532873879
17.0,49.0,0.24667839476589193
17.0,50.0,0.2615448174334575
17.0,51.0,0.2772983905020525
17.0,52.0,0.29399312505314457
17.0,53.0,0.3116863129325567
17.0,54.0,0.3304388027640812
17.0,55.0,0.35031516523157896
17.0,56.0,0.371384002110686
17.0,57.0,0.3937181427104695
17.0,58.0,0.417394991072445
17.0,59.0,0.4424967592765342
17.0,60.0,0.4691108589841525
17.0,61.0,0.497330178454826
17.0,62.0,0.527253525869562
17.0,63.0,0.5589859583030133
17.0,64.0,0.5926392858067147
17.0,65.0,0.6283324622934077
17.0,66.0,0.6661921612474465
17.0,67.0,0.7063532405669981
17.0,68.0,0.7489594030682738
17.0,69.0,0.7941637498670555
17.0,70.0,0.8421295416239294
17.0,71.0,0.8930308580962512
17.0,72.0,0.9470534793947543
17.0,73.0,1.0043956729513193
17.0,74.0,1.0652692179561394
17.0,75.0,1.1299003451712295
17.0,76.0,1.1985309321574935
17.0,77.0,1.271419626027337
17.0,78.0,1.3488432418808853
17.0,79.0,1.4310981034510493
17.0,80.0,1.5185016819144816
17.0,81.0,1.6113941938014338
17.0,82.0,1.7101405211182794
17.0,83.0,1.8151321085957386
17.0,84.0,1.9267892070952133
17.0,85.0,2.0455631108537573
17.0,86.0,2.1719387612107095
17.0,87.0,2.306437354649089
17.0,88.0,2.4496193272282043
17.0,89.0,2.6020873383467515
17.0,90.0,2.7644896179852365
17.0,91.0,2.937523276328233
17.0,92.0,3.1219379193510455
17.0,93.0,3.3185391293957887
17.0,94.0,3.5281921126819853
17.0,95.0,3.751825006593975
17.0,96.0,3.9904320731535154
17.0,97.0,4.245076163682431
17.0,98.0,4.516890553731392
17.0,99.0,4.807079363752581
17.0,100.0,5.116916464323446
17.0,101.0,5.447741830103397
17.0,102.0,5.800954952906362
17.0,103.0,6.178003940966054
17.0,104.0,6.580369555068842
17.0,105.0,7.009542437831304
17.0,106.0,7.4669924629532645
17.0,107.0,7.954128244023694
17.0,108.0,8.47224574019357
17.0,109.0,9.022464374846912
17.0,110.0,9.605650549414626
17.0,111.0,10.222328691996347
17.0,112.0,10.872582447796676
17.0,113.0,11.555950007065649
17.0,114.0,12.271321128349014
17.0,115.0,13.01684552243829
17.0,116.0,13.789865712562088
17.0,117.0,14.586888092317471
17.0,118.0,15.40360602668821
17.0,119.0,16.234984238503205
17.0,120.0,17.075407459908558
17.0,121.0,17.918885790116974
17.0,122.0,18.759299785261273
17.0,123.0,19.590659513380622
17.0,124.0,20.40734964416393
17.0,125.0,21.204334806489513
17.0,126.0,21.977308239565374
17.0,127.0,22.722776178964374
17.0,128.0,23.438080957084953
17.0,129.0,24.12137206043794
17.0,130.0,24.771538989047635
17.0,131.0,25.38811963952421
17.0,132.0,25.97119732728113
17.0,133.0,26.521296113348708
17.0,134.0,27.0392819935216
17.0,135.0,27.52627394558382
17.0,136.0,27.98356744156105
17.0,137.0,28.41257056469909
17.0,138.0,28.814752613281506
17.0,139.0,29.19160360741586
17.0,140.0,29.544603636112033
17.0,141.0,29.875200084175606
17.0,142.0,30.18479166581521
17.0,143.0,30.474717521114524
17.0,144.0,30.746250626190914
17.0,145.0,31.000594143896894
17.0,146.0,31.23888032569641
17.0,147.0,31.462170928558017
17.0,148.0,31.671459046048422
17.0,149.0,31.86767156861785
17.0,150.0,32.0516723726847
17.0,151.0,32.224265622861225
17.0,152.0,32.38619941444523
17.0,153.0,32.538169248147646
17.0,154.0,32.680821639935346
17.0,155.0,32.81475742389685
17.0,156.0,32.94053509290242
17.0,157.0,33.05867377455868
17.0,158.0,33.169656208083154
17.0,159.0,33.27393134331361
17.0,160.0,33.37191693573478
17.0,161.0,33.46400177326233
17.0,162.0,33.55054790960558
17.0,163.0,33.6318925493796
17.0,164.0,33.70834995659472
17.0,165.0,33.78021303845911
17.0,166.0,33.847754970667964
17.0,167.0,33.911230521613405
17.0,168.0,33.970877435045466
17.0,169.0,34.02691753363148
17.0,170.0,34.079557895710714
17.0,171.0,34.12899177263803
17.0,172.0,34.17539959151304
17.0,173.0,34.21894971577886
17.0,174.0,34.259799300885504
17.0,175.0,34.298094922830046
17.0,176.0,34.33397330914778
17.0,177.0,34.36756185576116
17.0,178.0,34.39897925165582
17.0,179.0,34.42833590065169
17.0,180.0,34.455734454662526
17.0,181.0,34.48127015382521
17.0,182.0,34.50503128035338
17.0,183.0,34.52709942784681
17.0,184.0,34.54754988542111
17.0,185.0,34.56645184496888
17.0,186.0,34.58386872350075
17.0,187.0,34.5998583156987
17.0,188.0,34.61447306133622
17.0,189.0,34.62776014980335
17.0,190.0,34.639761739307936
17.0,191.0,34.650515020474124
17.0,192.0,34.66005239518692
17.0,193.0,34.66840150843296
17.0,194.0,34.67558539786671
17.0,195.0,34.681622507707566
17.0,196.0,34.686526826548786
17.0,197.0,34.69030790578529
17.0,198.0,34.69297101458084
17.0,199.0,34.69451719998476
17.0,200.0,34.69494350655525
17.0,201.0,34.6942431383633
17.0,202.0,34.69240581870769
17.0,203.0,34.689418147141986
17.0,204.0,34.685264212178694
17.0,205.0,34.67992627695927
17.0,206.0,34.673385798296756
17.0,207.0,34.66562460965107
17.0,208.0,34.65662652097204
17.0,209.0,34.64637916226613
17.0,210.0,34.63487628970113
17.0,211.0,34.62212033888029
17.0,212.0,34.6081253591741
17.0,213.0,34.59292001054428
17.0,214.0,34.57655060828346
17.0,215.0,34.55908374203555
17.0,216.0,34.5406082887814
17.0,217.0,34.52123623712564
17.0,218.0,34.50110211484487
17.0,219.0,34.48036057179864
17.0,220.0,34.45918221382098
17.0,221.0,34.43774772643771
17.0,222.0,34.416240947427525
17.0,223.0,34.39484145393572
17.0,224.0,34.37371762957807
17.0,225.0,34.35302078378094
17.0,226.0,34.3328809692445
17.0,227.0,34.313404555979794
17.0,228.0,34.2946736312856
17.0,229.0,34.276746810423255
17.0,230.0,34.25966121059763
17.0,231.0,34.24343505125826
17.0,232.0,34.22807064798553
17.0,233.0,34.21355738498394
17.0,234.0,34.1998745861611
17.0,235.0,34.186994037808866
17.0,236.0,34.174882218357645
17.0,237.0,34.163502104275786
17.0,238.0,34.15281467960163
17.0,239.0,34.142780073184284
17.0,240.0,34.133358472405575
17.0,241.0,34.12451075385095
17.0,242.0,34.116198974420485
17.0,243.0,34.1083866626597
17.0,244.0,34.10103903909897
17.0,245.0,34.094123100158505
17.0,246.0,34.08760767881413
17.0,247.0,34.08146341218625
17.0,248.0,34.07566271582601
17.0,249.0,34.07017969278154
17.0,250.0,34.06499006645295
17.0,251.0,34.06007106543758
17.0,252.0,34.055401340830876
17.0,253.0,34.05096084592599
17.0,254.0,34.046730751853616
17.0,255.0,34.04269333189549
17.0,256.0,34.03883188219824
17.0,257.0,34.03513061502046
17.0,258.0,34.031574587168066
17.0,259.0,34.02814960345946
17.0,260.0,34.02484215330572
17.0,261.0,34.021639324073675
17.0,262.0,34.0185287450986
17.0,263.0,34.01549850983965
17.0,264.0,34.01253712608735
17.0,265.0,34.009633445469966
17.0,266.0,34.0067766184181
17.0,267.0,34.003956029475894
17.0,268.0,34.00116125554421
17.0,269.0,33.998382005451035
17.0,270.0,33.99560808001904
17.0,271.0,33.99282931438484
17.0,272.0,33.99003553847377
17.0,273.0,33.98721652058963
17.0,274.0,33.98436192690213
17.0,275.0,33.981461264839595
17.0,276.0,33.978503840191294
17.0,277.0,33.97547869881886
17.0,278.0,33.972374579947136
17.0,279.0,33.969179854671694
17.0,280.0,33.965882473968605
17.0,281.0,33.96246990243387
17.0,282.0,33.958929059511725
17.0,283.0,33.955246246894944
17.0,284.0,33.951407081505046
17.0,285.0,33.9473964150802
17.0,286.0,33.94319825763381
17.0,287.0,33.938795688085186
17.0,288.0,33.934170767440655
17.0,289.0,33.92930444009931
17.0,290.0,33.924176437128956
17.0,291.0,33.918765169474824
17.0,292.0,33.913047623917954
17.0,293.0,33.90699925244062
17.0,294.0,33.90059386753278
17.0,295.0,33.89380353739712
17.0,296.0,33.886598494416994
17.0,297.0,33.87894705518793
17.0,298.0,33.87081556793316
17.0,299.0,33.86216839156164
17.0,300.0,33.85296792687624
17.0,301.0,33.84317471233521
17.0,302.0,33.83274761222973
17.0,303.0,33.82164412012584
17.0,304.0,33.80982081497667
17.0,305.0,33.79723400400782
17.0,306.0,33.783840598453736
17.0,307.0,33.769599262944354
17.0,308.0,33.754471883895484
17.0,309.0,33.73842538729037
17.0,310.0,33.72143392394511
17.0,311.0,33.703481403586906
17.0,312.0,33.68456431788146
17.0,313.0,33.66469472358726
17.0,314.0,33.643903184584175
17.0,315.0,33.62224138181527
17.0,316.0,33.599784031329186
17.0,317.0,33.57662970325364
17.0,318.0,33.55290016144166
17.0,319.0,33.528737944100875
17.0,320.0,33.50430211618251
17.0,321.0,33.47976239319394
17.0,322.0,33.4552921380867
17.0,323.0,33.43106095025463
17.0,324.0,33.40722766228543
17.0,325.0,33.38393446244346
17.0,326.0,33.36130264664464
17.0,327.0,33.339430196411264
17.0,328.0,33.318391117811935
17.0,329.0,33.29823625638535
17.0,330.0,33.27899521416003
17.0,331.0,33.260678954124295
17.0,332.0,33.24328274088116
17.0,333.0,33.226789116845076
17.0,334.0,33.21117072349781
17.0,335.0,33.19639282694192
17.0,336.0,33.18241550093708
17.0,337.0,33.169195434488415
17.0,338.0,33.15668739747523
17.0,339.0,33.144845378053255
17.0,340.0,33.13362345500445
17.0,341.0,33.1229764266998
17.0,342.0,33.11286026308746
17.0,343.0,33.10323239309902
17.0,344.0,33.09405188782909
17.0,345.0,33.08527953794159
17.0,346.0,33.07687787884076
17.0,347.0,33.068811148811534
17.0,348.0,33.06104522915867
17.0,349.0,33.05354754047239
17.0,350.0,33.046286942338995
17.0,351.0,33.03923360159472
17.0,352.0,33.03235887710206
17.0,353.0,33.025635178580806
17.0,354.0,33.019035849909535
17.0,355.0,33.01253502774601
17.0,356.0,33.00610752959011
17.0,357.0,32.99972871588811
17.0,358.0,32.99337438492238
17.0,359.0,32.987020638961425
17.0,360.0,32.98064378571225
17.0,361.0,32.974220207351465
17.0,362.0,32.967726267008246
17.0,363.0,32.961138178574956
17.0,364.0,32.95443191599851
17.0,365.0,32.94758308124577
17.0,366.0,32.940566813776655
17.0,367.0,32.93335765370438
17.0,368.0,32.92592944853169
17.0,369.0,32.91825520826516
17.0,370.0,32.91030700621395
17.0,371.0,32.90205582251315
17.0,372.0,32.89347143545325
17.0,373.0,32.884522249496094
17.0,374.0,32.875175173192574
17.0,375.0,32.865395427317154
17.0,376.0,32.855146404933414
17.0,377.0,32.84438945473467
17.0,378.0,32.833083718251565
17.0,379.0,32.82118588290491
17.0,380.0,32.80864999077793
17.0,381.0,32.79542715535388
17.0,382.0,32.78146533582906
17.0,383.0,32.76670901120695
17.0,384.0,32.75109891405949
17.0,385.0,32.73457165592578
17.0,386.0,32.717059415203494
17.0,387.0,32.6984895092739
17.0,388.0,32.678784033644995
17.0,389.0,32.65785937997933
17.0,390.0,32.63562582913449
17.0,391.0,32.611987022150686
17.0,392.0,32.586839520822934
17.0,393.0,32.56007225376218
17.0,394.0,32.53156607846039
17.0,395.0,32.50119325163597
17.0,396.0,32.468817062447606
17.0,397.0,32.43429142282544
17.0,398.0,32.39746070132696
17.0,399.0,32.358159605208925
17.0,400.0,32.31621343970153
17.0,401.0,32.27143857096466
17.0,402.0,32.223643477216825
17.0,403.0,32.17263024823794
17.0,404.0,32.11819698374648
17.0,405.0,32.06014098907236
17.0,406.0,31.998263279823806
17.0,407.0,31.93237430987277
17.0,408.0,31.862301448092637
17.0,409.0,31.787898049036755
17.0,410.0,31.709054523533823
17.0,411.0,31.625710992552893
17.0,412.0,31.537871556836187
17.0,413.0,31.445619198917996
17.0,414.0,31.349130658811788
17.0,415.0,31.248689473914432
17.0,416.0,31.144695746722476
17.0,417.0,31.037670235134776
17.0,418.0,30.928251241167963
17.0,419.0,30.81718251620963
17.0,420.0,30.705292227571686
17.0,421.0,30.59346358792348
17.0,422.0,30.48260005975517
17.0,423.0,30.373588320778126
17.0,424.0,30.267263484582827
17.0,425.0,30.164379745489104
17.0,426.0,30.065589393858247
17.0,427.0,29.971430752559332
17.0,428.0,29.88232514753703
17.0,429.0,29.79858104588928
17.0,430.0,29.720403939424994
17.0,431.0,29.647909450074405
17.0,432.0,29.581138356688985
17.0,433.0,29.52007158189499
17.0,434.0,29.46464464980975
17.0,435.0,29.414760446130646
17.0,436.0,29.370300515941345
17.0,437.0,29.33113426457458
17.0,438.0,29.29712670335515
17.0,439.0,29.2681443348707
17.0,440.0,29.244059971683388
17.0,441.0,29.22475612017574
17.0,442.0,29.21012774192044
17.0,443.0,29.200083976770962
17.0,444.0,29.194549610608927
17.0,445.0,29.19346580268982
17.0,446.0,29.196790820741565
17.0,447.0,29.20450023462185
17.0,448.0,29.21658729185169
17.0,449.0,29.233062874313333
17.0,450.0,29.25395574691479
17.0,451.0,29.279312458088306
17.0,452.0,29.309197600526137
17.0,453.0,29.34369376188971
17.0,454.0,29.382901878563477
17.0,455.0,29.42694129855101
17.0,456.0,29.47595027573667
17.0,457.0,29.53008618234283
17.0,458.0,29.589526173588705
17.0,459.0,29.654467575064455
17.0,460.0,29.72512874001882
17.0,461.0,29.801749632835545
17.0,462.0,29.884592899734542
17.0,463.0,29.97394467031758
17.0,464.0,30.070115865019005
17.0,465.0,30.17344324075821
17.0,466.0,30.284290963801958
17.0,467.0,30.403051932044807
17.0,468.0,30.53014964944043
17.0,469.0,30.666039865930987
17.0,470.0,30.81121279903006
17.0,471.0,30.96619514281059
17.0,472.0,31.13155269352214
17.0,473.0,31.30789279130417
17.0,474.0,31.495867419870542
17.0,475.0,31.69617615866752
17.0,476.0,31.909569841487
17.0,477.0,32.136854112303844
17.0,478.0,32.378893743612586
17.0,479.0,32.63661690523957
17.0,480.0,32.91102025884425
17.0,481.0,33.203174063568774
17.0,482.0,33.514228175592116
17.0,483.0,33.84541812347478
17.0,484.0,34.198072145275695
17.0,485.0,34.5736183622063
17.0,486.0,34.97359297027369
17.0,487.0,35.399648609538836
17.0,488.0,35.85356377416364
17.0,489.0,36.33725239195097
17.0,490.0,36.852774394325145
17.0,491.0,37.402346345651594
17.0,492.0,37.98835286977595
17.0,493.0,38.613357832592136
17.0,494.0,39.280115867598035
17.0,495.0,39.991583009381415
17.0,496.0,40.750926762179965
17.0,497.0,41.56153404171041
17.0,498.0,42.4270168914214
17.0,499.0,43.351213887633165
17.0,500.0,44.33818647489692
17.0,501.0,45.39220736107454
17.0,502.0,46.5177392711124
17.0,503.0,47.71940012989217
17.0,504.0,49.001911802222494
17.0,505.0,50.370027293850065
17.0,506.0,51.828432484963955
17.0,507.0,53.381616627125474
17.0,508.0,55.033707687910336
17.0,509.0,56.788268000097695
17.0,510.0,58.6480493019731
17.0,511.0,60.61470816225433
17.0,512.0,62.68848957414635
17.0,513.0,64.86789207310929
17.0,514.0,67.14933798335018
17.0,515.0,69.52688031288153
17.0,516.0,71.9919876644319
17.0,517.0,74.5334516842336
17.0,518.0,77.13746072844941
17.0,519.0,79.78786995903728
17.0,520.0,82.46667675502889
17.0,521.0,85.1546779109673
17.0,522.0,87.83225363278139
17.0,523.0,90.48019656030064
17.0,524.0,93.080495742748
17.0,525.0,95.61699382062055
17.0,526.0,98.07586237561054
17.0,527.0,100.445871992908
17.0,528.0,102.71846582465017
17.0,529.0,104.88766698723667
17.0,530.0,106.94986332655442
17.0,531.0,108.90351424227012
17.0,532.0,110.74882074437028
17.0,533.0,112.48739047897898
17.0,534.0,114.12192108613142
17.0,535.0,115.65591550912671
17.0,536.0,117.09343674960101
17.0,537.0,118.43890337447677
17.0,538.0,119.69692452319119
17.0,539.0,120.87217023199851
17.0,540.0,121.96927277394312
17.0,541.0,122.99275365236667
17.0,542.0,123.94697188651689
17.0,543.0,124.8360889466488
17.0,544.0,125.66404698690204
17.0,545.0,126.43455694599257
17.0,546.0,127.15109428841409
17.0,547.0,127.81690006095789
17.0,548.0,128.43498593351532
17.0,549.0,129.00814172904168
17.0,550.0,129.53894472581354
17.0,551.0,130.0297698050971
17.0,552.0,130.48280010815523
17.0,553.0,130.90003764630583
17.0,554.0,131.28331374306066
17.0,555.0,131.63429898904684
17.0,556.0,131.95451269544785
17.0,557.0,132.24533167908118
17.0,558.0,132.5079984042109
17.0,559.0,132.74362841547514
17.0,560.0,132.95321708605385
17.0,561.0,133.1376456868863
17.0,562.0,133.297686776645
17.0,563.0,133.4340089728795
17.0,564.0,133.54718106635963
17.0,565.0,133.63767558447523
17.0,566.0,133.7058717207586
17.0,567.0,133.7520577770355
17.0,568.0,133.77643298642752
17.0,569.0,133.7791089019561
17.0,570.0,133.76011016814002
17.0,571.0,133.71937489740625
17.0,572.0,133.65675441691957
17.0,573.0,133.57201264413945
17.0,574.0,133.46482480453426
17.0,575.0,133.33477578595435
17.0,576.0,133.1813577909187
17.0,577.0,133.00396761742218
17.0,578.0,132.8019031777699
17.0,579.0,132.57435962242394
17.0,580.0,132.32042462774365
17.0,581.0,132.03907325203585
17.0,582.0,131.72916187057973
17.0,583.0,131.38942163411684
17.0,584.0,131.01845091804313
17.0,585.0,130.61470725254316
17.0,586.0,130.1764981665368
17.0,587.0,129.70197149261207
17.0,588.0,129.1891045479805
17.0,589.0,128.635692816377
17.0,590.0,128.03933755737802
17.0,591.0,127.39743308292702
17.0,592.0,126.70715318936033
17.0,593.0,125.96543766339599
17.0,594.0,125.1689784963477
17.0,595.0,124.31420700931304
17.0,596.0,123.3972818050256
17.0,597.0,122.4140792003421
17.0,598.0,121.36018654355505
17.0,599.0,120.23090076873672
17.0,600.0,119.02123337147165
17.0,601.0,117.72592518368754
17.0,602.0,116.33947326467737
17.0,603.0,114.85617465490628
17.0,604.0,113.27019072754224
17.0,605.0,111.57563838805923
17.0,606.0,109.76671313125074
17.0,607.0,107.83785109340151
17.0,608.0,105.78393504608543
17.0,609.0,103.60054998372125
17.0,610.0,101.28428945116889
17.0,611.0,98.83311138991834
17.0,612.0,96.24673372894783
17.0,613.0,93.52705309518001
17.0,614.0,90.67855704579155
17.0,615.0,87.70869053886084
17.0,616.0,84.6281247932075
17.0,617.0,81.4508730496738
17.0,618.0,78.19419844521913
17.0,619.0,74.8782764486708
17.0,620.0,71.52560051256056
17.0,621.0,68.16016061403784
17.0,622.0,64.80646313449482
17.0,623.0,61.48849460337199
17.0,624.0,58.22874156108808
17.0,625.0,55.04736908577764
17.0,626.0,51.96162639486723
17.0,627.0,48.985509252100265
17.0,628.0,46.12966775727536
17.0,629.0,43.40152206349573
17.0,630.0,40.805531117658816
17.0,631.0,38.343559070611924
17.0,632.0,36.015287353832974
17.0,633.0,33.818633311357374
17.0,634.0,31.750145597025682
17.0,635.0,29.805359922070878
17.0,636.0,27.97910514896249
17.0,637.0,26.265758757748692
17.0,638.0,24.659452563290294
17.0,639.0,23.154234620503455
17.0,640.0,21.744191958750005
17.0,641.0,20.423541605054318
17.0,642.0,19.18669456304193
17.0,643.0,18.028299356427098
17.0,644.0,16.943268492797642
17.0,645.0,15.926792988866028
17.0,646.0,14.974346858744267
17.0,647.0,14.081685373121413
17.0,648.0,13.244837822260962
17.0,649.0,12.46009760022832
17.0,650.0,11.724009527665846
17.0,651.0,11.03335656671439
17.0,652.0,10.385145321966007
17.0,653.0,9.776592063575007
17.0,654.0,9.205108350582945
17.0,655.0,8.668287739311891
17.0,656.0,8.163892475062912
17.0,657.0,7.6898415055107945
17.0,658.0,7.244198618934264
17.0,659.0,6.825161962138268
17.0,660.0,6.431053697074958
17.0,661.0,6.0603110036491215
17.0,662.0,5.711477173442067
17.0,663.0,5.383193974241485
17.0,664.0,5.074194032959443
17.0,665.0,4.783294399278513
17.0,666.0,4.509390050096149
17.0,667.0,4.251448484005358
17.0,668.0,4.008504183724864
17.0,669.0,3.779654083926597
17.0,670.0,3.56405284318276
17.0,671.0,3.3609090453189077
17.0,672.0,3.1694811513822896
17.0,673.0,2.989074314131087
17.0,674.0,2.8190368997570165
17.0,675.0,2.6587578137680756
17.0,676.0,2.5076634999488423
17.0,677.0,2.3652156926265824
17.0,678.0,2.230908815938497
17.0,679.0,2.104268091923244
17.0,680.0,1.9848472764484664
17.0,681.0,1.8722270647644452
17.0,682.0,1.7660131115592625
17.0,683.0,1.6658346857510418
17.0,684.0,1.571342931327986
17.0,685.0,1.482209731509564
17.0,686.0,1.3981261745724956
17.0,687.0,1.3188015943562583
17.0,688.0,1.2439622114429782
17.0,689.0,1.173350322575392
17.0,690.0,1.1067230925901963
17.0,691.0,1.043851869882199
17.0,692.0,0.9845211085949758
17.0,693.0,0.928527790994232
17.0,694.0,0.875680462770985
17.0,695.0,0.8257987462386431
17.0,696.0,0.7787124743460248
17.0,697.0,0.734261281116091
17.0,698.0,0.6922938222159383
17.0,699.0,0.6526674311157251
17.0,700.0,0.6152474159148917
17.0,701.0,0.5799067714023967
17.0,702.0,0.5465255433688596
17.0,703.0,0.514990588161834
17.0,704.0,0.48519499698329716
17.0,705.0,0.45703789571083603
17.0,706.0,0.43042392273769403
17.0,707.0,0.40526306281606367
17.0,708.0,0.3814701728817729
17.0,709.0,0.3589648445042424
17.0,710.0,0.3376709728811012
17.0,711.0,0.31751664317873923
17.0,712.0,0.29843373850871585
17.0,713.0,0.2803578460356411
17.0,714.0,0.26322790027729365
17.0,715.0,0.24698610536083282
17.0,716.0,0.23157761043825328
17.0,717.0,0.21695044490220838
17.0,718.0,0.20305522309086
17.0,719.0,0.18984508964263283
17.0,720.0,0.17727545099024783
17.0,721.0,0.16530392834906382
17.0,722.0,0.1538901137776846
17.0,723.0,0.14299552856493858
17.0,724.0,0.13258340187090736
17.0,725.0,0.12261863250936897
17.0,726.0,0.11306758838410155
17.0,727.0,0.10389806986194082
17.0,728.0,0.09507912838941276
17.0,729.0,0.08658102982065942
17.0,730.0,0.0783750907426382
17.0,731.0,0.07043364026550965
17.0,732.0,0.06272987270389524
17.0,733.0,0.05523780645771342
17.0,734.0,0.047932151794811376
17.0,735.0,0.04078826554996361
17.0,736.0,0.033782032832592505
17.0,737.0,0.02688981635253577
17.0,738.0,0.020088350937125524
17.0,739.0,0.013354686355824187
17.0,740.0,0.0066660935748567305
17.0,741.0,0.0
18.0,0.0,0.0
18.0,1.0,0.0017639967162946055
18.0,2.0,0.0035339474733781205
18.0,3.0,0.005315827013829055
18.0,4.0,0.007115648897223247
18.0,5.0,0.008939489060558638
18.0,6.0,0.010793501620639958
18.0,7.0,0.012683945567354271
18.0,8.0,0.01461719853258757
18.0,9.0,0.01659978689664092
18.0,10.0,0.018638397812610827
18.0,11.0,0.020739913016334245
18.0,12.0,0.02291141940888222
18.0,13.0,0.025160246874728977
18.0,14.0,0.027493977743100646
18.0,15.0,0.029920488937841213
18.0,16.0,0.03244796066114013
18.0,17.0,0.035084923222163285
18.0,18.0,0.03784026531456079
18.0,19.0,0.04072328589978896
18.0,20.0,0.043743702483280515
18.0,21.0,0.046911708463059434
18.0,22.0,0.05023798184916887
18.0,23.0,0.053733748529359866
18.0,24.0,0.057410791923085173
18.0,25.0,0.06128152266456539
18.0,26.0,0.06535898973730533
18.0,27.0,0.06965695713172976
18.0,28.0,0.07418991706990079
18.0,29.0,0.07897317426141556
18.0,30.0,0.08402286190217953
18.0,31.0,0.0893560342298875
18.0,32.0,0.09499068606701751
18.0,33.0,0.10094585446782318
18.0,34.0,0.10724164267620469
18.0,35.0,0.11389933176198083
18.0,36.0,0.12094140998146688
18.0,37.0,0.12839169542463227
18.0,38.0,0.13627537190313313
18.0,39.0,0.1446191237751847
18.0,40.0,0.15345117964621738
18.0,41.0,0.16280146070907087
18.0,42.0,0.17270163373099284
18.0,43.0,0.1831852744482285
18.0,44.0,0.19428793153546342
18.0,45.0,0.20604730683237352
18.0,46.0,0.21850333225486646
18.0,47.0,0.23169836891449555
18.0,48.0,0.24567729924366663
18.0,49.0,0.2604877474066617
18.0,50.0,0.2761801892840684
18.0,51.0,0.2928081969784064
18.0,52.0,0.3104285697496013
18.0,53.0,0.3291016059034802
18.0,54.0,0.34889125830632534
18.0,55.0,0.36986543752868567
18.0,56.0,0.3920961962126079
18.0,57.0,0.41566006804797506
18.0,58.0,0.4406382860446942
18.0,59.0,0.467117162770098
18.0,60.0,0.495188348518415
18.0,61.0,0.5249492592662373
18.0,62.0,0.5565033818658649
18.0,63.0,0.5899607574164651
18.0,64.0,0.6254383419732829
18.0,65.0,0.6630605545232834
18.0,66.0,0.7029597033379167
18.0,67.0,0.7452766095227242
18.0,68.0,0.7901611110846359
18.0,69.0,0.8377727751288887
18.0,70.0,0.8882814939899779
18.0,71.0,0.9418683015933789
18.0,72.0,0.9987260786141694
18.0,73.0,1.0590604912855224
18.0,74.0,1.123090825449931
18.0,75.0,1.1910510690881073
18.0,76.0,1.263190898163836
18.0,77.0,1.339776927137265
18.0,78.0,1.4210938723435513
18.0,79.0,1.5074459972743248
18.0,80.0,1.599158481222787
18.0,81.0,1.6965790872805573
18.0,82.0,1.8000797639344979
18.0,83.0,1.9100585619416355
18.0,84.0,2.026941492370211
18.0,85.0,2.1511847110176108
18.0,86.0,2.2832766444416426
18.0,87.0,2.4237404426957116
18.0,88.0,2.573136359163082
18.0,89.0,2.7320644363694218
18.0,90.0,2.9011670760710073
18.0,91.0,3.0811318563261816
18.0,92.0,3.2726941396978306
18.0,93.0,3.476639803245127
18.0,94.0,3.693807581086405
18.0,95.0,3.925091293702507
18.0,96.0,4.17144137221553
18.0,97.0,4.433865859610445
18.0,98.0,4.713430173251544
18.0,99.0,5.0112556705247835
18.0,100.0,5.328516126005744
18.0,101.0,5.666431967181102
18.0,102.0,6.0262611503634105
18.0,103.0,6.4092862894783345
18.0,104.0,6.816796679125028
18.0,105.0,7.250064621356195
18.0,106.0,7.710314561851353
18.0,107.0,8.19868445407029
18.0,108.0,8.716178085941594
18.0,109.0,9.263608358382935
18.0,110.0,9.84153127859403
18.0,111.0,10.450172280430651
18.0,112.0,11.089346936320322
18.0,113.0,11.758380671134843
18.0,114.0,12.4560330835049
18.0,115.0,13.18043519983095
18.0,116.0,13.929048482029122
18.0,117.0,14.69865568747997
18.0,118.0,15.485391621903732
18.0,119.0,16.284819583763127
18.0,120.0,17.092053321184636
18.0,121.0,17.90191880641542
18.0,122.0,18.709142799982484
18.0,123.0,19.50855124123396
18.0,124.0,20.2952578123883
18.0,125.0,21.064825712759248
18.0,126.0,21.813389615345265
18.0,127.0,22.537732110765614
18.0,128.0,23.23531445957589
18.0,129.0,23.904267451509636
18.0,130.0,24.543350412426562
18.0,131.0,25.151888457367285
18.0,132.0,25.72969681081779
18.0,133.0,26.27700051936501
18.0,134.0,26.794355162291012
18.0,135.0,27.28257317045383
18.0,136.0,27.7426578179637
18.0,137.0,28.175746498914712
18.0,138.0,28.58306305213211
18.0,139.0,28.965879123218045
18.0,140.0,29.3254832984239
18.0,141.0,29.663157428974785
18.0,142.0,29.9801586514275
18.0,143.0,30.27770651361973
18.0,144.0,30.556973847431436
18.0,145.0,30.81908100124444
18.0,146.0,31.065092313447952
18.0,147.0,31.296014674345596
18.0,148.0,31.512797284432146
18.0,149.0,31.71633265134756
18.0,150.0,31.9074581092586
18.0,151.0,32.086958043291915
18.0,152.0,32.25556622644864
18.0,153.0,32.41396854403912
18.0,154.0,32.56280559537568
18.0,155.0,32.702675504499794
18.0,156.0,32.83413648276955
18.0,157.0,32.95770950742016
18.0,158.0,33.073880692753505
18.0,159.0,33.18310373456909
18.0,160.0,33.285802026225774
18.0,161.0,33.382370833529755
18.0,162.0,33.47317914126701
18.0,163.0,33.558571559113894
18.0,164.0,33.63886990993188
18.0,165.0,33.71437488511492
18.0,166.0,33.78536739783682
18.0,167.0,33.85211001369659
18.0,168.0,33.91484809624493
18.0,169.0,33.9738110405138
18.0,170.0,34.02921323812975
18.0,171.0,34.08125514008057
18.0,172.0,34.13012406665509
18.0,173.0,34.175995123201645
18.0,174.0,34.21903187721041
18.0,175.0,34.25938714774303
18.0,176.0,34.29720356884956
18.0,177.0,34.33261427027175
18.0,178.0,34.36574334340356
18.0,179.0,34.39670642803413
18.0,180.0,34.42561109438785
18.0,181.0,34.45255734819616
18.0,182.0,34.47763794007467
18.0,183.0,34.500938799160345
18.0,184.0,34.5225392792584
18.0,185.0,34.542512529715054
18.0,186.0,34.560925686471116
18.0,187.0,34.577840187860474
18.0,188.0,34.59331191807566
18.0,189.0,34.60739147537071
18.0,190.0,34.620124275718325
18.0,191.0,34.631550781769384
18.0,192.0,34.64170657607088
18.0,193.0,34.65062256161208
18.0,194.0,34.6583250175235
18.0,195.0,34.66483578691387
18.0,196.0,34.67017233443429
18.0,197.0,34.6743479454908
18.0,198.0,34.677371815686044
18.0,199.0,34.67924929872375
18.0,200.0,34.67998207386611
18.0,201.0,34.679568499065624
18.0,202.0,34.678003924838556
18.0,203.0,34.67528123403991
18.0,204.0,34.67139139697222
18.0,205.0,34.66632430516536
18.0,206.0,34.66006968462911
18.0,207.0,34.652618344060826
18.0,208.0,34.643963559740875
18.0,209.0,34.63410282874236
18.0,210.0,34.62303977024259
18.0,211.0,34.610786352693566
18.0,212.0,34.59736516827529
18.0,213.0,34.58281183929049
18.0,214.0,34.5671771840947
18.0,215.0,34.55052911370961
18.0,216.0,34.53295380212154
18.0,217.0,34.514556043451456
18.0,218.0,34.495458368503726
18.0,219.0,34.475798949515976
18.0,220.0,34.45572810759942
18.0,221.0,34.435403772950345
18.0,222.0,34.41498608647855
18.0,223.0,34.39463180784987
18.0,224.0,34.37448891483032
18.0,225.0,34.35469205199331
18.0,226.0,34.335359031245474
18.0,227.0,34.31658871345051
18.0,228.0,34.298460113247366
18.0,229.0,34.28103272123499
18.0,230.0,34.26434765741006
18.0,231.0,34.248429520573495
18.0,232.0,34.233288531820975
18.0,233.0,34.218922881013945
18.0,234.0,34.20532097262224
18.0,235.0,34.19246357961507
18.0,236.0,34.180325709241856
18.0,237.0,34.16887826880983
18.0,238.0,34.15808940720756
18.0,239.0,34.14792566055462
18.0,240.0,34.13835281312656
18.0,241.0,34.12933661227798
18.0,242.0,34.12084326093459
18.0,243.0,34.11283982081203
18.0,244.0,34.10529445179867
18.0,245.0,34.09817660916738
18.0,246.0,34.09145712279294
18.0,247.0,34.0851082678003
18.0,248.0,34.079103749801995
18.0,249.0,34.07341870318434
18.0,250.0,34.06802962588839
18.0,251.0,34.06291433988765
18.0,252.0,34.05805190243703
18.0,253.0,34.053422549553716
18.0,254.0,34.04900759946594
18.0,255.0,34.04478939091722
18.0,256.0,34.04075118740764
18.0,257.0,34.03687711653375
18.0,258.0,34.03315207925274
18.0,259.0,34.02956169310906
18.0,260.0,34.02609220818639
18.0,261.0,34.022730455133654
18.0,262.0,34.01946376802005
18.0,263.0,34.01627993700267
18.0,264.0,34.0131671375199
18.0,265.0,34.0101138868832
18.0,266.0,34.007108978850894
18.0,267.0,34.00414144315678
18.0,268.0,34.00120048432611
18.0,269.0,33.998275443037954
18.0,270.0,33.995355737974684
18.0,271.0,33.99243082787438
18.0,272.0,33.98949015518322
18.0,273.0,33.986523107643684
18.0,274.0,33.98351896251417
18.0,275.0,33.98046684653494
18.0,276.0,33.977355679476375
18.0,277.0,33.97417413132169
18.0,278.0,33.970910563903736
18.0,279.0,33.96755298414779
18.0,280.0,33.96408898257201
18.0,281.0,33.96050568146749
18.0,282.0,33.9567896691015
18.0,283.0,33.952926941820465
18.0,284.0,33.948902832968
18.0,285.0,33.94470194815969
18.0,286.0,33.94030808831337
18.0,287.0,33.93570417789621
18.0,288.0,33.930872182236925
18.0,289.0,33.925793029607775
18.0,290.0,33.92044652442901
18.0,291.0,33.91481126597838
18.0,292.0,33.9088645616535
18.0,293.0,33.90258234845327
18.0,294.0,33.89593911481566
18.0,295.0,33.88890783661269
18.0,296.0,33.88145992320872
18.0,297.0,33.87356518869068
18.0,298.0,33.865191848971214
18.0,299.0,33.856306562705484
18.0,300.0,33.846874522848054
18.0,301.0,33.83685962134144
18.0,302.0,33.82622470118111
18.0,303.0,33.81493192418791
18.0,304.0,33.802943276375586
18.0,305.0,33.79022124435579
18.0,306.0,33.77672968916167
18.0,307.0,33.762434950140296
18.0,308.0,33.74730719920497
18.0,309.0,33.73132206142696
18.0,310.0,33.71446249315673
18.0,311.0,33.696720887086904
18.0,312.0,33.678101329798885
18.0,313.0,33.658621895523005
18.0,314.0,33.6383168004158
18.0,315.0,33.61723819510125
18.0,316.0,33.595457327660334
18.0,317.0,33.573064804489185
18.0,318.0,33.550169703074786
18.0,319.0,33.52689738748424
18.0,320.0,33.50338601484695
18.0,321.0,33.4797819127275
18.0,322.0,33.45623418196431
18.0,323.0,33.43288902773449
18.0,324.0,33.409884361693415
18.0,325.0,33.38734517906242
18.0,326.0,33.36538006300591
18.0,327.0,33.344078999540514
18.0,328.0,33.32351248677611
18.0,329.0,33.303731794879354
18.0,330.0,33.284770124059065
18.0,331.0,33.26664439586815
18.0,332.0,33.249357400950394
18.0,333.0,33.23290009117536
18.0,334.0,33.217253829053405
18.0,335.0,33.20239249073342
18.0,336.0,33.18828433429763
18.0,337.0,33.17489361777985
18.0,338.0,33.16218194178194
18.0,339.0,33.150109350200296
18.0,340.0,33.13863519046594
18.0,341.0,33.12771878608872
18.0,342.0,33.1173199263297
18.0,343.0,33.10739922929324
18.0,344.0,33.097918375992265
18.0,345.0,33.08884026938654
18.0,346.0,33.08012910540855
18.0,347.0,33.07175040707942
18.0,348.0,33.06367099828432
18.0,349.0,33.055858966833775
18.0,350.0,33.04828358408691
18.0,351.0,33.04091523114847
18.0,352.0,33.033725290799964
18.0,353.0,33.02668605724082
18.0,354.0,33.01977061554503
18.0,355.0,33.01295274631051
18.0,356.0,33.00620680065667
18.0,357.0,32.999507605471415
18.0,358.0,32.992830337523124
18.0,359.0,32.98615043154927
18.0,360.0,32.9794434543928
18.0,361.0,32.97268501613287
18.0,362.0,32.96585064358542
18.0,363.0,32.958915693476364
18.0,364.0,32.95185522371881
18.0,365.0,32.94464390691139
18.0,366.0,32.937255897232866
18.0,367.0,32.929664742086786
18.0,368.0,32.92184324206106
18.0,369.0,32.913763358195965
18.0,370.0,32.905396062134564
18.0,371.0,32.896711236183364
18.0,372.0,32.88767751046847
18.0,373.0,32.878262152644325
18.0,374.0,32.868430888544125
18.0,375.0,32.85814777805958
18.0,376.0,32.84737501543527
18.0,377.0,32.836072787511135
18.0,378.0,32.82419904949705
18.0,379.0,32.81170936150038
18.0,380.0,32.79855663541765
18.0,381.0,32.784690945586
18.0,382.0,32.77005924251292
18.0,383.0,32.7546051338193
18.0,384.0,32.73826856119706
18.0,385.0,32.72098554894869
18.0,386.0,32.70268784233216
18.0,387.0,32.68330262361734
18.0,388.0,32.66275211371111
18.0,389.0,32.640953260850246
18.0,390.0,32.61781731450463
18.0,391.0,32.593249501388044
18.0,392.0,32.5671485933435
18.0,393.0,32.539406602046824
18.0,394.0,32.50990838428678
18.0,395.0,32.47853141467819
18.0,396.0,32.445145507353985
18.0,397.0,32.40961277087722
18.0,398.0,32.37178758124526
18.0,399.0,32.33151689182298
18.0,400.0,32.288640675483464
18.0,401.0,32.242992860553734
18.0,402.0,32.19440257315921
18.0,403.0,32.142696096320314
18.0,404.0,32.08769937729747
18.0,405.0,32.02924153818296
18.0,406.0,31.96715922488241
18.0,407.0,31.9013022641127
18.0,408.0,31.831540414805797
18.0,409.0,31.75777161825833
18.0,410.0,31.679931370150605
18.0,411.0,31.598003403452278
18.0,412.0,31.512030959915894
18.0,413.0,31.422128427686623
18.0,414.0,31.328492099972994
18.0,415.0,31.23140931868528
18.0,416.0,31.13126428148398
18.0,417.0,31.02853954013561
18.0,418.0,30.923811562734695
18.0,419.0,30.817740019477984
18.0,420.0,30.71105032124412
18.0,421.0,30.604510730319372
18.0,422.0,30.49890539034565
18.0,423.0,30.39500622247429
18.0,424.0,30.293545963370097
18.0,425.0,30.195195310071504
18.0,426.0,30.10054548293361
18.0,427.0,30.01009758003333
18.0,428.0,29.924258180651552
18.0,429.0,29.84334094748834
18.0,430.0,29.767572492864037
18.0,431.0,29.69710166256308
18.0,432.0,29.63201037297141
18.0,433.0,29.57232542676541
18.0,434.0,29.518029884063058
18.0,435.0,29.469073963254292
18.0,436.0,29.425384536239847
18.0,437.0,29.386873638811878
18.0,438.0,29.3534453717562
18.0,439.0,29.325001863394984
18.0,440.0,29.301447798271493
18.0,441.0,29.282694282226633
18.0,442.0,29.26866156366895
18.0,443.0,29.259281400431114
18.0,444.0,29.254498555268654
18.0,445.0,29.254272197997025
18.0,446.0,29.258576645938362
18.0,447.0,29.267402204592234
18.0,448.0,29.280755491088016
18.0,449.0,29.298659991623982
18.0,450.0,29.32115619399609
18.0,451.0,29.348302043208555
18.0,452.0,29.38017302771316
18.0,453.0,29.416862647555742
18.0,454.0,29.458482544848913
18.0,455.0,29.50516305585576
18.0,456.0,29.557053442734375
18.0,457.0,29.614322575312766
18.0,458.0,29.677159301980904
18.0,459.0,29.74577329298192
18.0,460.0,29.82039557868347
18.0,461.0,29.90127957998196
18.0,462.0,29.988701838766193
18.0,463.0,30.082963259847297
18.0,464.0,30.184390059122823
18.0,465.0,30.293335243651452
18.0,466.0,30.410179806554368
18.0,467.0,30.53533447647017
18.0,468.0,30.669241193850176
18.0,469.0,30.81237516749508
18.0,470.0,30.96524667418292
18.0,471.0,31.128403467964176
18.0,472.0,31.302432953711325
18.0,473.0,31.487965004041847
18.0,474.0,31.685674567063167
18.0,475.0,31.89628495577929
18.0,476.0,32.120570960448944
18.0,477.0,32.35936268531237
18.0,478.0,32.61354924547336
18.0,479.0,32.8840832342241
18.0,480.0,33.17198509110261
18.0,481.0,33.47834828714736
18.0,482.0,33.80434445094461
18.0,483.0,34.15122935371456
18.0,484.0,34.52034886701097
18.0,485.0,34.91314580578007
18.0,486.0,35.331166753364386
18.0,487.0,35.77606976361437
18.0,488.0,36.24963200667869
18.0,489.0,36.753758216154324
18.0,490.0,37.29048895132842
18.0,491.0,37.86200946241918
18.0,492.0,38.47065808155351
18.0,493.0,39.11893480637624
18.0,494.0,39.80950884696491
18.0,495.0,40.54522560328581
18.0,496.0,41.32911159885624
18.0,497.0,42.164377523459216
18.0,498.0,43.054417533734494
18.0,499.0,44.002804496255955
18.0,500.0,45.01327877890731
18.0,501.0,46.089729631534404
18.0,502.0,47.23616605654601
18.0,503.0,48.456675439797536
18.0,504.0,49.755366094616704
18.0,505.0,51.13629131776427
18.0,506.0,52.60335069727681
18.0,507.0,54.16016627856744
18.0,508.0,55.809930083029045
18.0,509.0,57.55522238965124
18.0,510.0,59.397800587069305
18.0,511.0,61.33836317759102
18.0,512.0,63.376296128278554
18.0,513.0,65.50941572150792
18.0,514.0,67.73372645460891
18.0,515.0,70.04322000497228
18.0,516.0,72.42974412368805
18.0,517.0,74.88297312441712
18.0,518.0,77.39050635767579
18.0,519.0,79.93811255325372
18.0,520.0,82.5101201423473
18.0,521.0,85.08993463782598
18.0,522.0,87.66064209292972
18.0,523.0,90.20564363288946
18.0,524.0,92.70925890498283
18.0,525.0,95.15724341583507
18.0,526.0,97.5371788273968
18.0,527.0,99.83871721299047
18.0,528.0,102.0536794872285
18.0,529.0,104.17602576421693
18.0,530.0,106.20172418743962
18.0,531.0,108.12854971854243
18.0,532.0,109.95584195214938
18.0,533.0,111.6842477425875
18.0,534.0,113.31546744685524
18.0,535.0,114.85201865490714
18.0,536.0,116.2970249074936
18.0,537.0,117.65403365114032
18.0,538.0,118.92686359299306
18.0,539.0,120.11948048373701
18.0,540.0,121.23589822795398
18.0,541.0,122.28010249596159
18.0,542.0,123.25599303162791
18.0,543.0,124.16734177294083
18.0,544.0,125.01776344173356
18.0,545.0,125.81069634158793
18.0,546.0,126.5493908166419
18.0,547.0,127.23690383208806
18.0,548.0,127.8760978822017
18.0,549.0,128.46964328189438
18.0,550.0,129.0200226380195
18.0,551.0,129.5295369767247
18.0,552.0,130.00031274664275
18.0,553.0,130.4343094411805
18.0,554.0,130.83332735071673
18.0,555.0,131.1990153407412
18.0,556.0,131.53287836404098
18.0,557.0,131.83628467765
18.0,558.0,132.11047260804796
18.0,559.0,132.35655685934228
18.0,560.0,132.57553430422573
18.0,561.0,132.7682892447533
18.0,562.0,132.93559815521692
18.0,563.0,133.07813386716518
18.0,564.0,133.19646926723107
18.0,565.0,133.2910804293308
18.0,566.0,133.3623493021589
18.0,567.0,133.41056582837587
18.0,568.0,133.43592966212086
18.0,569.0,133.43855131229617
18.0,570.0,133.418452921479
18.0,571.0,133.37556845691537
18.0,572.0,133.30974356536893
18.0,573.0,133.2207348163186
18.0,574.0,133.10820862658676
18.0,575.0,132.97173953870222
18.0,576.0,132.81080818728233
18.0,577.0,132.6247985739921
18.0,578.0,132.4129950270078
18.0,579.0,132.17457841507994
18.0,580.0,131.90862203506126
18.0,581.0,131.61408669511025
18.0,582.0,131.28981545815657
18.0,583.0,130.93452752469176
18.0,584.0,130.5468117705898
18.0,585.0,130.1251193842265
18.0,586.0,129.6677561796178
18.0,587.0,129.1728740094025
18.0,588.0,128.6384619328162
18.0,589.0,128.06233656616186
18.0,590.0,127.4421323789454
18.0,591.0,126.77529140648433
18.0,592.0,126.05905329887715
18.0,593.0,125.29044528375829
18.0,594.0,124.46627319672946
18.0,595.0,123.5831133610956
18.0,596.0,122.63730682187398
18.0,597.0,121.62495606261606
18.0,598.0,120.54192622671916
18.0,599.0,119.38385151030371
18.0,600.0,118.14614947354511
18.0,601.0,116.82404469465858
18.0,602.0,115.41260544203813
18.0,603.0,113.90679570400654
18.0,604.0,112.3015472343227
18.0,605.0,110.591854743684
18.0,606.0,108.77289946003475
18.0,607.0,106.84020412922926
18.0,608.0,104.78982378510972
18.0,609.0,102.61857305563801
18.0,610.0,100.32429024234791
18.0,611.0,97.9061324257295
18.0,612.0,95.36489264941571
18.0,613.0,92.7033214215012
18.0,614.0,89.92642944333898
18.0,615.0,87.04173892309167
18.0,616.0,84.05944754359737
18.0,617.0,80.9924653274658
18.0,618.0,77.85629161147017
18.0,619.0,74.66870955133376
18.0,620.0,71.44929826893429
18.0,621.0,68.21878601633037
18.0,622.0,64.99829588470536
18.0,623.0,61.808552485234884
18.0,624.0,58.66912765062934
18.0,625.0,55.59779356396775
18.0,626.0,52.61003488350507
18.0,627.0,49.71874317671071
18.0,628.0,46.93409385668583
18.0,629.0,44.26358294022167
18.0,630.0,41.712190961131014
18.0,631.0,39.282634139351174
18.0,632.0,36.975667037243085
18.0,633.0,34.79040387751993
18.0,634.0,32.72463563511986
18.0,635.0,30.775124918282653
18.0,636.0,28.937869933529903
18.0,637.0,27.208331524106274
18.0,638.0,25.581623800546655
18.0,639.0,24.05266882725455
18.0,640.0,22.61632001477648
18.0,641.0,21.26745694719675
18.0,642.0,20.001057226919617
18.0,643.0,18.81224808595164
18.0,644.0,17.69634281967343
18.0,645.0,16.648863962841947
18.0,646.0,15.665557319055376
18.0,647.0,14.742397810022636
18.0,648.0,13.875590364592558
18.0,649.0,13.061566019108898
18.0,650.0,12.296975760560233
18.0,651.0,11.578681708425355
18.0,652.0,10.903747686032116
18.0,653.0,10.269428393847882
18.0,654.0,9.673158919769284
18.0,655.0,9.112543558643955
18.0,656.0,8.58534547662252
18.0,657.0,8.089476050590914
18.0,658.0,7.62298529523447
18.0,659.0,7.184052129955426
18.0,660.0,6.770975822914837
18.0,661.0,6.38216732667388
18.0,662.0,6.016141796013213
18.0,663.0,5.671510989460659
18.0,664.0,5.346976814738157
18.0,665.0,5.041324721757905
18.0,666.0,4.753418181746662
18.0,667.0,4.482192967285328
18.0,668.0,4.226652454376774
18.0,669.0,3.9858626779511743
18.0,670.0,3.758948345943187
18.0,671.0,3.545088563325737
18.0,672.0,3.343513455223098
18.0,673.0,3.1535004626027954
18.0,674.0,2.9743714827997962
18.0,675.0,2.8054896519464108
18.0,676.0,2.6462569234204616
18.0,677.0,2.4961112640494054
18.0,678.0,2.354524602593443
18.0,679.0,2.2210003778084224
18.0,680.0,2.0950717995297983
18.0,681.0,1.976299696446626
18.0,682.0,1.8642710414610564
18.0,683.0,1.7585970554329724
18.0,684.0,1.6589119562598877
18.0,685.0,1.5648712819668307
18.0,686.0,1.4761508294919836
18.0,687.0,1.392445166453904
18.0,688.0,1.3134667310881283
18.0,689.0,1.2389445069795426
18.0,690.0,1.1686232601310944
18.0,691.0,1.1022623550566049
18.0,692.0,1.0396351087222357
18.0,693.0,0.9805277297943231
18.0,694.0,0.924738772308718
18.0,695.0,0.8720781826815472
18.0,696.0,0.8223668385439429
18.0,697.0,0.7754356904549112
18.0,698.0,0.7311253734842784
18.0,699.0,0.6892854325027645
18.0,700.0,0.6497739958829883
18.0,701.0,0.6124570748538655
18.0,702.0,0.5772082901829088
18.0,703.0,0.5439082374286731
18.0,704.0,0.5124442587200942
18.0,705.0,0.4827098668694855
18.0,706.0,0.4546045554191216
18.0,707.0,0.42803327552685366
18.0,708.0,0.4029062783413145
18.0,709.0,0.37913863937382597
18.0,710.0,0.3566501280195965
18.0,711.0,0.33536477480859245
18.0,712.0,0.3152107635337114
18.0,713.0,0.2961200373501969
18.0,714.0,0.27802820952148716
18.0,715.0,0.2608742048282341
18.0,716.0,0.24460018541337436
18.0,717.0,0.22915122438141028
18.0,718.0,0.2144752436284588
18.0,719.0,0.2005227168712167
18.0,720.0,0.1872466166953034
18.0,721.0,0.17460214456027492
18.0,722.0,0.1625466845986736
18.0,723.0,0.15103955840596706
18.0,724.0,0.14004198338005588
18.0,725.0,0.12951685032915605
18.0,726.0,0.11942868436261618
18.0,727.0,0.10974344354050962
18.0,728.0,0.1004284805160174
18.0,729.0,0.091452360611938
18.0,730.0,0.08278482257633996
18.0,731.0,0.07439661460668506
18.0,732.0,0.06625945271701378
18.0,733.0,0.058345873342650144
18.0,734.0,0.0506291879313632
18.0,735.0,0.04308335085289576
18.0,736.0,0.03568290892037882
18.0,737.0,0.028402883400975784
18.0,738.0,0.021218713248933263
18.0,739.0,0.014106150067845137
18.0,740.0,0.007041193894362225
18.0,741.0,0.0
19.0,0.0,0.0
19.0,1.0,0.0018560018716605572
19.0,2.0,0.0037182682223228084
19.0,3.0,0.00559308390634221
19.0,4.0,0.007486777393236943
19.0,5.0,0.009405738564512855
19.0,6.0,0.011356445104080347
19.0,7.0,0.013345478006272834
19.0,8.0,0.015379551407283164
19.0,9.0,0.017465526101972672
19.0,10.0,0.01961044311510756
19.0,11.0,0.02182153553663386
19.0,12.0,0.024106266144119697
19.0,13.0,0.02647233788264882
19.0,14.0,0.028927735866977753
19.0,15.0,0.031480736853348866
19.0,16.0,0.03413995597175241
19.0,17.0,0.03691435556313511
19.0,18.0,0.03981329701920537
19.0,19.0,0.042846549390164045
19.0,20.0,0.04602434674219578
19.0,21.0,0.049357396978530706
19.0,22.0,0.05285694516373051
19.0,23.0,0.05653478304528157
19.0,24.0,0.06040331883974908
19.0,25.0,0.06447558799402693
19.0,26.0,0.06876532998229228
19.0,27.0,0.07328700090648925
19.0,28.0,0.07805585791585352
19.0,29.0,0.08308797431638391
19.0,30.0,0.08840033229782962
19.0,31.0,0.09401084130325094
19.0,32.0,0.0999384398333516
19.0,33.0,0.1062031179214904
19.0,34.0,0.11282602888400829
19.0,35.0,0.11982951685533286
19.0,36.0,0.12723723946780904
19.0,37.0,0.13507420152839117
19.0,38.0,0.14336688974524237
19.0,39.0,0.15214331377502974
19.0,40.0,0.16143315426962304
19.0,41.0,0.17126781269496072
19.0,42.0,0.18168057415370173
19.0,43.0,0.1927066675775922
19.0,44.0,0.20438344499596084
19.0,45.0,0.21675045393906206
19.0,46.0,0.22984963507400444
19.0,47.0,0.24372540893346295
19.0,48.0,0.25842489413747255
19.0,49.0,0.2739980108884216
19.0,50.0,0.29049772234819743
19.0,51.0,0.3079801577264624
19.0,52.0,0.3265048797988394
19.0,53.0,0.3461350308730989
19.0,54.0,0.3669376299285105
19.0,55.0,0.3889837452879779
19.0,56.0,0.4123488254468191
19.0,57.0,0.4371129029247746
19.0,58.0,0.4633609635522517
19.0,59.0,0.49118318674362693
19.0,60.0,0.5206753588406329
19.0,61.0,0.551939155958609
19.0,62.0,0.5850826079720081
19.0,63.0,0.6202204311602219
19.0,64.0,0.6574745505807555
19.0,65.0,0.6969744910013532
19.0,66.0,0.738857966760274
19.0,67.0,0.7832713409307531
19.0,68.0,0.8303702933231045
19.0,69.0,0.8803203594854085
19.0,70.0,0.9332976892458207
19.0,71.0,0.9894896789796056
19.0,72.0,1.0490958349686523
19.0,73.0,1.112328514274956
19.0,74.0,1.1794139090818567
19.0,75.0,1.2505929133271183
19.0,76.0,1.3261222458347062
19.0,77.0,1.4062754612316504
19.0,78.0,1.491344230614989
19.0,79.0,1.5816395155855347
19.0,80.0,1.677493024603328
19.0,81.0,1.779258567146228
19.0,82.0,1.8873137003946483
19.0,83.0,2.0020612747614157
19.0,84.0,2.1239312767965672
19.0,85.0,2.2533825646765213
19.0,86.0,2.390904895468074
19.0,87.0,2.53702082484997
19.0,88.0,2.69228787413888
19.0,89.0,2.857300525072149
19.0,90.0,3.032692425011636
19.0,91.0,3.2191383336502533
19.0,92.0,3.417356169705177
19.0,93.0,3.6281086452501583
19.0,94.0,3.85220480424855
19.0,95.0,4.090500888948835
19.0,96.0,4.343900783900362
19.0,97.0,4.6133553692990406
19.0,98.0,4.89986093468352
19.0,99.0,5.204455859176208
19.0,100.0,5.528215576125571
19.0,101.0,5.872244872432332
19.0,102.0,6.23766738524034
19.0,103.0,6.625611186601267
19.0,104.0,7.037190188867442
19.0,105.0,7.473480173746382
19.0,106.0,7.935489186074697
19.0,107.0,8.424121238129608
19.0,108.0,8.94013342161007
19.0,109.0,9.484086005387116
19.0,110.0,10.05628661307329
19.0,111.0,10.656729471050483
19.0,112.0,11.285032680775235
19.0,113.0,11.940376748838775
19.0,114.0,12.621449791328494
19.0,115.0,13.32640499446006
19.0,116.0,14.052837495919931
19.0,117.0,14.797786783921797
19.0,118.0,15.557770419289943
19.0,119.0,16.328851465286082
19.0,120.0,17.106739318863625
19.0,121.0,17.88691840678786
19.0,122.0,18.66479600997231
19.0,123.0,19.435856520600996
19.0,124.0,20.195809266343577
19.0,125.0,20.940717206244706
19.0,126.0,21.66709776161314
19.0,127.0,22.371990245382992
19.0,128.0,23.052989583583578
19.0,129.0,23.708248713687215
19.0,130.0,24.33645546508272
19.0,131.0,24.936790018743114
19.0,132.0,25.50887011045224
19.0,133.0,26.052689559627527
19.0,134.0,26.56855554021076
19.0,135.0,27.057027827163882
19.0,136.0,27.5188629723267
19.0,137.0,27.954964400313298
19.0,138.0,28.366339518462603
19.0,139.0,28.754063418941254
19.0,140.0,29.119249270141744
19.0,141.0,29.46302434313455
19.0,142.0,29.786511414308233
19.0,143.0,30.090814346991795
19.0,144.0,30.377007584978063
19.0,145.0,30.646128448313355
19.0,146.0,30.89917209431255
19.0,147.0,31.13708819370608
19.0,148.0,31.360779340195695
19.0,149.0,31.57110039907485
19.0,150.0,31.768858946527494
19.0,151.0,31.95481613058102
19.0,152.0,32.129688204270835
19.0,153.0,32.29414815371261
19.0,154.0,32.4488277386866
19.0,155.0,32.59431943214984
19.0,156.0,32.73117861848517
19.0,157.0,32.859925580019066
19.0,158.0,32.98104765612162
19.0,159.0,33.09500113343334
19.0,160.0,33.2022132640834
19.0,161.0,33.303083990267524
19.0,162.0,33.39798777681108
19.0,163.0,33.4872751441528
19.0,164.0,33.571274303182534
19.0,165.0,33.650292494963736
19.0,166.0,33.7246174334889
19.0,167.0,33.79451846308902
19.0,168.0,33.860247823456056
19.0,169.0,33.92204164140061
19.0,170.0,33.98012103595358
19.0,171.0,34.034692962905126
19.0,172.0,34.085951178335904
19.0,173.0,34.134076954005664
19.0,174.0,34.17923991667494
19.0,175.0,34.2215986509875
19.0,176.0,34.26130143025256
19.0,177.0,34.29848672161189
19.0,178.0,34.33328382203845
19.0,179.0,34.36581327865896
19.0,180.0,34.39618744186345
19.0,181.0,34.42451081187847
19.0,182.0,34.45088051923916
19.0,183.0,34.475386607213565
19.0,184.0,34.498112448583726
19.0,185.0,34.51913497242238
19.0,186.0,34.538525025282944
19.0,187.0,34.55634755026313
19.0,188.0,34.572661900478444
19.0,189.0,34.58752197851159
19.0,190.0,34.600976510687296
19.0,191.0,34.61306915620783
19.0,192.0,34.62383875263211
19.0,193.0,34.63331940669016
19.0,194.0,34.641540725039945
19.0,195.0,34.64852790357024
19.0,196.0,34.65430196368326
19.0,197.0,34.65887986462293
19.0,198.0,34.662274775020414
19.0,199.0,34.66449624418032
19.0,200.0,34.665550552007694
19.0,201.0,34.665440990446214
19.0,202.0,34.6641683517007
19.0,203.0,34.66173138857633
19.0,204.0,34.65812751788273
19.0,205.0,34.653353542634974
19.0,206.0,34.647406655757464
19.0,207.0,34.64028550481681
19.0,208.0,34.6319915623525
19.0,209.0,34.62253057111297
19.0,210.0,34.61191427236831
19.0,211.0,34.6001621540551
19.0,212.0,34.587303365931824
19.0,213.0,34.57337848217492
19.0,214.0,34.558441180439054
19.0,215.0,34.54255945840751
19.0,216.0,34.52581639919869
19.0,217.0,34.50831009956533
19.0,218.0,34.49015280344802
19.0,219.0,34.47146896843288
19.0,220.0,34.45239247474471
19.0,221.0,34.4330629381092
19.0,222.0,34.41362156952947
19.0,223.0,34.39420675521714
19.0,224.0,34.3749499103453
19.0,225.0,34.355971787129675
19.0,226.0,34.337379665690655
19.0,227.0,34.31926541082212
19.0,228.0,34.30170457512473
19.0,229.0,34.28475631235236
19.0,230.0,34.2684640998025
19.0,231.0,34.25285693445966
19.0,232.0,34.23795095600574
19.0,233.0,34.223751182923024
19.0,234.0,34.21025335798784
19.0,235.0,34.19744566315233
19.0,236.0,34.18531036385349
19.0,237.0,34.17382521336663
19.0,238.0,34.16296472389267
19.0,239.0,34.152701181756754
19.0,240.0,34.143005535544276
19.0,241.0,34.13384805887876
19.0,242.0,34.125198920638226
19.0,243.0,34.117028574513824
19.0,244.0,34.10930809488849
19.0,245.0,34.10200937440415
19.0,246.0,34.0951053005754
19.0,247.0,34.088569828076885
19.0,248.0,34.082378053871444
19.0,249.0,34.07650621302075
19.0,250.0,34.070931692936504
19.0,251.0,34.06563298584317
19.0,252.0,34.06058966893879
19.0,253.0,34.05578233475817
19.0,254.0,34.05119255402106
19.0,255.0,34.04680279684536
19.0,256.0,34.04259638827095
19.0,257.0,34.03855742777987
19.0,258.0,34.03467074308536
19.0,259.0,34.030921811924166
19.0,260.0,34.02729671695157
19.0,261.0,34.02378207162406
19.0,262.0,34.020364977378215
19.0,263.0,34.01703295414337
19.0,264.0,34.01377390000744
19.0,265.0,34.010576026162816
19.0,266.0,34.00742781871061
19.0,267.0,34.00431797743444
19.0,268.0,34.00123537909528
19.0,269.0,33.9981690192109
19.0,270.0,33.995107976038916
19.0,271.0,33.992041354431144
19.0,272.0,33.988958249627544
19.0,273.0,33.98584769220533
19.0,274.0,33.982698610775635
19.0,275.0,33.97949977703102
19.0,276.0,33.97623976643324
19.0,277.0,33.97290690237223
19.0,278.0,33.96948921395755
19.0,279.0,33.965974378344676
19.0,280.0,33.96234967481031
19.0,281.0,33.95860192440345
19.0,282.0,33.95471743963236
19.0,283.0,33.95068196080719
19.0,284.0,33.946480600958274
19.0,285.0,33.94209777863815
19.0,286.0,33.9375171582345
19.0,287.0,33.932721579727456
19.0,288.0,33.927692995526904
19.0,289.0,33.92241239895076
19.0,290.0,33.91685976037049
19.0,291.0,33.911013958312935
19.0,292.0,33.90485272043724
19.0,293.0,33.898352564643844
19.0,294.0,33.89148875479437
19.0,295.0,33.88423526469237
19.0,296.0,33.87656476523543
19.0,297.0,33.86844863241817
19.0,298.0,33.8598569926025
19.0,299.0,33.850758807558826
19.0,300.0,33.841122018348614
19.0,301.0,33.830913756078246
19.0,302.0,33.820100642043485
19.0,303.0,33.80864919076047
19.0,304.0,33.796526341298375
19.0,305.0,33.783700133648
19.0,306.0,33.770140554658774
19.0,307.0,33.75582056675692
19.0,308.0,33.74071733333109
19.0,309.0,33.72481363631887
19.0,310.0,33.70809947110118
19.0,311.0,33.69057377408604
19.0,312.0,33.67224621483743
19.0,313.0,33.653138944072786
19.0,314.0,33.63328815909082
19.0,315.0,33.61274531068932
19.0,316.0,33.591577763453245
19.0,317.0,33.56986871840214
19.0,318.0,33.547716249160715
19.0,319.0,33.52523136615557
19.0,320.0,33.50253513526968
19.0,321.0,33.47975499102659
19.0,322.0,33.457020512456374
19.0,323.0,33.434459005294
19.0,324.0,33.412191277698184
19.0,325.0,33.390327951967166
19.0,326.0,33.368966582746936
19.0,327.0,33.34818971827493
19.0,328.0,33.32806393579037
19.0,329.0,33.30863975971133
19.0,330.0,33.28995232082351
19.0,331.0,33.27202255716066
19.0,332.0,33.25485877795786
19.0,333.0,33.23845840397713
19.0,334.0,33.222809757738474
19.0,335.0,33.20789378171102
19.0,336.0,33.193685630824774
19.0,337.0,33.180156078837335
19.0,338.0,33.16727274077556
19.0,339.0,33.15500108847823
19.0,340.0,33.14330529293421
19.0,341.0,33.13214888536667
19.0,342.0,33.1214952841991
19.0,343.0,33.111308180512324
19.0,344.0,33.10155183291867
19.0,345.0,33.09219125824104
19.0,346.0,33.0831923690583
19.0,347.0,33.07452203592481
19.0,348.0,33.06614812504176
19.0,349.0,33.058039480405085
19.0,350.0,33.050165901864176
19.0,351.0,33.04249807988112
19.0,352.0,33.03500754038535
19.0,353.0,33.027666552906744
19.0,354.0,33.020448058584904
19.0,355.0,33.01332556408908
19.0,356.0,33.00627306229877
19.0,357.0,32.99926491886765
19.0,358.0,32.992275790627396
19.0,359.0,32.98528050808318
19.0,360.0,32.978253993762124
19.0,361.0,32.97117114168682
19.0,362.0,32.964006736127196
19.0,363.0,32.95673532770616
19.0,364.0,32.949331151919125
19.0,365.0,32.94176800065461
19.0,366.0,32.934019139152156
19.0,367.0,32.92605717115444
19.0,368.0,32.917853952509915
19.0,369.0,32.909380447776265
19.0,370.0,32.900606638332775
19.0,371.0,32.89150136794795
19.0,372.0,32.88203224299009
19.0,373.0,32.872165464214284
19.0,374.0,32.86186571642691
19.0,375.0,32.85109598353513
19.0,376.0,32.83981742484348
19.0,377.0,32.827989170274115
19.0,378.0,32.81556818040558
19.0,379.0,32.802509018792875
19.0,380.0,32.78876369300934
19.0,381.0,32.77428140132074
19.0,382.0,32.759008352556606
19.0,383.0,32.742887485276974
19.0,384.0,32.72585826560936
19.0,385.0,32.707856378912474
19.0,386.0,32.688813507306904
19.0,387.0,32.66865699736787
19.0,388.0,32.64730962380594
19.0,389.0,32.62468924297871
19.0,390.0,32.60070855736819
19.0,391.0,32.57527477531694
19.0,392.0,32.548289404582306
19.0,393.0,32.5196479560597
19.0,394.0,32.489239816591294
19.0,395.0,32.456948061811296
19.0,396.0,32.422649492247785
19.0,397.0,32.38621466183855
19.0,398.0,32.347508211332375
19.0,399.0,32.30638927835279
19.0,400.0,32.26271233114353
19.0,401.0,32.21632820436269
19.0,402.0,32.16708572200582
19.0,403.0,32.11483369259047
19.0,404.0,32.05942369649484
19.0,405.0,32.000713446712936
19.0,406.0,31.93857115833067
19.0,407.0,31.87288067084148
19.0,408.0,31.80354772466797
19.0,409.0,31.730507028629855
19.0,410.0,31.65373039455438
19.0,411.0,31.57323535662118
19.0,412.0,31.489094303502707
19.0,413.0,31.401443202844426
19.0,414.0,31.310489612154562
19.0,415.0,31.216518702241142
19.0,416.0,31.11989675565453
19.0,417.0,31.02107077454619
19.0,418.0,30.92056387288837
19.0,419.0,30.818965599422466
19.0,420.0,30.716917757910633
19.0,421.0,30.61509598410662
19.0,422.0,30.5141888690824
19.0,423.0,30.41487589229417
19.0,424.0,30.317806562777346
19.0,425.0,30.223582012989088
19.0,426.0,30.13274087285035
19.0,427.0,30.045749626839882
19.0,428.0,29.96299809648611
19.0,429.0,29.884799100457702
19.0,430.0,29.81139208070509
19.0,431.0,29.742949197452877
19.0,432.0,29.679583506565393
19.0,433.0,29.621357776591495
19.0,434.0,29.56829382794043
19.0,435.0,29.520381267967323
19.0,436.0,29.47758587543153
19.0,437.0,29.439856809571538
19.0,438.0,29.40713318205848
19.0,439.0,29.37934935005335
19.0,440.0,29.356439630049472
19.0,441.0,29.338341862417867
19.0,442.0,29.325000596052565
19.0,443.0,29.31636932503746
19.0,444.0,29.312412566569936
19.0,445.0,29.31310718140562
19.0,446.0,29.318443725913898
19.0,447.0,29.328427196394905
19.0,448.0,29.343077950717134
19.0,449.0,29.362432128234683
19.0,450.0,29.386542351838663
19.0,451.0,29.415477998195247
19.0,452.0,29.44932582337875
19.0,453.0,29.488190200345056
19.0,454.0,29.53219376296988
19.0,455.0,29.58147768805256
19.0,456.0,29.63620242064305
19.0,457.0,29.69654805261991
19.0,458.0,29.76271517256954
19.0,459.0,29.834925378134074
19.0,460.0,29.91342228277305
19.0,461.0,29.998472191426792
19.0,462.0,30.090365291493537
19.0,463.0,30.18941651859007
19.0,464.0,30.295966958104913
19.0,465.0,30.41038492839842
19.0,466.0,30.533067621078253
19.0,467.0,30.664442431843515
19.0,468.0,30.804968871344055
19.0,469.0,30.955140178354643
19.0,470.0,31.115485538145254
19.0,471.0,31.286572018252777
19.0,472.0,31.46900713720286
19.0,473.0,31.663441169299777
19.0,474.0,31.870570112699575
19.0,475.0,32.091138415631605
19.0,476.0,32.32594239830374
19.0,477.0,32.57583345760906
19.0,478.0,32.841722000590984
19.0,479.0,33.124581185942105
19.0,480.0,33.425451425114595
19.0,481.0,33.74544471332828
19.0,482.0,34.08574974340067
19.0,483.0,34.44763686076866
19.0,484.0,34.83246380731274
19.0,485.0,35.241681294583806
19.0,486.0,35.67683933825969
19.0,487.0,36.139593366123144
19.0,488.0,36.63171099917219
19.0,489.0,37.155078472005904
19.0,490.0,37.71170753436377
19.0,491.0,38.303741724990196
19.0,492.0,38.933462763130784
19.0,493.0,39.60329582931386
19.0,494.0,40.315814326921014
19.0,495.0,41.07374271133715
19.0,496.0,41.87995774429326
19.0,497.0,42.7374864863156
19.0,498.0,43.64950104834132
19.0,499.0,44.6193080346061
19.0,500.0,45.65033225066202
19.0,501.0,46.74609213103266
19.0,502.0,47.910165942236574
19.0,503.0,49.146145726532936
19.0,504.0,50.45757760429938
19.0,505.0,51.84788514212162
19.0,506.0,53.320274408525215
19.0,507.0,54.87761790443534
19.0,508.0,56.52231710668777
19.0,509.0,58.256142858239286
19.0,510.0,60.080056510000546
19.0,511.0,61.994015591811824
19.0,512.0,63.99677284472016
19.0,513.0,66.08567959338306
19.0,514.0,68.25651014697694
19.0,515.0,70.50332574730363
19.0,516.0,72.81840032074669
19.0,517.0,75.19222822603685
19.0,518.0,77.61363187982145
19.0,519.0,80.06997759828633
19.0,520.0,82.54749795370535
19.0,521.0,85.0317036621208
19.0,522.0,87.50785629761371
19.0,523.0,89.961461967453
19.0,524.0,92.37874400386936
19.0,525.0,94.74705483364822
19.0,526.0,97.05519826696455
19.0,527.0,99.2936453023543
19.0,528.0,101.45464163866986
19.0,529.0,103.53221536667206
19.0,530.0,105.52210256032329
19.0,531.0,107.42161114773508
19.0,532.0,109.22944510272188
19.0,533.0,110.94550771706695
19.0,534.0,112.57070037258617
19.0,535.0,114.10672808642374
19.0,536.0,115.55592033907561
19.0,537.0,116.9210713101937
19.0,538.0,118.20530205132566
19.0,539.0,119.41194422937278
19.0,540.0,120.54444475052233
19.0,541.0,121.60628890410301
19.0,542.0,122.60094016727739
19.0,543.0,123.53179388181715
19.0,544.0,124.40214288779467
19.0,545.0,125.21515263503667
19.0,546.0,125.97384424336461
19.0,547.0,126.68108357241361
19.0,548.0,127.33957523902055
19.0,549.0,127.9518601707765
19.0,550.0,128.52031603027993
19.0,551.0,129.04715952905426
19.0,552.0,129.53445025210195
19.0,553.0,129.98409533479318
19.0,554.0,130.39785479740507
19.0,555.0,130.77734711196624
19.0,556.0,131.12405491157884
19.0,557.0,131.43933058365843
19.0,558.0,131.7244017055153
19.0,559.0,131.98037618506396
19.0,560.0,132.20824707515047
19.0,561.0,132.40889701584894
19.0,562.0,132.5831022584409
19.0,563.0,132.7315362981297
19.0,564.0,132.85477303869533
19.0,565.0,132.95328957721705
19.0,566.0,133.02746849182023
19.0,567.0,133.0775997746589
19.0,568.0,133.1038822469531
19.0,569.0,133.10642464828103
19.0,570.0,133.08524618737457
19.0,571.0,133.04027679429748
19.0,572.0,132.97135680984888
19.0,573.0,132.87823639856782
19.0,574.0,132.76057436905256
19.0,575.0,132.6179367340843
19.0,576.0,132.44979464233563
19.0,577.0,132.2555220606124
19.0,578.0,132.0343927876435
19.0,579.0,131.78557722608528
19.0,580.0,131.50813844544243
19.0,581.0,131.20102801292666
19.0,582.0,130.86308108103322
19.0,583.0,130.49301126407792
19.0,584.0,130.08940475598015
19.0,585.0,129.6507142852577
19.0,586.0,129.175252335244
19.0,587.0,128.66118430353984
19.0,588.0,128.10652102412664
19.0,589.0,127.5091114276021
19.0,590.0,126.86663478944898
19.0,591.0,126.17659348032502
19.0,592.0,125.43630574250479
19.0,593.0,124.64289960167095
19.0,594.0,123.79330758315406
19.0,595.0,122.88426361965409
19.0,596.0,121.91230206385227
19.0,597.0,120.87376058294488
19.0,598.0,119.76478722040045
19.0,599.0,118.58135392648049
19.0,600.0,117.31927735231184
19.0,601.0,115.9742498553438
19.0,602.0,114.54188210843468
19.0,603.0,113.01776092188443
19.0,604.0,111.39752416707994
19.0,605.0,109.67695678465175
19.0,606.0,107.85210970931237
19.0,607.0,105.91944514565623
19.0,608.0,103.87600857954888
19.0,609.0,101.71962845317405
19.0,610.0,99.44913987752385
19.0,611.0,97.06462768310445
19.0,612.0,94.56767772050733
19.0,613.0,91.96162276303335
19.0,614.0,89.25176204919867
19.0,615.0,86.44553144597457
19.0,616.0,83.55259625628784
19.0,617.0,80.58484161395543
19.0,618.0,77.55623790357434
19.0,619.0,74.48257101993363
19.0,620.0,71.3810393287235
19.0,621.0,68.26973885021835
19.0,622.0,65.16707222706263
19.0,623.0,62.09113165502717
19.0,624.0,59.05910783236951
19.0,625.0,56.08677512802223
19.0,626.0,53.188088486839526
19.0,627.0,50.37491365762283
19.0,628.0,47.65689251994979
19.0,629.0,45.04143343102926
19.0,630.0,42.53380390159431
19.0,631.0,40.13730069314827
19.0,632.0,37.85346918896247
19.0,633.0,35.68234921112846
19.0,634.0,33.62272610793342
19.0,635.0,31.672373697275873
19.0,636.0,29.828277722014672
19.0,637.0,28.08683539335152
19.0,638.0,26.444027098356372
19.0,639.0,24.8955615165
19.0,640.0,23.436994190550557
19.0,641.0,22.063823343992315
19.0,642.0,20.771564396641857
19.0,643.0,19.555807559882318
19.0,644.0,18.4122599788772
19.0,645.0,17.3367764697545
19.0,646.0,16.325379782347095
19.0,647.0,15.374273814601707
19.0,648.0,14.479850071932136
19.0,649.0,13.638690190336433
19.0,650.0,12.847564267755079
19.0,651.0,12.103427336318287
19.0,652.0,11.403413309336003
19.0,653.0,10.744828383294672
19.0,654.0,10.125142946292256
19.0,655.0,9.541983732170472
19.0,656.0,8.993125089348245
19.0,657.0,8.476480944389724
19.0,658.0,7.990096218318648
19.0,659.0,7.532139172255773
19.0,660.0,7.1008933778551855
19.0,661.0,6.694750721758827
19.0,662.0,6.312204108826619
19.0,663.0,5.951841228359921
19.0,664.0,5.612338037832356
19.0,665.0,5.292453296558039
19.0,666.0,4.991022806605706
19.0,667.0,4.706954668939828
19.0,668.0,4.439224223184575
19.0,669.0,4.186869958207852
19.0,670.0,3.948989078336675
19.0,671.0,3.724733993042821
19.0,672.0,3.5133084348326737
19.0,673.0,3.3139644539199247
19.0,674.0,3.1259990167438727
19.0,675.0,2.948751436991122
19.0,676.0,2.781600390262219
19.0,677.0,2.623961720050023
19.0,678.0,2.475285811614206
19.0,679.0,2.335055719158541
19.0,680.0,2.202784849477589
19.0,681.0,2.0780153638756773
19.0,682.0,1.9603161291157614
19.0,683.0,1.8492813542507067
19.0,684.0,1.7445287726171237
19.0,685.0,1.6456984795840481
19.0,686.0,1.552451314742247
19.0,687.0,1.4644678716136883
19.0,688.0,1.3814470538217731
19.0,689.0,1.3031052321033718
19.0,690.0,1.2291749521797242
19.0,691.0,1.1594042180527988
19.0,692.0,1.09355533261666
19.0,693.0,1.0314042892893984
19.0,694.0,0.9727397291976811
19.0,695.0,0.9173624257790075
19.0,696.0,0.8650843447188311
19.0,697.0,0.815728208331854
19.0,698.0,0.7691266464032688
19.0,699.0,0.7251218289889616
19.0,700.0,0.6835646979718958
19.0,701.0,0.644314658466395
19.0,702.0,0.6072388822997908
19.0,703.0,0.5722120495132407
19.0,704.0,0.5391157161612302
19.0,705.0,0.5078380985104735
19.0,706.0,0.47827349855193046
19.0,707.0,0.45032212444316166
19.0,708.0,0.4238895679791085
19.0,709.0,0.3988866556289246
19.0,710.0,0.3752289729374655
19.0,711.0,0.3528367411973873
19.0,712.0,0.33163438437328974
19.0,713.0,0.3115504270420514
19.0,714.0,0.2925170999624654
19.0,715.0,0.2744702554264011
19.0,716.0,0.25734900805219385
19.0,717.0,0.24109566412865735
19.0,718.0,0.22565539460165246
19.0,719.0,0.2109761753724191
19.0,720.0,0.19700848978290164
19.0,721.0,0.18370527715773755
19.0,722.0,0.17102166238269578
19.0,723.0,0.1589149102629162
19.0,724.0,0.14734418003653507
19.0,725.0,0.13627048336618494
19.0,726.0,0.12565646184176618
19.0,727.0,0.11546634663257849
19.0,728.0,0.10566575721357427
19.0,729.0,0.09622166088577062
19.0,730.0,0.08710219111276943
19.0,731.0,0.0782766052705776
19.0,732.0,0.06971512110864544
19.0,733.0,0.06138887121961811
19.0,734.0,0.05326975624403931
19.0,735.0,0.0453303946580856
19.0,736.0,0.037543991425362716
19.0,737.0,0.029884281788130695
19.0,738.0,0.02232541413483603
19.0,739.0,0.014841886549142085
19.0,740.0,0.007408442709191768
19.0,741.0,0.0
20.0,0.0,0.0
20.0,1.0,0.0019458153021932492
20.0,2.0,0.003898197375907921
20.0,3.0,0.005863735807963111
20.0,4.0,0.007849062962116116
20.0,5.0,0.009860879946625984
20.0,6.0,0.011905974022700475
20.0,7.0,0.013991248025239562
20.0,8.0,0.016123735524590718
20.0,9.0,0.018310634007894823
20.0,10.0,0.02055931811096332
20.0,11.0,0.022877376878470638
20.0,12.0,0.02527262539751004
20.0,13.0,0.027753146470192284
20.0,14.0,0.030327300999842037
20.0,15.0,0.03300377442962772
20.0,16.0,0.035791586256735494
20.0,17.0,0.03870014161580655
20.0,18.0,0.04173924032616407
20.0,19.0,0.04491913402949951
20.0,20.0,0.048250535210817666
20.0,21.0,0.05174468033652153
20.0,22.0,0.05541333933177798
20.0,23.0,0.05926888520854738
20.0,24.0,0.0633243045312776
20.0,25.0,0.06759327407528883
20.0,26.0,0.07209017286994203
20.0,27.0,0.07683016648705875
20.0,28.0,0.08182922131701498
20.0,29.0,0.0871041971556728
20.0,30.0,0.0926728644454579
20.0,31.0,0.09855400590894535
20.0,32.0,0.10476743757536301
20.0,33.0,0.11133412030111436
20.0,34.0,0.11827618550407056
20.0,35.0,0.1256170575178472
20.0,36.0,0.1333814850738104
20.0,37.0,0.14159567555915034
20.0,38.0,0.15028733342224923
20.0,39.0,0.15948580754726518
20.0,40.0,0.16922213791540716
20.0,41.0,0.1795292174741574
20.0,42.0,0.1904418485686834
20.0,43.0,0.2019969208759357
20.0,44.0,0.21423347933122314
20.0,45.0,0.2271929199209546
20.0,46.0,0.24091907107447266
20.0,47.0,0.2554584093698012
20.0,48.0,0.2708601566463192
20.0,49.0,0.2871765179822201
20.0,50.0,0.30446279711677243
20.0,51.0,0.3227776594141615
20.0,52.0,0.34218326857342424
20.0,53.0,0.36274557771007276
20.0,54.0,0.38453449078708385
20.0,55.0,0.40762418543361295
20.0,56.0,0.43209330306265725
20.0,57.0,0.4580253076167621
20.0,58.0,0.48550870895903503
20.0,59.0,0.5146374624011065
20.0,60.0,0.5455112306760588
20.0,61.0,0.5782358298756062
20.0,62.0,0.6129235361468356
20.0,63.0,0.6496935845526305
20.0,64.0,0.6886725275853779
20.0,65.0,0.7299947944698502
20.0,66.0,0.7738031096537163
20.0,67.0,0.8202491211856527
20.0,68.0,0.8694938885049538
20.0,69.0,0.9217085897167246
20.0,70.0,0.9770750892107627
20.0,71.0,1.0357867348470269
20.0,72.0,1.0980490170841393
20.0,73.0,1.1640804681402013
20.0,74.0,1.2341134252123458
20.0,75.0,1.3083950443354133
20.0,76.0,1.3871881805898956
20.0,77.0,1.470772529205049
20.0,78.0,1.5594456348141832
20.0,79.0,1.6535241706063146
20.0,80.0,1.753345085756078
20.0,81.0,1.8592670289226887
20.0,82.0,1.971671636440029
20.0,83.0,2.0909650972798413
20.0,84.0,2.2175795720328724
20.0,85.0,2.351974879592656
20.0,86.0,2.4946400146599212
20.0,87.0,2.6460949072541435
20.0,88.0,2.8068919687721894
20.0,89.0,2.9776178271038383
20.0,90.0,3.158894769849351
20.0,91.0,3.35138228036186
20.0,92.0,3.5557781498610095
20.0,93.0,3.7728195195713807
20.0,94.0,4.003283285767156
20.0,95.0,4.247986173384778
20.0,96.0,4.507783841646496
20.0,97.0,4.783569257507602
20.0,98.0,5.07626960907519
20.0,99.0,5.386841902969169
20.0,100.0,5.716266408188081
20.0,101.0,6.065537986408093
20.0,102.0,6.435654362446925
20.0,103.0,6.827601290646398
20.0,104.0,7.24233361247088
20.0,105.0,7.6807521688904155
20.0,106.0,8.143675654043733
20.0,107.0,8.631807602829305
20.0,108.0,9.1456979981991
20.0,109.0,9.685700320880342
20.0,110.0,10.251924416773916
20.0,111.0,10.84418718585978
20.0,112.0,11.461962911963958
20.0,113.0,12.104336875311214
20.0,114.0,12.769965727877617
20.0,115.0,13.457049705903215
20.0,116.0,14.163321006247829
20.0,117.0,14.886053268470711
20.0,118.0,15.622095004482734
20.0,119.0,16.3679288758474
20.0,120.0,17.119755142328955
20.0,121.0,17.873595670958384
20.0,122.0,18.6254111927957
20.0,123.0,19.371223538649623
20.0,124.0,20.107232895719793
20.0,125.0,20.829921816409367
20.0,126.0,21.53613866651081
20.0,127.0,22.22315690199715
20.0,128.0,22.888708498063345
20.0,129.0,23.530993430433956
20.0,130.0,24.14866805084887
20.0,131.0,24.740817298532896
20.0,132.0,25.306915074403747
20.0,133.0,25.846777852298437
20.0,134.0,26.360515007301178
20.0,135.0,26.8484795030235
20.0,136.0,27.311220757244158
20.0,137.0,27.749441689686808
20.0,138.0,28.163960327205498
20.0,139.0,28.555676789088768
20.0,140.0,28.925545138228177
20.0,141.0,29.274550290842708
20.0,142.0,29.603689071153457
20.0,143.0,29.913955374701143
20.0,144.0,30.20632843540664
20.0,145.0,30.48176415235766
20.0,146.0,30.741188529732867
20.0,147.0,30.985493270154954
20.0,148.0,31.21553268356127
20.0,149.0,31.43212205609071
20.0,150.0,31.636036750473732
20.0,151.0,31.828012274465404
20.0,152.0,32.00874467988005
20.0,153.0,32.17889159885217
20.0,154.0,32.33907334905823
20.0,155.0,32.48987446309144
20.0,156.0,32.63184512378398
20.0,157.0,32.76550289175643
20.0,158.0,32.891334242437146
20.0,159.0,33.00979631698225
20.0,160.0,33.12131842943445
20.0,161.0,33.22630374364122
20.0,162.0,33.32513068039668
20.0,163.0,33.41815447129159
20.0,164.0,33.505708433354926
20.0,165.0,33.588105379889896
20.0,166.0,33.66563875239901
20.0,167.0,33.738583885289614
20.0,168.0,33.807198997386294
20.0,169.0,33.87172631653776
20.0,170.0,33.93239293952655
20.0,171.0,33.98941182708065
20.0,172.0,34.04298254388796
20.0,173.0,34.093292136229046
20.0,174.0,34.14051576461517
20.0,175.0,34.18481747641589
20.0,176.0,34.22635074331331
20.0,177.0,34.26525914064631
20.0,178.0,34.30167680099505
20.0,179.0,34.33572901096174
20.0,180.0,34.36753259113177
20.0,181.0,34.397196419948585
20.0,182.0,34.42482174927521
20.0,183.0,34.45050266409443
20.0,184.0,34.47432634208918
20.0,185.0,34.496373457267445
20.0,186.0,34.516718391548956
20.0,187.0,34.53542959024194
20.0,188.0,34.552569733747575
20.0,189.0,34.56819605330984
20.0,190.0,34.58236047186909
20.0,191.0,34.595109889947224
20.0,192.0,34.60648630672578
20.0,193.0,34.61652708869601
20.0,194.0,34.62526508563386
20.0,195.0,34.632728899210676
20.0,196.0,34.638943014185365
20.0,197.0,34.64392809102657
20.0,198.0,34.64770114076855
20.0,199.0,34.65027587511478
20.0,200.0,34.65166296400002
20.0,201.0,34.65187048814724
20.0,202.0,34.65090433022824
20.0,203.0,34.64876878613697
20.0,204.0,34.64546714994179
20.0,205.0,34.64100254539739
20.0,206.0,34.6353787632508
20.0,207.0,34.62860136230944
20.0,208.0,34.62067879034497
20.0,209.0,34.61162375647783
20.0,210.0,34.60145459391193
20.0,211.0,34.59019680265312
20.0,212.0,34.577884477981584
20.0,213.0,34.56456175930767
20.0,214.0,34.550283965836066
20.0,215.0,34.535118504611596
20.0,216.0,34.51914520121567
20.0,217.0,34.502456134422474
20.0,218.0,34.485154675464145
20.0,219.0,34.46735389216317
20.0,220.0,34.44917415554323
20.0,221.0,34.43074025876501
20.0,222.0,34.41217805481355
20.0,223.0,34.39361104810922
20.0,224.0,34.37515702971932
20.0,225.0,34.35692518369213
20.0,226.0,34.3390136861755
20.0,227.0,34.32150808422269
20.0,228.0,34.30448032235327
20.0,229.0,34.28798853890921
20.0,230.0,34.27207737850549
20.0,231.0,34.25677884842318
20.0,232.0,34.24211343001701
20.0,233.0,34.228091462049534
20.0,234.0,34.21471453827822
20.0,235.0,34.20197697012039
20.0,236.0,34.18986711109616
20.0,237.0,34.17836863380483
20.0,238.0,34.16746160417908
20.0,239.0,34.15712347079122
20.0,240.0,34.147329846008326
20.0,241.0,34.13805520819391
20.0,242.0,34.12927341965033
20.0,243.0,34.12095818961838
20.0,244.0,34.11308338597022
20.0,245.0,34.10562331886389
20.0,246.0,34.09855290450724
20.0,247.0,34.09184782377937
20.0,248.0,34.0854845867721
20.0,249.0,34.07944060907079
20.0,250.0,34.07369421356965
20.0,251.0,34.068224655222146
20.0,252.0,34.06301208561495
20.0,253.0,34.05803754713781
20.0,254.0,34.0532829171925
20.0,255.0,34.04873088536419
20.0,256.0,34.04436488793381
20.0,257.0,34.04016907647029
20.0,258.0,34.03612824906756
20.0,259.0,34.03222781531699
20.0,260.0,34.028453727893734
20.0,261.0,34.02479244662586
20.0,262.0,34.02123087226869
20.0,263.0,34.01775631097432
20.0,264.0,34.014356410981634
20.0,265.0,34.01101912792199
20.0,266.0,34.00773266447949
20.0,267.0,34.004485436449514
20.0,268.0,34.001266015026545
20.0,269.0,33.998063093231075
20.0,270.0,33.9948654302561
20.0,271.0,33.99166181771072
20.0,272.0,33.98844102533558
20.0,273.0,33.985191766427356
20.0,274.0,33.98190264418013
20.0,275.0,33.97856211562734
20.0,276.0,33.975158437862504
20.0,277.0,33.97167962985578
20.0,278.0,33.96811341785371
20.0,279.0,33.964447194504345
20.0,280.0,33.96066796284954
20.0,281.0,33.95676229235216
20.0,282.0,33.95271626111313
20.0,283.0,33.948515408688095
20.0,284.0,33.94414467655058
20.0,285.0,33.93958835809645
20.0,286.0,33.93483003803957
20.0,287.0,33.92985254086183
20.0,288.0,33.924637870929466
20.0,289.0,33.91916716205022
20.0,290.0,33.91342062187508
20.0,291.0,33.90737748745718
20.0,292.0,33.901015980289245
20.0,293.0,33.894313276208806
20.0,294.0,33.88724548165695
20.0,295.0,33.87978763142576
20.0,296.0,33.871913702918995
20.0,297.0,33.863596662592826
20.0,298.0,33.854808543593215
20.0,299.0,33.84552057158773
20.0,300.0,33.83570334214993
20.0,301.0,33.825327068547
20.0,302.0,33.814361907433806
20.0,303.0,33.80277838276403
20.0,304.0,33.79054791795015
20.0,305.0,33.77764349559241
20.0,306.0,33.764040452881495
20.0,307.0,33.74971742486374
20.0,308.0,33.73465743276171
20.0,309.0,33.718849111133835
20.0,310.0,33.7022880459629
20.0,311.0,33.68497818349526
20.0,312.0,33.66693324078134
20.0,313.0,33.648178030912156
20.0,314.0,33.62874958638151
20.0,315.0,33.6086979528133
20.0,316.0,33.58808651202138
20.0,317.0,33.56699171079782
20.0,318.0,33.54550209634634
20.0,319.0,33.5237166222418
20.0,320.0,33.50174225424237
20.0,321.0,33.47969099807429
20.0,322.0,33.457676538658674
20.0,323.0,33.43581074699087
20.0,324.0,33.41420031860096
20.0,325.0,33.392943801033816
20.0,326.0,33.37212919735418
20.0,327.0,33.35183227148661
20.0,328.0,33.332115579776094
20.0,329.0,33.313028198821776
20.0,330.0,33.29460604305609
20.0,331.0,33.27687265715169
20.0,332.0,33.259840332235136
20.0,333.0,33.243511429394935
20.0,334.0,33.22787978132716
20.0,335.0,33.212932098983316
20.0,336.0,33.19864929891948
20.0,337.0,33.18500772773261
20.0,338.0,33.171980237678035
20.0,339.0,33.159537126594785
20.0,340.0,33.14764691849881
20.0,341.0,33.13627701925317
20.0,342.0,33.12539423164393
20.0,343.0,33.11496517439073
20.0,344.0,33.10495658828573
20.0,345.0,33.09533557809204
20.0,346.0,33.08606976767363
20.0,347.0,33.07712741877501
20.0,348.0,33.06847748344048
20.0,349.0,33.060089642032914
20.0,350.0,33.05193428900746
20.0,351.0,33.043982520622414
20.0,352.0,33.03620607908987
20.0,353.0,33.02857731054038
20.0,354.0,33.021069083925056
20.0,355.0,33.01365473238792
20.0,356.0,33.00630795703638
20.0,357.0,32.99900275966244
20.0,358.0,32.991713337191214
20.0,359.0,32.98441401016992
20.0,360.0,32.9770791108355
20.0,361.0,32.96968290947325
20.0,362.0,32.962199497172925
20.0,363.0,32.954602710658236
20.0,364.0,32.94686600959077
20.0,365.0,32.93896239950214
20.0,366.0,32.93086430271962
20.0,367.0,32.922543478399675
20.0,368.0,32.913970885628686
20.0,369.0,32.905116599132946
20.0,370.0,32.895949662754056
20.0,371.0,32.88643799912016
20.0,372.0,32.87654825145422
20.0,373.0,32.866245685300996
20.0,374.0,32.85549401648107
20.0,375.0,32.84425530288011
20.0,376.0,32.83248975633401
20.0,377.0,32.820155622542515
20.0,378.0,32.80720897482663
20.0,379.0,32.79360358052028
20.0,380.0,32.779290675004916
20.0,381.0,32.76421881362407
20.0,382.0,32.74833362538283
20.0,383.0,32.731577650791515
20.0,384.0,32.71389007645948
20.0,385.0,32.695206561731624
20.0,386.0,32.675458958640085
20.0,387.0,32.654575134408674
20.0,388.0,32.632478686659184
20.0,389.0,32.60908877580956
20.0,390.0,32.58431985425357
20.0,391.0,32.55808153378837
20.0,392.0,32.53027836137105
20.0,393.0,32.50080976392097
20.0,394.0,32.46956992440435
20.0,395.0,32.436447872085985
20.0,396.0,32.401327543654126
20.0,397.0,32.36408812375918
20.0,398.0,32.32460441886054
20.0,399.0,32.282747602120764
20.0,400.0,32.23838608264746
20.0,401.0,32.19138686815554
20.0,402.0,32.141617173263384
20.0,403.0,32.08894667137247
20.0,404.0,32.033250133684206
20.0,405.0,31.974410869408548
20.0,406.0,31.912324680322662
20.0,407.0,31.846904728585187
20.0,408.0,31.778086956212825
20.0,409.0,31.705836383030807
20.0,410.0,31.630153776396284
20.0,411.0,31.55108286901738
20.0,412.0,31.4687173935166
20.0,413.0,31.38320789459301
20.0,414.0,31.294767331556127
20.0,415.0,31.20367524628115
20.0,416.0,31.110279369500407
20.0,417.0,31.014994478496693
20.0,418.0,30.91829757208467
20.0,419.0,30.820719629817237
20.0,420.0,30.722833647402933
20.0,421.0,30.625240022068375
20.0,422.0,30.52854976550201
20.0,423.0,30.433367303265513
20.0,424.0,30.34027369648606
20.0,425.0,30.249812064594156
20.0,426.0,30.162475647192117
20.0,427.0,30.078699638390713
20.0,428.0,29.998856406564165
20.0,429.0,29.923254465694704
20.0,430.0,29.85214014580551
20.0,431.0,29.785701914255192
20.0,432.0,29.72407606326982
20.0,433.0,29.667353716722907
20.0,434.0,29.61558797251222
20.0,435.0,29.5688013583196
20.0,436.0,29.5269926344266
20.0,437.0,29.490143375467035
20.0,438.0,29.45822355128834
20.0,439.0,29.431196727512123
20.0,440.0,29.409024213390133
20.0,441.0,29.391668887393294
20.0,442.0,29.379098065734166
20.0,443.0,29.37128619663513
20.0,444.0,29.368216739394
20.0,445.0,29.369884031594072
20.0,446.0,29.376294476297137
20.0,447.0,29.38746785968466
20.0,448.0,29.403438096940455
20.0,449.0,29.42425422079945
20.0,450.0,29.44998087682804
20.0,451.0,29.48069914519748
20.0,452.0,29.51650692238573
20.0,453.0,29.557519690637147
20.0,454.0,29.603870881654625
20.0,455.0,29.655712673045088
20.0,456.0,29.713216400367436
20.0,457.0,29.77657343599734
20.0,458.0,29.84599569678882
20.0,459.0,29.921716645747797
20.0,460.0,30.00399193104125
20.0,461.0,30.09310054226466
20.0,462.0,30.1893456104275
20.0,463.0,30.29305574652389
20.0,464.0,30.404586029783697
20.0,465.0,30.52431955529746
20.0,466.0,30.65266863805148
20.0,467.0,30.790076597501145
20.0,468.0,30.93701920683491
20.0,469.0,31.094006744870804
20.0,470.0,31.261585722923844
20.0,471.0,31.440341237555646
20.0,472.0,31.630899010678924
20.0,473.0,31.833928079792557
20.0,474.0,32.05014318971652
20.0,475.0,32.28030785900754
20.0,476.0,32.525237162768185
20.0,477.0,32.78580121345189
20.0,478.0,33.06292837162845
20.0,479.0,33.35760917394278
20.0,480.0,33.670899999492356
20.0,481.0,34.00392746343723
20.0,482.0,34.357892545872026
20.0,483.0,34.734075440350416
20.0,484.0,35.133840112111464
20.0,485.0,35.55863953696282
20.0,486.0,36.010020584500666
20.0,487.0,36.48962948963578
20.0,488.0,36.99921683591823
20.0,489.0,37.540642947429106
20.0,490.0,38.11588255085236
20.0,491.0,38.727029527682895
20.0,492.0,39.37630052378764
20.0,493.0,40.066038117448635
20.0,494.0,40.79871217256548
20.0,495.0,41.57691990276354
20.0,496.0,42.40338307199116
20.0,497.0,43.28094261249247
20.0,498.0,44.212548815195106
20.0,499.0,45.20124705765942
20.0,500.0,46.25015689605398
20.0,501.0,47.362444131014676
20.0,502.0,48.54128334819616
20.0,503.0,49.789810251146804
20.0,504.0,51.111061123436514
20.0,505.0,52.50789873929315
20.0,506.0,53.98292237513168
20.0,507.0,55.53836195038444
20.0,508.0,57.1759552518431
20.0,509.0,58.89681026174866
20.0,510.0,60.70125441479837
20.0,511.0,62.58867655890833
20.0,512.0,64.55736809118591
20.0,513.0,66.60437426040755
20.0,514.0,68.72536744721099
20.0,515.0,70.91455797114739
20.0,516.0,73.16465697127582
20.0,517.0,75.46690645907256
20.0,518.0,77.81118636547907
20.0,519.0,80.18620392016462
20.0,520.0,82.57976075350498
20.0,521.0,84.97908539738144
20.0,522.0,87.371208566288
20.0,523.0,89.74335396137134
20.0,524.0,92.0833135421703
20.0,525.0,94.37977998035227
20.0,526.0,96.62261373334633
20.0,527.0,98.80303232901817
20.0,528.0,100.91371736466216
20.0,529.0,102.94884441686557
20.0,530.0,104.90404585310117
20.0,531.0,106.77632144585651
20.0,532.0,108.56391156111879
20.0,533.0,110.26614821611665
20.0,534.0,111.88329609856389
20.0,535.0,113.41639422838692
20.0,536.0,114.86710507006765
20.0,537.0,116.23757650431352
20.0,538.0,117.5303188762342
20.0,539.0,118.74809871862215
20.0,540.0,119.89384855152917
20.0,541.0,120.97059230974416
20.0,542.0,121.98138455209254
20.0,543.0,122.92926224023735
20.0,544.0,123.81720697953446
20.0,545.0,124.64811645365913
20.0,546.0,125.42478316299866
20.0,547.0,126.14987943689509
20.0,548.0,126.82594720837176
20.0,549.0,127.45539182337683
20.0,550.0,128.0404787541004
20.0,551.0,128.58333275135607
20.0,552.0,129.0859386277848
20.0,553.0,129.55014339954607
20.0,554.0,129.97765923025418
20.0,555.0,130.37006702865864
20.0,556.0,130.72882033445907
20.0,557.0,131.05524941170484
20.0,558.0,131.35056532778927
20.0,559.0,131.61586396413114
20.0,560.0,131.8521298467288
20.0,561.0,132.0602397404529
20.0,562.0,132.24096598276307
20.0,563.0,132.3949794790555
20.0,564.0,132.52285240797488
20.0,565.0,132.6250605245204
20.0,566.0,132.70198517246652
20.0,567.0,132.75391485143413
20.0,568.0,132.78104650745013
20.0,569.0,132.78348634481983
20.0,570.0,132.761250381949
20.0,571.0,132.71426449850935
20.0,572.0,132.64236424841837
20.0,573.0,132.54529413416228
20.0,574.0,132.42270666789983
20.0,575.0,132.27416086274292
20.0,576.0,132.09912053066824
20.0,577.0,131.89695197915964
20.0,578.0,131.66692153507304
20.0,579.0,131.40819243865207
20.0,580.0,131.1198215905289
20.0,581.0,130.80075564933856
20.0,582.0,130.44982702133044
20.0,583.0,130.06574920073274
20.0,584.0,129.64711206793973
20.0,585.0,129.19237657565913
20.0,586.0,128.69986950741375
20.0,587.0,128.1677777258873
20.0,588.0,127.59414269123049
20.0,589.0,126.9768546785094
20.0,590.0,126.313647598335
20.0,591.0,125.60209389766467
20.0,592.0,124.83960061042436
20.0,593.0,124.02340613440184
20.0,594.0,123.15057902834221
20.0,595.0,122.21801857501133
20.0,596.0,121.22245870508007
20.0,597.0,120.16047528294736
20.0,598.0,119.02849873798779
20.0,599.0,117.82283238551489
20.0,600.0,116.53967888296768
20.0,601.0,115.17517555747578
20.0,602.0,113.72544150948553
20.0,603.0,112.18663754092867
20.0,604.0,110.55504207032136
20.0,605.0,108.82714402761684
20.0,606.0,106.99975555043868
20.0,607.0,105.07014453381885
20.0,608.0,103.03618828199406
20.0,609.0,100.89654576975006
20.0,610.0,98.65084622798294
20.0,611.0,96.2998868123161
20.0,612.0,93.84583131695028
20.0,613.0,91.29239611611422
20.0,614.0,88.64500867646399
20.0,615.0,85.9109190691297
20.0,616.0,83.09924646172799
20.0,617.0,80.22094152523974
20.0,618.0,77.28865269885128
20.0,619.0,74.31648939140334
20.0,620.0,71.31968815874653
20.0,621.0,68.31419695567585
20.0,622.0,65.31620607034333
20.0,623.0,62.341659448976245
20.0,624.0,59.40578562226191
20.0,625.0,56.52268191873736
20.0,626.0,53.70498061785891
20.0,627.0,50.96361207398037
20.0,628.0,48.30767094003831
20.0,629.0,45.74437845726456
20.0,630.0,43.2791288881416
20.0,631.0,40.91560087041807
20.0,632.0,38.65591585108064
20.0,633.0,36.50082382731237
20.0,634.0,34.44990196061125
20.0,635.0,32.50175200040378
20.0,636.0,30.65418874613844
20.0,637.0,28.90441201657078
20.0,638.0,27.249160151379463
20.0,639.0,25.684842218699988
20.0,640.0,24.207650530889097
20.0,641.0,22.813653143332058
20.0,642.0,21.498869554539382
20.0,643.0,20.259330180049723
20.0,644.0,19.091123201523104
20.0,645.0,17.990429376665247
20.0,646.0,16.95354819549896
20.0,647.0,15.976915614270366
20.0,648.0,15.05711633457105
20.0,649.0,14.19089042562649
20.0,650.0,13.37513683589379
20.0,651.0,12.60691320787176
20.0,652.0,11.883434193501646
20.0,653.0,11.202067388477415
20.0,654.0,10.560328821015826
20.0,655.0,9.955876904541276
20.0,656.0,9.386506603812624
20.0,657.0,8.850142585663699
20.0,658.0,8.344832975638456
20.0,659.0,7.868742405826887
20.0,660.0,7.4201458876662345
20.0,661.0,6.997422146075064
20.0,662.0,6.599047888352248
20.0,663.0,6.223591620466573
20.0,664.0,5.869708441162121
20.0,665.0,5.536134419644561
20.0,666.0,5.221681954791045
20.0,667.0,4.925234726014377
20.0,668.0,4.645743607243128
20.0,669.0,4.382222166001426
20.0,670.0,4.133743095646181
20.0,671.0,3.8994342196642564
20.0,672.0,3.6784753939167856
20.0,673.0,3.47009496617211
20.0,674.0,3.2735670967449497
20.0,675.0,3.0882086225674064
20.0,676.0,2.9133767458670183
20.0,677.0,2.7484662546965097
20.0,678.0,2.5929075328929256
20.0,679.0,2.4461640931838025
20.0,680.0,2.3077308662651714
20.0,681.0,2.1771320073574416
20.0,682.0,2.0539194270674264
20.0,683.0,1.9376708370144728
20.0,684.0,1.8279884897881835
20.0,685.0,1.724497433711086
20.0,686.0,1.6268444334679162
20.0,687.0,1.5346964080839414
20.0,688.0,1.4477395076048132
20.0,689.0,1.3656777119104477
20.0,690.0,1.288232042156513
20.0,691.0,1.2151393011235445
20.0,692.0,1.1461514010179374
20.0,693.0,1.081034228710762
20.0,694.0,1.0195670739800933
20.0,695.0,0.9615416052700575
20.0,696.0,0.9067613845854309
20.0,697.0,0.8550409413470799
20.0,698.0,0.8062053619714497
20.0,699.0,0.760089451059758
20.0,700.0,0.7165373852531928
20.0,701.0,0.6754019524116013
20.0,702.0,0.6365442606690122
20.0,703.0,0.5998330474696858
20.0,704.0,0.5651444358919079
20.0,705.0,0.5323613064465895
20.0,706.0,0.5013730937191683
20.0,707.0,0.472075214725216
20.0,708.0,0.4443688997652642
20.0,709.0,0.4181606718956241
20.0,710.0,0.393362206619673
20.0,711.0,0.36988985768920657
20.0,712.0,0.34766454088544085
20.0,713.0,0.3266113019325023
20.0,714.0,0.30665922016654895
20.0,715.0,0.2877410148316379
20.0,716.0,0.26979296490799354
20.0,717.0,0.2527545504824777
20.0,718.0,0.23656838541718853
20.0,719.0,0.221179890851281
20.0,720.0,0.20653723774717334
20.0,721.0,0.1925910498951876
20.0,722.0,0.17929435368370958
20.0,723.0,0.16660230824945563
20.0,724.0,0.1544721600858555
20.0,725.0,0.1428629982150661
20.0,726.0,0.13173571148056396
20.0,727.0,0.12105276681679714
20.0,728.0,0.11077816727161181
20.0,729.0,0.10087725161940668
20.0,730.0,0.09131665133003058
20.0,731.0,0.08206410991458939
20.0,732.0,0.0730884372027182
20.0,733.0,0.06435934692936555
20.0,734.0,0.05584740680424354
20.0,735.0,0.04752389294509254
20.0,736.0,0.039360734323596186
20.0,737.0,0.03133038272751493
20.0,738.0,0.023405750247993174
20.0,739.0,0.015560093510885454
20.0,740.0,0.007766942932410528
20.0,741.0,0.0
21.0,0.0,0.0
21.0,1.0,0.0020332164043600186
21.0,2.0,0.004073294417648292
21.0,3.0,0.006127117948247667
21.0,4.0,0.008201618641126762
21.0,5.0,0.0103037953512825
21.0,6.0,0.012440743030432574
21.0,7.0,0.014619669690184923
21.0,8.0,0.016847929054700155
21.0,9.0,0.01913303533775211
21.0,10.0,0.021482699986671377
21.0,11.0,0.023904844610358824
21.0,12.0,0.026407642153244412
21.0,13.0,0.02899952832887661
21.0,14.0,0.03168924758078667
21.0,15.0,0.03448586339876409
21.0,16.0,0.03739880944669362
21.0,17.0,0.04043789916638102
21.0,18.0,0.04361338248099784
21.0,19.0,0.046935955124769176
21.0,20.0,0.05041682136507944
21.0,21.0,0.05406770353599578
21.0,22.0,0.057900911262917826
21.0,23.0,0.06192935172441396
21.0,24.0,0.06616660591121555
21.0,25.0,0.0706269401949373
21.0,26.0,0.07532539020902752
21.0,27.0,0.08027777436551774
21.0,28.0,0.08550078601020245
21.0,29.0,0.09101200960066663
21.0,30.0,0.09683002186261468
21.0,31.0,0.10297441142529615
21.0,32.0,0.10946588979187052
21.0,33.0,0.11632631532345121
21.0,34.0,0.12357881493525844
21.0,35.0,0.13124781342954536
21.0,36.0,0.13935916694291442
21.0,37.0,0.1479401987533989
21.0,38.0,0.15701984563488453
21.0,39.0,0.16662870140697114
21.0,40.0,0.1767991775025248
21.0,41.0,0.18756555569342273
21.0,42.0,0.19896416434987982
21.0,43.0,0.21103344196405135
21.0,44.0,0.22381413077845397
21.0,45.0,0.23734935294646925
21.0,46.0,0.25168482343601045
21.0,47.0,0.2668689409156308
21.0,48.0,0.28295302210328876
21.0,49.0,0.2999914097540465
21.0,50.0,0.31804173092770344
21.0,51.0,0.33716502478462024
21.0,52.0,0.35742602759605646
21.0,53.0,0.37889332343463916
21.0,54.0,0.40163965915380445
21.0,55.0,0.42574212149527896
21.0,56.0,0.4512824857254902
21.0,57.0,0.47834742318031553
21.0,58.0,0.507028887772423
21.0,59.0,0.5374243585584313
21.0,60.0,0.5696372689256534
21.0,61.0,0.6037772894007499
21.0,62.0,0.6399608049869303
21.0,63.0,0.6783112441324816
21.0,64.0,0.718959610411973
21.0,65.0,0.7620448643235931
21.0,66.0,0.807714516268388
21.0,67.0,0.8561250686150201
21.0,68.0,0.9074426776842689
21.0,69.0,0.961843664246431
21.0,70.0,1.0195152528804066
21.0,71.0,1.0806561596411093
21.0,72.0,1.1454774175872395
21.0,73.0,1.214203050583543
21.0,74.0,1.2870709937332567
21.0,75.0,1.3643338618478982
21.0,76.0,1.4462599725777956
21.0,77.0,1.5331342164808404
21.0,78.0,1.6252591881742098
21.0,79.0,1.7229561613544513
21.0,80.0,1.8265663282830698
21.0,81.0,1.9364518762913436
21.0,82.0,2.0529973267952495
21.0,83.0,2.1766106978234556
21.0,84.0,2.3077249181520036
21.0,85.0,2.446799040309923
21.0,86.0,2.594319679788426
21.0,87.0,2.7508022105262184
21.0,88.0,2.9167921383537023
21.0,89.0,3.092866160052645
21.0,90.0,3.279633317101887
21.0,91.0,3.4777357217855016
21.0,92.0,3.6878492425383147
21.0,93.0,3.9106835858588336
21.0,94.0,4.1469821269914675
21.0,95.0,4.39752087326064
21.0,96.0,4.6631068628422625
21.0,97.0,4.944575315064275
21.0,98.0,5.2427857713668775
21.0,99.0,5.558616464222878
21.0,100.0,5.892957082833122
21.0,101.0,6.246699096799902
21.0,102.0,6.620723751690623
21.0,103.0,7.0158868574447615
21.0,104.0,7.43300049110863
21.0,105.0,7.872810794065265
21.0,106.0,8.335972137087209
21.0,107.0,8.823017091578635
21.0,108.0,9.334322889409457
21.0,109.0,9.870074383149662
21.0,110.0,10.430224956528727
21.0,111.0,11.014456342923603
21.0,112.0,11.622139901420566
21.0,113.0,12.252301469453116
21.0,114.0,12.903593436012482
21.0,115.0,13.574276977524791
21.0,116.0,14.262218419817216
21.0,117.0,14.964902226960943
21.0,118.0,15.679463184362639
21.0,119.0,16.402737845649515
21.0,120.0,17.131334474133403
21.0,121.0,17.861717669031794
21.0,122.0,18.590303072107957
21.0,123.0,19.313555244767482
21.0,124.0,20.028082374566836
21.0,125.0,20.73072090118421
21.0,126.0,21.418605457487427
21.0,127.0,22.089220315914346
21.0,128.0,22.74043157089909
21.0,129.0,23.370500126947228
21.0,130.0,23.978078059660195
21.0,131.0,24.56219085056823
21.0,132.0,25.122209459112142
21.0,133.0,25.65781517394265
21.0,134.0,26.168960887452325
21.0,135.0,26.655830912607936
21.0,136.0,27.11880189156103
21.0,137.0,27.558405753881466
21.0,138.0,27.975296174201844
21.0,139.0,28.37021854107995
21.0,140.0,28.743984119494637
21.0,141.0,29.097447845277202
21.0,142.0,29.43149002489057
21.0,143.0,29.747001120572005
21.0,144.0,30.044869742505462
21.0,145.0,30.325972968710637
21.0,146.0,30.59116910686758
21.0,147.0,30.841292058869733
21.0,148.0,31.07714745738281
21.0,149.0,31.299509811122615
21.0,150.0,31.509120898635093
21.0,151.0,31.70668872586923
21.0,152.0,31.892887351208266
21.0,153.0,32.06835696078793
21.0,154.0,32.2337045474506
21.0,155.0,32.38950462931647
21.0,156.0,32.536300396304085
21.0,157.0,32.674604760586426
21.0,158.0,32.80490172186782
21.0,159.0,32.92764755305764
21.0,160.0,33.04327223024508
21.0,161.0,33.152180634524285
21.0,162.0,33.25475395568416
21.0,163.0,33.35135084200483
21.0,164.0,33.44230872745349
21.0,165.0,33.527944893702156
21.0,166.0,33.608557696234826
21.0,167.0,33.68442752289699
21.0,168.0,33.75581790990347
21.0,169.0,33.822976393203355
21.0,170.0,33.886135514476344
21.0,171.0,33.94551356839788
21.0,172.0,34.001315503710956
21.0,173.0,34.05373357304736
21.0,174.0,34.102948136634026
21.0,175.0,34.14912822293879
21.0,176.0,34.19243224354013
21.0,177.0,34.233008473342466
21.0,178.0,34.270995685267025
21.0,179.0,34.30652355865498
21.0,180.0,34.339713242156265
21.0,181.0,34.37067769855957
21.0,182.0,34.39952220385474
21.0,183.0,34.42634463634341
21.0,184.0,34.45123591954309
21.0,185.0,34.47428026323498
21.0,186.0,34.49555555784997
21.0,187.0,34.51513357528496
21.0,188.0,34.533080322854246
21.0,189.0,34.54945621245905
21.0,190.0,34.56431638332773
21.0,191.0,34.57771084970514
21.0,192.0,34.58968480371838
21.0,193.0,34.60027875446295
21.0,194.0,34.609528825734806
21.0,195.0,34.6174669035517
21.0,196.0,34.62412094848691
21.0,197.0,34.62951517451361
21.0,198.0,34.633670402377085
21.0,199.0,34.636604300093204
21.0,200.0,34.63833181177495
21.0,201.0,34.63886549822627
21.0,202.0,34.63821608326028
21.0,203.0,34.63639293900099
21.0,204.0,34.63340479511799
21.0,205.0,34.62926041222131
21.0,206.0,34.62396949126876
21.0,207.0,34.617543560473145
21.0,208.0,34.609997091157446
21.0,209.0,34.60134857626441
21.0,210.0,34.59162179237773
21.0,211.0,34.580846960490426
21.0,212.0,34.56906198635406
21.0,213.0,34.55631347096784
21.0,214.0,34.54265763223962
21.0,215.0,34.52816081329414
21.0,216.0,34.51289970088212
21.0,217.0,34.49696095033098
21.0,218.0,34.48044037201374
21.0,219.0,34.4634414535119
21.0,220.0,34.44607345951209
21.0,221.0,34.42844900262684
21.0,222.0,34.41068142859101
21.0,223.0,34.39288200567197
21.0,224.0,34.375157303313244
21.0,225.0,34.35760675781084
21.0,226.0,34.34032075248905
21.0,227.0,34.32337912944208
21.0,228.0,34.306850342925074
21.0,229.0,34.29079106834015
21.0,230.0,34.27524637389215
21.0,231.0,34.260250206983166
21.0,232.0,34.245826254991535
21.0,233.0,34.231988927347
21.0,234.0,34.218744520273354
21.0,235.0,34.20609234193707
21.0,236.0,34.194025883387994
21.0,237.0,34.182533853371616
21.0,238.0,34.17160118671413
21.0,239.0,34.16120987840188
21.0,240.0,34.15133976803058
21.0,241.0,34.141969149989635
21.0,242.0,34.133075338949894
21.0,243.0,34.12463508009884
21.0,244.0,34.11662493139532
21.0,245.0,34.109021515520595
21.0,246.0,34.10180176254224
21.0,247.0,34.09494304619499
21.0,248.0,34.08842332691989
21.0,249.0,34.08222120860297
21.0,250.0,34.07631601400641
21.0,251.0,34.070687789625744
21.0,252.0,34.06531733717681
21.0,253.0,34.060186186382786
21.0,254.0,34.05527659905345
21.0,255.0,34.05057152330184
21.0,256.0,34.046054581271726
21.0,257.0,34.041710013598355
21.0,258.0,34.0375226578855
21.0,259.0,34.033477888921794
21.0,260.0,34.029561592275776
21.0,261.0,34.02576010353533
21.0,262.0,34.022060179560256
21.0,263.0,34.01844893853052
21.0,264.0,34.014913830202815
21.0,265.0,34.0114425775986
21.0,266.0,34.008023146850775
21.0,267.0,34.00464369076065
21.0,268.0,34.00129251834826
21.0,269.0,33.997958040138826
21.0,270.0,33.99462873724571
21.0,271.0,33.99129310803122
21.0,272.0,33.98793963639136
21.0,273.0,33.98455673932291
21.0,274.0,33.98113273400615
21.0,275.0,33.97765578577288
21.0,276.0,33.97411387357963
21.0,277.0,33.97049473790112
21.0,278.0,33.96678584425199
21.0,279.0,33.96297433063584
21.0,280.0,33.95904696892551
21.0,281.0,33.95499011170614
21.0,282.0,33.950789651600566
21.0,283.0,33.946430967705204
21.0,284.0,33.94189888341209
21.0,285.0,33.937177613229565
21.0,286.0,33.932250720403914
21.0,287.0,33.92710106586293
21.0,288.0,33.92171076812392
21.0,289.0,33.91606115757024
21.0,290.0,33.91013274295183
21.0,291.0,33.90390517643776
21.0,292.0,33.89735723373825
21.0,293.0,33.890466798667404
21.0,294.0,33.883210867858864
21.0,295.0,33.87556556824567
21.0,296.0,33.867506202809395
21.0,297.0,33.85900732068161
21.0,298.0,33.85004282748027
21.0,299.0,33.8405861355704
21.0,300.0,33.830610370879576
21.0,301.0,33.820088639305496
21.0,302.0,33.808994369834956
21.0,303.0,33.797301739551955
21.0,304.0,33.784986196542704
21.0,305.0,33.77202508498677
21.0,306.0,33.75839838339623
21.0,307.0,33.74408955352918
21.0,308.0,33.72908649873396
21.0,309.0,33.71338261328831
21.0,310.0,33.69697789923971
21.0,311.0,33.67988010550827
21.0,312.0,33.662105834211815
21.0,313.0,33.64368153582272
21.0,314.0,33.62464430692223
21.0,315.0,33.60504238846514
21.0,316.0,33.58493526947702
21.0,317.0,33.56439330631659
21.0,318.0,33.543496802806665
21.0,319.0,33.522334530226516
21.0,320.0,33.501001728511945
21.0,321.0,33.479597677669794
21.0,322.0,33.45822299126348
21.0,323.0,33.43697680849961
21.0,324.0,33.41595408755747
21.0,325.0,33.39524317540525
21.0,326.0,33.37492380852703
21.0,327.0,33.355065629701386
21.0,328.0,33.33572726732722
21.0,329.0,33.316955949822756
21.0,330.0,33.29878760815971
21.0,331.0,33.28124736756318
21.0,332.0,33.26435034370841
21.0,333.0,33.248102629540845
21.0,334.0,33.23250239960071
21.0,335.0,33.217541038927486
21.0,336.0,33.20320425739508
21.0,337.0,33.189473126880706
21.0,338.0,33.176325036523224
21.0,339.0,33.163734527362195
21.0,340.0,33.15167402681784
21.0,341.0,33.14011445724753
21.0,342.0,33.12902575430747
21.0,343.0,33.11837727298311
21.0,344.0,33.108138125249056
21.0,345.0,33.0982774248444
21.0,346.0,33.08876448755711
21.0,347.0,33.079568956954326
21.0,348.0,33.07066090693212
21.0,349.0,33.062010884108034
21.0,350.0,33.05358994431239
21.0,351.0,33.045369638860436
21.0,352.0,33.037322008286004
21.0,353.0,33.02941953183134
21.0,354.0,33.021635094567614
21.0,355.0,33.0139419130915
21.0,356.0,33.006313486659764
21.0,357.0,32.998723507350896
21.0,358.0,32.99114580184164
21.0,359.0,32.98355423093511
21.0,360.0,32.975922625821134
21.0,361.0,32.968224679566354
21.0,362.0,32.96043387980939
21.0,363.0,32.95252339325732
21.0,364.0,32.944465995505006
21.0,365.0,32.936233948551305
21.0,366.0,32.92779892759894
21.0,367.0,32.91913189092433
21.0,368.0,32.91020300296907
21.0,369.0,32.90098149545611
21.0,370.0,32.89143558573799
21.0,371.0,32.88153232778159
21.0,372.0,32.871237524544334
21.0,373.0,32.86051556732232
21.0,374.0,32.849329340873794
21.0,375.0,32.83764004965029
21.0,376.0,32.82540711450606
21.0,377.0,32.81258798455785
21.0,378.0,32.79913802468311
21.0,379.0,32.78501031228329
21.0,380.0,32.770155515515334
21.0,381.0,32.754521675237356
21.0,382.0,32.73805407525434
21.0,383.0,32.72069501147445
21.0,384.0,32.70238365771773
21.0,385.0,32.683055827019714
21.0,386.0,32.66264384025441
21.0,387.0,32.64107628919913
21.0,388.0,32.61827792109205
21.0,389.0,32.59416942038727
21.0,390.0,32.568667331422304
21.0,391.0,32.54168388692449
21.0,392.0,32.51312700454481
21.0,393.0,32.48290020661009
21.0,394.0,32.45090274597423
21.0,395.0,32.417029684863465
21.0,396.0,32.38117223282453
21.0,397.0,32.34321808399811
21.0,398.0,32.30305208551225
21.0,399.0,32.260556971699344
21.0,400.0,32.21561452298298
21.0,401.0,32.16810687782738
21.0,402.0,32.117918381849634
21.0,403.0,32.06493769065911
21.0,404.0,32.00906052724599
21.0,405.0,31.950192784062274
21.0,406.0,31.888254367108054
21.0,407.0,31.823183416950606
21.0,408.0,31.754941264096313
21.0,409.0,31.683517653040823
21.0,410.0,31.60893650167916
21.0,411.0,31.53126157624367
21.0,412.0,31.450602210570263
21.0,413.0,31.3671182646471
21.0,414.0,31.281024314425018
21.0,415.0,31.192592130640556
21.0,416.0,31.102151412812674
21.0,417.0,31.01008787932256
21.0,418.0,30.916838899248273
21.0,419.0,30.82288609405852
21.0,420.0,30.72874559180199
21.0,421.0,30.634955895754352
21.0,422.0,30.542064618549908
21.0,423.0,30.45061446611828
21.0,424.0,30.36112999124618
21.0,425.0,30.274105480414683
21.0,426.0,30.189995266471424
21.0,427.0,30.109206367124905
21.0,428.0,30.032094214895988
21.0,429.0,29.95896080345501
21.0,430.0,29.890055560349214
21.0,431.0,29.82557790282655
21.0,432.0,29.765681608386362
21.0,433.0,29.710479872819974
21.0,434.0,29.660051254062747
21.0,435.0,29.614445471351846
21.0,436.0,29.57368943537681
21.0,437.0,29.537792624040478
21.0,438.0,29.506752357549253
21.0,439.0,29.480558201969288
21.0,440.0,29.459196185397936
21.0,441.0,29.44265211737223
21.0,442.0,29.43091477472643
21.0,443.0,29.423978261210678
21.0,444.0,29.421844346175853
21.0,445.0,29.424524078194338
21.0,446.0,29.432039500135126
21.0,447.0,29.444424736260267
21.0,448.0,29.46172728983168
21.0,449.0,29.48400879177792
21.0,450.0,29.511346048311573
21.0,451.0,29.543831598109797
21.0,452.0,29.581574636885307
21.0,453.0,29.6247014921204
21.0,454.0,29.673356517294273
21.0,455.0,29.727702563172866
21.0,456.0,29.7879219085811
21.0,457.0,29.854216785544395
21.0,458.0,29.9268103955179
21.0,459.0,30.005947531099856
21.0,460.0,30.09189571498513
21.0,461.0,30.184945951914436
21.0,462.0,30.285414020716274
21.0,463.0,30.39364138512449
21.0,464.0,30.509996665746076
21.0,465.0,30.6348767361471
21.0,466.0,30.76870840034357
21.0,467.0,30.911949700150224
21.0,468.0,31.065091823960007
21.0,469.0,31.228660651961356
21.0,470.0,31.403218922774222
21.0,471.0,31.58936804399652
21.0,472.0,31.78775054389332
21.0,473.0,31.999052174946293
21.0,474.0,32.22400467723801
21.0,475.0,32.463388201061285
21.0,476.0,32.7180344054726
21.0,477.0,32.98882922082573
21.0,478.0,33.276716298035836
21.0,479.0,33.58270012047283
21.0,480.0,33.9078498034847
21.0,481.0,34.25330254333572
21.0,482.0,34.62026773743518
21.0,483.0,35.01003071971181
21.0,484.0,35.423957122141665
21.0,485.0,35.86349678177491
21.0,486.0,36.33018818220456
21.0,487.0,36.8256623137024
21.0,488.0,37.35164690280286
21.0,489.0,37.909969844178285
21.0,490.0,38.502562724674554
21.0,491.0,39.13146319723411
21.0,492.0,39.79881700251184
21.0,493.0,40.506878288107316
21.0,494.0,41.25800889072942
21.0,495.0,42.05467508198742
21.0,496.0,42.89944226294636
21.0,497.0,43.79496591352064
21.0,498.0,44.74397905558264
21.0,499.0,45.74927430655631
21.0,500.0,46.81368053426931
21.0,501.0,47.94003196967414
21.0,502.0,49.13112958889611
21.0,503.0,50.38969251630154
21.0,504.0,51.718299260109866
21.0,505.0,53.11931674614418
21.0,506.0,54.594817422436726
21.0,507.0,56.14648325147044
21.0,508.0,57.775498146566306
21.0,509.0,59.482429529694045
21.0,510.0,61.267102997181276
21.0,511.0,63.128473823796554
21.0,512.0,65.06450278446545
21.0,513.0,67.07204376646845
21.0,514.0,69.14675412677406
21.0,515.0,71.28303792830303
21.0,516.0,73.47403400456956
21.0,517.0,75.71165760187485
21.0,518.0,77.98670305325592
21.0,519.0,80.28900848144269
21.0,520.0,82.60767927957014
21.0,521.0,84.93135898145796
21.0,522.0,87.24853196894641
21.0,523.0,89.54783673664694
21.0,524.0,91.81836857480624
21.0,525.0,94.04995042012052
21.0,526.0,96.23335626279741
21.0,527.0,98.36047581008654
21.0,528.0,100.42441703669144
21.0,529.0,102.4195477665756
21.0,530.0,104.34148356298681
21.0,531.0,106.18703088185221
21.0,532.0,107.95409720171564
21.0,533.0,109.64157852851942
21.0,534.0,111.24923493491067
21.0,535.0,112.7775619297173
21.0,536.0,114.22766478342422
21.0,537.0,115.60113992091806
21.0,538.0,116.89996695638597
21.0,539.0,118.12641248608551
21.0,540.0,119.28294672608789
21.0,541.0,120.37217230745838
21.0,542.0,121.39676497475438
21.0,543.0,122.3594247059041
21.0,544.0,123.26283648116049
21.0,545.0,124.10963906156623
21.0,546.0,124.90240094804798
21.0,547.0,125.64360204219705
21.0,548.0,126.33562032318969
21.0,549.0,126.98072233714231
21.0,550.0,127.58105700605132
21.0,551.0,128.1386518363136
21.0,552.0,128.6554112054496
21.0,553.0,129.13311605530419
21.0,554.0,129.57342479639806
21.0,555.0,129.97787495379825
21.0,556.0,130.34788543824956
21.0,557.0,130.68475913275023
21.0,558.0,130.98968571770934
21.0,559.0,131.2637445510925
21.0,560.0,131.5079075357336
21.0,561.0,131.72304189175588
21.0,562.0,131.90991275342043
21.0,563.0,132.06918559262556
21.0,564.0,132.20142836032966
21.0,565.0,132.30711342076808
21.0,566.0,132.38661913148349
21.0,567.0,132.44023120908093
21.0,568.0,132.46814368882676
21.0,569.0,132.4704596782302
21.0,570.0,132.44719166370243
21.0,571.0,132.39826162777706
21.0,572.0,132.32350068465902
21.0,573.0,132.22264854743068
21.0,574.0,132.09535248246115
21.0,575.0,131.9411661197893
21.0,576.0,131.75954772315447
21.0,577.0,131.54985834452654
21.0,578.0,131.31135941659034
21.0,579.0,131.04321026597242
21.0,580.0,130.74446505369775
21.0,581.0,130.41406968709865
21.0,582.0,130.05085816811658
21.0,583.0,129.6535489895241
21.0,584.0,129.22074101095828
21.0,585.0,128.75090950295012
21.0,586.0,128.2424017706881
21.0,587.0,127.69343313674902
21.0,588.0,127.10208269345777
21.0,589.0,126.46628971659506
21.0,590.0,125.78385017747912
21.0,591.0,125.05241438836889
21.0,592.0,124.26948528256614
21.0,593.0,123.43241854928635
21.0,594.0,122.53842423864378
21.0,595.0,121.58457129471807
21.0,596.0,120.56779480474682
21.0,597.0,119.48490771799518
21.0,598.0,118.33261705180526
21.0,599.0,117.10754667821611
21.0,600.0,115.80626696461152
21.0,601.0,114.4253336910491
21.0,602.0,112.96133671192831
21.0,603.0,111.41096097066625
21.0,604.0,109.77106027928421
21.0,605.0,108.03874625981963
21.0,606.0,106.21149222661882
21.0,607.0,104.28725339876645
21.0,608.0,102.26460155996733
21.0,609.0,100.14287328649334
21.0,610.0,97.9223267654574
21.0,611.0,95.60430256510946
21.0,612.0,93.19137895528797
21.0,613.0,90.68751251988148
21.0,614.0,88.09815025654086
21.0,615.0,85.4303006379332
21.0,616.0,82.69254852718254
21.0,617.0,79.8950032116248
21.0,618.0,77.04917000706777
21.0,619.0,74.16774444603088
21.0,620.0,71.26433282411682
21.0,621.0,68.3531136595611
21.0,622.0,65.44845915652918
21.0,623.0,62.56454365156285
21.0,624.0,59.71496505683555
21.0,625.0,56.9124063030175
21.0,626.0,54.16835582532892
21.0,627.0,51.49290171799651
21.0,628.0,48.89460323733475
21.0,629.0,46.38043878378358
21.0,630.0,43.95582067432668
21.0,631.0,41.62466613282472
21.0,632.0,39.389509203460214
21.0,633.0,37.25164127135066
21.0,634.0,35.21126615164573
21.0,635.0,33.26766074483867
21.0,636.0,31.4193315762833
21.0,637.0,29.664162883292303
21.0,638.0,27.999550946028315
21.0,639.0,26.4225241299266
21.0,640.0,24.929846385367046
21.0,641.0,23.518105986004826
21.0,642.0,22.183788868081507
21.0,643.0,20.923339404339156
21.0,644.0,19.733208563031056
21.0,645.0,18.60989254143138
21.0,646.0,17.549961835926084
21.0,647.0,16.55008369550999
21.0,648.0,15.607037682967492
21.0,649.0,14.717727004088422
21.0,650.0,13.879185030249714
21.0,651.0,13.088579376957307
21.0,652.0,12.34321269188747
21.0,653.0,11.640522260755908
21.0,654.0,10.978077370229324
21.0,655.0,10.353576338804132
21.0,656.0,9.764842000029198
21.0,657.0,9.209817403487113
21.0,658.0,8.686560413494345
21.0,659.0,8.193238866380216
21.0,660.0,7.728124900731763
21.0,661.0,7.289590046660326
21.0,662.0,6.876099651258823
21.0,663.0,6.486208171895825
21.0,664.0,6.118553897354686
21.0,665.0,5.771854587367763
21.0,666.0,5.444902587344753
21.0,667.0,5.136560876008412
21.0,668.0,4.8457586091815985
21.0,669.0,4.571487589392682
21.0,670.0,4.312798237705988
21.0,671.0,4.068796471877668
21.0,672.0,3.838640085157877
21.0,673.0,3.621536005251763
21.0,674.0,3.4167370491270237
21.0,675.0,3.223539528621349
21.0,676.0,3.0412803465063103
21.0,677.0,2.8693349128469054
21.0,678.0,2.7071145473288687
21.0,679.0,2.5540646713799777
21.0,680.0,2.409662483456386
21.0,681.0,2.2734153942191613
21.0,682.0,2.1448589441137975
21.0,683.0,2.023555451797954
21.0,684.0,1.9090921463519785
21.0,685.0,1.8010800022294984
21.0,686.0,1.699152061470135
21.0,687.0,1.602962431444516
21.0,688.0,1.5121847753222935
21.0,689.0,1.4265114516787059
21.0,690.0,1.3456521541137705
21.0,691.0,1.2693331743222376
21.0,692.0,1.1972961741307397
21.0,693.0,1.1292975558919955
21.0,694.0,1.065107352304322
21.0,695.0,1.0045086899824447
21.0,696.0,0.9472967842632024
21.0,697.0,0.8932784835490667
21.0,698.0,0.8422713579080086
21.0,699.0,0.7941033133064797
21.0,700.0,0.7486117642058243
21.0,701.0,0.7056433081247098
21.0,702.0,0.6650529736445352
21.0,703.0,0.6267039468917454
21.0,704.0,0.590466887414113
21.0,705.0,0.5562196991735864
21.0,706.0,0.523846907665473
21.0,707.0,0.49323946888252573
21.0,708.0,0.46429420183877695
21.0,709.0,0.4369136297230337
21.0,710.0,0.4110054626747611
21.0,711.0,0.3864824660052202
21.0,712.0,0.3632619886684652
21.0,713.0,0.3412658540040571
21.0,714.0,0.3204199298639797
21.0,715.0,0.3006540378333213
21.0,716.0,0.2819015614240093
21.0,717.0,0.2640993701685626
21.0,718.0,0.24718746268272826
21.0,719.0,0.2311089024104361
21.0,720.0,0.21580949269712066
21.0,721.0,0.20123772129821405
21.0,722.0,0.18734446489945097
21.0,723.0,0.17408293979244216
21.0,724.0,0.16140843353293122
21.0,725.0,0.14927825944014436
21.0,726.0,0.13765151330332018
21.0,727.0,0.12648902958082484
21.0,728.0,0.11575316125313254
21.0,729.0,0.10540773578667756
21.0,730.0,0.09541785639104232
21.0,731.0,0.08574985597418007
21.0,732.0,0.07637111819556781
21.0,733.0,0.0672500277762817
21.0,734.0,0.05835580985053093
21.0,735.0,0.049658475108183546
21.0,736.0,0.04112867603625176
21.0,737.0,0.03273764546455098
21.0,738.0,0.02445706835782995
21.0,739.0,0.016259012408663842
21.0,740.0,0.008115814091162703
21.0,741.0,0.0
22.0,0.0,0.0
22.0,1.0,0.002117990728621535
22.0,2.0,0.004243128231508102
22.0,3.0,0.0063825840947963255
22.0,4.0,0.00854357642168619
22.0,5.0,0.010733398074394412
22.0,6.0,0.012959435598058405
22.0,7.0,0.01522920121859523
22.0,8.0,0.017550349317135013
22.0,9.0,0.01993071251648354
22.0,10.0,0.02237831604885003
22.0,11.0,0.02490141827504311
22.0,12.0,0.027508523303880695
22.0,13.0,0.03020842630440982
22.0,14.0,0.03301022475590482
22.0,15.0,0.035923368934533434
22.0,16.0,0.03895767219855556
22.0,17.0,0.04212336705727736
22.0,18.0,0.04543111492732593
22.0,19.0,0.04889206822383654
22.0,20.0,0.05251788006095134
22.0,21.0,0.05632077284345743
22.0,22.0,0.060313548428484215
22.0,23.0,0.06450966374083454
22.0,24.0,0.0689232419638818
22.0,25.0,0.07356915575430326
22.0,26.0,0.0784630400891653
22.0,27.0,0.08362138371648996
22.0,28.0,0.08906154435335405
22.0,29.0,0.09480184907864736
22.0,30.0,0.10086161265473155
22.0,31.0,0.10726124764898912
22.0,32.0,0.11402228674039118
22.0,33.0,0.12116750344827058
22.0,34.0,0.12872093938642035
22.0,35.0,0.13670803658243721
22.0,36.0,0.1451556707573106
22.0,37.0,0.15409229633838067
22.0,38.0,0.16354798697361622
22.0,39.0,0.1735545944776735
22.0,40.0,0.1841457979392933
22.0,41.0,0.19535727799536703
22.0,42.0,0.20722677605948736
22.0,43.0,0.21979428549584848
22.0,44.0,0.2331021226896355
22.0,45.0,0.24719513689382522
22.0,46.0,0.2621207950807521
22.0,47.0,0.2779294124635296
22.0,48.0,0.2946742533159878
22.0,49.0,0.31241178442979106
22.0,50.0,0.3312017943703467
22.0,51.0,0.35110767242410024
22.0,52.0,0.3721965490742344
22.0,53.0,0.3945396033231967
22.0,54.0,0.41821222752687015
22.0,55.0,0.44329436634752456
22.0,56.0,0.4698707094803887
22.0,57.0,0.4980310659027535
22.0,58.0,0.5278705884620949
22.0,59.0,0.5594901875359172
22.0,60.0,0.5929967919214547
22.0,61.0,0.6285038065008245
22.0,62.0,0.6661314143678958
22.0,63.0,0.7060070835886065
22.0,64.0,0.7482659159987989
22.0,65.0,0.7930512086302416
22.0,66.0,0.8405148550741739
22.0,67.0,0.8908179675571537
22.0,68.0,0.9441313371203776
22.0,69.0,1.000636122587768
22.0,70.0,1.0605243759478573
22.0,71.0,1.1239998044157267
22.0,72.0,1.1912783671402432
22.0,73.0,1.26258911599203
22.0,74.0,1.338174868766027
22.0,75.0,1.4182931328694557
22.0,76.0,1.5032168580993717
22.0,77.0,1.5932354445007388
22.0,78.0,1.6886555738821203
22.0,79.0,1.7898022979156423
22.0,80.0,1.8970199407688726
22.0,81.0,2.0106732547507913
22.0,82.0,2.131148375231612
22.0,83.0,2.258854016919872
22.0,84.0,2.3942224443452873
22.0,85.0,2.537710659462503
22.0,86.0,2.6898013231495197
22.0,87.0,2.8510038504561703
22.0,88.0,3.021855176364094
22.0,89.0,3.202920623491051
22.0,90.0,3.3947943429310166
22.0,91.0,3.5980997440970635
22.0,92.0,3.813489351786862
22.0,93.0,4.04164448178485
22.0,94.0,4.283274131205704
22.0,95.0,4.539113440125743
22.0,96.0,4.809921069235807
22.0,97.0,5.0964758059606
22.0,98.0,5.399571685756222
22.0,99.0,5.720011893410373
22.0,100.0,6.058600676407208
22.0,101.0,6.416133499452881
22.0,102.0,6.79338464348973
22.0,103.0,7.191092485799181
22.0,104.0,7.609941703396831
22.0,105.0,8.050542740024566
22.0,106.0,8.513407949428101
22.0,107.0,8.99892502775455
22.0,108.0,9.507327525490634
22.0,109.0,10.038663561598502
22.0,110.0,10.592763160735329
22.0,111.0,11.169206083792645
22.0,112.0,11.767291383952953
22.0,113.0,12.386011370117307
22.0,114.0,13.02403190147013
22.0,115.0,13.679682132878701
22.0,116.0,14.350955649404414
22.0,117.0,15.035525556063332
22.0,118.0,15.73077422924645
22.0,119.0,16.43383838253098
22.0,120.0,17.14166767764395
22.0,121.0,17.85109477177659
22.0,122.0,18.55891237537676
22.0,123.0,19.26195310628256
22.0,124.0,19.9571665473854
22.0,125.0,20.641689293671227
22.0,126.0,21.312903562793867
22.0,127.0,21.968482260337026
22.0,128.0,22.60641873057677
22.0,129.0,23.225041845410733
22.0,130.0,23.82301713793291
22.0,131.0,24.39933654671066
22.0,132.0,24.953298709118602
22.0,133.0,25.484482923340167
22.0,134.0,25.992718702878264
22.0,135.0,26.478053605349103
22.0,136.0,26.940720567815067
22.0,137.0,27.38110661883579
22.0,138.0,27.799723388147708
22.0,139.0,28.197180536613722
22.0,140.0,28.57416189683309
22.0,141.0,28.931404937293898
22.0,142.0,29.269682962648073
22.0,143.0,29.589790390549243
22.0,144.0,29.89253034704396
22.0,145.0,30.1787048173674
22.0,146.0,30.449106555124306
22.0,147.0,30.704512979348628
22.0,148.0,30.945681290989686
22.0,149.0,31.173345074227043
22.0,150.0,31.388211668608786
22.0,151.0,31.590960625253086
22.0,152.0,31.782242590887755
22.0,153.0,31.962678977326615
22.0,154.0,32.13286181134417
22.0,155.0,32.29335415761594
22.0,156.0,32.44469055137063
22.0,157.0,32.587377858322895
22.0,158.0,32.72189603112463
22.0,159.0,32.84869919586799
22.0,160.0,32.96821656301591
22.0,161.0,33.080853605168585
22.0,162.0,33.186993015565264
22.0,163.0,33.28699589330025
22.0,164.0,33.38120268467936
22.0,165.0,33.46993432643574
22.0,166.0,33.55349313303235
22.0,167.0,33.63216387080616
22.0,168.0,33.70621457219305
22.0,169.0,33.77589752794119
22.0,170.0,33.84145002043589
22.0,171.0,33.90309522989198
22.0,172.0,33.96104288574756
22.0,173.0,34.01549008796021
22.0,174.0,34.06662187938098
22.0,175.0,34.11461198622518
22.0,176.0,34.159623316486396
22.0,177.0,34.20180862519427
22.0,178.0,34.2413109449917
22.0,179.0,34.278264182510114
22.0,180.0,34.31279348768927
22.0,181.0,34.34501578789243
22.0,182.0,34.37504010272986
22.0,183.0,34.402968022684455
22.0,184.0,34.428893976354495
22.0,185.0,34.45290566058646
22.0,186.0,34.47508426738495
22.0,187.0,34.49550487305112
22.0,188.0,34.51423663271332
22.0,189.0,34.531343136945985
22.0,190.0,34.54688258316084
22.0,191.0,34.56090810984749
22.0,192.0,34.57346795615409
22.0,193.0,34.58460578647234
22.0,194.0,34.59436085264443
22.0,195.0,34.6027683253001
22.0,196.0,34.60985947738708
22.0,197.0,34.61566204349156
22.0,198.0,34.62020044868044
22.0,199.0,34.6234962226417
22.0,200.0,34.625568303448325
22.0,201.0,34.62643353856488
22.0,202.0,34.62610709728368
22.0,203.0,34.62460309283201
22.0,204.0,34.62193513626147
22.0,205.0,34.61811710826155
22.0,206.0,34.61316387515345
22.0,207.0,34.60709221832106
22.0,208.0,34.59992170152811
22.0,209.0,34.591675721761135
22.0,210.0,34.58238245897676
22.0,211.0,34.57207594004119
22.0,212.0,34.56079691794869
22.0,213.0,34.548593749493875
22.0,214.0,34.5355229615488
22.0,215.0,34.52164966776429
22.0,216.0,34.50704753417965
22.0,217.0,34.491798462617474
22.0,218.0,34.47599173420662
22.0,219.0,34.459722827916025
22.0,220.0,34.443091735743295
22.0,221.0,34.426201059783125
22.0,222.0,34.409153797188026
22.0,223.0,34.392051149952245
22.0,224.0,34.374990307225744
22.0,225.0,34.35806252876241
22.0,226.0,34.3413514521012
22.0,227.0,34.3249318837325
22.0,228.0,34.30886892905054
22.0,229.0,34.29321763437715
22.0,230.0,34.27802293309743
22.0,231.0,34.26332000659666
22.0,232.0,34.24913482467646
22.0,233.0,34.23548495254024
22.0,234.0,34.22238039712996
22.0,235.0,34.20982458477966
22.0,236.0,34.19781527026663
22.0,237.0,34.186345484934385
22.0,238.0,34.17540435453376
22.0,239.0,34.16497790849348
22.0,240.0,34.15504973650623
22.0,241.0,34.14560162154769
22.0,242.0,34.13661402307072
22.0,243.0,34.12806654028378
22.0,244.0,34.11993824102465
22.0,245.0,34.11220798227499
22.0,246.0,34.104854615666476
22.0,247.0,34.09785719758264
22.0,248.0,34.09119510294376
22.0,249.0,34.08484815477562
22.0,250.0,34.078796673471516
22.0,251.0,34.073021550180606
22.0,252.0,34.067504252781966
22.0,253.0,34.06222686148694
22.0,254.0,34.05717204708885
22.0,255.0,34.0523230819572
22.0,256.0,34.04766380144654
22.0,257.0,34.043178599342674
22.0,258.0,34.03885237974615
22.0,259.0,34.03467054297846
22.0,260.0,34.03061893267122
22.0,261.0,34.02668381597182
22.0,262.0,34.02285182876367
22.0,263.0,34.01910995251757
22.0,264.0,34.015445459341315
22.0,265.0,34.011845886820424
22.0,266.0,34.00829898378082
22.0,267.0,34.004792683805306
22.0,268.0,34.001315052065756
22.0,269.0,33.997854257782656
22.0,270.0,33.99439852215417
22.0,271.0,33.99093608977162
22.0,272.0,33.98745517748214
22.0,273.0,33.98394394463612
22.0,274.0,33.98039044263129
22.0,275.0,33.97678258382291
22.0,276.0,33.9731080914932
22.0,277.0,33.9693544672928
22.0,278.0,33.96550894146052
22.0,279.0,33.96155843879337
22.0,280.0,33.957489529125
22.0,281.0,33.95328839206758
22.0,282.0,33.94894076807828
22.0,283.0,33.94443192262719
22.0,284.0,33.939746598699635
22.0,285.0,33.93486898169327
22.0,286.0,33.92978265500941
22.0,287.0,33.924470567975646
22.0,288.0,33.91891499739681
22.0,289.0,33.91309752228302
22.0,290.0,33.90699899602593
22.0,291.0,33.90059953387013
22.0,292.0,33.893878502953015
22.0,293.0,33.88681453149843
22.0,294.0,33.87938552751398
22.0,295.0,33.87156872279091
22.0,296.0,33.863340735718765
22.0,297.0,33.85467766837881
22.0,298.0,33.84555523459145
22.0,299.0,33.83594893433398
22.0,300.0,33.825834274082396
22.0,301.0,33.8151870482948
22.0,302.0,33.80398368353796
22.0,303.0,33.792201659231175
22.0,304.0,33.779820006332734
22.0,305.0,33.76681989414456
22.0,306.0,33.75318530242838
22.0,307.0,33.73890378058317
22.0,308.0,33.72396728082542
22.0,309.0,33.70837305211656
22.0,310.0,33.69212456410331
22.0,311.0,33.675232426221406
22.0,312.0,33.65771524817903
22.0,313.0,33.639600383754704
22.0,314.0,33.62092448428716
22.0,315.0,33.60173379146828
22.0,316.0,33.58208409510648
22.0,317.0,33.56204030169178
22.0,318.0,33.5416755741092
22.0,319.0,33.52107004362857
22.0,320.0,33.500309124506074
22.0,321.0,33.47948151208396
22.0,322.0,33.45867696965063
22.0,323.0,33.43798404619321
22.0,324.0,33.41748786242883
22.0,325.0,33.39726810858348
22.0,326.0,33.377397356498676
22.0,327.0,33.35793977096919
22.0,328.0,33.33895024526949
22.0,329.0,33.320473968715426
22.0,330.0,33.3025463785044
22.0,331.0,33.28519345112264
22.0,332.0,33.268432248113655
22.0,333.0,33.252271658065546
22.0,334.0,33.236713247493945
22.0,335.0,33.221752177655304
22.0,336.0,33.207378116906675
22.0,337.0,33.193576131794906
22.0,338.0,33.18032750655378
22.0,339.0,33.16761049881238
22.0,340.0,33.15540099578093
22.0,341.0,33.14367309685557
22.0,342.0,33.13239959395801
22.0,343.0,33.12155238723064
22.0,344.0,33.11110280820345
22.0,345.0,33.10102189524055
22.0,346.0,33.091280590084565
22.0,347.0,33.08184990508607
22.0,348.0,33.07270102435867
22.0,349.0,33.0638053923427
22.0,350.0,33.05513474634013
22.0,351.0,33.046661150422636
22.0,352.0,33.03835698013079
22.0,353.0,33.03019491975846
22.0,354.0,33.022147914302266
22.0,355.0,33.01418914291252
22.0,356.0,33.006291948466156
22.0,357.0,32.99842979582586
22.0,358.0,32.99057618580345
22.0,359.0,32.982704603781215
22.0,360.0,32.974788422205336
22.0,361.0,32.96680084291495
22.0,362.0,32.95871479045377
22.0,363.0,32.9505028499173
22.0,364.0,32.94213715209706
22.0,365.0,32.9335893076132
22.0,366.0,32.9248302840492
22.0,367.0,32.91583033644687
22.0,368.0,32.906558876032136
22.0,369.0,32.89698439671536
22.0,370.0,32.88707433467498
22.0,371.0,32.876794990271286
22.0,372.0,32.866111377605655
22.0,373.0,32.85498714119921
22.0,374.0,32.84338439467787
22.0,375.0,32.83126363170429
22.0,376.0,32.818583553187345
22.0,377.0,32.80530097234165
22.0,378.0,32.791370630363524
22.0,379.0,32.77674509623229
22.0,380.0,32.76137457176951
22.0,381.0,32.74520678806291
22.0,382.0,32.72818680244511
22.0,383.0,32.71025689547623
22.0,384.0,32.691356364962154
22.0,385.0,32.671421430660615
22.0,386.0,32.65038503446607
22.0,387.0,32.628176764949266
22.0,388.0,32.604722678901325
22.0,389.0,32.579945265211826
22.0,390.0,32.55376331192191
22.0,391.0,32.52609193971722
22.0,392.0,32.4968425514921
22.0,393.0,32.46592298092602
22.0,394.0,32.433237579333145
22.0,395.0,32.39868754531218
22.0,396.0,32.36217122699168
22.0,397.0,32.32358472476182
22.0,398.0,32.282822515318784
22.0,399.0,32.23977844921625
22.0,400.0,32.19434683286898
22.0,401.0,32.146423970234835
22.0,402.0,32.0959098611177
22.0,403.0,32.04271044858874
22.0,404.0,31.986740088401312
22.0,405.0,31.9279246368273
22.0,406.0,31.866204786529956
22.0,407.0,31.801540027100653
22.0,408.0,31.733912786632338
22.0,409.0,31.663333077628344
22.0,410.0,31.589843093915054
22.0,411.0,31.51352199491497
22.0,412.0,31.434490188072473
22.0,413.0,31.352913250029346
22.0,414.0,31.26900467825787
22.0,415.0,31.183027571693977
22.0,416.0,31.095294409425886
22.0,417.0,31.00616512583971
22.0,418.0,30.916042806414573
22.0,419.0,30.82536749694988
22.0,420.0,30.7346077830014
22.0,421.0,30.6442510480807
22.0,422.0,30.554792425628328
22.0,423.0,30.466723675543957
22.0,424.0,30.380522145531415
22.0,425.0,30.296641069677065
22.0,426.0,30.215501176214268
22.0,427.0,30.137484577899937
22.0,428.0,30.062930515736415
22.0,429.0,29.992133556825685
22.0,430.0,29.92534344166328
22.0,431.0,29.862766930238266
22.0,432.0,29.804570644484407
22.0,433.0,29.75088519930891
22.0,434.0,29.701809600059654
22.0,435.0,29.657416283121382
22.0,436.0,29.61775585460975
22.0,437.0,29.582862041645278
22.0,438.0,29.552756005508012
22.0,439.0,29.52745065968336
22.0,440.0,29.506954210764597
22.0,441.0,29.49127365962409
22.0,442.0,29.480417513598315
22.0,443.0,29.47439850739098
22.0,444.0,29.47323558688599
22.0,445.0,29.476955989488463
22.0,446.0,29.485596660160198
22.0,447.0,29.49920585862719
22.0,448.0,29.517844172628163
22.0,449.0,29.541585808000892
22.0,450.0,29.570519342920676
22.0,451.0,29.60474883029008
22.0,452.0,29.644394408062727
22.0,453.0,29.689593314731663
22.0,454.0,29.740500443734458
22.0,455.0,29.797289348039676
22.0,456.0,29.860152804611836
22.0,457.0,29.92930386492226
22.0,458.0,30.00497647912345
22.0,459.0,30.087426635586063
22.0,460.0,30.176933083133243
22.0,461.0,30.273798593499016
22.0,462.0,30.378350812644335
22.0,463.0,30.490943674248125
22.0,464.0,30.611958406694065
22.0,465.0,30.74180512232105
22.0,466.0,30.880924004171597
22.0,467.0,31.02978709384056
22.0,468.0,31.18889968065657
22.0,469.0,31.358802309749542
22.0,470.0,31.540072395171887
22.0,471.0,31.733326468407366
22.0,472.0,31.939222035122125
22.0,473.0,32.15846008175664
22.0,474.0,32.39178719198362
22.0,475.0,32.63999832392649
22.0,476.0,32.903939195407546
22.0,477.0,33.1845093348169
22.0,478.0,33.48266473155716
22.0,479.0,33.79942114685055
22.0,480.0,34.135857004025965
22.0,481.0,34.4931169174676
22.0,482.0,34.872414761536824
22.0,483.0,35.27503733037767
22.0,484.0,35.70234746703194
22.0,485.0,36.155787695203315
22.0,486.0,36.63688320113921
22.0,487.0,37.1472451684872
22.0,488.0,37.68857327050566
22.0,489.0,38.262658274363304
22.0,490.0,38.871383501518224
22.0,491.0,39.51672602743443
22.0,492.0,40.20075628105196
22.0,493.0,40.92563682652215
22.0,494.0,41.693618875622704
22.0,495.0,42.50703717940722
22.0,496.0,43.368301705768914
22.0,497.0,44.27988658711028
22.0,498.0,45.2443145826368
22.0,499.0,46.26413736329788
22.0,500.0,47.34190971306519
22.0,501.0,48.48015781590556
22.0,502.0,49.68133965479032
22.0,503.0,50.94779769121769
22.0,504.0,52.281702001147
22.0,505.0,53.684984342221284
22.0,506.0,55.15926189944002
22.0,507.0,56.70575203023542
22.0,508.0,58.32517799112514
22.0,509.0,60.017668571745034
22.0,510.0,61.78265366274684
22.0,511.0,63.61876104847638
22.0,512.0,65.52371907448557
22.0,513.0,67.49427305027501
22.0,514.0,69.52612227825482
22.0,515.0,71.61388694217877
22.0,516.0,73.75111182092105
22.0,517.0,75.93031426068009
22.0,518.0,78.14307945847447
22.0,519.0,80.38020433781037
22.0,520.0,82.6318851767858
22.0,521.0,84.88794140278918
22.0,522.0,87.13806224279679
22.0,523.0,89.37206187604262
22.0,524.0,91.58012607429954
22.0,525.0,93.75303594571339
22.0,526.0,95.88235553260702
22.0,527.0,97.96057558494172
22.0,528.0,99.98120879247114
22.0,529.0,101.93883760243608
22.0,530.0,103.82911785968169
22.0,531.0,105.64874548681863
22.0,532.0,107.39539341539471
22.0,533.0,109.06762772461713
22.0,534.0,110.66481018456989
22.0,535.0,112.18699472658761
22.0,536.0,113.63482285737814
22.0,537.0,115.00942290933693
22.0,538.0,116.31231558032593
22.0,539.0,117.54532822984385
22.0,540.0,118.71051840040998
22.0,541.0,119.81010736621732
22.0,542.0,120.84642300228221
22.0,543.0,121.82185187048388
22.0,544.0,122.73879930337293
22.0,545.0,123.59965701664049
22.0,546.0,124.40677693992784
22.0,547.0,125.16245073918176
22.0,548.0,125.86889384532647
22.0,549.0,126.52823354314026
22.0,550.0,127.14250014300849
22.0,551.0,127.71362090825869
22.0,552.0,128.24341597925832
22.0,553.0,128.73359607467515
22.0,554.0,129.18576140838164
22.0,555.0,129.6014016804249
22.0,556.0,129.9818967472759
22.0,557.0,130.32851787537587
22.0,558.0,130.64242932061532
22.0,559.0,130.92469015492935
22.0,560.0,131.1762561959522
22.0,561.0,131.3979819556288
22.0,562.0,131.5906225587663
22.0,563.0,131.75483552547328
22.0,564.0,131.89118245038944
22.0,565.0,132.00013043885224
22.0,566.0,132.08205340576518
22.0,567.0,132.13723305538772
22.0,568.0,132.16585971464121
22.0,569.0,132.16803279089055
22.0,570.0,132.14376108979016
22.0,571.0,132.09296271364957
22.0,572.0,132.01546483668133
22.0,573.0,131.91100302545942
22.0,574.0,131.77922046076623
22.0,575.0,131.61966667678126
22.0,576.0,131.43179623376594
22.0,577.0,131.21496688890562
22.0,578.0,130.968437742777
22.0,579.0,130.69136687738657
22.0,580.0,130.38280902734044
22.0,581.0,130.04171275582786
22.0,582.0,129.66691774579184
22.0,583.0,129.2571516406595
22.0,584.0,128.81102712125173
22.0,585.0,128.32703862630083
22.0,586.0,127.80355949064302
22.0,587.0,127.23883889653828
22.0,588.0,126.6309995159125
22.0,589.0,125.97803524794004
22.0,590.0,125.27781005621522
22.0,591.0,124.52805734703963
22.0,592.0,123.72638104957798
22.0,593.0,122.87025791210587
22.0,594.0,121.95704236817295
22.0,595.0,120.98397360015788
22.0,596.0,119.94818638527026
22.0,597.0,118.84672550182125
22.0,598.0,117.67656553853335
22.0,599.0,116.43463604894133
22.0,600.0,115.1178541381051
22.0,601.0,113.72316454021029
22.0,602.0,112.24758941523235
22.0,603.0,110.68828786674489
22.0,604.0,109.04262727967856
22.0,605.0,107.30826603877273
22.0,606.0,105.4832490707787
22.0,607.0,103.56611465452602
22.0,608.0,101.55601245718152
22.0,609.0,99.45282917506552
22.0,610.0,97.25731924164923
22.0,611.0,94.97123396442403
22.0,612.0,92.59744333408553
22.0,613.0,90.14004059503738
22.0,614.0,87.6044210803108
22.0,615.0,84.99732362249705
22.0,616.0,82.32682601149376
22.0,617.0,79.60228499909333
22.0,618.0,76.83421727420433
22.0,619.0,74.034119536815
22.0,620.0,71.21423402234397
22.0,621.0,68.38726862537597
22.0,622.0,65.56608862591784
22.0,623.0,62.76339756360764
22.0,624.0,59.9914289553824
22.0,625.0,57.26166637755865
22.0,626.0,54.58460896420787
22.0,627.0,51.9695913974172
22.0,628.0,49.42466483851509
22.0,629.0,46.956536806116986
22.0,630.0,44.570566570790064
22.0,631.0,42.27080639539893
22.0,632.0,40.060080286344316
22.0,633.0,37.940088347801336
22.0,634.0,35.911528484639234
22.0,635.0,33.97422527525572
22.0,636.0,32.12726054824211
22.0,637.0,30.369098708814953
22.0,638.0,28.697704615653727
22.0,639.0,27.110650023121558
22.0,640.0,25.60520893235504
22.0,641.0,24.178439884717527
22.0,642.0,22.827257072512662
22.0,643.0,21.548489370310914
22.0,644.0,20.338929863695885
22.0,645.0,19.19537537386038
22.0,646.0,18.114658729813197
22.0,647.0,17.093673297425443
22.0,648.0,16.129392421069188
22.0,649.0,15.218883125475717
22.0,650.0,14.359316533366613
22.0,651.0,13.547974137847824
22.0,652.0,12.782252170900945
22.0,653.0,12.059663012934248
22.0,654.0,11.377835696179499
22.0,655.0,10.734514290740883
22.0,656.0,10.12755607482488
22.0,657.0,9.55492816319314
22.0,658.0,9.014704379752796
22.0,659.0,8.50506097004266
22.0,660.0,8.02427285299255
22.0,661.0,7.57070895853278
22.0,662.0,7.142828285598884
22.0,663.0,6.739175199903325
22.0,664.0,6.358375556415972
22.0,665.0,5.999132154805859
22.0,666.0,5.660221073320481
22.0,667.0,5.340487389827905
22.0,668.0,5.038841802416347
22.0,669.0,4.754256667073486
22.0,670.0,4.485762935489688
22.0,671.0,4.232446525324766
22.0,672.0,3.993445578546758
22.0,673.0,3.767947159428438
22.0,674.0,3.5551848210779884
22.0,675.0,3.3544356146787377
22.0,676.0,3.1650179434988877
22.0,677.0,2.986288861042707
22.0,678.0,2.8176421880084783
22.0,679.0,2.6585060747302203
22.0,680.0,2.5083413554914777
22.0,681.0,2.366639350462815
22.0,682.0,2.232920432321456
22.0,683.0,2.1067320439130963
22.0,684.0,1.9876474535450905
22.0,685.0,1.8752639662462312
22.0,686.0,1.769201845942197
22.0,687.0,1.6691027001010472
22.0,688.0,1.5746285489904457
22.0,689.0,1.48546036546965
22.0,690.0,1.4012972735088767
22.0,691.0,1.3218552268008383
22.0,692.0,1.2468663206053185
22.0,693.0,1.1760775946415165
22.0,694.0,1.109250444061481
22.0,695.0,1.046159533719803
22.0,696.0,0.9865922956607103
22.0,697.0,0.9303479433356622
22.0,698.0,0.8772370444089244
22.0,699.0,0.8270806248096737
22.0,700.0,0.7797098069266711
22.0,701.0,0.7349649945491536
22.0,702.0,0.6926955676440651
22.0,703.0,0.6527591402717209
22.0,704.0,0.615021304132
22.0,705.0,0.5793549524498834
22.0,706.0,0.5456400653533724
22.0,707.0,0.5137630935236756
22.0,708.0,0.4836167792401801
22.0,709.0,0.4550995942926363
22.0,710.0,0.4281155912090825
22.0,711.0,0.4025738905441116
22.0,712.0,0.3783885574048947
22.0,713.0,0.35547813377059806
22.0,714.0,0.33376553595906194
22.0,715.0,0.3131776281065812
22.0,716.0,0.29364513668173087
22.0,717.0,0.2751022616698594
22.0,718.0,0.257486604648335
22.0,719.0,0.2407388145830375
22.0,720.0,0.22480252633730127
22.0,721.0,0.2096240383043628
22.0,722.0,0.19515225853602847
22.0,723.0,0.1813384117105555
22.0,724.0,0.1681359903413638
22.0,725.0,0.15550048881861997
22.0,726.0,0.14338935739727002
22.0,727.0,0.1317617612564503
22.0,728.0,0.12057853517329159
22.0,729.0,0.10980196572044407
22.0,730.0,0.09939574471052633
22.0,731.0,0.08932477280128259
22.0,732.0,0.0795551099478038
22.0,733.0,0.07005379880945581
22.0,734.0,0.06078881057525966
22.0,735.0,0.05172888666867426
22.0,736.0,0.0428434784175962
22.0,737.0,0.034102605633933275
22.0,738.0,0.02547678868504435
22.0,739.0,0.01693692258606303
22.0,740.0,0.008454200095413745
22.0,741.0,0.0
23.0,0.0,0.0
23.0,1.0,0.0021999290741592445
23.0,2.0,0.004407281277889774
23.0,3.0,0.006629503845601888
23.0,4.0,0.008874095616028978
23.0,5.0,0.011148628077956899
23.0,6.0,0.013460776600096792
23.0,7.0,0.015818338757558562
23.0,8.0,0.01822926963259874
23.0,9.0,0.02070169777059087
23.0,10.0,0.023243964901481735
23.0,11.0,0.0258646398876078
23.0,12.0,0.028572563229777897
23.0,13.0,0.03137685938775936
23.0,14.0,0.034286986453926464
23.0,15.0,0.03731274725083951
23.0,16.0,0.040464344579623196
23.0,17.0,0.04375239152810343
23.0,18.0,0.04718797273084806
23.0,19.0,0.05078265435620037
23.0,20.0,0.05454855185064235
23.0,21.0,0.058498340114241376
23.0,22.0,0.06264532824418305
23.0,23.0,0.06700347045618377
23.0,24.0,0.0715874483912759
23.0,25.0,0.07641268339628206
23.0,26.0,0.08149542701490668
23.0,27.0,0.08685277530416753
23.0,28.0,0.09250276819634824
23.0,29.0,0.0984644066011967
23.0,30.0,0.10475776140023114
23.0,31.0,0.11140399416752297
23.0,32.0,0.11842547664325676
23.0,33.0,0.12584581600012026
23.0,34.0,0.1336899857400636
23.0,35.0,0.14198435653996463
23.0,36.0,0.15075683962551753
23.0,37.0,0.16003692435030684
23.0,38.0,0.16985583522513004
23.0,39.0,0.18024657752041798
23.0,40.0,0.191244109269642
23.0,41.0,0.20288539633780797
23.0,42.0,0.2152096008756177
23.0,43.0,0.22825814746828343
23.0,44.0,0.24207492969458003
23.0,45.0,0.25670638916226823
23.0,46.0,0.2722017420248613
23.0,47.0,0.2886130729242326
23.0,48.0,0.3059955835394783
23.0,49.0,0.3244077036953134
23.0,50.0,0.3439113642631223
23.0,51.0,0.3645721279565052
23.0,52.0,0.38645948917505213
23.0,53.0,0.40964702729590086
23.0,54.0,0.4342127363452439
23.0,55.0,0.4602392039053438
23.0,56.0,0.48781397381441205
23.0,57.0,0.5170297541377504
23.0,58.0,0.5479848164269961
23.0,59.0,0.5807832365429667
23.0,60.0,0.6155353343382481
23.0,61.0,0.6523579514518263
23.0,62.0,0.6913749355935719
23.0,63.0,0.7327174597296319
23.0,64.0,0.7765245554086556
23.0,65.0,0.822943477977796
23.0,66.0,0.8721302935423818
23.0,67.0,0.9242502949245545
23.0,68.0,0.9794786468020145
23.0,69.0,1.0380008569343164
23.0,70.0,1.1000134836448834
23.0,71.0,1.1657246662234655
23.0,72.0,1.2353548979883175
23.0,73.0,1.3091376184677646
23.0,74.0,1.3873200534873253
23.0,75.0,1.4701638693477586
23.0,76.0,1.5579460782470809
23.0,77.0,1.6509597506244307
23.0,78.0,1.7495149790417381
23.0,79.0,1.8539396382953361
23.0,80.0,1.9645803926127816
23.0,81.0,2.081803482805494
23.0,82.0,2.205995748797994
23.0,83.0,2.337565407239086
23.0,84.0,2.4769430418869285
23.0,85.0,2.624582311266005
23.0,86.0,2.7809608304372393
23.0,87.0,2.946580713212656
23.0,88.0,3.1219692266359482
23.0,89.0,3.307679021811759
23.0,90.0,3.504288382503705
23.0,91.0,3.7124009280422774
23.0,92.0,3.9326451950101156
23.0,93.0,4.165673500446069
23.0,94.0,4.412160486913512
23.0,95.0,4.67280071213915
23.0,96.0,4.948305653252954
23.0,97.0,5.239399444498257
23.0,98.0,5.54681368638942
23.0,99.0,5.871280604802566
23.0,100.0,6.213524875095102
23.0,101.0,6.574253368402034
23.0,102.0,6.954143142765162
23.0,103.0,7.353826961843438
23.0,104.0,7.773876736904707
23.0,105.0,8.214784289448263
23.0,106.0,8.67694001637231
23.0,107.0,9.160609108756868
23.0,108.0,9.665906252316944
23.0,109.0,10.192768887869963
23.0,110.0,10.740930475448913
23.0,111.0,11.309894409941789
23.0,112.0,11.89891062698365
23.0,113.0,12.506956093565098
23.0,114.0,13.132721645629449
23.0,115.0,13.774606556355723
23.0,116.0,14.430723154933693
23.0,117.0,15.098912307225639
23.0,118.0,15.776771034390265
23.0,119.0,16.46169157984703
23.0,120.0,17.15091135616071
23.0,121.0,17.841571089487996
23.0,122.0,18.530778723973825
23.0,123.0,19.215674944939387
23.0,124.0,19.893497083137426
23.0,125.0,20.56163725893097
23.0,126.0,21.217692328753433
23.0,127.0,21.859502951532658
23.0,128.0,22.485181206602483
23.0,129.0,23.093126073542795
23.0,130.0,23.68202804994677
23.0,131.0,24.25086371858717
23.0,132.0,24.798882583699505
23.0,133.0,25.3255875601604
23.0,134.0,25.830711577745312
23.0,135.0,26.31419149500112
23.0,136.0,26.776141361386824
23.0,137.0,27.216825675608685
23.0,138.0,27.636634083741306
23.0,139.0,28.03605759547853
23.0,140.0,28.415667246583237
23.0,141.0,28.77609485853803
23.0,142.0,29.118016477403163
23.0,143.0,29.44213788906849
23.0,144.0,29.749182606797085
23.0,145.0,30.039881613522923
23.0,146.0,30.314965181891836
23.0,147.0,30.57515602875213
23.0,148.0,30.821164119693258
23.0,149.0,31.05368240148488
23.0,150.0,31.273383801103034
23.0,151.0,31.480918809348815
23.0,152.0,31.676914020046173
23.0,153.0,31.861970986389103
23.0,154.0,32.03666579602964
23.0,155.0,32.20154876619408
23.0,156.0,32.35714468487841
23.0,157.0,32.50395303284243
23.0,158.0,32.64244862979454
23.0,159.0,32.77308216660821
23.0,160.0,32.89628107780623
23.0,161.0,33.012450237926046
23.0,162.0,33.121972941523346
23.0,163.0,33.225211668057995
23.0,164.0,33.32250909283363
23.0,165.0,33.41418885984343
23.0,166.0,33.5005565760529
23.0,167.0,33.581900555471705
23.0,168.0,33.65849276868207
23.0,169.0,33.73058953726298
23.0,170.0,33.79843242331612
23.0,171.0,33.86224886371335
23.0,172.0,33.92225299266879
23.0,173.0,33.978646211883515
23.0,174.0,34.031617944448996
23.0,175.0,34.08134614107799
23.0,176.0,34.127997966849314
23.0,177.0,34.171730246213606
23.0,178.0,34.21269008602994
23.0,179.0,34.251015263526746
23.0,180.0,34.286834790244825
23.0,181.0,34.320269248043715
23.0,182.0,34.35143129931409
23.0,183.0,34.38042597675811
23.0,184.0,34.40735114583761
23.0,185.0,34.43229775466387
23.0,186.0,34.455350255324646
23.0,187.0,34.476586820998186
23.0,188.0,34.49607973374681
23.0,189.0,34.513895577110745
23.0,190.0,34.53009559935322
23.0,191.0,34.54473589147208
23.0,192.0,34.557867736903695
23.0,193.0,34.56953778727042
23.0,194.0,34.57978841232497
23.0,195.0,34.588657888908315
23.0,196.0,34.59618076844311
23.0,197.0,34.60238809839211
23.0,198.0,34.607307828601236
23.0,199.0,34.610965088496364
23.0,200.0,34.61338265718251
23.0,201.0,34.614581322422254
23.0,202.0,34.61458044080784
23.0,203.0,34.613398403769594
23.0,204.0,34.61105331014926
23.0,205.0,34.60756355608918
23.0,206.0,34.602948628179064
23.0,207.0,34.59722981271702
23.0,208.0,34.59043108771389
23.0,209.0,34.58257990760553
23.0,210.0,34.573708123202486
23.0,211.0,34.5638527398341
23.0,212.0,34.55305672990992
23.0,213.0,34.541369596441285
23.0,214.0,34.5288478824162
23.0,215.0,34.515555326292464
23.0,216.0,34.50156285343003
23.0,217.0,34.486948129123505
23.0,218.0,34.47179488382902
23.0,219.0,34.456191788083245
23.0,220.0,34.44023113146473
23.0,221.0,34.42400714887822
23.0,222.0,34.407614293085864
23.0,223.0,34.3911453471819
23.0,224.0,34.3746896900832
23.0,225.0,34.35833161734763
23.0,226.0,34.342148998949256
23.0,227.0,34.32621214312926
23.0,228.0,34.31058308609782
23.0,229.0,34.29531512812242
23.0,230.0,34.2804527747708
23.0,231.0,34.266031869168344
23.0,232.0,34.252080036057144
23.0,233.0,34.238617215227734
23.0,234.0,34.22565639303298
23.0,235.0,34.21320432287161
23.0,236.0,34.20126234760185
23.0,237.0,34.18982713814148
23.0,238.0,34.178891470529216
23.0,239.0,34.168444879565406
23.0,240.0,34.15847431851603
23.0,241.0,34.1489646826278
23.0,242.0,34.139899328476716
23.0,243.0,34.13126046139829
23.0,244.0,34.12302952116387
23.0,245.0,34.11518744850359
23.0,246.0,34.1077149577247
23.0,247.0,34.100592705658514
23.0,248.0,34.09380147557723
23.0,249.0,34.087322272425794
23.0,250.0,34.08113644071397
23.0,251.0,34.07522570680001
23.0,252.0,34.069572249536044
23.0,253.0,34.06415870611036
23.0,254.0,34.05896820991633
23.0,255.0,34.053984372310595
23.0,256.0,34.04919129831231
23.0,257.0,34.04457355312608
23.0,258.0,34.040116163154146
23.0,259.0,34.03580457339217
23.0,260.0,34.031624638863036
23.0,261.0,34.0275625769583
23.0,262.0,34.023604952673494
23.0,263.0,34.019738628510346
23.0,264.0,34.01595074567262
23.0,265.0,34.01222867312885
23.0,266.0,34.00855998608864
23.0,267.0,34.00493241513644
23.0,268.0,34.00133382274669
23.0,269.0,33.99775215294585
23.0,270.0,33.9941754062636
23.0,271.0,33.99059159009791
23.0,272.0,33.98698869228459
23.0,273.0,33.983354632185595
23.0,274.0,33.97967723295795
23.0,275.0,33.975944173333495
23.0,276.0,33.97214295866437
23.0,277.0,33.96826087340629
23.0,278.0,33.96428495111085
23.0,279.0,33.96020192777124
23.0,280.0,33.955998211138116
23.0,281.0,33.95165983536094
23.0,282.0,33.947172430356815
23.0,283.0,33.942521178625285
23.0,284.0,33.937690785952306
23.0,285.0,33.9326654419564
23.0,286.0,33.92742879423993
23.0,287.0,33.921963915229945
23.0,288.0,33.916253283099856
23.0,289.0,33.910278758915645
23.0,290.0,33.90402157936946
23.0,291.0,33.89746235026556
23.0,292.0,33.890581058469955
23.0,293.0,33.88335709049837
23.0,294.0,33.87576927419847
23.0,295.0,33.86779593469679
23.0,296.0,33.85941498017953
23.0,297.0,33.85060401159003
23.0,298.0,33.84134047116749
23.0,299.0,33.83160182652927
23.0,300.0,33.821365804509725
23.0,301.0,33.810610673336775
23.0,302.0,33.79931558597478
23.0,303.0,33.787460983554226
23.0,304.0,33.77502906866072
23.0,305.0,33.76200434499906
23.0,306.0,33.74837422711789
23.0,307.0,33.734129710126204
23.0,308.0,33.7192660926372
23.0,309.0,33.70378373111914
23.0,310.0,33.68768880380759
23.0,311.0,33.67099404632999
23.0,312.0,33.65371942005799
23.0,313.0,33.63589265974893
23.0,314.0,33.617549649472906
23.0,315.0,33.59873456778563
23.0,316.0,33.579499755520004
23.0,317.0,33.55990526308717
23.0,318.0,33.54001806101535
23.0,319.0,33.519910912850214
23.0,320.0,33.49966094761504
23.0,321.0,33.47934798699691
23.0,322.0,33.45905271887507
23.0,323.0,33.43885481289888
23.0,324.0,33.418831093852916
23.0,325.0,33.399053867124806
23.0,326.0,33.379589490670554
23.0,327.0,33.36049724446061
23.0,328.0,33.34182854017708
23.0,329.0,33.32362646328921
23.0,330.0,33.30592563963076
23.0,331.0,33.288752373522435
23.0,332.0,33.27212502207596
23.0,333.0,33.25605453388756
23.0,334.0,33.240545115310304
23.0,335.0,33.2255949551416
23.0,336.0,33.21119698593762
23.0,337.0,33.19733962532544
23.0,338.0,33.1840074957572
23.0,339.0,33.17118207895227
23.0,340.0,33.15884232175075
23.0,341.0,33.14696515811094
23.0,342.0,33.13552597773946
23.0,343.0,33.12449900928066
23.0,344.0,33.113857658088556
23.0,345.0,33.10357476538109
23.0,346.0,33.09362283545139
23.0,347.0,33.08397419370915
23.0,348.0,33.074601127367366
23.0,349.0,33.06547596581305
23.0,350.0,33.05657115711895
23.0,351.0,33.047859291077536
23.0,352.0,33.03931312997656
23.0,353.0,33.0309055903521
23.0,354.0,33.022609742143665
23.0,355.0,33.014398761050074
23.0,356.0,33.006245906297536
23.0,357.0,32.99812445194882
23.0,358.0,32.990007650372156
23.0,359.0,32.98186864808593
23.0,360.0,32.973680439620466
23.0,361.0,32.96541577141871
23.0,362.0,32.95704708903309
23.0,363.0,32.94854643112175
23.0,364.0,32.93988537168725
23.0,365.0,32.93103490517811
23.0,366.0,32.92196538463457
23.0,367.0,32.912646398218655
23.0,368.0,32.90304670359084
23.0,369.0,32.89313409577119
23.0,370.0,32.88287533776839
23.0,371.0,32.87223601947408
23.0,372.0,32.861180484472484
23.0,373.0,32.84967167967694
23.0,374.0,32.83767107836766
23.0,375.0,32.8251385205138
23.0,376.0,32.81203213245774
23.0,377.0,32.79830815838685
23.0,378.0,32.78392087778592
23.0,379.0,32.76882242943625
23.0,380.0,32.75296272892739
23.0,381.0,32.73628928803343
23.0,382.0,32.71874713641517
23.0,383.0,32.70027864149918
23.0,384.0,32.680823441303325
23.0,385.0,32.660318273369604
23.0,386.0,32.638696929811886
23.0,387.0,32.61589010889209
23.0,388.0,32.59182540944805
23.0,389.0,32.56642722594292
23.0,390.0,32.53961680802458
23.0,391.0,32.51131222999999
23.0,392.0,32.481428553090915
23.0,393.0,32.44987791393258
23.0,394.0,32.416569842655505
23.0,395.0,32.38141153249198
23.0,396.0,32.344308386072136
23.0,397.0,32.305164548913766
23.0,398.0,32.26388377780177
23.0,399.0,32.220370342179315
23.0,400.0,32.17453032791625
23.0,401.0,32.1262730260324
23.0,402.0,32.075512793500295
23.0,403.0,32.022171046026195
23.0,404.0,31.966178778762725
23.0,405.0,31.907479239044605
23.0,406.0,31.84603114017253
23.0,407.0,31.781811984256443
23.0,408.0,31.714821853761833
23.0,409.0,31.64508715851654
23.0,410.0,31.57266464461042
23.0,411.0,31.497645050007335
23.0,412.0,31.42015664908611
23.0,413.0,31.34036797193201
23.0,414.0,31.25848990121939
23.0,415.0,31.17477638424453
23.0,416.0,31.089524004740323
23.0,417.0,31.003069712271788
23.0,418.0,30.91578712466902
23.0,419.0,30.828080893949735
23.0,420.0,30.740379836661337
23.0,421.0,30.653128581764143
23.0,422.0,30.56677872620966
23.0,423.0,30.48177943753157
23.0,424.0,30.398568630291905
23.0,425.0,30.317564633331855
23.0,426.0,30.239159382914806
23.0,427.0,30.163712827816127
23.0,428.0,30.09154933708499
23.0,429.0,30.022955489276445
23.0,430.0,29.95817979312376
23.0,431.0,29.897433481395833
23.0,432.0,29.84089280158751
23.0,433.0,29.788701840808518
23.0,434.0,29.740976310943893
23.0,435.0,29.69780733591068
23.0,436.0,29.659265750317587
23.0,437.0,29.625406006957064
23.0,438.0,29.596270310080488
23.0,439.0,29.57189213091559
23.0,440.0,29.552299818515515
23.0,441.0,29.53751950130346
23.0,442.0,29.52757806413971
23.0,443.0,29.522505410639255
23.0,444.0,29.522336844209438
23.0,445.0,29.527114772334176
23.0,446.0,29.536890599747736
23.0,447.0,29.55172599747424
23.0,448.0,29.571694435837287
23.0,449.0,29.596882144584217
23.0,450.0,29.627389405927254
23.0,451.0,29.663331317576993
23.0,452.0,29.704838947484017
23.0,453.0,29.752059991344602
23.0,454.0,29.805159870212474
23.0,455.0,29.864322354397704
23.0,456.0,29.929750666904813
23.0,457.0,30.001668129266005
23.0,458.0,30.080319319285177
23.0,459.0,30.165970781829728
23.0,460.0,30.258912278639087
23.0,461.0,30.35945759808307
23.0,462.0,30.467945927229607
23.0,463.0,30.584742788329372
23.0,464.0,30.710241558132807
23.0,465.0,30.844864554558928
23.0,466.0,30.989064724582917
23.0,467.0,31.1433269013745
23.0,468.0,31.308169679131417
23.0,469.0,31.484146858108645
23.0,470.0,31.671849521703756
23.0,471.0,31.871907683347835
23.0,472.0,32.08499257698393
23.0,473.0,32.31181851467109
23.0,474.0,32.55314539510425
23.0,475.0,32.80978077256512
23.0,476.0,33.08258257763423
23.0,477.0,33.372461384820255
23.0,478.0,33.68038332274588
23.0,479.0,34.00737250657586
23.0,480.0,34.35451408834208
23.0,481.0,34.72295678713869
23.0,482.0,35.11391598909143
23.0,483.0,35.52867625750828
23.0,484.0,35.968594329585
23.0,485.0,36.43510141243581
23.0,486.0,36.92970583083892
23.0,487.0,37.45399480284119
23.0,488.0,38.009636357801625
23.0,489.0,38.598380123826345
23.0,490.0,39.22205794363968
23.0,491.0,39.882582980227426
23.0,492.0,40.58194819427616
23.0,493.0,41.322222769629526
23.0,494.0,42.105547268285264
23.0,495.0,42.93412598662554
23.0,496.0,43.81021717353727
23.0,497.0,44.73611946597205
23.0,498.0,45.714155075610755
23.0,499.0,46.746647977652394
23.0,500.0,47.835897537180145
23.0,501.0,48.98414578110951
23.0,502.0,50.193538749796794
23.0,503.0,51.466080244073666
23.0,504.0,52.80357860937748
23.0,505.0,54.207585265883715
23.0,506.0,55.67932619546099
23.0,507.0,57.21962593325762
23.0,508.0,58.828826355072465
23.0,509.0,60.50670120316619
23.0,510.0,62.252370263609876
23.0,511.0,64.06421598849062
23.0,512.0,65.93980835189429
23.0,513.0,67.87584251076579
23.0,514.0,69.86809638586153
23.0,515.0,71.91141336871476
23.0,516.0,73.99971678432163
23.0,517.0,76.1260595139224
23.0,518.0,78.28271203747966
23.0,519.0,80.46128752733254
23.0,520.0,82.65290131953641
23.0,521.0,84.84835704848678
23.0,522.0,87.03835075869311
23.0,523.0,89.21368064251877
23.0,524.0,91.36545112566182
23.0,525.0,93.4852589810933
23.0,526.0,95.56535272127734
23.0,527.0,97.59875764994393
23.0,528.0,99.57936377189587
23.0,529.0,101.5019753516858
23.0,530.0,103.36232518885882
23.0,531.0,105.15705723703427
23.0,532.0,106.88368394090985
23.0,533.0,108.54052378335092
23.0,534.0,110.12662583865134
23.0,535.0,111.64168625239337
23.0,536.0,113.08596205446455
23.0,537.0,114.46018551064721
23.0,538.0,115.76548248060365
23.0,539.0,117.00329619940638
23.0,540.0,118.17531826595514
23.0,541.0,119.28342692255124
23.0,542.0,120.3296332665296
23.0,543.0,121.31603470079749
23.0,544.0,122.24477563340317
23.0,545.0,123.11801440077907
23.0,546.0,123.93789615609961
23.0,547.0,124.70653064997236
23.0,548.0,125.42597458577521
23.0,549.0,126.09821757954862
23.0,550.0,126.72517144510743
23.0,551.0,127.30866199777552
23.0,552.0,127.85042316523358
23.0,553.0,128.35209277322315
23.0,554.0,128.81520985705208
23.0,555.0,129.24121302854834
23.0,556.0,129.63143979230753
23.0,557.0,129.98712648250282
23.0,558.0,130.30940873439624
23.0,559.0,130.59932228303495
23.0,560.0,130.8578040030182
23.0,561.0,131.08569308566672
23.0,562.0,131.28373225052198
23.0,563.0,131.45256897782642
23.0,564.0,131.5927566292418
23.0,565.0,131.70475552382558
23.0,566.0,131.7889337976341
23.0,567.0,131.8455681873387
23.0,568.0,131.87484452094756
23.0,569.0,131.87685812468285
23.0,570.0,131.8516138796671
23.0,571.0,131.79902620319086
23.0,572.0,131.71891863638504
23.0,573.0,131.61102337723653
23.0,574.0,131.47498038803332
23.0,575.0,131.31033647997273
23.0,576.0,131.11654395174054
23.0,577.0,130.89295924937335
23.0,578.0,130.63884117381266
23.0,579.0,130.35334917012025
23.0,580.0,130.03554117789776
23.0,581.0,129.684371647231
23.0,582.0,129.2986891584427
23.0,583.0,128.87723432615437
23.0,584.0,128.41863739296645
23.0,585.0,127.92141627810554
23.0,586.0,127.38397446512124
23.0,587.0,126.80459959117151
23.0,588.0,126.18146211680714
23.0,589.0,125.51261505280108
23.0,590.0,124.79599413876197
23.0,591.0,124.02941958570986
23.0,592.0,123.21059881894617
23.0,593.0,122.33713149446871
23.0,594.0,121.40651629516641
23.0,595.0,120.41616096641744
23.0,596.0,119.36339519169742
23.0,597.0,118.2454879697071
23.0,598.0,117.05966919471138
23.0,599.0,115.80315728991906
23.0,600.0,114.47319265981321
23.0,601.0,113.06707892358972
23.0,602.0,111.58223163793757
23.0,603.0,110.0162363960338
23.0,604.0,108.3669156913016
23.0,605.0,106.63240600160088
23.0,606.0,104.81124371001285
23.0,607.0,102.90246033023527
23.0,608.0,100.90568424068405
23.0,609.0,98.82124771343335
23.0,610.0,96.6502943523572
23.0,611.0,94.39488347559515
23.0,612.0,92.05808414902327
23.0,613.0,89.64405324653548
23.0,614.0,87.15808852249805
23.0,615.0,84.60665034209777
23.0,616.0,81.9973435978868
23.0,617.0,79.33885577409143
23.0,618.0,76.64084683523917
23.0,619.0,73.91379293111886
23.0,620.0,71.16878694623244
23.0,621.0,68.41730588278298
23.0,622.0,65.67095555608
23.0,623.0,62.941208452354736
23.0,624.0,60.23914840263414
23.0,625.0,57.57523794798823
23.0,626.0,54.9591188241902
23.0,627.0,52.39945563076851
23.0,628.0,49.90382561098449
23.0,629.0,47.478656661208184
23.0,630.0,45.12920909395029
23.0,631.0,42.85959729295159
23.0,632.0,40.67284258583384
23.0,633.0,38.57095120703568
23.0,634.0,36.5550080833195
23.0,635.0,34.62528109456055
23.0,636.0,32.78132821342654
23.0,637.0,31.022104385552733
23.0,638.0,29.346062911844726
23.0,639.0,27.751250494714824
23.0,640.0,26.23539275035233
23.0,641.0,24.79597107946449
23.0,642.0,23.43028906184014
23.0,643.0,22.135530303067014
23.0,644.0,20.908806622834263
23.0,645.0,19.74719899203072
23.0,646.0,18.64779038001287
23.0,647.0,17.60769304158765
23.0,648.0,16.624069415638953
23.0,649.0,15.694149098979638
23.0,650.0,14.815240956696364
23.0,651.0,13.98474268987092
23.0,652.0,13.200146775152056
23.0,653.0,12.459044939996208
23.0,654.0,11.759129948766306
23.0,655.0,11.098196721097084
23.0,656.0,10.474141443757462
23.0,657.0,9.884960579397392
23.0,658.0,9.328748348683163
23.0,659.0,8.803694495668484
23.0,660.0,8.30808085493498
23.0,661.0,7.8402784574335955
23.0,662.0,7.398743657663492
23.0,663.0,6.9820149619880505
23.0,664.0,6.588709022047136
23.0,665.0,6.217517427231543
23.0,666.0,5.867202754525879
23.0,667.0,5.53659547148759
23.0,668.0,5.2245901547232965
23.0,669.0,4.930142586281092
23.0,670.0,4.652266201592941
23.0,671.0,4.390029420861879
23.0,672.0,4.142552354210224
23.0,673.0,3.9090043833630794
23.0,674.0,3.68860113098678
23.0,675.0,3.480602291768906
23.0,676.0,3.284308860378704
23.0,677.0,3.0990612014939165
23.0,678.0,2.924236523634094
23.0,679.0,2.7592471724559946
23.0,680.0,2.603538333990064
23.0,681.0,2.456586533054856
23.0,682.0,2.317897547890632
23.0,683.0,2.187005094791044
23.0,684.0,2.063468935933564
23.0,685.0,1.9468737316121107
23.0,686.0,1.8368273236622026
23.0,687.0,1.7329597375592123
23.0,688.0,1.634921624872621
23.0,689.0,1.5423833986883682
23.0,690.0,1.4550338197767145
23.0,691.0,1.3725792501260616
23.0,692.0,1.2947423688331126
23.0,693.0,1.2212615298906062
23.0,694.0,1.1518895951225856
23.0,695.0,1.086393383685305
23.0,696.0,1.0245526106259837
23.0,697.0,0.9661594167988716
23.0,698.0,0.9110174027971234
23.0,699.0,0.8589412291367906
23.0,700.0,0.8097557363869036
23.0,701.0,0.7632956065262972
23.0,702.0,0.7194045610737726
23.0,703.0,0.6779350754762156
23.0,704.0,0.6387476479211154
23.0,705.0,0.6017105594732785
23.0,706.0,0.5666992070411403
23.0,707.0,0.5335959027494735
23.0,708.0,0.5022892652353963
23.0,709.0,0.4726740524326946
23.0,710.0,0.44465060600029016
23.0,711.0,0.4181247123072812
23.0,712.0,0.39300709535296463
23.0,713.0,0.3692133012874004
23.0,714.0,0.34666323567468066
23.0,715.0,0.32528106736830337
23.0,716.0,0.3049948064045704
23.0,717.0,0.2857362234813736
23.0,718.0,0.2674404651521507
23.0,719.0,0.25004598553636265
23.0,720.0,0.23349419582155412
23.0,721.0,0.21772940516876935
23.0,722.0,0.20269850182561522
23.0,723.0,0.1883509004845413
23.0,724.0,0.17463825256750096
23.0,725.0,0.161514397553313
23.0,726.0,0.14893510021819073
23.0,727.0,0.136858003673731
23.0,728.0,0.12524239154039785
23.0,729.0,0.11404914063304113
23.0,730.0,0.10324050620912341
23.0,731.0,0.09278007240664092
23.0,732.0,0.0826325588478192
23.0,733.0,0.07276376707711736
23.0,734.0,0.06314040691628106
23.0,735.0,0.05373003726963053
23.0,736.0,0.044500910719413755
23.0,737.0,0.035421907163370465
23.0,738.0,0.026462395211625665
23.0,739.0,0.017592157198853233
23.0,740.0,0.0087812659965537
23.0,741.0,0.0
24.0,0.0,0.0
24.0,1.0,0.0022788296241113577
24.0,2.0,0.004565347622465768
24.0,3.0,0.006867269041805275
24.0,4.0,0.009192358930723094
24.0,5.0,0.01154846270154453
24.0,6.0,0.013943526464878021
24.0,7.0,0.016385631429626395
24.0,8.0,0.018883011597839755
24.0,9.0,0.021444092558779538
24.0,10.0,0.02407750691066306
24.0,11.0,0.0267921378166351
24.0,12.0,0.029597132536353793
24.0,13.0,0.03250195112857341
24.0,14.0,0.035516378496959766
24.0,15.0,0.03865057864597568
24.0,16.0,0.04191510567209986
24.0,17.0,0.04532096400712062
24.0,18.0,0.04887961881840098
24.0,19.0,0.052603062706881545
24.0,20.0,0.05650382601859044
24.0,21.0,0.06059505050405972
24.0,22.0,0.06489050008839779
24.0,23.0,0.06940464204493575
24.0,24.0,0.07415265882341388
24.0,25.0,0.0791505373440737
24.0,26.0,0.08441508254348766
24.0,27.0,0.089964015456658
24.0,28.0,0.09581598920845073
24.0,29.0,0.10199069662129463
24.0,30.0,0.10850888945785683
24.0,31.0,0.11539249637147776
24.0,32.0,0.12266464629351802
24.0,33.0,0.13034979763361887
24.0,34.0,0.13847376680400308
24.0,35.0,0.14706386967798837
24.0,36.0,0.15614895635444648
24.0,37.0,0.16575956599674485
24.0,38.0,0.17592796906460578
24.0,39.0,0.18668833678286284
24.0,40.0,0.1980767922061677
24.0,41.0,0.21013159570865422
24.0,42.0,0.2228932064003111
24.0,43.0,0.23640448518578547
24.0,44.0,0.2507107682206235
24.0,45.0,0.2658600892607421
24.0,46.0,0.2819032670326964
24.0,47.0,0.2988941487851401
24.0,48.0,0.3168897136498515
24.0,49.0,0.3359503395124724
24.0,50.0,0.35613992465942024
24.0,51.0,0.3775261803059539
24.0,52.0,0.4001807730561832
24.0,53.0,0.4241796456590026
24.0,54.0,0.44960318304995844
24.0,55.0,0.4765365641441815
24.0,56.0,0.5050699544724748
24.0,57.0,0.5352988920554825
24.0,58.0,0.5673245098797679
24.0,59.0,0.6012539591135683
24.0,60.0,0.637200664872307
24.0,61.0,0.6752847902089825
24.0,62.0,0.7156335287620889
24.0,63.0,0.7583816130452844
24.0,64.0,0.8036716476075094
24.0,65.0,0.8516546650997133
24.0,66.0,0.9024905034365627
24.0,67.0,0.9563484128463206
24.0,68.0,1.0134074801002952
24.0,69.0,1.0738572891265503
24.0,70.0,1.137898394510152
24.0,71.0,1.2057430370813937
24.0,72.0,1.2776156673553962
24.0,73.0,1.3537537155106607
24.0,74.0,1.4344081628920033
24.0,75.0,1.5198443625673508
24.0,76.0,1.6103426529726637
24.0,77.0,1.706199220185731
24.0,78.0,1.8077267415427254
24.0,79.0,1.915255273060395
24.0,80.0,2.029132901408698
24.0,81.0,2.149726628376021
24.0,82.0,2.2774229955665417
24.0,83.0,2.4126289208346763
24.0,84.0,2.5557722396362954
24.0,85.0,2.7073024238358103
24.0,86.0,2.867690954374137
24.0,87.0,3.0374318180945328
24.0,88.0,3.2170415853646372
24.0,89.0,3.4070595324474096
24.0,90.0,3.6080472417101346
24.0,91.0,3.8205881324430635
24.0,92.0,4.045286327501029
24.0,93.0,4.2827652922581345
24.0,94.0,4.533665619124918
24.0,95.0,4.798642373679463
24.0,96.0,5.078361341611243
24.0,97.0,5.373494571352832
24.0,98.0,5.684714520820359
24.0,99.0,6.012687189053829
24.0,100.0,6.358063524635043
24.0,101.0,6.721469499378553
24.0,102.0,7.103494155884788
24.0,103.0,7.504676070591021
24.0,104.0,7.925487619085849
24.0,105.0,8.366317615832308
24.0,106.0,8.827451888504658
24.0,107.0,9.309052599231668
24.0,108.0,9.811136167184761
24.0,109.0,10.333550966000352
24.0,110.0,10.875955053392511
24.0,111.0,11.437795542171068
24.0,112.0,12.018290289843376
24.0,113.0,12.616413880838625
24.0,114.0,13.230888813903993
24.0,115.0,13.860183913461638
24.0,116.0,14.502520654114967
24.0,117.0,15.155888882022838
24.0,118.0,15.818071750177443
24.0,119.0,16.48668017929845
24.0,120.0,17.15919527356014
24.0,121.0,17.833017549379704
24.0,122.0,18.50552006838509
24.0,123.0,19.174103304730544
24.0,124.0,19.836248277926714
24.0,125.0,20.489565781337873
24.0,126.0,21.13183879749346
24.0,127.0,21.761056958397205
24.0,128.0,22.375441480104683
24.0,129.0,22.973460883212546
24.0,130.0,23.553837316368416
24.0,131.0,24.115544966433706
24.0,132.0,24.65780124457119
24.0,133.0,25.18005276695363
24.0,134.0,25.68195704272371
24.0,135.0,26.163361843159073
24.0,136.0,26.624282929283762
24.0,137.0,27.064881747080666
24.0,138.0,27.485443347687532
24.0,139.0,27.8863557060501
24.0,140.0,28.268090292438686
24.0,141.0,28.631184709173294
24.0,142.0,28.976226952646567
24.0,143.0,29.30384187293673
24.0,144.0,29.614679217548268
24.0,145.0,29.909403701187657
24.0,146.0,30.1886864097915
24.0,147.0,30.453197927731967
24.0,148.0,30.70360247952643
24.0,149.0,30.94055346746642
24.0,150.0,31.164689712818312
24.0,151.0,31.376632796329474
24.0,152.0,31.576984836210606
24.0,153.0,31.766327120782535
24.0,154.0,31.94521896770379
24.0,155.0,32.11419724773119
24.0,156.0,32.273775976539675
24.0,157.0,32.42444642921147
24.0,158.0,32.56667720838995
24.0,159.0,32.70091473232058
24.0,160.0,32.82758359686066
24.0,161.0,32.94708728451447
24.0,162.0,33.05980869381984
24.0,163.0,33.16611096493742
24.0,164.0,33.26633809095809
24.0,165.0,33.36081579036555
24.0,166.0,33.449852144077454
24.0,167.0,33.53373846963138
24.0,168.0,33.6127499482228
24.0,169.0,33.68714647245141
24.0,170.0,33.757173241658045
24.0,171.0,33.823061566638856
24.0,172.0,33.88502942107103
24.0,173.0,33.94328219436704
24.0,174.0,33.998013193299194
24.0,175.0,34.04940433930808
24.0,176.0,34.09762661859539
24.0,177.0,34.14284072357315
24.0,178.0,34.185197452415615
24.0,179.0,34.22483829655166
24.0,180.0,34.261895792469176
24.0,181.0,34.296494058652726
24.0,182.0,34.32874910369588
24.0,183.0,34.358769317196646
24.0,184.0,34.386655739238655
24.0,185.0,34.41250251072952
24.0,186.0,34.43639711028619
24.0,187.0,34.45842077054162
24.0,188.0,34.47864868960311
24.0,189.0,34.49715042113572
24.0,190.0,34.513990069016934
24.0,191.0,34.52922666067896
24.0,192.0,34.542914335485435
24.0,193.0,34.555102712975945
24.0,194.0,34.565837087894586
24.0,195.0,34.57515880762048
24.0,196.0,34.5831054895861
24.0,197.0,34.589711425072885
24.0,198.0,34.59500783757538
24.0,199.0,34.599023332674264
24.0,200.0,34.60178421782427
24.0,201.0,34.60331501892254
24.0,202.0,34.60363888133188
24.0,203.0,34.6027781708623
24.0,204.0,34.60075496988721
24.0,205.0,34.597591770550444
24.0,206.0,34.59331206499693
24.0,207.0,34.58794111794129
24.0,208.0,34.581506622776814
24.0,209.0,34.57403950648773
24.0,210.0,34.56557458268405
24.0,211.0,34.55615129590275
24.0,212.0,34.54581425406797
24.0,213.0,34.53461377223307
24.0,214.0,34.52260612727007
24.0,215.0,34.50985373583568
24.0,216.0,34.496424971076905
24.0,217.0,34.48239383627164
24.0,218.0,34.46783924510858
24.0,219.0,34.452844150969035
24.0,220.0,34.43749432378754
24.0,221.0,34.42187704917475
24.0,222.0,34.406079595719866
24.0,223.0,34.390187745442354
24.0,224.0,34.374284258297294
24.0,225.0,34.35844755674623
24.0,226.0,34.34275049415799
24.0,227.0,34.32725945485669
24.0,228.0,34.31203362007276
24.0,229.0,34.297124597407134
24.0,230.0,34.28257621699173
24.0,231.0,34.26842464994119
24.0,232.0,34.25469863578991
24.0,233.0,34.24141995084687
24.0,234.0,34.228603906054765
24.0,235.0,34.21625999935049
24.0,236.0,34.20439252595122
24.0,237.0,34.193001273938094
24.0,238.0,34.18208212850331
24.0,239.0,34.17162771680389
24.0,240.0,34.16162793607527
24.0,241.0,34.15207049956409
24.0,242.0,34.14294135894086
24.0,243.0,34.13422513708718
24.0,244.0,34.12590544229595
24.0,245.0,34.117965194163155
24.0,246.0,34.11038684168409
24.0,247.0,34.103152598189915
24.0,248.0,34.09624458117111
24.0,249.0,34.08964497486946
24.0,250.0,34.08333611008182
24.0,251.0,34.077300571869245
24.0,252.0,34.07152123541541
24.0,253.0,34.065981333528164
24.0,254.0,34.06066446154448
24.0,255.0,34.05555461614576
24.0,256.0,34.05063617922832
24.0,257.0,34.045893936660626
24.0,258.0,34.04131304838052
24.0,259.0,34.036879053329386
24.0,260.0,34.032577830913795
24.0,261.0,34.028395596491166
24.0,262.0,34.024318857721106
24.0,263.0,34.02033440359171
24.0,264.0,34.01642925800499
24.0,265.0,34.0125906643341
24.0,266.0,34.008806037748315
24.0,267.0,34.005062946592304
24.0,268.0,34.00134906437801
24.0,269.0,33.99765214880431
24.0,270.0,33.99395999396191
24.0,271.0,33.99026040751035
24.0,272.0,33.98654116341106
24.0,273.0,33.98278997761057
24.0,274.0,33.97899446150673
24.0,275.0,33.97514209643039
24.0,276.0,33.97122018804575
24.0,277.0,33.96721583997106
24.0,278.0,33.963115909415926
24.0,279.0,33.95890698044107
24.0,280.0,33.9545753213582
24.0,281.0,33.95010685842153
24.0,282.0,33.94548713588831
24.0,283.0,33.94070129139887
24.0,284.0,33.93573402016451
24.0,285.0,33.930569553982735
24.0,286.0,33.92519163184854
24.0,287.0,33.91958348554053
24.0,288.0,33.913727820121935
24.0,289.0,33.90760681040804
24.0,290.0,33.90120209642465
24.0,291.0,33.89449479691638
24.0,292.0,33.88746552694118
24.0,293.0,33.880094436960434
24.0,294.0,33.87236126239193
24.0,295.0,33.86424539970288
24.0,296.0,33.85572600080178
24.0,297.0,33.84678210069445
24.0,298.0,33.83739277266134
24.0,299.0,33.82753732480758
24.0,300.0,33.817195534132026
24.0,301.0,33.80634793043398
24.0,302.0,33.79497612693803
24.0,303.0,33.7830632073301
24.0,304.0,33.77059416485638
24.0,305.0,33.757556398550115
24.0,306.0,33.743940258077274
24.0,307.0,33.72973963471689
24.0,308.0,33.71495258214142
24.0,309.0,33.699581953720724
24.0,310.0,33.68363602886609
24.0,311.0,33.6671291024359
24.0,312.0,33.65008199786531
24.0,313.0,33.63252246758934
24.0,314.0,33.61448543461095
24.0,315.0,33.596013037705035
24.0,316.0,33.57715444017396
24.0,317.0,33.557965380367534
24.0,318.0,33.53850744824627
24.0,319.0,33.51884710036177
24.0,320.0,33.49905443638479
24.0,321.0,33.47920179200565
24.0,322.0,33.45936220851738
24.0,323.0,33.439607864456015
24.0,324.0,33.42000854429775
24.0,325.0,33.400630231025396
24.0,326.0,33.38153387998935
24.0,327.0,33.36277443321022
24.0,328.0,33.344400091467065
24.0,329.0,33.326451863775404
24.0,330.0,33.308963369815004
24.0,331.0,33.291960883696774
24.0,332.0,33.27546356728677
24.0,333.0,33.25948386875538
24.0,334.0,33.244028025463734
24.0,335.0,33.22909665100504
24.0,336.0,33.214685349203606
24.0,337.0,33.20078534849782
24.0,338.0,33.18738410815038
24.0,339.0,33.174465905670964
24.0,340.0,33.162012364721676
24.0,341.0,33.150002947054396
24.0,342.0,33.13841537213154
24.0,343.0,33.127225999029775
24.0,344.0,33.11641013485619
24.0,345.0,33.10594231255124
24.0,346.0,33.09579649980041
24.0,347.0,33.085946288361356
24.0,348.0,33.07636502088984
24.0,349.0,33.0670259100851
24.0,350.0,33.057902101263146
24.0,351.0,33.04896673846057
24.0,352.0,33.04019297839887
24.0,353.0,33.03155401789328
24.0,354.0,33.02302307175585
24.0,355.0,33.01457337269322
24.0,356.0,33.00617812260857
24.0,357.0,32.997810473269446
24.0,358.0,32.989443457797115
24.0,359.0,32.98104995798412
24.0,360.0,32.9726026206243
24.0,361.0,32.964073815496164
24.0,362.0,32.95543553956937
24.0,363.0,32.94665936828955
24.0,364.0,32.937716349523434
24.0,365.0,32.92857694980284
24.0,366.0,32.91921093905887
24.0,367.0,32.909587332830085
24.0,368.0,32.89967426831791
24.0,369.0,32.889438943178355
24.0,370.0,32.87884748315997
24.0,371.0,32.86786487794661
24.0,372.0,32.85645484059617
24.0,373.0,32.8445797409779
24.0,374.0,32.83220045742421
24.0,375.0,32.81927630863524
24.0,376.0,32.80576489842859
24.0,377.0,32.79162204762666
24.0,378.0,32.776801633620885
24.0,379.0,32.7612555248164
24.0,380.0,32.744933418046664
24.0,381.0,32.72778277978077
24.0,382.0,32.70974868641796
24.0,383.0,32.69077377888688
24.0,384.0,32.670798113775405
24.0,385.0,32.649759141466504
24.0,386.0,32.627591580256244
24.0,387.0,32.604227433156765
24.0,388.0,32.57959590304078
24.0,389.0,32.553623470143144
24.0,390.0,32.52623387430156
24.0,391.0,32.49734828445201
24.0,392.0,32.46688538461262
24.0,393.0,32.43476167859192
24.0,394.0,32.400891729604
24.0,395.0,32.36518865782702
24.0,396.0,32.327564598853634
24.0,397.0,32.28793146745471
24.0,398.0,32.24620171543126
24.0,399.0,32.20228944881737
24.0,400.0,32.15611157653955
24.0,401.0,32.107589373983814
24.0,402.0,32.056650111704556
24.0,403.0,32.00322914487162
24.0,404.0,31.94727208260057
24.0,405.0,31.8887374342874
24.0,406.0,31.827599306973514
24.0,407.0,31.763850537140943
24.0,408.0,31.697505768184453
24.0,409.0,31.62860482634497
24.0,410.0,31.557215827661338
24.0,411.0,31.483438327840762
24.0,412.0,31.407405866137665
24.0,413.0,31.32928818474267
24.0,414.0,31.24929241931541
24.0,415.0,31.16766355782132
24.0,416.0,31.08468347307042
24.0,417.0,31.000668924913878
24.0,418.0,30.915967939660888
24.0,419.0,30.830955152735413
24.0,420.0,30.746025697712284
24.0,421.0,30.661588458273894
24.0,422.0,30.578058434479743
24.0,423.0,30.495849209850576
24.0,424.0,30.415365327562096
24.0,425.0,30.336995585525916
24.0,426.0,30.26110695541574
24.0,427.0,30.18804001197107
24.0,428.0,30.118105363125856
24.0,429.0,30.051581783176292
24.0,430.0,29.988715317854712
24.0,431.0,29.929719919676774
24.0,432.0,29.874778734392624
24.0,433.0,29.824046544069304
24.0,434.0,29.777652432307036
24.0,435.0,29.735703207078952
24.0,436.0,29.698286656974265
24.0,437.0,29.665475251944134
24.0,438.0,29.637329401080823
24.0,439.0,29.613900964140722
24.0,440.0,29.59523616385313
24.0,441.0,29.581378670510386
24.0,442.0,29.572372025096634
24.0,443.0,29.56826222970957
24.0,444.0,29.569099673778336
24.0,445.0,29.574941266138662
24.0,446.0,29.585851930449287
24.0,447.0,29.601906363917873
24.0,448.0,29.623190197422694
24.0,449.0,29.649801480007728
24.0,450.0,29.68185160215044
24.0,451.0,29.71946660020704
24.0,452.0,29.762787931234577
24.0,453.0,29.811973678473652
24.0,454.0,29.86719925160244
24.0,455.0,29.928658559425962
24.0,456.0,29.996564694956092
24.0,457.0,30.071151127841777
24.0,458.0,30.152672421221524
24.0,459.0,30.241405485223154
24.0,460.0,30.337650362651146
24.0,461.0,30.44173157619435
24.0,462.0,30.553999012473117
24.0,463.0,30.674829389000895
24.0,464.0,30.804627260375696
24.0,465.0,30.943826625913506
24.0,466.0,31.092892077140213
24.0,467.0,31.252320562628356
24.0,468.0,31.422642691671474
24.0,469.0,31.604424668415685
24.0,470.0,31.798269761832888
24.0,471.0,32.004820415830615
24.0,472.0,32.224759889377964
24.0,473.0,32.45881454177536
24.0,474.0,32.707755637746985
24.0,475.0,32.97240179598295
24.0,476.0,33.25362094048241
24.0,477.0,33.552332883842084
24.0,478.0,33.869511385765314
24.0,479.0,34.20618681760035
24.0,480.0,34.563448258475646
24.0,481.0,34.94244615048297
24.0,482.0,35.34439431791162
24.0,483.0,35.770572468057345
24.0,484.0,36.22232795354453
24.0,485.0,36.70107789520205
24.0,486.0,37.2083104137707
24.0,487.0,37.74558604002643
24.0,488.0,38.3145380108702
24.0,489.0,38.91687247787502
24.0,490.0,39.55436728353464
24.0,491.0,40.22887027260241
24.0,492.0,40.94229572815338
24.0,493.0,41.69661982378729
24.0,494.0,42.493873603466795
24.0,495.0,43.33613429057204
24.0,496.0,44.22551335341659
24.0,497.0,45.16414203603349
24.0,498.0,46.154152708276925
24.0,499.0,47.197656673386085
24.0,500.0,48.296716759993764
24.0,501.0,49.45331533519334
24.0,502.0,50.669316145590564
24.0,503.0,51.94642076621558
24.0,504.0,53.28611834145132
24.0,505.0,54.68962978809261
24.0,506.0,56.15784572736211
24.0,507.0,57.69126005647387
24.0,508.0,59.28989939637942
24.0,509.0,60.95325145351542
24.0,510.0,62.68019385038384
24.0,511.0,64.46892782790309
24.0,512.0,66.31691974724325
24.0,513.0,68.22085593172034
24.0,514.0,70.17661455968603
24.0,515.0,72.17926026180022
24.0,516.0,74.22306444947819
24.0,517.0,76.3015552847093
24.0,518.0,78.40759755832161
24.0,519.0,80.53350260493987
24.0,520.0,82.6711641124084
24.0,521.0,84.81221527069646
24.0,522.0,86.94819886838948
24.0,523.0,89.07074245938065
24.0,524.0,91.17172844877592
24.0,525.0,93.24345118745546
24.0,526.0,95.27875274948043
24.0,527.0,97.27113273787754
24.0,528.0,99.21482810868376
24.0,529.0,101.10486297578382
24.0,530.0,102.93706886163368
24.0,531.0,104.70807907226168
24.0,532.0,106.4153004870896
24.0,533.0,108.05686811926064
24.0,534.0,109.63158648665673
24.0,535.0,111.13886297083697
24.0,536.0,112.57863648605654
24.0,537.0,113.9513054326263
24.0,538.0,115.25765694873654
24.0,539.0,116.49880000491443
24.0,540.0,117.67610310147595
24.0,541.0,118.7911379213621
24.0,542.0,119.8456287928737
24.0,543.0,120.84140851014152
24.0,544.0,121.78037984660966
24.0,545.0,122.66448285558523
24.0,546.0,123.49566707874814
24.0,547.0,124.27586855045733
24.0,548.0,125.00699070100352
24.0,549.0,125.69088898586952
24.0,550.0,126.32935843271116
24.0,551.0,126.92412394217823
24.0,552.0,127.47683266823451
24.0,553.0,127.98904834602887
24.0,554.0,128.46224703716757
24.0,555.0,128.89781419026545
24.0,556.0,129.297042623852
24.0,557.0,129.66113134636754
24.0,558.0,129.99118494413023
24.0,559.0,130.28821345296572
24.0,560.0,130.55313255395603
24.0,561.0,130.7867639950008
24.0,562.0,130.9898361756984
24.0,563.0,131.16298477075685
24.0,564.0,131.3067534164826
24.0,565.0,131.4215942993745
24.0,566.0,131.50786875089867
24.0,567.0,131.56584764416246
24.0,568.0,131.59571177074383
24.0,569.0,131.59755194514767
24.0,570.0,131.57136908575026
24.0,571.0,131.51707396834243
24.0,572.0,131.43448696960377
24.0,573.0,131.32333744368344
24.0,574.0,131.18326311678427
24.0,575.0,131.01380908980587
24.0,576.0,130.8144269017347
24.0,577.0,130.58447319190495
24.0,578.0,130.32320848301973
24.0,579.0,130.02979557380178
24.0,580.0,129.70329813515247
24.0,581.0,129.34267895386031
24.0,582.0,128.94679849421846
24.0,583.0,128.51441318333863
24.0,584.0,128.0441741736505
24.0,585.0,127.5346259593324
24.0,586.0,126.98420569261955
24.0,587.0,126.39124256004634
24.0,588.0,125.75395816946427
24.0,589.0,125.07046730697904
24.0,590.0,124.33878013512698
24.0,591.0,123.5568052093358
24.0,592.0,122.72235452219385
24.0,593.0,121.83314999043148
24.0,594.0,120.8868327490697
24.0,595.0,119.88097472176088
24.0,596.0,118.81309399537892
24.0,597.0,117.68067352466039
24.0,598.0,116.4811848457382
24.0,599.0,115.21211635254548
24.0,600.0,113.87100790899535
24.0,601.0,112.45549129176737
24.0,602.0,110.96333819781577
24.0,603.0,109.39251507042918
24.0,604.0,107.7412461934134
24.0,605.0,106.00808375669482
24.0,606.0,104.19198567737448
24.0,607.0,102.29239889044446
24.0,608.0,100.30934774447972
24.0,609.0,98.24352374328625
24.0,610.0,96.09637468531247
24.0,611.0,93.87018767055818
24.0,612.0,91.56816237556127
24.0,613.0,89.19446757870705
24.0,614.0,86.75427642286652
24.0,615.0,84.25377319060932
24.0,616.0,81.70012800015236
24.0,617.0,79.10143430981154
24.0,618.0,76.46660915519777
24.0,619.0,73.80525566746981
24.0,620.0,71.12749337534373
24.0,621.0,68.44376162595398
24.0,622.0,65.76460700651205
24.0,623.0,63.10046418730441
24.0,624.0,60.461443334268736
24.0,625.0,57.85713348535473
24.0,626.0,55.29643282507087
24.0,627.0,52.787411113337065
24.0,628.0,50.3372098761909
24.0,629.0,47.951979775133275
24.0,630.0,45.636855236474084
24.0,631.0,43.395961044512234
24.0,632.0,41.23244751591894
24.0,633.0,39.14854679443597
24.0,634.0,37.145646013946774
24.0,635.0,35.22437002409381
24.0,636.0,33.384670391612396
24.0,637.0,31.625914807428668
24.0,638.0,29.946975315089983
24.0,639.0,28.34631121058777
24.0,640.0,26.822046663391387
24.0,641.0,25.372040331189076
24.0,642.0,23.993948217126093
24.0,643.0,22.68527798082713
24.0,644.0,21.44343666723844
24.0,645.0,20.265770565373106
24.0,646.0,19.149599494630788
24.0,647.0,18.092244422659654
24.0,648.0,17.091050799643163
24.0,649.0,16.14340652368935
24.0,650.0,15.246756875830188
24.0,651.0,14.398615263438034
24.0,652.0,13.596572006681326
24.0,653.0,12.838299903161166
24.0,654.0,12.12155868780204
24.0,655.0,11.444197022998942
24.0,656.0,10.804154026318908
24.0,657.0,10.19945888782327
24.0,658.0,9.628230490313657
24.0,659.0,9.088675522606204
24.0,660.0,8.5790869218792
24.0,661.0,8.097841093153376
24.0,662.0,7.643395679256465
24.0,663.0,7.214286304259608
24.0,664.0,6.80912401245071
24.0,665.0,6.426591814425117
24.0,666.0,6.0654420193762375
24.0,667.0,5.724492764426931
24.0,668.0,5.402625382771767
24.0,669.0,5.098781028943034
24.0,670.0,4.811958169261993
24.0,671.0,4.541209369569212
24.0,672.0,4.285638956649484
24.0,673.0,4.044400004111069
24.0,674.0,3.8166921884427194
24.0,675.0,3.6017589885153685
24.0,676.0,3.398885743739788
24.0,677.0,3.2073970697393785
24.0,678.0,3.0266551158915145
24.0,679.0,2.856057191728243
24.0,680.0,2.695034215000436
24.0,681.0,2.5430485386718416
24.0,682.0,2.3995925771879016
24.0,683.0,2.264186821416341
24.0,684.0,2.136378629105679
24.0,685.0,2.0157404140288673
24.0,686.0,1.9018685860519824
24.0,687.0,1.7943819005406745
24.0,688.0,1.6929205336045754
24.0,689.0,1.597144578183985
24.0,690.0,1.5067332406081626
24.0,691.0,1.4213834704622386
24.0,692.0,1.3408092654113941
24.0,693.0,1.2647404228046395
24.0,694.0,1.192921940650189
24.0,695.0,1.1251128798458006
24.0,696.0,1.0610858501652356
24.0,697.0,1.0006259729521787
24.0,698.0,0.9435304419444788
24.0,699.0,0.8896075771919314
24.0,700.0,0.8386764514743232
24.0,701.0,0.7905660270799841
24.0,702.0,0.7451148394485596
24.0,703.0,0.7021702092649696
24.0,704.0,0.6615879757697521
24.0,705.0,0.6232317773763217
24.0,706.0,0.5869728278374376
24.0,707.0,0.552689259281151
24.0,708.0,0.5202659351016004
24.0,709.0,0.48959384993209715
24.0,710.0,0.46056997374425074
24.0,711.0,0.43309670383814963
24.0,712.0,0.40708173518913504
24.0,713.0,0.3824375600387283
24.0,714.0,0.359081360027168
24.0,715.0,0.3369345494187296
24.0,716.0,0.315922685004603
24.0,717.0,0.2959750493967409
24.0,718.0,0.2770245750839668
24.0,719.0,0.25900746458356727
24.0,720.0,0.24186312538768884
24.0,721.0,0.22553382407544578
24.0,722.0,0.2099646292004558
24.0,723.0,0.19510309674185677
24.0,724.0,0.18089921826072713
24.0,725.0,0.1673051353093759
24.0,726.0,0.15427509042754278
24.0,727.0,0.14176516833860558
24.0,728.0,0.12973324756868862
24.0,729.0,0.11813876643864929
24.0,730.0,0.1069426732730527
24.0,731.0,0.09610721535025861
24.0,732.0,0.08559588582584872
24.0,733.0,0.07537323393183443
24.0,734.0,0.06540480687244964
24.0,735.0,0.05565697966914038
24.0,736.0,0.04609689039727421
24.0,737.0,0.03669228815757093
24.0,738.0,0.027411460111569298
24.0,739.0,0.018223096123658182
24.0,740.0,0.00909620612215854
24.0,741.0,0.0
25.0,0.0,0.0
25.0,1.0,0.002354496878129373
25.0,2.0,0.004716937297306535
25.0,3.0,0.007095290573012591
25.0,4.0,0.009497581202432907
25.0,5.0,0.011931911363409294
25.0,6.0,0.014406494312096823
25.0,7.0,0.016929673968319254
25.0,8.0,0.01950996266607745
25.0,9.0,0.02215605819649121
25.0,10.0,0.02487688628333201
25.0,11.0,0.027681615468912894
25.0,12.0,0.030579704701436408
25.0,13.0,0.03358091646841967
25.0,14.0,0.03669536990235807
25.0,15.0,0.039933552590770284
25.0,16.0,0.043306379631720085
25.0,17.0,0.04682520457962181
25.0,18.0,0.050501884912836414
25.0,19.0,0.05434879261033724
25.0,20.0,0.05837888653026536
25.0,21.0,0.06260572315482518
25.0,22.0,0.06704353642177113
25.0,23.0,0.07170724922395096
25.0,24.0,0.07661256128568689
25.0,25.0,0.08177596205973794
25.0,26.0,0.08721482729797936
25.0,27.0,0.09294743405279882
25.0,28.0,0.09899306665696726
25.0,29.0,0.10537203460925426
25.0,30.0,0.11210578875257064
25.0,31.0,0.11921694290556091
25.0,32.0,0.1267294011116691
25.0,33.0,0.1346683839703449
25.0,34.0,0.14306056792333702
25.0,35.0,0.15193411734163945
25.0,36.0,0.16131883691974075
25.0,37.0,0.17124621068820317
25.0,38.0,0.18174956870241674
25.0,39.0,0.19286413427632731
25.0,40.0,0.20462720627995967
25.0,41.0,0.21707821602769342
25.0,42.0,0.2302589266387053
25.0,43.0,0.2442135011634428
25.0,44.0,0.25898872061309797
25.0,45.0,0.27463406507019517
25.0,46.0,0.291201952156572
25.0,47.0,0.3087478330472075
25.0,48.0,0.32733045331939753
25.0,49.0,0.34701196597095724
25.0,50.0,0.3678582167734732
25.0,51.0,0.38993887658306814
25.0,52.0,0.4133277535029863
25.0,53.0,0.4381029469611132
25.0,54.0,0.4643471891640617
25.0,55.0,0.4921480235910671
25.0,56.0,0.5215981783814069
25.0,57.0,0.5527957720446306
25.0,58.0,0.5858447215477913
25.0,59.0,0.6208549781454867
25.0,60.0,0.6579429729965491
25.0,61.0,0.6972318860419163
25.0,62.0,0.7388521319431485
25.0,63.0,0.782941664834547
25.0,64.0,0.8296465071811805
25.0,65.0,0.8791210929351959
25.0,66.0,0.9315288414761775
25.0,67.0,0.9870425411106851
25.0,68.0,1.045844969463164
25.0,69.0,1.1081293182289265
25.0,70.0,1.1740998600576278
25.0,71.0,1.2439724137976378
25.0,72.0,1.3179750558108736
25.0,73.0,1.3963486223382169
25.0,74.0,1.4793474599562817
25.0,75.0,1.5672399577362652
25.0,76.0,1.6603093267112785
25.0,77.0,1.7588541486180782
25.0,78.0,1.8631891671099128
25.0,79.0,1.9736458312681433
25.0,80.0,2.0905730709453265
25.0,81.0,2.2143378008405747
25.0,82.0,2.345325637558696
25.0,83.0,2.483941312453908
25.0,84.0,2.6306092671568497
25.0,85.0,2.785773898837949
25.0,86.0,2.9498999421465566
25.0,87.0,3.123472436947404
25.0,88.0,3.306996765666049
25.0,89.0,3.500998188740306
25.0,90.0,3.7060213552406163
25.0,91.0,3.9226291935563378
25.0,92.0,4.151401648781599
25.0,93.0,4.392933645456859
25.0,94.0,4.647832729045722
25.0,95.0,4.916715737555005
25.0,96.0,5.200204943236941
25.0,97.0,5.498922991528454
25.0,98.0,5.813487069236084
25.0,99.0,6.144501615693114
25.0,100.0,6.492550016805206
25.0,101.0,6.8581846063146354
25.0,102.0,7.241915454203801
25.0,103.0,7.644197320486551
25.0,104.0,8.065415348191854
25.0,105.0,8.505868994199702
25.0,106.0,8.965754942027202
25.0,107.0,9.44514870091321
25.0,108.0,9.943985892608998
25.0,109.0,10.462043217945858
25.0,110.0,10.998920425080177
25.0,111.0,11.55402358980724
25.0,112.0,12.126551328369077
25.0,113.0,12.715484479957912
25.0,114.0,13.31958099879978
25.0,115.0,13.937376546039852
25.0,116.0,14.5671922738442
25.0,117.0,15.207149807605543
25.0,118.0,15.855194202804936
25.0,119.0,16.509123961184002
25.0,120.0,17.166627833149267
25.0,121.0,17.825326414830347
25.0,122.0,18.482817296048847
25.0,123.0,19.136721029309662
25.0,124.0,19.784726277620422
25.0,125.0,20.424631411265818
25.0,126.0,21.054381309762082
25.0,127.0,21.672097377456925
25.0,128.0,22.276100499636534
25.0,129.0,22.864926023861297
25.0,130.0,23.437331543000553
25.0,131.0,23.992297485936305
25.0,132.0,24.52902200825675
25.0,133.0,25.046910673247858
25.0,134.0,25.54556266297405
25.0,135.0,26.024754056726195
25.0,136.0,26.484419797184987
25.0,137.0,26.924634654739968
25.0,138.0,27.345594511822817
25.0,139.0,27.74759795932638
25.0,140.0,28.13102920653279
25.0,141.0,28.496342008826716
25.0,142.0,28.844045357391387
25.0,143.0,29.17469042937436
25.0,144.0,29.48885937254022
25.0,145.0,29.787155302354236
25.0,146.0,30.070193991775984
25.0,147.0,30.33859657762223
25.0,148.0,30.592983723955737
25.0,149.0,30.83397055555143
25.0,150.0,31.062162794210455
25.0,151.0,31.27815342415624
25.0,152.0,31.482520327478262
25.0,153.0,31.675824239820013
25.0,154.0,31.85860748102926
25.0,155.0,32.03139283787595
25.0,156.0,32.194683067172676
25.0,157.0,32.34896042225207
25.0,158.0,32.494686681983005
25.0,159.0,32.63230310843222
25.0,160.0,32.76223081957841
25.0,161.0,32.88487102330286
25.0,162.0,33.000605602730516
25.0,163.0,33.10979751650739
25.0,164.0,33.21279150465415
25.0,165.0,33.30991457869268
25.0,166.0,33.40147678471815
25.0,167.0,33.487771731506164
25.0,168.0,33.56907736836622
25.0,169.0,33.64565651697814
25.0,170.0,33.71775763642713
25.0,171.0,33.78561533695761
25.0,172.0,33.84945111500083
25.0,173.0,33.90947383570972
25.0,174.0,33.96588042801641
25.0,175.0,34.018856328806066
25.0,176.0,34.0685761330225
25.0,177.0,34.11520399646253
25.0,178.0,34.15889423938043
25.0,179.0,34.199791707736786
25.0,180.0,34.23803233115162
25.0,181.0,34.27374344446657
25.0,182.0,34.3070443026458
25.0,183.0,34.33804636603974
25.0,184.0,34.36685377622313
25.0,185.0,34.39356360963905
25.0,186.0,34.41826631962164
25.0,187.0,34.441045964353386
25.0,188.0,34.461980621627724
25.0,189.0,34.48114259843255
25.0,190.0,34.49859882650576
25.0,191.0,34.51441106248038
25.0,192.0,34.52863627406212
25.0,193.0,34.54132684158574
25.0,194.0,34.55253094669501
25.0,195.0,34.562292788292446
25.0,196.0,34.57065298776182
25.0,197.0,34.577648834354996
25.0,198.0,34.58331472281592
25.0,199.0,34.58768244458918
25.0,200.0,34.59078167428921
25.0,201.0,34.592640322554054
25.0,202.0,34.59328508564746
25.0,203.0,34.59274187146633
25.0,204.0,34.591036419482634
25.0,205.0,34.58819480089069
25.0,206.0,34.5842441015021
25.0,207.0,34.57921297780484
25.0,208.0,34.57313237129967
25.0,209.0,34.56603607328779
25.0,210.0,34.557961406044875
25.0,211.0,34.54894971338245
25.0,212.0,34.539046908049286
25.0,213.0,34.528303772347265
25.0,214.0,34.51677624612793
25.0,215.0,34.504525409660246
25.0,216.0,34.4916173928239
25.0,217.0,34.478122941639704
25.0,218.0,34.464116884363044
25.0,219.0,34.449677264054976
25.0,220.0,34.43488440027515
25.0,221.0,34.419819687032046
25.0,222.0,34.404564407916375
25.0,223.0,34.38919840599896
25.0,224.0,34.373798891480405
25.0,225.0,34.35843923389517
25.0,226.0,34.34318800128789
25.0,227.0,34.32810808115421
25.0,228.0,34.313256108788885
25.0,229.0,34.298682016023655
25.0,230.0,34.28442888711779
25.0,231.0,34.27053291725063
25.0,232.0,34.25702363119252
25.0,233.0,34.24392415239584
25.0,234.0,34.23125166444117
25.0,235.0,34.21901786220483
25.0,236.0,34.20722952969402
25.0,237.0,34.19588905669325
25.0,238.0,34.18499503146945
25.0,239.0,34.17454273889705
25.0,240.0,34.16452470235744
25.0,241.0,34.15493111493864
25.0,242.0,34.14575029777356
25.0,243.0,34.136969044680804
25.0,244.0,34.128572988129484
25.0,245.0,34.12054685670793
25.0,246.0,34.11287475430621
25.0,247.0,34.10554034011942
25.0,248.0,34.098527033522025
25.0,249.0,34.091818130418105
25.0,250.0,34.08539694823508
25.0,251.0,34.079246892782415
25.0,252.0,34.07335155700418
25.0,253.0,34.0676947509582
25.0,254.0,34.062260565952165
25.0,255.0,34.05703337799742
25.0,256.0,34.051997886617094
25.0,257.0,34.047139099827426
25.0,258.0,34.042442354715945
25.0,259.0,34.03789328996972
25.0,260.0,34.033477853471126
25.0,261.0,34.02918226673306
25.0,262.0,34.02499302329154
25.0,263.0,34.0208968481225
25.0,264.0,34.016880689495174
25.0,265.0,34.012931675486215
25.0,266.0,34.00903710114046
25.0,267.0,34.00518438350655
25.0,268.0,34.00136104537288
25.0,269.0,33.997554669769954
25.0,270.0,33.9937528811585
25.0,271.0,33.989943300032245
25.0,272.0,33.98611352219433
25.0,273.0,33.98225107391807
25.0,274.0,33.97834338983145
25.0,275.0,33.974377769034106
25.0,276.0,33.97034135210542
25.0,277.0,33.966221078626766
25.0,278.0,33.96200366393649
25.0,279.0,33.95767555867403
25.0,280.0,33.953222926136995
25.0,281.0,33.948631604766604
25.0,282.0,33.94388708734367
25.0,283.0,33.93897448780481
25.0,284.0,33.93387852408342
25.0,285.0,33.9285834913276
25.0,286.0,33.923073251000126
25.0,287.0,33.9173312135174
25.0,288.0,33.91134033732693
25.0,289.0,33.90508312526101
25.0,290.0,33.898541638767405
25.0,291.0,33.89169751391846
25.0,292.0,33.88453199780933
25.0,293.0,33.8770259921829
25.0,294.0,33.869160121187505
25.0,295.0,33.8609148128649
25.0,296.0,33.85227040978114
25.0,297.0,33.843207300866254
25.0,298.0,33.83370608843126
25.0,299.0,33.82374778437984
25.0,300.0,33.813314047895204
25.0,301.0,33.802387459674684
25.0,302.0,33.790951842598375
25.0,303.0,33.778992623509204
25.0,304.0,33.76649724227133
25.0,305.0,33.75345560027348
25.0,306.0,33.73986054885861
25.0,307.0,33.725708404680326
25.0,308.0,33.71099948451594
25.0,309.0,33.69573863880433
25.0,310.0,33.67993576690587
25.0,311.0,33.66360628451906
25.0,312.0,33.64677151757538
25.0,313.0,33.62945898659607
25.0,314.0,33.61170255250687
25.0,315.0,33.59354238902885
25.0,316.0,33.57502476003918
25.0,317.0,33.556201580407276
25.0,318.0,33.537129759726234
25.0,319.0,33.51787033306601
25.0,320.0,33.49848740898231
25.0,321.0,33.47904696870162
25.0,322.0,33.45961557553298
25.0,323.0,33.440259048302984
25.0,324.0,33.42104117059859
25.0,325.0,33.40202248812454
25.0,326.0,33.38325925620029
25.0,327.0,33.364802566840055
25.0,328.0,33.34669769161421
25.0,329.0,33.32898363693053
25.0,330.0,33.31169292014177
25.0,331.0,33.294851534444966
25.0,332.0,33.27847909302397
25.0,333.0,33.262589103904645
25.0,334.0,33.24718936171143
25.0,335.0,33.232282403479374
25.0,336.0,33.21786602125091
25.0,337.0,33.20393378179309
25.0,338.0,33.19047555815122
25.0,339.0,33.17747802883479
25.0,340.0,33.16492516230672
25.0,341.0,33.15279864681083
25.0,342.0,33.14107829470964
25.0,343.0,33.129742382905086
25.0,344.0,33.11876796789209
25.0,345.0,33.10813113574884
25.0,346.0,33.09780723318324
25.0,347.0,33.087771036390095
25.0,348.0,33.07799691025451
25.0,349.0,33.06845890947687
25.0,350.0,33.05913088005173
25.0,351.0,33.0499865064063
25.0,352.0,33.04099936848536
25.0,353.0,33.03214294709316
25.0,354.0,33.02339064789917
25.0,355.0,33.01471577491015
25.0,356.0,33.00609153037532
25.0,357.0,32.99749096400975
25.0,358.0,32.98888695559058
25.0,359.0,32.98025214552017
25.0,360.0,32.971558905064036
25.0,361.0,32.96277925219202
25.0,362.0,32.95388481296107
25.0,363.0,32.94484672531056
25.0,364.0,32.93563559401601
25.0,365.0,32.926221384201256
25.0,366.0,32.91657337153753
25.0,367.0,32.90666002662309
25.0,368.0,32.896448961629886
25.0,369.0,32.885906806351606
25.0,370.0,32.87499915227757
25.0,371.0,32.86369042100204
25.0,372.0,32.851943806720904
25.0,373.0,32.8397211378305
25.0,374.0,32.82698281911219
25.0,375.0,32.8136876877562
25.0,376.0,32.799792957065975
25.0,377.0,32.785254068881166
25.0,378.0,32.770024641575205
25.0,379.0,32.75405632201937
25.0,380.0,32.737298742081485
25.0,381.0,32.71969937501075
25.0,382.0,32.70120350673956
25.0,383.0,32.68175410406966
25.0,384.0,32.6612918100517
25.0,385.0,32.63975483486428
25.0,386.0,32.61707898867024
25.0,387.0,32.593197610893895
25.0,388.0,32.56804165953578
25.0,389.0,32.54153970097786
25.0,390.0,32.51361808206714
25.0,391.0,32.48420101085493
25.0,392.0,32.45321084698756
25.0,393.0,32.420568313921684
25.0,394.0,32.38619295407723
25.0,395.0,32.350003524540746
25.0,396.0,32.31191867507508
25.0,397.0,32.27185759056763
25.0,398.0,32.229740960019264
25.0,399.0,32.18549193669607
25.0,400.0,32.139037470110225
25.0,401.0,32.090309653037146
25.0,402.0,32.03924747868251
25.0,403.0,31.985798623144806
25.0,404.0,31.92992165549214
25.0,405.0,31.87158825259456
25.0,406.0,31.810785817759303
25.0,407.0,31.747520029697068
25.0,408.0,31.681817705585413
25.0,409.0,31.613729442018002
25.0,410.0,31.54333239369996
25.0,411.0,31.4707325861813
25.0,412.0,31.396067102101245
25.0,413.0,31.319505482448555
25.0,414.0,31.24125068786028
25.0,415.0,31.161538945453103
25.0,416.0,31.08063888450728
25.0,417.0,30.998849332656818
25.0,418.0,30.916496301418196
25.0,419.0,30.83392864100612
25.0,420.0,30.75151306673274
25.0,421.0,30.669628167130618
25.0,422.0,30.588658258517295
25.0,423.0,30.50898677784727
25.0,424.0,30.430990159449202
25.0,425.0,30.355031863550593
25.0,426.0,30.281457469394603
25.0,427.0,30.21059037129857
25.0,428.0,30.142728876046668
25.0,429.0,30.078144062046828
25.0,430.0,30.017079073034836
25.0,431.0,29.959749050931727
25.0,432.0,29.90634230274804
25.0,433.0,29.85702181273049
25.0,434.0,29.811927683660915
25.0,435.0,29.771179587619933
25.0,436.0,29.734879851503557
25.0,437.0,29.70311626593409
25.0,438.0,29.675965309705507
25.0,439.0,29.653494899958467
25.0,440.0,29.635767430054916
25.0,441.0,29.622842222737095
25.0,442.0,29.614778221128628
25.0,443.0,29.611636051096294
25.0,444.0,29.6134803254133
25.0,445.0,29.6203813173155
25.0,446.0,29.632416910525105
25.0,447.0,29.64967393828701
25.0,448.0,29.672249847033374
25.0,449.0,29.70025377642597
25.0,450.0,29.733808014887362
25.0,451.0,29.773048898639406
25.0,452.0,29.81812813406373
25.0,453.0,29.8692135866817
25.0,454.0,29.926490535883026
25.0,455.0,29.99016241416407
25.0,456.0,30.060452048667102
25.0,457.0,30.13760240005352
25.0,458.0,30.2218778348048
25.0,459.0,30.313564903344382
25.0,460.0,30.41297367804607
25.0,461.0,30.520438602055453
25.0,462.0,30.636319920517177
25.0,463.0,30.76100462482337
25.0,464.0,30.894907998371515
25.0,465.0,31.038474675221142
25.0,466.0,31.192180316173427
25.0,467.0,31.356532795420023
25.0,468.0,31.53207401720171
25.0,469.0,31.719381238227623
25.0,470.0,31.91906902879661
25.0,471.0,32.13179073164119
25.0,472.0,32.35824056316927
25.0,473.0,32.59915519980782
25.0,474.0,32.85531600365476
25.0,475.0,33.127550713887885
25.0,476.0,33.416735764910825
25.0,477.0,33.72379804099409
25.0,478.0,34.049717231688426
25.0,479.0,34.39552757995435
25.0,480.0,34.76232018617143
25.0,481.0,35.15124464010287
25.0,482.0,35.56351113725801
25.0,483.0,36.000391828590224
25.0,484.0,36.46322254615978
25.0,485.0,36.95340362578964
25.0,486.0,37.47240094669915
25.0,487.0,38.02174587476455
25.0,488.0,38.60303519609263
25.0,489.0,39.21792968509536
25.0,490.0,39.868152348328984
25.0,491.0,40.55548493685479
25.0,492.0,41.281763710628326
25.0,493.0,42.04887298835971
25.0,494.0,42.858737398983045
25.0,495.0,43.71331130621953
25.0,496.0,44.61456625381978
25.0,497.0,45.56447485118793
25.0,498.0,46.564991895453964
25.0,499.0,47.618031133155746
25.0,500.0,48.72543845615106
25.0,501.0,49.88895999589108
25.0,502.0,51.110206011322084
25.0,503.0,52.390609234740054
25.0,504.0,53.73137884330338
25.0,505.0,55.13344913411735
25.0,506.0,56.59742458692023
25.0,507.0,58.123521079379515
25.0,508.0,59.71150573317948
25.0,509.0,61.360636106130116
25.0,510.0,63.06960220419424
25.0,511.0,64.83647307741187
25.0,512.0,66.65865239841602
25.0,513.0,68.53284554404499
25.0,514.0,70.45504292992
25.0,515.0,72.42052199948971
25.0,516.0,74.42387179380951
25.0,517.0,76.4590409856079
25.0,518.0,78.51941098085943
25.0,519.0,80.59789205596361
25.0,520.0,82.68704074206865
25.0,521.0,84.77919301374276
25.0,522.0,86.86660835398308
25.0,523.0,88.94161692375769
25.0,524.0,90.99676359906724
25.0,525.0,93.02494113786715
25.0,526.0,95.0195074803054
25.0,527.0,96.97438184188535
25.0,528.0,98.88411767407955
25.0,529.0,100.74395063107137
25.0,530.0,102.54982294046935
25.0,531.0,104.2983853001424
25.0,532.0,105.98697995388233
25.0,533.0,107.61360765379702
25.0,534.0,109.1768829177866
25.0,535.0,110.67598047654255
25.0,536.0,112.11057689958393
25.0,537.0,113.48078960544326
25.0,538.0,114.78711625340411
25.0,539.0,116.03037573995974
25.0,540.0,117.21165273477123
25.0,541.0,118.33224609542543
25.0,542.0,119.39362223517745
25.0,543.0,120.39737316172278
25.0,544.0,121.34517967894256
25.0,545.0,122.23877912134522
25.0,546.0,123.07993777537774
25.0,547.0,123.87042722177488
25.0,548.0,124.61200458778636
25.0,549.0,125.30639594643245
25.0,550.0,125.95528278909585
25.0,551.0,126.56029088835231
25.0,552.0,127.1229814656612
25.0,553.0,127.64484409501948
25.0,554.0,128.12729126338573
25.0,555.0,128.57165414251648
25.0,556.0,128.979179498934
25.0,557.0,129.35102741668268
25.0,558.0,129.6882697568832
25.0,559.0,129.99188913996068
25.0,560.0,130.26277836058773
25.0,561.0,130.50174012253754
25.0,562.0,130.70948697857372
25.0,563.0,130.88664145487428
25.0,564.0,131.03373621084842
25.0,565.0,131.1512142987664
25.0,566.0,131.23942933241202
25.0,567.0,131.29864570847658
25.0,568.0,131.3290386428075
25.0,569.0,131.33069424051553
25.0,570.0,131.30360931124565
25.0,571.0,131.2476912212838
25.0,572.0,131.16275744081406
25.0,573.0,131.04853514926285
25.0,574.0,130.9046605032512
25.0,575.0,130.73067800105807
25.0,576.0,130.52603949484413
25.0,577.0,130.29010335630062
25.0,578.0,130.02213329559004
25.0,579.0,129.72129741299327
25.0,580.0,129.38666693514847
25.0,581.0,129.01721529242275
25.0,582.0,128.6118169464739
25.0,583.0,128.16924670671165
25.0,584.0,127.68817890909048
25.0,585.0,127.16718728511822
25.0,586.0,126.60474486841379
25.0,587.0,125.99922486505085
25.0,588.0,125.34890182084082
25.0,589.0,124.65195412135917
25.0,590.0,123.90646715753921
25.0,591.0,123.11043831452669
25.0,592.0,122.26178313048258
25.0,593.0,121.35834391586643
25.0,594.0,120.3979002046103
25.0,595.0,119.37818246492674
25.0,596.0,118.29688846627111
25.0,597.0,117.15170385572594
25.0,598.0,115.94032634311225
25.0,599.0,114.66049513056234
25.0,600.0,113.31002492507444
25.0,601.0,111.88684615631144
25.0,602.0,110.3890505488395
25.0,603.0,108.81494348446988
25.0,604.0,107.16310189896657
25.0,605.0,105.43243869628907
25.0,606.0,103.62227171402841
25.0,607.0,101.7323974296271
25.0,608.0,99.76316638239341
25.0,609.0,97.71555937915628
25.0,610.0,95.59126014726486
25.0,611.0,93.39272225856048
25.0,612.0,91.12322476471927
25.0,613.0,88.78691348928099
25.0,614.0,86.3888219098955
25.0,615.0,83.93486879276804
25.0,616.0,81.43182747390831
25.0,617.0,78.88726591501683
25.0,618.0,76.30945526352588
25.0,619.0,73.70724975780253
25.0,620.0,71.08993987732589
25.0,621.0,68.46708591169994
25.0,622.0,65.8483377031001
25.0,623.0,63.243250716817315
25.0,624.0,60.661105760820696
25.0,625.0,58.11074253610675
25.0,626.0,55.6004127180242
25.0,627.0,53.13765982371644
25.0,628.0,50.729227656736924
25.0,629.0,48.381000305207515
25.0,630.0,46.09797126005344
25.0,631.0,43.8842409704362
25.0,632.0,41.743037513961
25.0,633.0,39.6767577866322
25.0,634.0,37.68702287525882
25.0,635.0,35.774744854039525
25.0,636.0,33.940199121397946
25.0,637.0,32.18310045018637
25.0,638.0,30.502678037501703
25.0,639.0,28.89774902411767
25.0,640.0,27.36678702837668
25.0,641.0,25.907986338486843
25.0,642.0,24.519319314496418
25.0,643.0,23.198588489132185
25.0,644.0,21.943471577711506
25.0,645.0,20.75156138987427
25.0,646.0,19.62039920722384
25.0,647.0,18.547503856631607
25.0,648.0,17.530395182241538
25.0,649.0,16.56661420909311
25.0,650.0,15.653738712549975
25.0,651.0,14.789396452899638
25.0,652.0,13.971274737703538
25.0,653.0,13.19712849381959
25.0,654.0,12.464785438621458
25.0,655.0,11.772150442320967
25.0,656.0,11.11720759920318
25.0,657.0,10.498022013102576
25.0,658.0,9.912739755106955
25.0,659.0,9.359587922213036
25.0,660.0,8.83687321040999
25.0,661.0,8.342980865625519
25.0,662.0,7.876372396570352
25.0,663.0,7.43558385781636
25.0,664.0,7.019223070958479
25.0,665.0,6.625967545254583
25.0,666.0,6.254561460408773
25.0,667.0,5.903813431971725
25.0,668.0,5.572593425692966
25.0,669.0,5.259830504508084
25.0,670.0,4.96450978519351
25.0,671.0,4.685670254181079
25.0,672.0,4.422401835830988
25.0,673.0,4.1738433298930975
25.0,674.0,3.9391796321634738
25.0,675.0,3.7176398228704053
25.0,676.0,3.508494561097843
25.0,677.0,3.3110543375369015
25.0,678.0,3.1246670511334416
25.0,679.0,2.948716429205899
25.0,680.0,2.78261978634913
25.0,681.0,2.6258266082247426
25.0,682.0,2.4778164874371695
25.0,683.0,2.338097863182925
25.0,684.0,2.2062061256258425
25.0,685.0,2.0817025012245227
25.0,686.0,1.9641723153843282
25.0,687.0,1.853224012093747
25.0,688.0,1.7484875638426955
25.0,689.0,1.6496136137902122
25.0,690.0,1.5562720217807564
25.0,691.0,1.4681511173626245
25.0,692.0,1.3849563709783235
25.0,693.0,1.3064097465665647
25.0,694.0,1.2322484874935513
25.0,695.0,1.1622245580726833
25.0,696.0,1.0961035344348222
25.0,697.0,1.0336641250019691
25.0,698.0,0.9746971571951152
25.0,699.0,0.9190051676430038
25.0,700.0,0.8664014763489047
25.0,701.0,0.8167098381649875
25.0,702.0,0.7697635967536531
25.0,703.0,0.725405389587602
25.0,704.0,0.6834863747279745
25.0,705.0,0.6438659823048598
25.0,706.0,0.6064112077819572
25.0,707.0,0.5709964035234065
25.0,708.0,0.5375026328167521
25.0,709.0,0.5058174957352717
25.0,710.0,0.47583453874499027
25.0,711.0,0.4474531096256989
25.0,712.0,0.4205778179932232
25.0,713.0,0.39511841454747326
25.0,714.0,0.3709892982992096
25.0,715.0,0.34810941587134114
25.0,716.0,0.3264018116320333
25.0,717.0,0.3057935431883614
25.0,718.0,0.28621527099726574
25.0,719.0,0.2676011865612321
25.0,720.0,0.24988863841804998
25.0,721.0,0.23301806987923018
25.0,722.0,0.21693267859156282
25.0,723.0,0.20157836095329265
25.0,724.0,0.18690340269782557
25.0,725.0,0.1728584273829701
25.0,726.0,0.1593961156723936
25.0,727.0,0.1464711555220297
25.0,728.0,0.13403998803043585
25.0,729.0,0.12206075714609613
25.0,730.0,0.11049308012584853
25.0,731.0,0.09929799475938368
25.0,732.0,0.0884377526173312
25.0,733.0,0.07787576193663465
25.0,734.0,0.06757640195839945
25.0,735.0,0.05750495974163582
25.0,736.0,0.04762746398702085
25.0,737.0,0.037910614148124834
25.0,738.0,0.02832163221202538
25.0,739.0,0.01882818255770833
25.0,740.0,0.009398240218946845
25.0,741.0,0.0
26.0,0.0,0.0
26.0,1.0,0.0024267438728192777
26.0,2.0,0.0048616740073832605
26.0,3.0,0.007313005045044566
26.0,4.0,0.009789004825667013
26.0,5.0,0.012298026694879616
26.0,6.0,0.014848531131432955
26.0,7.0,0.01744912235162253
26.0,8.0,0.02010856712129247
26.0,9.0,0.022835836034364204
26.0,10.0,0.02564011989761544
26.0,11.0,0.028530876072581104
26.0,12.0,0.03151784283819819
26.0,13.0,0.03461109120273777
26.0,14.0,0.03782103767158422
26.0,15.0,0.04115850195850725
26.0,16.0,0.04463471861347764
26.0,17.0,0.04826140109074891
26.0,18.0,0.05205075272499548
26.0,19.0,0.05601553764765017
26.0,20.0,0.06016909163913087
26.0,21.0,0.06452540042503038
26.0,22.0,0.06909911097817069
26.0,23.0,0.07390561777297149
26.0,24.0,0.07896107516397817
26.0,25.0,0.08428249223049475
26.0,26.0,0.08988774691855274
26.0,27.0,0.09579569016916636
26.0,28.0,0.10202616257895324
26.0,29.0,0.10860010857466143
26.0,30.0,0.11553959642433725
26.0,31.0,0.12286794329859371
26.0,32.0,0.13060973954985547
26.0,33.0,0.13879098558766828
26.0,34.0,0.14743912143859864
26.0,35.0,0.15658317645914077
26.0,36.0,0.16625380529367592
26.0,37.0,0.17648345155451048
26.0,38.0,0.1873063914101129
26.0,39.0,0.19875891247759592
26.0,40.0,0.21087936639819266
26.0,41.0,0.2237083643128431
26.0,42.0,0.23728883991608593
26.0,43.0,0.25166626301960043
26.0,44.0,0.2668887147183355
26.0,45.0,0.28300712068845535
26.0,46.0,0.3000753402486903
26.0,47.0,0.31815042118567066
26.0,48.0,0.3372927046460182
26.0,49.0,0.3575661034295773
26.0,50.0,0.3790382247987587
26.0,51.0,0.40178067432263453
26.0,52.0,0.4258691988320682
26.0,53.0,0.4513840180259989
26.0,54.0,0.4784099899229819
26.0,55.0,0.5070369725419989
26.0,56.0,0.5373600142872286
26.0,57.0,0.5694797480702201
26.0,58.0,0.6035026090920249
26.0,59.0,0.6395412637540739
26.0,60.0,0.6777148572373706
26.0,61.0,0.718149479416741
26.0,62.0,0.760978444433938
26.0,63.0,0.8063427955285427
26.0,64.0,0.854391618394525
26.0,65.0,0.9052825862925764
26.0,66.0,0.9591823082748926
26.0,67.0,1.016266915037899
26.0,68.0,1.07672244196729
26.0,69.0,1.140745454772727
26.0,70.0,1.2085434655623315
26.0,71.0,1.2803355951572344
26.0,72.0,1.3563530177989942
26.0,73.0,1.4368396538749288
26.0,74.0,1.5220526350452406
26.0,75.0,1.6122630165129845
26.0,76.0,1.7077562488558369
26.0,77.0,1.8088328923967498
26.0,78.0,1.915809074201688
26.0,79.0,2.0290171778162396
26.0,80.0,2.148806252908112
26.0,81.0,2.275542640681264
26.0,82.0,2.409610288432213
26.0,83.0,2.551411253148661
26.0,84.0,2.701365852509066
26.0,85.0,2.8599129651146593
26.0,86.0,3.0275099217180714
26.0,87.0,3.204632488727698
26.0,88.0,3.3917743672545644
26.0,89.0,3.5894467056754533
26.0,90.0,3.798177028458932
26.0,91.0,4.018508073224288
26.0,92.0,4.250995916603378
26.0,93.0,4.496207872926173
26.0,94.0,4.7547195237985855
26.0,95.0,5.027111354748878
26.0,96.0,5.313964337209871
26.0,97.0,5.615854928475817
26.0,98.0,5.93334881648022
26.0,99.0,6.266993890181084
26.0,100.0,6.617311768691528
26.0,101.0,6.9847884011534
26.0,102.0,7.369863107916514
26.0,103.0,7.77291664441709
26.0,104.0,8.194257743030585
26.0,105.0,8.634108837796134
26.0,106.0,9.092590573098368
26.0,107.0,9.569705987787579
26.0,108.0,10.065324183382222
26.0,109.0,10.579164605588621
26.0,110.0,11.110781988077706
26.0,111.0,11.659553326278496
26.0,112.0,12.224667128432236
26.0,113.0,12.805116451573303
26.0,114.0,13.399696005839203
26.0,115.0,14.00700474461376
26.0,116.0,14.625453971083063
26.0,117.0,15.253281958104209
26.0,118.0,15.888574521788273
26.0,119.0,16.52929182300027
26.0,120.0,17.173300032361126
26.0,121.0,17.818407328852306
26.0,122.0,18.462402150925158
26.0,123.0,19.10309263263554
26.0,124.0,19.73834485460784
26.0,125.0,20.366118842332636
26.0,126.0,20.984500230730458
26.0,127.0,21.591727065034792
26.0,128.0,22.186210373637003
26.0,129.0,22.76654878702222
26.0,130.0,23.331536643275708
26.0,131.0,23.88016657696827
26.0,132.0,24.411626622088818
26.0,133.0,24.925293246430257
26.0,134.0,25.420720600917164
26.0,135.0,25.897627491451427
26.0,136.0,26.35588232058722
26.0,137.0,26.795487366731148
26.0,138.0,27.21656244983612
26.0,139.0,27.619329112807723
26.0,140.0,28.00409512723369
26.0,141.0,28.371240214973984
26.0,142.0,28.721202586575128
26.0,143.0,29.05446700156353
26.0,144.0,29.371553805651846
26.0,145.0,29.673009526542547
26.0,146.0,29.959398398497235
26.0,147.0,30.231295328128503
26.0,148.0,30.489279633968163
26.0,149.0,30.733930041265026
26.0,150.0,30.96582025804341
26.0,151.0,31.185515605978573
26.0,152.0,31.39357004326542
26.0,153.0,31.59052405687156
26.0,154.0,31.77690278082847
26.0,155.0,31.953214826144222
26.0,156.0,32.119951201117175
26.0,157.0,32.27758481598574
26.0,158.0,32.42656997243908
26.0,159.0,32.567342338388535
26.0,160.0,32.700318828554366
26.0,161.0,32.82589789509702
26.0,162.0,32.94445966679169
26.0,163.0,33.056366442119376
26.0,164.0,33.1619629907476
26.0,165.0,33.261577167507184
26.0,166.0,33.355520307660115
26.0,167.0,33.444087904272415
26.0,168.0,33.5275600495204
26.0,169.0,33.6062021358156
26.0,170.0,33.68026531065893
26.0,171.0,33.74998717488894
26.0,172.0,33.81559222964874
26.0,173.0,33.87729255451066
26.0,174.0,33.9352882330519
26.0,175.0,33.98976800031834
26.0,176.0,34.040909639162116
26.0,177.0,34.088880591292885
26.0,178.0,34.133838320568984
26.0,179.0,34.175930885317285
26.0,180.0,34.215297267687404
26.0,181.0,34.25206790743522
26.0,182.0,34.28636499862538
26.0,183.0,34.31830298699997
26.0,184.0,34.34798883703771
26.0,185.0,34.37552249662273
26.0,186.0,34.400997138964385
26.0,187.0,34.424499599738645
26.0,188.0,34.44611059981165
26.0,189.0,34.46590516149487
26.0,190.0,34.48395281952002
26.0,191.0,34.50031802462011
26.0,192.0,34.515060351828346
26.0,193.0,34.528234901282566
26.0,194.0,34.53989251462164
26.0,195.0,34.55008018459279
26.0,196.0,34.55884129188721
26.0,197.0,34.56621603648499
26.0,198.0,34.57224170824084
26.0,199.0,34.57695315329321
26.0,200.0,34.58038309124678
26.0,201.0,34.58256262834505
26.0,202.0,34.58352163090959
26.0,203.0,34.583289291813294
26.0,204.0,34.58189456222534
26.0,205.0,34.57936676742234
26.0,206.0,34.57573608509099
26.0,207.0,34.571034189179315
26.0,208.0,34.56529474210437
26.0,209.0,34.55855402122471
26.0,210.0,34.550851365780055
26.0,211.0,34.54222971309913
26.0,212.0,34.53273591480733
26.0,213.0,34.52242108762109
26.0,214.0,34.5113406985459
26.0,215.0,34.499554631511465
26.0,216.0,34.48712695251439
26.0,217.0,34.47412562228823
26.0,218.0,34.46062190036417
26.0,219.0,34.4466897002685
26.0,220.0,34.43240467253619
26.0,221.0,34.41784328845729
26.0,222.0,34.40308173141413
26.0,223.0,34.388194874409635
26.0,224.0,34.37325516847777
26.0,225.0,34.35833171103779
26.0,226.0,34.34348932005844
26.0,227.0,34.3287878583403
26.0,228.0,34.31428162259583
26.0,229.0,34.30001900941884
26.0,230.0,34.286042258965466
26.0,231.0,34.27238745870661
26.0,232.0,34.25908460018928
26.0,233.0,34.2461578502317
26.0,234.0,34.23362583107743
26.0,235.0,34.22150205961054
26.0,236.0,34.20979534983002
26.0,237.0,34.19851032411205
26.0,238.0,34.187647851587016
26.0,239.0,34.177205557585346
26.0,240.0,34.16717823762568
26.0,241.0,34.157558318488405
26.0,242.0,34.148336213873165
26.0,243.0,34.13950071449991
26.0,244.0,34.131039272222644
26.0,245.0,34.122938313723
26.0,246.0,34.115183453484306
26.0,247.0,34.1077597359706
26.0,248.0,34.10065178529553
26.0,249.0,34.09384398577078
26.0,250.0,34.087320579114675
26.0,251.0,34.081065794717944
26.0,252.0,34.0750639055358
26.0,253.0,34.06929931888
26.0,254.0,34.063756601026355
26.0,255.0,34.05842053786958
26.0,256.0,34.053276136606
26.0,257.0,34.048308663837624
26.0,258.0,34.043503630947036
26.0,259.0,34.03884681556123
26.0,260.0,34.03432423566448
26.0,261.0,34.02992215888856
26.0,262.0,34.02562706910242
26.0,263.0,34.02142566682832
26.0,264.0,34.017304831016546
26.0,265.0,34.01325161298642
26.0,266.0,34.00925319531447
26.0,267.0,34.00529688103084
26.0,268.0,34.00137005098275
26.0,269.0,33.99746014954242
26.0,270.0,33.99355464141726
26.0,271.0,33.98964099481079
26.0,272.0,33.985706638406285
26.0,273.0,33.981738942742396
26.0,274.0,33.97772517797765
26.0,275.0,33.973652494181145
26.0,276.0,33.96950788048114
26.0,277.0,33.96527814502342
26.0,278.0,33.96094987621761
26.0,279.0,33.95650942328714
26.0,280.0,33.95194286056248
26.0,281.0,33.947235969851654
26.0,282.0,33.942374209111236
26.0,283.0,33.93734269833109
26.0,284.0,33.93212619447071
26.0,285.0,33.926709083210675
26.0,286.0,33.921075362810946
26.0,287.0,33.9152086449718
26.0,288.0,33.90909215129045
26.0,289.0,33.90270872762979
26.0,290.0,33.896040858144595
26.0,291.0,33.889070698988746
26.0,292.0,33.881780116440005
26.0,293.0,33.87415074743954
26.0,294.0,33.86616407007253
26.0,295.0,33.85780150016977
26.0,296.0,33.84904450405783
26.0,297.0,33.8398747419096
26.0,298.0,33.83027423377198
26.0,299.0,33.82022556087444
26.0,300.0,33.80971209562354
26.0,301.0,33.79871827059639
26.0,302.0,33.78722988015916
26.0,303.0,33.775234421861065
26.0,304.0,33.7627214698791
26.0,305.0,33.749683083177615
26.0,306.0,33.73611423733779
26.0,307.0,33.72201327665746
26.0,308.0,33.70738237016476
26.0,309.0,33.6922279608497
26.0,310.0,33.67656118527812
26.0,311.0,33.660398245807755
26.0,312.0,33.64376070705515
26.0,313.0,33.62667569480491
26.0,314.0,33.60917596788565
26.0,315.0,33.59129984399307
26.0,316.0,33.57309095686957
26.0,317.0,33.554597838300836
26.0,318.0,33.53587331860914
26.0,319.0,33.51697376047143
26.0,320.0,33.49795814188452
26.0,321.0,33.47888702706206
26.0,322.0,33.45982146044307
26.0,323.0,33.44082183920885
26.0,324.0,33.42194680635363
26.0,325.0,33.40325222123773
26.0,326.0,33.384790239730094
26.0,327.0,33.36660854732876
26.0,328.0,33.34874975491951
26.0,329.0,33.33125097970116
26.0,330.0,33.314143595672775
26.0,331.0,33.29745315798164
26.0,332.0,33.281199466084736
26.0,333.0,33.2653967607383
26.0,334.0,33.25005400964468
26.0,335.0,33.235175277252495
26.0,336.0,33.22076013134171
26.0,337.0,33.20680408927977
26.0,338.0,33.193299058674526
26.0,339.0,33.18023378586331
26.0,340.0,33.16759426990634
26.0,341.0,33.155364166411545
26.0,342.0,33.143525140503186
26.0,343.0,33.13205720305522
26.0,344.0,33.120938989007186
26.0,345.0,33.11014802025547
26.0,346.0,33.09966090931071
26.0,347.0,33.08945355343263
26.0,348.0,33.07950127105668
26.0,349.0,33.06977893675555
26.0,350.0,33.06026106087392
26.0,351.0,33.05092187636941
26.0,352.0,33.04173537239358
26.0,353.0,33.03267534353178
26.0,354.0,33.02371538695817
26.0,355.0,33.01482892312922
26.0,356.0,33.0059891644724
26.0,357.0,32.99716911485035
26.0,358.0,32.988341516010195
26.0,359.0,32.97947883147957
26.0,360.0,32.97055317545205
26.0,361.0,32.961536285364545
26.0,362.0,32.952399436622876
26.0,363.0,32.943113406994044
26.0,364.0,32.933648379604016
26.0,365.0,32.92397390145674
26.0,366.0,32.91405877644887
26.0,367.0,32.90387101977925
26.0,368.0,32.89337774230024
26.0,369.0,32.882545102285384
26.0,370.0,32.87133818225811
26.0,371.0,32.85972093953307
26.0,372.0,32.847656076729315
26.0,373.0,32.835104992699534
26.0,374.0,32.82202764826637
26.0,375.0,32.80838251963577
26.0,376.0,32.79412646153457
26.0,377.0,32.77921466602712
26.0,378.0,32.76360052625369
26.0,379.0,32.747235604821896
26.0,380.0,32.7300695028545
26.0,381.0,32.712049843934
26.0,382.0,32.69312215530826
26.0,383.0,32.673229875888424
26.0,384.0,32.65231425941063
26.0,385.0,32.630314418419346
26.0,386.0,32.607167263148696
26.0,387.0,32.5828075979751
26.0,388.0,32.55716811496582
26.0,389.0,32.53017956513813
26.0,390.0,32.50177083216359
26.0,391.0,32.47186920798827
26.0,392.0,32.44040058002655
26.0,393.0,32.407289849057456
26.0,394.0,32.37246127193248
26.0,395.0,32.33583906838543
26.0,396.0,32.297347969606655
26.0,397.0,32.25691406792909
26.0,398.0,32.214465627142424
26.0,399.0,32.16993423167011
26.0,400.0,32.123255912957404
26.0,401.0,32.07437264738719
26.0,402.0,32.02323383797592
26.0,403.0,31.96979818526984
26.0,404.0,31.91403552637698
26.0,405.0,31.855929051390294
26.0,406.0,31.79547743364321
26.0,407.0,31.732697278320227
26.0,408.0,31.667625374119044
26.0,409.0,31.600321140868058
26.0,410.0,31.530868700965016
26.0,411.0,31.45937895621494
26.0,412.0,31.385991046714672
26.0,413.0,31.3108735765045
26.0,414.0,31.234224954218544
26.0,415.0,31.156273269817035
26.0,416.0,31.077275068166475
26.0,417.0,30.997513524444837
26.0,418.0,30.91729544256256
26.0,419.0,30.83694770892173
26.0,420.0,30.75681271352071
26.0,421.0,30.67724350996344
26.0,422.0,30.598598304370366
26.0,423.0,30.52123514614019
26.0,424.0,30.44550642726603
26.0,425.0,30.371754087940378
26.0,426.0,30.300305069095895
26.0,427.0,30.23146785775665
26.0,428.0,30.16552953858943
26.0,429.0,30.10275410770294
26.0,430.0,30.043381322163786
26.0,431.0,29.987626763142377
26.0,432.0,29.93568227687348
26.0,433.0,29.887717436381834
26.0,434.0,29.84388112709009
26.0,435.0,29.804303911468747
26.0,436.0,29.76910025613565
26.0,437.0,29.738371321554922
26.0,438.0,29.712207401324367
26.0,439.0,29.690690770140385
26.0,440.0,29.67389803719182
26.0,441.0,29.661902822704693
26.0,442.0,29.654777859714148
26.0,443.0,29.65259738985298
26.0,444.0,29.65543895203423
26.0,445.0,29.663385474556293
26.0,446.0,29.676526757937225
26.0,447.0,29.694961292634876
26.0,448.0,29.718797481049073
26.0,449.0,29.748155235687598
26.0,450.0,29.783167001008657
26.0,451.0,29.823979194733365
26.0,452.0,29.870753092260188
26.0,453.0,29.92366617162349
26.0,454.0,29.982912918139807
26.0,455.0,30.048706126543347
26.0,456.0,30.121277675522776
26.0,457.0,30.2008798320445
26.0,458.0,30.287786036878625
26.0,459.0,30.382292247718617
26.0,460.0,30.484717768779475
26.0,461.0,30.595406661693684
26.0,462.0,30.714728645101346
26.0,463.0,30.84308059548947
26.0,464.0,30.980887536222497
26.0,465.0,31.12860424417906
26.0,466.0,31.2867163414542
26.0,467.0,31.455742017297776
26.0,468.0,31.636233229132408
26.0,469.0,31.82877754220279
26.0,470.0,32.033999438802084
26.0,471.0,32.252562269314154
26.0,472.0,32.48516965863081
26.0,473.0,32.732567550789064
26.0,474.0,32.995545688225654
26.0,475.0,33.274939716541496
26.0,476.0,33.571632693840755
26.0,477.0,33.8865572004276
26.0,478.0,34.22069680988724
26.0,479.0,34.57508811831363
26.0,480.0,34.95082207326193
26.0,481.0,35.34904579532275
26.0,482.0,35.7709636121403
26.0,483.0,36.217838487944356
26.0,484.0,36.69099254328247
26.0,485.0,37.19180783097544
26.0,486.0,37.721726033310446
26.0,487.0,38.282248220983135
26.0,488.0,38.874933303586424
26.0,489.0,39.50139627729512
26.0,490.0,40.163304858416865
26.0,491.0,40.86237556439904
26.0,492.0,41.600367785111644
26.0,493.0,42.379076855130215
26.0,494.0,43.200324623540915
26.0,495.0,44.06594848086407
26.0,496.0,44.97778730256595
26.0,497.0,45.93766523079847
26.0,498.0,46.94737174421751
26.0,499.0,48.008638936332964
26.0,500.0,49.12311449992682
26.0,501.0,50.29233140997782
26.0,502.0,51.517672950572106
26.0,503.0,52.80033427177654
26.0,504.0,54.141279421855074
26.0,505.0,55.541195406844885
26.0,506.0,57.00044271892595
26.0,507.0,58.51900445285301
26.0,508.0,60.096434146166935
26.0,509.0,61.73180519280856
26.0,510.0,63.423662765531084
26.0,511.0,65.16998182891408
26.0,512.0,66.96813284431238
26.0,513.0,68.8148591645084
26.0,514.0,70.70626786709504
26.0,515.0,72.6378377034781
26.0,516.0,74.60444513609157
26.0,517.0,76.60041076180573
26.0,518.0,78.61956523874831
26.0,519.0,80.65533466831103
26.0,520.0,82.70084200792851
26.0,521.0,84.74902185911372
26.0,522.0,86.7927429472948
26.0,523.0,88.82493388295403
26.0,524.0,90.83870563038609
26.0,525.0,92.82746623825383
26.0,526.0,94.78502221887096
26.0,527.0,96.70566381475982
26.0,528.0,98.5842308687768
26.0,529.0,100.41615907311842
26.0,530.0,102.1975059253303
26.0,531.0,103.92495844246699
26.0,532.0,105.59582388690741
26.0,533.0,107.20800686372014
26.0,534.0,108.75997488927814
26.0,535.0,110.25071604200429
26.0,536.0,111.6796907167036
26.0,537.0,113.04678060783743
26.0,538.0,114.35223634633475
26.0,539.0,115.59662611394793
26.0,540.0,116.78078592871186
26.0,541.0,117.90577312644344
26.0,542.0,118.97282310570671
26.0,543.0,119.98331022572681
26.0,544.0,120.9387124962181
26.0,545.0,121.84058051494677
26.0,546.0,122.6905100590724
26.0,547.0,123.49011852556764
26.0,548.0,124.24102454512675
26.0,549.0,124.9448308266001
26.0,550.0,125.60310957426336
26.0,551.0,126.21739047064092
26.0,552.0,126.78915064161842
26.0,553.0,127.31980656985856
26.0,554.0,127.81070747428987
26.0,555.0,128.26313010906875
26.0,556.0,128.67827460919446
26.0,557.0,129.0572613243036
26.0,558.0,129.40112837588728
26.0,559.0,129.71082986186502
26.0,560.0,129.98723454617962
26.0,561.0,130.2311249317511
26.0,562.0,130.44319665003505
26.0,563.0,130.6240580318941
26.0,564.0,130.7742298821546
26.0,565.0,130.89414528192313
26.0,566.0,130.9841495247634
26.0,567.0,131.0444999645993
26.0,568.0,131.0753659610219
26.0,569.0,131.07682864956874
26.0,570.0,131.04888079930225
26.0,571.0,130.99142643228757
26.0,572.0,130.9042805421399
26.0,573.0,130.78716853192523
26.0,574.0,130.63972578266734
26.0,575.0,130.46149691833742
26.0,576.0,130.25193525291397
26.0,577.0,130.01040193215428
26.0,578.0,129.73616533129743
26.0,579.0,129.42840017061283
26.0,580.0,129.0861869880947
26.0,581.0,128.70851138446181
26.0,582.0,128.29426376159648
26.0,583.0,127.84223892842867
26.0,584.0,127.3511363824452
26.0,585.0,126.81956060702555
26.0,586.0,126.24602228656592
26.0,587.0,125.62893975483341
26.0,588.0,124.96664168032778
26.0,589.0,124.25737028959861
26.0,590.0,123.49928624261821
26.0,591.0,122.69047445683178
26.0,592.0,121.82895211132599
26.0,593.0,120.91267813067213
26.0,594.0,119.93956549888107
26.0,595.0,118.90749570511366
26.0,596.0,117.81433678009103
26.0,597.0,116.657964209363
26.0,598.0,115.43628625762777
26.0,599.0,114.14727292776598
26.0,600.0,112.78899009339166
26.0,601.0,111.359637873635
26.0,602.0,109.85759466919438
26.0,603.0,108.28146562055242
26.0,604.0,106.63013659857862
26.0,605.0,104.90283196409344
26.0,606.0,103.0991766534563
26.0,607.0,101.21926005010174
26.0,608.0,99.263701398929
26.0,609.0,97.23371324218446
26.0,610.0,95.13116170257331
26.0,611.0,92.95861910797426
26.0,612.0,90.71940702017712
26.0,613.0,88.41762457237984
26.0,614.0,86.05816006296644
26.0,615.0,83.64668104114364
26.0,616.0,81.18960187276922
26.0,617.0,78.69402567481225
26.0,618.0,76.16766199675045
26.0,619.0,73.61871999887697
26.0,620.0,71.05578175404116
26.0,621.0,68.48765861028939
26.0,622.0,65.92323813626447
26.0,623.0,63.3713267086196
26.0,624.0,60.840496447907114
26.0,625.0,58.338941534155815
26.0,626.0,55.87435147986243
26.0,627.0,53.45380421376825
26.0,628.0,51.08368371361482
26.0,629.0,48.76962179779695
26.0,630.0,46.51646562156128
26.0,631.0,44.328267570334205
26.0,632.0,42.20829676133444
26.0,633.0,40.159067137610236
26.0,634.0,38.18238038006509
26.0,635.0,36.279378235472215
26.0,636.0,34.45060265583814
26.0,637.0,32.696058881799495
26.0,638.0,31.015280683241496
26.0,639.0,29.40739381954423
26.0,640.0,27.871177917874316
26.0,641.0,26.405123759143073
26.0,642.0,25.007487023750947
26.0,643.0,23.676336209859244
26.0,644.0,22.409596382434763
26.0,645.0,21.205086937202214
26.0,646.0,20.06055539888942
26.0,647.0,18.97370569346457
26.0,648.0,17.942223085137993
26.0,649.0,16.9637943212589
26.0,650.0,16.036125222129836
26.0,651.0,15.156954270656527
26.0,652.0,14.324064413646793
26.0,653.0,13.535291595335552
26.0,654.0,12.78853217560887
26.0,655.0,12.08174770254755
26.0,656.0,11.412969121012175
26.0,657.0,10.780298836126555
26.0,658.0,10.181912643320404
26.0,659.0,9.616059901416358
26.0,660.0,9.08106389638073
26.0,661.0,8.575320741250959
26.0,662.0,8.09729870330615
26.0,663.0,7.645536284635094
26.0,664.0,7.2186408976294425
26.0,665.0,6.815286452728588
26.0,666.0,6.434211656144076
26.0,667.0,6.0742173350634125
26.0,668.0,5.734164548538937
26.0,669.0,5.412971809194331
26.0,670.0,5.109613137357479
26.0,671.0,4.8231152864803875
26.0,672.0,4.552555826652809
26.0,673.0,4.297060443766476
26.0,674.0,4.055801107240985
26.0,675.0,3.827993486636682
26.0,676.0,3.6128952364078235
26.0,677.0,3.4098035552659596
26.0,678.0,3.2180536055009603
26.0,679.0,3.0370162277158963
26.0,680.0,2.866096501827254
26.0,681.0,2.704731621205363
26.0,682.0,2.5523895954886355
26.0,683.0,2.408567282482749
26.0,684.0,2.2727892283887163
26.0,685.0,2.144605852180202
26.0,686.0,2.023592416022945
26.0,687.0,1.9093473546457125
26.0,688.0,1.8014913670970363
26.0,689.0,1.6996658824104593
26.0,690.0,1.6035322630315545
26.0,691.0,1.5127703975386666
26.0,692.0,1.4270780058145516
26.0,693.0,1.3461693494975235
26.0,694.0,1.2697746290809604
26.0,695.0,1.197638802979915
26.0,696.0,1.1295210670866882
26.0,697.0,1.0651937737345336
26.0,698.0,1.0044419847265091
26.0,699.0,0.9470624819841833
26.0,700.0,0.8928633856361313
26.0,701.0,0.8416632487025608
26.0,702.0,0.7932907324351911
26.0,703.0,0.7475837779722639
26.0,704.0,0.7043893317334173
26.0,705.0,0.6635625875593986
26.0,706.0,0.6249667555641999
26.0,707.0,0.5884723688341211
26.0,708.0,0.5539570897122639
26.0,709.0,0.5213050756625023
26.0,710.0,0.4904068175007617
26.0,711.0,0.46115855952518237
26.0,712.0,0.43346216471023635
26.0,713.0,0.407224584662003
26.0,714.0,0.3823577472532478
26.0,715.0,0.3587780723813105
26.0,716.0,0.3364063779445404
26.0,717.0,0.3151674377601521
26.0,718.0,0.2949899021656846
26.0,719.0,0.27580589479645823
26.0,720.0,0.2575509444414605
26.0,721.0,0.24016361768640013
26.0,722.0,0.22358545896345025
26.0,723.0,0.20776065633826318
26.0,724.0,0.1926359869693465
26.0,725.0,0.1781605135577971
26.0,726.0,0.16428553267681936
26.0,727.0,0.15096429961337496
26.0,728.0,0.13815197724349332
26.0,729.0,0.12580538717744735
26.0,730.0,0.11388295704396988
26.0,731.0,0.10234449600674199
26.0,732.0,0.09115113848217629
26.0,733.0,0.08026514222656382
26.0,734.0,0.06964982664929514
26.0,735.0,0.05926939177837844
26.0,736.0,0.04908884944522515
26.0,737.0,0.03907386152264317
26.0,738.0,0.02919066234979125
26.0,739.0,0.019405914702169194
26.0,740.0,0.009686621897005901
26.0,741.0,0.0
27.0,0.0,0.0
27.0,1.0,0.0024953909547084795
27.0,2.0,0.004999199646711153
27.0,3.0,0.0075198711058986735
27.0,4.0,0.010065908797264433
27.0,5.0,0.01264589844056698
27.0,6.0,0.015268543379893773
27.0,7.0,0.01794268531206987
27.0,8.0,0.020677344265479444
27.0,9.0,0.023481736628529606
27.0,10.0,0.02636532012991969
27.0,11.0,0.02933780957312119
27.0,12.0,0.03240922722531942
27.0,13.0,0.03558991668369682
27.0,14.0,0.038890599100510084
27.0,15.0,0.04232238563216496
27.0,16.0,0.045896839953543316
27.0,17.0,0.04962598977168145
27.0,18.0,0.05352239611378188
27.0,19.0,0.057599164424048936
27.0,20.0,0.061870021147109155
27.0,21.0,0.06634932496955237
27.0,22.0,0.07105215126408213
27.0,23.0,0.07599430408692692
27.0,24.0,0.08119240909831775
27.0,25.0,0.08666392698356593
27.0,26.0,0.09242725552280816
27.0,27.0,0.09850174516759923
27.0,28.0,0.10490781099766522
27.0,29.0,0.11166695125672504
27.0,30.0,0.11880187000661904
27.0,31.0,0.1263364995061065
27.0,32.0,0.13429613445350125
27.0,33.0,0.14270745918066732
27.0,34.0,0.15159869446440247
27.0,35.0,0.16099963060490777
27.0,36.0,0.17094178788364833
27.0,37.0,0.1814584567011284
27.0,38.0,0.19258487286459758
27.0,39.0,0.2043582660736152
27.0,40.0,0.2168180513341427
27.0,41.0,0.23000588720125595
27.0,42.0,0.24396588473567923
27.0,43.0,0.25874467703955145
27.0,44.0,0.2743916472953271
27.0,45.0,0.2909590112602057
27.0,46.0,0.3085020660524258
27.0,47.0,0.32707928739897835
27.0,48.0,0.3467526009559446
27.0,49.0,0.3675874962267112
27.0,50.0,0.3896533223142542
27.0,51.0,0.41302342053495317
27.0,52.0,0.4377754465916586
27.0,53.0,0.463991523989499
27.0,54.0,0.4917585946750659
27.0,55.0,0.521168595398533
27.0,56.0,0.5523188388664725
27.0,57.0,0.5853122151656232
27.0,58.0,0.6202576053969231
27.0,59.0,0.6572701101475752
27.0,60.0,0.6964714973732072
27.0,61.0,0.7379904596310004
27.0,62.0,0.7819630976019976
27.0,63.0,0.8285332073161553
27.0,64.0,0.8778528000839972
27.0,65.0,0.9300824201680813
27.0,66.0,0.9853917009212082
27.0,67.0,1.0439597121695037
27.0,68.0,1.1059755508948481
27.0,69.0,1.1716387158310013
27.0,70.0,1.2411597288925638
27.0,71.0,1.3147605319283422
27.0,72.0,1.3926751320337583
27.0,73.0,1.4751500117604437
27.0,74.0,1.5624447871134397
27.0,75.0,1.654832617391179
27.0,76.0,1.7526008586138282
27.0,77.0,1.8560514520504243
27.0,78.0,1.9655015474679045
27.0,79.0,2.0812838396351134
27.0,80.0,2.203747124388051
27.0,81.0,2.3332565391688225
27.0,82.0,2.4701939995793403
27.0,83.0,2.6149582823556594
27.0,84.0,2.767965269814815
27.0,85.0,2.9296477905392164
27.0,86.0,3.100455572881324
27.0,87.0,3.280854729085256
27.0,88.0,3.4713272860088304
27.0,89.0,3.6723701619271627
27.0,90.0,3.884494102787622
27.0,91.0,4.108221958099217
27.0,92.0,4.344086805850242
27.0,93.0,4.592629287446133
27.0,94.0,4.854394658330929
27.0,95.0,5.129928898515676
27.0,96.0,5.419774388336238
27.0,97.0,5.724464483504113
27.0,98.0,6.044517503178141
27.0,99.0,6.380429468277585
27.0,100.0,6.732666129017096
27.0,101.0,7.101653644862017
27.0,102.0,7.487768508659825
27.0,103.0,7.891326138384223
27.0,104.0,8.31256881994079
27.0,105.0,8.751652529157768
27.0,106.0,9.208633454287558
27.0,107.0,9.683453898442737
27.0,108.0,10.175928561706037
27.0,109.0,10.68573106383834
27.0,110.0,11.212381896128734
27.0,111.0,11.755237828799237
27.0,112.0,12.313484098393147
27.0,113.0,12.886129471891575
27.0,114.0,13.472005504386061
27.0,115.0,14.069769968586433
27.0,116.0,14.677915537563598
27.0,117.0,15.294783332406409
27.0,118.0,15.918581935624552
27.0,119.0,16.547410907127315
27.0,120.0,17.179288784181797
27.0,121.0,17.812183990905396
27.0,122.0,18.444048104040572
27.0,123.0,19.07284950154988
27.0,124.0,19.696606628233813
27.0,125.0,20.313418904925296
27.0,126.0,20.92149472797558
27.0,127.0,21.51917498463243
27.0,128.0,22.104952065650874
27.0,129.0,22.677483412037525
27.0,130.0,23.235600196674028
27.0,131.0,23.77831075258634
27.0,132.0,24.30479982916022
27.0,133.0,24.814423654674357
27.0,134.0,25.306702121880097
27.0,135.0,25.78130819345415
27.0,136.0,26.23805585167161
27.0,137.0,26.676886618764478
27.0,138.0,27.097855836465904
27.0,139.0,27.501118565665294
27.0,140.0,27.88691610593163
27.0,141.0,28.255562814252652
27.0,142.0,28.60743404442255
27.0,143.0,28.94295473501921
27.0,144.0,29.262589329647046
27.0,145.0,29.566832452560238
27.0,146.0,29.856200931804025
27.0,147.0,30.131226532575276
27.0,148.0,30.39244994035773
27.0,149.0,30.640415330339504
27.0,150.0,30.875666037650987
27.0,151.0,31.09874066151418
27.0,152.0,31.310170109717752
27.0,153.0,31.51047492636131
27.0,154.0,31.700163409955866
27.0,155.0,31.87972988123382
27.0,156.0,32.04965361187182
27.0,157.0,32.21039779225733
27.0,158.0,32.3624090539223
27.0,159.0,32.506116943600325
27.0,160.0,32.64193386765149
27.0,161.0,32.77025492159165
27.0,162.0,32.89145812464396
27.0,163.0,33.00590449041629
27.0,164.0,33.113938452738466
27.0,165.0,33.21588809273221
27.0,166.0,33.31206568336119
27.0,167.0,33.40276801129617
27.0,168.0,33.488276987914816
27.0,169.0,33.56886002207107
27.0,170.0,33.64477066066659
27.0,171.0,33.716248981736506
27.0,172.0,33.783522239196266
27.0,173.0,33.8468052555258
27.0,174.0,33.906301053776666
27.0,175.0,33.962201236398485
27.0,176.0,34.01468659382008
27.0,177.0,34.06392746128849
27.0,178.0,34.110084297912316
27.0,179.0,34.153308017306315
27.0,180.0,34.19374053437646
27.0,181.0,34.23151506849638
27.0,182.0,34.26675665788738
27.0,183.0,34.29958243631931
27.0,184.0,34.33010211697741
27.0,185.0,34.358418245528306
27.0,186.0,34.38462665708766
27.0,187.0,34.40881671011034
27.0,188.0,34.43107172163853
27.0,189.0,34.45146918799736
27.0,190.0,34.47008120501648
27.0,191.0,34.48697468300781
27.0,192.0,34.50221176014527
27.0,193.0,34.515850020654355
27.0,194.0,34.52794291093104
27.0,195.0,34.538539971139926
27.0,196.0,34.547687264725305
27.0,197.0,34.55542763436269
27.0,198.0,34.561801155807956
27.0,199.0,34.56684542878245
27.0,200.0,34.57059606487249
27.0,201.0,34.57308702154168
27.0,202.0,34.574351129966665
27.0,203.0,34.57442047476539
27.0,204.0,34.57332695996208
27.0,205.0,34.57110272693557
27.0,206.0,34.567780744038586
27.0,207.0,34.563395239943866
27.0,208.0,34.55798228463432
27.0,209.0,34.551580195490146
27.0,210.0,34.54423005638091
27.0,211.0,34.535976033008566
27.0,212.0,34.52686575798311
27.0,213.0,34.51695047731502
27.0,214.0,34.50628522156281
27.0,215.0,34.494928707066855
27.0,216.0,34.482943226868855
27.0,217.0,34.47039425748788
27.0,218.0,34.45735004462363
27.0,219.0,34.44388092053995
27.0,220.0,34.43005862375464
27.0,221.0,34.415955401293445
27.0,222.0,34.40164316939434
27.0,223.0,34.38719253423229
27.0,224.0,34.37267194474352
27.0,225.0,34.35814678889411
27.0,226.0,34.343678689664486
27.0,227.0,34.32932481032298
27.0,228.0,34.315137400401994
27.0,229.0,34.30116338396036
27.0,230.0,34.28744419442485
27.0,231.0,34.274015650485154
27.0,232.0,34.26090805434878
27.0,233.0,34.24814630550319
27.0,234.0,34.23575019548207
27.0,235.0,34.22373468237199
27.0,236.0,34.212110301434784
27.0,237.0,34.20088352138524
27.0,238.0,34.19005719786185
27.0,239.0,34.17963094696769
27.0,240.0,34.16960158728153
27.0,241.0,34.15996348682271
27.0,242.0,34.15070896012807
27.0,243.0,34.1418285644741
27.0,244.0,34.13331143620001
27.0,245.0,34.125145527185154
27.0,246.0,34.117317877114424
27.0,247.0,34.10981479113531
27.0,248.0,34.10262205230891
27.0,249.0,34.09572504682693
27.0,250.0,34.08910892458493
27.0,251.0,34.082758680594644
27.0,252.0,34.07665927274
27.0,253.0,34.070795668282464
27.0,254.0,34.065152927494765
27.0,255.0,34.059716223353256
27.0,256.0,34.05447089865716
27.0,257.0,34.04940246574978
27.0,258.0,34.04449664340544
27.0,259.0,34.03973934208723
27.0,260.0,34.03511668558818
27.0,261.0,34.030614986107565
27.0,262.0,34.026220754496016
27.0,263.0,34.02192066839477
27.0,264.0,34.01770157400139
27.0,265.0,34.01355044968644
27.0,266.0,34.009454401466996
27.0,267.0,34.005400623881606
27.0,268.0,34.0013763908147
27.0,269.0,33.99736901495027
27.0,270.0,33.993365835207456
27.0,271.0,33.989354175782786
27.0,272.0,33.985321331213726
27.0,273.0,33.98125452583924
27.0,274.0,33.977140897388274
27.0,275.0,33.972967457626844
27.0,276.0,33.9687210753637
27.0,277.0,33.964388439105
27.0,278.0,33.95995604048007
27.0,279.0,33.9554101398955
27.0,280.0,33.950736751618344
27.0,281.0,33.94592161372261
27.0,282.0,33.940950176440445
27.0,283.0,33.93580757814481
27.0,284.0,33.930478639113076
27.0,285.0,33.92494784591324
27.0,286.0,33.919199353443275
27.0,287.0,33.91321698090686
27.0,288.0,33.90698422591438
27.0,289.0,33.90048427625951
27.0,290.0,33.89370004099253
27.0,291.0,33.88661418342235
27.0,292.0,33.87920917535551
27.0,293.0,33.87146735806805
27.0,294.0,33.86337102721573
27.0,295.0,33.85490252975663
27.0,296.0,33.84604438811017
27.0,297.0,33.836779441797916
27.0,298.0,33.827091019778265
27.0,299.0,33.816963135291424
27.0,300.0,33.8063807141549
27.0,301.0,33.795329849022266
27.0,302.0,33.78379808771148
27.0,303.0,33.771774747607594
27.0,304.0,33.75925126052678
27.0,305.0,33.74622153804087
27.0,306.0,33.73268235683973
27.0,307.0,33.718633750561466
27.0,308.0,33.70407940193421
27.0,309.0,33.68902701699076
27.0,310.0,33.67348866940756
27.0,311.0,33.657481092277656
27.0,312.0,33.64102590133137
27.0,313.0,33.62414972493591
27.0,314.0,33.606884225197646
27.0,315.0,33.58926598866244
27.0,316.0,33.57133627801137
27.0,317.0,33.5531406332437
27.0,318.0,33.534728328081535
27.0,319.0,33.5161516857712
27.0,320.0,33.49746527858728
27.0,321.0,33.478725031666634
27.0,322.0,33.459987271902776
27.0,323.0,33.441307752636675
27.0,324.0,33.42274070237775
27.0,325.0,33.404337926712586
27.0,326.0,33.38614800728404
27.0,327.0,33.368215613723564
27.0,328.0,33.35058095916475
27.0,329.0,33.33327939557701
27.0,330.0,33.31634116417924
27.0,331.0,33.29979127825528
27.0,332.0,33.28364954254865
27.0,333.0,33.267930673267514
27.0,334.0,33.25264451912701
27.0,335.0,33.23779634092464
27.0,336.0,33.22338715317397
27.0,337.0,33.20941408380611
27.0,338.0,33.195870763011825
27.0,339.0,33.18274769811055
27.0,340.0,33.17003265493974
27.0,341.0,33.15771100361772
27.0,342.0,33.145766058670155
27.0,343.0,33.13417937109834
27.0,344.0,33.12293101110251
27.0,345.0,33.11199979704073
27.0,346.0,33.10136351713764
27.0,347.0,33.09099909585231
27.0,348.0,33.08088275851876
27.0,349.0,33.070990141103
27.0,350.0,33.06129640542552
27.0,351.0,33.05177630054793
27.0,352.0,33.042404237362824
27.0,353.0,33.0331543101201
27.0,354.0,33.024000338817665
27.0,355.0,33.014915858584374
27.0,356.0,33.00587413723717
27.0,357.0,32.996848139002836
27.0,358.0,32.987810523309065
27.0,359.0,32.978733588020766
27.0,360.0,32.96958925427817
27.0,361.0,32.960348993241354
27.0,362.0,32.950983800711846
27.0,363.0,32.941464110409285
27.0,364.0,32.93175976126764
27.0,365.0,32.92183989953914
27.0,366.0,32.91167294105493
27.0,367.0,32.9012264639658
27.0,368.0,32.89046716789701
27.0,369.0,32.87936075888895
27.0,370.0,32.86787190725429
27.0,371.0,32.85596412627676
27.0,372.0,32.84359973070285
27.0,373.0,32.83073971100772
27.0,374.0,32.8173436948473
27.0,375.0,32.80336981923938
27.0,376.0,32.78877469800831
27.0,377.0,32.7735132951118
27.0,378.0,32.75753890219582
27.0,379.0,32.740803017602765
27.0,380.0,32.72325533971129
27.0,381.0,32.704843657994836
27.0,382.0,32.68551386996775
27.0,383.0,32.66520989315391
27.0,384.0,32.64387371633448
27.0,385.0,32.62144534457716
27.0,386.0,32.59786289922466
27.0,387.0,32.57306261235781
27.0,388.0,32.546978994686086
27.0,389.0,32.519544901043375
27.0,390.0,32.49069179105064
27.0,391.0,32.460349893386564
27.0,392.0,32.42844859057275
27.0,393.0,32.394916716427005
27.0,394.0,32.35968310293777
27.0,395.0,32.322677051549434
27.0,396.0,32.28382908550342
27.0,397.0,32.24307163959515
27.0,398.0,32.200340063153924
27.0,399.0,32.15557357156256
27.0,400.0,32.10871653938809
27.0,401.0,32.05971974563738
27.0,402.0,32.00854197803788
27.0,403.0,31.95515157667389
27.0,404.0,31.899528332630453
27.0,405.0,31.841665284970873
27.0,406.0,31.781570834320107
27.0,407.0,31.719270672264756
27.0,408.0,31.654809942117044
27.0,409.0,31.58825508139258
27.0,410.0,31.51969575776561
27.0,411.0,31.449246301868587
27.0,412.0,31.377047052878844
27.0,413.0,31.303264986485384
27.0,414.0,31.22809406623278
27.0,415.0,31.151754680675225
27.0,416.0,31.074492665287988
27.0,417.0,30.9965772995296
27.0,418.0,30.918298871291256
27.0,419.0,30.839965256541433
27.0,420.0,30.76189821981541
27.0,421.0,30.684428945714775
27.0,422.0,30.607893608621392
27.0,423.0,30.53262852260077
27.0,424.0,30.45896573445332
27.0,425.0,30.387228576508356
27.0,426.0,30.317728037325566
27.0,427.0,30.25075938437118
27.0,428.0,30.186599846156188
27.0,429.0,30.125506674955076
27.0,430.0,30.067716334891845
27.0,431.0,30.013444028714925
27.0,432.0,29.962884265224464
27.0,433.0,29.916211602623672
27.0,434.0,29.873582261944467
27.0,435.0,29.835135703265628
27.0,436.0,29.80099688354454
27.0,437.0,29.771278273300663
27.0,438.0,29.746082396023073
27.0,439.0,29.725503965811114
27.0,440.0,29.709632439557197
27.0,441.0,29.69855405995305
27.0,442.0,29.692354256346018
27.0,443.0,29.69111947645718
27.0,444.0,29.69493936061666
27.0,445.0,29.7039083219312
27.0,446.0,29.718127481707317
27.0,447.0,29.737706007989846
27.0,448.0,29.76276283821551
27.0,449.0,29.793427813842744
27.0,450.0,29.82984323519761
27.0,451.0,29.87216484164789
27.0,452.0,29.92056324959753
27.0,453.0,29.97522482932858
27.0,454.0,30.03635307552231
27.0,455.0,30.104169428077995
27.0,456.0,30.178914619164054
27.0,457.0,30.260849479034068
27.0,458.0,30.350256296761422
27.0,459.0,30.447439645032734
27.0,460.0,30.552727784611065
27.0,461.0,30.666473535095328
27.0,462.0,30.78905574625322
27.0,463.0,30.920880234985113
27.0,464.0,31.06238133994655
27.0,465.0,31.214022938251873
27.0,466.0,31.376300092932954
27.0,467.0,31.54974015580945
27.0,468.0,31.734904509748894
27.0,469.0,31.932389755963218
27.0,470.0,32.14282954399648
27.0,471.0,32.36689583163174
27.0,472.0,32.60530078407745
27.0,473.0,32.85879808160471
27.0,474.0,33.128184854316316
27.0,475.0,33.41430299521186
27.0,476.0,33.718041076661336
27.0,477.0,34.040335603079654
27.0,478.0,34.38217282784239
27.0,479.0,34.74458984796524
27.0,480.0,35.12867620327608
27.0,481.0,35.53557467277463
27.0,482.0,35.96648248850845
27.0,483.0,36.42265163651522
27.0,484.0,36.90538945275616
27.0,485.0,37.41605815735131
27.0,486.0,37.95607451578489
27.0,487.0,38.5269082404574
27.0,488.0,39.13008029463692
27.0,489.0,39.76715967851185
27.0,490.0,40.43975982576936
27.0,491.0,41.14953315417008
27.0,492.0,41.89816485996951
27.0,493.0,42.68736446436916
27.0,494.0,43.51885616345466
27.0,495.0,44.39436646288525
27.0,496.0,45.315610120623774
27.0,497.0,46.28427287383019
27.0,498.0,47.30199197239387
27.0,499.0,48.3703330333383
27.0,500.0,49.49076429102594
27.0,501.0,50.664626869181554
27.0,502.0,51.893102289534305
27.0,503.0,53.17717606516618
27.0,504.0,54.51759885711809
27.0,505.0,55.91484440730337
27.0,506.0,57.36906613715676
27.0,507.0,58.88005213985011
27.0,508.0,60.447180995436135
27.0,509.0,62.06937874882848
27.0,510.0,63.74508005250304
27.0,511.0,65.47219437532006
27.0,512.0,67.24808068187602
27.0,513.0,69.06953174142072
27.0,514.0,70.93277141346856
27.0,515.0,72.8334657232591
27.0,516.0,74.76675028723116
27.0,517.0,76.72727376237695
27.0,518.0,78.70925830760376
27.0,519.0,80.70657492589152
27.0,520.0,82.71283265837376
27.0,521.0,84.72147757807825
27.0,522.0,86.72589880813777
27.0,523.0,88.71953627095029
27.0,524.0,90.69598667696364
27.0,525.0,92.64910249575782
27.0,526.0,94.57308106160293
27.0,527.0,96.46253986977837
27.0,528.0,98.31257688957855
27.0,529.0,100.11881394360167
27.0,530.0,101.87742392380147
27.0,531.0,103.58514177107638
27.0,532.0,105.23926148865279
27.0,533.0,106.83762032720254
27.0,534.0,108.37857312690439
27.0,535.0,109.86095837186015
27.0,536.0,111.28405892765488
27.0,537.0,112.64755883107651
27.0,538.0,113.9514986289334
27.0,539.0,115.19623014432162
27.0,540.0,116.3823725238678
27.0,541.0,117.51076990257565
27.0,542.0,118.58245192947969
27.0,543.0,119.598597045771
27.0,544.0,120.56049927789883
27.0,545.0,121.46953814157216
27.0,546.0,122.32715208622399
27.0,547.0,123.13481492235965
27.0,548.0,123.89401545298918
27.0,549.0,124.6062397076369
27.0,550.0,125.2729558799541
27.0,551.0,125.89560139641205
27.0,552.0,126.47557215103538
27.0,553.0,127.01421340507747
27.0,554.0,127.51281234880655
27.0,555.0,127.97259191665165
27.0,556.0,128.3947058263152
27.0,557.0,128.7802345329277
27.0,558.0,129.13018204356675
27.0,559.0,129.44547338307385
27.0,560.0,129.72695262746063
27.0,561.0,129.97538139221638
27.0,562.0,130.19143765708645
27.0,563.0,130.3757149063594
27.0,564.0,130.5287214256144
27.0,565.0,130.65087982112416
27.0,566.0,130.74252655702801
27.0,567.0,130.80391165973458
27.0,568.0,130.83519833467804
27.0,569.0,130.83646272515284
27.0,570.0,130.8076935053902
27.0,571.0,130.74879161581762
27.0,572.0,130.6595697779198
27.0,573.0,130.53975217374048
27.0,574.0,130.38897387208075
27.0,575.0,130.2067804633249
27.0,576.0,129.99262743013037
27.0,577.0,129.74587979351705
27.0,578.0,129.46581150850923
27.0,579.0,129.15160522815006
27.0,580.0,128.8023518599454
27.0,581.0,128.41705061556402
27.0,582.0,127.99460893206447
27.0,583.0,127.53384305130508
27.0,584.0,127.03347859567958
27.0,585.0,126.49215201755854
27.0,586.0,125.90841222733442
27.0,587.0,125.28072337387869
27.0,588.0,124.60746805671444
27.0,589.0,123.88695204593311
27.0,590.0,123.11740977089205
27.0,591.0,122.29701176026296
27.0,592.0,121.42387328103977
27.0,593.0,120.49606546555502
27.0,594.0,119.51162815919628
27.0,595.0,118.46858587498829
27.0,596.0,117.36496605884611
27.0,597.0,116.19882112262702
27.0,598.0,114.96825338458821
27.0,599.0,113.67144439230697
27.0,600.0,112.3066876358328
27.0,601.0,110.87242605295424
27.0,602.0,109.36729309224327
27.0,603.0,107.79015852567296
27.0,604.0,106.1401773785839
27.0,605.0,104.41684278098231
27.0,606.0,102.6200405252793
27.0,607.0,100.75010556020493
27.0,608.0,98.80787746120726
27.0,609.0,96.79475441198149
27.0,610.0,94.7127419511521
27.0,611.0,92.56449538761889
27.0,612.0,90.35335156411003
27.0,613.0,88.08334862180065
27.0,614.0,85.75922944518759
27.0,615.0,83.38642794441859
27.0,616.0,80.97103476545733
27.0,617.0,78.51974308191448
27.0,618.0,76.03977295095768
27.0,619.0,73.5387772164663
27.0,620.0,71.02472988964603
27.0,621.0,68.50580246497007
27.0,622.0,65.99023121074424
27.0,623.0,63.48618251744823
27.0,624.0,61.00162016420843
27.0,625.0,58.544181615283605
27.0,626.0,56.12106632820039
27.0,627.0,53.738941617561515
27.0,628.0,51.403866889483986
27.0,629.0,49.12123937331681
27.0,630.0,46.895759660326554
27.0,631.0,44.731417903825786
27.0,632.0,42.631497041129364
27.0,633.0,40.59859245211024
27.0,634.0,38.634643446537005
27.0,635.0,36.7409755472565
27.0,636.0,34.918348905067525
27.0,637.0,33.16701211927043
27.0,638.0,31.486757317919633
27.0,639.0,29.876976458737058
27.0,640.0,28.33671543515988
27.0,641.0,26.86472669891327
27.0,642.0,25.459517673062543
27.0,643.0,24.11939629597
27.0,644.0,22.842511498050143
27.0,645.0,21.62689039372359
27.0,646.0,20.470470334283043
27.0,647.0,19.371127867636048
27.0,648.0,18.32670293940775
27.0,649.0,17.335020507271917
27.0,650.0,16.393907982298053
27.0,651.0,15.501210703178224
27.0,652.0,14.654803869665356
27.0,653.0,13.85260312118868
27.0,654.0,13.092572165166874
27.0,655.0,12.372729594023138
27.0,656.0,11.691153260683372
27.0,657.0,11.045984294283205
27.0,658.0,10.435429090771688
27.0,659.0,9.857761301806212
27.0,660.0,9.311322127607358
27.0,661.0,8.794520882145564
27.0,662.0,8.305834115988272
27.0,663.0,7.843805214928037
27.0,664.0,7.407042748516375
27.0,665.0,6.994219441071438
27.0,666.0,6.604070036609494
27.0,667.0,6.235389888648408
27.0,668.0,5.887032551155997
27.0,669.0,5.557908162918825
27.0,670.0,5.246980912813913
27.0,671.0,4.953267341571723
27.0,672.0,4.6758337840837285
27.0,673.0,4.413794672308281
27.0,674.0,4.166310023882839
27.0,675.0,3.932583801441606
27.0,676.0,3.71186149256616
27.0,677.0,3.5034285602758097
27.0,678.0,3.3066081419940527
27.0,679.0,3.1207596113846106
27.0,680.0,2.9452764117366317
27.0,681.0,2.779584739084526
27.0,682.0,2.623141516861362
27.0,683.0,2.475433203180829
27.0,684.0,2.3359739077588544
27.0,685.0,2.204304321475117
27.0,686.0,2.079989972664484
27.0,687.0,1.9626202739672018
27.0,688.0,1.8518069125906145
27.0,689.0,1.7471830075275254
27.0,690.0,1.6484016268798216
27.0,691.0,1.555135047427703
27.0,692.0,1.467073391295363
27.0,693.0,1.3839239793383977
27.0,694.0,1.305410079103683
27.0,695.0,1.2312703433862706
27.0,696.0,1.161257661436437
27.0,697.0,1.0951386741895128
27.0,698.0,1.0326927208915526
27.0,699.0,0.973711422831602
27.0,700.0,0.9179977179140075
27.0,701.0,0.8653655051554254
27.0,702.0,0.8156387601699111
27.0,703.0,0.7686512331849839
27.0,704.0,0.7242456388855424
27.0,705.0,0.6822734012212666
27.0,706.0,0.642593911549456
27.0,707.0,0.6050743140270619
27.0,708.0,0.5695888264819049
27.0,709.0,0.5360185606912412
27.0,710.0,0.504250900882962
27.0,711.0,0.4741793536887367
27.0,712.0,0.44570297962375033
27.0,713.0,0.41872626795989754
27.0,714.0,0.3931586169496134
27.0,715.0,0.3689142292897858
27.0,716.0,0.34591163723979584
27.0,717.0,0.32407361473813734
27.0,718.0,0.30332674391596903
27.0,719.0,0.2836013402855638
27.0,720.0,0.264831057468612
27.0,721.0,0.24695282219909073
27.0,722.0,0.22990647437107117
27.0,723.0,0.21363470888948516
27.0,724.0,0.19808274839651194
27.0,725.0,0.18319828926343606
27.0,726.0,0.16893120457928068
27.0,727.0,0.1552334918070602
27.0,728.0,0.14205900381475126
27.0,729.0,0.12936339592135115
27.0,730.0,0.1171038829200766
27.0,731.0,0.10523918341531827
27.0,732.0,0.09372930093260605
27.0,733.0,0.08253546359827013
27.0,734.0,0.07161992755155977
27.0,735.0,0.060945910145921336
27.0,736.0,0.05047741397690002
27.0,737.0,0.0401791518885985
27.0,738.0,0.030016390007648212
27.0,739.0,0.019954862921612363
27.0,740.0,0.00996063416521491
27.0,741.0,0.0
28.0,0.0,0.0
28.0,1.0,0.0025602680704993643
28.0,2.0,0.005129171689384383
28.0,3.0,0.00771537632225637
28.0,4.0,0.010327603511971662
28.0,5.0,0.012974664938417466
28.0,6.0,0.015665485209066105
28.0,7.0,0.0184091404493255
28.0,8.0,0.021214878118565803
28.0,9.0,0.0240921605266552
28.0,10.0,0.027050682082711917
28.0,11.0,0.030100418146074632
28.0,12.0,0.0332516401324756
28.0,13.0,0.03651497012550013
28.0,14.0,0.03990139428763144
28.0,15.0,0.04342232368139553
28.0,16.0,0.04708960646100374
28.0,17.0,0.0509155953810712
28.0,18.0,0.054913159278627784
28.0,19.0,0.05909575778179086
28.0,20.0,0.06347745263201296
28.0,21.0,0.06807299014566547
28.0,22.0,0.07289781297285107
28.0,23.0,0.07796815091181826
28.0,24.0,0.08330103375381234
28.0,25.0,0.08891439110390308
28.0,26.0,0.09482706702149947
28.0,27.0,0.10105892956183439
28.0,28.0,0.10763088798922112
28.0,29.0,0.11456501282135716
28.0,30.0,0.12188455646738965
28.0,31.0,0.12961408463255708
28.0,32.0,0.13777950131578762
28.0,33.0,0.1464081925150402
28.0,34.0,0.15552905660944916
28.0,35.0,0.16517266139590103
28.0,36.0,0.17537128097837387
28.0,37.0,0.18615906726333473
28.0,38.0,0.19757209458325242
28.0,39.0,0.20964854688142986
28.0,40.0,0.22242877140651904
28.0,41.0,0.23595548292490273
28.0,42.0,0.2502738279365079
28.0,43.0,0.26543160736244914
28.0,44.0,0.28147935284660214
28.0,45.0,0.29847056947435624
28.0,46.0,0.3164618258349575
28.0,47.0,0.3355130184286989
28.0,48.0,0.35568747726574484
28.0,49.0,0.3770522537064932
28.0,50.0,0.39967824345463127
28.0,51.0,0.42364049963828493
28.0,52.0,0.449018375106077
28.0,53.0,0.47589586258049216
28.0,54.0,0.5043617581685957
28.0,55.0,0.5345100303837028
28.0,56.0,0.5664400067136198
28.0,57.0,0.6002567731846633
28.0,58.0,0.6360713856576015
28.0,59.0,0.6740013013617473
28.0,60.0,0.7141706162683685
28.0,61.0,0.7567105296009525
28.0,62.0,0.8017596081083488
28.0,63.0,0.8494642838913673
28.0,64.0,0.8999791455832186
28.0,65.0,0.9534674688295092
28.0,66.0,1.0101015331740555
28.0,67.0,1.070063183064694
28.0,68.0,1.133544167494616
28.0,69.0,1.2007467273145696
28.0,70.0,1.271883952202869
28.0,71.0,1.3471803871267027
28.0,72.0,1.4268723977572566
28.0,73.0,1.5112087848527471
28.0,74.0,1.6004511444729754
28.0,75.0,1.694874473485347
28.0,76.0,1.79476750444949
28.0,77.0,1.9004332779084425
28.0,78.0,2.0121894230895694
28.0,79.0,2.130368662563573
28.0,80.0,2.255318998317784
28.0,81.0,2.387404101072912
28.0,82.0,2.52700334611738
28.0,83.0,2.674512022331009
28.0,84.0,2.830341142690198
28.0,85.0,2.9949173861604796
28.0,86.0,3.168682583378908
28.0,87.0,3.35209327758455
28.0,88.0,3.5456197564434233
28.0,89.0,3.7497450862419743
28.0,90.0,3.9649635268196173
28.0,91.0,4.191778857755087
28.0,92.0,4.430701977278788
28.0,93.0,4.682248303765685
28.0,94.0,4.946934326557531
28.0,95.0,5.225273837994719
28.0,96.0,5.517773183993849
28.0,97.0,5.824926073716384
28.0,98.0,6.147207286466964
28.0,99.0,6.485065837537612
28.0,100.0,6.838916959002254
28.0,101.0,7.2091334985171285
28.0,102.0,7.596036135288858
28.0,103.0,7.999883086034928
28.0,104.0,8.420858776112473
28.0,105.0,8.859062252599054
28.0,106.0,9.314494925943608
28.0,107.0,9.787048552737316
28.0,108.0,10.276493183816866
28.0,109.0,10.782466139606838
28.0,110.0,11.3044618717589
28.0,111.0,11.84182389524301
28.0,112.0,12.393738729700633
28.0,113.0,12.95923306729186
28.0,114.0,13.537174063030415
28.0,115.0,14.126273842765366
28.0,116.0,14.725097904369699
28.0,117.0,15.332078197049729
28.0,118.0,15.945530156556892
28.0,119.0,16.563674025504664
28.0,120.0,17.18465925100796
28.0,121.0,17.806591821353415
28.0,122.0,18.427562927131884
28.0,123.0,19.04567850931211
28.0,124.0,19.65908792022129
28.0,125.0,20.266011259894416
28.0,126.0,20.864763773255678
28.0,127.0,21.453777169790435
28.0,128.0,22.031616657985968
28.0,129.0,22.596994023666092
28.0,130.0,23.148776030083884
28.0,131.0,23.685988924589882
28.0,132.0,24.207818727529933
28.0,133.0,24.71360839842817
28.0,134.0,25.202851775540477
28.0,135.0,25.67518550591579
28.0,136.0,26.130378904846758
28.0,137.0,26.56832292879823
28.0,138.0,26.989018120902013
28.0,139.0,27.392562590908376
28.0,140.0,27.779139753772252
28.0,141.0,28.149006739484484
28.0,142.0,28.50248306063834
28.0,143.0,28.839940314682384
28.0,144.0,29.16179239578238
28.0,145.0,29.468486889425144
28.0,146.0,29.760497048511805
28.0,147.0,30.038314954482694
28.0,148.0,30.302445218863735
28.0,149.0,30.553399787656897
28.0,150.0,30.791693185855625
28.0,151.0,31.01783874360195
28.0,152.0,31.23234514017378
28.0,153.0,31.435713798968507
28.0,154.0,31.628436478743453
28.0,155.0,31.81099359262168
28.0,156.0,31.983852614452065
28.0,157.0,32.14746710511809
28.0,158.0,32.30227573482948
28.0,159.0,32.448701835438634
28.0,160.0,32.58715287557619
28.0,161.0,32.71802039318738
28.0,162.0,32.84167979443786
28.0,163.0,32.958490552645635
28.0,164.0,33.0687962314464
28.0,165.0,33.1729248633188
28.0,166.0,33.27118912193477
28.0,167.0,33.363886815405586
28.0,168.0,33.45130115227009
28.0,169.0,33.53370130188989
28.0,170.0,33.61134271376484
28.0,171.0,33.68446771088305
28.0,172.0,33.75330583374043
28.0,173.0,33.818074442647216
28.0,174.0,33.87897906668719
28.0,175.0,33.93621399868144
28.0,176.0,33.98996263598976
28.0,177.0,34.0403980576198
28.0,178.0,34.08768334878269
28.0,179.0,34.131972153993985
28.0,180.0,34.17340898108202
28.0,181.0,34.21212972744482
28.0,182.0,34.248261962117866
28.0,183.0,34.28192542493633
28.0,184.0,34.31323228757121
28.0,185.0,34.34228762743626
28.0,186.0,34.36918967050628
28.0,187.0,34.39403024358263
28.0,188.0,34.41689500336385
28.0,189.0,34.437863872262184
28.0,190.0,34.457011259693445
28.0,191.0,34.47440648807277
28.0,192.0,34.490114013639605
28.0,193.0,34.50419385051899
28.0,194.0,34.51670179950875
28.0,195.0,34.52768987901658
28.0,196.0,34.53720657087646
28.0,197.0,34.54529726723895
28.0,198.0,34.552004542228865
28.0,199.0,34.55736862294321
28.0,200.0,34.561427693964774
28.0,201.0,34.564218397751496
28.0,202.0,34.565776174829345
28.0,203.0,34.566135793127465
28.0,204.0,34.56533171917765
28.0,205.0,34.56339866653932
28.0,206.0,34.560371981921875
28.0,207.0,34.5562881895161
28.0,208.0,34.55118536096397
28.0,209.0,34.54510361629207
28.0,210.0,34.538085430216626
28.0,211.0,34.5301760347989
28.0,212.0,34.52142360134132
28.0,213.0,34.511879480783115
28.0,214.0,34.501598197388375
28.0,215.0,34.490637467788964
28.0,216.0,34.479057957058394
28.0,217.0,34.4669230421627
28.0,218.0,34.4542983163089
28.0,219.0,34.44125110709105
28.0,220.0,34.42784976619128
28.0,221.0,34.41416300655097
28.0,222.0,34.40025906662914
28.0,223.0,34.38620497600531
28.0,224.0,34.3720657166015
28.0,225.0,34.35790354371726
28.0,226.0,34.34377726655188
28.0,227.0,34.32974173394767
28.0,228.0,34.315847323208025
28.0,229.0,34.30213965461704
28.0,230.0,34.28865932528165
28.0,231.0,34.27544186232014
28.0,232.0,34.26251768712491
28.0,233.0,34.24991227245086
28.0,234.0,34.23764628705601
28.0,235.0,34.22573589692993
28.0,236.0,34.21419302572895
28.0,237.0,34.203025735356455
28.0,238.0,34.19223854051523
28.0,239.0,34.18183281281158
28.0,240.0,34.171807100828254
28.0,241.0,34.162157517357834
28.0,242.0,34.15287803268564
28.0,243.0,34.14396082053776
28.0,244.0,34.13539650710722
28.0,245.0,34.12717446449276
28.0,246.0,34.11928300927143
28.0,247.0,34.111709641487934
28.0,248.0,34.10444119394438
28.0,249.0,34.097464020419544
28.0,250.0,34.09076410093111
28.0,251.0,34.084327185652626
28.0,252.0,34.07813886312861
28.0,253.0,34.072184667239185
28.0,254.0,34.0664501155828
28.0,255.0,34.06092078659383
28.0,256.0,34.05558233472195
28.0,257.0,34.05042054399724
28.0,258.0,34.04542132568737
28.0,259.0,34.0405707535887
28.0,260.0,34.03585504880967
28.0,261.0,34.0312606010547
28.0,262.0,34.02677394421632
28.0,263.0,34.02238176701608
28.0,264.0,34.0180708822588
28.0,265.0,34.013828229444165
28.0,266.0,34.00964083986619
28.0,267.0,34.00549583321855
28.0,268.0,34.00138038020887
28.0,269.0,33.9972816947415
28.0,270.0,33.993186995347706
28.0,271.0,33.989083494227685
28.0,272.0,33.984958358559794
28.0,273.0,33.98079869750672
28.0,274.0,33.97659152434854
28.0,275.0,33.97232374249677
28.0,276.0,33.96798210939178
28.0,277.0,33.96355322261996
28.0,278.0,33.959023486624865
28.0,279.0,33.954379100190664
28.0,280.0,33.94960602724484
28.0,281.0,33.94468998726299
28.0,282.0,33.93961643179979
28.0,283.0,33.93437053979971
28.0,284.0,33.928937201996106
28.0,285.0,33.9233010236925
28.0,286.0,33.91744631982916
28.0,287.0,33.911357128538974
28.0,288.0,33.90501722049827
28.0,289.0,33.898410127452465
28.0,290.0,33.891519170420814
28.0,291.0,33.884327508386235
28.0,292.0,33.876818190942664
28.0,293.0,33.86897423334567
28.0,294.0,33.86077870012392
28.0,295.0,33.852214813483684
28.0,296.0,33.84326607497435
28.0,297.0,33.8339164144686
28.0,298.0,33.82415035671941
28.0,299.0,33.81395321723765
28.0,300.0,33.80331131883242
28.0,301.0,33.792212237900294
28.0,302.0,33.78064507193328
28.0,303.0,33.768600734093205
28.0,304.0,33.75607226527854
28.0,305.0,33.743055165550324
28.0,306.0,33.72954773305115
28.0,307.0,33.715551407631835
28.0,308.0,33.701071104040714
28.0,309.0,33.68611552709175
28.0,310.0,33.670697450221176
28.0,311.0,33.654833946071875
28.0,312.0,33.638546548394906
28.0,313.0,33.6218613329293
28.0,314.0,33.60480889767672
28.0,315.0,33.587424233944596
28.0,316.0,33.56974647451482
28.0,317.0,33.55181851966448
28.0,318.0,33.53368653813603
28.0,319.0,33.5153993575623
28.0,320.0,33.49700775441843
28.0,321.0,33.47856367239891
28.0,322.0,33.46011938973383
28.0,323.0,33.441726674213726
28.0,324.0,33.42343594952189
28.0,325.0,33.40529551326032
28.0,326.0,33.38735082394108
28.0,327.0,33.36964389069902
28.0,328.0,33.35221276929732
28.0,329.0,33.33509118705563
28.0,330.0,33.318308284003784
28.0,331.0,33.301888482422974
28.0,332.0,33.2858514579903
28.0,333.0,33.2702122187082
28.0,334.0,33.254981255477105
28.0,335.0,33.24016477023152
28.0,336.0,33.22576494086653
28.0,337.0,33.211780233399864
28.0,338.0,33.198205719107854
28.0,339.0,33.185033414517775
28.0,340.0,33.172252601709545
28.0,341.0,33.15985015539767
28.0,342.0,33.1478108336568
28.0,343.0,33.13611756735082
28.0,344.0,33.124751703397216
28.0,345.0,33.11369324500811
28.0,346.0,33.102921040888496
28.0,347.0,33.092412974052536
28.0,348.0,33.082146097728184
28.0,349.0,33.07209677614577
28.0,350.0,33.062240772015976
28.0,351.0,33.05255334549188
28.0,352.0,33.04300929982367
28.0,353.0,33.033583045596565
28.0,354.0,33.02424861141545
28.0,355.0,33.01497968030068
28.0,356.0,33.00574957169321
28.0,357.0,32.996531256112505
28.0,358.0,32.98729731385833
28.0,359.0,32.97801993306619
28.0,360.0,32.968670849498714
28.0,361.0,32.95922133218851
28.0,362.0,32.94964210781949
28.0,363.0,32.93990333733809
28.0,364.0,32.92997452770134
28.0,365.0,32.91982450221892
28.0,366.0,32.90942130192536
28.0,367.0,32.89873215200942
28.0,368.0,32.8877233547669
28.0,369.0,32.87636025429106
28.0,370.0,32.86460712289029
28.0,371.0,32.85242712626498
28.0,372.0,32.83978220544521
28.0,373.0,32.826633044985854
28.0,374.0,32.81293895292065
28.0,375.0,32.79865783510155
28.0,376.0,32.783746076417984
28.0,377.0,32.76815852533964
28.0,378.0,32.75184838077343
28.0,379.0,32.73476719220901
28.0,380.0,32.71686475815846
28.0,381.0,32.698089149137125
28.0,382.0,32.67838662574458
28.0,383.0,32.65770169413679
28.0,384.0,32.63597705455977
28.0,385.0,32.61315370207616
28.0,386.0,32.5891709198379
28.0,387.0,32.56396644168179
28.0,388.0,32.5374765086509
28.0,389.0,32.50963611464515
28.0,390.0,32.4803791495729
28.0,391.0,32.449638754331325
28.0,392.0,32.417347579150416
28.0,393.0,32.38343827926353
28.0,394.0,32.347843921745145
28.0,395.0,32.31049865727728
28.0,396.0,32.27133831169253
28.0,397.0,32.23030127044431
28.0,398.0,32.187329289869616
28.0,399.0,32.14236862652586
28.0,400.0,32.09537109452825
28.0,401.0,32.046295457934484
28.0,402.0,31.995108740046028
28.0,403.0,31.941787868878727
28.0,404.0,31.886321207429823
28.0,405.0,31.82871039580295
28.0,406.0,31.768972015040706
28.0,407.0,31.707139503459754
28.0,408.0,31.643264792371046
28.0,409.0,31.577420094219363
28.0,410.0,31.50969926701883
28.0,411.0,31.440219194655754
28.0,412.0,31.3691205713922
28.0,413.0,31.296568549817934
28.0,414.0,31.222752622169878
28.0,415.0,31.147886236479916
28.0,416.0,31.072205524078434
28.0,417.0,30.995967709352353
28.0,418.0,30.919448609907995
28.0,419.0,30.84293988856762
28.0,420.0,30.76674550922741
28.0,421.0,30.691178150495652
28.0,422.0,30.61655506151258
28.0,423.0,30.543194182562267
28.0,424.0,30.471410011709455
28.0,425.0,30.40151006621842
28.0,426.0,30.333791371083095
28.0,427.0,30.26853780698514
28.0,428.0,30.206017665648965
28.0,429.0,30.146482204544743
28.0,430.0,30.09016445321624
28.0,431.0,30.037279024566782
28.0,432.0,29.98802210019982
28.0,433.0,29.942572325325543
28.0,434.0,29.90109172450671
28.0,435.0,29.86372738277681
28.0,436.0,29.83061297103051
28.0,437.0,29.801870891311637
28.0,438.0,29.77761410616639
28.0,439.0,29.757948471366717
28.0,440.0,29.742974629497652
28.0,441.0,29.732790331053693
28.0,442.0,29.7274922345035
28.0,443.0,29.727178097090793
28.0,444.0,29.7319483983663
28.0,445.0,29.741908348454878
28.0,446.0,29.757169308893598
28.0,447.0,29.77785061298411
28.0,448.0,29.804080795068554
28.0,449.0,29.835999246063828
28.0,450.0,29.87375728310953
28.0,451.0,29.91751967761001
28.0,452.0,29.967465606077468
28.0,453.0,30.02379009256771
28.0,454.0,30.08670488280562
28.0,455.0,30.156439841616507
28.0,456.0,30.233243789339646
28.0,457.0,30.317385890445156
28.0,458.0,30.409156485989538
28.0,459.0,30.50886850374946
28.0,460.0,30.616858314297307
28.0,461.0,30.73348718655135
28.0,462.0,30.859142188508777
28.0,463.0,30.99423770540406
28.0,464.0,31.139216399312822
28.0,465.0,31.294550800030215
28.0,466.0,31.460744330404
28.0,467.0,31.63833297221583
28.0,468.0,31.827886355726093
28.0,469.0,32.03000949366752
28.0,470.0,32.24534392338985
28.0,471.0,32.474569490757084
28.0,472.0,32.71840552055959
28.0,473.0,32.97761261762295
28.0,474.0,33.25299382466448
28.0,475.0,33.545396388995506
28.0,476.0,33.85571284531809
28.0,477.0,34.184882671458766
28.0,478.0,34.533893204993184
28.0,479.0,34.9037810785891
28.0,480.0,35.29563284175168
28.0,481.0,35.71058602337066
28.0,482.0,36.1498292809743
28.0,483.0,36.61460288257734
28.0,484.0,37.106198143231104
28.0,485.0,37.62595704798906
28.0,486.0,38.17527065725447
28.0,487.0,38.75557750612548
28.0,488.0,39.36836056536804
28.0,489.0,40.015143950048845
28.0,490.0,40.69748791405438
28.0,491.0,41.41698328723402
28.0,492.0,42.17524386580782
28.0,493.0,42.973897883829345
28.0,494.0,43.81457705634477
28.0,495.0,44.69890430105731
28.0,496.0,45.62847862677299
28.0,497.0,46.6048582950576
28.0,498.0,47.62954077435503
28.0,499.0,48.70394063198084
28.0,500.0,49.82936396947798
28.0,501.0,51.0069806496061
28.0,502.0,52.23779308828845
28.0,503.0,53.52260305294753
28.0,504.0,54.86197551420471
28.0,505.0,56.256201294264415
28.0,506.0,57.70525794665333
28.0,507.0,59.208771013628585
28.0,508.0,60.765975567980625
28.0,509.0,62.375680631350576
28.0,510.0,64.03623683971685
28.0,511.0,65.7455103065542
28.0,512.0,67.50086334261766
28.0,513.0,69.29914505521815
28.0,514.0,71.13669238267943
28.0,515.0,73.00934416206667
28.0,516.0,74.91246811488264
28.0,517.0,76.84100232124747
28.0,518.0,78.78950982939224
28.0,519.0,80.75224647728291
28.0,520.0,82.72323905503927
28.0,521.0,84.69637235294432
28.0,522.0,86.66548095822853
28.0,523.0,88.62444335125434
28.0,524.0,90.56727369080441
28.0,525.0,92.48820880183534
28.0,526.0,94.38178630314727
28.0,527.0,96.24291230800735
28.0,528.0,98.06691597485725
28.0,529.0,99.84959079876586
28.0,530.0,101.58722151299172
28.0,531.0,103.27659791077801
28.0,532.0,104.91501576848412
28.0,533.0,106.50026713373563
28.0,534.0,108.03062090430447
28.0,535.0,109.50479631245045
28.0,536.0,110.92193041698762
28.0,537.0,112.28154207206916
28.0,538.0,113.58349325955558
28.0,539.0,114.8279498226214
28.0,540.0,116.01534209598253
28.0,541.0,117.14632695212228
28.0,542.0,118.22175135877451
28.0,543.0,119.24261849212782
28.0,544.0,120.21005618466955
28.0,545.0,121.1252883789422
28.0,546.0,121.98960916319916
28.0,547.0,122.80435979646009
28.0,548.0,123.57090820114168
28.0,549.0,124.29063115805494
28.0,550.0,124.96489866498663
28.0,551.0,125.5950605856571
28.0,552.0,126.18243508777894
28.0,553.0,126.72829892928922
28.0,554.0,127.23387916148458
28.0,555.0,127.70034626201613
28.0,556.0,128.12880835323375
28.0,557.0,128.52030648178308
28.0,558.0,128.87581070838553
28.0,559.0,129.1962169481975
28.0,560.0,129.4823444050199
28.0,561.0,129.734933501854
28.0,562.0,129.95464424343433
28.0,563.0,130.1420548713044
28.0,564.0,130.2976608363452
28.0,565.0,130.42187390308817
28.0,566.0,130.5150214968295
28.0,567.0,130.57734605780044
28.0,568.0,130.60900459676992
28.0,569.0,130.61006816323527
28.0,570.0,130.5805215018486
28.0,571.0,130.52026255308374
28.0,572.0,130.42910215372615
28.0,573.0,130.3067635370119
28.0,574.0,130.1528820673769
28.0,575.0,129.9670047534787
28.0,576.0,129.74859005407242
28.0,577.0,129.4970074653157
28.0,578.0,129.2115374847644
28.0,579.0,128.8913713877084
28.0,580.0,128.53561149369034
28.0,581.0,128.1432713091977
28.0,582.0,127.71327630969198
28.0,583.0,127.24446470164393
28.0,584.0,126.73558901655835
28.0,585.0,126.18531783757905
28.0,586.0,125.59223860346718
28.0,587.0,124.95486075618783
28.0,588.0,124.2716202735589
28.0,589.0,123.54088482414232
28.0,590.0,122.760960684957
28.0,591.0,121.930100633331
28.0,592.0,121.04651405145607
28.0,593.0,120.10837842731318
28.0,594.0,119.11385358015421
28.0,595.0,118.06109775533092
28.0,596.0,116.94828698533458
28.0,597.0,115.77363679601109
28.0,598.0,114.53542768288696
28.0,599.0,113.232033320414
28.0,600.0,111.86195288909158
28.0,601.0,110.4238462862161
28.0,602.0,108.9165734642238
28.0,603.0,107.33923635144676
28.0,604.0,105.69122432692295
28.0,605.0,103.97226125630827
28.0,606.0,102.18245464653295
28.0,607.0,100.32234435123117
28.0,608.0,98.39295086596518
28.0,609.0,96.39582001593237
28.0,610.0,94.3330635674821
28.0,611.0,92.20739204532676
28.0,612.0,90.02213899932637
28.0,613.0,87.7812728387738
28.0,614.0,85.48939568070784
28.0,615.0,83.15172578703603
28.0,616.0,80.77406394988522
28.0,617.0,78.36274160976758
28.0,618.0,75.92455268797207
28.0,619.0,73.46666870975304
28.0,620.0,70.99654117253547
28.0,621.0,68.52179257518388
28.0,622.0,66.05010171988
28.0,623.0,63.589085869476556
28.0,624.0,61.14618603950022
28.0,625.0,58.72855797808847
28.0,626.0,56.342974504353016
28.0,627.0,53.99574053250106
28.0,628.0,51.69262485376275
28.0,629.0,49.438808104946624
28.0,630.0,47.23884908160754
28.0,631.0,45.09666697379818
28.0,632.0,43.01554011893827
28.0,633.0,40.99811758133372
28.0,634.0,39.04644329826014
28.0,635.0,37.16198858695578
28.0,636.0,35.3456926077231
28.0,637.0,33.59800668347701
28.0,638.0,31.91894241591473
28.0,639.0,30.30811996192062
28.0,640.0,28.76481697513175
28.0,641.0,27.288015148594734
28.0,642.0,25.876445438578408
28.0,643.0,24.528629424044357
28.0,644.0,23.242918351752618
28.0,645.0,22.017527713474056
28.0,646.0,20.850569232860156
28.0,647.0,19.74007836428665
28.0,648.0,18.684039376733796
28.0,649.0,17.68040626778552
28.0,650.0,16.72712167451754
28.0,651.0,15.822132089091774
28.0,652.0,14.963401570639444
28.0,653.0,14.148922274607642
28.0,654.0,13.376723974459436
28.0,655.0,12.64488088434907
28.0,656.0,11.951517919083347
28.0,657.0,11.294814677339065
28.0,658.0,10.673009236526417
28.0,659.0,10.084400022063258
28.0,660.0,9.527347789379196
28.0,661.0,9.000275962749756
28.0,662.0,8.50167132065169
28.0,663.0,8.030083259856058
28.0,664.0,7.584123582157649
28.0,665.0,7.162465031429165
28.0,666.0,6.763840482113224
28.0,667.0,6.3870410093677705
28.0,668.0,6.030914701775773
28.0,669.0,5.694364455728062
28.0,670.0,5.376346574120735
28.0,671.0,5.075868422931465
28.0,672.0,4.79198693130068
28.0,673.0,4.523806207921668
28.0,674.0,4.270476022992624
28.0,675.0,4.03118945186841
28.0,676.0,3.8051813934261847
28.0,677.0,3.591726286126313
28.0,678.0,3.390136698277749
28.0,679.0,3.1997611453614163
28.0,680.0,3.0199827738479588
28.0,681.0,2.85021729687266
28.0,682.0,2.6899117833447796
28.0,683.0,2.5385427206838003
28.0,684.0,2.3956149139635228
28.0,685.0,2.260659678549685
28.0,686.0,2.1332338491807272
28.0,687.0,2.012918101324021
28.0,688.0,1.8993160668339184
28.0,689.0,1.7920527801703041
28.0,690.0,1.6907738951628692
28.0,691.0,1.5951442505399234
28.0,692.0,1.504847181045233
28.0,693.0,1.4195831957310079
28.0,694.0,1.3390693759825425
28.0,695.0,1.2630381595328257
28.0,696.0,1.1912368176752381
28.0,697.0,1.1234263378079765
28.0,698.0,1.0593809721272938
28.0,699.0,0.9988872115976456
28.0,700.0,0.9417433986231606
28.0,701.0,0.8877587855837424
28.0,702.0,0.8367532043120879
28.0,703.0,0.7885562026786982
28.0,704.0,0.7430067641064036
28.0,705.0,0.6999525160865149
28.0,706.0,0.6592494934071226
28.0,707.0,0.6207614129087676
28.0,708.0,0.5843594745618215
28.0,709.0,0.549921697202269
28.0,710.0,0.5173327520499486
28.0,711.0,0.4864833545890717
28.0,712.0,0.4572701255613014
28.0,713.0,0.42959503456196213
28.0,714.0,0.4033652839622297
28.0,715.0,0.3784928001745633
28.0,716.0,0.354894136351943
28.0,717.0,0.3324900076312938
28.0,718.0,0.3112052088221194
28.0,719.0,0.2909681902627414
28.0,720.0,0.2717109870446757
28.0,721.0,0.2533688324127502
28.0,722.0,0.2358800953749951
28.0,723.0,0.21918592884431257
28.0,724.0,0.20323021275702496
28.0,725.0,0.18795923439145756
28.0,726.0,0.17332163436253326
28.0,727.0,0.15926811676243122
28.0,728.0,0.1457513956149034
28.0,729.0,0.1327259326662706
28.0,730.0,0.12014788207274382
28.0,731.0,0.10797485382765501
28.0,732.0,0.09616585461928236
28.0,733.0,0.08468107501359698
28.0,734.0,0.07348182456014768
28.0,735.0,0.0625303409598601
28.0,736.0,0.05178971761356513
28.0,737.0,0.04122373309251289
28.0,738.0,0.030796769419121177
28.0,739.0,0.02047366022471031
28.0,740.0,0.010219598125838475
28.0,741.0,0.0
29.0,0.0,0.0
29.0,1.0,0.0026212133847335617
29.0,2.0,0.005251267829329646
29.0,3.0,0.007899033038893914
29.0,4.0,0.010573440052739006
29.0,5.0,0.013283506240176868
29.0,6.0,0.016038372427623418
29.0,7.0,0.01884732464406021
29.0,8.0,0.021719836085853175
29.0,9.0,0.024665586020898165
29.0,10.0,0.027694507000931262
29.0,11.0,0.030816801348400417
29.0,12.0,0.03404299404139334
29.0,13.0,0.03738394722757069
29.0,14.0,0.0408509192274663
29.0,15.0,0.04445557754554983
29.0,16.0,0.04821006446373782
29.0,17.0,0.05212700905103462
29.0,18.0,0.056219599850840976
29.0,19.0,0.06050159642789065
29.0,20.0,0.06498740969059039
29.0,21.0,0.0696921135573863
29.0,22.0,0.07463153349916513
29.0,23.0,0.07982225895701563
29.0,24.0,0.08528174073991662
29.0,25.0,0.09102830488235829
29.0,26.0,0.09708125958936592
29.0,27.0,0.10346091128583393
29.0,28.0,0.1101886818645595
29.0,29.0,0.11728712774956465
29.0,30.0,0.12478006827332512
29.0,31.0,0.1326926086538388
29.0,32.0,0.14105128040456685
29.0,33.0,0.14988406920939223
29.0,34.0,0.1592205683526524
29.0,35.0,0.1690920125669886
29.0,36.0,0.1795314455606285
29.0,37.0,0.19057376100963538
29.0,38.0,0.20225588535421696
29.0,39.0,0.21461682720767483
29.0,40.0,0.22769787669125374
29.0,41.0,0.2415426646350379
29.0,42.0,0.2561973798191046
29.0,43.0,0.2717108394435484
29.0,44.0,0.2881347257386449
29.0,45.0,0.30552366927752755
29.0,46.0,0.3239355065042391
29.0,47.0,0.3434313775468473
29.0,48.0,0.36407600628198966
29.0,49.0,0.3859378143693401
29.0,50.0,0.40908922551389043
29.0,51.0,0.4336067974721761
29.0,52.0,0.4595715521744794
29.0,53.0,0.4870691274320145
29.0,54.0,0.5161901345205842
29.0,55.0,0.5470303312228562
29.0,56.0,0.5796910083258541
29.0,57.0,0.6142791854322966
29.0,58.0,0.6509080275504849
29.0,59.0,0.6896970647615496
29.0,60.0,0.730772639633439
29.0,61.0,0.7742681512809735
29.0,62.0,0.8203245336513545
29.0,63.0,0.869090523687036
29.0,64.0,0.9207231695232656
29.0,65.0,0.9753881212621015
29.0,66.0,1.0332601666808403
29.0,67.0,1.0945235414207302
29.0,68.0,1.1593724877822356
29.0,69.0,1.228011578757184
29.0,70.0,1.3006562926929353
29.0,71.0,1.377533342336812
29.0,72.0,1.458881254343537
29.0,73.0,1.5449506900825718
29.0,74.0,1.63600501383564
29.0,75.0,1.7323205862001843
29.0,76.0,1.8341872979992875
29.0,77.0,1.9419088092838428
29.0,78.0,2.0558030170056694
29.0,79.0,2.176202202393905
29.0,80.0,2.303453388812744
29.0,81.0,2.437918347134853
29.0,82.0,2.579973785385013
29.0,83.0,2.730011145139481
29.0,84.0,2.888436546077601
29.0,85.0,3.055670286020772
29.0,86.0,3.232146441138546
29.0,87.0,3.418311957981899
29.0,88.0,3.6146257841039744
29.0,89.0,3.8215574130506047
29.0,90.0,4.0395853918413165
29.0,91.0,4.26919515138811
29.0,92.0,4.510876709634945
29.0,93.0,4.765121594489142
29.0,94.0,5.032419540131853
29.0,95.0,5.313254294750285
29.0,96.0,5.608099102192186
29.0,97.0,5.91741119455401
29.0,98.0,6.241625876548232
29.0,99.0,6.581149550648832
29.0,100.0,6.936352297230266
29.0,101.0,7.307559389719997
29.0,102.0,7.695042413446488
29.0,103.0,8.099009423924072
29.0,104.0,8.519594893344928
29.0,105.0,8.95684896393369
29.0,106.0,9.41072686193072
29.0,107.0,9.881078095761328
29.0,108.0,10.367636410944817
29.0,109.0,10.870010233895755
29.0,110.0,11.387674683298526
29.0,111.0,11.91996495861948
29.0,112.0,12.466072235328715
29.0,113.0,13.025041874522895
29.0,114.0,13.59577502235703
29.0,115.0,14.17703327986918
29.0,116.0,14.767447324328517
29.0,117.0,15.365528893990033
29.0,118.0,15.96968669269644
29.0,119.0,16.578245257085
29.0,120.0,17.189466962112363
29.0,121.0,17.801575842398922
29.0,122.0,18.41278309358236
29.0,123.0,19.02131270187907
29.0,124.0,19.625426945274263
29.0,125.0,20.223450214556106
29.0,126.0,20.813791018348724
29.0,127.0,21.394960849693955
29.0,128.0,21.965590089828652
29.0,129.0,22.524439991990082
29.0,130.0,23.070411301599325
29.0,131.0,23.60254892479827
29.0,132.0,24.120043526366487
29.0,133.0,24.62222973769901
29.0,134.0,25.108582050149625
29.0,135.0,25.578708201517102
29.0,136.0,26.032341185161247
29.0,137.0,26.469329691368785
29.0,138.0,26.88962805960467
29.0,139.0,27.293285473802957
29.0,140.0,27.68043537327064
29.0,141.0,28.051284702682807
29.0,142.0,28.406103855048222
29.0,143.0,28.745216826110497
29.0,144.0,29.06899232919479
29.0,145.0,29.37783530590491
29.0,146.0,29.672179501755664
29.0,147.0,29.952480486239622
29.0,148.0,30.219209732150155
29.0,149.0,30.472849102412642
29.0,150.0,30.713886326123717
29.0,151.0,30.942810799790895
29.0,152.0,31.160110277423755
29.0,153.0,31.366267786178692
29.0,154.0,31.5617593226442
29.0,155.0,31.74705167512166
29.0,156.0,31.922600923590885
29.0,157.0,32.08885097565832
29.0,158.0,32.246232688982936
29.0,159.0,32.39516295331829
29.0,160.0,32.53604428183952
29.0,161.0,32.669264300211566
29.0,162.0,32.79519568159285
29.0,163.0,32.91419593107594
29.0,164.0,33.02660756515876
29.0,165.0,33.13275810419591
29.0,166.0,33.23296041954552
29.0,167.0,33.32751286713174
29.0,168.0,33.416699744013094
29.0,169.0,33.50079151281655
29.0,170.0,33.58004532437376
29.0,171.0,33.65470529603155
29.0,172.0,33.72500306874082
29.0,173.0,33.79115811259999
29.0,174.0,33.85337829590006
29.0,175.0,33.91186019925529
29.0,176.0,33.96678968112791
29.0,177.0,34.01834218803968
29.0,178.0,34.06668330648413
29.0,179.0,34.11196906142109
29.0,180.0,34.1543464486248
29.0,181.0,34.19395371729724
29.0,182.0,34.230920880117914
29.0,183.0,34.265369978658995
29.0,184.0,34.29741557095372
29.0,185.0,34.327164980682014
29.0,186.0,34.35471876415572
29.0,187.0,34.38017094613627
29.0,188.0,34.403609469884074
29.0,189.0,34.425116424076826
29.0,190.0,34.444768481064116
29.0,191.0,34.46263712071619
29.0,192.0,34.47878906326151
29.0,193.0,34.49328649696572
29.0,194.0,34.50618751281132
29.0,195.0,34.517546343526995
29.0,196.0,34.527413807669745
29.0,197.0,34.53583756739475
29.0,198.0,34.54286258884058
29.0,199.0,34.548531424686416
29.0,200.0,34.552884695576545
29.0,201.0,34.55596140034332
29.0,202.0,34.55779941888091
29.0,203.0,34.55843584725493
29.0,204.0,34.55790751533593
29.0,205.0,34.55625133539084
29.0,206.0,34.55350481767254
29.0,207.0,34.54970640962186
29.0,208.0,34.54489598012441
29.0,209.0,34.53911511345747
29.0,210.0,34.53240752019273
29.0,211.0,34.52481923853583
29.0,212.0,34.51639892084306
29.0,213.0,34.50719788982869
29.0,214.0,34.497270249766174
29.0,215.0,34.48667275171635
29.0,216.0,34.47546469275113
29.0,217.0,34.46370756666891
29.0,218.0,34.451464744672116
29.0,219.0,34.43880092472194
29.0,220.0,34.42578162826602
29.0,221.0,34.412472504037595
29.0,222.0,34.39893871600306
29.0,223.0,34.38524419212078
29.0,224.0,34.371451004061335
29.0,225.0,34.357618664820805
29.0,226.0,34.34380360070161
29.0,227.0,34.33005858815635
29.0,228.0,34.31643239300339
29.0,229.0,34.302969402027806
29.0,230.0,34.28970946370119
29.0,231.0,34.27668772727257
29.0,232.0,34.26393467796458
29.0,233.0,34.25147615945931
29.0,234.0,34.239333566316084
29.0,235.0,34.22752400330068
29.0,236.0,34.21606058336725
29.0,237.0,34.20495267045717
29.0,238.0,34.194206231149934
29.0,239.0,34.18382411258616
29.0,240.0,34.173806404768015
29.0,241.0,34.16415071660534
29.0,242.0,34.154852518447186
29.0,243.0,34.145905392106435
29.0,244.0,34.137301335564445
29.0,245.0,34.12903097416745
29.0,246.0,34.12108381944751
29.0,247.0,34.11344843719636
29.0,248.0,34.10611265935209
29.0,249.0,34.099063710224875
29.0,250.0,34.09228837466187
29.0,251.0,34.08577308681578
29.0,252.0,34.07950405994696
29.0,253.0,34.07346734347148
29.0,254.0,34.06764892046639
29.0,255.0,34.06203473894435
29.0,256.0,34.056610782966516
29.0,257.0,34.05136308366092
29.0,258.0,34.046277769235445
29.0,259.0,34.04134106053015
29.0,260.0,34.03653930443502
29.0,261.0,34.03185895795802
29.0,262.0,34.027286608753364
29.0,263.0,34.02280895091869
29.0,264.0,34.01841279561752
29.0,265.0,34.01408504115195
29.0,266.0,34.00981267605711
29.0,267.0,34.00558274545385
29.0,268.0,34.001382348515754
29.0,269.0,33.99719860269362
29.0,270.0,33.99301863710546
29.0,271.0,33.98882955593603
29.0,272.0,33.98461842907115
29.0,273.0,33.98037225580406
29.0,274.0,33.976077953920274
29.0,275.0,33.97172232478316
29.0,276.0,33.96729204207061
29.0,277.0,33.96277361936248
29.0,278.0,33.95815339983596
29.0,279.0,33.953417527639
29.0,280.0,33.948551940070914
29.0,281.0,33.94354234430486
29.0,282.0,33.93837421391982
29.0,283.0,33.93303277293789
29.0,284.0,33.927502999040684
29.0,285.0,33.92176961741814
29.0,286.0,33.91581711359719
29.0,287.0,33.90962974025442
29.0,288.0,33.90319154329548
29.0,289.0,33.89648638553944
29.0,290.0,33.889497990474105
29.0,291.0,33.88220998751498
29.0,292.0,33.874605978636055
29.0,293.0,33.86666961061824
29.0,294.0,33.858384670352976
29.0,295.0,33.8497351899087
29.0,296.0,33.8407055764502
29.0,297.0,33.831280755723384
29.0,298.0,33.821446341809384
29.0,299.0,33.811188823262114
29.0,300.0,33.80049577575095
29.0,301.0,33.789356091946885
29.0,302.0,33.77776023582391
29.0,303.0,33.765700511796425
29.0,304.0,33.75317135242035
29.0,305.0,33.74016961374465
29.0,306.0,33.726694878126985
29.0,307.0,33.712749751393986
29.0,308.0,33.69834015009784
29.0,309.0,33.683475563189866
29.0,310.0,33.66816928041243
29.0,311.0,33.65243856980848
29.0,312.0,33.63630479503304
29.0,313.0,33.619793454951655
29.0,314.0,33.60293413785514
29.0,315.0,33.585760376175855
29.0,316.0,33.568309399949946
29.0,317.0,33.55062178208573
29.0,318.0,33.532740983597336
29.0,319.0,33.514712801631234
29.0,320.0,33.4965847402404
29.0,321.0,33.478405316106226
29.0,322.0,33.46022332926959
29.0,323.0,33.4420871162663
29.0,324.0,33.42404382068175
29.0,325.0,33.406138696861504
29.0,326.0,33.388414480151276
29.0,327.0,33.37091083088261
29.0,328.0,33.35366387870025
29.0,329.0,33.33670586172328
29.0,330.0,33.32006487870538
29.0,331.0,33.30376473552171
29.0,332.0,33.28782489765285
29.0,333.0,33.27226051935766
29.0,334.0,33.2570825587817
29.0,335.0,33.24229794275229
29.0,336.0,33.22790979244221
29.0,337.0,33.213917669928264
29.0,338.0,33.200317862131506
29.0,339.0,33.187103660332
29.0,340.0,33.17426565900729
29.0,341.0,33.16179203085961
29.0,342.0,33.149668809796914
29.0,343.0,33.137880136901416
29.0,344.0,33.12640850917747
29.0,345.0,33.1152349832422
29.0,346.0,33.104339381483605
29.0,347.0,33.093700448779465
29.0,348.0,33.083296014733506
29.0,349.0,33.07310310431044
29.0,350.0,33.06309805910024
29.0,351.0,33.05325660588927
29.0,352.0,33.04355394207146
29.0,353.0,33.03396476754063
29.0,354.0,33.02446334010285
29.0,355.0,33.01502347631164
29.0,356.0,33.005618582611774
29.0,357.0,32.996221630346795
29.0,358.0,32.9868051678031
29.0,359.0,32.97734127394563
29.0,360.0,32.967801555813224
29.0,361.0,32.958157084806054
29.0,362.0,32.9483783831805
29.0,363.0,32.9384353460511
29.0,364.0,32.92829722014417
29.0,365.0,32.91793251416015
29.0,366.0,32.90730897252165
29.0,367.0,32.89639347640809
29.0,368.0,32.885152015005715
29.0,369.0,32.873549579398144
29.0,370.0,32.86155013381329
29.0,371.0,32.84911650465137
29.0,372.0,32.83621035444784
29.0,373.0,32.82279206866883
29.0,374.0,32.808820735599106
29.0,375.0,32.79425403416733
29.0,376.0,32.779048223762956
29.0,377.0,32.76315803731616
29.0,378.0,32.74653668619883
29.0,379.0,32.72913576413348
29.0,380.0,32.71090527390388
29.0,381.0,32.69179354947009
29.0,382.0,32.67174731327109
29.0,383.0,32.65071162624506
29.0,384.0,32.62862998711012
29.0,385.0,32.605444322878824
29.0,386.0,32.58109514468213
29.0,387.0,32.55552159482362
29.0,388.0,32.52866167742148
29.0,389.0,32.500452381966085
29.0,390.0,32.470830011109406
29.0,391.0,32.439730404776355
29.0,392.0,32.40708939140021
29.0,393.0,32.37284314029168
29.0,394.0,32.33692876568755
29.0,395.0,32.299284837230886
29.0,396.0,32.25985216699857
29.0,397.0,32.21857450688039
29.0,398.0,32.175399545194345
29.0,399.0,32.13027981299766
29.0,400.0,32.08317390613538
29.0,401.0,32.03404760689768
29.0,402.0,31.98287532599272
29.0,403.0,31.92964141807858
29.0,404.0,31.874341803072607
29.0,405.0,31.81698541147519
29.0,406.0,31.757595894368784
29.0,407.0,31.6962130777066
29.0,408.0,31.632894608493025
29.0,409.0,31.567717232866567
29.0,410.0,31.50077816288425
29.0,411.0,31.432195936439374
29.0,412.0,31.3621112446223
29.0,413.0,31.290687106299554
29.0,414.0,31.21810889713547
29.0,415.0,31.14458360569056
29.0,416.0,31.07033887711816
29.0,417.0,30.99562122983565
29.0,418.0,30.920694077954725
29.0,419.0,30.845834971624605
29.0,420.0,30.77133276864188
29.0,421.0,30.6974841754309
29.0,422.0,30.62459044169555
29.0,423.0,30.552953653138307
29.0,424.0,30.48287345046874
29.0,425.0,30.41464359243433
29.0,426.0,30.34854920069977
29.0,427.0,30.284864044733347
29.0,428.0,30.223848687018187
29.0,429.0,30.165748767645898
29.0,430.0,30.11079422130629
29.0,431.0,30.059198626021196
29.0,432.0,30.011159457377445
29.0,433.0,29.966858382239543
29.0,434.0,29.926462365056146
29.0,435.0,29.890124675649822
29.0,436.0,29.8579865909111
29.0,437.0,29.830178852190322
29.0,438.0,29.806823704996248
29.0,439.0,29.788036567186797
29.0,440.0,29.7739281941518
29.0,441.0,29.764606376239705
29.0,442.0,29.76017808037578
29.0,443.0,29.760751059942272
29.0,444.0,29.766435886025903
29.0,445.0,29.777347410121013
29.0,446.0,29.79360664860272
29.0,447.0,29.815342081592572
29.0,448.0,29.84269138961456
29.0,449.0,29.875802600130303
29.0,450.0,29.91483569687655
29.0,451.0,29.95996364136053
29.0,452.0,30.011373886186206
29.0,453.0,30.069269305548758
29.0,454.0,30.13386964725375
29.0,455.0,30.205412407063832
29.0,456.0,30.284154252865235
29.0,457.0,30.37037187497311
29.0,458.0,30.46436341197215
29.0,459.0,30.566449304355828
29.0,460.0,30.67697374617674
29.0,461.0,30.79630556357005
29.0,462.0,30.924839710101647
29.0,463.0,31.06299818517091
29.0,464.0,31.211231583996362
29.0,465.0,31.370020063584413
29.0,466.0,31.539874950467382
29.0,467.0,31.721339753554034
29.0,468.0,31.91499182360536
29.0,469.0,32.12144340231222
29.0,470.0,32.34134331641901
29.0,471.0,32.57537804006081
29.0,472.0,32.824273392580096
29.0,473.0,33.08879557555201
29.0,474.0,33.369752825628964
29.0,475.0,33.66799636762205
29.0,476.0,33.98442195087277
29.0,477.0,34.319970633846395
29.0,478.0,34.67563010306472
29.0,479.0,35.052435171298114
29.0,480.0,35.45146874030923
29.0,481.0,35.873861852161774
29.0,482.0,36.32079410917335
29.0,483.0,36.79349306440211
29.0,484.0,37.29323385275336
29.0,485.0,37.82133764111228
29.0,486.0,38.379170152707594
29.0,487.0,38.96813881953346
29.0,488.0,39.58968979873662
29.0,489.0,40.24530338217007
29.0,490.0,40.93648901282535
29.0,491.0,41.66477841507414
29.0,492.0,42.43171803058777
29.0,493.0,43.23885925149724
29.0,494.0,44.08774762703953
29.0,495.0,44.979909534446
29.0,496.0,45.916837490393505
29.0,497.0,46.89997261922051
29.0,498.0,47.930685483819715
29.0,499.0,49.010253863187955
29.0,500.0,50.13983875953927
29.0,501.0,51.32045734832782
29.0,502.0,52.552954297904904
29.0,503.0,53.837970381249995
29.0,504.0,55.17591003161682
29.0,505.0,56.566907061333985
29.0,506.0,58.0107904997275
29.0,507.0,59.50705013725492
29.0,508.0,61.05480407938455
29.0,509.0,62.65276827766735
29.0,510.0,64.29923064789314
29.0,511.0,65.9920300240357
29.0,512.0,67.72854268679218
29.0,513.0,69.50567674364422
29.0,514.0,71.31987689130295
29.0,515.0,73.16713946560616
29.0,516.0,75.04303965275236
29.0,517.0,76.94276994263758
29.0,518.0,78.86119062322717
29.0,519.0,80.79289025170362
29.0,520.0,82.73225564641074
29.0,521.0,84.67354820331275
29.0,522.0,86.61098504690847
29.0,523.0,88.53882112294615
29.0,524.0,90.45143031861545
29.0,525.0,92.34338175558581
29.0,526.0,94.2095096895403
29.0,527.0,96.04497393396055
29.0,528.0,97.84531019966755
29.0,529.0,99.60646847580861
29.0,530.0,101.32484002261518
29.0,531.0,102.99727232239177
29.0,532.0,104.62107355811796
29.0,533.0,106.19400686593976
29.0,534.0,107.71427651227636
29.0,535.0,109.18050668889323
29.0,536.0,110.5917152093075
29.0,537.0,111.94728284650463
29.0,538.0,113.24692039151171
29.0,539.0,114.49063396597184
29.0,540.0,115.67869028746416
29.0,541.0,116.81158211428533
29.0,542.0,117.88999514696164
29.0,543.0,118.91477631873121
29.0,544.0,119.88690437483244
29.0,545.0,120.80746244879623
29.0,546.0,121.67761323782946
29.0,547.0,122.49857634847686
29.0,548.0,123.27160819894628
29.0,549.0,123.99798399127177
29.0,550.0,124.67898199164627
29.0,551.0,125.3158696348913
29.0,552.0,125.90989159165272
29.0,553.0,126.462259358586
29.0,554.0,126.97414244088868
29.0,555.0,127.44666075712432
29.0,556.0,127.8808782832506
29.0,557.0,128.27779764914126
29.0,558.0,128.6383556594819
29.0,559.0,128.9634195416625
29.0,560.0,129.2537838491755
29.0,561.0,129.5101679139149
29.0,562.0,129.73321373105838
29.0,563.0,129.92348425975777
29.0,564.0,130.08146197567632
29.0,565.0,130.20754774647904
29.0,566.0,130.30205981556935
29.0,567.0,130.3652330509241
29.0,568.0,130.3972181908037
29.0,569.0,130.39808132706568
29.0,570.0,130.36780330222697
29.0,571.0,130.30627934350656
29.0,572.0,130.21331855306897
29.0,573.0,130.08864365943484
29.0,574.0,129.93189059195862
29.0,575.0,129.74260836496236
29.0,576.0,129.52025877664215
29.0,577.0,129.2642164915276
29.0,578.0,128.97376895631047
29.0,579.0,128.64811680126743
29.0,580.0,128.2863741242121
29.0,581.0,127.88756939454933
29.0,582.0,127.45064632477721
29.0,583.0,126.97446553480462
29.0,584.0,126.45780631082505
29.0,585.0,125.89936937463318
29.0,586.0,125.29777992381186
29.0,587.0,124.65159195165299
29.0,588.0,123.95929306977072
29.0,589.0,123.21931093643212
29.0,590.0,122.43002047816131
29.0,591.0,121.5897531000004
29.0,592.0,120.69680703469169
29.0,593.0,119.74946011103361
29.0,594.0,118.74598404525022
29.0,595.0,117.68466160341816
29.0,596.0,116.56380567146961
29.0,597.0,115.38178161688933
29.0,598.0,114.13703187320904
29.0,599.0,112.82810411564172
29.0,600.0,111.45368179316327
29.0,601.0,110.01261829364792
29.0,602.0,108.50397325698162
29.0,603.0,106.92705212234262
29.0,604.0,105.28144707157614
29.0,605.0,103.56708015572858
29.0,606.0,101.78424631398559
29.0,607.0,99.93365668501269
29.0,608.0,98.01647941210202
29.0,609.0,96.03437794023702
29.0,610.0,93.98954354935212
29.0,611.0,91.88472184464402
29.0,612.0,89.72322971216138
29.0,613.0,87.50896250025681
29.0,614.0,85.24638811948795
29.0,615.0,82.94052836200686
29.0,616.0,80.59692487808157
29.0,617.0,78.2215912173568
29.0,618.0,75.8209496394982
29.0,619.0,73.4017556097854
29.0,620.0,70.97101017579259
29.0,621.0,68.5358646328447
29.0,622.0,66.10351888945699
29.0,623.0,63.68111888835235
29.0,624.0,61.27565494674937
29.0,625.0,58.893866401697416
29.0,626.0,56.542153911101785
29.0,627.0,54.22650390863856
29.0,628.0,51.95242528763681
29.0,629.0,49.724901380230165
29.0,630.0,47.548355755001914
29.0,631.0,45.42663345151989
29.0,632.0,43.36299484783053
29.0,633.0,41.36012273255124
29.0,634.0,39.42013897269381
29.0,635.0,37.54463086790202
29.0,636.0,35.73468333834054
29.0,637.0,33.99091705631126
29.0,638.0,32.31352884576119
29.0,639.0,30.702334795687204
29.0,640.0,29.156812810088653
29.0,641.0,27.676145500518775
29.0,642.0,26.25926059364306
29.0,643.0,24.904870204499186
29.0,644.0,23.611506543093597
29.0,645.0,22.377555761084494
29.0,646.0,21.20128780242905
29.0,647.0,20.080884211383385
29.0,648.0,19.01446195614117
29.0,649.0,18.000095368685244
29.0,650.0,17.035834369816527
29.0,651.0,16.119721150330825
29.0,652.0,15.249803528546765
29.0,653.0,14.4241471728178
29.0,654.0,13.640844923405885
29.0,655.0,12.898025387363434
29.0,656.0,12.193859035200713
29.0,657.0,11.526563939950083
29.0,658.0,10.894409373895412
29.0,659.0,10.295719362050828
29.0,660.0,9.728874393597774
29.0,661.0,9.192313346013295
29.0,662.0,8.684533812572175
29.0,663.0,8.204092843766922
29.0,664.0,7.749606288259783
29.0,665.0,7.319748701178245
29.0,666.0,6.913252006374741
29.0,667.0,6.528904839500809
29.0,668.0,6.165550765492934
29.0,669.0,5.822087257935902
29.0,670.0,5.4974636463921565
29.0,671.0,5.19067988093937
29.0,672.0,4.900784337424343
29.0,673.0,4.6268724751388755
29.0,674.0,4.368084592175986
29.0,675.0,4.12360445287495
29.0,676.0,3.892657058143677
29.0,677.0,3.674507295625109
29.0,678.0,3.4684577693247367
29.0,679.0,3.273847507770145
29.0,680.0,3.090049882038197
29.0,681.0,2.916471394133779
29.0,682.0,2.7525497013230513
29.0,683.0,2.5977524974531923
29.0,684.0,2.451575653394703
29.0,685.0,2.313542197200944
29.0,686.0,2.183200574684821
29.0,687.0,2.060123729507247
29.0,688.0,1.9439074838755483
29.0,689.0,1.8341697163403032
29.0,690.0,1.7305488598559526
29.0,691.0,1.632703172864353
29.0,692.0,1.5403093501614158
29.0,693.0,1.4530618814565441
29.0,694.0,1.3706717693851433
29.0,695.0,1.292865968932394
29.0,696.0,1.2193862063265921
29.0,697.0,1.1499884923358854
29.0,698.0,1.0844420355269049
29.0,699.0,1.0225288223591924
29.0,700.0,0.964042618289798
29.0,701.0,0.9087886077094562
29.0,702.0,0.856582476537164
29.0,703.0,0.8072501052963557
29.0,704.0,0.7606267271154612
29.0,705.0,0.7165566675814032
29.0,706.0,0.674892572400149
29.0,707.0,0.6354951880525357
29.0,708.0,0.5982326537421604
29.0,709.0,0.5629803172888335
29.0,710.0,0.5296200863779347
29.0,711.0,0.49804027454134686
29.0,712.0,0.46813500710734135
29.0,713.0,0.43980409252496644
29.0,714.0,0.41295247878616437
29.0,715.0,0.3874901457387434
29.0,716.0,0.3633316081058748
29.0,717.0,0.34039582479947533
29.0,718.0,0.31860574499216415
29.0,719.0,0.2978882307838178
29.0,720.0,0.27817364308501746
29.0,721.0,0.2593957743029737
29.0,722.0,0.24149147107229457
29.0,723.0,0.22440057391176443
29.0,724.0,0.20806557408763804
29.0,725.0,0.1924315574499985
29.0,726.0,0.17744589293605253
29.0,727.0,0.1630581780245529
29.0,728.0,0.1492199565824401
29.0,729.0,0.13588466357896278
29.0,730.0,0.12300737014937374
29.0,731.0,0.11054472538793689
29.0,732.0,0.09845472664823725
29.0,733.0,0.08669665638728162
29.0,734.0,0.07523087584431798
29.0,735.0,0.0640187550377564
29.0,736.0,0.053022488064145584
29.0,737.0,0.04220501445661455
29.0,738.0,0.03152985442365475
29.0,739.0,0.020961019863047988
29.0,740.0,0.010462867917046254
29.0,741.0,0.0
30.0,0.0,0.0
30.0,1.0,0.002678075623894568
30.0,2.0,0.005365183066108097
30.0,3.0,0.008070385416011478
30.0,4.0,0.010802804374492962
30.0,5.0,0.013571655857049315
30.0,6.0,0.016386273807501545
30.0,7.0,0.0192561505372408
30.0,8.0,0.022190957423482167
30.0,9.0,0.025200590396513397
30.0,10.0,0.0282951879463554
30.0,11.0,0.03148518218272936
30.0,12.0,0.03478131459180705
30.0,13.0,0.03819469311171958
30.0,14.0,0.04173680610427117
30.0,15.0,0.04541958591230252
30.0,16.0,0.04925542153998303
30.0,17.0,0.05325722918738663
30.0,18.0,0.0574384641674723
30.0,19.0,0.06181319894802451
30.0,20.0,0.06639613487389891
30.0,21.0,0.07120268828723006
30.0,22.0,0.07624900267017928
30.0,23.0,0.08155204346122034
30.0,24.0,0.08712961128668356
30.0,25.0,0.09300044614416876
30.0,26.0,0.09918424245079578
30.0,27.0,0.10570176332447692
30.0,28.0,0.11257485824304148
30.0,29.0,0.11982658822024085
30.0,30.0,0.12748124694276666
30.0,31.0,0.13556449771031737
30.0,32.0,0.14410339899673585
30.0,33.0,0.15312655410186005
30.0,34.0,0.16266414216804326
30.0,35.0,0.17274808157512994
30.0,36.0,0.183412067533568
30.0,37.0,0.19469175034150984
30.0,38.0,0.2066247807691029
30.0,39.0,0.21925100438657796
30.0,40.0,0.2326125160488652
30.0,41.0,0.24675387159287396
30.0,42.0,0.2617221528240427
30.0,43.0,0.27756719796590174
30.0,44.0,0.2943416786358454
30.0,45.0,0.31210135050494736
30.0,46.0,0.3309051438225809
30.0,47.0,0.3508154358016109
30.0,48.0,0.371898156301424
30.0,49.0,0.3942230834824572
30.0,50.0,0.4178639662723683
30.0,51.0,0.4428988448199829
30.0,52.0,0.46941019133299616
30.0,53.0,0.49748525678542904
30.0,54.0,0.5272162316049375
30.0,55.0,0.5587006199237935
30.0,56.0,0.5920414213796145
30.0,57.0,0.6273475339132135
30.0,58.0,0.6647339575886123
30.0,59.0,0.7043222264862073
30.0,60.0,0.7462406348939554
30.0,61.0,0.790624698161229
30.0,62.0,0.8376174007945023
30.0,63.0,0.8873696851477798
30.0,64.0,0.9400407197837604
30.0,65.0,0.9957984134793871
30.0,66.0,1.0548197005721889
30.0,67.0,1.1172910758239292
30.0,68.0,1.1834088912143268
30.0,69.0,1.2533799045661222
30.0,70.0,1.3274215791884536
30.0,71.0,1.4057626356147008
30.0,72.0,1.4886433414036389
30.0,73.0,1.5763160506204597
30.0,74.0,1.6690454656928368
30.0,75.0,1.7671091430668338
30.0,76.0,1.8707977019528557
30.0,77.0,1.9804152665537083
30.0,78.0,2.0962795874440077
30.0,79.0,2.218722380505301
30.0,80.0,2.348089315164802
30.0,81.0,2.484740197293709
30.0,82.0,2.6290487642255886
30.0,83.0,2.7814026430697236
30.0,84.0,2.942202875113203
30.0,85.0,3.11186356217884
30.0,86.0,3.2908110227829437
30.0,87.0,3.4794830176812925
30.0,88.0,3.6783274177095993
30.0,89.0,3.887800876672651
30.0,90.0,4.108366867888167
30.0,91.0,4.340493650579847
30.0,92.0,4.584651512196275
30.0,93.0,4.841309858006665
30.0,94.0,5.110933485143624
30.0,95.0,5.393978621583022
30.0,96.0,5.690888064714082
30.0,97.0,6.002086016354275
30.0,98.0,6.327971956485006
30.0,99.0,6.668914180307674
30.0,100.0,7.025242363131031
30.0,101.0,7.397239821344582
30.0,102.0,7.785134875128678
30.0,103.0,8.189092044272684
30.0,104.0,8.60920254502551
30.0,105.0,9.045474902036212
30.0,106.0,9.497825223845354
30.0,107.0,9.96606805139513
30.0,108.0,10.449907415088859
30.0,109.0,10.948929100590545
30.0,110.0,11.462593829024463
30.0,111.0,11.990232408429621
30.0,112.0,12.53104258110596
30.0,113.0,13.084088609327987
30.0,114.0,13.64830325541294
30.0,115.0,14.22249308159778
30.0,116.0,14.805346547929352
30.0,117.0,15.39544560795933
30.0,118.0,15.991280007836457
30.0,119.0,16.591264691957203
30.0,120.0,17.1937592146888
30.0,121.0,17.797089275520822
30.0,122.0,18.399569032787507
30.0,123.0,18.99952413655905
30.0,124.0,19.595314042206372
30.0,125.0,20.18535354521968
30.0,126.0,20.768132192456616
30.0,127.0,21.34223168712392
30.0,128.0,21.906340187070388
30.0,129.0,22.45926389947111
30.0,130.0,22.999935177582213
30.0,131.0,23.527417819256797
30.0,132.0,24.040909045524973
30.0,133.0,24.539739084584532
30.0,134.0,25.023368017285172
30.0,135.0,25.491380926483462
30.0,136.0,25.943481074980635
30.0,137.0,26.379482168828726
30.0,138.0,26.799299411697728
30.0,139.0,27.20294035047803
30.0,140.0,27.590495147613495
30.0,141.0,27.96212718969723
30.0,142.0,28.3180635806578
30.0,143.0,28.65858633377
30.0,144.0,28.984023730150447
30.0,145.0,29.294742575433357
30.0,146.0,29.59114075984519
30.0,147.0,29.87364079044383
30.0,148.0,30.1426836593922
30.0,149.0,30.398723673607208
30.0,150.0,30.642223587165233
30.0,151.0,30.873650634337913
30.0,152.0,31.09347279671398
30.0,153.0,31.302155886246148
30.0,154.0,31.500160779840588
30.0,155.0,31.68794137857473
30.0,156.0,31.86594263565561
30.0,157.0,32.03459922149441
30.0,158.0,32.19433418206624
30.0,159.0,32.345558156002774
30.0,160.0,32.48866852034939
30.0,161.0,32.624049027851505
30.0,162.0,32.75206932003315
30.0,163.0,32.873084875869864
30.0,164.0,32.987436794589634
30.0,165.0,33.09545196845153
30.0,166.0,33.197443057947524
30.0,167.0,33.293708820284124
30.0,168.0,33.38453421704272
30.0,169.0,33.47019084584179
30.0,170.0,33.550937134904494
30.0,171.0,33.627018838360115
30.0,172.0,33.698669283800506
30.0,173.0,33.76610990207704
30.0,174.0,33.829550503172044
30.0,175.0,33.889189819559384
30.0,176.0,33.94521579297912
30.0,177.0,33.99780611685871
30.0,178.0,34.04712852224789
30.0,179.0,34.09334130981219
30.0,180.0,34.13659362760616
30.0,181.0,34.17702598707138
30.0,182.0,34.21477052879277
30.0,183.0,34.24995152002445
30.0,184.0,34.28268560732444
30.0,185.0,34.31308229560531
30.0,186.0,34.34124418875944
30.0,187.0,34.3672674522428
30.0,188.0,34.39124204461425
30.0,189.0,34.413252167307434
30.0,190.0,34.433376491477865
30.0,191.0,34.451688599929234
30.0,192.0,34.46825721478369
30.0,193.0,34.48314663745369
30.0,194.0,34.49641698332382
30.0,195.0,34.5081246260462
30.0,196.0,34.518322445437676
30.0,197.0,34.52706028195537
30.0,198.0,34.53438520303929
30.0,199.0,34.54034197200401
30.0,200.0,34.54497333565109
30.0,201.0,34.548320508515296
30.0,202.0,34.550423480247154
30.0,203.0,34.551321510720285
30.0,204.0,34.551053449069634
30.0,205.0,34.549658227383176
30.0,206.0,34.54717517439964
30.0,207.0,34.54364448574067
30.0,208.0,34.53910750494056
30.0,209.0,34.53360713779437
30.0,210.0,34.5271880636195
30.0,211.0,34.5198970529842
30.0,212.0,34.51178306621737
30.0,213.0,34.502897431396306
30.0,214.0,34.49329378926254
30.0,215.0,34.48302809593346
30.0,216.0,34.47215838701379
30.0,217.0,34.46074458935722
30.0,218.0,34.448848102834965
30.0,219.0,34.436531435890224
30.0,220.0,34.42385763682297
30.0,221.0,34.41088980193295
30.0,222.0,34.39769042015742
30.0,223.0,34.38432082970555
30.0,224.0,34.37084055956877
30.0,225.0,34.35730682088318
30.0,226.0,34.3437739287626
30.0,227.0,34.33029290416232
30.0,228.0,34.31691103966341
30.0,229.0,34.30367166037366
30.0,230.0,34.29061386517472
30.0,231.0,34.27777246101289
30.0,232.0,34.26517787758279
30.0,233.0,34.25285625881266
30.0,234.0,34.24082952314634
30.0,235.0,34.22911557603429
30.0,236.0,34.21772847420347
30.0,237.0,34.20667871524906
30.0,238.0,34.19597346200036
30.0,239.0,34.185616867564825
30.0,240.0,34.175610321645856
30.0,241.0,34.16595277757668
30.0,242.0,34.15664099208813
30.0,243.0,34.14766983113445
30.0,244.0,34.139032484820376
30.0,245.0,34.13072073848493
30.0,246.0,34.122725153276
30.0,247.0,34.115035296659414
30.0,248.0,34.10763988566708
30.0,249.0,34.100526976379925
30.0,250.0,34.09368407116106
30.0,251.0,34.08709826995467
30.0,252.0,34.08075634523777
30.0,253.0,34.074644859659585
30.0,254.0,34.06875021351397
30.0,255.0,34.06305873381934
30.0,256.0,34.05755669930208
30.0,257.0,34.05223040591183
30.0,258.0,34.04706617398641
30.0,259.0,34.04205039472871
30.0,260.0,34.03716952365823
30.0,261.0,34.03241011195672
30.0,262.0,34.02775878967057
30.0,263.0,34.02320228519472
30.0,264.0,34.01872740107325
30.0,265.0,34.01432102430885
30.0,266.0,34.00997009707
30.0,267.0,34.00566162002329
30.0,268.0,34.00138261981827
30.0,269.0,33.99712014725678
30.0,270.0,33.99286124309898
30.0,271.0,33.9885929326113
30.0,272.0,33.98430219101922
30.0,273.0,33.979975935811474
30.0,274.0,33.97560099305479
30.0,275.0,33.97116408877446
30.0,276.0,33.96665181734145
30.0,277.0,33.96205063329714
30.0,278.0,33.95734682312414
30.0,279.0,33.95252649903707
30.0,280.0,33.94757557565618
30.0,281.0,33.94247976754869
30.0,282.0,33.93722457264197
30.0,283.0,33.93179527567228
30.0,284.0,33.9261769406008
30.0,285.0,33.92035442260583
30.0,286.0,33.914312372292706
30.0,287.0,33.908035259436105
30.0,288.0,33.90150739237924
30.0,289.0,33.89471295735866
30.0,290.0,33.88763605711573
30.0,291.0,33.88026077024234
30.0,292.0,33.87257121357835
30.0,293.0,33.8645516264713
30.0,294.0,33.85618646183766
30.0,295.0,33.847460500319244
30.0,296.0,33.83835897468052
30.0,297.0,33.82886771825227
30.0,298.0,33.818973326249406
30.0,299.0,33.80866334119182
30.0,300.0,33.79792645228362
30.0,301.0,33.786752717187504
30.0,302.0,33.7751337962973
30.0,303.0,33.76306320483892
30.0,304.0,33.75053657230368
30.0,305.0,33.73755191112363
30.0,306.0,33.72410988272487
30.0,307.0,33.71021405933377
30.0,308.0,33.69587116786625
30.0,309.0,33.68109131112713
30.0,310.0,33.665888151072515
30.0,311.0,33.650279047445565
30.0,312.0,33.634285136161886
30.0,313.0,33.617931341131445
30.0,314.0,33.60124630575356
30.0,315.0,33.58426224135071
30.0,316.0,33.56701468348281
30.0,317.0,33.54954216036668
30.0,318.0,33.53188577147747
30.0,319.0,33.51408868982558
30.0,320.0,33.496195593790794
30.0,321.0,33.47825205125708
30.0,322.0,33.46030386767642
30.0,323.0,33.4423964272383
30.0,324.0,33.42457403990996
30.0,325.0,33.40687932521462
30.0,326.0,33.38935264098543
30.0,327.0,33.372031584920094
30.0,328.0,33.35495056801795
30.0,329.0,33.33814048189255
30.0,330.0,33.3216284477914
30.0,331.0,33.30543766351044
30.0,332.0,33.289587325399324
30.0,333.0,33.274092638214476
30.0,334.0,33.25896488173636
30.0,335.0,33.244211546939994
30.0,336.0,33.229836505109304
30.0,337.0,33.21584022601878
30.0,338.0,33.20222000517508
30.0,339.0,33.18897022198795
30.0,340.0,33.17608258653887
30.0,341.0,33.16354640392994
30.0,342.0,33.151348811641284
30.0,343.0,33.13947502653319
30.0,344.0,33.12790855408189
30.0,345.0,33.116631404195815
30.0,346.0,33.105624262413954
30.0,347.0,33.09486666841891
30.0,348.0,33.084337145836244
30.0,349.0,33.07401334273048
30.0,350.0,33.06387212094735
30.0,351.0,33.05388966119752
30.0,352.0,33.04404151532826
30.0,353.0,33.03430268031316
30.0,354.0,33.024647617937404
30.0,355.0,33.0150503026273
30.0,356.0,33.00548421326116
30.0,357.0,32.99592235972068
30.0,358.0,32.986337251274804
30.0,359.0,32.97670090633766
30.0,360.0,32.96698480138473
30.0,361.0,32.957159867879774
30.0,362.0,32.9471964251486
30.0,363.0,32.93706416793111
30.0,364.0,32.92673208616849
30.0,365.0,32.91616844623207
30.0,366.0,32.90534070024128
30.0,367.0,32.89421546377061
30.0,368.0,32.882758417149574
30.0,369.0,32.870934282385825
30.0,370.0,32.85870671893459
30.0,371.0,32.84603830272772
30.0,372.0,32.832890419164514
30.0,373.0,32.81922324753133
30.0,374.0,32.80499565448925
30.0,375.0,32.79016518783929
30.0,376.0,32.774687974601676
30.0,377.0,32.75851872906825
30.0,378.0,32.74161066072617
30.0,379.0,32.723915502887685
30.0,380.0,32.7053834372557
30.0,381.0,32.685963151178306
30.0,382.0,32.665601787628376
30.0,383.0,32.644245041333654
30.0,384.0,32.621837145372886
30.0,385.0,32.598321019088836
30.0,386.0,32.573638305371006
30.0,387.0,32.547729586314055
30.0,388.0,32.52053448845733
30.0,389.0,32.49199198543515
30.0,390.0,32.46204059172357
30.0,391.0,32.43061877468253
30.0,392.0,32.39766526022958
30.0,393.0,32.36311957904725
30.0,394.0,32.32692250922201
30.0,395.0,32.28901678192303
30.0,396.0,32.249347685103935
30.0,397.0,32.20786395107321
30.0,398.0,32.16451853999861
30.0,399.0,32.11926972335572
30.0,400.0,32.07208205383784
30.0,401.0,32.022927642169286
30.0,402.0,31.971787298560997
30.0,403.0,31.918651973428098
30.0,404.0,31.863524022797392
30.0,405.0,31.80641874491512
30.0,406.0,31.747365678067936
30.0,407.0,31.6864101166901
30.0,408.0,31.623614298946976
30.0,409.0,31.559058734568264
30.0,410.0,31.49284309126677
30.0,411.0,31.425087125526705
30.0,412.0,31.355931048123967
30.0,413.0,31.28553583774088
30.0,414.0,31.214082877183856
30.0,415.0,31.14177346819799
30.0,416.0,31.068827598755604
30.0,417.0,30.995482577323138
30.0,418.0,30.92199092056376
30.0,419.0,30.84861817795396
30.0,420.0,30.775640096833104
30.0,421.0,30.703339879080424
30.0,422.0,30.632004940923316
30.0,423.0,30.561923979459333
30.0,424.0,30.493383743626293
30.0,425.0,30.42666634055086
30.0,426.0,30.36204643430427
30.0,427.0,30.299789170258983
30.0,428.0,30.240148119704415
30.0,429.0,30.183364064717306
30.0,430.0,30.12966384667618
30.0,431.0,30.079260083737513
30.0,432.0,30.032350914143276
30.0,433.0,29.98912056615141
30.0,434.0,29.949739858507826
30.0,435.0,29.91436744320315
30.0,436.0,29.883150857149285
30.0,437.0,29.856228220033127
30.0,438.0,29.833729620350766
30.0,439.0,29.815779062381036
30.0,440.0,29.802495998969878
30.0,441.0,29.793997363024612
30.0,442.0,29.790399108130863
30.0,443.0,29.791818211706296
30.0,444.0,29.798374136025352
30.0,445.0,29.810190738860676
30.0,446.0,29.827397611762198
30.0,447.0,29.85013187281453
30.0,448.0,29.878539371996208
30.0,449.0,29.91277636777506
30.0,450.0,29.95301061096004
30.0,451.0,29.999422923358267
30.0,452.0,30.052208183618486
30.0,453.0,30.11157683440162
30.0,454.0,30.177755798776293
30.0,455.0,30.250989944744667
30.0,456.0,30.331542961052335
30.0,457.0,30.41969880648114
30.0,458.0,30.515762571208388
30.0,459.0,30.620061934459528
30.0,460.0,30.732948032935116
30.0,461.0,30.85479694507573
30.0,462.0,30.98601058218796
30.0,463.0,31.12701821110995
30.0,464.0,31.278277376713053
30.0,465.0,31.44027546720064
30.0,466.0,31.613530668521424
30.0,467.0,31.798593567635482
30.0,468.0,31.996048129677717
30.0,469.0,32.20651332380306
30.0,470.0,32.43064410210165
30.0,471.0,32.66913301941036
30.0,472.0,32.92271117823129
30.0,473.0,33.192149797303315
30.0,474.0,33.478261068156215
30.0,475.0,33.78189960623068
30.0,476.0,34.10396314108459
30.0,477.0,34.44539375723083
30.0,478.0,34.807178310136486
30.0,479.0,35.19034933040823
30.0,480.0,35.595985020270895
30.0,481.0,36.025209652982774
30.0,482.0,36.47919295824919
30.0,483.0,36.95914979776915
30.0,484.0,37.46633869228558
30.0,485.0,38.002060493623965
30.0,486.0,38.56765574108079
30.0,487.0,39.16450198132385
30.0,488.0,39.7940095698019
30.0,489.0,40.45761721613293
30.0,490.0,41.156785772768956
30.0,491.0,41.89299151297597
30.0,492.0,42.66771738503492
30.0,493.0,43.48244347712624
30.0,494.0,44.338635179661594
30.0,495.0,45.23773028003711
30.0,496.0,46.181123497546004
30.0,497.0,47.17014971638589
30.0,498.0,48.20606447860267
30.0,499.0,49.29002305359943
30.0,500.0,50.42305674760648
30.0,501.0,51.606047878651246
30.0,502.0,52.839702243171814
30.0,503.0,54.1245206702972
30.0,504.0,55.460768721017565
30.0,505.0,56.84844636066642
30.0,506.0,58.28725695216442
30.0,507.0,59.77657767085219
30.0,508.0,61.31543100020044
30.0,509.0,62.902459665920624
30.0,510.0,64.53590492609557
30.0,511.0,66.21359072185547
30.0,512.0,67.93291370155886
30.0,513.0,69.69084154196746
30.0,514.0,71.48391939499729
30.0,515.0,73.3082864733531
30.0,516.0,75.15970207070185
30.0,517.0,77.0335822711797
30.0,518.0,78.92504580817067
30.0,519.0,80.82896934087978
30.0,520.0,82.74004966646993
30.0,521.0,84.65287218401274
30.0,522.0,86.56198238393841
30.0,523.0,88.46195907528912
30.0,524.0,90.34748586332631
30.0,525.0,92.21341955082096
30.0,526.0,94.05485231440304
30.0,527.0,95.8671668553273
30.0,528.0,97.6460821977392
30.0,529.0,99.38769020825407
30.0,530.0,101.08848152959025
30.0,531.0,102.74536191069183
30.0,532.0,104.3556585390846
30.0,533.0,105.91711803900066
30.0,534.0,107.42789635095559
30.0,535.0,108.88654248938758
30.0,536.0,110.29197665509608
30.0,537.0,111.64346470338958
30.0,538.0,112.94058942561398
30.0,539.0,114.18322042167362
30.0,540.0,115.37148283869075
30.0,541.0,116.50572642093734
30.0,542.0,117.58649490961791
30.0,543.0,118.61449689003352
30.0,544.0,119.59057790915597
30.0,545.0,120.51569465420151
30.0,546.0,121.39089085817584
30.0,547.0,122.21727547868497
30.0,548.0,122.99600272654682
30.0,549.0,123.72825430858755
30.0,550.0,124.41522343214923
30.0,551.0,125.05810080489238
30.0,552.0,125.65806219504807
30.0,553.0,126.21625769161649
30.0,554.0,126.73380227956882
30.0,555.0,127.21176779898796
30.0,556.0,127.6511759733353
30.0,557.0,128.05299251848479
30.0,558.0,128.418122099182
30.0,559.0,128.74740409342488
30.0,560.0,129.04160901828283
30.0,561.0,129.3014355281951
30.0,562.0,129.52750792788123
30.0,563.0,129.72037406065274
30.0,564.0,129.88050360264725
30.0,565.0,130.008286571599
30.0,566.0,130.10403216792534
30.0,567.0,130.16796770237977
30.0,568.0,130.2002378139494
30.0,569.0,130.2009036759527
30.0,570.0,130.16994247871213
30.0,571.0,130.10724682908344
30.0,572.0,130.01262443909
30.0,573.0,129.88579768559853
30.0,574.0,129.72640349682726
30.0,575.0,129.53399308939316
30.0,576.0,129.30803209544132
30.0,577.0,129.04790054626824
30.0,578.0,128.75289333648902
30.0,579.0,128.42222057960257
30.0,580.0,128.05500856477374
30.0,581.0,127.65030067259282
30.0,582.0,127.2070590470516
30.0,583.0,126.7241663314184
30.0,584.0,126.2004283544644
30.0,585.0,125.634577027863
30.0,586.0,125.02527443189051
30.0,587.0,124.37111730617875
30.0,588.0,123.67064301363328
30.0,589.0,122.92233615149189
30.0,590.0,122.12463696643502
30.0,591.0,121.27595070306971
30.0,592.0,120.3746591247628
30.0,593.0,119.41913328397611
30.0,594.0,118.4077488489761
30.0,595.0,117.33890299543553
30.0,596.0,116.21103421242593
30.0,597.0,115.02264393334968
30.0,598.0,113.77232134362129
30.0,599.0,112.45877013181645
30.0,600.0,111.08083848015814
30.0,601.0,109.63755085333366
30.0,602.0,108.12814275009681
30.0,603.0,106.5520966909058
30.0,604.0,104.9091803901894
30.0,605.0,103.19948502237332
30.0,606.0,101.42346424137783
30.0,607.0,99.58197144767914
30.0,608.0,97.6762956476065
30.0,609.0,95.70819300271677
30.0,610.0,93.67991416656457
30.0,611.0,91.59422424679437
30.0,612.0,89.4544154469945
30.0,613.0,87.26430925066087
30.0,614.0,85.02824850914891
30.0,615.0,82.75107673117222
30.0,616.0,80.43810567945626
30.0,617.0,78.09506944215407
30.0,618.0,75.72806720738627
30.0,619.0,73.34349406275842
30.0,620.0,70.94796330449589
30.0,621.0,68.54822068936805
30.0,622.0,66.15105512310404
30.0,623.0,63.76320689402341
30.0,624.0,61.39127835127432
30.0,625.0,59.04164810546062
30.0,626.0,56.72039330702704
30.0,627.0,54.43322034278212
30.0,628.0,52.18540755846342
30.0,629.0,49.9817591746607
30.0,630.0,47.82657280918006
30.0,631.0,45.72361855734797
30.0,632.0,43.67613098183029
30.0,633.0,41.68681103209154
30.0,634.0,39.75783856230284
30.0,635.0,37.89089197160621
30.0,636.0,36.0871753887162
30.0,637.0,34.34744983972519
30.0,638.0,32.672068924163554
30.0,639.0,31.061015637934677
30.0,640.0,29.513941175232937
30.0,641.0,28.030202684687815
30.0,642.0,26.608901186024486
30.0,643.0,25.2489169785048
30.0,644.0,23.948944094840012
30.0,645.0,22.707521437619793
30.0,646.0,21.523062425642888
30.0,647.0,20.393881015359575
30.0,648.0,19.318216113306406
30.0,649.0,18.29425239573242
30.0,650.0,17.32013966350518
30.0,651.0,16.39400883651713
30.0,652.0,15.51398676876897
30.0,653.0,14.678208031524965
30.0,654.0,13.884825857572357
30.0,655.0,13.13202040892869
30.0,656.0,12.418006546653348
30.0,657.0,11.741039264801058
30.0,658.0,11.099418937634027
30.0,659.0,10.491494535632336
30.0,660.0,9.915666922126924
30.0,661.0,9.370390379167924
30.0,662.0,8.854174433945389
30.0,663.0,8.365584130333946
30.0,664.0,7.903240775663688
30.0,665.0,7.465821307788829
30.0,666.0,7.052058271821318
30.0,667.0,6.660738557257984
30.0,668.0,6.290702845005682
30.0,669.0,5.940843925862215
30.0,670.0,5.610105800923522
30.0,671.0,5.297481741178466
30.0,672.0,5.0020131783038435
30.0,673.0,4.722787624065413
30.0,674.0,4.458937452128921
30.0,675.0,4.2096377638050475
30.0,676.0,3.9741051332460433
30.0,677.0,3.751595481261836
30.0,678.0,3.541402834619496
30.0,679.0,3.3428572507595327
30.0,680.0,3.1553236255317527
30.0,681.0,2.9781996974195715
30.0,682.0,2.810914925800467
30.0,683.0,2.6529285927150057
30.0,684.0,2.503728764705599
30.0,685.0,2.3628305024130274
30.0,686.0,2.229774912478592
30.0,687.0,2.104127469650667
30.0,688.0,1.9854771605433876
30.0,689.0,1.8734349189675472
30.0,690.0,1.7676328600629578
30.0,691.0,1.6677228268260682
30.0,692.0,1.5733757109162105
30.0,693.0,1.4842801065235633
30.0,694.0,1.4001417127173537
30.0,695.0,1.320682089642422
30.0,696.0,1.245638136420591
30.0,697.0,1.1747609439995417
30.0,698.0,1.1078153421780166
30.0,699.0,1.0445788431188623
30.0,700.0,0.984841250924551
30.0,701.0,0.928403689763203
30.0,702.0,0.8750782694831278
30.0,703.0,0.8246871924087683
30.0,704.0,0.7770624686846198
30.0,705.0,0.7320450960197004
30.0,706.0,0.6894848187427758
30.0,707.0,0.6492393750667881
30.0,708.0,0.6111742941825148
30.0,709.0,0.575162205947476
30.0,710.0,0.541082670717732
30.0,711.0,0.5088215467169047
30.0,712.0,0.4782708476869884
30.0,713.0,0.449328163546525
30.0,714.0,0.42189654131791404
30.0,715.0,0.39588395502854024
30.0,716.0,0.37120320573512466
30.0,717.0,0.34777143695036256
30.0,718.0,0.32551004992841337
30.0,719.0,0.30434426120761787
30.0,720.0,0.284203029641574
30.0,721.0,0.2650186529329021
30.0,722.0,0.24672670318939055
30.0,723.0,0.22926565958304362
30.0,724.0,0.21257684947953445
30.0,725.0,0.19660411459031915
30.0,726.0,0.18129375496590402
30.0,727.0,0.16659422621668982
30.0,728.0,0.15245608387666648
30.0,729.0,0.13883170945130952
30.0,730.0,0.1256752528488969
30.0,731.0,0.1129423851719004
30.0,732.0,0.10059023707898783
30.0,733.0,0.08857717637073251
30.0,734.0,0.07686274028740067
30.0,735.0,0.06540743605126008
30.0,736.0,0.05417266522432625
30.0,737.0,0.04312054545886495
30.0,738.0,0.032213825136188166
30.0,739.0,0.021415724644796946
30.0,740.0,0.010689839596780519
30.0,741.0,0.0
31.0,0.0,0.0
31.0,1.0,0.002730712544715909
31.0,2.0,0.005470634435880544
31.0,3.0,0.008229004839885574
31.0,4.0,0.011015126775364408
31.0,5.0,0.013838393129920771
31.0,6.0,0.016708325314053047
31.0,7.0,0.019634595888777622
31.0,8.0,0.022627072255673102
31.0,9.0,0.025695836319610702
31.0,10.0,0.028851233639773877
31.0,11.0,0.03210389056702488
31.0,12.0,0.0354647692963315
31.0,13.0,0.03894518293894391
31.0,14.0,0.042556856937563725
31.0,15.0,0.04631194255962458
31.0,16.0,0.05022308516291075
31.0,17.0,0.05430343662799874
31.0,18.0,0.05856673099403564
31.0,19.0,0.0630272963859918
31.0,20.0,0.0677001385781132
31.0,21.0,0.0726009530152426
31.0,22.0,0.07774621690522812
31.0,23.0,0.08315320198335753
31.0,24.0,0.0888400757848696
31.0,25.0,0.0948259158576333
31.0,26.0,0.10113082092193973
31.0,27.0,0.10777592729898361
31.0,28.0,0.11478353072727918
31.0,29.0,0.12217710584317178
31.0,30.0,0.12998143949132945
31.0,31.0,0.1382226541681394
31.0,32.0,0.14692835373735028
31.0,33.0,0.15612765182721966
31.0,34.0,0.16585133094075877
31.0,35.0,0.17613187688192197
31.0,36.0,0.18700365233180288
31.0,37.0,0.1985029384664747
31.0,38.0,0.21066812415403036
31.0,39.0,0.22353975601461387
31.0,40.0,0.23716074447563823
31.0,41.0,0.2515764236098008
31.0,42.0,0.2668347753632194
31.0,43.0,0.2829865005851401
31.0,44.0,0.3000852628106032
31.0,45.0,0.31818777195965275
31.0,46.0,0.3373540491048902
31.0,47.0,0.3576475243594018
31.0,48.0,0.3791353240798289
31.0,49.0,0.4018883844689103
31.0,50.0,0.4259817626425296
31.0,51.0,0.4514947674285435
31.0,52.0,0.4785112956429846
31.0,53.0,0.5071199814501602
31.0,54.0,0.5374145590239788
31.0,55.0,0.5694940316166399
31.0,56.0,0.6034630614932076
31.0,57.0,0.6394321595000905
31.0,58.0,0.6775181027116677
31.0,59.0,0.7178441447462655
31.0,60.0,0.7605404608971315
31.0,61.0,0.8057443786493641
31.0,62.0,0.8536008491118873
31.0,63.0,0.904262696062276
31.0,64.0,0.9578911111595021
31.0,65.0,1.0146559182809372
31.0,66.0,1.0747360881607282
31.0,67.0,1.1383200126534903
31.0,68.0,1.2056060319638968
31.0,69.0,1.2768027106117756
31.0,70.0,1.3521293671143126
31.0,71.0,1.431816339638296
31.0,72.0,1.5161055036489077
31.0,73.0,1.6052505102789905
31.0,74.0,1.6995172718110814
31.0,75.0,1.7991841493964345
31.0,76.0,1.904542379000178
31.0,77.0,2.0158961769636496
31.0,78.0,2.133563069910426
31.0,79.0,2.2578738764619453
31.0,80.0,2.389172893288015
31.0,81.0,2.527817698802993
31.0,82.0,2.674179133847149
31.0,83.0,2.8286408582896074
31.0,84.0,2.991599048745283
31.0,85.0,3.1634616218533593
31.0,86.0,3.344647553350457
31.0,87.0,3.535585663050858
31.0,88.0,3.7367134405539995
31.0,89.0,3.9484752681402493
31.0,90.0,4.171320620490997
31.0,91.0,4.4057015856481385
31.0,92.0,4.652070293041984
31.0,93.0,4.910875584024854
31.0,94.0,5.182559520072803
31.0,95.0,5.467553060321402
31.0,96.0,5.766271518551754
31.0,97.0,6.079109135584539
31.0,98.0,6.406433400917992
31.0,99.0,6.7485784753105404
31.0,100.0,7.1058383840662716
31.0,101.0,7.478459363216144
31.0,102.0,7.86663207928006
31.0,103.0,8.270483151968655
31.0,104.0,8.690066766930014
31.0,105.0,9.125355870213268
31.0,106.0,9.576233809217452
31.0,107.0,10.042485981636121
31.0,108.0,10.523792434448998
31.0,109.0,11.01972103583914
31.0,110.0,11.529722218540613
31.0,111.0,12.053124945971852
31.0,112.0,12.589134907988944
31.0,113.0,13.136834564951252
31.0,114.0,13.695185980621579
31.0,115.0,14.263035947425942
31.0,116.0,14.839124191229457
31.0,117.0,15.422093961796081
31.0,118.0,16.01050557176628
31.0,119.0,16.6028519443186
31.0,120.0,17.1975764876289
31.0,121.0,17.793092126274903
31.0,122.0,18.387801615749748
31.0,123.0,18.980117830277962
31.0,124.0,19.568484077159933
31.0,125.0,20.15139312785603
31.0,126.0,20.727405091937364
31.0,127.0,21.2951629641016
31.0,128.0,21.853406162298548
31.0,129.0,22.40098111720949
31.0,130.0,22.936849475820207
31.0,131.0,23.460093225351564
31.0,132.0,23.969917524596088
31.0,133.0,24.465650746286855
31.0,134.0,24.946742670913544
31.0,135.0,25.41276045076809
31.0,136.0,25.86338335096584
31.0,137.0,26.298395918855864
31.0,138.0,26.717680580278454
31.0,139.0,27.121209285550982
31.0,140.0,27.509035147254124
31.0,141.0,27.881283631247555
31.0,142.0,28.23814416580238
31.0,143.0,28.579861660324653
31.0,144.0,28.906728721026262
31.0,145.0,29.2190779925527
31.0,146.0,29.51727534667395
31.0,147.0,29.80171329969067
31.0,148.0,30.0728053289473
31.0,149.0,30.330980439376965
31.0,150.0,30.576678614806298
31.0,151.0,30.810346488919265
31.0,152.0,31.032433847197996
31.0,153.0,31.243390290113286
31.0,154.0,31.443662654293664
31.0,155.0,31.63369252532689
31.0,156.0,31.813914430013735
31.0,157.0,31.98475405025563
31.0,158.0,32.146627040692124
31.0,159.0,32.29993780380159
31.0,160.0,32.44507880032385
31.0,161.0,32.582429761787644
31.0,162.0,32.71235737904754
31.0,163.0,32.835214847294736
31.0,164.0,32.951341837118804
31.0,165.0,33.061064285844054
31.0,166.0,33.1646945736634
31.0,167.0,33.26253149235938
31.0,168.0,33.35486056521058
31.0,169.0,33.441954139137195
31.0,170.0,33.524071800872804
31.0,171.0,33.601460551163626
31.0,172.0,33.67435528113725
31.0,173.0,33.74297899750828
31.0,174.0,33.80754333236951
31.0,175.0,33.86824879667681
31.0,176.0,33.925285304132366
31.0,177.0,33.978832436849345
31.0,178.0,34.02905996990562
31.0,179.0,34.0761281383336
31.0,180.0,34.120188153593965
31.0,181.0,34.16138246517958
31.0,182.0,34.199845263954764
31.0,183.0,34.235702734945676
31.0,184.0,34.269073545429414
31.0,185.0,34.300069088101296
31.0,186.0,34.32879395414988
31.0,187.0,34.35534616808722
31.0,188.0,34.37981764792715
31.0,189.0,34.40229443462599
31.0,190.0,34.42285714294859
31.0,191.0,34.44158118971772
31.0,192.0,34.45853723999233
31.0,193.0,34.47379143911162
31.0,194.0,34.487405859328284
31.0,195.0,34.49943874081728
31.0,196.0,34.50994494371602
31.0,197.0,34.518976202613
31.0,198.0,34.52658158776499
31.0,199.0,34.53280777576642
31.0,200.0,34.537699521192486
31.0,201.0,34.541299942816835
31.0,202.0,34.54365100272669
31.0,203.0,34.544793802317336
31.0,204.0,34.544769059855376
31.0,205.0,34.543617403509586
31.0,206.0,34.54137983061053
31.0,207.0,34.53809797669512
31.0,208.0,34.53381453122399
31.0,209.0,34.52857345336952
31.0,210.0,34.52242031154437
31.0,211.0,34.515402410779565
31.0,212.0,34.50756901985377
31.0,213.0,34.498971374658026
31.0,214.0,34.489662760151504
31.0,215.0,34.479698362028884
31.0,216.0,34.4691351834994
31.0,217.0,34.458031735175275
31.0,218.0,34.44644778865595
31.0,219.0,34.43444391995448
31.0,220.0,34.42208112924807
31.0,221.0,34.40942028066129
31.0,222.0,34.39652164308971
31.0,223.0,34.38344429062065
31.0,224.0,34.3702456348325
31.0,225.0,34.356980858227914
31.0,226.0,34.343702508346915
31.0,227.0,34.3304600283551
31.0,228.0,34.31729946768347
31.0,229.0,34.30426315231388
31.0,230.0,34.291389540983936
31.0,231.0,34.2787130500712
31.0,232.0,34.26626405689297
31.0,233.0,34.25406886855388
31.0,234.0,34.24214985175608
31.0,235.0,34.230525517235016
31.0,236.0,34.21921074259658
31.0,237.0,34.208216935910244
31.0,238.0,34.197552314529005
31.0,239.0,34.18722211172673
31.0,240.0,34.17722887790063
31.0,241.0,34.16757269989789
31.0,242.0,34.15825149829708
31.0,243.0,34.14926123720274
31.0,244.0,34.14059619969238
31.0,245.0,34.13224917404319
31.0,246.0,34.124211697084284
31.0,247.0,34.11647420971836
31.0,248.0,34.109026263945495
31.0,249.0,34.10185664565044
31.0,250.0,34.09495354526988
31.0,251.0,34.08830464917236
31.0,252.0,34.08189727653011
31.0,253.0,34.075718442533095
31.0,254.0,34.069754965366506
31.0,255.0,34.06399350536092
31.0,256.0,34.05842064644975
31.0,257.0,34.053022915523385
31.0,258.0,34.047786842672124
31.0,259.0,34.04269896476905
31.0,260.0,34.03774586843808
31.0,261.0,34.03291418144351
31.0,262.0,34.02819060182884
31.0,263.0,34.02356188017595
31.0,264.0,34.01901483784572
31.0,265.0,34.01453634267029
31.0,266.0,34.01011331875431
31.0,267.0,34.005732717726744
31.0,268.0,34.00138152216553
31.0,269.0,33.99704671418468
31.0,270.0,33.992715274241476
31.0,271.0,33.98837414858003
31.0,272.0,33.98401024497522
31.0,273.0,33.97961040039883
31.0,274.0,33.9751613751494
31.0,275.0,33.9706498220523
31.0,276.0,33.966062280419514
31.0,277.0,33.96138514814032
31.0,278.0,33.95660467700997
31.0,279.0,33.95170694921252
31.0,280.0,33.94667787575255
31.0,281.0,33.941503179075816
31.0,282.0,33.93616839663122
31.0,283.0,33.93065887171543
31.0,284.0,33.924959764577146
31.0,285.0,33.91905605399764
31.0,286.0,33.912932558810276
31.0,287.0,33.9065739532162
31.0,288.0,33.89996480209494
31.0,289.0,33.89308959355627
31.0,290.0,33.885932791898796
31.0,291.0,33.87847889133189
31.0,292.0,33.87071249079123
31.0,293.0,33.86261837299241
31.0,294.0,33.854181605366094
31.0,295.0,33.84538764842217
31.0,296.0,33.836222486578045
31.0,297.0,33.826672768932646
31.0,298.0,33.81672597240368
31.0,299.0,33.80637057607604
31.0,300.0,33.79559625645491
31.0,301.0,33.784394093173994
31.0,302.0,33.77275679194449
31.0,303.0,33.76067891427522
31.0,304.0,33.748157117647374
31.0,305.0,33.73519039497172
31.0,306.0,33.72178031384016
31.0,307.0,33.70793124322823
31.0,308.0,33.693650565255645
31.0,309.0,33.678948858473966
31.0,310.0,33.6638400482397
31.0,311.0,33.648341510130514
31.0,312.0,33.632474121555084
31.0,313.0,33.61626224848096
31.0,314.0,33.59973366442713
31.0,315.0,33.58291939169497
31.0,316.0,33.56585346674551
31.0,317.0,33.54857262481238
31.0,318.0,33.531115912732275
31.0,319.0,33.51352423129883
31.0,320.0,33.4958398240703
31.0,321.0,33.4781057194009
31.0,322.0,33.460365149366936
31.0,323.0,33.44266095494321
31.0,324.0,33.42503500475053
31.0,325.0,33.40752763500216
31.0,326.0,33.39017713777098
31.0,327.0,33.37301929915533
31.0,328.0,33.35608701119325
31.0,329.0,33.33940995014715
31.0,330.0,33.323014340566736
31.0,331.0,33.30692278799585
31.0,332.0,33.29115419622058
31.0,333.0,33.275723743203734
31.0,334.0,33.26064293047905
31.0,335.0,33.24591967341272
31.0,336.0,33.23155844884001
31.0,337.0,33.217560462727086
31.0,338.0,33.203923858615845
31.0,339.0,33.19064392610245
31.0,340.0,33.177713336127624
31.0,341.0,33.165122359468164
31.0,342.0,33.152859102232014
31.0,343.0,33.14090971171236
31.0,344.0,33.1292585938603
31.0,345.0,33.117888592055344
31.0,346.0,33.106781176004866
31.0,347.0,33.095916585902025
31.0,348.0,33.085273988252126
31.0,349.0,33.07483158301734
31.0,350.0,33.06456672610337
31.0,351.0,33.05445600047076
31.0,352.0,33.044475307637576
31.0,353.0,33.034599905682384
31.0,354.0,33.02480447350021
31.0,355.0,33.015063119523994
31.0,356.0,33.00534942299804
31.0,357.0,32.995636417466734
31.0,358.0,32.98589661333236
31.0,359.0,32.97610195999297
31.0,360.0,32.96622385368165
31.0,361.0,32.95623308179297
31.0,362.0,32.946099819634746
31.0,363.0,32.935793560109914
31.0,364.0,32.925283102668516
31.0,365.0,32.91453647120457
31.0,366.0,32.90352089825169
31.0,367.0,32.89220273377416
31.0,368.0,32.880547427555946
31.0,369.0,32.86851943155498
31.0,370.0,32.856082183527725
31.0,371.0,32.84319800580889
31.0,372.0,32.82982809352468
31.0,373.0,32.815932413086685
31.0,374.0,32.80146969890727
31.0,375.0,32.78639735558903
31.0,376.0,32.770671467898204
31.0,377.0,32.754246711624546
31.0,378.0,32.737076382728645
31.0,379.0,32.71911232317552
31.0,380.0,32.700304976682496
31.0,381.0,32.680603337522264
31.0,382.0,32.65995504218069
31.0,383.0,32.63830635119241
31.0,384.0,32.6156022882666
31.0,385.0,32.5917866676315
31.0,386.0,32.566802294742004
31.0,387.0,32.54059105426835
31.0,388.0,32.5130941892089
31.0,389.0,32.48425246734341
31.0,390.0,32.45400655813427
31.0,391.0,32.42229729777065
31.0,392.0,32.38906618512515
31.0,393.0,32.35425576677188
31.0,394.0,32.31781027363631
31.0,395.0,32.27967614655782
31.0,396.0,32.23980283291197
31.0,397.0,32.198143468983105
31.0,398.0,32.15465584912831
31.0,399.0,32.109303271637515
31.0,400.0,32.062055680039194
31.0,401.0,32.01289066231646
31.0,402.0,31.96179474289195
31.0,403.0,31.908764499492356
31.0,404.0,31.853807954174396
31.0,405.0,31.796945737590768
31.0,406.0,31.738212489104363
31.0,407.0,31.677657957227492
31.0,408.0,31.615348276863685
31.0,409.0,31.551366853964577
31.0,410.0,31.485815351390176
31.0,411.0,31.418814176971416
31.0,412.0,31.350502992189455
31.0,413.0,31.281040621170167
31.0,414.0,31.210604914110043
31.0,415.0,31.13939193492656
31.0,416.0,31.067615075769258
31.0,417.0,30.995503469661656
31.0,418.0,30.92330036291572
31.0,419.0,30.85126082669143
31.0,420.0,30.77964953157562
31.0,421.0,30.70873797008514
31.0,422.0,30.638801905937406
31.0,423.0,30.57011842741285
31.0,424.0,30.502963421853245
31.0,425.0,30.437608820840374
31.0,426.0,30.374320450655645
31.0,427.0,30.313355789630812
31.0,428.0,30.2549624676884
31.0,429.0,30.199376748771126
31.0,430.0,30.146822824711744
31.0,431.0,30.097512097988837
31.0,432.0,30.05164327812734
31.0,433.0,30.00940241287854
31.0,434.0,29.97096368526719
31.0,435.0,29.93649005312
31.0,436.0,29.906134580854687
31.0,437.0,29.880041507515738
31.0,438.0,29.858347930055455
31.0,439.0,29.841185122117317
31.0,440.0,29.828680403214843
31.0,441.0,29.820958559757432
31.0,442.0,29.81814377141876
31.0,443.0,29.820361026989676
31.0,444.0,29.8277380215287
31.0,445.0,29.84040650091463
31.0,446.0,29.858504081910933
31.0,447.0,29.88217549405371
31.0,448.0,29.91157430506146
31.0,449.0,29.94686405437238
31.0,450.0,29.98821988737263
31.0,451.0,30.035829591635263
31.0,452.0,30.089895156184298
31.0,453.0,30.150633730763403
31.0,454.0,30.21827913255389
31.0,455.0,30.29308275246069
31.0,456.0,30.375315033163275
31.0,457.0,30.46526634612016
31.0,458.0,30.563248463035904
31.0,459.0,30.669595424318825
31.0,460.0,30.784665022033213
31.0,461.0,30.90883967571362
31.0,462.0,31.042527939242937
31.0,463.0,31.186165393638348
31.0,464.0,31.340216183282966
31.0,465.0,31.505173927623183
31.0,466.0,31.68156328371073
31.0,467.0,31.869940869485806
31.0,468.0,32.07089683933837
31.0,469.0,32.285055800370785
31.0,470.0,32.51307837513873
31.0,471.0,32.755662078376616
31.0,472.0,33.01354282553051
31.0,473.0,33.28749572011171
31.0,474.0,33.57833644723675
31.0,475.0,33.886921900134055
31.0,476.0,34.21415137369158
31.0,477.0,34.5609669316731
31.0,478.0,34.928354285219484
31.0,479.0,35.31734276902406
31.0,480.0,35.72900575287989
31.0,481.0,36.16446005456309
31.0,482.0,36.624865688185935
31.0,483.0,37.11142449342697
31.0,484.0,37.625378972602356
31.0,485.0,38.1680098606519
31.0,486.0,38.740633744674824
31.0,487.0,39.34459923885623
31.0,488.0,39.98128301904778
31.0,489.0,40.65208420642838
31.0,490.0,41.35841839225267
31.0,491.0,42.10170978248115
31.0,492.0,42.88338274581245
31.0,493.0,43.70485124375942
31.0,494.0,44.567507427192666
31.0,495.0,45.47270789517872
31.0,496.0,46.42175891874761
31.0,497.0,47.41589916909491
31.0,498.0,48.45628129842335
31.0,499.0,49.543950993951285
31.0,500.0,50.67982493720739
31.0,501.0,51.86466641806834
31.0,502.0,53.09906016687476
31.0,503.0,54.38338533708292
31.0,504.0,55.71778838186205
31.0,505.0,57.10215498928518
31.0,506.0,58.53608303485268
31.0,507.0,60.01885597298813
31.0,508.0,61.54941883963381
31.0,509.0,63.12635651819017
31.0,510.0,64.74787658693889
31.0,511.0,66.41179652626002
31.0,512.0,68.1155375950807
31.0,513.0,69.85612508599095
31.0,514.0,71.63019702020154
31.0,515.0,73.4340206595864
31.0,516.0,75.2635183694506
31.0,517.0,77.11430161474959
31.0,518.0,78.98171386812123
31.0,519.0,80.86088046294248
31.0,520.0,82.74676534855422
31.0,521.0,84.63423208314546
31.0,522.0,86.5181083684412
31.0,523.0,88.39325105279302
31.0,524.0,90.25461063403633
31.0,525.0,92.09729222832901
31.0,526.0,93.9166122296427
31.0,527.0,95.70814811421003
31.0,528.0,97.46778118819427
31.0,529.0,99.19173050969853
31.0,530.0,100.87657852533185
31.0,531.0,102.51928748088497
31.0,532.0,104.11720782255176
31.0,533.0,105.66807832144653
31.0,534.0,107.17001958660339
31.0,535.0,108.62152110977146
31.0,536.0,110.02142367701823
31.0,537.0,111.36889743732341
31.0,538.0,112.6634173938577
31.0,539.0,113.90473655961443
31.0,540.0,115.09285831954354
31.0,541.0,116.22800808729517
31.0,542.0,117.31060550836295
31.0,543.0,118.34123711721436
31.0,544.0,119.32063040853306
31.0,545.0,120.24962907380926
31.0,546.0,121.12917010770437
31.0,547.0,121.96026242757256
31.0,548.0,122.7439675045172
31.0,549.0,123.4813815948349
31.0,550.0,124.17361991235495
31.0,551.0,124.82180232310591
31.0,552.0,125.42704078425423
31.0,553.0,125.99042813782911
31.0,554.0,126.51302839103298
31.0,555.0,126.99586814834784
31.0,556.0,127.43992925556215
31.0,557.0,127.84614239205759
31.0,558.0,128.21538161047062
31.0,559.0,128.54845964076088
31.0,560.0,128.84612390196168
31.0,561.0,129.10905312420587
31.0,562.0,129.3378544701255
31.0,563.0,129.53306114570498
31.0,564.0,129.69513033517885
31.0,565.0,129.8244415377964
31.0,566.0,129.92129508527958
31.0,567.0,129.9859110049954
31.0,568.0,130.01842795041924
31.0,569.0,130.01890245032092
31.0,570.0,129.9873081397331
31.0,571.0,129.9235353098459
31.0,572.0,129.82739038057912
31.0,573.0,129.6985957182804
31.0,574.0,129.5367893428176
31.0,575.0,129.3415250317968
31.0,576.0,129.11227230720192
31.0,577.0,128.84841689786504
31.0,578.0,128.54926110528496
31.0,579.0,128.21402475266333
31.0,580.0,127.84184608870783
31.0,581.0,127.43178341359126
31.0,582.0,126.98281674491206
31.0,583.0,126.49385037967683
31.0,584.0,125.96371561885617
31.0,585.0,125.39117459992381
31.0,586.0,124.7749244546581
31.0,587.0,124.11360282672906
31.0,588.0,123.40579391784833
31.0,589.0,122.65003618373682
31.0,590.0,121.84483079838752
31.0,591.0,120.98865208853692
31.0,592.0,120.07995900027328
31.0,593.0,119.11720886841205
31.0,594.0,118.09887248083925
31.0,595.0,117.02345175664581
31.0,596.0,115.88949893754126
31.0,597.0,114.6956386275718
31.0,598.0,113.44059145245319
31.0,599.0,112.12320064415873
31.0,600.0,110.74246014477583
31.0,601.0,109.29754544705708
31.0,602.0,107.78784552814119
31.0,603.0,106.21299693907378
31.0,604.0,104.57291810695173
31.0,605.0,102.86784469699344
31.0,606.0,101.0983637466686
31.0,607.0,99.26544717376238
31.0,608.0,97.37048202734219
31.0,609.0,95.41529787190169
31.0,610.0,93.40218841387232
31.0,611.0,91.33392768063136
31.0,612.0,89.21377779404972
31.0,613.0,87.04548881295403
31.0,614.0,84.83328791815931
31.0,615.0,82.58185890848927
31.0,616.0,80.29630986151828
31.0,617.0,77.98213074998218
31.0,618.0,75.64513973180141
31.0,619.0,73.29142092144687
31.0,620.0,70.92725330674925
31.0,621.0,68.55903457135854
31.0,622.0,66.19320022243608
31.0,623.0,63.83614237558532
31.0,624.0,61.49412885648693
31.0,625.0,59.17322700268978
31.0,626.0,56.87923250205019
31.0,627.0,54.617607122327655
31.0,628.0,52.3934248699273
31.0,629.0,50.21132954257123
31.0,630.0,48.075502204854196
31.0,631.0,45.989640597252674
31.0,632.0,43.95694808067127
31.0,633.0,41.98013336688527
31.0,634.0,40.06141799451123
31.0,635.0,38.20255236881788
31.0,636.0,36.40483703138388
31.0,637.0,34.669149875272765
31.0,638.0,32.99597597729835
31.0,639.0,31.385440904338505
31.0,640.0,29.837344363976
31.0,641.0,28.35119532863478
31.0,642.0,26.926245786166223
31.0,643.0,25.56152455149158
31.0,644.0,24.255868577116715
31.0,645.0,23.007953471796537
31.0,646.0,21.816320905727718
31.0,647.0,20.679404824956553
31.0,648.0,19.595554332650376
31.0,649.0,18.563055305955018
31.0,650.0,17.580148726022177
31.0,651.0,16.645047876284668
31.0,652.0,15.755952458376305
31.0,653.0,14.911061820640017
31.0,654.0,14.108585386058731
31.0,655.0,13.34675248147882
31.0,656.0,12.623819670606268
31.0,657.0,11.938077778059196
31.0,658.0,11.287856710728493
31.0,659.0,10.671530236187495
31.0,660.0,10.08751882334962
31.0,661.0,9.53429267047009
31.0,662.0,9.010373024402599
31.0,663.0,8.514333878151543
31.0,664.0,8.04480215183125
31.0,665.0,7.600458404733486
31.0,666.0,7.180036188730716
31.0,667.0,6.7823220511735505
31.0,668.0,6.406154307129576
31.0,669.0,6.050422549803308
31.0,670.0,5.714066033191819
31.0,671.0,5.396072856773758
31.0,672.0,5.095478104886801
31.0,673.0,4.811362831684834
31.0,674.0,4.542852066995832
31.0,675.0,4.289113694978416
31.0,676.0,4.049356407255096
31.0,677.0,3.822828543101493
31.0,678.0,3.608816048045303
31.0,679.0,3.406641323590144
31.0,680.0,3.2156612320667834
31.0,681.0,3.0352659887312394
31.0,682.0,2.864877240424883
31.0,683.0,2.703947021442082
31.0,684.0,2.5519559236264167
31.0,685.0,2.4084121288799962
31.0,686.0,2.272849680971905
31.0,687.0,2.144827601307607
31.0,688.0,2.023928267367431
31.0,689.0,1.9097566138462458
31.0,690.0,1.8019386188070623
31.0,691.0,1.7001205891227673
31.0,692.0,1.6039677527543137
31.0,693.0,1.5131636252516178
31.0,694.0,1.4274087047594572
31.0,695.0,1.346419914910085
31.0,696.0,1.2699293979999446
31.0,697.0,1.1976840287363746
31.0,698.0,1.1294443003431867
31.0,699.0,1.0649839031580668
31.0,700.0,1.0040886980840678
31.0,701.0,0.9465563538587961
31.0,702.0,0.8921954021726997
31.0,703.0,0.840824927459613
31.0,704.0,0.7922736980765775
31.0,705.0,0.7463799026330683
31.0,706.0,0.702990351815111
31.0,707.0,0.6619602555293209
31.0,708.0,0.6231524902148687
31.0,709.0,0.5864374113927757
31.0,710.0,0.551692181612438
31.0,711.0,0.5188006133405202
31.0,712.0,0.4876525530122363
31.0,713.0,0.45814374954899617
31.0,714.0,0.43017529031273816
31.0,715.0,0.40365349089400193
31.0,716.0,0.37848937908929486
31.0,717.0,0.35459860194237036
31.0,718.0,0.3319009541723652
31.0,719.0,0.3103202987746454
31.0,720.0,0.28978413661634495
31.0,721.0,0.27022353720529807
31.0,722.0,0.25157274643657807
31.0,723.0,0.23376912441646627
31.0,724.0,0.21675278858691133
31.0,725.0,0.2004665557450264
31.0,726.0,0.18485561799128594
31.0,727.0,0.1698674863133093
31.0,728.0,0.15545169699794842
31.0,729.0,0.1415597543512517
31.0,730.0,0.12814486538464331
31.0,731.0,0.11516187942144152
31.0,732.0,0.10256704901361188
31.0,733.0,0.09031796433969513
31.0,734.0,0.07837333843177614
31.0,735.0,0.06669293440089319
31.0,736.0,0.05523737315458078
31.0,737.0,0.043968051594521655
31.0,738.0,0.03284697108393208
31.0,739.0,0.021836644849062028
31.0,740.0,0.010899945513358914
31.0,741.0,0.0
32.0,0.0,0.0
32.0,1.0,0.0027789933157442766
32.0,2.0,0.005567357805470516
32.0,3.0,0.008374497071818797
32.0,4.0,0.011209875495560863
32.0,5.0,0.014083055158505425
32.0,6.0,0.017003720531296885
32.0,7.0,0.019981720308312627
32.0,8.0,0.023027088858892153
32.0,9.0,0.026150093399800782
32.0,10.0,0.029361252647793868
32.0,11.0,0.032671389768252575
32.0,12.0,0.036091648685081114
32.0,13.0,0.039633553262439836
32.0,14.0,0.04330902175148089
32.0,15.0,0.04713043268582594
32.0,16.0,0.051110637973710515
32.0,17.0,0.05526303601711226
32.0,18.0,0.05960158399265285
32.0,19.0,0.0641408787392196
32.0,20.0,0.06889616881162347
32.0,21.0,0.07388344372230425
32.0,22.0,0.07911944639840046
32.0,23.0,0.08462177140979017
32.0,24.0,0.09040887851298432
32.0,25.0,0.0965002005503725
32.0,26.0,0.10291615882321636
32.0,27.0,0.10967828140548233
32.0,28.0,0.11680922115306766
32.0,29.0,0.12433288523979322
32.0,30.0,0.132274456680531
32.0,31.0,0.14066053596635353
32.0,32.0,0.14951916705486126
32.0,33.0,0.15887999205536582
32.0,34.0,0.16877428271946465
32.0,35.0,0.1792351092042446
32.0,36.0,0.19029737817850606
32.0,37.0,0.201998016770459
32.0,38.0,0.21437601848772206
32.0,39.0,0.22747264353314298
32.0,40.0,0.2413314738165665
32.0,41.0,0.2559986308944167
32.0,42.0,0.2715228414237085
32.0,43.0,0.28795567404253525
32.0,44.0,0.3053516166756231
32.0,45.0,0.32376833371654273
32.0,46.0,0.34326675663071754
32.0,47.0,0.3639113628160695
32.0,48.0,0.3857702809522404
32.0,49.0,0.4089155928911324
32.0,50.0,0.4334234551547475
32.0,51.0,0.45937442512289484
32.0,52.0,0.4868535999660297
32.0,53.0,0.5159509682307885
32.0,54.0,0.5467615672815793
32.0,55.0,0.5793858611047804
32.0,56.0,0.6139299169884448
32.0,57.0,0.6505058099329024
32.0,58.0,0.6892318187762256
32.0,59.0,0.7302328569609084
32.0,60.0,0.7736406875551166
32.0,61.0,0.8195943792158915
32.0,62.0,0.8682405384880275
32.0,63.0,0.9197337885399236
32.0,64.0,0.9742370156490281
32.0,65.0,1.0319218665617462
32.0,66.0,1.0929690040794104
32.0,67.0,1.1575686165782708
32.0,68.0,1.225920674948814
32.0,69.0,1.2982354447473294
32.0,70.0,1.3747337332406924
32.0,71.0,1.455647390658815
32.0,72.0,1.5412195315534083
32.0,73.0,1.6317050064635594
32.0,74.0,1.7273705759809324
32.0,75.0,1.8284953275896605
32.0,76.0,1.9353707734973944
32.0,77.0,2.0483011792215438
32.0,78.0,2.167603547159843
32.0,79.0,2.2936078134514966
32.0,80.0,2.426656668240015
32.0,81.0,2.567105565309814
32.0,82.0,2.715322316983848
32.0,83.0,2.871686847075445
32.0,84.0,3.0365904835581907
32.0,85.0,3.2104353698618167
32.0,86.0,3.3936333624769928
32.0,87.0,3.5866049994953015
32.0,88.0,3.789777894482252
32.0,89.0,4.00358514619918
32.0,90.0,4.22846310674381
32.0,91.0,4.464849105616043
32.0,92.0,4.713178463084651
32.0,93.0,4.973881399851413
32.0,94.0,5.247379171515322
32.0,95.0,5.5340800487581046
32.0,96.0,5.834374473424271
32.0,97.0,6.148630032207716
32.0,98.0,6.477185588952744
32.0,99.0,6.820345247596788
32.0,100.0,7.178371509340898
32.0,101.0,7.551478338151856
32.0,102.0,7.939823534145946
32.0,103.0,8.343501183441505
32.0,104.0,8.762533632634677
32.0,105.0,9.196863820724168
32.0,106.0,9.64634747286562
32.0,107.0,10.11074605489708
32.0,108.0,10.589720045807473
32.0,109.0,11.082823480671328
32.0,110.0,11.589499353004285
32.0,111.0,12.10907684993328
32.0,112.0,12.640769998251765
32.0,113.0,13.183678661413975
32.0,114.0,13.736791392871051
32.0,115.0,14.29899098412011
32.0,116.0,14.869062072075396
32.0,117.0,15.445701478131967
32.0,118.0,16.02753045095429
32.0,119.0,16.61310928448414
32.0,120.0,17.2009532806214
32.0,121.0,17.789550343862093
32.0,122.0,18.377379021743778
32.0,123.0,18.96292716754994
32.0,124.0,19.544709980593193
32.0,125.0,20.12128760051012
32.0,126.0,20.69128106945317
32.0,127.0,21.25338694940942
32.0,128.0,21.80638956416641
32.0,129.0,22.349171337335147
32.0,130.0,22.88072039855295
32.0,131.0,23.400136130131866
32.0,132.0,23.90663201886446
32.0,133.0,24.399536651246297
32.0,134.0,24.87829235761777
32.0,135.0,25.3424524451773
32.0,136.0,25.791676598014824
32.0,137.0,26.225725417487737
32.0,138.0,26.644453691928494
32.0,139.0,27.047803348190495
32.0,140.0,27.43579564216817
32.0,141.0,27.80852348730013
32.0,142.0,28.16614342529867
32.0,143.0,28.508868072115607
32.0,144.0,28.836958487025797
32.0,145.0,29.150717233753046
32.0,146.0,29.45048153274151
32.0,147.0,29.736617219208064
32.0,148.0,30.00951286989861
32.0,149.0,30.26957477134654
32.0,150.0,30.517222069715245
32.0,151.0,30.7528827449967
32.0,152.0,30.976989738499835
32.0,153.0,31.18997785595294
32.0,154.0,31.39228077311523
32.0,155.0,31.58432875269853
32.0,156.0,31.76654640394054
32.0,157.0,31.9393510846055
32.0,158.0,32.10315128545824
32.0,159.0,32.2583455905296
32.0,160.0,32.40532156449119
32.0,161.0,32.54445515517385
32.0,162.0,32.67610997520562
32.0,163.0,32.80063704577047
32.0,164.0,32.91837437974199
32.0,165.0,33.029646981847975
32.0,166.0,33.13476665656254
32.0,167.0,33.23403219541991
32.0,168.0,33.32772934780699
32.0,169.0,33.416131140218596
32.0,170.0,33.49949796120108
32.0,171.0,33.57807796948422
32.0,172.0,33.65210725547531
32.0,173.0,33.72181030539422
32.0,174.0,33.78740021096773
32.0,175.0,33.84907916507115
32.0,176.0,33.90703869881301
32.0,177.0,33.96146019097225
32.0,178.0,34.01251511773734
32.0,179.0,34.0603655636724
32.0,180.0,34.10516447423116
32.0,181.0,34.147056160331715
32.0,182.0,34.18617654763601
32.0,183.0,34.222653670276735
32.0,184.0,34.25660791397502
32.0,185.0,34.288152497221574
32.0,186.0,34.31739370775449
32.0,187.0,34.34443137168258
32.0,188.0,34.369359084767716
32.0,189.0,34.392264671670155
32.0,190.0,34.413230414926595
32.0,191.0,34.43233350771431
32.0,192.0,34.44964628437211
32.0,193.0,34.465236670772406
32.0,194.0,34.479168420610776
32.0,195.0,34.491501567517375
32.0,196.0,34.50229267097783
32.0,197.0,34.51159527350722
32.0,198.0,34.51946015872926
32.0,199.0,34.52593581502248
32.0,200.0,34.531068705710275
32.0,201.0,34.53490373731347
32.0,202.0,34.53748453776942
32.0,203.0,34.53885392263514
32.0,204.0,34.53905417171725
32.0,205.0,34.538127480382876
32.0,206.0,34.53611621827518
32.0,207.0,34.533063345906285
32.0,208.0,34.529012632176894
32.0,209.0,34.52400900992479
32.0,210.0,34.51809872341151
32.0,211.0,34.5113295924815
32.0,212.0,34.50375105930387
32.0,213.0,34.49541433169493
32.0,214.0,34.48637230260653
32.0,215.0,34.476679551092616
32.0,216.0,34.46639211985622
32.0,217.0,34.45556736795205
32.0,218.0,34.44426361062827
32.0,219.0,34.432539839264365
32.0,220.0,34.420455250429356
32.0,221.0,34.40806887105691
32.0,222.0,34.39543902432265
32.0,223.0,34.38262291530877
32.0,224.0,34.3696760936804
32.0,225.0,34.35665206153706
32.0,226.0,34.34360179279929
32.0,227.0,34.33057341837079
32.0,228.0,34.31761184963132
32.0,229.0,34.304758578655075
32.0,230.0,34.29205143238728
32.0,231.0,34.279524503033514
32.0,232.0,34.26720803667486
32.0,233.0,34.25512848740835
32.0,234.0,34.24330852509585
32.0,235.0,34.23176719109861
32.0,236.0,34.220519997900695
32.0,237.0,34.209579156230795
32.0,238.0,34.19895373496777
32.0,239.0,34.188649928428596
32.0,240.0,34.178671246716505
32.0,241.0,34.169018795864524
32.0,242.0,34.15969147423172
32.0,243.0,34.150686244599164
32.0,244.0,34.14199831908298
32.0,245.0,34.13362140919075
32.0,246.0,34.12554788835998
32.0,247.0,34.11776901212976
32.0,248.0,34.1102750529201
32.0,249.0,34.10305548726849
32.0,250.0,34.09609910152374
32.0,251.0,34.089394146439965
32.0,252.0,34.0829284151309
32.0,253.0,34.07668936738179
32.0,254.0,34.07066418274545
32.0,255.0,34.064839858013286
32.0,256.0,34.059203239034254
32.0,257.0,34.05374109517589
32.0,258.0,34.04844013358977
32.0,259.0,34.0432870544457
32.0,260.0,34.038268551176024
32.0,261.0,34.03337134997362
32.0,262.0,34.02858219918696
32.0,263.0,34.02388789617153
32.0,264.0,34.0192752685882
32.0,265.0,34.0147311912776
32.0,266.0,34.01024256180656
32.0,267.0,34.005796309650364
32.0,268.0,34.001379367977776
32.0,269.0,33.99697867710752
32.0,270.0,33.992581154244135
32.0,271.0,33.988173692939384
32.0,272.0,33.98374313230022
32.0,273.0,33.97927625404019
32.0,274.0,33.974759752582074
32.0,275.0,33.970180231232426
32.0,276.0,33.965524174596226
32.0,277.0,33.96077794544959
32.0,278.0,33.955927760972955
32.0,279.0,33.95095969203217
32.0,280.0,33.94585964491716
32.0,281.0,33.94061336496708
32.0,282.0,33.935206425769294
32.0,283.0,33.929624239371556
32.0,284.0,33.92385205523948
32.0,285.0,33.91787497967214
32.0,286.0,33.91167798721194
32.0,287.0,33.90524595228845
32.0,288.0,33.898563676181176
32.0,289.0,33.89161593430461
32.0,290.0,33.884387522171345
32.0,291.0,33.876863322010394
32.0,292.0,33.8690283713541
32.0,293.0,33.86086795271507
32.0,294.0,33.85236768826146
32.0,295.0,33.84351365587241
32.0,296.0,33.834292512648446
32.0,297.0,33.82469163956716
32.0,298.0,33.814699295020375
32.0,299.0,33.80430478820504
32.0,300.0,33.79349866118433
32.0,301.0,33.78227288778533
32.0,302.0,33.770621078598424
32.0,303.0,33.75853869733587
32.0,304.0,33.746023277649954
32.0,305.0,33.7330746427346
32.0,306.0,33.71969511617281
32.0,307.0,33.70588972362458
32.0,308.0,33.691666373017384
32.0,309.0,33.67703601072598
32.0,310.0,33.66201274093765
32.0,311.0,33.64661390478467
32.0,312.0,33.6308601069225
32.0,313.0,33.61477518705246
32.0,314.0,33.59838612603871
32.0,315.0,33.58172288726752
32.0,316.0,33.56481818653303
32.0,317.0,33.54770719637086
32.0,318.0,33.53042718294751
32.0,319.0,33.513017087990114
32.0,320.0,33.49551705867657
32.0,321.0,33.47796794435872
32.0,322.0,33.46041076620257
32.0,323.0,33.44288618322024
32.0,324.0,33.425433960852814
32.0,325.0,33.40809246733354
32.0,326.0,33.390898200396904
32.0,327.0,33.37388536847923
32.0,328.0,33.3570855222756
32.0,329.0,33.34052725795761
32.0,330.0,33.324235979528865
32.0,331.0,33.308233738654934
32.0,332.0,33.29253913098804
32.0,333.0,33.27716726571147
32.0,334.0,33.26212977998091
32.0,335.0,33.24743491558564
32.0,336.0,33.23308762373215
32.0,337.0,33.219089718207485
32.0,338.0,33.20544003842598
32.0,339.0,33.19213464749576
32.0,340.0,33.17916702322699
32.0,341.0,33.166528273440846
32.0,342.0,33.15420733010466
32.0,343.0,33.14219116065614
32.0,344.0,33.13046494731476
32.0,345.0,33.11901228013055
32.0,346.0,33.10781531018177
32.0,347.0,33.096854916230626
32.0,348.0,33.08611082604646
32.0,349.0,33.07556175337459
32.0,350.0,33.0651854857081
32.0,351.0,33.05495899165331
32.0,352.0,33.044858476177275
32.0,353.0,33.0348594605636
32.0,354.0,33.02493680773972
32.0,355.0,33.01506477815117
32.0,356.0,33.00521702852781
32.0,357.0,32.99536664746512
32.0,358.0,32.98548613120536
32.0,359.0,32.975547402759595
32.0,360.0,32.9655217681897
32.0,361.0,32.95537992293561
32.0,362.0,32.945091891859455
32.0,363.0,32.93462702620514
32.0,364.0,32.923953930428375
32.0,365.0,32.91304045301169
32.0,366.0,32.901853602937926
32.0,367.0,32.89035953748245
32.0,368.0,32.878523471151475
32.0,369.0,32.86630966362378
32.0,370.0,32.85368132411149
32.0,371.0,32.84060060286462
32.0,372.0,32.827028494255146
32.0,373.0,32.81292483572134
32.0,374.0,32.798248213458095
32.0,375.0,32.782955973395005
32.0,376.0,32.7670041342264
32.0,377.0,32.750347416016275
32.0,378.0,32.732939166447935
32.0,379.0,32.714731413954155
32.0,380.0,32.69567481452764
32.0,381.0,32.67571873789866
32.0,382.0,32.65481124402492
32.0,383.0,32.632899212767704
32.0,384.0,32.60992836124075
32.0,385.0,32.58584342960912
32.0,386.0,32.56058825272707
32.0,387.0,32.53410601696501
32.0,388.0,32.50633940181389
32.0,389.0,32.47723092477626
32.0,390.0,32.44672317052108
32.0,391.0,32.41475924242071
32.0,392.0,32.381283097860596
32.0,393.0,32.34624012529403
32.0,394.0,32.30957760363574
32.0,395.0,32.27124542178091
32.0,396.0,32.23119667652712
32.0,397.0,32.18938854610386
32.0,398.0,32.14578303338647
32.0,399.0,32.10034799463044
32.0,400.0,32.05305802136138
32.0,401.0,32.00389560876838
32.0,402.0,31.952852149332983
32.0,403.0,31.899929201326653
32.0,404.0,31.84513953966737
32.0,405.0,31.788508454187586
32.0,406.0,31.730074769960112
32.0,407.0,31.669892070393495
32.0,408.0,31.608029564897734
32.0,409.0,31.54457309976746
32.0,410.0,31.479625723770365
32.0,411.0,31.4133083301581
32.0,412.0,31.34575976192678
32.0,413.0,31.277136933293306
32.0,414.0,31.207614337966344
32.0,415.0,31.137383538595117
32.0,416.0,31.06665200107665
32.0,417.0,30.99564191908185
32.0,418.0,30.92458839263268
32.0,419.0,30.85373766238724
32.0,420.0,30.783344764734217
32.0,421.0,30.71367136356857
32.0,422.0,30.644983118136672
32.0,423.0,30.577547386814196
32.0,424.0,30.511630606394483
32.0,425.0,30.44749617512732
32.0,426.0,30.385402142362285
32.0,427.0,30.325599545752368
32.0,428.0,30.268330648143422
32.0,429.0,30.2138279174585
32.0,430.0,30.162312944176445
32.0,431.0,30.113996139754118
32.0,432.0,30.06907635445969
32.0,433.0,30.027741263001726
32.0,434.0,29.990167607707697
32.0,435.0,29.95652216181433
32.0,436.0,29.926962463719626
32.0,437.0,29.901638208592907
32.0,438.0,29.88069231825116
32.0,439.0,29.864262607104948
32.0,440.0,29.8524830414321
32.0,441.0,29.84548554562301
32.0,442.0,29.843401332264456
32.0,443.0,29.846362747025882
32.0,444.0,29.854504585634047
32.0,445.0,29.86796591056531
32.0,446.0,29.886891304452835
32.0,447.0,29.91143262264355
32.0,448.0,29.94175016024973
32.0,449.0,29.978014328612318
32.0,450.0,30.020406733457495
32.0,451.0,30.069121779823984
32.0,452.0,30.12436767185964
32.0,453.0,30.186367960625404
32.0,454.0,30.25536248312288
32.0,455.0,30.331608871919276
32.0,456.0,30.415383453424564
32.0,457.0,30.506982738837724
32.0,458.0,30.60672430073179
32.0,459.0,30.714948262495632
32.0,460.0,30.832018168861055
32.0,461.0,30.95832248655253
32.0,462.0,31.094275479072195
32.0,463.0,31.2403187250724
32.0,464.0,31.39692200074351
32.0,465.0,31.564584814585384
32.0,466.0,31.74383729207863
32.0,467.0,31.935241715889656
32.0,468.0,32.139393396875455
32.0,469.0,32.35692219693802
32.0,470.0,32.58849335735044
32.0,471.0,32.83480896693162
32.0,472.0,33.096608702564154
32.0,473.0,33.3746711874021
32.0,474.0,33.6698145785358
32.0,475.0,33.98289773778971
32.0,476.0,34.31482057696821
32.0,477.0,34.66652493663474
32.0,478.0,35.038994569456726
32.0,479.0,35.43325558945512
32.0,480.0,35.85037593803715
32.0,481.0,36.29146522711498
32.0,482.0,36.75767349026584
32.0,483.0,37.2501901979751
32.0,484.0,37.770242048586674
32.0,485.0,38.319090883925945
32.0,486.0,38.898030223275185
32.0,487.0,39.50838175573607
32.0,488.0,40.15149026957232
32.0,489.0,40.82871834957117
32.0,490.0,41.54143931124135
32.0,491.0,42.29102969677551
32.0,492.0,43.07885980091481
32.0,493.0,43.90628355287024
32.0,494.0,44.77462623626773
32.0,495.0,45.68517138800962
32.0,496.0,46.63914539348511
32.0,497.0,47.637701155035074
32.0,498.0,48.68189941660259
32.0,499.0,49.77268918725575
32.0,500.0,50.910885950310224
32.0,501.0,52.09714920343436
32.0,502.0,53.33195816382032
32.0,503.0,54.615587325472575
32.0,504.0,55.94808089123303
32.0,505.0,57.32922793874551
32.0,506.0,58.7585375566372
32.0,507.0,60.235215987540926
32.0,508.0,61.75814521763477
32.0,509.0,63.32586518589942
32.0,510.0,64.93655918967039
32.0,511.0,66.58804469085393
32.0,512.0,68.27776910047287
32.0,513.0,70.00281260288125
32.0,514.0,71.75989740141047
32.0,515.0,73.54540508434029
32.0,516.0,75.35540107975407
32.0,517.0,77.18566732920561
32.0,518.0,79.03174157053402
32.0,519.0,80.88896367849999
32.0,520.0,82.75252684401877
32.0,521.0,84.61753341207282
32.0,522.0,86.47905270048581
32.0,523.0,88.33218022521324
32.0,524.0,90.17209550699401
32.0,525.0,91.99411784457595
32.0,526.0,93.79375745732362
32.0,527.0,95.56676169599906
32.0,528.0,97.30915426367474
32.0,529.0,99.01726769341451
32.0,530.0,100.68776771466057
32.0,531.0,102.31767035564681
32.0,532.0,103.90435107220684
32.0,533.0,105.44554723894069
32.0,534.0,106.93935378624002
32.0,535.0,108.38421360157672
32.0,536.0,109.77890275403843
32.0,537.0,111.12251222393122
32.0,538.0,112.4144262745089
32.0,539.0,113.65429903732716
32.0,540.0,114.84202939006548
32.0,541.0,115.977735483121
32.0,542.0,117.06172886855506
32.0,543.0,118.09448933226962
32.0,544.0,119.0766402468623
32.0,545.0,120.00892529657004
32.0,546.0,120.89218628006952
32.0,547.0,121.72734262432981
32.0,548.0,122.51537224405692
32.0,549.0,123.25729420153763
32.0,550.0,123.95415277297322
32.0,551.0,124.60700323557977
32.0,552.0,125.21689899056774
32.0,553.0,125.78488022655131
32.0,554.0,126.31196377668971
32.0,555.0,126.79913428679879
32.0,556.0,127.247336406664
32.0,557.0,127.65746804924366
32.0,558.0,128.03037450251662
32.0,559.0,128.36684337482654
32.0,560.0,128.6676002391756
32.0,561.0,128.93330489788272
32.0,562.0,129.16454821816427
32.0,563.0,129.3618494022199
32.0,564.0,129.52565372947385
32.0,565.0,129.65633057671843
32.0,566.0,129.7541718414769
32.0,567.0,129.81939051573576
32.0,568.0,129.85211962289915
32.0,569.0,129.85241120557922
32.0,570.0,129.82023566423524
32.0,571.0,129.75548107399516
32.0,572.0,129.65795286650226
32.0,573.0,129.52737344351343
32.0,574.0,129.3633821958031
32.0,575.0,129.16553543369912
32.0,576.0,128.93330678967897
32.0,577.0,128.6660875397297
32.0,578.0,128.36318749121432
32.0,579.0,128.02383582562356
32.0,580.0,127.64718263190149
32.0,581.0,127.2323004620812
32.0,582.0,126.77818673348905
32.0,583.0,126.28376625441174
32.0,584.0,125.74789478632194
32.0,585.0,125.16936286618117
32.0,586.0,124.54690089010062
32.0,587.0,123.87918462892327
32.0,588.0,123.16484226275057
32.0,589.0,122.40246205034633
32.0,590.0,121.59060180070085
32.0,591.0,120.72779920281529
32.0,592.0,119.81258425104889
32.0,593.0,118.84349275151736
32.0,594.0,117.819082199973
32.0,595.0,116.7379489277646
32.0,596.0,115.59874783349977
32.0,597.0,114.40021348018469
32.0,598.0,113.14118386623598
32.0,599.0,111.82062549485117
32.0,600.0,110.43766099411938
32.0,601.0,108.99159770975027
32.0,602.0,107.48195841338298
32.0,603.0,105.90851229592984
32.0,604.0,104.27130722901765
32.0,605.0,102.57070117242604
32.0,606.0,100.80739352022778
32.0,607.0,98.98245396443203
32.0,608.0,97.09734949218722
32.0,609.0,95.15396684641752
32.0,610.0,93.1546309732494
32.0,611.0,91.10211666812224
32.0,612.0,88.99965402176328
32.0,613.0,86.85092497694856
32.0,614.0,84.66005192198821
32.0,615.0,82.4315760044845
32.0,616.0,80.17042668830956
32.0,617.0,77.88188086753068
32.0,618.0,75.57151386406758
32.0,619.0,73.24514139282513
32.0,620.0,70.90875566457629
32.0,621.0,68.56845541407735
32.0,622.0,66.23037367887484
32.0,623.0,63.90060352695188
32.0,624.0,61.58512582511192
32.0,625.0,59.28973921414165
32.0,626.0,57.01999618020923
32.0,627.0,54.78114491369606
32.0,628.0,52.57808025366016
32.0,629.0,50.415302641320864
32.0,630.0,48.296887601054095
32.0,631.0,46.22646383838515
32.0,632.0,44.20720173319293
32.0,633.0,42.24180962380412
32.0,634.0,40.33253912645239
32.0,635.0,38.48119644985634
32.0,636.0,36.6891606875406
32.0,637.0,34.957405885732314
32.0,638.0,33.286527854107916
32.0,639.0,31.67677257278811
32.0,640.0,30.128067317526575
32.0,641.0,28.64005154356017
32.0,642.0,27.212108888110432
32.0,643.0,25.843397569880825
32.0,644.0,24.532880796651945
32.0,645.0,23.27935469036825
32.0,646.0,22.081475560763177
32.0,647.0,20.937784229632
32.0,648.0,19.846729405494248
32.0,649.0,18.806687954538653
32.0,650.0,17.81598418205081
32.0,651.0,16.8729060676533
32.0,652.0,15.975720635346
32.0,653.0,15.12268646171573
32.0,654.0,14.312065532735646
32.0,655.0,13.542132485800323
32.0,656.0,12.811183449976015
32.0,657.0,12.117542537350483
32.0,658.0,11.459568183039575
32.0,659.0,10.83565739367435
32.0,660.0,10.24425007527321
32.0,661.0,9.683831503552097
32.0,662.0,9.152935074406424
32.0,663.0,8.650143400851086
32.0,664.0,8.174089857513549
32.0,665.0,7.723458644467912
32.0,666.0,7.296985433219063
32.0,667.0,6.893456675626181
32.0,668.0,6.511709599618273
32.0,669.0,6.150630985536686
32.0,670.0,5.809156707764622
32.0,671.0,5.486270152685496
32.0,672.0,5.181001458310943
32.0,673.0,4.892425707858801
32.0,674.0,4.619661983108926
32.0,675.0,4.361871434830444
32.0,676.0,4.118256236252002
32.0,677.0,3.888057605347581
32.0,678.0,3.67055472153486
32.0,679.0,3.465062754185643
32.0,680.0,3.2709317874843684
32.0,681.0,3.0875448935065832
32.0,682.0,2.9143170961609326
32.0,683.0,2.7506935149080243
32.0,684.0,2.5961483880600156
32.0,685.0,2.4501833039386196
32.0,686.0,2.3123262958228485
32.0,687.0,2.1821301704347515
32.0,688.0,2.0591716809315965
32.0,689.0,1.9430499575399953
32.0,690.0,1.8333857607142772
32.0,691.0,1.7298200150927083
32.0,692.0,1.6320131419122794
32.0,693.0,1.5396436948989698
32.0,694.0,1.4524077689419121
32.0,695.0,1.3700177347882818
32.0,696.0,1.2922017196024524
32.0,697.0,1.2187024362082142
32.0,698.0,1.1492767303087783
32.0,699.0,1.0836944993443975
32.0,700.0,1.0217383006861795
32.0,701.0,0.9632023548326311
32.0,702.0,0.9078922087064367
32.0,703.0,0.855623817804945
32.0,704.0,0.806223258742448
32.0,705.0,0.7595258850259852
32.0,706.0,0.7153760831344099
32.0,707.0,0.6736264967586438
32.0,708.0,0.6341378209466896
32.0,709.0,0.5967780898867949
32.0,710.0,0.5614225039403233
32.0,711.0,0.5279527763278208
32.0,712.0,0.496256988194168
32.0,713.0,0.46622898985990724
32.0,714.0,0.43776827939721863
32.0,715.0,0.41077945441670555
32.0,716.0,0.3851721099655501
32.0,717.0,0.3608603371224664
32.0,718.0,0.3377626363519168
32.0,719.0,0.31580145946969357
32.0,720.0,0.29490313489325537
32.0,721.0,0.2749974498124599
32.0,722.0,0.256017584061993
32.0,723.0,0.23789972958304212
32.0,724.0,0.22058302990707684
32.0,725.0,0.2040092342229275
32.0,726.0,0.1881226397005835
32.0,727.0,0.17286977768334535
32.0,728.0,0.15819935629535542
32.0,729.0,0.14406197645997562
32.0,730.0,0.1304100724254839
32.0,731.0,0.1171976554687559
32.0,732.0,0.10438025014031047
32.0,733.0,0.09191466364714092
32.0,734.0,0.07975891576161863
32.0,735.0,0.06787203198945625
32.0,736.0,0.056213965207499106
32.0,737.0,0.04474541081287074
32.0,738.0,0.03342771825302431
32.0,739.0,0.022222726420647182
32.0,740.0,0.011092663316080983
32.0,741.0,0.0
33.0,0.0,0.0
33.0,1.0,0.0028227968438302867
33.0,2.0,0.005655112661441422
33.0,3.0,0.0085064972326124
33.0,4.0,0.011386566303265849
33.0,5.0,0.014305028458834738
33.0,6.0,0.017271725060178534
33.0,7.0,0.020296653610893788
33.0,8.0,0.023390012895897344
33.0,9.0,0.026562223279518102
33.0,10.0,0.029823977484114934
33.0,11.0,0.03318625827131951
33.0,12.0,0.03666039531379047
33.0,13.0,0.04025808073287777
33.0,14.0,0.04399143253770161
33.0,15.0,0.04787300851889782
33.0,16.0,0.051915876755759836
33.0,17.0,0.05613362839773541
33.0,18.0,0.060540455772501243
33.0,19.0,0.06515116462464757
33.0,20.0,0.06998126039537783
33.0,21.0,0.07504696053145629
33.0,22.0,0.08036528955082085
33.0,23.0,0.08595409208445112
33.0,24.0,0.09183213739157689
33.0,25.0,0.0980191338526456
33.0,26.0,0.10453584365292665
33.0,27.0,0.11140409950609223
33.0,28.0,0.11864693028563643
33.0,29.0,0.12628858082541905
33.0,30.0,0.1343546493439966
33.0,31.0,0.14287211124024027
33.0,32.0,0.15186946922565744
33.0,33.0,0.1613767821089373
33.0,34.0,0.17142582862443642
33.0,35.0,0.1820501422777701
33.0,36.0,0.19328518993306076
33.0,37.0,0.20516841387032964
33.0,38.0,0.21773942626727033
33.0,39.0,0.2310400596951199
33.0,40.0,0.2451145786989594
33.0,41.0,0.2600097400276249
33.0,42.0,0.2757750225747573
33.0,43.0,0.29246269869418423
33.0,44.0,0.31012808380516504
33.0,45.0,0.32882962017940653
33.0,46.0,0.34862914752873786
33.0,47.0,0.3695920006525775
33.0,48.0,0.39178730230199016
33.0,49.0,0.4152880760324182
33.0,50.0,0.44017156255794887
33.0,51.0,0.4665193490442012
33.0,52.0,0.49441771000859935
33.0,53.0,0.5239577540872244
33.0,54.0,0.5552357902721508
33.0,55.0,0.5883534928610157
33.0,56.0,0.623418293413743
33.0,57.0,0.6605435641022364
33.0,58.0,0.6998490351682121
33.0,59.0,0.7414609961787059
33.0,60.0,0.7855127379133396
33.0,61.0,0.8321447700307725
33.0,62.0,0.8815052851308259
33.0,63.0,0.9337503899618823
33.0,64.0,0.9890445877954428
33.0,65.0,1.0475610184488653
33.0,66.0,1.1094819529601285
33.0,67.0,1.1749990352354935
33.0,68.0,1.244313780179703
33.0,69.0,1.317637806551048
33.0,70.0,1.3951933260216498
33.0,71.0,1.4772133526560352
33.0,72.0,1.56394216566003
33.0,73.0,1.6556354755969767
33.0,74.0,1.7525608376298358
33.0,75.0,1.8549977479473976
33.0,76.0,1.9632379769117334
33.0,77.0,2.077585560995328
33.0,78.0,2.1983570162460184
33.0,79.0,2.3258811811991706
33.0,80.0,2.4604992603783256
33.0,81.0,2.602564462127523
33.0,82.0,2.7524418095557093
33.0,83.0,2.9105075042357207
33.0,84.0,3.077148428438562
33.0,85.0,3.2527611517373805
33.0,86.0,3.4377510343909017
33.0,87.0,3.6325307802157853
33.0,88.0,3.8375190380923083
33.0,89.0,4.053138393008365
33.0,90.0,4.279813353391105
33.0,91.0,4.5179676661117
33.0,92.0,4.768021575517619
33.0,93.0,5.03038835200261
33.0,94.0,5.305470719616994
33.0,95.0,5.593656507766232
33.0,96.0,5.895314175113924
33.0,97.0,6.210787537762508
33.0,98.0,6.540390376010125
33.0,99.0,6.884400268331606
33.0,100.0,7.243052362451014
33.0,101.0,7.616532459685544
33.0,102.0,8.00497016808109
33.0,103.0,8.408431538725763
33.0,104.0,8.826911994851137
33.0,105.0,9.2603290136471
33.0,106.0,9.708515427503919
33.0,107.0,10.17121284971856
33.0,108.0,10.64806614119397
33.0,109.0,11.138618455056877
33.0,110.0,11.642307803225679
33.0,111.0,12.158464683923622
33.0,112.0,12.686311702186282
33.0,113.0,13.224964678304744
33.0,114.0,13.77343611110685
33.0,115.0,14.330640391816653
33.0,116.0,14.895401514733289
33.0,117.0,15.466462532238566
33.0,118.0,16.04249733996611
33.0,119.0,16.62212386808638
33.0,120.0,17.203919099120025
33.0,121.0,17.786434834930557
33.0,122.0,18.368214507875937
33.0,123.0,18.947809867833232
33.0,124.0,19.523797793176662
33.0,125.0,20.094796057441236
33.0,126.0,20.659478346614115
33.0,127.0,21.21658744975688
33.0,128.0,21.764947043300026
33.0,129.0,22.303471145044746
33.0,130.0,22.83117182360754
33.0,131.0,23.34716441091674
33.0,132.0,23.850670963890295
33.0,133.0,24.34102137114016
33.0,134.0,24.81765297149472
33.0,135.0,25.280108179374153
33.0,136.0,25.72803104897666
33.0,137.0,26.16116231633171
33.0,138.0,26.579333863203747
33.0,139.0,26.98246213977516
33.0,140.0,27.37054146265937
33.0,141.0,27.743636693197505
33.0,142.0,28.101876162876014
33.0,143.0,28.445444305587653
33.0,144.0,28.77457480660627
33.0,145.0,29.089543682301514
33.0,146.0,29.390663046550547
33.0,147.0,29.67827493946895
33.0,148.0,29.95274592898483
33.0,149.0,30.214461833103744
33.0,150.0,30.46382323808757
33.0,151.0,30.70124114352834
33.0,152.0,30.927133383678413
33.0,153.0,31.14192114864754
33.0,154.0,31.34602623659234
33.0,155.0,31.539868360568303
33.0,156.0,31.723863128461417
33.0,157.0,31.898420025080355
33.0,158.0,32.06394100572789
33.0,159.0,32.22081903932197
33.0,160.0,32.369437203358444
33.0,161.0,32.510167679990644
33.0,162.0,32.643371249439
33.0,163.0,32.76939664245632
33.0,164.0,32.888580342172304
33.0,165.0,33.001246210098444
33.0,166.0,33.10770552044405
33.0,167.0,33.20825679079146
33.0,168.0,33.303185986563854
33.0,169.0,33.392766500590504
33.0,170.0,33.4772594778224
33.0,171.0,33.556913899643604
33.0,172.0,33.631966989760066
33.0,173.0,33.70264436909945
33.0,174.0,33.76916051296929
33.0,175.0,33.83171895074699
33.0,176.0,33.89051275200745
33.0,177.0,33.94572475207843
33.0,178.0,33.997528051049464
33.0,179.0,34.046086251848436
33.0,180.0,34.09155396106592
33.0,181.0,34.13407703070228
33.0,182.0,34.173793053773956
33.0,183.0,34.21083160447702
33.0,184.0,34.24531472476219
33.0,185.0,34.27735716052044
33.0,186.0,34.30706683786339
33.0,187.0,34.33454509518051
33.0,188.0,34.359887149837526
33.0,189.0,34.38318232765482
33.0,190.0,34.404514522184286
33.0,191.0,34.42396242433113
33.0,192.0,34.44159997727504
33.0,193.0,34.45749660955739
33.0,194.0,34.47171768899866
33.0,195.0,34.48432476249117
33.0,196.0,34.49537601179171
33.0,197.0,34.50492650233075
33.0,198.0,34.513028642341816
33.0,199.0,34.519732441025425
33.0,200.0,34.52508596992262
33.0,201.0,34.529135627585106
33.0,202.0,34.53192659828539
33.0,203.0,34.53350311589797
33.0,204.0,34.5339089100281
33.0,205.0,34.53318745631854
33.0,206.0,34.53138239428288
33.0,207.0,34.52853774536001
33.0,208.0,34.524698281062115
33.0,209.0,34.519909684991475
33.0,210.0,34.51421884582087
33.0,211.0,34.50767393687146
33.0,212.0,34.500324607810185
33.0,213.0,34.492221957190054
33.0,214.0,34.48341860139306
33.0,215.0,34.4739685232651
33.0,216.0,34.46392700773163
33.0,217.0,34.45335036353854
33.0,218.0,34.44229573139048
33.0,219.0,34.43082069402896
33.0,220.0,34.418982981779784
33.0,221.0,34.40684000485407
33.0,222.0,34.394448498189
33.0,223.0,34.38186402392769
33.0,224.0,34.36914060748949
33.0,225.0,34.35633026339088
33.0,226.0,34.3434826744179
33.0,227.0,34.330644788606726
33.0,228.0,34.31786058321123
33.0,229.0,34.30517076645501
33.0,230.0,34.29261265086219
33.0,231.0,34.28021997460206
33.0,232.0,34.268022889588586
33.0,233.0,34.2560478988842
33.0,234.0,34.244317948426676
33.0,235.0,34.232852462947044
33.0,236.0,34.22166751916311
33.0,237.0,34.210775954807794
33.0,238.0,34.20018759636959
33.0,239.0,34.189909413904225
33.0,240.0,34.17994577692966
33.0,241.0,34.170298630200826
33.0,242.0,34.16096775536683
33.0,243.0,34.15195094790374
33.0,244.0,34.14324426774684
33.0,245.0,34.134842203401575
33.0,246.0,34.12673790051882
33.0,247.0,34.118923304663596
33.0,248.0,34.1113893618135
33.0,249.0,34.1041261357316
33.0,250.0,34.09712297824532
33.0,251.0,34.090368620446235
33.0,252.0,34.08385131330545
33.0,253.0,34.07755889408204
33.0,254.0,34.071478899504264
33.0,255.0,34.06559861001354
33.0,256.0,34.05990513861952
33.0,257.0,34.05438545617708
33.0,258.0,34.04902645934224
33.0,259.0,34.04381498019657
33.0,260.0,34.03873783669203
33.0,261.0,34.03378182978006
33.0,262.0,34.0289337794919
33.0,263.0,34.02418051243197
33.0,264.0,34.01950888630875
33.0,265.0,34.01490577030543
33.0,266.0,34.010358060530194
33.0,267.0,34.005852655442006
33.0,268.0,34.001376464375156
33.0,269.0,33.99691637991198
33.0,270.0,33.99245928138294
33.0,271.0,33.98799200586172
33.0,272.0,33.98350134836505
33.0,273.0,33.97897403301034
33.0,274.0,33.97439671154685
33.0,275.0,33.96975593616701
33.0,276.0,33.96503815799533
33.0,277.0,33.96022970308348
33.0,278.0,33.9553167725658
33.0,279.0,33.95028542349317
33.0,280.0,33.94512157253043
33.0,281.0,33.93981098349003
33.0,282.0,33.93433927668932
33.0,283.0,33.92869192532026
33.0,284.0,33.922854272887136
33.0,285.0,33.91681154087195
33.0,286.0,33.91054885700807
33.0,287.0,33.90405127703474
33.0,288.0,33.89730382688108
33.0,289.0,33.89029154158805
33.0,290.0,33.88299952470505
33.0,291.0,33.875413007599995
33.0,292.0,33.86751742939595
33.0,293.0,33.859298519757004
33.0,294.0,33.85074240235807
33.0,295.0,33.84183570364612
33.0,296.0,33.832565681940665
33.0,297.0,33.82292036340596
33.0,298.0,33.81288869718805
33.0,299.0,33.802460717653084
33.0,300.0,33.791627723248304
33.0,301.0,33.78038246076161
33.0,302.0,33.76871932169483
33.0,303.0,33.75663453980685
33.0,304.0,33.744126393751166
33.0,305.0,33.73119540367647
33.0,306.0,33.717844523098705
33.0,307.0,33.70407931447571
33.0,308.0,33.68990810764947
33.0,309.0,33.67534212926078
33.0,310.0,33.6603956010646
33.0,311.0,33.64508579550453
33.0,312.0,33.62943304664114
33.0,313.0,33.613460706085746
33.0,314.0,33.597195044000884
33.0,315.0,33.580665087403645
33.0,316.0,33.563902399672976
33.0,317.0,33.546940797191674
33.0,318.0,33.529816012293836
33.0,319.0,33.512565302510964
33.0,320.0,33.49522702100279
33.0,321.0,33.47784015140024
33.0,322.0,33.46044382682966
33.0,323.0,33.44307683748325
33.0,324.0,33.42577714946315
33.0,325.0,33.408581437478716
33.0,326.0,33.39152465473254
33.0,327.0,33.374639637856625
33.0,328.0,33.35795676893745
33.0,329.0,33.341503685646806
33.0,330.0,33.32530505942725
33.0,331.0,33.30938242502805
33.0,332.0,33.29375407975395
33.0,333.0,33.2784350283021
33.0,334.0,33.263436991470186
33.0,335.0,33.24876844821357
33.0,336.0,33.23443473122545
33.0,337.0,33.2204381403059
33.0,338.0,33.20677809749975
33.0,339.0,33.193451303973525
33.0,340.0,33.180451927953825
33.0,341.0,33.167771779839235
33.0,342.0,33.15540051021059
33.0,343.0,33.14332578294281
33.0,344.0,33.13153346619072
33.0,345.0,33.12000778911361
33.0,346.0,33.10873151452338
33.0,347.0,33.09768607031762
33.0,348.0,33.08685169751933
33.0,349.0,33.07620755200807
33.0,350.0,33.065731825592195
33.0,351.0,33.05540181693639
33.0,352.0,33.0451940260486
33.0,353.0,33.035084195502066
33.0,354.0,33.02504738044564
33.0,355.0,33.01505796251742
33.0,356.0,33.005089698434226
33.0,357.0,32.99511570963647
33.0,358.0,32.98510851292092
33.0,359.0,32.97503998906937
33.0,360.0,32.964881399067586
33.0,361.0,32.954603334941886
33.0,362.0,32.944175725020315
33.0,363.0,32.933567770074454
33.0,364.0,32.92274794095062
33.0,365.0,32.911683902993424
33.0,366.0,32.90034250929298
33.0,367.0,32.88868971632765
33.0,368.0,32.876690576102
33.0,369.0,32.864309146042885
33.0,370.0,32.85150848348963
33.0,371.0,32.83825055315228
33.0,372.0,32.82449622779705
33.0,373.0,32.81020519706215
33.0,374.0,32.7953359787897
33.0,375.0,32.779845833721616
33.0,376.0,32.763690792790065
33.0,377.0,32.74682558320708
33.0,378.0,32.7292036781588
33.0,379.0,32.7107772410721
33.0,380.0,32.69149720556983
33.0,381.0,32.67131324624247
33.0,382.0,32.65017389839598
33.0,383.0,32.62802656544212
33.0,384.0,32.60481768985018
33.0,385.0,32.580492809209645
33.0,386.0,32.55499679175915
33.0,387.0,32.52827395510293
33.0,388.0,32.50026838151355
33.0,389.0,32.470924114911895
33.0,390.0,32.44018557246165
33.0,391.0,32.40799783630246
33.0,392.0,32.374307178225465
33.0,393.0,32.339061462123006
33.0,394.0,32.30221079698401
33.0,395.0,32.26370806320247
33.0,396.0,32.22350970475691
33.0,397.0,32.18157638630482
33.0,398.0,32.13787392704353
33.0,399.0,32.092374084715765
33.0,400.0,32.045055620140346
33.0,401.0,31.99590518784984
33.0,402.0,31.94491850086675
33.0,403.0,31.892101285328373
33.0,404.0,31.83747048998341
33.0,405.0,31.781055234819906
33.0,406.0,31.722897980934523
33.0,407.0,31.663055374002106
33.0,408.0,31.601599262089113
33.0,409.0,31.53861730966944
33.0,410.0,31.474213730888764
33.0,411.0,31.408509537232245
33.0,412.0,31.341642851040106
33.0,413.0,31.273768659476104
33.0,414.0,31.205058596813053
33.0,415.0,31.1357001165641
33.0,416.0,31.065895686068977
33.0,417.0,30.995861358620708
33.0,418.0,30.925825406525544
33.0,419.0,30.856026366735165
33.0,420.0,30.78671123426718
33.0,421.0,30.71813314870236
33.0,422.0,30.650549355369265
33.0,423.0,30.584218770989455
33.0,424.0,30.51939997081059
33.0,425.0,30.456348898280726
33.0,426.0,30.395317136509227
33.0,427.0,30.336550000689677
33.0,428.0,30.280285301876525
33.0,429.0,30.226751990388692
33.0,430.0,30.17616953476105
33.0,431.0,30.128747190945077
33.0,432.0,30.084684023965217
33.0,433.0,30.044168786484647
33.0,434.0,30.007380528433313
33.0,435.0,29.974488998957316
33.0,436.0,29.945655734641495
33.0,437.0,29.921034860054757
33.0,438.0,29.900774521821862
33.0,439.0,29.88501795381773
33.0,440.0,29.87390512737088
33.0,441.0,29.867573960107105
33.0,442.0,29.866162072908946
33.0,443.0,29.869808046837043
33.0,444.0,29.878653205762728
33.0,445.0,29.892842855187027
33.0,446.0,29.912528038403025
33.0,447.0,29.937866718472765
33.0,448.0,29.96902548085808
33.0,449.0,30.006180642122494
33.0,450.0,30.0495198911755
33.0,451.0,30.099243324390006
33.0,452.0,30.15556503064868
33.0,453.0,30.21871406278657
33.0,454.0,30.28893597917853
33.0,455.0,30.366493766641483
33.0,456.0,30.45166935438908
33.0,457.0,30.54476450481519
33.0,458.0,30.646102315280338
33.0,459.0,30.756028091472405
33.0,460.0,30.8749108494847
33.0,461.0,31.003144182380225
33.0,462.0,31.141147769897838
33.0,463.0,31.289368242813094
33.0,464.0,31.448280700608063
33.0,465.0,31.618389570332855
33.0,466.0,31.80023012368093
33.0,467.0,31.994369317182265
33.0,468.0,32.20140728910686
33.0,469.0,32.42197815563623
33.0,470.0,32.65675145446237
33.0,471.0,32.90643285660377
33.0,472.0,33.171765506927315
33.0,473.0,33.453530592898794
33.0,474.0,33.752548511895
33.0,475.0,34.069679215750675
33.0,476.0,34.40582310999224
33.0,477.0,34.76192106593643
33.0,478.0,35.13895492730058
33.0,479.0,35.5379470493609
33.0,480.0,35.95996025347216
33.0,481.0,36.40609671532211
33.0,482.0,36.87749716794448
33.0,483.0,37.375338919031456
33.0,484.0,37.90083405918781
33.0,485.0,38.4552263433824
33.0,486.0,39.039788116090655
33.0,487.0,39.6558157479148
33.0,488.0,40.30462494775647
33.0,489.0,40.987544408736106
33.0,490.0,41.70590914766314
33.0,491.0,42.46105199464057
33.0,492.0,43.254294594078324
33.0,493.0,44.086936384434665
33.0,494.0,44.960242930089
33.0,495.0,45.87543210142273
33.0,496.0,46.83365950543083
33.0,497.0,47.83600171637287
33.0,498.0,48.883438761210094
33.0,499.0,49.97683449405319
33.0,500.0,51.116916396101324
33.0,501.0,52.30425355580946
33.0,502.0,53.539234479030675
33.0,503.0,54.82204363928132
33.0,504.0,56.15263855739563
33.0,505.0,57.53072650033811
33.0,506.0,58.95574273685869
33.0,507.0,60.42682961875319
33.0,508.0,61.94281854976022
33.0,509.0,63.5022142482816
33.0,510.0,65.10318341815841
33.0,511.0,66.74354727643188
33.0,512.0,68.42077997742798
33.0,513.0,70.13201227797236
33.0,514.0,71.87404223732365
33.0,515.0,73.64335201675728
33.0,516.0,75.43613214826888
33.0,517.0,77.24831190126645
33.0,518.0,79.07559656470387
33.0,519.0,80.91350976351367
33.0,520.0,82.75744105804812
33.0,521.0,84.6026964944493
33.0,522.0,86.44455191320687
33.0,523.0,88.27830643310469
33.0,524.0,90.09933572702978
33.0,525.0,91.90314254780057
33.0,526.0,93.68540422912271
33.0,527.0,95.44201495242412
33.0,528.0,97.16912286404987
33.0,529.0,98.86316036627422
33.0,530.0,100.5208681534186
33.0,531.0,102.13931190813591
33.0,532.0,103.71589269944629
33.0,533.0,105.24835051499079
33.0,534.0,106.73476231177538
33.0,535.0,108.17353437877122
33.0,536.0,109.56339056032283
33.0,537.0,110.90335631849251
33.0,538.0,112.19274017754675
33.0,539.0,113.43111256615701
33.0,540.0,114.61828346818935
33.0,541.0,115.75427883989585
33.0,542.0,116.83931700049159
33.0,543.0,117.87378485401535
33.0,544.0,118.85821492215815
33.0,545.0,119.79326294476964
33.0,546.0,120.67968681007021
33.0,547.0,121.51832649359359
33.0,548.0,122.31008557731413
33.0,549.0,123.05591398443599
33.0,550.0,123.75679234317491
33.0,551.0,124.41371760644778
33.0,552.0,125.0276902129989
33.0,553.0,125.59970243874793
33.0,554.0,126.13072812070362
33.0,555.0,126.62171344788557
33.0,556.0,127.07356891642686
33.0,557.0,127.48716220606913
33.0,558.0,127.86331200205288
33.0,559.0,128.20278259380981
33.0,560.0,128.5062792085104
33.0,561.0,128.77444399213218
33.0,562.0,129.0078525339318
33.0,563.0,129.2070109322293
33.0,564.0,129.3723532367432
33.0,565.0,129.50423935260022
33.0,566.0,129.602953180835
33.0,567.0,129.66870116848767
33.0,568.0,129.70161098230312
33.0,569.0,129.7017305672706
33.0,570.0,129.66902724267777
33.0,571.0,129.60338718496112
33.0,572.0,129.50461488835998
33.0,573.0,129.37243304062042
33.0,574.0,129.20648234311605
33.0,575.0,129.0063218006507
33.0,576.0,128.7714289491446
33.0,577.0,128.50120063470862
33.0,578.0,128.19495375205184
33.0,579.0,127.8519266443019
33.0,580.0,127.47128051316272
33.0,581.0,127.05210163035068
33.0,582.0,126.59340364155564
33.0,583.0,126.09413084267136
33.0,584.0,125.55316166292933
33.0,585.0,124.96931332260952
33.0,586.0,124.34134684354767
33.0,587.0,123.66797346563715
33.0,588.0,122.94786158960459
33.0,589.0,122.17964537984105
33.0,590.0,121.36193408520796
33.0,591.0,120.49332328338019
33.0,592.0,119.5724070354946
33.0,593.0,118.59779221418952
33.0,594.0,117.56811390582236
33.0,595.0,116.48205318611244
33.0,596.0,115.3383560616142
33.0,597.0,114.13585488273503
33.0,598.0,112.87349088161355
33.0,599.0,111.55033910905274
33.0,600.0,110.16563424685701
33.0,601.0,108.71879849457812
33.0,602.0,107.2094697894783
33.0,603.0,105.63753144093444
33.0,604.0,104.0031411866486
33.0,605.0,102.30676060482945
33.0,606.0,100.54918262613226
33.0,607.0,98.73155793417189
33.0,608.0,96.85541776397315
33.0,609.0,94.9226937946514
33.0,610.0,92.93573250058222
33.0,611.0,90.89730468398811
33.0,612.0,88.81060756617205
33.0,613.0,86.67926037128005
33.0,614.0,84.5072910056472
33.0,615.0,82.29911519792266
33.0,616.0,80.05950615116859
33.0,617.0,77.79355669927506
33.0,618.0,75.50663262632908
33.0,619.0,73.20431986138665
33.0,620.0,70.89236483514367
33.0,621.0,68.57661135766813
33.0,622.0,66.26293377201489
33.0,623.0,63.957170139697595
33.0,624.0,61.66505536749656
33.0,625.0,59.39215806408645
33.0,626.0,57.14382081608984
33.0,627.0,54.925107340210296
33.0,628.0,52.74075566758384
33.0,629.0,50.595140235161274
33.0,630.0,48.49224134740857
33.0,631.0,46.43562422771846
33.0,632.0,44.42842545060821
33.0,633.0,42.47334841137807
33.0,634.0,40.572665111694974
33.0,635.0,38.728225550560076
33.0,636.0,36.94147170920306
33.0,637.0,35.21345727210236
33.0,638.0,33.544869996057095
33.0,639.0,31.936057906093566
33.0,640.0,30.38705631211996
33.0,641.0,28.897616980306815
33.0,642.0,27.46723662501939
33.0,643.0,26.095186262687932
33.0,644.0,24.780538795196286
33.0,645.0,23.5221965726098
33.0,646.0,22.318916493215372
33.0,647.0,21.169334569101757
33.0,648.0,20.071987672601473
33.0,649.0,19.025334526829315
33.0,650.0,18.027773773359307
33.0,651.0,17.077661270747
33.0,652.0,16.173324537823728
33.0,653.0,15.313076547034976
33.0,654.0,14.495226833071913
33.0,655.0,13.71809214297308
33.0,656.0,12.980004623118727
33.0,657.0,12.279319767838329
33.0,658.0,11.614422141764761
33.0,659.0,10.983731083915522
33.0,660.0,10.385704415052356
33.0,661.0,9.818842329715924
33.0,662.0,9.28168950112666
33.0,663.0,8.772837547784624
33.0,664.0,8.290925896873368
33.0,665.0,7.834643157312673
33.0,666.0,7.402727046653447
33.0,667.0,6.99396494681727
33.0,668.0,6.6071931451983446
33.0,669.0,6.2412967973111195
33.0,670.0,5.895208683552622
33.0,671.0,5.567908756887539
33.0,672.0,5.258422573928391
33.0,673.0,4.965820566426723
33.0,674.0,4.689216269309959
33.0,675.0,4.427765422050165
33.0,676.0,4.180664086709567
33.0,677.0,3.947147658681444
33.0,678.0,3.7264889439647653
33.0,679.0,3.517997137555883
33.0,680.0,3.3210159102935863
33.0,681.0,3.1349223965080903
33.0,682.0,2.9591253260419257
33.0,683.0,2.793064049848931
33.0,684.0,2.63620674145353
33.0,685.0,2.4880494793290246
33.0,686.0,2.3481145334467293
33.0,687.0,2.2159495158372366
33.0,688.0,2.0911257614383563
33.0,689.0,1.973237552740257
33.0,690.0,1.861900599399051
33.0,691.0,1.7567513388630478
33.0,692.0,1.65744551579534
33.0,693.0,1.563657557730819
33.0,694.0,1.4750792529393106
33.0,695.0,1.3914191981975423
33.0,696.0,1.3124015720805418
33.0,697.0,1.2377656506330077
33.0,698.0,1.1672646720092281
33.0,699.0,1.100665415024976
33.0,700.0,1.0377471504259632
33.0,701.0,0.9783012768631355
33.0,702.0,0.9221303537414014
33.0,703.0,0.8690477889870273
33.0,704.0,0.8188769483237818
33.0,705.0,0.771450889213927
33.0,706.0,0.7266115414608967
33.0,707.0,0.6842094818467852
33.0,708.0,0.6441031811186487
33.0,709.0,0.6061588140716272
33.0,710.0,0.5702495682021386
33.0,711.0,0.5362554842642835
33.0,712.0,0.5040628221396817
33.0,713.0,0.4735639272016871
33.0,714.0,0.4446566492379882
33.0,715.0,0.4172442302750724
33.0,716.0,0.3912347726813063
33.0,717.0,0.366541144420665
33.0,718.0,0.3430804927504487
33.0,719.0,0.3207741631799157
33.0,720.0,0.2995472554509277
33.0,721.0,0.2793285527679466
33.0,722.0,0.2600501170069607
33.0,723.0,0.2416472250545258
33.0,724.0,0.22405800042728036
33.0,725.0,0.20722335380701712
33.0,726.0,0.19108664846816206
33.0,727.0,0.17559364232200125
33.0,728.0,0.16069218474177976
33.0,729.0,0.14633215763165813
33.0,730.0,0.1324652014082791
33.0,731.0,0.1190446527887692
33.0,732.0,0.10602529783381003
33.0,733.0,0.09336330430431411
33.0,734.0,0.08101599979454732
33.0,735.0,0.06894179663945384
33.0,736.0,0.05709999326764087
33.0,737.0,0.04545068975123874
33.0,738.0,0.03395461058804559
33.0,739.0,0.022573009073817783
33.0,740.0,0.011267509781014286
33.0,741.0,0.0
34.0,0.0,0.0
34.0,1.0,0.0028620141764858676
34.0,2.0,0.005733678629018927
34.0,3.0,0.008624677013111481
34.0,4.0,0.01154475554174107
34.0,5.0,0.014503760992429818
34.0,6.0,0.017511666112425942
34.0,7.0,0.020578612682238987
34.0,8.0,0.023714933584353642
34.0,9.0,0.02693120135995819
34.0,10.0,0.030238247390502633
34.0,11.0,0.033647216397500686
34.0,12.0,0.03716958320453909
34.0,13.0,0.04081721364849383
34.0,14.0,0.04460237941332622
34.0,15.0,0.04853782584492114
34.0,16.0,0.05263678537728253
34.0,17.0,0.05691305277257402
34.0,18.0,0.06138099769526725
34.0,19.0,0.06605564793393712
34.0,20.0,0.0709527017196222
34.0,21.0,0.07608861952656444
34.0,22.0,0.08148063677757375
34.0,23.0,0.08714686486722163
34.0,24.0,0.09310630494935067
34.0,25.0,0.09937895887815736
34.0,26.0,0.1059858448310295
34.0,27.0,0.11294911892027079
34.0,28.0,0.12029209346788797
34.0,29.0,0.12803937010299818
34.0,30.0,0.1362168615734808
34.0,31.0,0.14485193721065392
34.0,32.0,0.1539734492349618
34.0,33.0,0.16361189153918748
34.0,34.0,0.1737994315201938
34.0,35.0,0.18457008320307564
34.0,36.0,0.19595974570638686
34.0,37.0,0.20800639179979166
34.0,38.0,0.22075011418329346
34.0,39.0,0.2342333306366752
34.0,40.0,0.24850083935993258
34.0,41.0,0.2636000419293155
34.0,42.0,0.2795810090008547
34.0,43.0,0.29649672232858515
34.0,44.0,0.31440315216812353
34.0,45.0,0.3333595196288266
34.0,46.0,0.3534283871195865
34.0,47.0,0.3746759422864294
34.0,48.0,0.39717210280442145
34.0,49.0,0.4209908230798847
34.0,50.0,0.4462102145925742
34.0,51.0,0.47291287639672286
34.0,52.0,0.5011860320329716
34.0,53.0,0.531121884618073
34.0,54.0,0.5628177710459735
34.0,55.0,0.5963765420776569
34.0,56.0,0.6319067340961338
34.0,57.0,0.6695229740513708
34.0,58.0,0.7093461683748858
34.0,59.0,0.7515039318439406
34.0,60.0,0.7961307923351248
34.0,61.0,0.8433686415767552
34.0,62.0,0.8933669531489666
34.0,63.0,0.9462832516066397
34.0,64.0,1.00228333941995
34.0,65.0,1.0615417789662622
34.0,66.0,1.1242421218337673
34.0,67.0,1.1905773955731949
34.0,68.0,1.2607503258211539
34.0,69.0,1.3349738163240912
34.0,70.0,1.413471150520516
34.0,71.0,1.4964764490352434
34.0,72.0,1.5842348325190905
34.0,73.0,1.6770028353854447
34.0,74.0,1.7750485056664358
34.0,75.0,1.878651747055375
34.0,76.0,1.9881043241405232
34.0,77.0,2.1037100966869877
34.0,78.0,2.2257848897454404
34.0,79.0,2.3546565744934274
34.0,80.0,2.4906647523871124
34.0,81.0,2.6341606258688297
34.0,82.0,2.7855064341286595
34.0,83.0,2.9450750449057916
34.0,84.0,3.113249067062552
34.0,85.0,3.290420082288184
34.0,86.0,3.4769873475519066
34.0,87.0,3.6733565740678253
34.0,88.0,3.879938122469718
34.0,89.0,4.097145228035041
34.0,90.0,4.325391585730229
34.0,91.0,4.56508891859436
34.0,92.0,4.816643852420524
34.0,93.0,5.080454732787564
34.0,94.0,5.356907705143001
34.0,95.0,5.646372710939704
34.0,96.0,5.949198724507386
34.0,97.0,6.265708906732895
34.0,98.0,6.596195012140773
34.0,99.0,6.940911756154514
34.0,100.0,7.300070500197574
34.0,101.0,7.673833000464022
34.0,102.0,8.062304608246185
34.0,103.0,8.465527714044073
34.0,104.0,8.883474860497907
34.0,105.0,9.316042366327787
34.0,106.0,9.763043924870237
34.0,107.0,10.22420506543758
34.0,108.0,10.699157971586535
34.0,109.0,11.187437575333526
34.0,110.0,11.688478431052278
34.0,111.0,12.20161328999419
34.0,112.0,12.726072854353326
34.0,113.0,13.260987592439625
34.0,114.0,13.805391024928921
34.0,115.0,14.358225277638645
34.0,116.0,14.918348197970491
34.0,117.0,15.48454270480634
34.0,118.0,16.05552752713345
34.0,119.0,16.629969858421884
34.0,120.0,17.206498940276898
34.0,121.0,17.78372097650904
34.0,122.0,18.360234285612357
34.0,123.0,18.934645018714704
34.0,124.0,19.50558231188995
34.0,125.0,20.07171319987683
34.0,126.0,20.63175619923103
34.0,127.0,21.184493961997372
34.0,128.0,21.728784013493325
34.0,129.0,22.263568101140205
34.0,130.0,22.78787930971118
34.0,131.0,23.300847612674545
34.0,132.0,23.801703156879686
34.0,133.0,24.289778075919447
34.0,134.0,24.76450624224075
34.0,135.0,25.225421839462268
34.0,136.0,25.67215623390206
34.0,137.0,26.1044340661825
34.0,138.0,26.522068066683744
34.0,139.0,26.92495351386704
34.0,140.0,27.313061829517448
34.0,141.0,27.686434199202036
34.0,142.0,28.04517468139268
34.0,143.0,28.389443647627747
34.0,144.0,28.719450978473986
34.0,145.0,29.03544980786187
34.0,146.0,29.3377302032227
34.0,147.0,29.62661352780637
34.0,148.0,29.902446842157104
34.0,149.0,30.165598052323684
34.0,150.0,30.416451140443538
34.0,151.0,30.655402154868828
34.0,152.0,30.882855283241277
34.0,153.0,31.099219662966178
34.0,154.0,31.304906248133726
34.0,155.0,31.500325370802393
34.0,156.0,31.685884317512368
34.0,157.0,31.86198554688759
34.0,158.0,32.02902487550412
34.0,159.0,32.18739024875541
34.0,160.0,32.33746043324643
34.0,161.0,32.47960423999599
34.0,162.0,32.61417962625595
34.0,163.0,32.74153327852824
34.0,164.0,32.86200003697969
34.0,165.0,32.97590275725835
34.0,166.0,33.083551982873864
34.0,167.0,33.18524601729176
34.0,168.0,33.28127078209634
34.0,169.0,33.371900043018044
34.0,170.0,33.45739540340438
34.0,171.0,33.53800663897248
34.0,172.0,33.613971786579334
34.0,173.0,33.685517552260826
34.0,174.0,33.752859464327024
34.0,175.0,33.816202327571155
34.0,176.0,33.875740417323094
34.0,177.0,33.93165795965292
34.0,178.0,33.98412934930649
34.0,179.0,34.03331964142962
34.0,180.0,34.079384781443125
34.0,181.0,34.12247209844302
34.0,182.0,34.16272053921932
34.0,183.0,34.20026115721148
34.0,184.0,34.235217346192215
34.0,185.0,34.26770532162008
34.0,186.0,34.29783435212532
34.0,187.0,34.325707232412746
34.0,188.0,34.351420512689565
34.0,189.0,34.3750649639974
34.0,190.0,34.39672580715409
34.0,191.0,34.416483172548595
34.0,192.0,34.4344123310176
34.0,193.0,34.45058415068216
34.0,194.0,34.465065332378956
34.0,195.0,34.47791886596037
34.0,196.0,34.489204272333836
34.0,197.0,34.49897806065382
34.0,198.0,34.507293977547256
34.0,199.0,34.51420346465231
34.0,200.0,34.51975591309194
34.0,201.0,34.523999117761406
34.0,202.0,34.52697953151095
34.0,203.0,34.52874270848636
34.0,204.0,34.52933354793946
34.0,205.0,34.528796714068434
34.0,206.0,34.527176854347765
34.0,207.0,34.52451897835083
34.0,208.0,34.52086863084732
34.0,209.0,34.51627220810906
34.0,210.0,34.510777063055315
34.0,211.0,34.504431735997116
34.0,212.0,34.49728596936315
34.0,213.0,34.48939083225713
34.0,214.0,34.48079862714716
34.0,215.0,34.47156289506188
34.0,216.0,34.46173820665869
34.0,217.0,34.45138004730671
34.0,218.0,34.44054449932466
34.0,219.0,34.42928802189939
34.0,220.0,34.41766704746546
34.0,221.0,34.405737687110715
34.0,222.0,34.393555278251306
34.0,223.0,34.38117405784955
34.0,224.0,34.368646706830766
34.0,225.0,34.35602403772477
34.0,226.0,34.343354581202426
34.0,227.0,34.33068433033939
34.0,228.0,34.31805640622154
34.0,229.0,34.30551088922924
34.0,230.0,34.29308458634373
34.0,231.0,34.28081096402196
34.0,232.0,34.26872002352049
34.0,233.0,34.25683833410716
34.0,234.0,34.24518900821203
34.0,235.0,34.23379182117978
34.0,236.0,34.22266326789734
34.0,237.0,34.211816747725564
34.0,238.0,34.20126267928275
34.0,239.0,34.191008726669054
34.0,240.0,34.18105994872357
34.0,241.0,34.17141904410834
34.0,242.0,34.16208651423097
34.0,243.0,34.15306090866427
34.0,244.0,34.144338985500625
34.0,245.0,34.13591594350319
34.0,246.0,34.127785568650125
34.0,247.0,34.11994044426715
34.0,248.0,34.112372077074156
34.0,249.0,34.10507108069932
34.0,250.0,34.09802727821973
34.0,251.0,34.09122985763971
34.0,252.0,34.08466745060101
34.0,253.0,34.07832826061554
34.0,254.0,34.07220011938507
34.0,255.0,34.06627058994544
34.0,256.0,34.06052700305168
34.0,257.0,34.054956538106744
34.0,258.0,34.04954624253072
34.0,259.0,34.044283093602914
34.0,260.0,34.03915400382352
34.0,261.0,34.03414586675827
34.0,262.0,34.02924555126405
34.0,263.0,34.024439934219174
34.0,264.0,34.01971588623175
34.0,265.0,34.0150602938596
34.0,266.0,34.01046003912971
34.0,267.0,34.00590201356341
34.0,268.0,34.00137309355941
34.0,269.0,33.996860148283844
34.0,270.0,33.99235001274025
34.0,271.0,33.98782949138611
34.0,272.0,33.98328533055009
34.0,273.0,33.9787042195112
34.0,274.0,33.974072763837334
34.0,275.0,33.96937748561697
34.0,276.0,33.96460479928813
34.0,277.0,33.959741012748104
34.0,278.0,33.954772307317846
34.0,279.0,33.94968474157046
34.0,280.0,33.94446423722836
34.0,281.0,33.93909658773853
34.0,282.0,33.933567452118155
34.0,283.0,33.92786237054915
34.0,284.0,33.92196676845277
34.0,285.0,33.91586598165259
34.0,286.0,33.90954527323664
34.0,287.0,33.902989871105184
34.0,288.0,33.896185000418406
34.0,289.0,33.88911593653853
34.0,290.0,33.88176805598377
34.0,291.0,33.87412690779995
34.0,292.0,33.86617828583666
34.0,293.0,33.857908321312664
34.0,294.0,33.84930357875039
34.0,295.0,33.84035117176739
34.0,296.0,33.83103888397082
34.0,297.0,33.821355308622614
34.0,298.0,33.81128999401072
34.0,299.0,33.800833605408904
34.0,300.0,33.78997809173498
34.0,301.0,33.77871686502256
34.0,302.0,33.76704498147217
34.0,303.0,33.75495932947862
34.0,304.0,33.742458813599036
34.0,305.0,33.729544537299816
34.0,306.0,33.71621997334274
34.0,307.0,33.70249112246762
34.0,308.0,33.68836664908923
34.0,309.0,33.67385799319135
34.0,310.0,33.65897944731508
34.0,311.0,33.64374819745216
34.0,312.0,33.628184317625454
34.0,313.0,33.612310718055944
34.0,314.0,33.596153038560466
34.0,315.0,33.57973948979084
34.0,316.0,33.56310063678278
34.0,317.0,33.54626913156158
34.0,318.0,33.52927939262772
34.0,319.0,33.51216724299676
34.0,320.0,33.49496950766178
34.0,321.0,33.47772358690778
34.0,322.0,33.460467008041746
34.0,323.0,33.4432369755621
34.0,324.0,33.42606992180409
34.0,325.0,33.40900107989202
34.0,326.0,33.39206407793861
34.0,327.0,33.375290576351816
34.0,328.0,33.35870994185132
34.0,329.0,33.34234897895325
34.0,330.0,33.32623170579787
34.0,331.0,33.310379193854374
34.0,332.0,33.29480945128136
34.0,333.0,33.27953736911226
34.0,334.0,33.26457470340108
34.0,335.0,33.24993011364529
34.0,336.0,33.23560922484302
34.0,337.0,33.221614736379436
34.0,338.0,33.20794654018114
34.0,339.0,33.19460187579913
34.0,340.0,33.181575480511206
34.0,341.0,33.16885976781792
34.0,342.0,33.15644498824324
34.0,343.0,33.14431941239802
34.0,344.0,33.13246948582714
34.0,345.0,33.120880002744435
34.0,346.0,33.10953424329135
34.0,347.0,33.09841412893214
34.0,348.0,33.08750033507097
34.0,349.0,33.07677242328161
34.0,350.0,33.06620892594149
34.0,351.0,33.05578745369452
34.0,352.0,33.04548475148446
34.0,353.0,33.035276781908834
34.0,354.0,33.02513875385032
34.0,355.0,33.01504518381233
34.0,356.0,33.00496989943146
34.0,357.0,32.99488608168621
34.0,358.0,32.9847662461272
34.0,359.0,32.97458226921744
34.0,360.0,32.96430535032681
34.0,361.0,32.953906025568294
34.0,362.0,32.943354113625794
34.0,363.0,32.93261872043398
34.0,364.0,32.92166817186602
34.0,365.0,32.910470012571174
34.0,366.0,32.89899092853244
34.0,367.0,32.8871967434053
34.0,368.0,32.87505233403207
34.0,369.0,32.862521627774996
34.0,370.0,32.84956751429621
34.0,371.0,32.836151847693
34.0,372.0,32.82223535825819
34.0,373.0,32.80777766374021
34.0,374.0,32.792737185419135
34.0,375.0,32.77707117355611
34.0,376.0,32.76073563297845
34.0,377.0,32.74368536876954
34.0,378.0,32.72587392766531
34.0,379.0,32.707253671272326
34.0,380.0,32.687775740932494
34.0,381.0,32.66739016722761
34.0,382.0,32.64604586753682
34.0,383.0,32.62369080223736
34.0,384.0,32.600272015883576
34.0,385.0,32.57573585223756
34.0,386.0,32.55002805169312
34.0,387.0,32.52309403887621
34.0,388.0,32.49487909037789
34.0,389.0,32.46532870984644
34.0,390.0,32.4343888809034
34.0,391.0,32.40200654495082
34.0,392.0,32.36812995378173
34.0,393.0,32.332709264113056
34.0,394.0,32.295697002139654
34.0,395.0,32.25704878526166
34.0,396.0,32.216723905776796
34.0,397.0,32.17468618345088
34.0,398.0,32.13090466672615
34.0,399.0,32.08535460874173
34.0,400.0,32.038018271005775
34.0,401.0,31.988885999540585
34.0,402.0,31.937957097545464
34.0,403.0,31.885240957558594
34.0,404.0,31.83075794682995
34.0,405.0,31.774540527080735
34.0,406.0,31.71663407130068
34.0,407.0,31.657097878035767
34.0,408.0,31.596005815399884
34.0,409.0,31.533447117216465
34.0,410.0,31.469526735601278
34.0,411.0,31.40436579895057
34.0,412.0,31.338101556190985
34.0,413.0,31.27088738915805
34.0,414.0,31.20289225638414
34.0,415.0,31.134300190158836
34.0,416.0,31.065309198441106
34.0,417.0,30.99613023951505
34.0,418.0,30.926985613056935
34.0,419.0,30.858107484324044
34.0,420.0,30.789735876884606
34.0,421.0,30.722116897314326
34.0,422.0,30.655500513575692
34.0,423.0,30.590138690086764
34.0,424.0,30.52628317776525
34.0,425.0,30.464183791277566
34.0,426.0,30.40408643698054
34.0,427.0,30.346231742602487
34.0,428.0,30.290853507720644
34.0,429.0,30.238177837621706
34.0,430.0,30.188422129906726
34.0,431.0,30.14179478562404
34.0,432.0,30.098494764543368
34.0,433.0,30.058711868006124
34.0,434.0,30.022626823385004
34.0,435.0,29.990412070840243
34.0,436.0,29.962232287171076
34.0,437.0,29.93824557126669
34.0,438.0,29.91860429316401
34.0,439.0,29.903456560751298
34.0,440.0,29.89294727845617
34.0,441.0,29.88721978537117
34.0,442.0,29.886417022726434
34.0,443.0,29.890683253427948
34.0,444.0,29.90016526061589
34.0,445.0,29.915014083383067
34.0,446.0,29.935386193840028
34.0,447.0,29.961445208092066
34.0,448.0,29.99336301200499
34.0,449.0,30.03132142712454
34.0,450.0,30.07551327351494
34.0,451.0,30.12614398581773
34.0,452.0,30.183432614439845
34.0,453.0,30.247613397243832
34.0,454.0,30.318936708273856
34.0,455.0,30.397670596203245
34.0,456.0,30.484101693429686
34.0,457.0,30.57853673418095
34.0,458.0,30.681303436994842
34.0,459.0,30.792752014068302
34.0,460.0,30.9132560375535
34.0,461.0,31.043213947917664
34.0,462.0,31.183049909608496
34.0,463.0,31.333215320225808
34.0,464.0,31.49418965416887
34.0,465.0,31.66648196642117
34.0,466.0,31.85063171379223
34.0,467.0,32.047210236981186
34.0,468.0,32.256821537768374
34.0,469.0,32.480103710468434
34.0,470.0,32.717729639552196
34.0,471.0,32.97040833620052
34.0,472.0,33.23888550386825
34.0,473.0,33.52394471689184
34.0,474.0,33.826407780908035
34.0,475.0,34.14713566781686
34.0,476.0,34.48702857322932
34.0,477.0,34.84702649508784
34.0,478.0,35.22810886107969
34.0,479.0,35.631294606650826
34.0,480.0,36.05764121156279
34.0,481.0,36.50824409714793
34.0,482.0,36.98423487350124
34.0,483.0,37.48677983665647
34.0,484.0,38.01707718789443
34.0,485.0,38.57635437137153
34.0,486.0,39.165863987841696
34.0,487.0,39.78687967630739
34.0,488.0,40.44069041146235
34.0,489.0,41.128594605926416
34.0,490.0,41.85189246228028
34.0,491.0,42.611877965531605
34.0,492.0,43.409828968815006
34.0,493.0,44.24699677305479
34.0,494.0,45.12459367646414
34.0,495.0,46.0437799181336
34.0,496.0,47.005648535335936
34.0,497.0,48.011209601196285
34.0,498.0,49.061372432214625
34.0,499.0,50.15692729838671
34.0,500.0,51.29852532531394
34.0,501.0,52.486658213100554
34.0,502.0,53.72163659139418
34.0,503.0,55.00356875017512
34.0,504.0,56.332338718530764
34.0,505.0,57.70758555647763
34.0,506.0,59.128682990164684
34.0,507.0,60.594721367683796
34.0,508.0,62.10449119890717
34.0,509.0,63.656470319245926
34.0,510.0,65.24881400787515
34.0,511.0,66.8793500697266
34.0,512.0,68.5455781693831
34.0,513.0,70.2446752627403
34.0,514.0,71.97350623164805
34.0,515.0,73.7286412536619
34.0,516.0,75.50637868952265
34.0,517.0,77.30277457948219
34.0,518.0,79.11367711628455
34.0,519.0,80.93476668947879
34.0,520.0,82.76159945511075
34.0,521.0,84.58965458236759
34.0,522.0,86.41438283403339
34.0,523.0,88.23125635432788
34.0,524.0,90.03581723702133
34.0,525.0,91.82372470574843
34.0,526.0,93.590798646422
34.0,527.0,95.33305951840929
34.0,528.0,97.04676276453131
34.0,529.0,98.72842810649712
34.0,530.0,100.37486234242304
34.0,531.0,101.98317644651934
34.0,532.0,103.55079608501508
34.0,533.0,105.07546670670068
34.0,534.0,106.55525272707925
34.0,535.0,107.98853219585472
34.0,536.0,109.37398673164051
34.0,537.0,110.71058819506828
34.0,538.0,111.99758200813822
34.0,539.0,113.23446854007875
34.0,540.0,114.42098248148487
34.0,541.0,115.55707148338685
34.0,542.0,116.64287393042632
34.0,543.0,117.67869693231542
34.0,544.0,118.66499432453097
34.0,545.0,119.60234555736582
34.0,546.0,120.49143519059733
34.0,547.0,121.33303367929364
34.0,548.0,122.1279791165005
34.0,549.0,122.87716044837174
34.0,550.0,123.58150180523883
34.0,551.0,124.24194832116414
34.0,552.0,124.85945309243183
34.0,553.0,125.43496552928598
34.0,554.0,125.96942078356054
34.0,555.0,126.46373040833889
34.0,556.0,126.9187739842564
34.0,557.0,127.3353917851486
34.0,558.0,127.71437828398328
34.0,559.0,128.05647649824976
34.0,560.0,128.36237305179642
34.0,561.0,128.6326938848106
34.0,562.0,128.86800057113217
34.0,563.0,129.0687871103793
34.0,564.0,129.23547723986724
34.0,565.0,129.36842207101498
34.0,566.0,129.46789818290623
34.0,567.0,129.53410591528865
34.0,568.0,129.5671680822313
34.0,569.0,129.56712878620047
34.0,570.0,129.5339526426494
34.0,571.0,129.4675240321602
34.0,572.0,129.36764677920507
34.0,573.0,129.23404381181675
34.0,574.0,129.06635729027127
34.0,575.0,128.86414869660467
34.0,576.0,128.62689946221946
34.0,577.0,128.35401156355795
34.0,578.0,128.044808752404
34.0,579.0,127.69853778984697
34.0,580.0,127.31437043984417
34.0,581.0,126.89140553147368
34.0,582.0,126.42867193493123
34.0,583.0,125.92513170120279
34.0,584.0,125.37968429860533
34.0,585.0,124.7911711370348
34.0,586.0,124.15838139895938
34.0,587.0,123.48005830755149
34.0,588.0,122.7549069324072
34.0,589.0,121.98160259907536
34.0,590.0,121.15880107660904
34.0,591.0,120.28514953790281
34.0,592.0,119.35929952866482
34.0,593.0,118.37992085615564
34.0,594.0,117.3457176772646
34.0,595.0,116.25544559515286
34.0,596.0,115.1079310630715
34.0,597.0,113.90209177769673
34.0,598.0,112.63695934813775
34.0,599.0,111.31170276514072
34.0,600.0,109.92565390774517
34.0,601.0,108.47833342043306
34.0,602.0,106.96947811261568
34.0,603.0,105.39906799243043
34.0,604.0,103.76735397365672
34.0,605.0,102.07488413227723
34.0,606.0,100.32252943290226
34.0,607.0,98.51150658176503
34.0,608.0,96.6433988400863
34.0,609.0,94.72017229565084
34.0,610.0,92.74418842327172
34.0,611.0,90.7182103888566
34.0,612.0,88.64540406232955
34.0,613.0,86.52933131628185
34.0,614.0,84.37393688653444
34.0,615.0,82.18352668082575
34.0,616.0,79.96273929797069
34.0,617.0,77.71650911152535
34.0,618.0,75.45002328230191
34.0,619.0,73.16867159033791
34.0,620.0,70.87799205184652
34.0,621.0,68.583611681187
34.0,622.0,66.29118581926352
34.0,623.0,64.00633565106781
34.0,624.0,61.73458752346328
34.0,625.0,59.481313652860344
34.0,626.0,57.2516777101079
34.0,627.0,55.05058454348224
34.0,628.0,52.88263713705709
34.0,629.0,50.75209952992273
34.0,630.0,48.66286825804667
34.0,631.0,46.61845044188478
34.0,632.0,44.62195054500367
34.0,633.0,42.67606339347761
34.0,634.0,40.78307506032743
34.0,635.0,38.94486883024023
34.0,636.0,37.162937602706926
34.0,637.0,35.438399761892406
34.0,638.0,33.772019801151075
34.0,639.0,32.1642307093636
34.0,640.0,30.61515947396759
34.0,641.0,29.124652803032674
34.0,642.0,27.69230457092224
34.0,643.0,26.317482246679017
34.0,644.0,24.999353990862087
34.0,645.0,23.736913853129245
34.0,646.0,22.529006931198843
34.0,647.0,21.37435208309328
34.0,648.0,20.271564199793662
34.0,649.0,19.219173761149378
34.0,650.0,18.215645791310347
34.0,651.0,17.259396034814937
34.0,652.0,16.34880654139271
34.0,653.0,15.482238549086155
34.0,654.0,14.658044893101595
34.0,655.0,13.874579874701036
34.0,656.0,13.1302088312215
34.0,657.0,12.423315369305174
34.0,658.0,11.752308497168457
34.0,659.0,11.115627635052334
34.0,660.0,10.511747721255455
34.0,661.0,9.939182404262738
34.0,662.0,9.396487511251305
34.0,663.0,8.882262792881344
34.0,664.0,8.39515410206193
34.0,665.0,7.93385401656037
34.0,666.0,7.497103027247969
34.0,667.0,7.083689313982577
34.0,668.0,6.692449193077654
34.0,669.0,6.3222662735723665
34.0,670.0,5.972071367244956
34.0,671.0,5.640841208310823
34.0,672.0,5.327597987969332
34.0,673.0,5.031407782096126
34.0,674.0,4.751379836844782
34.0,675.0,4.486664816361731
34.0,676.0,4.236453936361905
34.0,677.0,3.9999771170440406
34.0,678.0,3.7765020373920866
34.0,679.0,3.565332256749299
34.0,680.0,3.3658062432273987
34.0,681.0,3.1772955101259575
34.0,682.0,2.9992036565555042
34.0,683.0,2.83096455136172
34.0,684.0,2.6720414121998144
34.0,685.0,2.5219250591802522
34.0,686.0,2.380133049542705
34.0,687.0,2.246208015292869
34.0,688.0,2.119716863767285
34.0,689.0,2.000249207573364
34.0,690.0,1.8874166362470524
34.0,691.0,1.7808512424169087
34.0,692.0,1.6802049660502454
34.0,693.0,1.5851482175892624
34.0,694.0,1.4953692936446759
34.0,695.0,1.4105730956164941
34.0,696.0,1.3304806138757987
34.0,697.0,1.2548277388605293
34.0,698.0,1.1833648095865066
34.0,699.0,1.115855513222662
34.0,700.0,1.0520764930349178
34.0,701.0,0.9918163318573712
34.0,702.0,0.9348752141753999
34.0,703.0,0.8810639886122763
34.0,704.0,0.8302038787068001
34.0,705.0,0.7821256194464125
34.0,706.0,0.7366692113178647
34.0,707.0,0.693683125975438
34.0,708.0,0.6530240982860901
34.0,709.0,0.6145563963775595
34.0,710.0,0.5781516466210885
34.0,711.0,0.5436881635235996
34.0,712.0,0.5110508028609748
34.0,713.0,0.4801303471349439
34.0,714.0,0.45082338236555425
34.0,715.0,0.4230317351077597
34.0,716.0,0.39666236871686367
34.0,717.0,0.3716268681982364
34.0,718.0,0.3478413520625424
34.0,719.0,0.32522600155479364
34.0,720.0,0.3037049845089604
34.0,721.0,0.2832060257629518
34.0,722.0,0.2636603396992642
34.0,723.0,0.24500223889597025
34.0,724.0,0.2271690722977931
34.0,725.0,0.21010086937691635
34.0,726.0,0.19374028111510921
34.0,727.0,0.17803225715044874
34.0,728.0,0.1629239869646593
34.0,729.0,0.14836460767180343
34.0,730.0,0.13430514299534102
34.0,731.0,0.12069823951217791
34.0,732.0,0.1074981011710508
34.0,733.0,0.09466025194008236
34.0,734.0,0.08214146376219633
34.0,735.0,0.06989954366677444
34.0,736.0,0.05789325317930382
34.0,737.0,0.046082118048234116
34.0,738.0,0.03442633722541623
34.0,739.0,0.022886613428205468
34.0,740.0,0.011424049884923815
34.0,741.0,0.0
35.0,0.0,0.0
35.0,1.0,0.002896546695601473
35.0,2.0,0.005802860285776167
35.0,3.0,0.008728739259599856
35.0,4.0,0.011684049762844989
35.0,5.0,0.014678753156129579
35.0,6.0,0.017722946976230006
35.0,7.0,0.020826888894342463
35.0,8.0,0.02400104301324551
35.0,9.0,0.027256100672518234
35.0,10.0,0.030603032528828428
35.0,11.0,0.03405310667063858
35.0,12.0,0.037617946944733166
35.0,13.0,0.0413095488640219
35.0,14.0,0.045140344664621704
35.0,15.0,0.04912321751693429
35.0,16.0,0.05327157382424737
35.0,17.0,0.057599356279422094
35.0,18.0,0.06212112394815431
35.0,19.0,0.06685206475144691
35.0,20.0,0.0718080839144336
35.0,21.0,0.07700581649838771
35.0,22.0,0.08246272483937131
35.0,23.0,0.08819711180283757
35.0,24.0,0.09422822788525644
35.0,25.0,0.10057628591929248
35.0,26.0,0.10726257856577937
35.0,27.0,0.11430949525772777
35.0,28.0,0.12174065086918993
35.0,29.0,0.12958090575147765
35.0,30.0,0.13785650642891786
35.0,31.0,0.14659510964982056
35.0,32.0,0.15582593602584324
35.0,33.0,0.16557979909218076
35.0,34.0,0.17588927287568107
35.0,35.0,0.186788727031563
35.0,36.0,0.19831450939330822
35.0,37.0,0.21050498832427303
35.0,38.0,0.2234007513665315
35.0,39.0,0.23704465601127014
35.0,40.0,0.25148204561975046
35.0,41.0,0.266760809871174
35.0,42.0,0.2829316191707055
35.0,43.0,0.3000479960705159
35.0,44.0,0.3181665693991712
35.0,45.0,0.337347157961321
35.0,46.0,0.35765304560876415
35.0,47.0,0.37915107849413715
35.0,48.0,0.40191196224212755
35.0,49.0,0.42601037394590224
35.0,50.0,0.4515252824682421
35.0,51.0,0.4785400762046327
35.0,52.0,0.5071429073238085
35.0,53.0,0.537426836050292
35.0,54.0,0.5694901993100975
35.0,55.0,0.6034367718719729
35.0,56.0,0.6393761593561115
35.0,57.0,0.6774239759715736
35.0,58.0,0.7177022611223103
35.0,59.0,0.7603396726305598
35.0,60.0,0.8054719251709419
35.0,61.0,0.8532419967044017
35.0,62.0,0.9038005856081972
35.0,63.0,0.9573063264745176
35.0,64.0,1.0139262609854633
35.0,65.0,1.0738360571493692
35.0,66.0,1.137220486580757
35.0,67.0,1.2042736385317736
35.0,68.0,1.2751993931448258
35.0,69.0,1.3502116181453907
35.0,70.0,1.4295346236914621
35.0,71.0,1.51340332517369
35.0,72.0,1.6020636603343765
35.0,73.0,1.6957726961153756
35.0,74.0,1.7947989826091233
35.0,75.0,1.8994225751639833
35.0,76.0,2.009935292339454
35.0,77.0,2.126640616429834
35.0,78.0,2.2498538138730932
35.0,79.0,2.379901667990124
35.0,80.0,2.5171224103187004
35.0,81.0,2.6618652288593667
35.0,82.0,2.814489947865661
35.0,83.0,2.975366243683152
35.0,84.0,3.144872999254556
35.0,85.0,3.3233971485898874
35.0,86.0,3.5113326217623673
35.0,87.0,3.7090787295917047
35.0,88.0,3.9170386070137027
35.0,89.0,4.135617043907703
35.0,90.0,4.365218332090803
35.0,91.0,4.606243449543946
35.0,92.0,4.859087222605361
35.0,93.0,5.124134783374721
35.0,94.0,5.40175797869782
35.0,95.0,5.692311049442359
35.0,96.0,5.996126257101056
35.0,97.0,6.313508784616992
35.0,98.0,6.6447316154629865
35.0,99.0,6.990029733868622
35.0,100.0,7.349594384261457
35.0,101.0,7.723566756824071
35.0,102.0,8.112031877750606
35.0,103.0,8.515012101642432
35.0,104.0,8.932461028971444
35.0,105.0,9.36425727912885
35.0,106.0,9.810198984647485
35.0,107.0,10.269998465655782
35.0,108.0,10.743277982489078
35.0,109.0,11.22956603954801
35.0,110.0,11.72829514939565
35.0,111.0,12.238800518402838
35.0,112.0,12.760320541863965
35.0,113.0,13.291998522914602
35.0,114.0,13.832886443192033
35.0,115.0,14.38195011443656
35.0,116.0,14.938076442016644
35.0,117.0,15.500082013957899
35.0,118.0,16.066723626309468
35.0,119.0,16.636709832040925
35.0,120.0,17.20871400571706
35.0,121.0,17.781387902208223
35.0,122.0,18.353376114154447
35.0,123.0,18.923330343135625
35.0,124.0,19.489923856958516
35.0,125.0,20.051865048031413
35.0,126.0,20.607910497506232
35.0,127.0,21.1568765234994
35.0,128.0,21.697649705565876
35.0,129.0,22.22919547270242
35.0,130.0,22.750565365613955
35.0,131.0,23.260902186925552
35.0,132.0,23.75944377020833
35.0,133.0,24.245524697125568
35.0,134.0,24.718576790526186
35.0,135.0,25.17812779791327
35.0,136.0,25.62379915311692
35.0,137.0,26.055302277543387
35.0,138.0,26.4724343299435
35.0,139.0,26.875072877793603
35.0,140.0,27.263170388238176
35.0,141.0,27.636747997566868
35.0,142.0,27.995889424941698
35.0,143.0,28.340734460684235
35.0,144.0,28.671472852319535
35.0,145.0,28.988337985447853
35.0,146.0,29.291601138477024
35.0,147.0,29.58156567754619
35.0,148.0,29.858561930382493
35.0,149.0,30.122942081164606
35.0,150.0,30.375075791375533
35.0,151.0,30.61534587242064
35.0,152.0,30.84414468832718
35.0,153.0,31.061870605763257
35.0,154.0,31.26892514941436
35.0,155.0,31.46571017807543
35.0,156.0,31.652625724314312
35.0,157.0,31.830067816410647
35.0,158.0,31.99842691391986
35.0,159.0,32.15808628273002
35.0,160.0,32.309420931845644
35.0,161.0,32.45279644754177
35.0,162.0,32.58856833935834
35.0,163.0,32.71708124502491
35.0,164.0,32.83866860160174
35.0,165.0,32.95365214236244
35.0,166.0,33.06234181956947
35.0,167.0,33.16503552562621
35.0,168.0,33.26201920533622
35.0,169.0,33.35356674493879
35.0,170.0,33.43994022275462
35.0,171.0,33.52138992034968
35.0,172.0,33.59815467059018
35.0,173.0,33.67046195469851
35.0,174.0,33.73852831563812
35.0,175.0,33.80255951306459
35.0,176.0,33.86275097756307
35.0,177.0,33.919288002456156
35.0,178.0,33.972346220776664
35.0,179.0,34.02209181866483
35.0,180.0,34.068682022196064
35.0,181.0,34.11226532181859
35.0,182.0,34.15298196041217
35.0,183.0,34.19096416202631
35.0,184.0,34.226336615960754
35.0,185.0,34.25921670609315
35.0,186.0,34.28971498846103
35.0,187.0,34.31793541981674
35.0,188.0,34.34397582823488
35.0,189.0,34.3679281412615
35.0,190.0,34.38987885050924
35.0,191.0,34.40990924089253
35.0,192.0,34.428095850995206
35.0,193.0,34.44451070537047
35.0,194.0,34.459221772617056
35.0,195.0,34.47229320249523
35.0,196.0,34.48378578303403
35.0,197.0,34.493757183168206
35.0,198.0,34.50226240871251
35.0,199.0,34.5093540492585
35.0,200.0,34.51508273041336
35.0,201.0,34.51949736076868
35.0,202.0,34.52264557442684
35.0,203.0,34.52457397006255
35.0,204.0,34.525328533650395
35.0,205.0,34.524954857314555
35.0,206.0,34.5234985278068
35.0,207.0,34.521005308627096
35.0,208.0,34.517521476006266
35.0,209.0,34.51309394467383
35.0,210.0,34.507770531012945
35.0,211.0,34.50160000209503
35.0,212.0,34.49463224657429
35.0,213.0,34.48691822942006
35.0,214.0,34.47851005605027
35.0,215.0,34.46946082231711
35.0,216.0,34.459824566655236
35.0,217.0,34.44965601607269
35.0,218.0,34.43901043382585
35.0,219.0,34.42794327586806
35.0,220.0,34.416509955533705
35.0,221.0,34.404765438319515
35.0,222.0,34.3927639571036
35.0,223.0,34.38055858298313
35.0,224.0,34.36820093152845
35.0,225.0,34.35574075098501
35.0,226.0,34.34322565999965
35.0,227.0,34.330700790774536
35.0,228.0,34.31820859160277
35.0,229.0,34.30578855257818
35.0,230.0,34.29347709410874
35.0,231.0,34.28130738923004
35.0,232.0,34.26930934517163
35.0,233.0,34.25750952248976
35.0,234.0,34.245931203906
35.0,235.0,34.2345943991512
35.0,236.0,34.22351598590477
35.0,237.0,34.21270978199647
35.0,238.0,34.20218673823625
35.0,239.0,34.1919550566985
35.0,240.0,34.18202041423879
35.0,241.0,34.17238610624665
35.0,242.0,34.1630532816566
35.0,243.0,34.154021094588
35.0,244.0,34.14528693540421
35.0,245.0,34.136846576828795
35.0,246.0,34.12869438995851
35.0,247.0,34.12082347577342
35.0,248.0,34.113225859159044
35.0,249.0,34.105892600581896
35.0,250.0,34.09881396466238
35.0,251.0,34.091979509860074
35.0,252.0,34.08537823078556
35.0,253.0,34.078998625963536
35.0,254.0,34.07282881489511
35.0,255.0,34.06685658541964
35.0,256.0,34.061069487660134
35.0,257.0,34.05545486333403
35.0,258.0,34.04999991929423
35.0,259.0,34.04469174150836
35.0,260.0,34.039517351105786
35.0,261.0,34.03446370580477
35.0,262.0,34.02951774132905
35.0,263.0,34.02466636293589
35.0,264.0,34.019896474882636
35.0,265.0,34.01519496448885
35.0,266.0,34.010548722093894
35.0,267.0,34.00594461983987
35.0,268.0,34.001369524319784
35.0,269.0,33.99681027204069
35.0,270.0,33.99225367675496
35.0,271.0,33.98768650338258
35.0,272.0,33.98309547186799
35.0,273.0,33.978467231224485
35.0,274.0,33.973788361678814
35.0,275.0,33.96904535045722
35.0,276.0,33.96422459397486
35.0,277.0,33.95931237701602
35.0,278.0,33.954294876794876
35.0,279.0,33.94915814728809
35.0,280.0,33.94388812713283
35.0,281.0,33.938470631039564
35.0,282.0,33.93289136368888
35.0,283.0,33.927135920368656
35.0,284.0,33.921189809261435
35.0,285.0,33.915038463684105
35.0,286.0,33.90866727538532
35.0,287.0,33.90206162097302
35.0,288.0,33.89520690901125
35.0,289.0,33.88808862333412
35.0,290.0,33.88069238676442
35.0,291.0,33.873004023937554
35.0,292.0,33.865009644252474
35.0,293.0,33.85669572644302
35.0,294.0,33.8480492227762
35.0,295.0,33.839057666761576
35.0,296.0,33.829709299473215
35.0,297.0,33.81999320031545
35.0,298.0,33.809899434503016
35.0,299.0,33.799419204555775
35.0,300.0,33.788545015304564
35.0,301.0,33.777270840690754
35.0,302.0,33.765592299156886
35.0,303.0,33.75350682644586
35.0,304.0,33.74101385006125
35.0,305.0,33.72811495440363
35.0,306.0,33.71481403860598
35.0,307.0,33.70111745614128
35.0,308.0,33.687034136562296
35.0,309.0,33.672575678645586
35.0,310.0,33.65775641452106
35.0,311.0,33.642593434716126
35.0,312.0,33.62710657411738
35.0,313.0,33.611318350156566
35.0,314.0,33.595253855045115
35.0,315.0,33.57894059554023
35.0,316.0,33.56240828523965
35.0,317.0,33.54568858563661
35.0,318.0,33.52881480506958
35.0,319.0,33.51182155454825
35.0,320.0,33.49474437399343
35.0,321.0,33.477619329808874
35.0,322.0,33.4604826011569
35.0,323.0,33.443370056165804
35.0,324.0,33.42631683802441
35.0,325.0,33.409356960359965
35.0,326.0,33.39252293293089
35.0,327.0,33.37584541304622
35.0,328.0,33.359352903589574
35.0,329.0,33.343071487418314
35.0,330.0,33.32702461833284
35.0,331.0,33.31123295188292
35.0,332.0,33.29571423584801
35.0,333.0,33.2804832370869
35.0,334.0,33.26555172527977
35.0,335.0,33.25092848416968
35.0,336.0,33.23661937296319
35.0,337.0,33.222627403099324
35.0,338.0,33.2089528567012
35.0,339.0,33.195593407114956
35.0,340.0,33.18254427284315
35.0,341.0,33.169798360784334
35.0,342.0,33.15734643612041
35.0,343.0,33.14517727024579
35.0,344.0,33.13327781085762
35.0,345.0,33.12163332075986
35.0,346.0,33.110227536789345
35.0,347.0,33.099042790036044
35.0,348.0,33.08806014642256
35.0,349.0,33.077259502768214
35.0,350.0,33.06661970536659
35.0,351.0,33.05611861943292
35.0,352.0,33.04573322472105
35.0,353.0,33.035439658166496
35.0,354.0,33.02521328747037
35.0,355.0,33.01502872826777
35.0,356.0,33.004859897807485
35.0,357.0,32.99468000888953
35.0,358.0,32.984461606453266
35.0,359.0,32.9741765410093
35.0,360.0,32.9637959912817
35.0,361.0,32.953290420067134
35.0,362.0,32.942629586206095
35.0,363.0,32.93178248586904
35.0,364.0,32.920717357176024
35.0,365.0,32.90940160994205
35.0,366.0,32.897801826317405
35.0,367.0,32.885883682102765
35.0,368.0,32.873611946914124
35.0,369.0,32.86095040036415
35.0,370.0,32.847861835519325
35.0,371.0,32.834307973584274
35.0,372.0,32.820249474854535
35.0,373.0,32.8056458560701
35.0,374.0,32.790455513706135
35.0,375.0,32.77463564890529
35.0,376.0,32.75814230880991
35.0,377.0,32.74093032495431
35.0,378.0,32.72295337943124
35.0,379.0,32.70416396382192
35.0,380.0,32.684513478293226
35.0,381.0,32.663952219536384
35.0,382.0,32.64242952236312
35.0,383.0,32.61989378664622
35.0,384.0,32.5962926725283
35.0,385.0,32.57157317788275
35.0,386.0,32.54568189970431
35.0,387.0,32.51856517492771
35.0,388.0,32.490169421673684
35.0,389.0,32.46044135705654
35.0,390.0,32.42932843232824
35.0,391.0,32.39677914111928
35.0,392.0,32.36274356162666
35.0,393.0,32.3271737669592
35.0,394.0,32.29002448467412
35.0,395.0,32.251253616795495
35.0,396.0,32.21082302142788
35.0,397.0,32.168699142772404
35.0,398.0,32.12485391043745
35.0,399.0,32.07926546865813
35.0,400.0,32.031919175682056
35.0,401.0,31.982808406017934
35.0,402.0,31.93193561482091
35.0,403.0,31.879313167696505
35.0,404.0,31.824964414226578
35.0,405.0,31.76892447817611
35.0,406.0,31.711241262494397
35.0,407.0,31.651976111870308
35.0,408.0,31.59120465275825
35.0,409.0,31.529017225006527
35.0,410.0,31.46551945034076
35.0,411.0,31.400832326418133
35.0,412.0,31.335092422098924
35.0,413.0,31.26845154181677
35.0,414.0,31.201076471084132
35.0,415.0,31.133148155215494
35.0,416.0,31.064860965382326
35.0,417.0,30.996421392257044
35.0,418.0,30.928046867120404
35.0,419.0,30.85996404005865
35.0,420.0,30.79240726099349
35.0,421.0,30.725616579742837
35.0,422.0,30.659836052578125
35.0,423.0,30.595311651266936
35.0,424.0,30.532289596148036
35.0,425.0,30.471014379754774
35.0,426.0,30.411727327590572
35.0,427.0,30.35466492388425
35.0,428.0,30.300057766247114
35.0,429.0,30.24812933173425
35.0,430.0,30.199095431210644
35.0,431.0,30.1531634866412
35.0,432.0,30.110532521001005
35.0,433.0,30.071392949070994
35.0,434.0,30.03592707490494
35.0,435.0,30.00430934228228
35.0,436.0,29.976707265223066
35.0,437.0,29.953282048487363
35.0,438.0,29.934189851836607
35.0,439.0,29.919582676784383
35.0,440.0,29.90960986068793
35.0,441.0,29.90441912963197
35.0,442.0,29.904158228776524
35.0,443.0,29.908976056711623
35.0,444.0,29.91902435741554
35.0,445.0,29.93445887245598
35.0,446.0,29.95544104174411
35.0,447.0,29.98213913163379
35.0,448.0,30.014729912301753
35.0,449.0,30.053399738901035
35.0,450.0,30.098346190488627
35.0,451.0,30.149779096313246
35.0,452.0,30.207922133788575
35.0,453.0,30.27301380230625
35.0,454.0,30.345308985790748
35.0,455.0,30.425079882398293
35.0,456.0,30.51261754115858
35.0,457.0,30.60823275813349
35.0,458.0,30.71225759718345
35.0,459.0,30.82504626224365
35.0,460.0,30.94697660993182
35.0,461.0,31.078451004065776
35.0,462.0,31.21989782307789
35.0,463.0,31.371772297069285
35.0,464.0,31.534558006033496
35.0,465.0,31.708767691735062
35.0,466.0,31.894944733585387
35.0,467.0,32.093663917366335
35.0,468.0,32.30553286407773
35.0,469.0,32.5311927247534
35.0,470.0,32.77131952339804
35.0,471.0,33.026624731494834
35.0,472.0,33.297856468858306
35.0,473.0,33.58579989247272
35.0,474.0,33.89127817826607
35.0,475.0,34.215152636222875
35.0,476.0,34.55832337135538
35.0,477.0,34.921729010307054
35.0,478.0,35.306346910985106
35.0,479.0,35.71319235510843
35.0,480.0,36.14331814329964
35.0,481.0,36.59781307376457
35.0,482.0,37.07780072403846
35.0,483.0,37.584436999611924
35.0,484.0,38.118907866978155
35.0,485.0,38.682425720253995
35.0,486.0,39.27622579625211
35.0,487.0,39.90156107656256
35.0,488.0,40.559697089815934
35.0,489.0,41.25190504835172
35.0,490.0,41.97945473417705
35.0,491.0,42.7436055733798
35.0,492.0,43.545597322331766
35.0,493.0,44.38663882292068
35.0,494.0,45.26789626944508
35.0,495.0,46.190479480130506
35.0,496.0,47.15542765058443
35.0,497.0,48.163693140096875
35.0,498.0,49.21612482230819
35.0,499.0,50.313449634849576
35.0,500.0,51.456253935462115
35.0,501.0,52.644963409281544
35.0,502.0,53.87982323076666
35.0,503.0,55.16087735669619
35.0,504.0,56.48794876116993
35.0,505.0,57.86061962966887
35.0,506.0,59.27821342440849
35.0,507.0,60.73977796491261
35.0,508.0,62.244071503542806
35.0,509.0,63.78955102111828
35.0,510.0,65.37436472102738
35.0,511.0,66.99634794633218
35.0,512.0,68.65302439334083
35.0,513.0,70.34161173363243
35.0,514.0,72.05903328781261
35.0,515.0,73.80193462911018
35.0,516.0,75.56670641083053
35.0,517.0,77.34951196507616
35.0,518.0,79.14632054255071
35.0,519.0,80.95294437640257
35.0,520.0,82.76508002002195
35.0,521.0,84.57835183382439
35.0,522.0,86.38835774973025
35.0,523.0,88.19071502712934
35.0,524.0,89.98110598388573
35.0,525.0,91.75532145820118
35.0,526.0,93.50930204575253
35.0,527.0,95.23917511318548
35.0,528.0,96.94128786936616
35.0,529.0,98.61223488730643
35.0,530.0,100.24888069399606
35.0,531.0,101.8483762692414
35.0,532.0,103.40817041109362
35.0,533.0,104.92601522314362
35.0,534.0,106.39996694697459
35.0,535.0,107.82838171207783
35.0,536.0,109.20990757353702
35.0,537.0,110.54347260506175
35.0,538.0,111.8282704398679
35.0,539.0,113.06374310991502
35.0,540.0,114.24956249512275
35.0,541.0,115.38561023363414
35.0,542.0,116.47195725564228
35.0,543.0,117.50884274614567
35.0,544.0,118.49665351693078
35.0,545.0,119.43590353302902
35.0,546.0,120.32721438634088
35.0,547.0,121.17129640973039
35.0,548.0,121.96893104902173
35.0,549.0,122.7209541551413
35.0,550.0,123.42824065951594
35.0,551.0,124.09169028947365
35.0,552.0,124.71221465526617
35.0,553.0,125.29072538485221
35.0,554.0,125.82812352724672
35.0,555.0,126.32528994130072
35.0,556.0,126.78307679656126
35.0,557.0,127.20229996053048
35.0,558.0,127.58373231706264
35.0,559.0,127.92809785988227
35.0,560.0,128.23606653232721
35.0,561.0,128.50824973531894
35.0,562.0,128.74519640613866
35.0,563.0,128.94738967339498
35.0,564.0,129.1152439250579
35.0,565.0,129.24910238153976
35.0,566.0,129.34923494631795
35.0,567.0,129.41583651445035
35.0,568.0,129.44902544756445
35.0,569.0,129.4488424849351
35.0,570.0,129.41524973540646
35.0,571.0,129.34813010944833
35.0,572.0,129.24728677231815
35.0,573.0,129.11244306748623
35.0,574.0,128.94324242770384
35.0,575.0,128.73924881285365
35.0,576.0,128.49994712880684
35.0,577.0,128.2247442564763
35.0,578.0,127.91297008279453
35.0,579.0,127.56387925280646
35.0,580.0,127.1766529728623
35.0,581.0,126.75040167374404
35.0,582.0,126.28416780255284
35.0,583.0,125.77692964084042
35.0,584.0,125.22760535666131
35.0,585.0,124.63505827455103
35.0,586.0,123.99810250879462
35.0,587.0,123.3155100265633
35.0,588.0,122.58601822084702
35.0,589.0,121.80833913567723
35.0,590.0,120.98116935206414
35.0,591.0,120.10320174265415
35.0,592.0,119.1731380219329
35.0,593.0,118.18970335026391
35.0,594.0,117.15166182186714
35.0,595.0,116.05783412443978
35.0,596.0,114.90711608310643
35.0,597.0,113.69849937919362
35.0,598.0,112.43109301332669
35.0,599.0,111.10414677508375
35.0,600.0,109.71707511700937
35.0,601.0,108.2694826350794
35.0,602.0,106.76118935554096
35.0,603.0,105.19225694405806
35.0,604.0,103.56301382373205
35.0,605.0,101.87408022165239
35.0,606.0,100.12639092384994
35.0,607.0,98.32121668017629
35.0,608.0,96.4601818735652
35.0,609.0,94.54527937503606
35.0,610.0,92.57888011863187
35.0,611.0,90.56373840061157
35.0,612.0,88.50299048550266
35.0,613.0,86.40014774690232
35.0,614.0,84.25908212989486
35.0,615.0,82.08400553892515
35.0,616.0,79.87944129042687
35.0,617.0,77.65018973164103
35.0,618.0,75.40128661044143
35.0,619.0,73.13795683792682
35.0,620.0,70.86556266823713
35.0,621.0,68.58954940747431
35.0,622.0,66.31538799202556
35.0,623.0,64.04851783532179
35.0,624.0,61.794289378761384
35.0,625.0,59.55790977919314
35.0,626.0,57.34439100633952
35.0,627.0,55.15850356208721
35.0,628.0,53.004734712344295
35.0,629.0,50.88725403984238
35.0,630.0,48.809884702255275
35.0,631.0,46.77608273007059
35.0,632.0,44.78892223661081
35.0,633.0,42.851088443164
35.0,634.0,40.96487597303949
35.0,635.0,39.13219400733814
35.0,636.0,37.354575486226366
35.0,637.0,35.63319179030412
35.0,638.0,33.968869972141725
35.0,639.0,32.36211395450063
35.0,640.0,30.81312678082016
35.0,641.0,29.321835418975667
35.0,642.0,27.887915305178122
35.0,643.0,26.510816270850384
35.0,644.0,25.18978718263028
35.0,645.0,23.923901097612706
35.0,646.0,22.71207841471568
35.0,647.0,21.553109972684922
35.0,648.0,20.445677711766773
35.0,649.0,19.388374971126336
35.0,650.0,18.379724149982202
35.0,651.0,17.41819389333473
35.0,652.0,16.502213613773787
35.0,653.0,15.63018756705773
35.0,654.0,14.80050635187855
35.0,655.0,14.011558080722766
35.0,656.0,13.261737131774616
35.0,657.0,12.549452736105108
35.0,658.0,11.873135335923262
35.0,659.0,11.231242959202781
35.0,660.0,10.62226556374972
35.0,661.0,10.044729575637747
35.0,662.0,9.497200587999757
35.0,663.0,8.978286417010398
35.0,664.0,8.486638492707316
35.0,665.0,8.020953748411007
35.0,666.0,7.579974998923222
35.0,667.0,7.162491935058543
35.0,668.0,6.767340739452472
35.0,669.0,6.39340441304216
35.0,670.0,6.039611834933152
35.0,671.0,5.70493760562567
35.0,672.0,5.388400717455992
35.0,673.0,5.0890640618963765
35.0,674.0,4.806032842177423
35.0,675.0,4.538453859782688
35.0,676.0,4.285513771279461
35.0,677.0,4.04643824219616
35.0,678.0,3.820490125631801
35.0,679.0,3.606968549673873
35.0,680.0,3.4052070755361386
35.0,681.0,3.214572766986717
35.0,682.0,3.034464369975598
35.0,683.0,2.8643113985725313
35.0,684.0,2.7035723656635486
35.0,685.0,2.551733909031485
35.0,686.0,2.4083090931321447
35.0,687.0,2.272836590622625
35.0,688.0,2.1448790679414587
35.0,689.0,2.0240224313058177
35.0,690.0,1.9098743033574506
35.0,691.0,1.8020633379874766
35.0,692.0,1.700237791285589
35.0,693.0,1.6040649061596932
35.0,694.0,1.5132295779220393
35.0,695.0,1.427433807263767
35.0,696.0,1.3463954587708744
35.0,697.0,1.2698477791601186
35.0,698.0,1.1975382456340526
35.0,699.0,1.129228145201206
35.0,700.0,1.06469150888996
35.0,701.0,1.003714747318137
35.0,702.0,0.9460956662627129
35.0,703.0,0.8916431532993794
35.0,704.0,0.840176269970069
35.0,705.0,0.7915239841948323
35.0,706.0,0.7455243342158101
35.0,707.0,0.7020242015253589
35.0,708.0,0.6608785418354473
35.0,709.0,0.6219501934168629
35.0,710.0,0.585109170503239
35.0,711.0,0.5502325021584333
35.0,712.0,0.5172035837417062
35.0,713.0,0.4859120416857227
35.0,714.0,0.45625313889956465
35.0,715.0,0.42812766112749506
35.0,716.0,0.4014413724317437
35.0,717.0,0.37610491909712745
35.0,718.0,0.3520333316031543
35.0,719.0,0.3291459423310645
35.0,720.0,0.30736593069572815
35.0,721.0,0.2866202511921838
35.0,722.0,0.26683921860584403
35.0,723.0,0.24795644320009064
35.0,724.0,0.22990845315430872
35.0,725.0,0.2126346339392638
35.0,726.0,0.19607688534382484
35.0,727.0,0.18017956230869955
35.0,728.0,0.16488916409282978
35.0,729.0,0.1501542740375144
35.0,730.0,0.13592527859157053
35.0,731.0,0.12215430365647598
35.0,732.0,0.10879496133520336
35.0,733.0,0.09580228066473022
35.0,734.0,0.08313248007701163
35.0,735.0,0.07074289045825527
35.0,736.0,0.05859175141203038
35.0,737.0,0.0466381246954447
35.0,738.0,0.034841712454206884
35.0,739.0,0.0231627591746782
35.0,740.0,0.011561890119137191
35.0,741.0,0.0
36.0,0.0,0.0
36.0,1.0,0.002926308523803341
36.0,2.0,0.005862483424925815
36.0,3.0,0.008818425195539041
36.0,4.0,0.011804098261334248
36.0,5.0,0.014829569827226125
36.0,6.0,0.017905035837035146
36.0,7.0,0.021040864987405466
36.0,8.0,0.02424762127348598
36.0,9.0,0.027536113616362975
36.0,10.0,0.030917415452798292
36.0,11.0,0.03440292043469267
36.0,12.0,0.03800435953937264
36.0,13.0,0.04173386331814897
36.0,14.0,0.04560397702751927
36.0,15.0,0.049627729927836116
36.0,16.0,0.05381864896519991
36.0,17.0,0.05819083565067317
36.0,18.0,0.06275897885765984
36.0,19.0,0.0675384398470492
36.0,20.0,0.07254526478556826
36.0,21.0,0.07779627852272462
36.0,22.0,0.0833090974819773
36.0,23.0,0.08910223284131472
36.0,24.0,0.09519510450102416
36.0,25.0,0.10160815437101789
36.0,26.0,0.1083628621762575
36.0,27.0,0.11548186961018746
36.0,28.0,0.1229889988010469
36.0,29.0,0.13090938815139783
36.0,30.0,0.13926951435490198
36.0,31.0,0.14809734080600856
36.0,32.0,0.15742234412614733
36.0,33.0,0.1672756760937653
36.0,34.0,0.17769019570959677
36.0,35.0,0.1887006456633642
36.0,36.0,0.20034369103739336
36.0,37.0,0.21265811138951646
36.0,38.0,0.22568484725937663
36.0,39.0,0.2394672090033451
36.0,40.0,0.25405093232366394
36.0,41.0,0.26948440503497156
36.0,42.0,0.2858187328765076
36.0,43.0,0.3031079854136307
36.0,44.0,0.32140927340896874
36.0,45.0,0.3407830150560756
36.0,46.0,0.36129302616508846
36.0,47.0,0.38300680787611424
36.0,48.0,0.4059956508434079
36.0,49.0,0.4303349454657668
36.0,50.0,0.45610430111054784
36.0,51.0,0.48338787970459557
36.0,52.0,0.5122745307997894
36.0,53.0,0.5428581490616009
36.0,54.0,0.5752378256082167
36.0,55.0,0.609518229477391
36.0,56.0,0.6458097751294917
36.0,57.0,0.6842290273197085
36.0,58.0,0.7248988838888
36.0,59.0,0.7679490025579989
36.0,60.0,0.8135159970742284
36.0,61.0,0.8617438832065724
36.0,62.0,0.9127842848850884
36.0,63.0,0.9667968950223922
36.0,64.0,1.0239496863906015
36.0,65.0,1.0844193807147475
36.0,66.0,1.1483916565578034
36.0,67.0,1.2160616173131922
36.0,68.0,1.2876339851846614
36.0,69.0,1.3633235551080212
36.0,70.0,1.443355359880796
36.0,71.0,1.5279650925257113
36.0,72.0,1.6173992226020413
36.0,73.0,1.711915363947114
36.0,74.0,1.8117823160584745
36.0,75.0,1.917280347402525
36.0,76.0,2.0287011284065812
36.0,77.0,2.146347892553648
36.0,78.0,2.2705352189623236
36.0,79.0,2.401589024353712
36.0,80.0,2.539846143567519
36.0,81.0,2.685654095438269
36.0,82.0,2.8393703992748947
36.0,83.0,3.001362047255131
36.0,84.0,3.1720044846118185
36.0,85.0,3.3516807113034672
36.0,86.0,3.5407798446277936
36.0,87.0,3.7396957651856635
36.0,88.0,3.948825174763006
36.0,89.0,4.168565698244584
36.0,90.0,4.399313349560121
36.0,91.0,4.641460005358479
36.0,92.0,4.895390201189121
36.0,93.0,5.161477908439396
36.0,94.0,5.440082606132156
36.0,95.0,5.731545324577371
36.0,96.0,6.036183980096145
36.0,97.0,6.354288701895103
36.0,98.0,6.686116482223143
36.0,99.0,7.031885881030271
36.0,100.0,7.391771135312101
36.0,101.0,7.765896440321697
36.0,102.0,8.154329778083802
36.0,103.0,8.557077100323513
36.0,104.0,8.97407626980497
36.0,105.0,9.405191606985063
36.0,106.0,9.850208472474467
36.0,107.0,10.30882876518134
36.0,108.0,10.780666783194329
36.0,109.0,11.265246344576534
36.0,110.0,11.761998612343497
36.0,111.0,12.27026151297286
36.0,112.0,12.789280161859242
36.0,113.0,13.318209144943694
36.0,114.0,13.856116006333968
36.0,115.0,14.40198671749047
36.0,116.0,14.954732384462458
36.0,117.0,15.513197869351519
36.0,118.0,16.076171472204518
36.0,119.0,16.642396241845272
36.0,120.0,17.210581955960983
36.0,121.0,17.779418246876368
36.0,122.0,18.34758783642762
36.0,123.0,18.913780303121378
36.0,124.0,19.47670531683976
36.0,125.0,20.035105764257146
36.0,126.0,20.58776972841764
36.0,127.0,21.13354179884926
36.0,128.0,21.671332752600843
36.0,129.0,22.200128174622574
36.0,130.0,22.71899516378748
36.0,131.0,23.227087800620946
36.0,132.0,23.723650633331403
36.0,133.0,24.208020957599356
36.0,134.0,24.67962924004708
36.0,135.0,25.137998534511016
36.0,136.0,25.58274230461386
36.0,137.0,26.013561541909336
36.0,138.0,26.430240623909597
36.0,139.0,26.832642809150673
36.0,140.0,27.22070481631543
36.0,141.0,27.594431367361604
36.0,142.0,27.95388912500393
36.0,143.0,28.299200871650598
36.0,144.0,28.630539333504046
36.0,145.0,28.94812145729518
36.0,146.0,29.252202514617792
36.0,147.0,29.543070801607072
36.0,148.0,29.821042283450186
36.0,149.0,30.08645591576359
36.0,150.0,30.339668972997575
36.0,151.0,30.581053086065996
36.0,152.0,30.81099030711893
36.0,153.0,31.02986987993426
36.0,154.0,31.23808502834543
36.0,155.0,31.436030422860412
36.0,156.0,31.624099638115986
36.0,157.0,31.802683247260312
36.0,158.0,31.972166870615485
36.0,159.0,32.13292981369432
36.0,160.0,32.28534361990625
36.0,161.0,32.42977116396073
36.0,162.0,32.56656562153583
36.0,163.0,32.69606993322925
36.0,164.0,32.818616110040914
36.0,165.0,32.934524990836
36.0,166.0,33.044105811584465
36.0,167.0,33.14765618923276
36.0,168.0,33.245461893016206
36.0,169.0,33.337796998167704
36.0,170.0,33.42492380805354
36.0,171.0,33.50709313132586
36.0,172.0,33.584544313403576
36.0,173.0,33.6575055999682
36.0,174.0,33.72619424504655
36.0,175.0,33.790816931912914
36.0,176.0,33.851569932588085
36.0,177.0,33.90863956418638
36.0,178.0,33.962202381030885
36.0,179.0,34.01242565032153
36.0,180.0,34.05946756336243
36.0,181.0,34.1034777192323
36.0,182.0,34.14459734594436
36.0,183.0,34.18295978469579
36.0,184.0,34.21869071525534
36.0,185.0,34.25190863646972
36.0,186.0,34.282725092904016
36.0,187.0,34.3112451496811
36.0,188.0,34.33756761945982
36.0,189.0,34.36178553143507
36.0,190.0,34.38398635916503
36.0,191.0,34.40425248467901
36.0,192.0,34.422661428451455
36.0,193.0,34.43928631002584
36.0,194.0,34.45419608153346
36.0,195.0,34.467455985982134
36.0,196.0,34.4791277950583
36.0,197.0,34.48927026516908
36.0,198.0,34.49793937876976
36.0,199.0,34.505188796323274
36.0,200.0,34.51107009802393
36.0,201.0,34.51563322705368
36.0,202.0,34.51892672539103
36.0,203.0,34.52099816024106
36.0,204.0,34.521894343866514
36.0,205.0,34.52166173120641
36.0,206.0,34.520346609835364
36.0,207.0,34.517995453196534
36.0,208.0,34.514655063660335
36.0,209.0,34.51037286338849
36.0,210.0,34.505196972035726
36.0,211.0,34.499176417103214
36.0,212.0,34.49236112917382
36.0,213.0,34.484802056686455
36.0,214.0,34.476551066515334
36.0,215.0,34.46766095491408
36.0,216.0,34.458185249865735
36.0,217.0,34.448178120151994
36.0,218.0,34.43769408731994
36.0,219.0,34.42678784697817
36.0,220.0,34.41551391047754
36.0,221.0,34.40392636422289
36.0,222.0,34.39207847157413
36.0,223.0,34.38002240444086
36.0,224.0,34.36780884188286
36.0,225.0,34.35548671132062
36.0,226.0,34.343102820246585
36.0,227.0,34.33070164119364
36.0,228.0,34.31832500686072
36.0,229.0,34.30601196437812
36.0,230.0,34.29379855360855
36.0,231.0,34.28171774443787
36.0,232.0,34.26979930562973
36.0,233.0,34.258069826604384
36.0,234.0,34.24655267267778
36.0,235.0,34.23526808246923
36.0,236.0,34.22423319661795
36.0,237.0,34.213462215035364
36.0,238.0,34.202966481159415
36.0,239.0,34.19275468009771
36.0,240.0,34.182832959034386
36.0,241.0,34.17320514738902
36.0,242.0,34.16387289533956
36.0,243.0,34.15483589947558
36.0,244.0,34.14609204448558
36.0,245.0,34.13763762135072
36.0,246.0,34.12946746106633
36.0,247.0,34.121575136310284
36.0,248.0,34.1139530798665
36.0,249.0,34.10659276429573
36.0,250.0,34.09948480103252
36.0,251.0,34.09261909555059
36.0,252.0,34.08598492569981
36.0,253.0,34.07957107208017
36.0,254.0,34.07336587604205
36.0,255.0,34.06735734649641
36.0,256.0,34.06153319920009
36.0,257.0,34.05588094214784
36.0,258.0,34.05038789843575
36.0,259.0,34.04504127284287
36.0,260.0,34.0398281608521
36.0,261.0,34.034735599171896
36.0,262.0,34.02975056352278
36.0,263.0,34.024860005790906
36.0,264.0,34.020050843065
36.0,265.0,34.01530998394554
36.0,266.0,34.010624311120985
36.0,267.0,34.00598069914755
36.0,268.0,34.0013659926429
36.0,269.0,33.99676701764885
36.0,270.0,33.992170557334155
36.0,271.0,33.9875633588876
36.0,272.0,33.98293210848379
36.0,273.0,33.978263435546175
36.0,274.0,33.973543888655044
36.0,275.0,33.9687599389796
36.0,276.0,33.96389795880193
36.0,277.0,33.958944225947285
36.0,278.0,33.95388490666214
36.0,279.0,33.94870606296853
36.0,280.0,33.94339364176171
36.0,281.0,33.937933487168216
36.0,282.0,33.93231133790373
36.0,283.0,33.92651284690608
36.0,284.0,33.920523589192904
36.0,285.0,33.91432909123766
36.0,286.0,33.90791485175029
36.0,287.0,33.901266383419575
36.0,288.0,33.89436924915013
36.0,289.0,33.88720911884021
36.0,290.0,33.87977182356485
36.0,291.0,33.87204342990115
36.0,292.0,33.86401031424569
36.0,293.0,33.8556592567219
36.0,294.0,33.846977537131146
36.0,295.0,33.83795304954239
36.0,296.0,33.828574420158986
36.0,297.0,33.81883114215914
36.0,298.0,33.80871371388296
36.0,299.0,33.79821379125063
36.0,300.0,33.78732434205616
36.0,301.0,33.776039810304376
36.0,302.0,33.76435627906836
36.0,303.0,33.75227163746927
36.0,304.0,33.73978574072824
36.0,305.0,33.72690056659885
36.0,306.0,33.71362035739156
36.0,307.0,33.69995174907229
36.0,308.0,33.68590387691804
36.0,309.0,33.671488458109835
36.0,310.0,33.65671984129102
36.0,311.0,33.641615023369205
36.0,312.0,33.62619362465207
36.0,313.0,33.61047782370399
36.0,314.0,33.59449224472028
36.0,315.0,33.5782638011669
36.0,316.0,33.56182149074071
36.0,317.0,33.54519614879609
36.0,318.0,33.52842015772981
36.0,319.0,33.51152712341381
36.0,320.0,33.49455151816507
36.0,321.0,33.47752830515816
36.0,322.0,33.46049254461694
36.0,323.0,33.443478999723766
36.0,324.0,33.42652174170552
36.0,325.0,33.40965377388284
36.0,326.0,33.392906671313966
36.0,327.0,33.37631025649244
36.0,328.0,33.35989230315806
36.0,329.0,33.343678288600216
36.0,330.0,33.327691180750634
36.0,331.0,33.31195128028701
36.0,332.0,33.296476097782765
36.0,333.0,33.28128028658235
36.0,334.0,33.266375605274895
36.0,335.0,33.251770932030254
36.0,336.0,33.23747229895988
36.0,337.0,33.22348297171388
36.0,338.0,33.209803537290995
36.0,339.0,33.19643202956079
36.0,340.0,33.18336405066777
36.0,341.0,33.17059292325333
36.0,342.0,33.15810982697473
36.0,343.0,33.145903960586715
36.0,344.0,33.133962678207396
36.0,345.0,33.12227164801935
36.0,346.0,33.110814976764324
36.0,347.0,33.09957535574662
36.0,348.0,33.0885341658679
36.0,349.0,33.077671605249385
36.0,350.0,33.0669667704596
36.0,351.0,33.056397763083886
36.0,352.0,33.0459417454398
36.0,353.0,33.03557502570382
36.0,354.0,33.02527308832581
36.0,355.0,33.0150106589117
36.0,356.0,33.004761710825434
36.0,357.0,32.99449951204088
36.0,358.0,32.9841966101947
36.0,359.0,32.973824864207685
36.0,360.0,32.963355410473866
36.0,361.0,32.95275868235674
36.0,362.0,32.94200436040606
36.0,363.0,32.93106138298485
36.0,364.0,32.91989788351298
36.0,365.0,32.908481195581274
36.0,366.0,32.89677778032229
36.0,367.0,32.884753229500916
36.0,368.0,32.87237218628043
36.0,369.0,32.85959835000742
36.0,370.0,32.84639439393044
36.0,371.0,32.83272197576879
36.0,372.0,32.81854165639328
36.0,373.0,32.80381292081861
36.0,374.0,32.78849410250001
36.0,375.0,32.77254242014099
36.0,376.0,32.75591391311276
36.0,377.0,32.73856350043231
36.0,378.0,32.72044493387432
36.0,379.0,32.70151088663866
36.0,380.0,32.68171293197412
36.0,381.0,32.661001670382085
36.0,382.0,32.63932674295047
36.0,383.0,32.61663700734987
36.0,384.0,32.592880596477706
36.0,385.0,32.568005154854816
36.0,386.0,32.54195795442422
36.0,387.0,32.514686204027484
36.0,388.0,32.486137235018056
36.0,389.0,32.45625889696013
36.0,390.0,32.424999825716014
36.0,391.0,32.392309937915215
36.0,392.0,32.35814079284387
36.0,393.0,32.32244619600167
36.0,394.0,32.28518266282688
36.0,395.0,32.24631013711756
36.0,396.0,32.20579255866888
36.0,397.0,32.16359869478866
36.0,398.0,32.11970280465377
36.0,399.0,32.07408557104246
36.0,400.0,32.02673484123511
36.0,401.0,31.977646631251005
36.0,402.0,31.926825906579055
36.0,403.0,31.874287613210523
36.0,404.0,31.82005744246369
36.0,405.0,31.76417282362427
36.0,406.0,31.706683597977673
36.0,407.0,31.647652889982133
36.0,408.0,31.58715760014554
36.0,409.0,31.525289059831056
36.0,410.0,31.462153245811
36.0,411.0,31.397871123344988
36.0,412.0,31.3325784924031
36.0,413.0,31.26642593943135
36.0,414.0,31.199578250322777
36.0,415.0,31.132213925829515
36.0,416.0,31.064524139966494
36.0,417.0,30.996711825549603
36.0,418.0,30.9289902143612
36.0,419.0,30.861581560529046
36.0,420.0,30.794715360597785
36.0,421.0,30.7286268414097
36.0,422.0,30.66355501083298
36.0,423.0,30.599741079710174
36.0,424.0,30.537426524416496
36.0,425.0,30.476851628279288
36.0,426.0,30.41825373735542
36.0,427.0,30.36186609126978
36.0,428.0,30.30791642360835
36.0,429.0,30.256626209598984
36.0,430.0,30.20820971033659
36.0,431.0,30.16287370615776
36.0,432.0,30.120817022518704
36.0,433.0,30.082230757045707
36.0,434.0,30.047298267649392
36.0,435.0,30.016195850062914
36.0,436.0,29.989093125558437
36.0,437.0,29.966154091567326
36.0,438.0,29.947537821637287
36.0,439.0,29.933399796245023
36.0,440.0,29.923892820788467
36.0,441.0,29.919168544400367
36.0,442.0,29.919378508826416
36.0,443.0,29.924675775036434
36.0,444.0,29.93521603147715
36.0,445.0,29.95115926621971
36.0,446.0,29.97267088226066
36.0,447.0,29.999923372330315
36.0,448.0,30.033097407796514
36.0,449.0,30.07238349095567
36.0,450.0,30.117983000253677
36.0,451.0,30.170109809140634
36.0,452.0,30.228991282603523
36.0,453.0,30.294869861826676
36.0,454.0,30.368004015171888
36.0,455.0,30.448669793995666
36.0,456.0,30.53716174547808
36.0,457.0,30.63379444740903
36.0,458.0,30.738903391137573
36.0,459.0,30.85284650245766
36.0,460.0,30.97600500091292
36.0,461.0,31.10878491052907
36.0,462.0,31.25161789713931
36.0,463.0,31.404962766918473
36.0,464.0,31.56930627649525
36.0,465.0,31.74516460915519
36.0,466.0,31.933084143300402
36.0,467.0,32.13364288574157
36.0,468.0,32.34745117241052
36.0,469.0,32.575153025142065
36.0,470.0,32.81742674416687
36.0,471.0,33.07498613887154
36.0,472.0,33.348580954146364
36.0,473.0,33.638997906441276
36.0,474.0,33.94706086515718
36.0,475.0,34.27363160256219
36.0,476.0,34.619609626836585
36.0,477.0,34.9859325279198
36.0,478.0,35.37357533053494
36.0,479.0,35.783550287986984
36.0,480.0,36.216905591946116
36.0,481.0,36.67472443338583
36.0,482.0,37.15812287228386
36.0,483.0,37.66824795097133
36.0,484.0,38.206274493525335
36.0,485.0,38.773402024838944
36.0,486.0,39.370850240228215
36.0,487.0,39.99985445841233
36.0,488.0,40.6616594827436
36.0,489.0,41.3575133052535
36.0,490.0,42.08865908053073
36.0,491.0,42.85632681105838
36.0,492.0,43.661723184575216
36.0,493.0,44.506021020962585
36.0,494.0,45.39034679803973
36.0,495.0,46.315767742344214
36.0,496.0,47.28327700235644
36.0,497.0,48.29377843517315
36.0,498.0,49.348069594670804
36.0,499.0,50.4468245157295
36.0,500.0,51.590574976738914
36.0,501.0,52.779691916388096
36.0,502.0,54.014365801746585
36.0,503.0,55.29458771700132
36.0,504.0,56.62013009600116
36.0,505.0,57.990528960124394
36.0,506.0,59.40506670493295
36.0,507.0,60.86275736667219
36.0,508.0,62.36233350138015
36.0,509.0,63.90223662627647
36.0,510.0,65.48061038435074
36.0,511.0,67.09529831927559
36.0,512.0,68.74384536063897
36.0,513.0,70.42350473997075
36.0,514.0,72.13124927262389
36.0,515.0,73.86378845126586
36.0,516.0,75.61759002669584
36.0,517.0,77.38890716390561
36.0,518.0,79.17380953623602
36.0,519.0,80.96821906052247
36.0,520.0,82.76794833799035
36.0,521.0,84.56874216795894
36.0,522.0,86.36631999445012
36.0,523.0,88.15641944049679
36.0,524.0,89.9348387422492
36.0,525.0,91.69747819509037
36.0,526.0,93.4403785567707
36.0,527.0,95.15975664690704
36.0,528.0,96.85203637736049
36.0,529.0,98.51387570365593
36.0,530.0,100.1421881147425
36.0,531.0,101.73415945145112
36.0,532.0,103.2872590682872
36.0,533.0,104.79924640218337
36.0,534.0,106.26817230637933
36.0,535.0,107.69237640354183
36.0,536.0,109.07048006504812
36.0,537.0,110.40137635337908
36.0,538.0,111.6842166788614
36.0,539.0,112.91839548692452
36.0,540.0,114.1035327818453
36.0,541.0,115.23945570178297
36.0,542.0,116.32617894409748
36.0,543.0,117.36388510411254
36.0,544.0,118.3529046876934
36.0,545.0,119.2936966872894
36.0,546.0,120.18682943666401
36.0,547.0,121.03296246006366
36.0,548.0,121.83282899651013
36.0,549.0,122.58721975391907
36.0,550.0,123.29696755899475
36.0,551.0,123.96293331543548
36.0,552.0,124.58599294441846
36.0,553.0,125.16702559748707
36.0,554.0,125.70690284545073
36.0,555.0,126.20647902859378
36.0,556.0,126.66658251979423
36.0,557.0,127.08800799507668
36.0,558.0,127.47150952553514
36.0,559.0,127.81779450468086
36.0,560.0,128.12751829796827
36.0,561.0,128.40127955505312
36.0,562.0,128.63961615156344
36.0,563.0,128.84300163176388
36.0,564.0,129.01184220359323
36.0,565.0,129.1464740907134
36.0,566.0,129.24716138059338
36.0,567.0,129.31409410772753
36.0,568.0,129.34738680017455
36.0,569.0,129.3470771634947
36.0,570.0,129.3131252202946
36.0,571.0,129.24541251466505
36.0,572.0,129.14374179017656
36.0,573.0,129.0078366861362
36.0,574.0,128.83734195143316
36.0,575.0,128.63182365643095
36.0,576.0,128.3907699929706
36.0,577.0,128.11359207919202
36.0,578.0,127.79962544989016
36.0,579.0,127.44813158594147
36.0,580.0,127.05830025378812
36.0,581.0,126.629251945802
36.0,582.0,126.16004128184512
36.0,583.0,125.64966060013352
36.0,584.0,125.09704468513094
36.0,585.0,124.50107579690557
36.0,586.0,123.86059003361042
36.0,587.0,123.17438412525956
36.0,588.0,122.44122376861515
36.0,589.0,121.65985253005381
36.0,590.0,120.82900249541619
36.0,591.0,119.94740561398454
36.0,592.0,119.01380697171751
36.0,593.0,118.02697884850592
36.0,594.0,116.98573683281441
36.0,595.0,115.88895673868296
36.0,596.0,114.73559361379749
36.0,597.0,113.52470145193753
36.0,598.0,112.2554548868808
36.0,599.0,110.9271713247664
36.0,600.0,109.53933475199321
36.0,601.0,108.09161949576088
36.0,602.0,106.58391510965345
36.0,603.0,105.01635046539081
36.0,604.0,103.38931814530883
36.0,605.0,101.70349702113303
36.0,606.0,99.95987404403965
36.0,607.0,98.1597629632523
36.0,608.0,96.30482096829121
36.0,609.0,94.39706086653128
36.0,610.0,92.4388598386031
36.0,611.0,90.43296237828379
36.0,612.0,88.38247861897581
36.0,613.0,86.29087577775871
36.0,614.0,84.16196420941282
36.0,615.0,81.99987606011639
36.0,616.0,79.80903842218434
36.0,617.0,77.59413934153316
36.0,618.0,75.36008905568922
36.0,619.0,73.11197520943864
36.0,620.0,70.85501488442313
36.0,621.0,68.59450252323468
36.0,622.0,66.33575692644237
36.0,623.0,64.0840665817041
36.0,624.0,61.84463665003569
36.0,625.0,59.62253683458389
36.0,626.0,57.422653377737234
36.0,627.0,55.24964416574635
36.0,628.0,53.107899911884004
36.0,629.0,51.00150999640294
36.0,630.0,48.93423554300727
36.0,631.0,46.90948784741694
36.0,632.0,44.93031432823595
36.0,633.0,42.99938968672816
36.0,634.0,41.11901410338248
36.0,635.0,39.2911158325124
36.0,636.0,37.51725979873242
36.0,637.0,35.79865936600583
36.0,638.0,34.136192789352265
36.0,639.0,32.53042145921568
36.0,640.0,30.981611466448705
36.0,641.0,29.489755638396545
36.0,642.0,28.054597668599
36.0,643.0,26.675655594479146
36.0,644.0,25.352246379122466
36.0,645.0,24.083508983406908
36.0,646.0,22.86842782571179
36.0,647.0,21.705854148632017
36.0,648.0,20.59452731708907
36.0,649.0,19.533093685289117
36.0,650.0,18.52012515855277
36.0,651.0,17.554135182946062
36.0,652.0,16.633594361084217
36.0,653.0,15.756943499024851
36.0,654.0,14.922606327035071
36.0,655.0,14.128999750518089
36.0,656.0,13.37454389440609
36.0,657.0,12.657669832642787
36.0,658.0,11.976827267663984
36.0,659.0,11.33049007568852
36.0,660.0,10.717161970214873
36.0,661.0,10.13538021695446
36.0,662.0,9.583719630060992
36.0,663.0,9.06079479706532
36.0,664.0,8.565262733009908
36.0,665.0,8.09582392475264
36.0,666.0,7.6512239320645445
36.0,667.0,7.230253521240203
36.0,668.0,6.831749461060304
36.0,669.0,6.45459397390918
36.0,670.0,6.097714933201954
36.0,671.0,5.760084819992622
36.0,672.0,5.440720489931935
36.0,673.0,5.1386817867973615
36.0,674.0,4.853071012790496
36.0,675.0,4.583031318521304
36.0,676.0,4.32774598104268
36.0,677.0,4.086436662815801
36.0,678.0,3.8583625772990846
36.0,679.0,3.642818687100687
36.0,680.0,3.4391348168394735
36.0,681.0,3.2466738426056736
36.0,682.0,3.064830795677911
36.0,683.0,2.893031081010874
36.0,684.0,2.7307296026547974
36.0,685.0,2.577409037698498
36.0,686.0,2.432579004335565
36.0,687.0,2.2957744089718743
36.0,688.0,2.166554670301578
36.0,689.0,2.0445021506557235
36.0,690.0,1.9292214437386663
36.0,691.0,1.820337896329976
36.0,692.0,1.717496963102742
36.0,693.0,1.6203628211420873
36.0,694.0,1.5286177922001611
36.0,695.0,1.4419610498706685
36.0,696.0,1.360108107468789
36.0,697.0,1.282789615866388
36.0,698.0,1.2097509137072961
36.0,699.0,1.1407509126735496
36.0,700.0,1.075561705789226
36.0,701.0,1.013967536104815
36.0,702.0,0.9557644582737345
36.0,703.0,0.9007593861927868
36.0,704.0,0.848769802751369
36.0,705.0,0.7996228817601624
36.0,706.0,0.7531552406941889
36.0,707.0,0.7092121322096187
36.0,708.0,0.6676472347671786
36.0,709.0,0.6283219091250656
36.0,710.0,0.5911050218924897
36.0,711.0,0.5558722625549849
36.0,712.0,0.5225059952342856
36.0,713.0,0.49089463202080763
36.0,714.0,0.4609325084797656
36.0,715.0,0.43251930931206245
36.0,716.0,0.40555996342855527
36.0,717.0,0.37996411821885595
36.0,718.0,0.3556460503022096
36.0,719.0,0.33252418494213
36.0,720.0,0.31052101886369854
36.0,721.0,0.289562681602344
36.0,722.0,0.2695788670467167
36.0,723.0,0.25050243374664044
36.0,724.0,0.23226934209349562
36.0,725.0,0.21481829083169138
36.0,726.0,0.19809065702175216
36.0,727.0,0.18203016619922355
36.0,728.0,0.1665828324776318
36.0,729.0,0.15169665997716908
36.0,730.0,0.1373215806144378
36.0,731.0,0.12340918457986903
36.0,732.0,0.1099126535282987
36.0,733.0,0.09678651801861785
36.0,734.0,0.08398658396374652
36.0,735.0,0.07146971505854575
36.0,736.0,0.059193750469873
36.0,737.0,0.047117310369509564
36.0,738.0,0.03519970294502461
36.0,739.0,0.02340075122366159
36.0,740.0,0.011680687563066179
36.0,741.0,0.0
37.0,0.0,0.0
37.0,1.0,0.0029512245958422385
37.0,2.0,0.005912399860006113
37.0,3.0,0.00889350863919797
37.0,4.0,0.01190460268875718
37.0,5.0,0.014955830737745536
37.0,6.0,0.018057480209702253
37.0,7.0,0.021220001618183014
37.0,8.0,0.02445405572198703
37.0,9.0,0.027770534705348168
37.0,10.0,0.031180615222190195
37.0,11.0,0.034695776830962984
37.0,12.0,0.038327861398383616
37.0,13.0,0.04208908928010506
37.0,14.0,0.04599212557566962
37.0,15.0,0.05005009457287599
37.0,16.0,0.054276653372368734
37.0,17.0,0.05868600514580865
37.0,18.0,0.06329298068069802
37.0,19.0,0.0681130510403142
37.0,20.0,0.07316241761704348
37.0,21.0,0.07845802482551803
37.0,22.0,0.0840176592958587
37.0,23.0,0.08985996328049156
37.0,24.0,0.09600454366713991
37.0,25.0,0.10247198683419301
37.0,26.0,0.10928397821674882
37.0,27.0,0.11646331940478524
37.0,28.0,0.12403405905352538
37.0,29.0,0.1320215130823807
37.0,30.0,0.14045240778256798
37.0,31.0,0.14935490404184776
37.0,32.0,0.1587587535664192
37.0,33.0,0.16869532812535767
37.0,34.0,0.1791977898685226
37.0,35.0,0.19030112665312193
37.0,36.0,0.20204233750207912
37.0,37.0,0.21446047514023536
37.0,38.0,0.22759684769469038
37.0,39.0,0.241495069625518
37.0,40.0,0.25620128081600924
37.0,41.0,0.2717642071265822
37.0,42.0,0.28823539805182374
37.0,43.0,0.30566929814864213
37.0,44.0,0.3241235044394158
37.0,45.0,0.3436588499558701
37.0,46.0,0.36433968203142
37.0,47.0,0.38623395914687775
37.0,48.0,0.4094135511643548
37.0,49.0,0.43395435054159387
37.0,50.0,0.4599365953939042
37.0,51.0,0.48744499593715934
37.0,52.0,0.5165690809965258
37.0,53.0,0.5474033402137936
37.0,54.0,0.5800475942180607
37.0,55.0,0.614607152652696
37.0,56.0,0.6511932076405755
37.0,57.0,0.6899230070013566
37.0,58.0,0.7309202698284596
37.0,59.0,0.7743153733185008
37.0,60.0,0.820245788162513
37.0,61.0,0.868856276122936
37.0,62.0,0.9202993414468852
37.0,63.0,0.974735434613735
37.0,64.0,1.032333414007548
37.0,65.0,1.0932707490161948
37.0,66.0,1.1577339836419658
37.0,67.0,1.2259189292428616
37.0,68.0,1.2980311184902236
37.0,69.0,1.3742859743746245
37.0,70.0,1.4549092388043614
37.0,71.0,1.540137099919109
37.0,72.0,1.6302165745332173
37.0,73.0,1.7254055701874114
37.0,74.0,1.8259731944669289
37.0,75.0,1.9321997214867332
37.0,76.0,2.0443767937981785
37.0,77.0,2.162807255129005
37.0,78.0,2.2878052021705653
37.0,79.0,2.4196956364880107
37.0,80.0,2.5588143141504305
37.0,81.0,2.705507160097896
37.0,82.0,2.8601298537846946
37.0,83.0,3.0230469395488586
37.0,84.0,3.194631076990893
37.0,85.0,3.3752617720749067
37.0,86.0,3.565324213164048
37.0,87.0,3.765207541293461
37.0,88.0,3.975303188566974
37.0,89.0,4.1960026045832315
37.0,90.0,4.427695015954951
37.0,91.0,4.670764532325731
37.0,92.0,4.9255872575764705
37.0,93.0,5.192527717070324
37.0,94.0,5.471935276780719
37.0,95.0,5.764139867651972
37.0,96.0,6.0694477127581425
37.0,97.0,6.388136379125
37.0,98.0,6.720449878808545
37.0,99.0,7.066593156083808
37.0,100.0,7.4267267176838345
37.0,101.0,7.800960763878537
37.0,102.0,8.189349613748114
37.0,103.0,8.591885807249211
37.0,104.0,9.008494714847838
37.0,105.0,9.439029061889718
37.0,106.0,9.883264231675334
37.0,107.0,10.340893772463598
37.0,108.0,10.81152599410302
37.0,109.0,11.294681083142704
37.0,110.0,11.789789624171917
37.0,111.0,12.296191937457506
37.0,112.0,12.813139095860143
37.0,113.0,13.33979498437774
37.0,114.0,13.87524021054547
37.0,115.0,14.418477154330379
37.0,116.0,14.968436884666282
37.0,117.0,15.523987136315533
37.0,118.0,16.083941978674886
37.0,119.0,16.64707227071989
37.0,120.0,17.212117442470138
37.0,121.0,17.777797613746337
37.0,122.0,18.342826524631572
37.0,123.0,18.90592424069165
37.0,124.0,19.465830083256638
37.0,125.0,20.02131474783739
37.0,126.0,20.57119208505036
37.0,127.0,21.114329554876228
37.0,128.0,21.64965789456056
37.0,129.0,22.17617909443534
37.0,130.0,22.692973313177266
37.0,131.0,23.199203926293777
37.0,132.0,23.694121434865917
37.0,133.0,24.177065523296378
37.0,134.0,24.64746607417649
37.0,135.0,25.1048425037187
37.0,136.0,25.54880228064097
37.0,137.0,25.979038038636318
37.0,138.0,26.395324170127132
37.0,139.0,26.797512330160174
37.0,140.0,27.18552673616572
37.0,141.0,27.559358688717992
37.0,142.0,27.91906117739484
37.0,143.0,28.264742978696038
37.0,144.0,28.596563077067856
37.0,145.0,28.91472479125764
37.0,146.0,29.219470399811254
37.0,147.0,29.51107562292248
37.0,148.0,29.78984471826289
37.0,149.0,30.056105526812217
37.0,150.0,30.310205194252053
37.0,151.0,30.55250588864964
37.0,152.0,30.78338121330288
37.0,153.0,31.003212626597772
37.0,154.0,31.212386546424394
37.0,155.0,31.41129144808206
37.0,156.0,31.600315616528285
37.0,157.0,31.779844863973544
37.0,158.0,31.950260860579096
37.0,159.0,32.11193939520866
37.0,160.0,32.26524920342007
37.0,161.0,32.41055068842013
37.0,162.0,32.54819516318153
37.0,163.0,32.67852395015305
37.0,164.0,32.80186795860698
37.0,165.0,32.918547088007905
37.0,166.0,33.02887006957071
37.0,167.0,33.13313410708856
37.0,168.0,33.23162492122325
37.0,169.0,33.324616571437296
37.0,170.0,33.41237165144854
37.0,171.0,33.49514124566885
37.0,172.0,33.5731652337308
37.0,173.0,33.64667234389994
37.0,174.0,33.71588053317973
37.0,175.0,33.780997108228846
37.0,176.0,33.84221915507688
37.0,177.0,33.89973370503585
37.0,178.0,33.95371819447393
37.0,179.0,34.0043406590757
37.0,180.0,34.05176020947823
37.0,181.0,34.09612724208662
37.0,182.0,34.13758392077193
37.0,183.0,34.17626439639293
37.0,184.0,34.21229528829565
37.0,185.0,34.245795907832054
37.0,186.0,34.27687873618245
37.0,187.0,34.305649649580886
37.0,188.0,34.332208392072815
37.0,189.0,34.356648801908605
37.0,190.0,34.379059279284746
37.0,191.0,34.399523014466034
37.0,192.0,34.41811845133592
37.0,193.0,34.43491951823374
37.0,194.0,34.4499960882215
37.0,195.0,34.463414213325514
37.0,196.0,34.475236581755375
37.0,197.0,34.485522755160325
37.0,198.0,34.494329621559615
37.0,199.0,34.50171163332899
37.0,200.0,34.50772125231524
37.0,201.0,34.51240918359622
37.0,202.0,34.51582480625631
37.0,203.0,34.518016394690754
37.0,204.0,34.519031525080536
37.0,205.0,34.5189172725137
37.0,206.0,34.517720579810906
37.0,207.0,34.51548841562653
37.0,208.0,34.512268089670265
37.0,209.0,34.50810735506234
37.0,210.0,34.50305465307788
37.0,211.0,34.497159143296834
37.0,212.0,34.490470862670584
37.0,213.0,34.483040670230835
37.0,214.0,34.47492031015846
37.0,215.0,34.466162264342174
37.0,216.0,34.45681971721263
37.0,217.0,34.446946318846734
37.0,218.0,34.43659605973186
37.0,219.0,34.42582295804959
37.0,220.0,34.41468086348594
37.0,221.0,34.403223092692244
37.0,222.0,34.39150219044751
37.0,223.0,34.37956954473796
37.0,224.0,34.36747513881164
37.0,225.0,34.355267179989426
37.0,226.0,34.34299187608987
37.0,227.0,34.330693109278364
37.0,228.0,34.31841226498148
37.0,229.0,34.30618797450357
37.0,230.0,34.29405601523685
37.0,231.0,34.28204913527863
37.0,232.0,34.27019703267167
37.0,233.0,34.258526264189136
37.0,234.0,34.247060300821424
37.0,235.0,34.23581951336748
37.0,236.0,34.22482129319216
37.0,237.0,34.214080100620656
37.0,238.0,34.20360763501036
37.0,239.0,34.19341292861912
37.0,240.0,34.18350254827842
37.0,241.0,34.173880717054985
37.0,242.0,34.164549530668026
37.0,243.0,34.155509091093556
37.0,244.0,34.14675772344208
37.0,245.0,34.13829210874219
37.0,246.0,34.1301074903933
37.0,247.0,34.12219779689088
37.0,248.0,34.11455583047655
37.0,249.0,34.10717337393632
37.0,250.0,34.10004135721593
37.0,251.0,34.09314994528433
37.0,252.0,34.086488681024825
37.0,253.0,34.080046553363275
37.0,254.0,34.073812116620616
37.0,255.0,34.06777353965882
37.0,256.0,34.06191870313601
37.0,257.0,34.05623523140711
37.0,258.0,34.050710569866446
37.0,259.0,34.04533200187432
37.0,260.0,34.04008670872933
37.0,261.0,34.034961774101866
37.0,262.0,34.029944229269105
37.0,263.0,34.02502104753357
37.0,264.0,34.02017917728016
37.0,265.0,34.015405528732934
37.0,266.0,34.01068699723492
37.0,267.0,34.00601044451901
37.0,268.0,34.001362714427074
37.0,269.0,33.99673061068957
37.0,270.0,33.992100907131324
37.0,271.0,33.98746032380381
37.0,272.0,33.98279553359702
37.0,273.0,33.978093138468296
37.0,274.0,33.97333967430974
37.0,275.0,33.968521588979485
37.0,276.0,33.963625247268546
37.0,277.0,33.958636912467924
37.0,278.0,33.95354275333838
37.0,279.0,33.94832883103598
37.0,280.0,33.94298111010486
37.0,281.0,33.93748545272392
37.0,282.0,33.93182763590054
37.0,283.0,33.925993355170554
37.0,284.0,33.919968250343615
37.0,285.0,33.91373792095398
37.0,286.0,33.907287963054266
37.0,287.0,33.900603998826455
37.0,288.0,33.893671726981744
37.0,289.0,33.88647696893002
37.0,290.0,33.879005735238806
37.0,291.0,33.87124429053473
37.0,292.0,33.86317923810229
37.0,293.0,33.85479760513986
37.0,294.0,33.84608694681957
37.0,295.0,33.837035452518265
37.0,296.0,33.827632069386674
37.0,297.0,33.817866628602275
37.0,298.0,33.80772998660194
37.0,299.0,33.797214168174214
37.0,300.0,33.786312520946524
37.0,301.0,33.77501986924888
37.0,302.0,33.76333267427834
37.0,303.0,33.751249189270396
37.0,304.0,33.73876961423048
37.0,305.0,33.725896239393535
37.0,306.0,33.71263357998672
37.0,307.0,33.69898849183736
37.0,308.0,33.68497026902701
37.0,309.0,33.67059071364138
37.0,310.0,33.65586417828682
37.0,311.0,33.64080757228636
37.0,312.0,33.625440332749925
37.0,313.0,33.60978435280237
37.0,314.0,33.59386386983824
37.0,315.0,33.577705307960215
37.0,316.0,33.56133708019716
37.0,317.0,33.544789346806205
37.0,318.0,33.52809373870213
37.0,319.0,33.511283044283836
37.0,320.0,33.4943908723418
37.0,321.0,33.47745129050178
37.0,322.0,33.46049845513226
37.0,323.0,33.44356623200696
37.0,324.0,33.426687826030786
37.0,325.0,33.40989541745408
37.0,326.0,33.39321982423174
37.0,327.0,33.37669018437214
37.0,328.0,33.3603336784392
37.0,329.0,33.344175281092426
37.0,330.0,33.32823756197819
37.0,331.0,33.31254051906728
37.0,332.0,33.297101465155464
37.0,333.0,33.281934944579795
37.0,334.0,33.26705270207206
37.0,335.0,33.25246367494334
37.0,336.0,33.238174032879776
37.0,337.0,33.22418723107655
37.0,338.0,33.21050410462041
37.0,339.0,33.19712296475855
37.0,340.0,33.18403972978847
37.0,341.0,33.171248046324386
37.0,342.0,33.15873943950338
37.0,343.0,33.14650344296938
37.0,344.0,33.134527753811014
37.0,345.0,33.1227983580987
37.0,346.0,33.1112996794027
37.0,347.0,33.1000146902759
37.0,348.0,33.08892504674684
37.0,349.0,33.07801117954602
37.0,350.0,33.067252410160215
37.0,351.0,33.05662701850479
37.0,352.0,33.046112338724136
37.0,353.0,33.035684802275604
37.0,354.0,33.02532001360575
37.0,355.0,33.01499276923745
37.0,356.0,33.004677114796436
37.0,357.0,32.99434634177163
37.0,358.0,32.983973028224874
37.0,359.0,32.973529015552714
37.0,360.0,32.962985435718075
37.0,361.0,32.95231267071304
37.0,362.0,32.94148036943335
37.0,363.0,32.93045739274924
37.0,364.0,32.91921182331486
37.0,365.0,32.90771089930001
37.0,366.0,32.89592102058066
37.0,367.0,32.883807674351516
37.0,368.0,32.871335441353224
37.0,369.0,32.85846791683905
37.0,370.0,32.84516772081532
37.0,371.0,32.83139641822375
37.0,372.0,32.81711453764634
37.0,373.0,32.802281495122585
37.0,374.0,32.78685562642695
37.0,375.0,32.77079411968975
37.0,376.0,32.75405306720806
37.0,377.0,32.736587412985756
37.0,378.0,32.71835103108374
37.0,379.0,32.69929669532287
37.0,380.0,32.67937619238698
37.0,381.0,32.65854032219605
37.0,382.0,32.6367390552784
37.0,383.0,32.61392157363026
37.0,384.0,32.59003648315379
37.0,385.0,32.565031906020835
37.0,386.0,32.53885576004138
37.0,387.0,32.51145591441173
37.0,388.0,32.48278054845359
37.0,389.0,32.45277838281821
37.0,390.0,32.4213991297322
37.0,391.0,32.38859381080645
37.0,392.0,32.354315309242345
37.0,393.0,32.3185187828083
37.0,394.0,32.28116232480967
37.0,395.0,32.242207475928865
37.0,396.0,32.20161999452209
37.0,397.0,32.159370463277675
37.0,398.0,32.11543516004315
37.0,399.0,32.069796744225
37.0,400.0,32.022445206632334
37.0,401.0,31.973378606226394
37.0,402.0,31.922604061718207
37.0,403.0,31.870138492406568
37.0,404.0,31.816009596696052
37.0,405.0,31.760256533095955
37.0,406.0,31.702930813791184
37.0,407.0,31.64409684639123
37.0,408.0,31.583832657765516
37.0,409.0,31.522230207926157
37.0,410.0,31.459395854998586
37.0,411.0,31.395450354313446
37.0,412.0,31.330528984099292
37.0,413.0,31.264781159417645
37.0,414.0,31.198370162988173
37.0,415.0,31.131472336728887
37.0,416.0,31.064276403001596
37.0,417.0,30.99698224407415
37.0,418.0,30.929799851572195
37.0,419.0,30.862947759416453
37.0,420.0,30.796651714525357
37.0,421.0,30.73114288115732
37.0,422.0,30.666656372366646
37.0,423.0,30.603429381457115
37.0,424.0,30.541699740372987
37.0,425.0,30.481704147880425
37.0,426.0,30.423676921265738
37.0,427.0,30.36784847738024
37.0,428.0,30.31444441771755
37.0,429.0,30.263684381107918
37.0,430.0,30.215781556163464
37.0,431.0,30.170941972451477
37.0,432.0,30.12936447940503
37.0,433.0,30.09124048797866
37.0,434.0,30.056754402976992
37.0,435.0,30.02608378003443
37.0,436.0,29.999400157769507
37.0,437.0,29.97686956216927
37.0,438.0,29.95865366045389
37.0,439.0,29.944910528715724
37.0,440.0,29.93579604091627
37.0,441.0,29.931464814209214
37.0,442.0,29.932071751017798
37.0,443.0,29.937773085866176
37.0,444.0,29.94872801149497
37.0,445.0,29.965099766583712
37.0,446.0,29.9870572938505
37.0,447.0,30.014776325631328
37.0,448.0,30.04844103924991
37.0,449.0,30.08824511399023
37.0,450.0,30.134393364289625
37.0,451.0,30.187102755365476
37.0,452.0,30.24660400668412
37.0,453.0,30.3131425635556
37.0,454.0,30.386980171427133
37.0,455.0,30.468395807012012
37.0,456.0,30.557687228349177
37.0,457.0,30.65517187174309
37.0,458.0,30.76118838357679
37.0,459.0,30.876097488910347
37.0,460.0,31.00028350914088
37.0,461.0,31.13415520491866
37.0,462.0,31.278147279243953
37.0,463.0,31.432721191676357
37.0,464.0,31.5983666395339
37.0,465.0,31.775602332301034
37.0,466.0,31.96497743427808
37.0,467.0,32.16707227758587
37.0,468.0,32.382499737781174
37.0,469.0,32.61190585072533
37.0,470.0,32.85597107809465
37.0,471.0,33.11541077734866
37.0,472.0,33.39097629642249
37.0,473.0,33.683455226792134
37.0,474.0,33.99367224565315
37.0,475.0,34.32248905939673
37.0,476.0,34.670804887096764
37.0,477.0,35.03955597554123
37.0,478.0,35.42971558999127
37.0,479.0,35.84229295259912
37.0,480.0,36.27833257579161
37.0,481.0,36.738912444423896
37.0,482.0,37.22514249518518
37.0,483.0,37.73816183112274
37.0,484.0,38.279136119733124
37.0,485.0,38.84925359984227
37.0,486.0,39.44972114567819
37.0,487.0,40.081758805620765
37.0,488.0,40.7465942657362
37.0,489.0,41.445455654964725
37.0,490.0,42.17956414792001
37.0,491.0,42.950124791521716
37.0,492.0,43.75831702442498
37.0,493.0,44.605283338165684
37.0,494.0,45.492117572557895
37.0,495.0,46.41985133387262
37.0,496.0,47.38944006579736
37.0,497.0,48.401747321310275
37.0,498.0,49.45752881916686
37.0,499.0,50.557414914212316
37.0,500.0,51.70189313517578
37.0,501.0,52.891289520038036
37.0,502.0,54.12575048483594
37.0,503.0,55.40522407004014
37.0,504.0,56.72944238501448
37.0,505.0,58.09790420876074
37.0,506.0,59.50985963779859
37.0,507.0,60.96429583336914
37.0,508.0,62.45992579169312
37.0,509.0,63.9951792380757
37.0,510.0,65.56819753770847
37.0,511.0,67.17683170161898
37.0,512.0,68.81864526314811
37.0,513.0,70.49092099242661
37.0,514.0,72.1906730100466
37.0,515.0,73.91466306760775
37.0,516.0,75.65942225713296
37.0,517.0,77.42127665320774
37.0,518.0,79.19637780367697
37.0,519.0,80.9807362951177
37.0,520.0,82.77025897578052
37.0,521.0,84.56078783670269
37.0,522.0,86.3481408806949
37.0,523.0,88.12815286932873
37.0,524.0,89.89671615791663
37.0,525.0,91.64981955143513
37.0,526.0,93.38358542521175
37.0,527.0,95.09430323951325
37.0,528.0,96.77845985904041
37.0,529.0,98.43276511748213
37.0,530.0,100.05417328561997
37.0,531.0,101.63989924608815
37.0,532.0,103.18743029401179
37.0,533.0,104.69453271551407
37.0,534.0,106.1592542773895
37.0,535.0,107.57992206445687
37.0,536.0,108.9551369273268
37.0,537.0,110.28376417240818
37.0,538.0,111.56492179006936
37.0,539.0,112.79796595898199
37.0,540.0,113.98247506969328
37.0,541.0,115.11823204017347
37.0,542.0,116.20520605037258
37.0,543.0,117.24353345726782
37.0,544.0,118.23349886466575
37.0,545.0,119.17551607722729
37.0,546.0,120.07010974669593
37.0,547.0,120.91789740708063
37.0,548.0,121.71957254380945
37.0,549.0,122.47588837327551
37.0,550.0,123.18764282805361
37.0,551.0,123.85566442284978
37.0,552.0,124.4807993640643
37.0,553.0,125.06389959727713
37.0,554.0,125.6058120405628
37.0,555.0,126.10736873628555
37.0,556.0,126.56937806950512
37.0,557.0,126.9926168399796
37.0,558.0,127.37782324812382
37.0,559.0,127.72569064865951
37.0,560.0,128.03686205328006
37.0,561.0,128.31192531186096
37.0,562.0,128.5514088803861
37.0,563.0,128.75577818713631
37.0,564.0,128.92543243581343
37.0,565.0,129.06070194320475
37.0,566.0,129.16184578264273
37.0,567.0,129.2290499194038
37.0,568.0,129.26242554296107
37.0,569.0,129.26200787220787
37.0,570.0,129.22775507276052
37.0,571.0,129.15954765321354
37.0,572.0,129.0571879139706
37.0,573.0,128.9203999066753
37.0,574.0,128.74882941269914
37.0,575.0,128.54204449001594
37.0,576.0,128.29953603215898
37.0,577.0,128.02071897984314
37.0,578.0,127.70493356465167
37.0,579.0,127.35144731628189
37.0,580.0,126.95945714883459
37.0,581.0,126.5280923477142
37.0,582.0,126.05641770873622
37.0,583.0,125.54343773940204
37.0,584.0,124.98810110930057
37.0,585.0,124.38930634497954
37.0,586.0,123.7459078895131
37.0,587.0,123.0567236025082
37.0,588.0,122.3205427498869
37.0,589.0,121.5361356318678
37.0,590.0,120.70226382057207
37.0,591.0,119.81769221709712
37.0,592.0,118.88120181091293
37.0,593.0,117.89160439736703
37.0,594.0,116.84775803277037
37.0,595.0,115.74858450884807
37.0,596.0,114.59308750378142
37.0,597.0,113.38037269380737
37.0,598.0,112.10966833865805
37.0,599.0,110.78034760129427
37.0,600.0,109.39195094963326
37.0,601.0,107.944209853575
37.0,602.0,106.4370699429066
37.0,603.0,104.87071477684815
37.0,604.0,103.2455882045061
37.0,605.0,101.56241640544525
37.0,606.0,99.82222742014656
37.0,607.0,98.02636922407324
37.0,608.0,96.17652403145088
37.0,609.0,94.27471990462374
37.0,610.0,92.32333731022328
37.0,611.0,90.3251118096673
37.0,612.0,88.28313058776322
37.0,613.0,86.2008242301533
37.0,614.0,84.08195163605131
37.0,615.0,81.93057981194083
37.0,616.0,79.75105672095506
37.0,617.0,77.54797934920586
37.0,618.0,75.32615551015525
37.0,619.0,73.09056198170431
37.0,620.0,70.8462978266743
37.0,621.0,68.5985358600796
37.0,622.0,66.35247134282602
37.0,623.0,64.11327109067207
37.0,624.0,61.88602214009292
37.0,625.0,59.67568319387769
37.0,626.0,57.487037857915446
37.0,627.0,55.324652734509826
37.0,628.0,53.19283908661951
37.0,629.0,51.09562083747197
37.0,630.0,49.03670722242195
37.0,631.0,47.01947249173666
37.0,632.0,45.046940567095945
37.0,633.0,43.121776702265514
37.0,634.0,41.24628369506634
37.0,635.0,39.42240443319475
37.0,636.0,37.65172807134019
37.0,637.0,35.93550146554596
37.0,638.0,34.27464303319659
37.0,639.0,32.66976061903945
37.0,640.0,31.121170514524163
37.0,641.0,29.628919254281232
37.0,642.0,28.192805395356718
37.0,643.0,26.8124030034292
37.0,644.0,25.487084156524347
37.0,645.0,24.21604231621654
37.0,646.0,22.99831399936232
37.0,647.0,21.83280072633573
37.0,648.0,20.71828879805611
37.0,649.0,19.653468987534527
37.0,650.0,18.636953801942358
37.0,651.0,17.667294486157157
37.0,652.0,16.742995506970647
37.0,653.0,15.862528747507822
37.0,654.0,15.02434521374137
37.0,655.0,14.226886516442862
37.0,656.0,13.468593975624511
37.0,657.0,12.747917623639383
37.0,658.0,12.063322985809886
37.0,659.0,11.413297911056477
37.0,660.0,10.796357354148466
37.0,661.0,10.211048366032486
37.0,662.0,9.655953211334698
37.0,663.0,9.129692844696043
37.0,664.0,8.63092868025781
37.0,665.0,8.158364855129873
37.0,666.0,7.7107489363592
37.0,667.0,7.286873237369233
37.0,668.0,6.885574710094591
37.0,669.0,6.505735541246523
37.0,670.0,6.146282438105307
37.0,671.0,5.806186692935283
37.0,672.0,5.484463033586644
37.0,673.0,5.180169308746
37.0,674.0,4.892405040793232
37.0,675.0,4.6203108530647246
37.0,676.0,4.363066833127756
37.0,677.0,4.119891796284114
37.0,678.0,3.8900415427123582
37.0,679.0,3.672808028979585
37.0,680.0,3.4675175821270177
37.0,681.0,3.2735300326336834
37.0,682.0,3.0902369320465706
37.0,683.0,2.9170606861616024
37.0,684.0,2.753452809705613
37.0,685.0,2.5988930869343436
37.0,686.0,2.452887886628753
37.0,687.0,2.3149693683380845
37.0,688.0,2.1846938730585657
37.0,689.0,2.061641186497816
37.0,690.0,1.9454130148142919
37.0,691.0,1.8356323111319772
37.0,692.0,1.731941841249794
37.0,693.0,1.6340035758394496
37.0,694.0,1.5414973477625984
37.0,695.0,1.4541203096461615
37.0,696.0,1.3715856821054448
37.0,697.0,1.2936222744702872
37.0,698.0,1.2199733215890682
37.0,699.0,1.1503960641825972
37.0,700.0,1.0846606708245896
37.0,701.0,1.0225498735747078
37.0,702.0,0.9638579710594039
37.0,703.0,0.9083905145601855
37.0,704.0,0.8559633877480207
37.0,705.0,0.8064025381836958
37.0,706.0,0.7595431291065856
37.0,707.0,0.7152293112682827
37.0,708.0,0.6733134421789516
37.0,709.0,0.6336558932877587
37.0,710.0,0.5961243321988948
37.0,711.0,0.5605935603906761
37.0,712.0,0.5269448540922029
37.0,713.0,0.4950658279657894
37.0,714.0,0.46484983055693024
37.0,715.0,0.436195829628567
37.0,716.0,0.4090078583414936
37.0,717.0,0.3831949182067466
37.0,718.0,0.35867047240620137
37.0,719.0,0.3353523626087145
37.0,720.0,0.3131623460910021
37.0,721.0,0.29202602293532054
37.0,722.0,0.2718724138514421
37.0,723.0,0.2526338945325901
37.0,724.0,0.234245811305432
37.0,725.0,0.21664641966264936
37.0,726.0,0.19977653507606186
37.0,727.0,0.1835794729460311
37.0,728.0,0.1680007321010556
37.0,729.0,0.15298793360465926
37.0,730.0,0.13849053463187788
37.0,731.0,0.12445976375258291
37.0,732.0,0.11084836302063761
37.0,733.0,0.09761051750846836
37.0,734.0,0.08470162356812987
37.0,735.0,0.07207821052539018
37.0,736.0,0.05969773317357383
37.0,737.0,0.04751848364669439
37.0,738.0,0.035499406286937006
37.0,739.0,0.023599997805757222
37.0,740.0,0.011780142724458756
37.0,741.0,0.0
38.0,0.0,0.0
38.0,1.0,0.002971233052179619
38.0,2.0,0.005952483454741812
38.0,3.0,0.008953803186260921
38.0,4.0,0.011985309119313736
38.0,5.0,0.01505722245163298
38.0,6.0,0.018179895052677697
38.0,7.0,0.021363854141026848
38.0,8.0,0.02461982516268467
38.0,9.0,0.027958782165955917
38.0,10.0,0.031391967675609776
38.0,11.0,0.03493094922973633
38.0,12.0,0.038587636732413576
38.0,13.0,0.04237434563564356
38.0,14.0,0.04630381227713171
38.0,15.0,0.050389264214394484
38.0,16.0,0.054644434083741096
38.0,17.0,0.05908363762308032
38.0,18.0,0.06372178662324952
38.0,19.0,0.06857447521095088
38.0,20.0,0.07365799250422152
38.0,21.0,0.07898941776727374
38.0,22.0,0.0845866334280971
38.0,23.0,0.0904684297626522
38.0,24.0,0.09665451898418871
38.0,25.0,0.10316565016500692
38.0,26.0,0.11002362516374939
38.0,27.0,0.11725142454836596
38.0,28.0,0.12487322618884565
38.0,29.0,0.13291454300439096
38.0,30.0,0.14140224511393001
38.0,31.0,0.15036471029273554
38.0,32.0,0.159831850640277
38.0,33.0,0.1698352766950018
38.0,34.0,0.180408329646728
38.0,35.0,0.19158626012073116
38.0,36.0,0.20340626702720457
38.0,37.0,0.21590769208392285
38.0,38.0,0.2291320664544993
38.0,39.0,0.24312332212825155
38.0,40.0,0.25792784754683945
38.0,41.0,0.27359471699445426
38.0,42.0,0.29017575644186056
38.0,43.0,0.3077257921114875
38.0,44.0,0.32630272776947894
38.0,45.0,0.3459678136078057
38.0,46.0,0.3667857361761541
38.0,47.0,0.38882490865247854
38.0,48.0,0.41215757451104634
38.0,49.0,0.4368601201152337
38.0,50.0,0.4630131930445237
38.0,51.0,0.49070203771466725
38.0,52.0,0.5200166290075419
38.0,53.0,0.5510520312731411
38.0,54.0,0.5839085474870912
38.0,55.0,0.6186921014771235
38.0,56.0,0.6555144022297869
38.0,57.0,0.6944933484620193
38.0,58.0,0.73575320685649
38.0,59.0,0.7794250371059193
38.0,60.0,0.8256468817083898
38.0,61.0,0.8745642082742432
38.0,62.0,0.9263301069776011
38.0,63.0,0.9811057451446871
38.0,64.0,1.039060566439986
38.0,65.0,1.1003727504477667
38.0,66.0,1.165229405060907
38.0,67.0,1.2338270208081015
38.0,68.0,1.3063716445890288
38.0,69.0,1.383079314763229
38.0,70.0,1.4641762002104988
38.0,71.0,1.5498989975586628
38.0,72.0,1.6404950144230732
38.0,73.0,1.7362225044999922
38.0,74.0,1.837350667660842
38.0,75.0,1.9441598919070142
38.0,76.0,2.056941635728287
38.0,77.0,2.1759985381143503
38.0,78.0,2.3016441403027454
38.0,79.0,2.4342028163182574
38.0,80.0,2.5740092821746887
38.0,81.0,2.7214082901231693
38.0,82.0,2.876753864033311
38.0,83.0,3.0404086913436887
38.0,84.0,3.21274301459832
38.0,85.0,3.3941336471042596
38.0,86.0,3.584962443798364
38.0,87.0,3.785614861480927
38.0,88.0,3.9964779293097386
38.0,89.0,4.217938274513557
38.0,90.0,4.450379516531106
38.0,91.0,4.69417968734563
38.0,92.0,4.949707986973586
38.0,93.0,5.217321547659941
38.0,94.0,5.497361515945487
38.0,95.0,5.790149145886894
38.0,96.0,6.09598121818643
38.0,97.0,6.415125502953648
38.0,98.0,6.747815592399755
38.0,99.0,7.094245850562514
38.0,100.0,7.45456582366458
38.0,101.0,7.828874891738304
38.0,102.0,8.21721652674429
38.0,103.0,8.619572973255604
38.0,104.0,9.03585973974953
38.0,105.0,9.46592074981423
38.0,106.0,9.909523560264336
38.0,107.0,10.366355520537535
38.0,108.0,10.836020288763013
38.0,109.0,11.318035588579333
38.0,110.0,11.811831612653885
38.0,111.0,12.316750944412838
38.0,112.0,12.832049370713852
38.0,113.0,13.356898417767653
38.0,114.0,13.890388923938305
38.0,115.0,14.431536416625894
38.0,116.0,14.979287525931055
38.0,117.0,15.532528118917035
38.0,118.0,16.090092295570884
38.0,119.0,16.650772842940533
38.0,120.0,17.213332203090182
38.0,121.0,17.77651447829181
38.0,122.0,18.33905746814093
38.0,123.0,18.89970522029973
38.0,124.0,19.457220067441963
38.0,125.0,20.01039463208285
38.0,126.0,20.558062794019524
38.0,127.0,21.099110143742198
38.0,128.0,21.632482977529442
38.0,129.0,22.157196430614754
38.0,130.0,22.672340889622596
38.0,131.0,23.177087367978146
38.0,132.0,23.67069107710044
38.0,133.0,24.152493960463314
38.0,134.0,24.62192550426171
38.0,135.0,25.078502656880804
38.0,136.0,25.521828229985008
38.0,137.0,25.95158865266016
38.0,138.0,26.36755048459885
38.0,139.0,26.769556572390123
38.0,140.0,27.157521264267057
38.0,141.0,27.531425557757935
38.0,142.0,27.891311587090016
38.0,143.0,28.23727729985182
38.0,144.0,28.569470710666554
38.0,145.0,28.888084548311554
38.0,146.0,29.193350661036305
38.0,147.0,29.485534961283637
38.0,148.0,29.764932252711546
38.0,149.0,30.031861687441996
38.0,150.0,30.286662178851966
38.0,151.0,30.529688488767473
38.0,152.0,30.76130730249831
38.0,153.0,30.981893986500644
38.0,154.0,31.19182933612167
38.0,155.0,31.391496988916227
38.0,156.0,31.58128081032834
38.0,157.0,31.761562911944022
38.0,158.0,31.93272161283478
38.0,159.0,32.09512999195924
38.0,160.0,32.2491543492377
38.0,161.0,32.39515321311654
38.0,162.0,32.5334762217643
38.0,163.0,32.66446350682924
38.0,164.0,32.78844491808123
38.0,165.0,32.90573970959528
38.0,166.0,33.016656038037425
38.0,167.0,33.12149088558053
38.0,168.0,33.22052977087498
38.0,169.0,33.314046852298226
38.0,170.0,33.402304800107274
38.0,171.0,33.48555503304638
38.0,172.0,33.56403770938394
38.0,173.0,33.637982058789156
38.0,174.0,33.70760645841426
38.0,175.0,33.773118829944515
38.0,176.0,33.83471677435861
38.0,177.0,33.892588011010446
38.0,178.0,33.94691055111359
38.0,179.0,33.99785316161353
38.0,180.0,34.045575562823586
38.0,181.0,34.090228904751164
38.0,182.0,34.131955978741914
38.0,183.0,34.170891697922634
38.0,184.0,34.20716331628261
38.0,185.0,34.24089090808377
38.0,186.0,34.27218759061008
38.0,187.0,34.30115999984974
38.0,188.0,34.32790851524096
38.0,189.0,34.35252773070081
38.0,190.0,34.37510668112208
38.0,191.0,34.395729308925624
38.0,192.0,34.414474692817095
38.0,193.0,34.43141751045821
38.0,194.0,34.44662827004469
38.0,195.0,34.460173769387254
38.0,196.0,34.472117330178925
38.0,197.0,34.48251925270617
38.0,198.0,34.49143705120345
38.0,199.0,34.498925901567205
38.0,200.0,34.50503887396785
38.0,201.0,34.50982736838089
38.0,202.0,34.51334133776759
38.0,203.0,34.51562970316723
38.0,204.0,34.51674055755419
38.0,205.0,34.51672154903857
38.0,206.0,34.51562005244898
38.0,207.0,34.51348350646021
38.0,208.0,34.51035953773113
38.0,209.0,34.50629623629059
38.0,210.0,34.50134221650016
38.0,211.0,34.49554681561311
38.0,212.0,34.48896007771498
38.0,213.0,34.481632863695
38.0,214.0,34.47361674913001
38.0,215.0,34.46496404020256
38.0,216.0,34.45572758414272
38.0,217.0,34.4459606944268
38.0,218.0,34.435716882010965
38.0,219.0,34.42504970318752
38.0,220.0,34.41401242981826
38.0,221.0,34.402657842622766
38.0,222.0,34.39103786690385
38.0,223.0,34.379203340737575
38.0,224.0,34.36720364736958
38.0,225.0,34.35508649016861
38.0,226.0,34.342897552805226
38.0,227.0,34.330680310314655
38.0,228.0,34.31847574334903
38.0,229.0,34.30632220787653
38.0,230.0,34.294255221382
38.0,231.0,34.28230740421071
38.0,232.0,34.270508345488196
38.0,233.0,34.258884618956806
38.0,234.0,34.24745972664136
38.0,235.0,34.236254183115086
38.0,236.0,34.22528552717103
38.0,237.0,34.21456846205635
38.0,238.0,34.20411492048996
38.0,239.0,34.193934244990075
38.0,240.0,34.18403328960429
38.0,241.0,34.174416623801285
38.0,242.0,34.16508665477094
38.0,243.0,34.156043839795466
38.0,244.0,34.14728681516128
38.0,245.0,34.13881260464823
38.0,246.0,34.13061674416235
38.0,247.0,34.122693477226186
38.0,248.0,34.115035867715314
38.0,249.0,34.107635976422046
38.0,250.0,34.10048495729093
38.0,251.0,34.093573211901635
38.0,252.0,34.08689046709033
38.0,253.0,34.08042590638797
38.0,254.0,34.074168228795564
38.0,255.0,34.0681057577948
38.0,256.0,34.06222648234012
38.0,257.0,34.05651814509203
38.0,258.0,34.05096826748575
38.0,259.0,34.045564219427376
38.0,260.0,34.04029323071083
38.0,261.0,34.03514244467949
38.0,262.0,34.03009891840217
38.0,263.0,34.02514966284437
38.0,264.0,34.02028163417988
38.0,265.0,34.015481762925475
38.0,266.0,34.01073693863647
38.0,267.0,34.00603403030693
38.0,268.0,34.00135986653429
38.0,269.0,33.99670124932401
38.0,270.0,33.99204493165354
38.0,271.0,33.98737762668063
38.0,272.0,33.98268598451818
38.0,273.0,33.977956598751135
38.0,274.0,33.97317598416804
38.0,275.0,33.968330582455216
38.0,276.0,33.9634067426254
38.0,277.0,33.95839072778356
38.0,278.0,33.95326870004802
38.0,279.0,33.94802673036534
38.0,280.0,33.94265078982764
38.0,281.0,33.937126764642265
38.0,282.0,33.93144045589245
38.0,283.0,33.925577601919315
38.0,284.0,33.91952388872417
38.0,285.0,33.91326498216017
38.0,286.0,33.90678655129035
38.0,287.0,33.90007431286374
38.0,288.0,33.89311406996384
38.0,289.0,33.885891771189236
38.0,290.0,33.87839356677333
38.0,291.0,33.87060588461255
38.0,292.0,33.86251550561081
38.0,293.0,33.854109658092675
38.0,294.0,33.84537611331157
38.0,295.0,33.83630329873564
38.0,296.0,33.82688041334428
38.0,297.0,33.817097558675435
38.0,298.0,33.80694587163296
38.0,299.0,33.796417669973785
38.0,300.0,33.78550659783341
38.0,301.0,33.774207779536034
38.0,302.0,33.762517970007515
38.0,303.0,33.750435707578234
38.0,304.0,33.73796145815049
38.0,305.0,33.72509775439314
38.0,306.0,33.7118493194313
38.0,307.0,33.698223177079626
38.0,308.0,33.68422873860285
38.0,309.0,33.66987786715826
38.0,310.0,33.65518491064571
38.0,311.0,33.6401667041483
38.0,312.0,33.62484253382234
38.0,313.0,33.609234064500804
38.0,314.0,33.59336522444565
38.0,315.0,33.57726205163401
38.0,316.0,33.560952496910616
38.0,317.0,33.544466191341265
38.0,318.0,33.527834174991135
38.0,319.0,33.51108859783936
38.0,320.0,33.494262391451656
38.0,321.0,33.47738892541288
38.0,322.0,33.460501647512515
38.0,323.0,33.44363372441114
38.0,324.0,33.42681768070586
38.0,325.0,33.410085054998746
38.0,326.0,33.393466068200034
38.0,327.0,33.376989323706425
38.0,328.0,33.360681530533235
38.0,329.0,33.34456726954331
38.0,330.0,33.32866878863104
38.0,331.0,33.31300584747205
38.0,332.0,33.2975955919216
38.0,333.0,33.28245247963846
38.0,334.0,33.26758823115541
38.0,335.0,33.253011829859226
38.0,336.0,33.23872953945956
38.0,337.0,33.224744965446234
38.0,338.0,33.211059123795465
38.0,339.0,33.19767054764639
38.0,340.0,33.18457539013906
38.0,341.0,33.171767559431316
38.0,342.0,33.15923883908294
38.0,343.0,33.14697903601157
38.0,344.0,33.13497610405012
38.0,345.0,33.1232162921985
38.0,346.0,33.1116842600792
38.0,347.0,33.10036321712375
38.0,348.0,33.089235021959915
38.0,349.0,33.0782803064044
38.0,350.0,33.067478553868796
38.0,351.0,33.05680820485596
38.0,352.0,33.046246712015055
38.0,353.0,33.03577062609398
38.0,354.0,33.025355627221025
38.0,355.0,33.014976591928374
38.0,356.0,33.00460760161884
38.0,357.0,32.99422199241319
38.0,358.0,32.98379234266958
38.0,359.0,32.97329050813256
38.0,360.0,32.96268759093066
38.0,361.0,32.951953962941296
38.0,362.0,32.94105921902125
38.0,363.0,32.92997219176559
38.0,364.0,32.91866089193699
38.0,365.0,32.907092517990435
38.0,366.0,32.89523338685148
38.0,367.0,32.88304894178504
38.0,368.0,32.870503676904434
38.0,369.0,32.857561147246486
38.0,370.0,32.84418389072982
38.0,371.0,32.830333444709346
38.0,372.0,32.815970269585065
38.0,373.0,32.80105377668202
38.0,374.0,32.78554225836848
38.0,375.0,32.76939293286187
38.0,376.0,32.75256188655909
38.0,377.0,32.73500414230868
38.0,378.0,32.71667362067821
38.0,379.0,32.69752323933715
38.0,380.0,32.6775049011521
38.0,381.0,32.656569633540386
38.0,382.0,32.63466761251945
38.0,383.0,32.61174835212018
38.0,384.0,32.5877607746951
38.0,385.0,32.562653461562356
38.0,386.0,32.536374780801076
38.0,387.0,32.50887321099285
38.0,388.0,32.4800975381162
38.0,389.0,32.44999726422789
38.0,390.0,32.418522884527285
38.0,391.0,32.3856263916393
38.0,392.0,32.351261641969806
38.0,393.0,32.315384963390464
38.0,394.0,32.27795561609432
38.0,395.0,32.23893650637194
38.0,396.0,32.198294740743215
38.0,397.0,32.156002440639185
38.0,398.0,32.112037379197794
38.0,399.0,32.06638388072178
38.0,400.0,32.019033517065964
38.0,401.0,31.969986061862144
38.0,402.0,31.91925020834747
38.0,403.0,31.86684453237586
38.0,404.0,31.81279817713776
38.0,405.0,31.757151762718077
38.0,406.0,31.699957967779895
38.0,407.0,31.64128230976446
38.0,408.0,31.581203542638725
38.0,409.0,31.519814224555294
38.0,410.0,31.457220848246354
38.0,411.0,31.39354411616608
38.0,412.0,31.32891872991736
38.0,413.0,31.263493309896006
38.0,414.0,31.19742979465762
38.0,415.0,31.130902973991
38.0,416.0,31.06409948788201
38.0,417.0,30.99721698641246
38.0,418.0,30.93046276660771
38.0,419.0,30.864052623262975
38.0,420.0,30.798209212381312
38.0,421.0,30.73316070451825
38.0,422.0,30.669139005493314
38.0,423.0,30.606378357826515
38.0,424.0,30.545113573392307
38.0,425.0,30.485578740985208
38.0,426.0,30.428005625799155
38.0,427.0,30.372622629074336
38.0,428.0,30.319653485725976
38.0,429.0,30.269316588417183
38.0,430.0,30.221824073106866
38.0,431.0,30.177381572773168
38.0,432.0,30.136187730643556
38.0,433.0,30.09843439844499
38.0,434.0,30.06430656884781
38.0,435.0,30.033982988989123
38.0,436.0,30.007636465288083
38.0,437.0,29.985434831391913
38.0,438.0,29.96754155434081
38.0,439.0,29.954116979358517
38.0,440.0,29.94531915683239
38.0,441.0,29.9413052833752
38.0,442.0,29.942232671822097
38.0,443.0,29.948260315391522
38.0,444.0,29.95954993399078
38.0,445.0,29.97626760197233
38.0,446.0,29.998584819393272
38.0,447.0,30.026680159961288
38.0,448.0,30.060740332075667
38.0,449.0,30.100961819142256
38.0,450.0,30.147551909823644
38.0,451.0,30.200730316093814
38.0,452.0,30.260730163758126
38.0,453.0,30.327799583473737
38.0,454.0,30.402202660700453
38.0,455.0,30.48422100117257
38.0,456.0,30.574154643985384
38.0,457.0,30.67232360581416
38.0,458.0,30.77906876208639
38.0,459.0,30.894753373924562
38.0,460.0,31.01976394064217
38.0,461.0,31.15451171026896
38.0,462.0,31.29943350223298
38.0,463.0,31.454993196649607
38.0,464.0,31.621682519187544
38.0,465.0,31.80002249617016
38.0,466.0,31.99056418430047
38.0,467.0,32.19389006799456
38.0,468.0,32.4106147047531
38.0,469.0,32.641386027858104
38.0,470.0,32.88688586351529
38.0,471.0,33.14783108585369
38.0,472.0,33.42497394426495
38.0,473.0,33.71910299829488
38.0,474.0,34.031043172646186
38.0,475.0,34.361656376873675
38.0,476.0,34.71184118121817
38.0,477.0,35.082533000068004
38.0,478.0,35.47470325438908
38.0,479.0,35.88935896916223
38.0,480.0,36.32754125843285
38.0,481.0,36.79032415651206
38.0,482.0,37.27881223117236
38.0,483.0,37.79413843843286
38.0,484.0,38.3374606409325
38.0,485.0,38.909958250097354
38.0,486.0,39.51282740456192
38.0,487.0,40.14727614671218
38.0,488.0,40.814518006497444
38.0,489.0,41.515765459158416
38.0,490.0,42.252221671423676
38.0,491.0,43.02507201335321
38.0,492.0,43.835473767508184
38.0,493.0,44.684545531961135
38.0,494.0,45.57335478093823
38.0,495.0,46.502905110844715
38.0,496.0,47.47412168555503
38.0,497.0,48.48783645429514
38.0,498.0,49.544771725894286
38.0,499.0,50.64552373334104
38.0,500.0,51.79054486151277
38.0,501.0,52.98012624516095
38.0,502.0,54.21437951372183
38.0,503.0,55.49321946849545
38.0,504.0,56.81634657705309
38.0,505.0,58.1832311410419
38.0,506.0,59.593098118961365
38.0,507.0,61.044914503772894
38.0,508.0,62.53737830063869
38.0,509.0,64.06891099840735
38.0,510.0,65.63765258757094
38.0,511.0,67.24146094000719
38.0,512.0,68.87791453533373
38.0,513.0,70.54432018487974
38.0,514.0,72.2377245881442
38.0,515.0,73.95493112479357
38.0,516.0,75.69252049801264
38.0,517.0,77.44687632504323
38.0,518.0,79.21421403826807
38.0,519.0,80.9906138720805
38.0,520.0,82.77205606679895
38.0,521.0,84.55445878925613
38.0,522.0,86.33371674833259
38.0,523.0,88.10574082906584
38.0,524.0,89.86649669557234
38.0,525.0,91.61204264317743
38.0,526.0,93.3385647642434
38.0,527.0,95.04240979765521
38.0,528.0,96.72011396558975
38.0,529.0,98.36842835681884
38.0,530.0,99.98433947826807
38.0,531.0,101.56508576854534
38.0,532.0,103.10816903339553
38.0,533.0,104.61136181814776
38.0,534.0,106.07270998165149
38.0,535.0,107.49053164919951
38.0,536.0,108.86341204400802
38.0,537.0,110.19019545396282
38.0,538.0,111.46997398577862
38.0,539.0,112.70207435698777
38.0,540.0,113.8860424546495
38.0,541.0,115.02162683342756
38.0,542.0,116.10876090180327
38.0,543.0,117.14754484203418
38.0,544.0,118.13822699887041
38.0,545.0,119.08118562941996
38.0,546.0,119.97691072314566
38.0,547.0,120.8259866241736
38.0,548.0,121.6290751427005
38.0,549.0,122.38689973371919
38.0,550.0,123.10023042145495
38.0,551.0,123.7698699073495
38.0,552.0,124.39664054993487
38.0,553.0,124.98137253022672
38.0,554.0,125.52489291984766
38.0,555.0,126.02801585690148
38.0,556.0,126.49153359274109
38.0,557.0,126.91620851932888
38.0,558.0,127.30276600032171
38.0,559.0,127.65188803058382
38.0,560.0,127.96420761804146
38.0,561.0,128.24030383501028
38.0,562.0,128.48069751149345
38.0,563.0,128.6858474449627
38.0,564.0,128.85614718304137
38.0,565.0,128.99192218404718
38.0,566.0,129.0934274991931
38.0,567.0,129.16084571360514
38.0,568.0,129.19428537945754
38.0,569.0,129.19377961153123
38.0,570.0,129.15928516923037
38.0,571.0,129.09068162903586
38.0,572.0,128.98777106283333
38.0,573.0,128.85027776014135
38.0,574.0,128.67784850138958
38.0,575.0,128.47005285469268
38.0,576.0,128.2263840950213
38.0,577.0,127.9462601530399
38.0,578.0,127.62902528400673
38.0,579.0,127.27395179917714
38.0,580.0,126.88024264090066
38.0,581.0,126.44703407910123
38.0,582.0,125.97339939970826
38.0,583.0,125.4583527974391
38.0,584.0,124.90085443032372
38.0,585.0,124.29981578144259
38.0,586.0,123.65410636784839
38.0,587.0,122.9625608718442
38.0,588.0,122.22398781056043
38.0,589.0,121.43717874288967
38.0,590.0,120.60091919599296
38.0,591.0,119.71400022534321
38.0,592.0,118.77523184334525
38.0,593.0,117.78345713272637
38.0,594.0,116.7375683150384
38.0,595.0,115.63652347624968
38.0,596.0,114.47936523379202
38.0,597.0,113.26523991343707
38.0,598.0,111.99341851080224
38.0,599.0,110.6633178520988
38.0,600.0,109.27452319649774
38.0,601.0,107.82681052400841
38.0,602.0,106.32016970165563
38.0,603.0,104.75482659329526
38.0,604.0,103.13126525157418
38.0,605.0,101.45024808749906
38.0,606.0,99.71283511730486
38.0,607.0,97.92040004484377
38.0,608.0,96.07464428254801
38.0,609.0,94.17760659340888
38.0,610.0,92.23166953162749
38.0,611.0,90.23956037779864
38.0,612.0,88.20434791584974
38.0,613.0,86.12943286772318
38.0,614.0,84.01853360590144
38.0,615.0,81.8756651837242
38.0,616.0,79.7051136635128
38.0,617.0,77.51140407985093
38.0,618.0,75.29926442029291
38.0,619.0,73.07358427440857
38.0,620.0,70.83937091075397
38.0,621.0,68.60170168952844
38.0,622.0,66.36567584937029
38.0,623.0,64.13636470799194
38.0,624.0,61.91876343812139
38.0,625.0,59.717743424126766
38.0,626.0,57.53800830621405
38.0,627.0,55.38405251702416
38.0,628.0,53.260125207018476
38.0,629.0,51.170198038135034
38.0,630.0,49.11793943299372
38.0,631.0,47.106693377277516
38.0,632.0,45.13946502828876
38.0,633.0,43.21891086188817
38.0,634.0,41.347335318568966
38.0,635.0,39.52669138925123
38.0,636.0,37.75858689595575
38.0,637.0,36.0442937205919
38.0,638.0,34.38476163427943
38.0,639.0,32.78063390031506
38.0,640.0,31.23226629489641
38.0,641.0,29.739746728392344
38.0,642.0,28.302917173600193
38.0,643.0,26.921395155611723
38.0,644.0,25.594596613559062
38.0,645.0,24.321757494105643
38.0,646.0,23.101956005506644
38.0,647.0,21.934133006896232
38.0,648.0,20.81711257468312
38.0,649.0,19.74962032863176
38.0,650.0,18.730301654537097
38.0,651.0,17.757737498098905
38.0,652.0,16.830459938151023
38.0,653.0,15.946965286893722
38.0,654.0,15.105726971975722
38.0,655.0,14.305206003013055
38.0,656.0,13.543861301796513
38.0,657.0,12.820157738679585
38.0,658.0,12.132574160240797
38.0,659.0,11.47960927947788
38.0,660.0,10.859787704967642
38.0,661.0,10.271664001717912
38.0,662.0,9.713827040719236
38.0,663.0,9.184902547413444
38.0,664.0,8.683556078992485
38.0,665.0,8.208494356869247
38.0,666.0,7.758467151851226
38.0,667.0,7.332267665019347
38.0,668.0,6.928733565885166
38.0,669.0,6.546746649308032
38.0,670.0,6.185233234371528
38.0,671.0,5.843163287786792
38.0,672.0,5.519550354964393
38.0,673.0,5.213450305434643
38.0,674.0,4.923960934441787
38.0,675.0,4.650220454691343
38.0,676.0,4.391406877717399
38.0,677.0,4.1467363493261535
38.0,678.0,3.9154623952648917
38.0,679.0,3.6968741751128764
38.0,680.0,3.49029565627279
38.0,681.0,3.2950838424902993
38.0,682.0,3.110627923523289
38.0,683.0,2.9363475195115902
38.0,684.0,2.7716918403769566
38.0,685.0,2.616137975414356
38.0,686.0,2.469190086030185
38.0,687.0,2.3303777606861398
38.0,688.0,2.1992552565090713
38.0,689.0,2.075399932623182
38.0,690.0,1.9584115500225765
38.0,691.0,1.8479107909655252
38.0,692.0,1.7435386219072826
38.0,693.0,1.644954902648132
38.0,694.0,1.5518378137552287
38.0,695.0,1.4638825562583646
38.0,696.0,1.3808008425767753
38.0,697.0,1.3023196855001822
38.0,698.0,1.2281809499608494
38.0,699.0,1.1581402286260887
38.0,700.0,1.0919664507415943
38.0,701.0,1.029440840738503
38.0,702.0,0.9703565796816874
38.0,703.0,0.9145178427359822
38.0,704.0,0.8617395083731848
38.0,705.0,0.8118462702515576
38.0,706.0,0.7646723891826466
38.0,707.0,0.72006087488091
38.0,708.0,0.677863275700545
38.0,709.0,0.6379389257507575
38.0,710.0,0.6001547675335708
38.0,711.0,0.5643846600513002
38.0,712.0,0.530509229670985
38.0,713.0,0.49841523504133567
38.0,714.0,0.4679954417496889
38.0,715.0,0.43914804009168573
38.0,716.0,0.4117765393515822
38.0,717.0,0.3857892347112826
38.0,718.0,0.3610991172591798
38.0,719.0,0.33762338657292257
38.0,720.0,0.31528337283474955
38.0,721.0,0.2940040918652722
38.0,722.0,0.2737141759867861
38.0,723.0,0.25434546851695156
38.0,724.0,0.23583296027053496
38.0,725.0,0.21811442073780457
38.0,726.0,0.20113033734607055
38.0,727.0,0.1848235807450445
38.0,728.0,0.16913934416022036
38.0,729.0,0.15402484038462572
38.0,730.0,0.13942923874524923
38.0,731.0,0.12530339155657225
38.0,732.0,0.11159976638828309
38.0,733.0,0.09827219987026506
38.0,734.0,0.08527582309455782
38.0,735.0,0.07256684077398477
38.0,736.0,0.060102447733802716
38.0,737.0,0.04784063151696967
38.0,738.0,0.03574007802139452
38.0,739.0,0.023759995714161302
38.0,740.0,0.0118600085490391
38.0,741.0,0.0
39.0,0.0,0.0
39.0,1.0,0.0029862831997757625
39.0,2.0,0.005982634885324849
39.0,3.0,0.008999156094858605
39.0,4.0,0.01204601757729358
39.0,5.0,0.01513348818204132
39.0,6.0,0.018271977066350777
39.0,7.0,0.02147205837083724
39.0,8.0,0.02474451892447807
39.0,9.0,0.028100379664773592
39.0,10.0,0.0315509492995906
39.0,11.0,0.03510784294670031
39.0,12.0,0.03878304222760054
39.0,13.0,0.04258891162243759
39.0,14.0,0.04653826549224133
39.0,15.0,0.05064438267197757
39.0,16.0,0.054921080944347125
39.0,17.0,0.05938273042599257
39.0,18.0,0.06404433604817335
39.0,19.0,0.06892155032899856
39.0,20.0,0.07403076445388598
39.0,21.0,0.0793891210700889
39.0,22.0,0.08501461460279944
39.0,23.0,0.09092610475707062
39.0,24.0,0.09714342675354383
39.0,25.0,0.10368740627688694
39.0,26.0,0.11057998036805647
39.0,27.0,0.11784421461712818
39.0,28.0,0.12550443550615023
39.0,29.0,0.1335862507069974
39.0,30.0,0.14211669372930383
39.0,31.0,0.151124248249595
39.0,32.0,0.16063900598111588
39.0,33.0,0.17069269602731857
39.0,34.0,0.1813188569526136
39.0,35.0,0.1925528722189229
39.0,36.0,0.2044321574956354
39.0,37.0,0.21699620329902625
39.0,38.0,0.23028677863204447
39.0,39.0,0.24434798199833496
39.0,40.0,0.2592264625025378
39.0,41.0,0.274971480447158
39.0,42.0,0.291635147044542
39.0,43.0,0.30927249581751454
39.0,44.0,0.3279417420654123
39.0,45.0,0.3477043662670876
39.0,46.0,0.36862539439251585
39.0,47.0,0.3907734944347756
39.0,48.0,0.4142212785490505
39.0,49.0,0.43904541369943406
39.0,50.0,0.46532694641690425
39.0,51.0,0.4931514283126312
39.0,52.0,0.5226092639478378
39.0,53.0,0.5537958516062368
39.0,54.0,0.5868119543261806
39.0,55.0,0.621763855801136
39.0,56.0,0.6587637539936464
39.0,57.0,0.697929931294665
39.0,58.0,0.739387169264332
39.0,59.0,0.7832669311672731
39.0,60.0,0.8297077951994426
39.0,61.0,0.8788556461528576
39.0,62.0,0.9308641229095885
39.0,63.0,0.9858948141875681
39.0,64.0,1.044117714016876
39.0,65.0,1.1057114141760234
39.0,66.0,1.1708635587033829
39.0,67.0,1.2397710226364425
39.0,68.0,1.3126403532339417
39.0,69.0,1.3896879208576867
39.0,70.0,1.4711403303670563
39.0,71.0,1.5572345253153372
39.0,72.0,1.6482181478160483
39.0,73.0,1.7443495715638953
39.0,74.0,1.84589818228124
39.0,75.0,1.9531443083640543
39.0,76.0,2.066379386780113
39.0,77.0,2.185905752414872
39.0,78.0,2.3120366461057458
39.0,79.0,2.4450958151963293
39.0,80.0,2.5854173115268857
39.0,81.0,2.733344846691762
39.0,82.0,2.8892313188038
39.0,83.0,3.0534378571994605
39.0,84.0,3.226333008564771
39.0,85.0,3.408291398485709
39.0,86.0,3.599692501464813
39.0,87.0,3.800918842457052
39.0,88.0,4.012354273416435
39.0,89.0,4.234381639114702
39.0,90.0,4.467380487794959
39.0,91.0,4.711724135126166
39.0,92.0,4.967776751586826
39.0,93.0,5.235889779884707
39.0,94.0,5.5163983705239295
39.0,95.0,5.809617145119361
39.0,96.0,6.115835997772022
39.0,97.0,6.435315252618542
39.0,98.0,6.768280914692667
39.0,99.0,7.11491934633338
39.0,100.0,7.475372137346077
39.0,101.0,7.849730519970813
39.0,102.0,8.238030130580585
39.0,103.0,8.640245490342183
39.0,104.0,9.056285039930165
39.0,105.0,9.485986120009835
39.0,106.0,9.929110760266013
39.0,107.0,10.385341680791582
39.0,108.0,10.854279384507192
39.0,109.0,11.33543974250445
39.0,110.0,11.828252948462064
39.0,111.0,12.332063221955012
39.0,112.0,12.846130110734956
39.0,113.0,13.369630726039594
39.0,114.0,13.9016637099874
39.0,115.0,14.441254200922769
39.0,116.0,14.987360524070871
39.0,117.0,15.538881790226624
39.0,118.0,16.094667048062828
39.0,119.0,16.653525088049356
39.0,120.0,17.214235467150687
39.0,121.0,17.775559782545418
39.0,122.0,18.336253709036978
39.0,123.0,18.895078788931745
39.0,124.0,19.45081446926836
39.0,125.0,20.00226937519365
39.0,126.0,20.54829233411477
39.0,127.0,21.08778217892651
39.0,128.0,21.619696899406016
39.0,129.0,22.143061239852408
39.0,130.0,22.656973388453714
39.0,131.0,23.16060994121128
39.0,132.0,23.653229867663082
39.0,133.0,24.134176744382696
39.0,134.0,24.60288005519343
39.0,135.0,25.058854892254836
39.0,136.0,25.501700908004196
39.0,137.0,25.931099897838198
39.0,138.0,26.346812889634258
39.0,139.0,26.74867614200832
39.0,140.0,27.13659693000493
39.0,141.0,27.510548521946685
39.0,142.0,27.870565210351884
39.0,143.0,28.216736788423187
39.0,144.0,28.549203307474862
39.0,145.0,28.868149487152944
39.0,146.0,29.173799580835222
39.0,147.0,29.46641204667828
39.0,148.0,29.746274793215402
39.0,149.0,30.013700330897183
39.0,150.0,30.269021567694434
39.0,151.0,30.512587565725866
39.0,152.0,30.74475997054621
39.0,153.0,30.965909421179905
39.0,154.0,31.176412630734657
39.0,155.0,31.376649442262316
39.0,156.0,31.567000532185098
39.0,157.0,31.74784506732415
39.0,158.0,31.91955897382078
39.0,159.0,32.082513129223955
39.0,160.0,32.237072124577324
39.0,161.0,32.383592915938536
39.0,162.0,32.5224240024107
39.0,163.0,32.65390446035903
39.0,164.0,32.7783634621149
39.0,165.0,32.89611962047766
39.0,166.0,33.007480778954644
39.0,167.0,33.11274360156685
39.0,168.0,33.212193573815355
39.0,169.0,33.30610478166596
39.0,170.0,33.39474007155575
39.0,171.0,33.47835097157696
39.0,172.0,33.5571779678498
39.0,173.0,33.631450529651914
39.0,174.0,33.70138746784848
39.0,175.0,33.76719703362875
39.0,176.0,33.829077332128485
39.0,177.0,33.887216471363516
39.0,178.0,33.94179301060495
39.0,179.0,33.992976142004395
39.0,180.0,34.040926158698255
39.0,181.0,34.08579465654207
39.0,182.0,34.12772501139191
39.0,183.0,34.16685259238578
39.0,184.0,34.20330524146284
39.0,185.0,34.23720349283435
39.0,186.0,34.26866105063702
39.0,187.0,34.297785011697215
39.0,188.0,34.32467633933489
39.0,189.0,34.34943008829081
39.0,190.0,34.37213587413462
39.0,191.0,34.39287810031272
39.0,192.0,34.411736423369646
39.0,193.0,34.428785982471254
39.0,194.0,34.444097860699166
39.0,195.0,34.457739317078975
39.0,196.0,34.46977424351843
39.0,197.0,34.4802633982933
39.0,198.0,34.48926485675466
39.0,199.0,34.496834243400876
39.0,200.0,34.50302517231595
39.0,201.0,34.50788947247
39.0,202.0,34.511477611113094
39.0,203.0,34.51383890401377
39.0,204.0,34.5150219120198
39.0,205.0,34.51507462495464
39.0,206.0,34.51404481875348
39.0,207.0,34.51198019927069
39.0,208.0,34.50892870546929
39.0,209.0,34.504938598175755
39.0,210.0,34.500058694505306
39.0,211.0,34.49433838738803
39.0,212.0,34.48782779844711
39.0,213.0,34.480577717490185
39.0,214.0,34.472639665819
39.0,215.0,34.4640657509835
39.0,216.0,34.454908639840696
39.0,217.0,34.44522133221684
39.0,218.0,34.43505705210139
39.0,219.0,34.4244689532576
39.0,220.0,34.41350994623036
39.0,221.0,34.40223235765171
39.0,222.0,34.390687718400144
39.0,223.0,34.37892640451024
39.0,224.0,34.36699741613345
39.0,225.0,34.35494803014976
39.0,226.0,34.34282359951808
39.0,227.0,34.33066724536526
39.0,228.0,34.31851970187843
39.0,229.0,34.306419069351
39.0,230.0,34.2944007219889
39.0,231.0,34.28249713455677
39.0,232.0,34.27073786105775
39.0,233.0,34.25914943810165
39.0,234.0,34.24775543323632
39.0,235.0,34.23657641969074
39.0,236.0,34.225630085690774
39.0,237.0,34.214931269015196
39.0,238.0,34.20449211377252
39.0,239.0,34.1943221497408
39.0,240.0,34.184428480969025
39.0,241.0,34.17481589400673
39.0,242.0,34.165487062934886
39.0,243.0,34.15644267175869
39.0,244.0,34.147681622382436
39.0,245.0,34.13920115889604
39.0,246.0,34.130997067837065
39.0,247.0,34.12306379513543
39.0,248.0,34.1153946311078
39.0,249.0,34.10798181387614
39.0,250.0,34.10081669445123
39.0,251.0,34.09388982314368
39.0,252.0,34.087191092544984
39.0,253.0,34.08070980562116
39.0,254.0,34.07443479628351
39.0,255.0,34.068354479451216
39.0,256.0,34.0624569502264
39.0,257.0,34.05673001727886
39.0,258.0,34.051161282475384
39.0,259.0,34.04573815956955
39.0,260.0,34.040447936587086
39.0,261.0,34.035277782103954
39.0,262.0,34.030214792865216
39.0,263.0,34.02524599000863
39.0,264.0,34.020358354389856
39.0,265.0,34.01553881504501
39.0,266.0,34.010774274588954
39.0,267.0,34.00605159207785
39.0,268.0,34.001357600700764
39.0,269.0,33.99667908705324
39.0,270.0,33.992002803198815
39.0,271.0,33.987315444233765
39.0,272.0,33.982603656682436
39.0,273.0,33.97785401614446
39.0,274.0,33.973053033924906
39.0,275.0,33.968187136520626
39.0,276.0,33.96324267238071
39.0,277.0,33.95820589501258
39.0,278.0,33.953062971820444
39.0,279.0,33.94779997268995
39.0,280.0,33.9424028829534
39.0,281.0,33.93685759943167
39.0,282.0,33.931149949707695
39.0,283.0,33.925265697742205
39.0,284.0,33.919190571771686
39.0,285.0,33.91291028173508
39.0,286.0,33.90641055820564
39.0,287.0,33.89967718391658
39.0,288.0,33.8926960461279
39.0,289.0,33.885453184450526
39.0,290.0,33.877934858859895
39.0,291.0,33.87012761570242
39.0,292.0,33.862018373100604
39.0,293.0,33.853594506379345
39.0,294.0,33.84484395175579
39.0,295.0,33.83575531133782
39.0,296.0,33.826317974651836
39.0,297.0,33.81652224174939
39.0,298.0,33.806359460223256
39.0,299.0,33.795822162764175
39.0,300.0,33.78490421484319
39.0,301.0,33.77360096033276
39.0,302.0,33.761909372098735
39.0,303.0,33.7498281962218
39.0,304.0,33.737358094615125
39.0,305.0,33.724501775318025
39.0,306.0,33.71126411339885
39.0,307.0,33.69765225230192
39.0,308.0,33.683675687355674
39.0,309.0,33.66934632194941
39.0,310.0,33.65467849769122
39.0,311.0,33.63968899001568
39.0,312.0,33.62439697111209
39.0,313.0,33.60882393298638
39.0,314.0,33.59299357409583
39.0,315.0,33.576931644053865
39.0,316.0,33.56066575230805
39.0,317.0,33.54422513709142
39.0,318.0,33.52764040361339
39.0,319.0,33.510943229323615
39.0,320.0,33.49416604844444
39.0,321.0,33.47734171438624
39.0,322.0,33.46050315517278
39.0,323.0,33.443683020073344
39.0,324.0,33.42691333484658
39.0,325.0,33.410225161903554
39.0,326.0,33.39364828429142
39.0,327.0,33.37721090643457
39.0,328.0,33.36093939139746
39.0,329.0,33.344858023006516
39.0,330.0,33.32898881320089
39.0,331.0,33.313351337546614
39.0,332.0,33.29796262011818
39.0,333.0,33.28283704493681
39.0,334.0,33.26798631668527
39.0,335.0,33.253419442171236
39.0,336.0,33.239142757771226
39.0,337.0,33.22515996883887
39.0,338.0,33.211472229953785
39.0,339.0,33.198078226758476
39.0,340.0,33.18497429300944
39.0,341.0,33.172154518490565
39.0,342.0,33.159610887139
39.0,343.0,33.14733339587951
39.0,344.0,33.13531020004109
39.0,345.0,33.123527730444145
39.0,346.0,33.11197083518938
39.0,347.0,33.10062288539664
39.0,348.0,33.08946590559106
39.0,349.0,33.078480661582404
39.0,350.0,33.06764677463367
39.0,351.0,33.05694278772025
39.0,352.0,33.04634626117734
39.0,353.0,33.03583381580977
39.0,354.0,33.02538120967291
39.0,355.0,33.014963358177745
39.0,356.0,33.00455439307743
39.0,357.0,32.99412766087948
39.0,358.0,32.983655766067564
39.0,359.0,32.97311054989401
39.0,360.0,32.96246312047476
39.0,361.0,32.95168381450659
39.0,362.0,32.940742217249706
39.0,363.0,32.92960711000879
39.0,364.0,32.9182464832696
39.0,365.0,32.906627473000924
39.0,366.0,32.89471637043022
39.0,367.0,32.882478550448425
39.0,368.0,32.86987848176903
39.0,369.0,32.8568796510143
39.0,370.0,32.84344457736024
39.0,371.0,32.8295347363011
39.0,372.0,32.8151105833812
39.0,373.0,32.800131482209366
39.0,374.0,32.78455574254463
39.0,375.0,32.76834055788242
39.0,376.0,32.751442064005154
39.0,377.0,32.73381529238843
39.0,378.0,32.715414256338704
39.0,379.0,32.696191927546344
39.0,380.0,32.6761003580717
39.0,381.0,32.65509068854523
39.0,382.0,32.633113315451126
39.0,383.0,32.61011794063911
39.0,384.0,32.58605379445811
39.0,385.0,32.56086973723343
39.0,386.0,32.53451454961932
39.0,387.0,32.50693709726485
39.0,388.0,32.478086699994854
39.0,389.0,32.44791337070347
39.0,390.0,32.41636827425515
39.0,391.0,32.38340405027734
39.0,392.0,32.34897537052634
39.0,393.0,32.31303935219475
39.0,394.0,32.275556218383684
39.0,395.0,32.23648980326611
39.0,396.0,32.195808313737544
39.0,397.0,32.153484919826475
39.0,398.0,32.10949860619655
39.0,399.0,32.06383483034607
39.0,400.0,32.016486440376376
39.0,401.0,31.967454369998617
39.0,402.0,31.91674858440699
39.0,403.0,31.864388765833162
39.0,404.0,31.810405233822188
39.0,405.0,31.75483955986941
39.0,406.0,31.697745394211026
39.0,407.0,31.639188935746805
39.0,408.0,31.57924958785869
39.0,409.0,31.51802020392893
39.0,410.0,31.455607493432645
39.0,411.0,31.392131967622145
39.0,412.0,31.327728027634777
39.0,413.0,31.26254355217896
39.0,414.0,31.19673962360214
39.0,415.0,31.130489730408904
39.0,416.0,31.063979124375855
39.0,417.0,30.99740365298721
39.0,418.0,30.9309687865015
39.0,419.0,30.864888142901126
39.0,420.0,30.79938227077558
39.0,421.0,30.734676973462978
39.0,422.0,30.671001972409208
39.0,423.0,30.608589168545787
39.0,424.0,30.547671332849625
39.0,425.0,30.48848045449681
39.0,426.0,30.431246605536415
39.0,427.0,30.376196514291333
39.0,428.0,30.323552729370213
39.0,429.0,30.273532525843727
39.0,430.0,30.226347455394755
39.0,431.0,30.18220264913334
39.0,432.0,30.141296794086827
39.0,433.0,30.10382184940985
39.0,434.0,30.06996344394384
39.0,435.0,30.039900980707827
39.0,436.0,30.01380841343671
39.0,437.0,29.99185468359892
39.0,438.0,29.974204809905043
39.0,439.0,29.961020585145164
39.0,440.0,29.952461902397545
39.0,441.0,29.94868763496568
39.0,442.0,29.949857124442797
39.0,443.0,29.956131173081594
39.0,444.0,29.96767362852221
39.0,445.0,29.984652430294034
39.0,446.0,30.007241240107998
39.0,447.0,30.035620499259572
39.0,448.0,30.069979068635444
39.0,449.0,30.110515268697178
39.0,450.0,30.157438507368504
39.0,451.0,30.210970287124653
39.0,452.0,30.271345810267494
39.0,453.0,30.338814947405275
39.0,454.0,30.413643817633382
39.0,455.0,30.49611571901036
39.0,456.0,30.586532685728315
39.0,457.0,30.68521638413786
39.0,458.0,30.792509650300197
39.0,459.0,30.908777354945038
39.0,460.0,31.034407923138172
39.0,461.0,31.169814168563768
39.0,462.0,31.315434792681764
39.0,463.0,31.47173518312996
39.0,464.0,31.63920888284877
39.0,465.0,31.818378339297894
39.0,466.0,32.009796324624
39.0,467.0,32.21404661174838
39.0,468.0,32.43174531465137
39.0,469.0,32.663541454063406
39.0,470.0,32.91011817214954
39.0,471.0,33.17219313430937
39.0,472.0,33.4505195547381
39.0,473.0,33.74588636149437
39.0,474.0,34.059118948409484
39.0,475.0,34.39107900800012
39.0,476.0,34.7426649009811
39.0,477.0,35.11481103590993
39.0,478.0,35.50848772044737
39.0,479.0,35.92469993838657
39.0,480.0,36.36448651767313
39.0,481.0,36.82891812594519
39.0,482.0,37.31909556088299
39.0,483.0,37.83614675682664
39.0,484.0,38.381223976171405
39.0,485.0,38.955499595668115
39.0,486.0,39.56016195777467
39.0,487.0,40.196409691258474
39.0,488.0,40.86544597503053
39.0,489.0,41.568471151081795
39.0,490.0,42.30667516885615
39.0,491.0,43.08122827889801
39.0,492.0,43.89327147374816
39.0,493.0,44.743905119216315
39.0,494.0,45.63417729986094
39.0,495.0,46.56507036336505
39.0,496.0,47.53748722625935
39.0,497.0,48.55223598566306
39.0,498.0,49.61001445214913
39.0,499.0,50.71139322710152
39.0,500.0,51.85679900513987
39.0,501.0,53.046496819487004
39.0,502.0,54.280572984018576
39.0,503.0,55.558917552710625
39.0,504.0,56.8812081208463
39.0,505.0,58.24689388690043
39.0,506.0,59.655181851754875
39.0,507.0,61.10502414952204
39.0,508.0,62.59510840039662
39.0,509.0,64.12385011109484
39.0,510.0,65.68938896734711
39.0,511.0,67.28958801158447
39.0,512.0,68.922037428189
39.0,513.0,70.5840618219953
39.0,514.0,72.2727325097006
39.0,515.0,73.98488353140262
39.0,516.0,75.71713263228669
39.0,517.0,77.46590569612674
39.0,518.0,79.22746557799256
39.0,519.0,80.99794358790834
39.0,520.0,82.7733742866398
39.0,521.0,84.54973166409269
39.0,522.0,86.32296714472247
39.0,523.0,88.08904740675901
39.0,524.0,89.84399235327062
39.0,525.0,91.58391126520488
39.0,526.0,93.30503749390618
39.0,527.0,95.00375989355776
39.0,528.0,96.67665148100095
39.0,529.0,98.32049379116128
39.0,530.0,99.9322976150784
39.0,531.0,101.50931890502196
39.0,532.0,103.04907074987912
39.0,533.0,104.54933051692451
39.0,534.0,106.00814324665905
39.0,535.0,107.42382066104051
39.0,536.0,108.79493698875505
39.0,537.0,110.12032116064515
39.0,538.0,111.39904661575385
39.0,539.0,112.63041838838583
39.0,540.0,113.81395867786014
39.0,541.0,114.94939062439511
39.0,542.0,116.03662139492445
39.0,543.0,117.07572431063953
39.0,544.0,118.06692098436879
39.0,545.0,119.01056318443005
39.0,546.0,119.90711523985048
39.0,547.0,120.7571366830622
39.0,548.0,121.56126579010656
39.0,549.0,122.32020370147484
39.0,550.0,123.03469963744561
39.0,551.0,123.70553689304467
39.0,552.0,124.33351999422621
39.0,553.0,124.9194627202413
39.0,554.0,125.46417725677645
39.0,555.0,125.96846422218613
39.0,556.0,126.43310372847972
39.0,557.0,126.8588472720913
39.0,558.0,127.24641052485161
39.0,559.0,127.59646688528491
39.0,560.0,127.90964177830153
39.0,561.0,128.1865076378755
39.0,562.0,128.42757948471035
39.0,563.0,128.6333111146416
39.0,564.0,128.80409173784508
39.0,565.0,128.9402431702881
39.0,566.0,129.04201734809024
39.0,567.0,129.10959435483244
39.0,568.0,129.1430806645322
39.0,569.0,129.1425078806982
39.0,570.0,129.1078316070509
39.0,571.0,129.03893082171297
39.0,572.0,128.93560732382528
39.0,573.0,128.79758571631058
39.0,574.0,128.62451342750538
39.0,575.0,128.41596132748123
39.0,576.0,128.17142437592344
39.0,577.0,127.89032294935444
39.0,578.0,127.57200421905652
39.0,579.0,127.21574431891267
39.0,580.0,126.82075060915213
39.0,581.0,126.38616486550215
39.0,582.0,125.91106663403438
39.0,583.0,125.394477669382
39.0,584.0,124.83536662969863
39.0,585.0,124.23265503065929
39.0,586.0,123.5852235623016
39.0,587.0,122.89191985004037
39.0,588.0,122.15156668933487
39.0,589.0,121.36297190607
39.0,590.0,120.52493879029798
39.0,591.0,119.63627831446479
39.0,592.0,118.69582199108832
39.0,593.0,117.70243662463285
39.0,594.0,116.65503970546528
39.0,595.0,115.55261672512682
39.0,596.0,114.3942390362441
39.0,597.0,113.17908353896286
39.0,598.0,111.90645267369715
39.0,599.0,110.5757959824894
39.0,600.0,109.18673155789378
39.0,601.0,107.73906860344768
39.0,602.0,106.23282925289811
39.0,603.0,104.66827082467789
39.0,604.0,103.04590648906871
39.0,605.0,101.36652548379857
39.0,606.0,99.63121070761281
39.0,607.0,97.84135481634472
39.0,608.0,95.9986725502818
39.0,609.0,94.1052104621368
39.0,610.0,92.1633517474076
39.0,611.0,90.1758174716873
39.0,612.0,88.14566196403092
39.0,613.0,86.07626389076137
39.0,614.0,83.97131094614991
39.0,615.0,81.83477998364796
39.0,616.0,79.6709107744037
39.0,617.0,77.48417558552222
39.0,618.0,75.2792430557379
39.0,619.0,73.06093893574818
39.0,620.0,70.83420244077293
39.0,621.0,68.60404109703045
39.0,622.0,66.3754830123511
39.0,623.0,64.15352964547571
39.0,624.0,61.94310804855828
39.0,625.0,59.74902569181793
39.0,626.0,57.57592673157431
39.0,627.0,55.42825270651343
39.0,628.0,53.310206271852735
39.0,629.0,51.225720710451824
39.0,630.0,49.17843349189315
39.0,631.0,47.17166631223597
39.0,632.0,45.20840952602135
39.0,633.0,43.29131310262656
39.0,634.0,41.42268170005607
39.0,635.0,39.60447574680228
39.0,636.0,37.838315889742
39.0,637.0,36.12549254628695
39.0,638.0,34.46697778412032
39.0,639.0,32.863441208395514
39.0,640.0,31.31526703999364
39.0,641.0,29.822574086272752
39.0,642.0,28.385235822551255
39.0,643.0,27.002902362677613
39.0,644.0,25.67502161946817
39.0,645.0,24.400861539098216
39.0,646.0,23.179530815428205
39.0,647.0,22.010000080128837
39.0,648.0,20.891121082725654
39.0,649.0,19.821645958026505
39.0,650.0,18.80024419334773
39.0,651.0,17.82551947506311
39.0,652.0,16.89602410896194
39.0,653.0,16.010273252817
39.0,654.0,15.166756719985791
39.0,655.0,14.363950628490933
39.0,656.0,13.600326702616195
39.0,657.0,12.874361517350136
39.0,658.0,12.184543528008632
39.0,659.0,11.529380174760743
39.0,660.0,10.90740293045594
39.0,661.0,10.31717256814063
39.0,662.0,9.757282536985281
39.0,663.0,9.22636270029922
39.0,664.0,8.723081341862862
39.0,665.0,8.246147664893723
39.0,666.0,7.794312706827046
39.0,667.0,7.366370860275826
39.0,668.0,6.961159941357172
39.0,669.0,6.577561958668584
39.0,670.0,6.214502544224487
39.0,671.0,5.870951160399978
39.0,672.0,5.54592006706371
39.0,673.0,5.238464122160048
39.0,674.0,4.947679425855987
39.0,675.0,4.672702839518696
39.0,676.0,4.412710418729085
39.0,677.0,4.166916748562614
39.0,678.0,3.9345732525409423
39.0,679.0,3.71496741946787
39.0,680.0,3.50742105472623
39.0,681.0,3.3112894552432475
39.0,682.0,3.125959652669855
39.0,683.0,2.9508495779525274
39.0,684.0,2.7854063324096128
39.0,685.0,2.6291053713946395
39.0,686.0,2.4814488286225216
39.0,687.0,2.341964739037025
39.0,688.0,2.210205433464195
39.0,689.0,2.0857468135869697
39.0,690.0,1.9681868276793915
39.0,691.0,1.8571448051352888
39.0,692.0,1.7522600192833584
39.0,693.0,1.6531910848612201
39.0,694.0,1.5596146104034447
39.0,695.0,1.4712246590998583
39.0,696.0,1.3877314907156417
39.0,697.0,1.308861084178407
39.0,698.0,1.234353967210472
39.0,699.0,1.1639647975540786
39.0,700.0,1.0974612772926942
39.0,701.0,1.0346237886885985
39.0,702.0,0.9752443894008616
39.0,703.0,0.9191264983484212
39.0,704.0,0.8660839675857114
39.0,705.0,0.8159408133186977
39.0,706.0,0.7685303599880795
39.0,707.0,0.7236950114790924
39.0,708.0,0.6812854629197437
39.0,709.0,0.6411605071787994
39.0,710.0,0.6031863099613668
39.0,711.0,0.5672362468386802
39.0,712.0,0.5331902373766959
39.0,713.0,0.5009346081523975
39.0,714.0,0.4703614818538129
39.0,715.0,0.4413686619854845
39.0,716.0,0.41385907310886627
39.0,717.0,0.38774066320585865
39.0,718.0,0.36292589147110715
39.0,719.0,0.33933164457366
39.0,720.0,0.3168787686558758
39.0,721.0,0.29549199599974635
39.0,722.0,0.27509951812287137
39.0,723.0,0.25563291961110923
39.0,724.0,0.23702678942481858
39.0,725.0,0.21921865889872125
39.0,726.0,0.2021486485776153
39.0,727.0,0.18575940760469906
39.0,728.0,0.16999579359283537
39.0,729.0,0.15480481082227854
39.0,730.0,0.14013532081988675
39.0,731.0,0.12593797696520778
39.0,732.0,0.11216496359502376
39.0,733.0,0.0987699247726363
39.0,734.0,0.08570772985846517
39.0,735.0,0.0729343943310361
39.0,736.0,0.060406869866000766
39.0,737.0,0.04808295520889655
39.0,738.0,0.03592110888502625
39.0,739.0,0.023880348213767905
39.0,740.0,0.011920082830427108
39.0,741.0,0.0
40.0,0.0,0.0
40.0,1.0,0.002996337876310418
40.0,2.0,0.006002777461482655
40.0,3.0,0.0090294553792551
40.0,4.0,0.012086573683742396
40.0,5.0,0.015184439617561675
40.0,6.0,0.018333492174402305
40.0,7.0,0.02154434714697219
40.0,8.0,0.02482782019094671
40.0,9.0,0.02819497761728106
40.0,10.0,0.03165715642503461
40.0,11.0,0.03522602130587454
40.0,12.0,0.038913582131838535
40.0,13.0,0.04273225765847798
40.0,14.0,0.04669489097763191
40.0,15.0,0.050814820429669914
40.0,16.0,0.0551058935608658
40.0,17.0,0.05958254578463664
40.0,18.0,0.06425981341816925
40.0,19.0,0.06915342066742028
40.0,20.0,0.07427979235826286
40.0,21.0,0.07965614986026502
40.0,22.0,0.0853005241737168
40.0,23.0,0.09123186145269911
40.0,24.0,0.09747003716073474
40.0,25.0,0.10403597190411756
40.0,26.0,0.11095164742524367
40.0,27.0,0.11824023351210391
40.0,28.0,0.12592610665898926
40.0,29.0,0.13403498887668122
40.0,30.0,0.14259396991423678
40.0,31.0,0.151631658855565
40.0,32.0,0.16117821086196202
40.0,33.0,0.1712654925027096
40.0,34.0,0.18192711404389475
40.0,35.0,0.19319860952095333
40.0,36.0,0.20511747566216135
40.0,37.0,0.21772336776623855
40.0,38.0,0.23105814640471906
40.0,39.0,0.24516609021310562
40.0,40.0,0.260093951559615
40.0,41.0,0.2758911873875434
40.0,42.0,0.29261002506122735
40.0,43.0,0.3103057124016787
40.0,44.0,0.32903659491413484
40.0,45.0,0.34886438612729753
40.0,46.0,0.36985425735754046
40.0,47.0,0.3920751293793405
40.0,48.0,0.4155997757720577
40.0,49.0,0.4405051367960047
40.0,50.0,0.46687243717669014
40.0,51.0,0.49478752281248156
40.0,52.0,0.5243409935500779
40.0,53.0,0.5556285629740524
40.0,54.0,0.5887512062802793
40.0,55.0,0.6238155428546225
40.0,56.0,0.6609339987131486
40.0,57.0,0.7002252108167708
40.0,58.0,0.7418142026626646
40.0,59.0,0.7858328082421923
40.0,60.0,0.8324198581690998
40.0,61.0,0.8817216197950514
40.0,62.0,0.9338919896656197
40.0,63.0,0.9890929444730496
40.0,64.0,1.0474947335456757
40.0,65.0,1.1092763329394595
40.0,66.0,1.174625628982544
40.0,67.0,1.2437398647727707
40.0,68.0,1.3168258023998256
40.0,69.0,1.3941001473065666
40.0,70.0,1.4757896725783681
40.0,71.0,1.5621316019272888
40.0,72.0,1.6533736742655014
40.0,73.0,1.7497744603904843
40.0,74.0,1.8516033398745955
40.0,75.0,1.959140719823119
40.0,76.0,2.072677888910535
40.0,77.0,2.192517098897884
40.0,78.0,2.318971252539912
40.0,79.0,2.45236380007773
40.0,80.0,2.5930282090248555
40.0,81.0,2.7413076190135075
40.0,82.0,2.8975540327065024
40.0,83.0,3.0621276639086683
40.0,84.0,3.235395780984169
40.0,85.0,3.4177316762161585
40.0,86.0,3.60951308755986
40.0,87.0,3.8111207135504337
40.0,88.0,4.022936138000878
40.0,89.0,4.245339816646346
40.0,90.0,4.478708435147028
40.0,91.0,4.723412304065755
40.0,92.0,4.9798120964783985
40.0,93.0,5.248255610238321
40.0,94.0,5.529073861173333
40.0,95.0,5.822577209420919
40.0,96.0,6.129050830932604
40.0,97.0,6.448750260879363
40.0,98.0,6.7818963322071
40.0,99.0,7.128670264906824
40.0,100.0,7.489208245473765
40.0,101.0,7.863596284228172
40.0,102.0,8.251864709543426
40.0,103.0,8.653983119618717
40.0,104.0,9.069855170560228
40.0,105.0,9.49931405118798
40.0,106.0,9.942118038381945
40.0,107.0,10.39794700445208
40.0,108.0,10.866399274697946
40.0,109.0,11.346989712702491
40.0,110.0,11.839148419003479
40.0,111.0,12.342220906089423
40.0,112.0,12.855469101368485
40.0,113.0,13.378074002758023
40.0,114.0,13.909139282120837
40.0,115.0,14.447696600754494
40.0,116.0,14.992711857715927
40.0,117.0,15.5430930599696
40.0,118.0,16.09769895290757
40.0,119.0,16.655349022948215
40.0,120.0,17.214833935301876
40.0,121.0,17.77492695478994
40.0,122.0,18.334395359551667
40.0,123.0,18.89201235935684
40.0,124.0,19.446568509140633
40.0,125.0,19.996883129458674
40.0,126.0,20.541814743734555
40.0,127.0,21.080271080127915
40.0,128.0,21.611217701183122
40.0,129.0,22.133685872875034
40.0,130.0,22.64677881169744
40.0,131.0,23.149676998670408
40.0,132.0,23.64164178115964
40.0,133.0,24.122018026594255
40.0,134.0,24.590235123417585
40.0,135.0,25.04580715380928
40.0,136.0,25.48833158991282
40.0,137.0,25.917487376438967
40.0,138.0,26.333031785327204
40.0,139.0,26.7347969199932
40.0,140.0,27.122685267290514
40.0,141.0,27.496665168745686
40.0,142.0,27.856765604734328
40.0,143.0,28.203071142215787
40.0,144.0,28.535716424498997
40.0,145.0,28.85488102404304
40.0,146.0,29.160784016859836
40.0,147.0,29.453679066768323
40.0,148.0,29.73384935826365
40.0,149.0,30.00160313440183
40.0,150.0,30.257269161955982
40.0,151.0,30.501192851724472
40.0,152.0,30.733732344692534
40.0,153.0,30.955255267772984
40.0,154.0,31.166135463679794
40.0,155.0,31.3667503789107
40.0,156.0,31.557478413314072
40.0,157.0,31.73869689931461
40.0,158.0,31.910780017501825
40.0,159.0,32.07409730377349
40.0,160.0,32.2290120613642
40.0,161.0,32.37588032221302
40.0,162.0,32.51504968014322
40.0,163.0,32.646858630925365
40.0,164.0,32.77163575259841
40.0,165.0,32.889699352451096
40.0,166.0,33.00135692609878
40.0,167.0,33.10690504662167
40.0,168.0,33.20662904197441
40.0,169.0,33.3008030700959
40.0,170.0,33.38968996310902
40.0,171.0,33.47354144118925
40.0,172.0,33.5525980808737
40.0,173.0,33.62708962910931
40.0,174.0,33.697235061271506
40.0,175.0,33.7632429646903
40.0,176.0,33.82531165938407
40.0,177.0,33.88362962728825
40.0,178.0,33.93837567512432
40.0,179.0,33.98971939147901
40.0,180.0,34.03782133664799
40.0,181.0,34.082833514665566
40.0,182.0,34.12489957944331
40.0,183.0,34.16415531290167
40.0,184.0,34.20072884034568
40.0,185.0,34.23474110908256
40.0,186.0,34.266306108816416
40.0,187.0,34.29553134761942
40.0,188.0,34.32251807524518
40.0,189.0,34.34736175510179
40.0,190.0,34.370152289811095
40.0,191.0,34.39097448892751
40.0,192.0,34.40990829681071
40.0,193.0,34.427029256234526
40.0,194.0,34.442408738674224
40.0,195.0,34.45611440362893
40.0,196.0,34.46821043072358
40.0,197.0,34.47875797350471
40.0,198.0,34.48781539131443
40.0,199.0,34.49543869452842
40.0,200.0,34.501681772024995
40.0,201.0,34.50659682241342
40.0,202.0,34.510234570250525
40.0,203.0,34.51264467498131
40.0,204.0,34.513875926154476
40.0,205.0,34.51397661895875
40.0,206.0,34.51299471603812
40.0,207.0,34.510978176224214
40.0,208.0,34.507975068795304
40.0,209.0,34.5040338409742
40.0,210.0,34.499203370333646
40.0,211.0,34.49353315755617
40.0,212.0,34.48707330480272
40.0,213.0,34.47987462363581
40.0,214.0,34.471988531877784
40.0,215.0,34.463467072584635
40.0,216.0,34.454362729043204
40.0,217.0,34.44472835874764
40.0,218.0,34.434616934886364
40.0,219.0,34.42408140826146
40.0,220.0,34.413174392463915
40.0,221.0,34.40194797495186
40.0,222.0,34.39045337036402
40.0,223.0,34.37874070780657
40.0,224.0,34.36685868082187
40.0,225.0,34.354854340002255
40.0,226.0,34.342772768064165
40.0,227.0,34.33065690471529
40.0,228.0,34.31854727108384
40.0,229.0,34.30648184780929
40.0,230.0,34.2944958656936
40.0,231.0,34.28262174958999
40.0,232.0,34.270888983167126
40.0,233.0,34.25932412206573
40.0,234.0,34.24795073184214
40.0,235.0,34.236789465688524
40.0,236.0,34.22585806738355
40.0,237.0,34.21517150278639
40.0,238.0,34.20474201480877
40.0,239.0,34.194579294402494
40.0,240.0,34.18469057236674
40.0,241.0,34.175080814556274
40.0,242.0,34.16575283541738
40.0,243.0,34.15670750313885
40.0,244.0,34.14794386153857
40.0,245.0,34.13945933316723
40.0,246.0,34.13124983883746
40.0,247.0,34.12330998958817
40.0,248.0,34.1156331961341
40.0,249.0,34.10821184355936
40.0,250.0,34.10103738580656
40.0,251.0,34.09410049962474
40.0,252.0,34.08739116163832
40.0,253.0,34.0808987802336
40.0,254.0,34.074612254629834
40.0,255.0,34.06852008499463
40.0,256.0,34.062610414277934
40.0,257.0,34.05687111793523
40.0,258.0,34.05128983014455
40.0,259.0,34.04585401517246
40.0,260.0,34.04055098007166
40.0,261.0,34.0353679300505
40.0,262.0,34.030291969947754
40.0,263.0,34.02531014606251
40.0,264.0,34.02040943871748
40.0,265.0,34.01557679295971
40.0,266.0,34.010799104433254
40.0,267.0,34.00606324124124
40.0,268.0,34.00135602521326
40.0,269.0,33.996664247078876
40.0,270.0,33.99197464507831
40.0,271.0,33.9872739154726
40.0,272.0,33.982548690338504
40.0,273.0,33.977785545354216
40.0,274.0,33.97297097855903
40.0,275.0,33.96809141731984
40.0,276.0,33.963133199830544
40.0,277.0,33.95808258318744
40.0,278.0,33.95292572945344
40.0,279.0,33.94764871684533
40.0,280.0,33.94223753228446
40.0,281.0,33.936678087812695
40.0,282.0,33.930956221676574
40.0,283.0,33.925057722217645
40.0,284.0,33.918968339660445
40.0,285.0,33.91267381983069
40.0,286.0,33.90615992889541
40.0,287.0,33.899412499296055
40.0,288.0,33.89241746966061
40.0,289.0,33.88516094522896
40.0,290.0,33.87762925494335
40.0,291.0,33.86980902830289
40.0,292.0,33.861687271145044
40.0,293.0,33.8532514601948
40.0,294.0,33.84448963817285
40.0,295.0,33.835390526199504
40.0,296.0,33.82594363750728
40.0,297.0,33.81613940623512
40.0,298.0,33.805969317120194
40.0,299.0,33.79542604703857
40.0,300.0,33.78450360560619
40.0,301.0,33.773197483144116
40.0,302.0,33.761504794251096
40.0,303.0,33.74942442288648
40.0,304.0,33.73695715796243
40.0,305.0,33.7241058233131
40.0,306.0,33.71087539165254
40.0,307.0,33.6972730848818
40.0,308.0,33.6833084509948
40.0,309.0,33.668993419148066
40.0,310.0,33.65434232397837
40.0,311.0,33.63937190081674
40.0,312.0,33.62410124403946
40.0,313.0,33.60855173125963
40.0,314.0,33.592746907099226
40.0,315.0,33.576712331234575
40.0,316.0,33.56047538616386
40.0,317.0,33.54406505211046
40.0,318.0,33.52751164612852
40.0,319.0,33.51084653592127
40.0,320.0,33.49410182654197
40.0,321.0,33.477310033524844
40.0,322.0,33.46050374075509
40.0,323.0,33.443715259206606
40.0,324.0,33.42697628368371
40.0,325.0,33.41031756558794
40.0,326.0,33.39376859622512
40.0,327.0,33.37735731988719
40.0,328.0,33.36110986727119
40.0,329.0,33.3450503292579
40.0,330.0,33.32920055665459
40.0,331.0,33.31358000670436
40.0,332.0,33.298205616432334
40.0,333.0,33.28309172485913
40.0,334.0,33.2682500184452
40.0,335.0,33.25368952384771
40.0,336.0,33.23941661675515
40.0,337.0,33.225435073978936
40.0,338.0,33.21174613218938
40.0,339.0,33.1983485846782
40.0,340.0,33.18523887433686
40.0,341.0,33.17241121946793
40.0,342.0,33.159857725455716
40.0,343.0,33.1475685250333
40.0,344.0,33.13553189485397
40.0,345.0,33.123734397944254
40.0,346.0,33.11216099408641
40.0,347.0,33.10079517512548
40.0,348.0,33.08961906109502
40.0,349.0,33.07861352205231
40.0,350.0,33.06775825476465
40.0,351.0,33.05703188745788
40.0,352.0,33.04641203435589
40.0,353.0,33.03587538195445
40.0,354.0,33.02539772065797
40.0,355.0,33.014954012882356
40.0,356.0,33.00451840246138
40.0,357.0,32.9940642660802
40.0,358.0,32.983564202100354
40.0,359.0,32.97299006762188
40.0,360.0,32.96231294900558
40.0,361.0,32.95150318736782
40.0,362.0,32.94053033347481
40.0,363.0,32.92936316480027
40.0,364.0,32.91796962773412
40.0,365.0,32.90631684957912
40.0,366.0,32.89437107124701
40.0,367.0,32.88209765781725
40.0,368.0,32.86946102516176
40.0,369.0,32.856424653003984
40.0,370.0,32.84295100927591
40.0,371.0,32.829001570048405
40.0,372.0,32.814536745923995
40.0,373.0,32.799515913793755
40.0,374.0,32.78389735023294
40.0,375.0,32.76763828079451
40.0,376.0,32.75069482621105
40.0,377.0,32.73302207585904
40.0,378.0,32.714574053567546
40.0,379.0,32.69530382295436
40.0,380.0,32.67516348075724
40.0,381.0,32.65410430289271
40.0,382.0,32.63207677437668
40.0,383.0,32.60903078608065
40.0,384.0,32.58491571135915
40.0,385.0,32.55968066440664
40.0,386.0,32.53327463445196
40.0,387.0,32.50564681710591
40.0,388.0,32.4767468171283
40.0,389.0,32.44652506386507
40.0,390.0,32.41493309276095
40.0,391.0,32.38192405449301
40.0,392.0,32.34745308312905
40.0,393.0,32.311477905379256
40.0,394.0,32.27395929907966
40.0,395.0,32.2348618036002
40.0,396.0,32.19415426568637
40.0,397.0,32.15181064406279
40.0,398.0,32.10781063027728
40.0,399.0,32.062140529752774
40.0,400.0,32.014793933173365
40.0,401.0,31.965772642947265
40.0,402.0,31.9150873564506
40.0,403.0,31.862758592036755
40.0,404.0,31.80881733049725
40.0,405.0,31.75330588022507
40.0,406.0,31.696278409861648
40.0,407.0,31.63780168073717
40.0,408.0,31.577955394977657
40.0,409.0,31.516832718315253
40.0,410.0,31.454540367472532
40.0,411.0,31.391198851332298
40.0,412.0,31.32694223235145
40.0,413.0,31.26191803145925
40.0,414.0,31.19628662224405
40.0,415.0,31.130220775296724
40.0,416.0,31.063904680022283
40.0,417.0,30.99753314492779
40.0,418.0,30.93131028594257
40.0,419.0,30.86544844457642
40.0,420.0,30.80016662641235
40.0,421.0,30.73568924093634
40.0,422.0,30.672244410674864
40.0,423.0,30.61006266616745
40.0,424.0,30.54937526710817
40.0,425.0,30.490412996775433
40.0,426.0,30.433404636749813
40.0,427.0,30.378575994648514
40.0,428.0,30.326148653529845
40.0,429.0,30.27633933748244
40.0,430.0,30.22935902043784
40.0,431.0,30.18541269265453
40.0,432.0,30.14469886928929
40.0,433.0,30.107409775742152
40.0,434.0,30.073731252698956
40.0,435.0,30.04384333785308
40.0,436.0,30.017920528391127
40.0,437.0,29.99613270656156
40.0,438.0,29.97864569691573
40.0,439.0,29.965622466071107
40.0,440.0,29.95722390136171
40.0,441.0,29.953610210439674
40.0,442.0,29.954941848646083
40.0,443.0,29.96138104922576
40.0,444.0,29.973092835516486
40.0,445.0,29.990246624010844
40.0,446.0,30.01301727079477
40.0,447.0,30.041586704017988
40.0,448.0,30.0761449687089
40.0,449.0,30.11689185960664
40.0,450.0,30.164037942168616
40.0,451.0,30.21780616925582
40.0,452.0,30.27843286735591
40.0,453.0,30.346169330230225
40.0,454.0,30.42128276738696
40.0,455.0,30.50405787408124
40.0,456.0,30.594797743718345
40.0,457.0,30.693825416557473
40.0,458.0,30.801484759142436
40.0,459.0,30.918141993914386
40.0,460.0,31.04418654721511
40.0,461.0,31.180032559029456
40.0,462.0,31.32611969683061
40.0,463.0,31.482914639056226
40.0,464.0,31.650911845221053
40.0,465.0,31.83063499857832
40.0,466.0,32.022637713545805
40.0,467.0,32.22750491228635
40.0,468.0,32.44585343849222
40.0,469.0,32.67833332919988
40.0,470.0,32.92562828917903
40.0,471.0,33.188456802977065
40.0,472.0,33.46757240635783
40.0,473.0,33.76376456415976
40.0,474.0,34.07785865427364
40.0,475.0,34.410716514316206
40.0,476.0,34.763236029553774
40.0,477.0,35.13635122581549
40.0,478.0,35.5310313259346
40.0,479.0,35.94828023837979
40.0,480.0,36.389134918140925
40.0,481.0,36.85466407157417
40.0,482.0,37.34596562900111
40.0,483.0,37.86416445859183
40.0,484.0,38.410408732263484
40.0,485.0,38.98586641878451
40.0,486.0,39.59172030639232
40.0,487.0,40.22916303313599
40.0,488.0,40.89939052539662
40.0,489.0,41.603595329222685
40.0,490.0,42.34295824207672
40.0,491.0,43.11863974197843
40.0,492.0,43.931769640605204
40.0,493.0,44.78343647839815
40.0,494.0,45.6746751219357
40.0,495.0,46.606454114048574
40.0,496.0,47.5796612878146
40.0,497.0,48.59508924047725
40.0,498.0,49.65341924755784
40.0,499.0,50.75520527179281
40.0,500.0,51.90085673309583
40.0,501.0,53.09062176246806
40.0,502.0,54.32456970347801
40.0,503.0,55.602574654481195
40.0,504.0,56.92429891388168
40.0,505.0,58.28917818087086
40.0,506.0,59.69640745847738
40.0,507.0,61.144929541955676
40.0,508.0,62.633425090436866
40.0,509.0,64.16030614664461
40.0,510.0,65.72371210047832
40.0,511.0,67.32150987614844
40.0,512.0,68.95129726861235
40.0,513.0,70.61041104725005
40.0,514.0,72.29593861147809
40.0,515.0,74.00473458286922
40.0,516.0,75.73344092051488
40.0,517.0,77.47851166278265
40.0,518.0,79.23624066005851
40.0,519.0,81.0027931128675
40.0,520.0,82.77423908021237
40.0,521.0,84.54658952612384
40.0,522.0,86.3158329412691
40.0,523.0,88.0779729490034
40.0,524.0,89.8290649143075
40.0,525.0,91.56525192139465
40.0,526.0,93.2827982437853
40.0,527.0,94.9781207440788
40.0,528.0,96.64781654208885
40.0,529.0,98.28868754792477
40.0,530.0,99.89776048516232
40.0,531.0,101.47230320258782
40.0,532.0,103.00983620831242
40.0,533.0,104.50814041956686
40.0,534.0,105.96526034614415
40.0,535.0,107.37950384793139
40.0,536.0,108.74943791138897
40.0,537.0,110.07388166134892
40.0,538.0,111.3518962084451
40.0,539.0,112.58277254835822
40.0,540.0,113.76601720019848
40.0,541.0,114.90133673371837
40.0,542.0,115.98862090589937
40.0,543.0,117.02792544197042
40.0,544.0,118.01945418054137
40.0,545.0,118.96354147536104
40.0,546.0,119.86063455767062
40.0,547.0,120.71127659898602
40.0,548.0,121.51609016306607
40.0,549.0,122.27576163712676
40.0,550.0,122.9910263265261
40.0,551.0,123.66265466396165
40.0,552.0,124.291439228815
40.0,553.0,124.87818290284382
40.0,554.0,125.42368788663008
40.0,555.0,125.9287457925625
40.0,556.0,126.39412858379629
40.0,557.0,126.82058047731047
40.0,558.0,127.20881063934561
40.0,559.0,127.55948670394066
40.0,560.0,127.87322901258173
40.0,561.0,128.15060552589176
40.0,562.0,128.39212738318474
40.0,563.0,128.59824498628336
40.0,564.0,128.7693446669087
40.0,565.0,128.90574574290454
40.0,566.0,129.0076981098738
40.0,567.0,129.07538010440106
40.0,568.0,129.1088968751061
40.0,569.0,129.1082789297944
40.0,570.0,129.07348118605205
40.0,571.0,129.0043821263343
40.0,572.0,128.9007834767964
40.0,573.0,128.762409944166
40.0,574.0,128.58890952217038
40.0,575.0,128.37985383546246
40.0,576.0,128.134739124844
40.0,577.0,127.85298727572237
40.0,578.0,127.5339475855325
40.0,579.0,127.17689860626896
40.0,580.0,126.78105084891307
40.0,581.0,126.34554961997688
40.0,582.0,125.86947886631897
40.0,583.0,125.35186523169912
40.0,584.0,124.79168328769966
40.0,585.0,124.18786107371862
40.0,586.0,123.53928699048521
40.0,587.0,122.84481710926634
40.0,588.0,122.10328401600925
40.0,589.0,121.31350617385851
40.0,590.0,120.47429898804243
40.0,591.0,119.5844864686253
40.0,592.0,118.64291472630613
40.0,593.0,117.64846609623316
40.0,594.0,116.60007515899281
40.0,595.0,115.49674533742814
40.0,596.0,114.33756735215381
40.0,597.0,113.12173808019818
40.0,598.0,111.84858109170287
40.0,599.0,110.5175672572303
40.0,600.0,109.12833667281797
40.0,601.0,107.68072013002353
40.0,602.0,106.17476133704588
40.0,603.0,104.6107379492071
40.0,604.0,102.9891825733084
40.0,605.0,101.31090164778682
40.0,606.0,99.57699334030073
40.0,607.0,97.78886224311037
40.0,608.0,95.9482320277405
40.0,609.0,94.05715377778823
40.0,610.0,92.11801124861535
40.0,611.0,90.13352079401507
40.0,612.0,88.10672738157473
40.0,613.0,86.0409945530275
40.0,614.0,83.93999001378508
40.0,615.0,81.80766491295434
40.0,616.0,79.64822883230747
40.0,617.0,77.4661188099256
40.0,618.0,75.26596478208958
40.0,619.0,73.0525500421684
40.0,620.0,70.83076943769986
40.0,621.0,68.60558412401444
40.0,622.0,66.38197584395563
40.0,623.0,64.1648996615072
40.0,624.0,61.95923823060677
40.0,625.0,59.769756492341884
40.0,626.0,57.60105983910068
40.0,627.0,55.45755446022468
40.0,628.0,53.343412728317944
40.0,629.0,51.26254205209047
40.0,630.0,49.21855978605424
40.0,631.0,47.21477228104851
40.0,632.0,45.25416036936171
40.0,633.0,43.339369035417796
40.0,634.0,41.47270329975963
40.0,635.0,39.6561277940563
40.0,636.0,37.89127186025351
40.0,637.0,36.17943746760089
40.0,638.0,34.521611675089574
40.0,639.0,32.918480844542074
40.0,640.0,31.370448311495974
40.0,641.0,29.87765271397208
40.0,642.0,28.43998873266137
40.0,643.0,27.057127498224663
40.0,644.0,25.728538507697117
40.0,645.0,24.453510396878496
40.0,646.0,23.231172517100013
40.0,647.0,22.06051476791593
40.0,648.0,20.94040773917987
40.0,649.0,19.869620716044455
40.0,650.0,18.84683969128098
40.0,651.0,17.87068302809973
40.0,652.0,16.93971698802461
40.0,653.0,16.05246884017394
40.0,654.0,15.20743981404183
40.0,655.0,14.403115668693074
40.0,656.0,13.637977166724871
40.0,657.0,12.910508268107197
40.0,658.0,12.21920434026435
40.0,659.0,11.56257823067976
40.0,660.0,10.939166491770754
40.0,661.0,10.347533627975478
40.0,662.0,9.786276637067552
40.0,663.0,9.254027734963376
40.0,664.0,8.749457510210947
40.0,665.0,8.271276414993823
40.0,666.0,7.818236807307506
40.0,667.0,7.389133468896078
40.0,668.0,6.982804778139233
40.0,669.0,6.598132481765718
40.0,670.0,6.234042206411858
40.0,671.0,5.88950267558306
40.0,672.0,5.563525732964508
40.0,673.0,5.255165162199533
40.0,674.0,4.963516362594478
40.0,675.0,4.687714898522365
40.0,676.0,4.4269359393466745
40.0,677.0,4.180392638415957
40.0,678.0,3.9473354242825547
40.0,679.0,3.727050286514272
40.0,680.0,3.5188579845854315
40.0,681.0,3.3221122989215743
40.0,682.0,3.1361992069024756
40.0,683.0,2.960535142304437
40.0,684.0,2.794566174252837
40.0,685.0,2.6377663060761973
40.0,686.0,2.4896366823062577
40.0,687.0,2.3497039484334983
40.0,688.0,2.2175195027083636
40.0,689.0,2.0926579309376288
40.0,690.0,1.9747163134601653
40.0,691.0,1.8633127435407442
40.0,692.0,1.758085695097266
40.0,693.0,1.6586926290804145
40.0,694.0,1.5648094239912085
40.0,695.0,1.4761290715833961
40.0,696.0,1.3923611696588343
40.0,697.0,1.313230706248198
40.0,698.0,1.2384776123843375
40.0,699.0,1.1678556324053848
40.0,700.0,1.1011319332030458
40.0,701.0,1.0380860572897916
40.0,702.0,0.9785095842566903
40.0,703.0,0.9222051626257264
40.0,704.0,0.8689862188172902
40.0,705.0,0.8186760634699174
40.0,706.0,0.7711076430228223
40.0,707.0,0.7261227160509574
40.0,708.0,0.6835716425448931
40.0,709.0,0.6433126258194644
40.0,710.0,0.605211534669727
40.0,711.0,0.5691412065211495
40.0,712.0,0.534981297816802
40.0,713.0,0.5026176442517857
40.0,714.0,0.47194213497357007
40.0,715.0,0.442852125957544
40.0,716.0,0.41525033385748894
40.0,717.0,0.38904429881388897
40.0,718.0,0.36414629405879234
40.0,719.0,0.340472834690087
40.0,720.0,0.31794459940280817
40.0,721.0,0.2964859820011285
40.0,722.0,0.27602502188827627
40.0,723.0,0.2564929953165901
40.0,724.0,0.23782435151492756
40.0,725.0,0.2199563408910687
40.0,726.0,0.20282895390500544
40.0,727.0,0.1863845836341306
40.0,728.0,0.17056796471066862
40.0,729.0,0.15532586783650193
40.0,730.0,0.14060703629178595
40.0,731.0,0.12636191014181059
40.0,732.0,0.11254255799077745
40.0,733.0,0.09910242875719985
40.0,734.0,0.08599627649161733
40.0,735.0,0.07317993770950185
40.0,736.0,0.060610247214343146
40.0,737.0,0.04824483906787762
40.0,738.0,0.036042051460668315
40.0,739.0,0.023960749468841674
40.0,740.0,0.011960217093257012
40.0,741.0,0.0
41.0,0.0,0.0
41.0,1.0,0.0030013713132508355
41.0,2.0,0.006012861813455703
41.0,3.0,0.009044623400909228
41.0,4.0,0.012106878031640414
41.0,5.0,0.01520994624686043
41.0,6.0,0.018364289589630923
41.0,7.0,0.021580535400798333
41.0,8.0,0.02486952476049372
41.0,9.0,0.02824233401145839
41.0,10.0,0.03171032868655871
41.0,11.0,0.035285182236285385
41.0,12.0,0.03897893641941676
41.0,13.0,0.04280401773276327
41.0,14.0,0.04677330476342889
41.0,15.0,0.05090014284563581
41.0,16.0,0.05519841889975606
41.0,17.0,0.05968257487334262
41.0,18.0,0.06436769062425395
41.0,19.0,0.06926949674085761
41.0,20.0,0.07440446606412884
41.0,21.0,0.07978982652534741
41.0,22.0,0.08544366194492221
41.0,23.0,0.09138492557464092
41.0,24.0,0.09763355085894587
41.0,25.0,0.10421046642264477
41.0,26.0,0.11113771753305479
41.0,27.0,0.11843848333255846
41.0,28.0,0.1261372097968111
41.0,29.0,0.13425963007385044
41.0,30.0,0.14283290979345004
41.0,31.0,0.15188567143947995
41.0,32.0,0.16144815292703196
41.0,33.0,0.17155223700064265
41.0,34.0,0.18223162405692772
41.0,35.0,0.19352186762563403
41.0,36.0,0.20546056247325084
41.0,37.0,0.21808738728319302
41.0,38.0,0.23144430912612862
41.0,39.0,0.24557563450514627
41.0,40.0,0.26052823131579905
41.0,41.0,0.2763515894554197
41.0,42.0,0.2930980614126498
41.0,43.0,0.310822933648498
41.0,44.0,0.3295846869414426
41.0,45.0,0.3494450797199327
41.0,46.0,0.3704694292318954
41.0,47.0,0.3927267079291388
41.0,48.0,0.4162898464121268
41.0,49.0,0.44123584381663983
41.0,50.0,0.46764609328383616
41.0,51.0,0.49560650705343356
41.0,52.0,0.5252078648969674
41.0,53.0,0.5565459542476558
41.0,54.0,0.5897219415753874
41.0,55.0,0.6248425273409475
41.0,56.0,0.6620203396395
41.0,57.0,0.7013741030056833
41.0,58.0,0.7430290527523546
41.0,59.0,0.787117115611431
41.0,60.0,0.8337773419784142
41.0,61.0,0.88315609497716
41.0,62.0,0.9354074962068564
41.0,63.0,0.9906936179789779
41.0,64.0,1.0491849360570447
41.0,65.0,1.1110605174294572
41.0,66.0,1.176508470826271
41.0,67.0,1.2457261193501838
41.0,68.0,1.3189204361329043
41.0,69.0,1.3963081873307956
41.0,70.0,1.4781163360296659
41.0,71.0,1.5645821364092183
41.0,72.0,1.6559534838157874
41.0,73.0,1.7524889352216213
41.0,74.0,1.8544579771922352
41.0,75.0,1.9621409410742925
41.0,76.0,2.0758291533894235
41.0,77.0,2.195824706531737
41.0,78.0,2.322440448043369
41.0,79.0,2.4559995591928936
41.0,80.0,2.596835330935426
41.0,81.0,2.745290494006311
41.0,82.0,2.9017167207180976
41.0,83.0,3.0664736418913794
41.0,84.0,3.2399280059448916
41.0,85.0,3.4224523112783287
41.0,86.0,3.6144235488068146
41.0,87.0,3.8162213750253278
41.0,88.0,4.028226363240421
41.0,89.0,4.250817644808556
41.0,90.0,4.4843706004624515
41.0,91.0,4.7292539080564335
41.0,92.0,4.985826621759088
41.0,93.0,5.2544345874370695
41.0,94.0,5.535406887565172
41.0,95.0,5.829051623571955
41.0,96.0,6.135651751321053
41.0,97.0,6.455460286101541
41.0,98.0,6.78869561951497
41.0,99.0,7.135536278334067
41.0,100.0,7.496115898199319
41.0,101.0,7.870517760110143
41.0,102.0,8.258769695124336
41.0,103.0,8.660838724857573
41.0,104.0,9.076626274586491
41.0,105.0,9.505963343931459
41.0,106.0,9.948606497373246
41.0,107.0,10.404234069292821
41.0,108.0,10.87244345938835
41.0,109.0,11.352748909095538
41.0,110.0,11.844580630637026
41.0,111.0,12.347284656091865
41.0,112.0,12.860124251696469
41.0,113.0,13.3822822195716
41.0,114.0,13.912864882729927
41.0,115.0,14.4509070101131
41.0,116.0,14.995378409664735
41.0,117.0,15.54519136780553
41.0,118.0,16.09920958701658
41.0,119.0,16.656257720982236
41.0,120.0,17.21513208838007
41.0,121.0,17.774611600342176
41.0,122.0,18.333469432622916
41.0,123.0,18.890484441216728
41.0,124.0,19.444452834343814
41.0,125.0,19.99419909956648
41.0,126.0,20.538586717031652
41.0,127.0,21.07652769391916
41.0,128.0,21.60699150110825
41.0,129.0,22.12901251159932
41.0,130.0,22.641696592294238
41.0,131.0,23.144226027607445
41.0,132.0,23.635863502796035
41.0,133.0,24.115954403869935
41.0,134.0,24.583928229819286
41.0,135.0,25.039298439453766
41.0,136.0,25.481661577969035
41.0,137.0,25.910695050696916
41.0,138.0,26.326154415615058
41.0,139.0,26.72786958524642
41.0,140.0,27.115740813827728
41.0,141.0,27.489733864348636
41.0,142.0,27.849875217848815
41.0,143.0,28.19624670973493
41.0,144.0,28.528980430199837
41.0,145.0,28.84825325595564
41.0,146.0,29.154281819160957
41.0,147.0,29.44731726090958
41.0,148.0,29.727640542847872
41.0,149.0,29.995557646149333
41.0,150.0,30.25139540122072
41.0,151.0,30.495497263357308
41.0,152.0,30.728219751376365
41.0,153.0,30.949928855616264
41.0,154.0,31.16099711036859
41.0,155.0,31.36180063353846
41.0,156.0,31.552716810762977
41.0,157.0,31.734121927878192
41.0,158.0,31.90638941455837
41.0,159.0,32.069888007964664
41.0,160.0,32.22498048740063
41.0,161.0,32.372022296715166
41.0,162.0,32.511360695371835
41.0,163.0,32.64333376496661
41.0,164.0,32.76826990306781
41.0,165.0,32.88648714266078
41.0,166.0,32.998292920498216
41.0,167.0,33.10398364507587
41.0,168.0,33.203844679027455
41.0,169.0,33.298150099655444
41.0,170.0,33.38716284367709
41.0,171.0,33.47113461320389
41.0,172.0,33.5503061399466
41.0,173.0,33.62490719810674
41.0,174.0,33.69515695340294
41.0,175.0,33.76126405217967
41.0,176.0,33.823427028018
41.0,177.0,33.88183444327578
41.0,178.0,33.93666533247013
41.0,179.0,33.98808937837932
41.0,180.0,34.03626737682134
41.0,181.0,34.081351434397654
41.0,182.0,34.12348544379324
41.0,183.0,34.16280529429346
41.0,184.0,34.19943935037303
41.0,185.0,34.23350866934754
41.0,186.0,34.265127478876806
41.0,187.0,34.29440339859146
41.0,188.0,34.32143791426802
41.0,189.0,34.34632660204373
41.0,190.0,34.36915959845902
41.0,191.0,34.39002182695768
41.0,192.0,34.408993463740735
41.0,193.0,34.426150166636425
41.0,194.0,34.44156353674961
41.0,195.0,34.45530134945271
41.0,196.0,34.467428011123296
41.0,197.0,34.478004790935984
41.0,198.0,34.48709027055412
41.0,199.0,34.49474057361482
41.0,200.0,34.501009804135634
41.0,201.0,34.50595026818311
41.0,202.0,34.509612894132204
41.0,203.0,34.51204743822295
41.0,204.0,34.51330287697798
41.0,205.0,34.513427585575386
41.0,206.0,34.51246969016732
41.0,207.0,34.51047720579172
41.0,208.0,34.507498334675695
41.0,209.0,34.50358154945635
41.0,210.0,34.49877582349747
41.0,211.0,34.493130646172496
41.0,212.0,34.486696173385354
41.0,213.0,34.479523165077666
41.0,214.0,34.471663048837854
41.0,215.0,34.46316777571028
41.0,216.0,34.45408979680297
41.0,217.0,34.4444818413911
41.0,218.0,34.434396814964714
41.0,219.0,34.42388751239967
41.0,220.0,34.413006454525956
41.0,221.0,34.40180555719655
41.0,222.0,34.39033593051926
41.0,223.0,34.37864753031988
41.0,224.0,34.366788948136595
41.0,225.0,34.35480707357639
41.0,226.0,34.34274690310933
41.0,227.0,34.33065123968116
41.0,228.0,34.31856054426577
41.0,229.0,34.306512693298515
41.0,230.0,34.29454288976176
41.0,231.0,34.28268349081621
41.0,232.0,34.27096398643704
41.0,233.0,34.25941090071413
41.0,234.0,34.248047837412415
41.0,235.0,34.2368954503779
41.0,236.0,34.225971548264994
41.0,237.0,34.21529112345978
41.0,238.0,34.20486650343132
41.0,239.0,34.19470742407965
41.0,240.0,34.18482121292997
41.0,241.0,34.17521289175601
41.0,242.0,34.165885376840706
41.0,243.0,34.15683959663262
41.0,244.0,34.14807469594053
41.0,245.0,34.139588156582015
41.0,246.0,34.13137599497344
41.0,247.0,34.12343287655828
41.0,248.0,34.11575229918384
41.0,249.0,34.10832669501034
41.0,250.0,34.10114759487391
41.0,251.0,34.09420571400808
41.0,252.0,34.087491094999635
41.0,253.0,34.080993175805176
41.0,254.0,34.074700910788266
41.0,255.0,34.06860282112318
41.0,256.0,34.06268709474859
41.0,257.0,34.05694162034922
41.0,258.0,34.05135406793316
41.0,259.0,34.04591190825011
41.0,260.0,34.040602476190145
41.0,261.0,34.03541297783532
41.0,262.0,34.030330539088595
41.0,263.0,34.02534220266233
41.0,264.0,34.02043496437086
41.0,265.0,34.01559576232155
41.0,266.0,34.0108115032215
41.0,267.0,34.00606904592371
41.0,268.0,34.00135521996817
41.0,269.0,33.99665680549997
41.0,270.0,33.991960546132105
41.0,271.0,33.9872531271301
41.0,272.0,33.9825211845786
41.0,273.0,33.97775128364292
41.0,274.0,33.97292992596144
41.0,275.0,33.9680435297617
41.0,276.0,33.96307843739527
41.0,277.0,33.958020899107964
41.0,278.0,33.9528570826828
41.0,279.0,33.947573062737526
41.0,280.0,33.94215483453538
41.0,281.0,33.93658831079394
41.0,282.0,33.930859341844865
41.0,283.0,33.9249537220624
41.0,284.0,33.91885721867154
41.0,285.0,33.91255559000508
41.0,286.0,33.90603462533035
41.0,287.0,33.89928017716854
41.0,288.0,33.892278214471986
41.0,289.0,33.88501487111863
41.0,290.0,33.877476514546835
41.0,291.0,33.86964981218445
41.0,292.0,33.86152181714263
41.0,293.0,33.85308005365363
41.0,294.0,33.84431262053719
41.0,295.0,33.835208295604446
41.0,296.0,33.82575665624583
41.0,297.0,33.81594820112865
41.0,298.0,33.80577448535425
41.0,299.0,33.79522825560373
41.0,300.0,33.784303594884065
41.0,301.0,33.77299606462074
41.0,302.0,33.76130285118134
41.0,303.0,33.749222905473204
41.0,304.0,33.736757080477915
41.0,305.0,33.723908256053086
41.0,306.0,33.71068145408928
41.0,307.0,33.69708393398005
41.0,308.0,33.68312527033854
41.0,309.0,33.66881740365582
41.0,310.0,33.654174665475765
41.0,311.0,33.63921376977774
41.0,312.0,33.62395377270936
41.0,313.0,33.60841599368854
41.0,314.0,33.5926239015388
41.0,315.0,33.57660296028156
41.0,316.0,33.56038044060487
41.0,317.0,33.54398519329676
41.0,318.0,33.527447393573254
41.0,319.0,33.51079825395118
41.0,320.0,33.4940697176653
41.0,321.0,33.477294130902415
41.0,322.0,33.460503908663526
41.0,323.0,33.443731192010304
41.0,324.0,33.427007513745544
41.0,325.0,33.41036346838544
41.0,326.0,33.3938284050276
41.0,327.0,33.377430135681934
41.0,328.0,33.3611946786703
41.0,329.0,33.345146025201444
41.0,330.0,33.329305949512595
41.0,331.0,33.31369384543268
41.0,332.0,33.2983266107648
41.0,333.0,33.283218556717266
41.0,334.0,33.268381365424126
41.0,335.0,33.25382406712702
41.0,336.0,33.239553062639104
41.0,337.0,33.22557215716975
41.0,338.0,33.2118826347876
41.0,339.0,33.198483334307525
41.0,340.0,33.185370760605466
41.0,341.0,33.17253918696002
41.0,342.0,33.15998078811051
41.0,343.0,33.147685754382366
41.0,344.0,33.135642433058486
41.0,345.0,33.123837441849794
41.0,346.0,33.112255807781786
41.0,347.0,33.1008810704341
41.0,348.0,33.089695410516505
41.0,349.0,33.07867973625473
41.0,350.0,33.067813796688114
41.0,351.0,33.05707624725876
41.0,352.0,33.046444745331485
41.0,353.0,33.035895993255615
41.0,354.0,33.0254058155666
41.0,355.0,33.0149491794793
41.0,356.0,33.00450025467451
41.0,357.0,32.99403241238447
41.0,358.0,32.98351826966465
41.0,359.0,32.97292966903496
41.0,360.0,32.96223770978785
41.0,361.0,32.9514127106616
41.0,362.0,32.94042423115185
41.0,363.0,32.92924102002501
41.0,364.0,32.9178310298864
41.0,365.0,32.906161354590964
41.0,366.0,32.89419824056765
41.0,367.0,32.881907016433956
41.0,368.0,32.86925210485731
41.0,369.0,32.856196947995315
41.0,370.0,32.84270402404877
41.0,371.0,32.828734772580646
41.0,372.0,32.81424962042392
41.0,373.0,32.799207911513896
41.0,374.0,32.78356794748354
41.0,375.0,32.76728692739374
41.0,376.0,32.75032100918803
41.0,377.0,32.73262526562187
41.0,378.0,32.714153773744215
41.0,379.0,32.694859594382734
41.0,380.0,32.674694897927665
41.0,381.0,32.65361097586309
41.0,382.0,32.631558412264965
41.0,383.0,32.608487136969124
41.0,384.0,32.584346653221544
41.0,385.0,32.55908614297008
41.0,386.0,32.53265476181265
41.0,387.0,32.50500180734379
41.0,388.0,32.476077092644275
41.0,389.0,32.44583118827035
41.0,390.0,32.41421588463736
41.0,391.0,32.381184516687604
41.0,392.0,32.34669252318314
41.0,393.0,32.31069785984295
41.0,394.0,32.27316165927775
41.0,395.0,32.234048732956296
41.0,396.0,32.19332832882645
41.0,397.0,32.15097471445622
41.0,398.0,32.10696801999624
41.0,399.0,32.06129488409761
41.0,400.0,32.01394935783652
41.0,401.0,31.964933581849586
41.0,402.0,31.914258712784235
41.0,403.0,31.861945585503094
41.0,404.0,31.808025608944767
41.0,405.0,31.752541353071614
41.0,406.0,31.695547348013108
41.0,407.0,31.63711052437906
41.0,408.0,31.577310841287904
41.0,409.0,31.516241504076326
41.0,410.0,31.45400934673081
41.0,411.0,31.390734756245752
41.0,412.0,31.326551746097188
41.0,413.0,31.261607533949686
41.0,414.0,31.19606226666445
41.0,415.0,31.13008822810142
41.0,416.0,31.063869211723393
41.0,417.0,30.99759937532319
41.0,418.0,30.93148230041247
41.0,419.0,30.86572955514021
41.0,420.0,30.800559523341967
41.0,421.0,30.736195777749387
41.0,422.0,30.672865797386365
41.0,423.0,30.610799282049804
41.0,424.0,30.55022689702015
41.0,425.0,30.49137867035661
41.0,426.0,30.434482904077605
41.0,427.0,30.379764785676333
41.0,428.0,30.327445585020026
41.0,429.0,30.27774158303338
41.0,430.0,30.23086363812384
41.0,431.0,30.187016494561455
41.0,432.0,30.146398758909168
41.0,433.0,30.1092026065928
41.0,434.0,30.075614166030718
41.0,435.0,30.045813602185
41.0,436.0,30.019975870832543
41.0,437.0,29.99827112819218
41.0,438.0,29.980865794205364
41.0,439.0,29.96792322018998
41.0,440.0,29.959604989102914
41.0,441.0,29.95607176818867
41.0,442.0,29.95748477442699
41.0,443.0,29.964006743881527
41.0,444.0,29.97580349884313
41.0,445.0,29.993044976653394
41.0,446.0,30.01590684795387
41.0,447.0,30.044571561777467
41.0,448.0,30.079229978674707
41.0,449.0,30.120082403058067
41.0,450.0,30.16734020843933
41.0,451.0,30.221226840456904
41.0,452.0,30.281979422532586
41.0,453.0,30.349849722617382
41.0,454.0,30.425105735522152
41.0,455.0,30.508032612742735
41.0,456.0,30.598934222337043
41.0,457.0,30.698134044219213
41.0,458.0,30.805976709860555
41.0,459.0,30.922828865373496
41.0,460.0,31.049080691747555
41.0,461.0,31.185146735129024
41.0,462.0,31.331467404001977
41.0,463.0,31.488509760509572
41.0,464.0,31.656768984105526
41.0,465.0,31.836769109651627
41.0,466.0,32.02906443763041
41.0,467.0,32.23424019406397
41.0,468.0,32.45291385531129
41.0,469.0,32.68573569145462
41.0,470.0,32.93338995883711
41.0,471.0,33.19659527226477
41.0,472.0,33.47610560057622
41.0,473.0,33.77271039363213
41.0,474.0,34.087235295214654
41.0,475.0,34.42054192826018
41.0,476.0,34.77352821530957
41.0,477.0,35.14712769998543
41.0,478.0,35.54230933845687
41.0,479.0,35.96007620742728
41.0,480.0,36.40146460161854
41.0,481.0,36.86754194988947
41.0,482.0,37.3594050254227
41.0,483.0,37.87817686442921
41.0,484.0,38.42500387056978
41.0,485.0,39.001051508780435
41.0,486.0,39.60750006805965
41.0,487.0,40.24553889174819
41.0,488.0,40.916360559595745
41.0,489.0,41.62115342277377
41.0,490.0,42.36109398552123
41.0,491.0,43.137337547622195
41.0,492.0,43.95100861810406
41.0,493.0,44.80318954067392
41.0,494.0,45.694908868013016
41.0,495.0,46.62712796772087
41.0,496.0,47.60072743600485
41.0,497.0,48.61649186189668
41.0,498.0,49.67509457014164
41.0,499.0,50.777080963063725
41.0,500.0,51.92285215296236
41.0,501.0,53.11264759702341
41.0,502.0,54.346528495547595
41.0,503.0,55.62436076355725
41.0,504.0,56.94579940133795
41.0,505.0,58.31027316564315
41.0,506.0,59.716971412072496
41.0,507.0,61.16483207826363
41.0,508.0,62.652532684645074
41.0,509.0,64.17848334700825
41.0,510.0,65.7408236260393
41.0,511.0,67.33742217212264
41.0,512.0,68.96588086716763
41.0,513.0,70.62354231632483
41.0,514.0,72.30750219375925
41.0,515.0,74.01462512587054
41.0,516.0,75.74156535860502
41.0,517.0,77.48479068212552
41.0,518.0,79.24061057416385
41.0,519.0,81.00520682422803
41.0,520.0,82.7746673321206
41.0,521.0,84.54502117891779
41.0,522.0,86.31227546110114
41.0,523.0,88.07245191272506
41.0,524.0,89.8216237050575
41.0,525.0,91.55595049213048
41.0,526.0,93.27171210555412
41.0,527.0,94.96533912736626
41.0,528.0,96.63344085977555
41.0,529.0,98.27282917154878
41.0,530.0,99.88053892066128
41.0,531.0,101.45384373082743
41.0,532.0,102.99026801997113
41.0,533.0,104.48759435489046
41.0,534.0,105.9438672011294
41.0,535.0,107.35739239796618
41.0,536.0,108.72673353893393
41.0,537.0,110.05070477900242
41.0,538.0,111.32836128651171
41.0,539.0,112.55898698223098
41.0,540.0,113.74208075007591
41.0,541.0,114.87734082199152
41.0,542.0,115.96464843076744
41.0,543.0,117.00405044952146
41.0,544.0,117.99574198285227
41.0,545.0,118.94004862019867
41.0,546.0,119.83740916864795
41.0,547.0,120.68835856038882
41.0,548.0,121.49351160070134
41.0,549.0,122.25354724194881
41.0,550.0,122.9691939049527
41.0,551.0,123.64121553680823
41.0,552.0,124.27039879447605
41.0,553.0,124.85754106345752
41.0,554.0,125.4034395831365
41.0,555.0,125.90888142515591
41.0,556.0,126.3746344922441
41.0,557.0,126.80143933595053
41.0,558.0,127.19000186804124
41.0,559.0,127.54098682844958
41.0,560.0,127.85501200079617
41.0,561.0,128.1326431122939
41.0,562.0,128.37438933174562
41.0,563.0,128.5806993832477
41.0,564.0,128.75195811632452
41.0,565.0,128.8884836356326
41.0,566.0,128.99052476069642
41.0,567.0,129.05825900743068
41.0,568.0,129.09179079326105
41.0,569.0,129.09115014813295
41.0,570.0,129.05629156550302
41.0,571.0,128.98709336725688
41.0,572.0,128.88335714950864
41.0,573.0,128.74480777546069
41.0,574.0,128.57109341557089
41.0,575.0,128.3617861936322
41.0,576.0,128.11638287267647
41.0,577.0,127.83430623156437
41.0,578.0,127.5149065001234
41.0,579.0,127.15746359533594
41.0,580.0,126.7611894604298
41.0,581.0,126.32523133973339
41.0,582.0,125.84867522465734
41.0,583.0,125.33055039173291
41.0,584.0,124.76983420016201
41.0,585.0,124.16545815410198
41.0,586.0,123.51631432634557
41.0,587.0,122.82126322707322
41.0,588.0,122.0791421385628
41.0,589.0,121.28877506945315
41.0,590.0,120.44898326597416
41.0,591.0,119.5585974918566
41.0,592.0,118.61647091997182
41.0,593.0,117.62149389014783
41.0,594.0,116.57260926767285
41.0,595.0,115.4688296809304
41.0,596.0,114.3092552472979
41.0,597.0,113.09309306879527
41.0,598.0,111.81967696345885
41.0,599.0,110.48848869621514
41.0,600.0,109.09917901653262
41.0,601.0,107.65158973234057
41.0,602.0,106.14577496024484
41.0,603.0,104.58202274032729
41.0,604.0,102.96087499275781
41.0,605.0,101.28314697234757
41.0,606.0,99.5499440591334
41.0,607.0,97.76267703963163
41.0,608.0,95.92307362510324
41.0,609.0,94.0331874150078
41.0,610.0,92.09540203161663
41.0,611.0,90.11243176405654
41.0,612.0,88.08731651626326
41.0,613.0,86.02341261486232
41.0,614.0,83.92437743194094
41.0,615.0,81.7941496772209
41.0,616.0,79.63692354931491
41.0,617.0,77.45711895051134
41.0,618.0,75.2593462236268
41.0,619.0,73.0483679670745
41.0,620.0,70.82905663320534
41.0,621.0,68.60635075940745
41.0,622.0,66.38520870171723
41.0,623.0,64.17056290071369
41.0,624.0,61.96727358690015
41.0,625.0,59.780084989916574
41.0,626.0,57.61358285200214
41.0,627.0,55.47215619887052
41.0,628.0,53.35996193446633
41.0,629.0,51.28089498841639
41.0,630.0,49.2385622670305
41.0,631.0,47.23626285375799
41.0,632.0,45.276972372240195
41.0,633.0,43.3633336764537
41.0,634.0,41.497651477829564
41.0,635.0,39.681892843524906
41.0,636.0,37.91769094711378
41.0,637.0,36.20635385587718
41.0,638.0,34.54887559979974
41.0,639.0,32.945951243610935
41.0,640.0,31.397993160266964
41.0,641.0,29.905150240350263
41.0,642.0,28.467327261103577
41.0,643.0,27.084206217099194
41.0,644.0,25.755266909714496
41.0,645.0,24.479808694892053
41.0,646.0,23.25697078430603
41.0,647.0,22.085753105154183
41.0,648.0,20.965035217025118
41.0,649.0,19.893595389041618
41.0,650.0,18.87012743153435
41.0,651.0,17.893257465956996
41.0,652.0,16.96155830869296
41.0,653.0,16.07356371127107
41.0,654.0,15.227780197503881
41.0,655.0,14.422698776922484
41.0,656.0,13.65680432440982
41.0,657.0,12.928584922498178
41.0,658.0,12.236538992937135
41.0,659.0,11.5791825146528
41.0,660.0,10.955054182149668
41.0,661.0,10.362720789260532
41.0,662.0,9.8007807138255
41.0,663.0,9.267867766382981
41.0,664.0,8.762653296944622
41.0,665.0,8.28384879421139
41.0,666.0,7.830206889015146
41.0,667.0,7.400522962793254
41.0,668.0,6.993635291457597
41.0,669.0,6.608425888591782
41.0,670.0,6.243819998882986
41.0,671.0,5.898786366541495
41.0,672.0,5.572336252799548
41.0,673.0,5.26352328639959
41.0,674.0,4.971442147338221
41.0,675.0,4.695228125646391
41.0,676.0,4.434055584759146
41.0,677.0,4.1871373280316275
41.0,678.0,3.95372293032713
41.0,679.0,3.733097988991709
41.0,680.0,3.5245823914802967
41.0,681.0,3.3275295086962413
41.0,682.0,3.1413244494457944
41.0,683.0,2.9653832387801415
41.0,684.0,2.7991510963684725
41.0,685.0,2.6421016303099245
41.0,686.0,2.4937351656784403
41.0,687.0,2.3535779747304453
41.0,688.0,2.221180673437486
41.0,689.0,2.0961175016533464
41.0,690.0,1.9779847989839434
41.0,691.0,1.866400342889289
41.0,692.0,1.761001910364573
41.0,693.0,1.6614466777850965
41.0,694.0,1.567409871262512
41.0,695.0,1.478584228996092
41.0,696.0,1.394678740551548
41.0,697.0,1.3154181703125833
41.0,698.0,1.2405418840831683
41.0,699.0,1.1698034307379905
41.0,700.0,1.1029694532919931
41.0,701.0,1.0398193248655003
41.0,702.0,0.9801441405531883
41.0,703.0,0.9237464032211982
41.0,704.0,0.8704390920279006
41.0,705.0,0.8200453932556646
41.0,706.0,0.7723978410991101
41.0,707.0,0.7273380886252617
41.0,708.0,0.6847161163828959
41.0,709.0,0.6443900386214573
41.0,710.0,0.6062253753350655
41.0,711.0,0.5700948890069883
41.0,712.0,0.5358779158440248
41.0,713.0,0.5034602285149176
41.0,714.0,0.47273342252523665
41.0,715.0,0.44359480065903123
41.0,716.0,0.4159468106687668
41.0,717.0,0.3896969473906849
41.0,718.0,0.3647572381624712
41.0,719.0,0.34104415885033246
41.0,720.0,0.31847816364709425
41.0,721.0,0.2969836115129696
41.0,722.0,0.2764883372403264
41.0,723.0,0.25692358506354357
41.0,724.0,0.2382236180979292
41.0,725.0,0.22032565611218405
41.0,726.0,0.2031695206539718
41.0,727.0,0.18669757419821015
41.0,728.0,0.1708543984580586
41.0,729.0,0.15558673232159542
41.0,730.0,0.14084318101295001
41.0,731.0,0.12657415040779424
41.0,732.0,0.11273158485415519
41.0,733.0,0.09926889561302717
41.0,734.0,0.08614072527167065
41.0,735.0,0.07330286818938951
41.0,736.0,0.06071205953776479
41.0,737.0,0.04832588574332778
41.0,738.0,0.03610259626927188
41.0,739.0,0.024001002136594264
41.0,740.0,0.011980308620533146
41.0,741.0,0.0
